{"copyrights": ["GraphHopper", "OpenStreetMap contributors"], "job_id": "5febe218-e0de-4d72-9ca6-ea4796e70cd9", "status": "finished", "waiting_time_in_queue": 0, "processing_time": 167, "solution": {"costs": 380, "distance": 2067, "time": 1980, "transport_time": 1980, "completion_time": 22380, "max_operation_time": 22380, "waiting_time": 0, "service_duration": 20400, "preparation_time": 0, "no_vehicles": 1, "no_unassigned": 0, "routes": [{"vehicle_id": "my_vehicle", "shift_id": "default-shift", "distance": 2067, "transport_time": 1980, "completion_time": 22380, "waiting_time": 0, "service_duration": 20400, "preparation_time": 0, "activities": [{"type": "start", "location_id": "1802288000", "address": {"location_id": "1802288000", "lat": 42.27354951, "lon": -71.10045457}, "arr_time": 1676278800, "arr_date_time": "2023-02-13T04:00:00-05:00", "end_time": 1676278800, "end_date_time": "2023-02-13T04:00:00-05:00", "waiting_time": 0, "distance": 0, "driving_time": 0, "preparation_time": 0, "load_after": [0]}, {"type": "service", "id": "1802279000_29", "location_id": "1802279000", "address": {"location_id": "1802279000", "lat": 42.27329979, "lon": -71.10003622}, "arr_time": 1676278800, "arr_date_time": "2023-02-13T04:00:00-05:00", "end_time": 1676279100, "end_date_time": "2023-02-13T04:05:00-05:00", "waiting_time": 0, "distance": 0, "driving_time": 0, "preparation_time": 0, "load_before": [0], "load_after": [0]}, {"type": "service", "id": "1802278000_28", "location_id": "1802278000", "address": {"location_id": "1802278000", "lat": 42.27319615, "lon": -71.10015987}, "arr_time": 1676279116, "arr_date_time": "2023-02-13T04:05:16-05:00", "end_time": 1676279416, "end_date_time": "2023-02-13T04:10:16-05:00", "waiting_time": 0, "distance": 17, "driving_time": 16, "preparation_time": 0, "load_before": [0], "load_after": [0]}, {"type": "service", "id": "1802277000_27", "location_id": "1802277000", "address": {"location_id": "1802277000", "lat": 42.27307711, "lon": -71.10028084}, "arr_time": 1676279432, "arr_date_time": "2023-02-13T04:10:32-05:00", "end_time": 1676279732, "end_date_time": "2023-02-13T04:15:32-05:00", "waiting_time": 0, "distance": 34, "driving_time": 32, "preparation_time": 0, "load_before": [0], "load_after": [0]}, {"type": "service", "id": "1802290000_30", "location_id": "1802290000", "address": {"location_id": "1802290000", "lat": 42.27323626, "lon": -71.10077415}, "arr_time": 1676279740, "arr_date_time": "2023-02-13T04:15:40-05:00", "end_time": 1676280040, "end_date_time": "2023-02-13T04:20:40-05:00", "waiting_time": 0, "distance": 43, "driving_time": 40, "preparation_time": 0, "load_before": [0], "load_after": [0]}, {"type": "service", "id": "1802737000_56", "location_id": "1802737000", "address": {"location_id": "1802737000", "lat": 42.27264737, "lon": -71.10069821}, "arr_time": 1676280087, "arr_date_time": "2023-02-13T04:21:27-05:00", "end_time": 1676280387, "end_date_time": "2023-02-13T04:26:27-05:00", "waiting_time": 0, "distance": 91, "driving_time": 87, "preparation_time": 0, "load_before": [0], "load_after": [0]}, {"type": "service", "id": "1802733000_53", "location_id": "1802733000", "address": {"location_id": "1802733000", "lat": 42.27288023, "lon": -71.10113162}, "arr_time": 1676280389, "arr_date_time": "2023-02-13T04:26:29-05:00", "end_time": 1676280689, "end_date_time": "2023-02-13T04:31:29-05:00", "waiting_time": 0, "distance": 94, "driving_time": 89, "preparation_time": 0, "load_before": [0], "load_after": [0]}, {"type": "service", "id": "1802736000_55", "location_id": "1802736000", "address": {"location_id": "1802736000", "lat": 42.27256744, "lon": -71.10078646}, "arr_time": 1676280697, "arr_date_time": "2023-02-13T04:31:37-05:00", "end_time": 1676280997, "end_date_time": "2023-02-13T04:36:37-05:00", "waiting_time": 0, "distance": 103, "driving_time": 97, "preparation_time": 0, "load_before": [0], "load_after": [0]}, {"type": "service", "id": "1802735000_54", "location_id": "1802735000", "address": {"location_id": "1802735000", "lat": 42.27247676, "lon": -71.10087045}, "arr_time": 1676280997, "arr_date_time": "2023-02-13T04:36:37-05:00", "end_time": 1676281297, "end_date_time": "2023-02-13T04:41:37-05:00", "waiting_time": 0, "distance": 103, "driving_time": 97, "preparation_time": 0, "load_before": [0], "load_after": [0]}, {"type": "service", "id": "1802722000_51", "location_id": "1802722000", "address": {"location_id": "1802722000", "lat": 42.27249317, "lon": -71.1020488}, "arr_time": 1676281511, "arr_date_time": "2023-02-13T04:45:11-05:00", "end_time": 1676281811, "end_date_time": "2023-02-13T04:50:11-05:00", "waiting_time": 0, "distance": 326, "driving_time": 311, "preparation_time": 0, "load_before": [0], "load_after": [0]}, {"type": "service", "id": "1802723001_52", "location_id": "1802723001", "address": {"location_id": "1802723001", "lat": 42.27220701, "lon": -71.10183604}, "arr_time": 1676281839, "arr_date_time": "2023-02-13T04:50:39-05:00", "end_time": 1676282139, "end_date_time": "2023-02-13T04:55:39-05:00", "waiting_time": 0, "distance": 355, "driving_time": 339, "preparation_time": 0, "load_before": [0], "load_after": [0]}, {"type": "service", "id": "1802720000_50", "location_id": "1802720000", "address": {"location_id": "1802720000", "lat": 42.27236355, "lon": -71.10217786}, "arr_time": 1676282212, "arr_date_time": "2023-02-13T04:56:52-05:00", "end_time": 1676282512, "end_date_time": "2023-02-13T05:01:52-05:00", "waiting_time": 0, "distance": 431, "driving_time": 412, "preparation_time": 0, "load_before": [0], "load_after": [0]}, {"type": "service", "id": "1802719001_49", "location_id": "1802719001", "address": {"location_id": "1802719001", "lat": 42.27218365, "lon": -71.10224612}, "arr_time": 1676282531, "arr_date_time": "2023-02-13T05:02:11-05:00", "end_time": 1676282831, "end_date_time": "2023-02-13T05:07:11-05:00", "waiting_time": 0, "distance": 450, "driving_time": 431, "preparation_time": 0, "load_before": [0], "load_after": [0]}, {"type": "service", "id": "1802718000_48", "location_id": "1802718000", "address": {"location_id": "1802718000", "lat": 42.2720058, "lon": -71.10233034}, "arr_time": 1676282849, "arr_date_time": "2023-02-13T05:07:29-05:00", "end_time": 1676283149, "end_date_time": "2023-02-13T05:12:29-05:00", "waiting_time": 0, "distance": 470, "driving_time": 449, "preparation_time": 0, "load_before": [0], "load_after": [0]}, {"type": "service", "id": "1802717000_47", "location_id": "1802717000", "address": {"location_id": "1802717000", "lat": 42.27186007, "lon": -71.10247}, "arr_time": 1676283173, "arr_date_time": "2023-02-13T05:12:53-05:00", "end_time": 1676283473, "end_date_time": "2023-02-13T05:17:53-05:00", "waiting_time": 0, "distance": 495, "driving_time": 473, "preparation_time": 0, "load_before": [0], "load_after": [0]}, {"type": "service", "id": "1802715000_46", "location_id": "1802715000", "address": {"location_id": "1802715000", "lat": 42.27176585, "lon": -71.10264952}, "arr_time": 1676283489, "arr_date_time": "2023-02-13T05:18:09-05:00", "end_time": 1676283789, "end_date_time": "2023-02-13T05:23:09-05:00", "waiting_time": 0, "distance": 511, "driving_time": 489, "preparation_time": 0, "load_before": [0], "load_after": [0]}, {"type": "service", "id": "1802711000_45", "location_id": "1802711000", "address": {"location_id": "1802711000", "lat": 42.2714284, "lon": -71.10295064}, "arr_time": 1676283833, "arr_date_time": "2023-02-13T05:23:53-05:00", "end_time": 1676284133, "end_date_time": "2023-02-13T05:28:53-05:00", "waiting_time": 0, "distance": 557, "driving_time": 533, "preparation_time": 0, "load_before": [0], "load_after": [0]}, {"type": "service", "id": "1802710000_44", "location_id": "1802710000", "address": {"location_id": "1802710000", "lat": 42.27120579, "lon": -71.10307433}, "arr_time": 1676284159, "arr_date_time": "2023-02-13T05:29:19-05:00", "end_time": 1676284459, "end_date_time": "2023-02-13T05:34:19-05:00", "waiting_time": 0, "distance": 584, "driving_time": 559, "preparation_time": 0, "load_before": [0], "load_after": [0]}, {"type": "service", "id": "1802707011_43", "location_id": "1802707011", "address": {"location_id": "1802707011", "lat": 42.2713324, "lon": -71.10247888}, "arr_time": 1676284600, "arr_date_time": "2023-02-13T05:36:40-05:00", "end_time": 1676284900, "end_date_time": "2023-02-13T05:41:40-05:00", "waiting_time": 0, "distance": 731, "driving_time": 700, "preparation_time": 0, "load_before": [0], "load_after": [0]}, {"type": "service", "id": "1802751050_65", "location_id": "1802751050", "address": {"location_id": "1802751050", "lat": 42.27118585, "lon": -71.10204945}, "arr_time": 1676284908, "arr_date_time": "2023-02-13T05:41:48-05:00", "end_time": 1676285208, "end_date_time": "2023-02-13T05:46:48-05:00", "waiting_time": 0, "distance": 739, "driving_time": 708, "preparation_time": 0, "load_before": [0], "load_after": [0]}, {"type": "service", "id": "1802707010_42", "location_id": "1802707010", "address": {"location_id": "1802707010", "lat": 42.27147638, "lon": -71.102323}, "arr_time": 1676285219, "arr_date_time": "2023-02-13T05:46:59-05:00", "end_time": 1676285519, "end_date_time": "2023-02-13T05:51:59-05:00", "waiting_time": 0, "distance": 750, "driving_time": 719, "preparation_time": 0, "load_before": [0], "load_after": [0]}, {"type": "service", "id": "1802751060_66", "location_id": "1802751060", "address": {"location_id": "1802751060", "lat": 42.27130211, "lon": -71.10190367}, "arr_time": 1676285525, "arr_date_time": "2023-02-13T05:52:05-05:00", "end_time": 1676285825, "end_date_time": "2023-02-13T05:57:05-05:00", "waiting_time": 0, "distance": 757, "driving_time": 725, "preparation_time": 0, "load_before": [0], "load_after": [0]}, {"type": "service", "id": "1802707009_41", "location_id": "1802707009", "address": {"location_id": "1802707009", "lat": 42.2716169, "lon": -71.10216716}, "arr_time": 1676285839, "arr_date_time": "2023-02-13T05:57:19-05:00", "end_time": 1676286139, "end_date_time": "2023-02-13T06:02:19-05:00", "waiting_time": 0, "distance": 770, "driving_time": 739, "preparation_time": 0, "load_before": [0], "load_after": [0]}, {"type": "service", "id": "1802751070_67", "location_id": "1802751070", "address": {"location_id": "1802751070", "lat": 42.27143011, "lon": -71.10176223}, "arr_time": 1676286143, "arr_date_time": "2023-02-13T06:02:23-05:00", "end_time": 1676286443, "end_date_time": "2023-02-13T06:07:23-05:00", "waiting_time": 0, "distance": 775, "driving_time": 743, "preparation_time": 0, "load_before": [0], "load_after": [0]}, {"type": "service", "id": "1802707008_40", "location_id": "1802707008", "address": {"location_id": "1802707008", "lat": 42.27168271, "lon": -71.10199104}, "arr_time": 1676286453, "arr_date_time": "2023-02-13T06:07:33-05:00", "end_time": 1676286753, "end_date_time": "2023-02-13T06:12:33-05:00", "waiting_time": 0, "distance": 786, "driving_time": 753, "preparation_time": 0, "load_before": [0], "load_after": [0]}, {"type": "service", "id": "1802751080_68", "location_id": "1802751080", "address": {"location_id": "1802751080", "lat": 42.27151815, "lon": -71.10159425}, "arr_time": 1676286759, "arr_date_time": "2023-02-13T06:12:39-05:00", "end_time": 1676287059, "end_date_time": "2023-02-13T06:17:39-05:00", "waiting_time": 0, "distance": 791, "driving_time": 759, "preparation_time": 0, "load_before": [0], "load_after": [0]}, {"type": "service", "id": "1802707007_39", "location_id": "1802707007", "address": {"location_id": "1802707007", "lat": 42.27187202, "lon": -71.10188125}, "arr_time": 1676287075, "arr_date_time": "2023-02-13T06:17:55-05:00", "end_time": 1676287375, "end_date_time": "2023-02-13T06:22:55-05:00", "waiting_time": 0, "distance": 808, "driving_time": 775, "preparation_time": 0, "load_before": [0], "load_after": [0]}, {"type": "service", "id": "1802707003_38", "location_id": "1802707003", "address": {"location_id": "1802707003", "lat": 42.27235576, "lon": -71.10125532}, "arr_time": 1676287429, "arr_date_time": "2023-02-13T06:23:49-05:00", "end_time": 1676287729, "end_date_time": "2023-02-13T06:28:49-05:00", "waiting_time": 0, "distance": 865, "driving_time": 829, "preparation_time": 0, "load_before": [0], "load_after": [0]}, {"type": "service", "id": "1802707002_37", "location_id": "1802707002", "address": {"location_id": "1802707002", "lat": 42.27230328, "lon": -71.10100454}, "arr_time": 1676287740, "arr_date_time": "2023-02-13T06:29:00-05:00", "end_time": 1676288040, "end_date_time": "2023-02-13T06:34:00-05:00", "waiting_time": 0, "distance": 876, "driving_time": 840, "preparation_time": 0, "load_before": [0], "load_after": [0]}, {"type": "service", "id": "1802707001_36", "location_id": "1802707001", "address": {"location_id": "1802707001", "lat": 42.27222137, "lon": -71.10081303}, "arr_time": 1676288053, "arr_date_time": "2023-02-13T06:34:13-05:00", "end_time": 1676288353, "end_date_time": "2023-02-13T06:39:13-05:00", "waiting_time": 0, "distance": 890, "driving_time": 853, "preparation_time": 0, "load_before": [0], "load_after": [0]}, {"type": "service", "id": "1802739000_57", "location_id": "1802739000", "address": {"location_id": "1802739000", "lat": 42.27187172, "lon": -71.10085566}, "arr_time": 1676288373, "arr_date_time": "2023-02-13T06:39:33-05:00", "end_time": 1676288673, "end_date_time": "2023-02-13T06:44:33-05:00", "waiting_time": 0, "distance": 910, "driving_time": 873, "preparation_time": 0, "load_before": [0], "load_after": [0]}, {"type": "service", "id": "1802707000_35", "location_id": "1802707000", "address": {"location_id": "1802707000", "lat": 42.27205212, "lon": -71.10065502}, "arr_time": 1676288675, "arr_date_time": "2023-02-13T06:44:35-05:00", "end_time": 1676288975, "end_date_time": "2023-02-13T06:49:35-05:00", "waiting_time": 0, "distance": 911, "driving_time": 875, "preparation_time": 0, "load_before": [0], "load_after": [0]}, {"type": "service", "id": "1802705000_33", "location_id": "1802705000", "address": {"location_id": "1802705000", "lat": 42.27231329, "lon": -71.10055917}, "arr_time": 1676289035, "arr_date_time": "2023-02-13T06:50:35-05:00", "end_time": 1676289335, "end_date_time": "2023-02-13T06:55:35-05:00", "waiting_time": 0, "distance": 974, "driving_time": 935, "preparation_time": 0, "load_before": [0], "load_after": [0]}, {"type": "service", "id": "1802267000_21", "location_id": "1802267000", "address": {"location_id": "1802267000", "lat": 42.27204647, "lon": -71.10005191}, "arr_time": 1676289335, "arr_date_time": "2023-02-13T06:55:35-05:00", "end_time": 1676289635, "end_date_time": "2023-02-13T07:00:35-05:00", "waiting_time": 0, "distance": 974, "driving_time": 935, "preparation_time": 0, "load_before": [0], "load_after": [0]}, {"type": "service", "id": "1802270000_22", "location_id": "1802270000", "address": {"location_id": "1802270000", "lat": 42.27237041, "lon": -71.09972588}, "arr_time": 1676289675, "arr_date_time": "2023-02-13T07:01:15-05:00", "end_time": 1676289975, "end_date_time": "2023-02-13T07:06:15-05:00", "waiting_time": 0, "distance": 1016, "driving_time": 975, "preparation_time": 0, "load_before": [0], "load_after": [0]}, {"type": "service", "id": "1802702000_31", "location_id": "1802702000", "address": {"location_id": "1802702000", "lat": 42.27255305, "lon": -71.10025003}, "arr_time": 1676290007, "arr_date_time": "2023-02-13T07:06:47-05:00", "end_time": 1676290307, "end_date_time": "2023-02-13T07:11:47-05:00", "waiting_time": 0, "distance": 1049, "driving_time": 1007, "preparation_time": 0, "load_before": [0], "load_after": [0]}, {"type": "service", "id": "1802275001_26", "location_id": "1802275001", "address": {"location_id": "1802275001", "lat": 42.27285331, "lon": -71.10015707}, "arr_time": 1676290319, "arr_date_time": "2023-02-13T07:11:59-05:00", "end_time": 1676290619, "end_date_time": "2023-02-13T07:16:59-05:00", "waiting_time": 0, "distance": 1062, "driving_time": 1019, "preparation_time": 0, "load_before": [0], "load_after": [0]}, {"type": "service", "id": "1802703000_32", "location_id": "1802703000", "address": {"location_id": "1802703000", "lat": 42.27246634, "lon": -71.10034965}, "arr_time": 1676290631, "arr_date_time": "2023-02-13T07:17:11-05:00", "end_time": 1676290931, "end_date_time": "2023-02-13T07:22:11-05:00", "waiting_time": 0, "distance": 1074, "driving_time": 1031, "preparation_time": 0, "load_before": [0], "load_after": [0]}, {"type": "service", "id": "1802271000_23", "location_id": "1802271000", "address": {"location_id": "1802271000", "lat": 42.27250798, "lon": -71.09958592}, "arr_time": 1676290972, "arr_date_time": "2023-02-13T07:22:52-05:00", "end_time": 1676291272, "end_date_time": "2023-02-13T07:27:52-05:00", "waiting_time": 0, "distance": 1117, "driving_time": 1072, "preparation_time": 0, "load_before": [0], "load_after": [0]}, {"type": "service", "id": "1802272000_24", "location_id": "1802272000", "address": {"location_id": "1802272000", "lat": 42.27261954, "lon": -71.09946957}, "arr_time": 1676291287, "arr_date_time": "2023-02-13T07:28:07-05:00", "end_time": 1676291587, "end_date_time": "2023-02-13T07:33:07-05:00", "waiting_time": 0, "distance": 1133, "driving_time": 1087, "preparation_time": 0, "load_before": [0], "load_after": [0]}, {"type": "service", "id": "1802274000_25", "location_id": "1802274000", "address": {"location_id": "1802274000", "lat": 42.27297199, "lon": -71.09985417}, "arr_time": 1676291599, "arr_date_time": "2023-02-13T07:33:19-05:00", "end_time": 1676291899, "end_date_time": "2023-02-13T07:38:19-05:00", "waiting_time": 0, "distance": 1146, "driving_time": 1099, "preparation_time": 0, "load_before": [0], "load_after": [0]}, {"type": "service", "id": "1802706000_34", "location_id": "1802706000", "address": {"location_id": "1802706000", "lat": 42.27215776, "lon": -71.10054575}, "arr_time": 1676292001, "arr_date_time": "2023-02-13T07:40:01-05:00", "end_time": 1676292301, "end_date_time": "2023-02-13T07:45:01-05:00", "waiting_time": 0, "distance": 1253, "driving_time": 1201, "preparation_time": 0, "load_before": [0], "load_after": [0]}, {"type": "service", "id": "1802263000_20", "location_id": "1802263000", "address": {"location_id": "1802263000", "lat": 42.27152487, "lon": -71.1005794}, "arr_time": 1676292357, "arr_date_time": "2023-02-13T07:45:57-05:00", "end_time": 1676292657, "end_date_time": "2023-02-13T07:50:57-05:00", "waiting_time": 0, "distance": 1312, "driving_time": 1257, "preparation_time": 0, "load_before": [0], "load_after": [0]}, {"type": "service", "id": "1802740000_58", "location_id": "1802740000", "address": {"location_id": "1802740000", "lat": 42.27170166, "lon": -71.10103345}, "arr_time": 1676292663, "arr_date_time": "2023-02-13T07:51:03-05:00", "end_time": 1676292963, "end_date_time": "2023-02-13T07:56:03-05:00", "waiting_time": 0, "distance": 1318, "driving_time": 1263, "preparation_time": 0, "load_before": [0], "load_after": [0]}, {"type": "service", "id": "1802262000_19", "location_id": "1802262000", "address": {"location_id": "1802262000", "lat": 42.27142799, "lon": -71.10065364}, "arr_time": 1676292969, "arr_date_time": "2023-02-13T07:56:09-05:00", "end_time": 1676293269, "end_date_time": "2023-02-13T08:01:09-05:00", "waiting_time": 0, "distance": 1325, "driving_time": 1269, "preparation_time": 0, "load_before": [0], "load_after": [0]}, {"type": "service", "id": "1802261000_18", "location_id": "1802261000", "address": {"location_id": "1802261000", "lat": 42.27134062, "lon": -71.10074123}, "arr_time": 1676293281, "arr_date_time": "2023-02-13T08:01:21-05:00", "end_time": 1676293581, "end_date_time": "2023-02-13T08:06:21-05:00", "waiting_time": 0, "distance": 1337, "driving_time": 1281, "preparation_time": 0, "load_before": [0], "load_after": [0]}, {"type": "service", "id": "1802742000_59", "location_id": "1802742000", "address": {"location_id": "1802742000", "lat": 42.27152332, "lon": -71.10121703}, "arr_time": 1676293587, "arr_date_time": "2023-02-13T08:06:27-05:00", "end_time": 1676293887, "end_date_time": "2023-02-13T08:11:27-05:00", "waiting_time": 0, "distance": 1343, "driving_time": 1287, "preparation_time": 0, "load_before": [0], "load_after": [0]}, {"type": "service", "id": "1802260000_17", "location_id": "1802260000", "address": {"location_id": "1802260000", "lat": 42.27125342, "lon": -71.10083504}, "arr_time": 1676293893, "arr_date_time": "2023-02-13T08:11:33-05:00", "end_time": 1676294193, "end_date_time": "2023-02-13T08:16:33-05:00", "waiting_time": 0, "distance": 1349, "driving_time": 1293, "preparation_time": 0, "load_before": [0], "load_after": [0]}, {"type": "service", "id": "1802743000_60", "location_id": "1802743000", "address": {"location_id": "1802743000", "lat": 42.2714349, "lon": -71.10130834}, "arr_time": 1676294199, "arr_date_time": "2023-02-13T08:16:39-05:00", "end_time": 1676294499, "end_date_time": "2023-02-13T08:21:39-05:00", "waiting_time": 0, "distance": 1355, "driving_time": 1299, "preparation_time": 0, "load_before": [0], "load_after": [0]}, {"type": "service", "id": "1802744000_61", "location_id": "1802744000", "address": {"location_id": "1802744000", "lat": 42.27135038, "lon": -71.10138718}, "arr_time": 1676294508, "arr_date_time": "2023-02-13T08:21:48-05:00", "end_time": 1676294808, "end_date_time": "2023-02-13T08:26:48-05:00", "waiting_time": 0, "distance": 1364, "driving_time": 1308, "preparation_time": 0, "load_before": [0], "load_after": [0]}, {"type": "service", "id": "1802258000_16", "location_id": "1802258000", "address": {"location_id": "1802258000", "lat": 42.27106754, "lon": -71.10099842}, "arr_time": 1676294819, "arr_date_time": "2023-02-13T08:26:59-05:00", "end_time": 1676295119, "end_date_time": "2023-02-13T08:31:59-05:00", "waiting_time": 0, "distance": 1375, "driving_time": 1319, "preparation_time": 0, "load_before": [0], "load_after": [0]}, {"type": "service", "id": "1802746000_62", "location_id": "1802746000", "address": {"location_id": "1802746000", "lat": 42.27117353, "lon": -71.10155217}, "arr_time": 1676295128, "arr_date_time": "2023-02-13T08:32:08-05:00", "end_time": 1676295428, "end_date_time": "2023-02-13T08:37:08-05:00", "waiting_time": 0, "distance": 1385, "driving_time": 1328, "preparation_time": 0, "load_before": [0], "load_after": [0]}, {"type": "service", "id": "1802256000_15", "location_id": "1802256000", "address": {"location_id": "1802256000", "lat": 42.27092354, "lon": -71.1011151}, "arr_time": 1676295437, "arr_date_time": "2023-02-13T08:37:17-05:00", "end_time": 1676295737, "end_date_time": "2023-02-13T08:42:17-05:00", "waiting_time": 0, "distance": 1395, "driving_time": 1337, "preparation_time": 0, "load_before": [0], "load_after": [0]}, {"type": "service", "id": "1802747000_63", "location_id": "1802747000", "address": {"location_id": "1802747000", "lat": 42.27105872, "lon": -71.10159872}, "arr_time": 1676295740, "arr_date_time": "2023-02-13T08:42:20-05:00", "end_time": 1676296040, "end_date_time": "2023-02-13T08:47:20-05:00", "waiting_time": 0, "distance": 1398, "driving_time": 1340, "preparation_time": 0, "load_before": [0], "load_after": [0]}, {"type": "service", "id": "1802748000_64", "location_id": "1802748000", "address": {"location_id": "1802748000", "lat": 42.2708456, "lon": -71.10158872}, "arr_time": 1676296059, "arr_date_time": "2023-02-13T08:47:39-05:00", "end_time": 1676296359, "end_date_time": "2023-02-13T08:52:39-05:00", "waiting_time": 0, "distance": 1418, "driving_time": 1359, "preparation_time": 0, "load_before": [0], "load_after": [0]}, {"type": "service", "id": "1801893000_01", "location_id": "1801893000", "address": {"location_id": "1801893000", "lat": 42.27070763, "lon": -71.1002203}, "arr_time": 1676296481, "arr_date_time": "2023-02-13T08:54:41-05:00", "end_time": 1676296781, "end_date_time": "2023-02-13T08:59:41-05:00", "waiting_time": 0, "distance": 1546, "driving_time": 1481, "preparation_time": 0, "load_before": [0], "load_after": [0]}, {"type": "service", "id": "1801893001_02", "location_id": "1801893001", "address": {"location_id": "1801893001", "lat": 42.27077102, "lon": -71.10002205}, "arr_time": 1676296796, "arr_date_time": "2023-02-13T08:59:56-05:00", "end_time": 1676297096, "end_date_time": "2023-02-13T09:04:56-05:00", "waiting_time": 0, "distance": 1561, "driving_time": 1496, "preparation_time": 0, "load_before": [0], "load_after": [0]}, {"type": "service", "id": "1801893003_04", "location_id": "1801893003", "address": {"location_id": "1801893003", "lat": 42.27104304, "lon": -71.09976814}, "arr_time": 1676297147, "arr_date_time": "2023-02-13T09:05:47-05:00", "end_time": 1676297447, "end_date_time": "2023-02-13T09:10:47-05:00", "waiting_time": 0, "distance": 1614, "driving_time": 1547, "preparation_time": 0, "load_before": [0], "load_after": [0]}, {"type": "service", "id": "1801893002_03", "location_id": "1801893002", "address": {"location_id": "1801893002", "lat": 42.27091105, "lon": -71.09989353}, "arr_time": 1676297447, "arr_date_time": "2023-02-13T09:10:47-05:00", "end_time": 1676297747, "end_date_time": "2023-02-13T09:15:47-05:00", "waiting_time": 0, "distance": 1614, "driving_time": 1547, "preparation_time": 0, "load_before": [0], "load_after": [0]}, {"type": "service", "id": "1802250000_14", "location_id": "1802250000", "address": {"location_id": "1802250000", "lat": 42.27132847, "lon": -71.10023034}, "arr_time": 1676297783, "arr_date_time": "2023-02-13T09:16:23-05:00", "end_time": 1676298083, "end_date_time": "2023-02-13T09:21:23-05:00", "waiting_time": 0, "distance": 1651, "driving_time": 1583, "preparation_time": 0, "load_before": [0], "load_after": [0]}, {"type": "service", "id": "1801897000_05", "location_id": "1801897000", "address": {"location_id": "1801897000", "lat": 42.27116902, "lon": -71.09965199}, "arr_time": 1676298095, "arr_date_time": "2023-02-13T09:21:35-05:00", "end_time": 1676298395, "end_date_time": "2023-02-13T09:26:35-05:00", "waiting_time": 0, "distance": 1664, "driving_time": 1595, "preparation_time": 0, "load_before": [0], "load_after": [0]}, {"type": "service", "id": "1802249000_13", "location_id": "1802249000", "address": {"location_id": "1802249000", "lat": 42.27148278, "lon": -71.10008277}, "arr_time": 1676298403, "arr_date_time": "2023-02-13T09:26:43-05:00", "end_time": 1676298703, "end_date_time": "2023-02-13T09:31:43-05:00", "waiting_time": 0, "distance": 1672, "driving_time": 1603, "preparation_time": 0, "load_before": [0], "load_after": [0]}, {"type": "service", "id": "1802248000_12", "location_id": "1802248000", "address": {"location_id": "1802248000", "lat": 42.27164016, "lon": -71.0999313}, "arr_time": 1676298723, "arr_date_time": "2023-02-13T09:32:03-05:00", "end_time": 1676299023, "end_date_time": "2023-02-13T09:37:03-05:00", "waiting_time": 0, "distance": 1693, "driving_time": 1623, "preparation_time": 0, "load_before": [0], "load_after": [0]}, {"type": "service", "id": "1801899000_06", "location_id": "1801899000", "address": {"location_id": "1801899000", "lat": 42.27138821, "lon": -71.09944655}, "arr_time": 1676299023, "arr_date_time": "2023-02-13T09:37:03-05:00", "end_time": 1676299323, "end_date_time": "2023-02-13T09:42:03-05:00", "waiting_time": 0, "distance": 1693, "driving_time": 1623, "preparation_time": 0, "load_before": [0], "load_after": [0]}, {"type": "service", "id": "1802247000_11", "location_id": "1802247000", "address": {"location_id": "1802247000", "lat": 42.2717983, "lon": -71.09977749}, "arr_time": 1676299344, "arr_date_time": "2023-02-13T09:42:24-05:00", "end_time": 1676299644, "end_date_time": "2023-02-13T09:47:24-05:00", "waiting_time": 0, "distance": 1715, "driving_time": 1644, "preparation_time": 0, "load_before": [0], "load_after": [0]}, {"type": "service", "id": "1802246000_10", "location_id": "1802246000", "address": {"location_id": "1802246000", "lat": 42.27195529, "lon": -71.09962623}, "arr_time": 1676299664, "arr_date_time": "2023-02-13T09:47:44-05:00", "end_time": 1676299964, "end_date_time": "2023-02-13T09:52:44-05:00", "waiting_time": 0, "distance": 1736, "driving_time": 1664, "preparation_time": 0, "load_before": [0], "load_after": [0]}, {"type": "service", "id": "1801904000_07", "location_id": "1801904000", "address": {"location_id": "1801904000", "lat": 42.27194907, "lon": -71.09892217}, "arr_time": 1676299996, "arr_date_time": "2023-02-13T09:53:16-05:00", "end_time": 1676300296, "end_date_time": "2023-02-13T09:58:16-05:00", "waiting_time": 0, "distance": 1769, "driving_time": 1696, "preparation_time": 0, "load_before": [0], "load_after": [0]}, {"type": "service", "id": "1801906000_08", "location_id": "1801906000", "address": {"location_id": "1801906000", "lat": 42.27216879, "lon": -71.09871729}, "arr_time": 1676300324, "arr_date_time": "2023-02-13T09:58:44-05:00", "end_time": 1676300624, "end_date_time": "2023-02-13T10:03:44-05:00", "waiting_time": 0, "distance": 1799, "driving_time": 1724, "preparation_time": 0, "load_before": [0], "load_after": [0]}, {"type": "service", "id": "1802242000_09", "location_id": "1802242000", "address": {"location_id": "1802242000", "lat": 42.27242637, "lon": -71.09917572}, "arr_time": 1676300625, "arr_date_time": "2023-02-13T10:03:45-05:00", "end_time": 1676300925, "end_date_time": "2023-02-13T10:08:45-05:00", "waiting_time": 0, "distance": 1801, "driving_time": 1725, "preparation_time": 0, "load_before": [0], "load_after": [0]}, {"type": "end", "location_id": "1802288000", "address": {"location_id": "1802288000", "lat": 42.27354951, "lon": -71.10045457}, "arr_time": 1676301180, "arr_date_time": "2023-02-13T10:13:00-05:00", "end_time": 1676301180, "end_date_time": "2023-02-13T10:13:00-05:00", "waiting_time": 0, "distance": 2067, "driving_time": 1980, "preparation_time": 0, "load_before": [0]}]}], "unassigned": {"services": [], "shipments": [], "breaks": [], "details": []}}}