{"copyrights": ["GraphHopper", "OpenStreetMap contributors"], "job_id": "a780dac9-8c76-4e09-af77-9c316c04b4b9", "status": "finished", "waiting_time_in_queue": 0, "processing_time": 96, "solution": {"costs": 327, "distance": 2715, "time": 2605, "transport_time": 2605, "completion_time": 15805, "max_operation_time": 15805, "waiting_time": 0, "service_duration": 13200, "preparation_time": 0, "no_vehicles": 1, "no_unassigned": 0, "routes": [{"vehicle_id": "my_vehicle", "shift_id": "default-shift", "distance": 2715, "transport_time": 2605, "completion_time": 15805, "waiting_time": 0, "service_duration": 13200, "preparation_time": 0, "activities": [{"type": "start", "location_id": "1302418010", "address": {"location_id": "1302418010", "lat": 42.31317187, "lon": -71.05147513}, "arr_time": 1676278800, "arr_date_time": "2023-02-13T04:00:00-05:00", "end_time": 1676278800, "end_date_time": "2023-02-13T04:00:00-05:00", "waiting_time": 0, "distance": 0, "driving_time": 0, "preparation_time": 0, "load_after": [0]}, {"type": "service", "id": "1302411010_06", "location_id": "1302411010", "address": {"location_id": "1302411010", "lat": 42.31305313, "lon": -71.05108704}, "arr_time": 1676278811, "arr_date_time": "2023-02-13T04:00:11-05:00", "end_time": 1676279111, "end_date_time": "2023-02-13T04:05:11-05:00", "waiting_time": 0, "distance": 11, "driving_time": 11, "preparation_time": 0, "load_before": [0], "load_after": [0]}, {"type": "service", "id": "1302560005_30", "location_id": "1302560005", "address": {"location_id": "1302560005", "lat": 42.31245785, "lon": -71.0513425}, "arr_time": 1676279219, "arr_date_time": "2023-02-13T04:06:59-05:00", "end_time": 1676279519, "end_date_time": "2023-02-13T04:11:59-05:00", "waiting_time": 0, "distance": 124, "driving_time": 119, "preparation_time": 0, "load_before": [0], "load_after": [0]}, {"type": "service", "id": "1302420000_07", "location_id": "1302420000", "address": {"location_id": "1302420000", "lat": 42.31278735, "lon": -71.05163686}, "arr_time": 1676279561, "arr_date_time": "2023-02-13T04:12:41-05:00", "end_time": 1676279861, "end_date_time": "2023-02-13T04:17:41-05:00", "waiting_time": 0, "distance": 168, "driving_time": 161, "preparation_time": 0, "load_before": [0], "load_after": [0]}, {"type": "service", "id": "1302408000_05", "location_id": "1302408000", "address": {"location_id": "1302408000", "lat": 42.31280949, "lon": -71.05087364}, "arr_time": 1676279917, "arr_date_time": "2023-02-13T04:18:37-05:00", "end_time": 1676280217, "end_date_time": "2023-02-13T04:23:37-05:00", "waiting_time": 0, "distance": 227, "driving_time": 217, "preparation_time": 0, "load_before": [0], "load_after": [0]}, {"type": "service", "id": "1302569000_31", "location_id": "1302569000", "address": {"location_id": "1302569000", "lat": 42.31246106, "lon": -71.0506524}, "arr_time": 1676280237, "arr_date_time": "2023-02-13T04:23:57-05:00", "end_time": 1676280537, "end_date_time": "2023-02-13T04:28:57-05:00", "waiting_time": 0, "distance": 248, "driving_time": 237, "preparation_time": 0, "load_before": [0], "load_after": [0]}, {"type": "service", "id": "1302571010_32", "location_id": "1302571010", "address": {"location_id": "1302571010", "lat": 42.31245526, "lon": -71.05044938}, "arr_time": 1676280553, "arr_date_time": "2023-02-13T04:29:13-05:00", "end_time": 1676280853, "end_date_time": "2023-02-13T04:34:13-05:00", "waiting_time": 0, "distance": 265, "driving_time": 253, "preparation_time": 0, "load_before": [0], "load_after": [0]}, {"type": "service", "id": "1302379000_03", "location_id": "1302379000", "address": {"location_id": "1302379000", "lat": 42.31273707, "lon": -71.04944289}, "arr_time": 1676280936, "arr_date_time": "2023-02-13T04:35:36-05:00", "end_time": 1676281236, "end_date_time": "2023-02-13T04:40:36-05:00", "waiting_time": 0, "distance": 351, "driving_time": 336, "preparation_time": 0, "load_before": [0], "load_after": [0]}, {"type": "service", "id": "1302381000_04", "location_id": "1302381000", "address": {"location_id": "1302381000", "lat": 42.31301657, "lon": -71.0493224}, "arr_time": 1676281268, "arr_date_time": "2023-02-13T04:41:08-05:00", "end_time": 1676281568, "end_date_time": "2023-02-13T04:46:08-05:00", "waiting_time": 0, "distance": 384, "driving_time": 368, "preparation_time": 0, "load_before": [0], "load_after": [0]}, {"type": "service", "id": "1302575000_33", "location_id": "1302575000", "address": {"location_id": "1302575000", "lat": 42.3123937, "lon": -71.04955691}, "arr_time": 1676281625, "arr_date_time": "2023-02-13T04:47:05-05:00", "end_time": 1676281925, "end_date_time": "2023-02-13T04:52:05-05:00", "waiting_time": 0, "distance": 444, "driving_time": 425, "preparation_time": 0, "load_before": [0], "load_after": [0]}, {"type": "service", "id": "1302576000_34", "location_id": "1302576000", "address": {"location_id": "1302576000", "lat": 42.31238226, "lon": -71.04940524}, "arr_time": 1676281937, "arr_date_time": "2023-02-13T04:52:17-05:00", "end_time": 1676282237, "end_date_time": "2023-02-13T04:57:17-05:00", "waiting_time": 0, "distance": 457, "driving_time": 437, "preparation_time": 0, "load_before": [0], "load_after": [0]}, {"type": "service", "id": "1302365000_01", "location_id": "1302365000", "address": {"location_id": "1302365000", "lat": 42.31254196, "lon": -71.04677599}, "arr_time": 1676282473, "arr_date_time": "2023-02-13T05:01:13-05:00", "end_time": 1676282773, "end_date_time": "2023-02-13T05:06:13-05:00", "waiting_time": 0, "distance": 703, "driving_time": 673, "preparation_time": 0, "load_before": [0], "load_after": [0]}, {"type": "service", "id": "1302366000_02", "location_id": "1302366000", "address": {"location_id": "1302366000", "lat": 42.31243798, "lon": -71.047038}, "arr_time": 1676282797, "arr_date_time": "2023-02-13T05:06:37-05:00", "end_time": 1676283097, "end_date_time": "2023-02-13T05:11:37-05:00", "waiting_time": 0, "distance": 727, "driving_time": 697, "preparation_time": 0, "load_before": [0], "load_after": [0]}, {"type": "service", "id": "1302464000_11", "location_id": "1302464000", "address": {"location_id": "1302464000", "lat": 42.31063137, "lon": -71.04724627}, "arr_time": 1676283296, "arr_date_time": "2023-02-13T05:14:56-05:00", "end_time": 1676283596, "end_date_time": "2023-02-13T05:19:56-05:00", "waiting_time": 0, "distance": 934, "driving_time": 896, "preparation_time": 0, "load_before": [0], "load_after": [0]}, {"type": "service", "id": "1302592000_35", "location_id": "1302592000", "address": {"location_id": "1302592000", "lat": 42.31125328, "lon": -71.04735326}, "arr_time": 1676283656, "arr_date_time": "2023-02-13T05:20:56-05:00", "end_time": 1676283956, "end_date_time": "2023-02-13T05:25:56-05:00", "waiting_time": 0, "distance": 997, "driving_time": 956, "preparation_time": 0, "load_before": [0], "load_after": [0]}, {"type": "service", "id": "1302595000_36", "location_id": "1302595000", "address": {"location_id": "1302595000", "lat": 42.31171663, "lon": -71.04761548}, "arr_time": 1676284001, "arr_date_time": "2023-02-13T05:26:41-05:00", "end_time": 1676284301, "end_date_time": "2023-02-13T05:31:41-05:00", "waiting_time": 0, "distance": 1045, "driving_time": 1001, "preparation_time": 0, "load_before": [0], "load_after": [0]}, {"type": "service", "id": "1302597000_37", "location_id": "1302597000", "address": {"location_id": "1302597000", "lat": 42.31183265, "lon": -71.04794721}, "arr_time": 1676284323, "arr_date_time": "2023-02-13T05:32:03-05:00", "end_time": 1676284623, "end_date_time": "2023-02-13T05:37:03-05:00", "waiting_time": 0, "distance": 1067, "driving_time": 1023, "preparation_time": 0, "load_before": [0], "load_after": [0]}, {"type": "service", "id": "1302601000_38", "location_id": "1302601000", "address": {"location_id": "1302601000", "lat": 42.31198321, "lon": -71.04874886}, "arr_time": 1676284684, "arr_date_time": "2023-02-13T05:38:04-05:00", "end_time": 1676284984, "end_date_time": "2023-02-13T05:43:04-05:00", "waiting_time": 0, "distance": 1131, "driving_time": 1084, "preparation_time": 0, "load_before": [0], "load_after": [0]}, {"type": "service", "id": "1302602000_39", "location_id": "1302602000", "address": {"location_id": "1302602000", "lat": 42.31199619, "lon": -71.04882582}, "arr_time": 1676284991, "arr_date_time": "2023-02-13T05:43:11-05:00", "end_time": 1676285291, "end_date_time": "2023-02-13T05:48:11-05:00", "waiting_time": 0, "distance": 1137, "driving_time": 1091, "preparation_time": 0, "load_before": [0], "load_after": [0]}, {"type": "service", "id": "1302605000_40", "location_id": "1302605000", "address": {"location_id": "1302605000", "lat": 42.3120459, "lon": -71.04920216}, "arr_time": 1676285317, "arr_date_time": "2023-02-13T05:48:37-05:00", "end_time": 1676285617, "end_date_time": "2023-02-13T05:53:37-05:00", "waiting_time": 0, "distance": 1165, "driving_time": 1117, "preparation_time": 0, "load_before": [0], "load_after": [0]}, {"type": "service", "id": "1302514000_17", "location_id": "1302514000", "address": {"location_id": "1302514000", "lat": 42.31167249, "lon": -71.0493628}, "arr_time": 1676285629, "arr_date_time": "2023-02-13T05:53:49-05:00", "end_time": 1676285929, "end_date_time": "2023-02-13T05:58:49-05:00", "waiting_time": 0, "distance": 1177, "driving_time": 1129, "preparation_time": 0, "load_before": [0], "load_after": [0]}, {"type": "service", "id": "1302609000_41", "location_id": "1302609000", "address": {"location_id": "1302609000", "lat": 42.31202603, "lon": -71.04981559}, "arr_time": 1676285963, "arr_date_time": "2023-02-13T05:59:23-05:00", "end_time": 1676286263, "end_date_time": "2023-02-13T06:04:23-05:00", "waiting_time": 0, "distance": 1211, "driving_time": 1163, "preparation_time": 0, "load_before": [0], "load_after": [0]}, {"type": "service", "id": "1302610000_42", "location_id": "1302610000", "address": {"location_id": "1302610000", "lat": 42.31197835, "lon": -71.04997116}, "arr_time": 1676286276, "arr_date_time": "2023-02-13T06:04:36-05:00", "end_time": 1676286576, "end_date_time": "2023-02-13T06:09:36-05:00", "waiting_time": 0, "distance": 1224, "driving_time": 1176, "preparation_time": 0, "load_before": [0], "load_after": [0]}, {"type": "service", "id": "1302612000_43", "location_id": "1302612000", "address": {"location_id": "1302612000", "lat": 42.31192946, "lon": -71.05026628}, "arr_time": 1676286600, "arr_date_time": "2023-02-13T06:10:00-05:00", "end_time": 1676286900, "end_date_time": "2023-02-13T06:15:00-05:00", "waiting_time": 0, "distance": 1249, "driving_time": 1200, "preparation_time": 0, "load_before": [0], "load_after": [0]}, {"type": "service", "id": "1302507000_16", "location_id": "1302507000", "address": {"location_id": "1302507000", "lat": 42.3115726, "lon": -71.05034314}, "arr_time": 1676286913, "arr_date_time": "2023-02-13T06:15:13-05:00", "end_time": 1676287213, "end_date_time": "2023-02-13T06:20:13-05:00", "waiting_time": 0, "distance": 1263, "driving_time": 1213, "preparation_time": 0, "load_before": [0], "load_after": [0]}, {"type": "service", "id": "1302504000_15", "location_id": "1302504000", "address": {"location_id": "1302504000", "lat": 42.31132193, "lon": -71.05067437}, "arr_time": 1676287267, "arr_date_time": "2023-02-13T06:21:07-05:00", "end_time": 1676287567, "end_date_time": "2023-02-13T06:26:07-05:00", "waiting_time": 0, "distance": 1319, "driving_time": 1267, "preparation_time": 0, "load_before": [0], "load_after": [0]}, {"type": "service", "id": "1302617000_44", "location_id": "1302617000", "address": {"location_id": "1302617000", "lat": 42.31109626, "lon": -71.0518534}, "arr_time": 1676287653, "arr_date_time": "2023-02-13T06:27:33-05:00", "end_time": 1676287953, "end_date_time": "2023-02-13T06:32:33-05:00", "waiting_time": 0, "distance": 1410, "driving_time": 1353, "preparation_time": 0, "load_before": [0], "load_after": [0]}, {"type": "service", "id": "1302521001_20", "location_id": "1302521001", "address": {"location_id": "1302521001", "lat": 42.31086089, "lon": -71.05137138}, "arr_time": 1676288021, "arr_date_time": "2023-02-13T06:33:41-05:00", "end_time": 1676288321, "end_date_time": "2023-02-13T06:38:41-05:00", "waiting_time": 0, "distance": 1481, "driving_time": 1421, "preparation_time": 0, "load_before": [0], "load_after": [0]}, {"type": "service", "id": "1302521000_19", "location_id": "1302521000", "address": {"location_id": "1302521000", "lat": 42.31066326, "lon": -71.05108989}, "arr_time": 1676288352, "arr_date_time": "2023-02-13T06:39:12-05:00", "end_time": 1676288652, "end_date_time": "2023-02-13T06:44:12-05:00", "waiting_time": 0, "distance": 1513, "driving_time": 1452, "preparation_time": 0, "load_before": [0], "load_after": [0]}, {"type": "service", "id": "1302522000_21", "location_id": "1302522000", "address": {"location_id": "1302522000", "lat": 42.31092743, "lon": -71.05118165}, "arr_time": 1676288760, "arr_date_time": "2023-02-13T06:46:00-05:00", "end_time": 1676289060, "end_date_time": "2023-02-13T06:51:00-05:00", "waiting_time": 0, "distance": 1626, "driving_time": 1560, "preparation_time": 0, "load_before": [0], "load_after": [0]}, {"type": "service", "id": "1302523000_22", "location_id": "1302523000", "address": {"location_id": "1302523000", "lat": 42.31077919, "lon": -71.05078607}, "arr_time": 1676289093, "arr_date_time": "2023-02-13T06:51:33-05:00", "end_time": 1676289393, "end_date_time": "2023-02-13T06:56:33-05:00", "waiting_time": 0, "distance": 1660, "driving_time": 1593, "preparation_time": 0, "load_before": [0], "load_after": [0]}, {"type": "service", "id": "1302524000_23", "location_id": "1302524000", "address": {"location_id": "1302524000", "lat": 42.31074767, "lon": -71.05060498}, "arr_time": 1676289407, "arr_date_time": "2023-02-13T06:56:47-05:00", "end_time": 1676289707, "end_date_time": "2023-02-13T07:01:47-05:00", "waiting_time": 0, "distance": 1674, "driving_time": 1607, "preparation_time": 0, "load_before": [0], "load_after": [0]}, {"type": "service", "id": "1302525000_24", "location_id": "1302525000", "address": {"location_id": "1302525000", "lat": 42.31071257, "lon": -71.05039321}, "arr_time": 1676289724, "arr_date_time": "2023-02-13T07:02:04-05:00", "end_time": 1676290024, "end_date_time": "2023-02-13T07:07:04-05:00", "waiting_time": 0, "distance": 1692, "driving_time": 1624, "preparation_time": 0, "load_before": [0], "load_after": [0]}, {"type": "service", "id": "1302526000_25", "location_id": "1302526000", "address": {"location_id": "1302526000", "lat": 42.31060779, "lon": -71.05046166}, "arr_time": 1676290069, "arr_date_time": "2023-02-13T07:07:49-05:00", "end_time": 1676290369, "end_date_time": "2023-02-13T07:12:49-05:00", "waiting_time": 0, "distance": 1739, "driving_time": 1669, "preparation_time": 0, "load_before": [0], "load_after": [0]}, {"type": "service", "id": "1302518000_18", "location_id": "1302518000", "address": {"location_id": "1302518000", "lat": 42.31045813, "lon": -71.05054515}, "arr_time": 1676290387, "arr_date_time": "2023-02-13T07:13:07-05:00", "end_time": 1676290687, "end_date_time": "2023-02-13T07:18:07-05:00", "waiting_time": 0, "distance": 1757, "driving_time": 1687, "preparation_time": 0, "load_before": [0], "load_after": [0]}, {"type": "service", "id": "1302542000_29", "location_id": "1302542000", "address": {"location_id": "1302542000", "lat": 42.31006113, "lon": -71.05069854}, "arr_time": 1676290725, "arr_date_time": "2023-02-13T07:18:45-05:00", "end_time": 1676291025, "end_date_time": "2023-02-13T07:23:45-05:00", "waiting_time": 0, "distance": 1797, "driving_time": 1725, "preparation_time": 0, "load_before": [0], "load_after": [0]}, {"type": "service", "id": "1302527000_26", "location_id": "1302527000", "address": {"location_id": "1302527000", "lat": 42.30984401, "lon": -71.05069756}, "arr_time": 1676291057, "arr_date_time": "2023-02-13T07:24:17-05:00", "end_time": 1676291357, "end_date_time": "2023-02-13T07:29:17-05:00", "waiting_time": 0, "distance": 1830, "driving_time": 1757, "preparation_time": 0, "load_before": [0], "load_after": [0]}, {"type": "service", "id": "1302496000_14", "location_id": "1302496000", "address": {"location_id": "1302496000", "lat": 42.30969195, "lon": -71.05051481}, "arr_time": 1676291361, "arr_date_time": "2023-02-13T07:29:21-05:00", "end_time": 1676291661, "end_date_time": "2023-02-13T07:34:21-05:00", "waiting_time": 0, "distance": 1835, "driving_time": 1761, "preparation_time": 0, "load_before": [0], "load_after": [0]}, {"type": "service", "id": "1302454000_08", "location_id": "1302454000", "address": {"location_id": "1302454000", "lat": 42.30940561, "lon": -71.04934966}, "arr_time": 1676291789, "arr_date_time": "2023-02-13T07:36:29-05:00", "end_time": 1676292089, "end_date_time": "2023-02-13T07:41:29-05:00", "waiting_time": 0, "distance": 1968, "driving_time": 1889, "preparation_time": 0, "load_before": [0], "load_after": [0]}, {"type": "service", "id": "1302455001_09", "location_id": "1302455001", "address": {"location_id": "1302455001", "lat": 42.30943213, "lon": -71.04903058}, "arr_time": 1676292112, "arr_date_time": "2023-02-13T07:41:52-05:00", "end_time": 1676292412, "end_date_time": "2023-02-13T07:46:52-05:00", "waiting_time": 0, "distance": 1992, "driving_time": 1912, "preparation_time": 0, "load_before": [0], "load_after": [0]}, {"type": "service", "id": "1302456000_10", "location_id": "1302456000", "address": {"location_id": "1302456000", "lat": 42.30955335, "lon": -71.04893065}, "arr_time": 1676292425, "arr_date_time": "2023-02-13T07:47:05-05:00", "end_time": 1676292725, "end_date_time": "2023-02-13T07:52:05-05:00", "waiting_time": 0, "distance": 2006, "driving_time": 1925, "preparation_time": 0, "load_before": [0], "load_after": [0]}, {"type": "service", "id": "1302488000_12", "location_id": "1302488000", "address": {"location_id": "1302488000", "lat": 42.30999091, "lon": -71.04895068}, "arr_time": 1676292747, "arr_date_time": "2023-02-13T07:52:27-05:00", "end_time": 1676293047, "end_date_time": "2023-02-13T07:57:27-05:00", "waiting_time": 0, "distance": 2029, "driving_time": 1947, "preparation_time": 0, "load_before": [0], "load_after": [0]}, {"type": "service", "id": "1302493000_13", "location_id": "1302493000", "address": {"location_id": "1302493000", "lat": 42.30957097, "lon": -71.05003589}, "arr_time": 1676293156, "arr_date_time": "2023-02-13T07:59:16-05:00", "end_time": 1676293456, "end_date_time": "2023-02-13T08:04:16-05:00", "waiting_time": 0, "distance": 2143, "driving_time": 2056, "preparation_time": 0, "load_before": [0], "load_after": [0]}, {"type": "service", "id": "1302530000_27", "location_id": "1302530000", "address": {"location_id": "1302530000", "lat": 42.31005967, "lon": -71.05108464}, "arr_time": 1676293568, "arr_date_time": "2023-02-13T08:06:08-05:00", "end_time": 1676293868, "end_date_time": "2023-02-13T08:11:08-05:00", "waiting_time": 0, "distance": 2260, "driving_time": 2168, "preparation_time": 0, "load_before": [0], "load_after": [0]}, {"type": "service", "id": "1302531000_28", "location_id": "1302531000", "address": {"location_id": "1302531000", "lat": 42.31015506, "lon": -71.05124185}, "arr_time": 1676293885, "arr_date_time": "2023-02-13T08:11:25-05:00", "end_time": 1676294185, "end_date_time": "2023-02-13T08:16:25-05:00", "waiting_time": 0, "distance": 2277, "driving_time": 2185, "preparation_time": 0, "load_before": [0], "load_after": [0]}, {"type": "end", "location_id": "1302418010", "address": {"location_id": "1302418010", "lat": 42.31317187, "lon": -71.05147513}, "arr_time": 1676294605, "arr_date_time": "2023-02-13T08:23:25-05:00", "end_time": 1676294605, "end_date_time": "2023-02-13T08:23:25-05:00", "waiting_time": 0, "distance": 2715, "driving_time": 2605, "preparation_time": 0, "load_before": [0]}]}], "unassigned": {"services": [], "shipments": [], "breaks": [], "details": []}}}