{"copyrights": ["GraphHopper", "OpenStreetMap contributors"], "job_id": "def270e7-ea6f-4fd6-97f7-f7b37560a67f", "status": "finished", "waiting_time_in_queue": 0, "processing_time": 164, "solution": {"costs": 362, "distance": 3222, "time": 3096, "transport_time": 3096, "completion_time": 20196, "max_operation_time": 20196, "waiting_time": 0, "service_duration": 17100, "preparation_time": 0, "no_vehicles": 1, "no_unassigned": 0, "routes": [{"vehicle_id": "my_vehicle", "shift_id": "default-shift", "distance": 3222, "transport_time": 3096, "completion_time": 20196, "waiting_time": 0, "service_duration": 17100, "preparation_time": 0, "activities": [{"type": "start", "location_id": "1704618000", "address": {"location_id": "1704618000", "lat": 42.28511786, "lon": -71.07053162}, "arr_time": 1676278800, "arr_date_time": "2023-02-13T04:00:00-05:00", "end_time": 1676278800, "end_date_time": "2023-02-13T04:00:00-05:00", "waiting_time": 0, "distance": 0, "driving_time": 0, "preparation_time": 0, "load_after": [0]}, {"type": "service", "id": "1704653000_57", "location_id": "1704653000", "address": {"location_id": "1704653000", "lat": 42.28398783, "lon": -71.0710021}, "arr_time": 1676279101, "arr_date_time": "2023-02-13T04:05:01-05:00", "end_time": 1676279401, "end_date_time": "2023-02-13T04:10:01-05:00", "waiting_time": 0, "distance": 313, "driving_time": 301, "preparation_time": 0, "load_before": [0], "load_after": [0]}, {"type": "service", "id": "1704651000_56", "location_id": "1704651000", "address": {"location_id": "1704651000", "lat": 42.28403085, "lon": -71.07059078}, "arr_time": 1676279433, "arr_date_time": "2023-02-13T04:10:33-05:00", "end_time": 1676279733, "end_date_time": "2023-02-13T04:15:33-05:00", "waiting_time": 0, "distance": 346, "driving_time": 333, "preparation_time": 0, "load_before": [0], "load_after": [0]}, {"type": "service", "id": "1704650000_55", "location_id": "1704650000", "address": {"location_id": "1704650000", "lat": 42.28408477, "lon": -71.07040778}, "arr_time": 1676279749, "arr_date_time": "2023-02-13T04:15:49-05:00", "end_time": 1676280049, "end_date_time": "2023-02-13T04:20:49-05:00", "waiting_time": 0, "distance": 362, "driving_time": 349, "preparation_time": 0, "load_before": [0], "load_after": [0]}, {"type": "service", "id": "1704551000_31", "location_id": "1704551000", "address": {"location_id": "1704551000", "lat": 42.28380266, "lon": -71.07013256}, "arr_time": 1676280057, "arr_date_time": "2023-02-13T04:20:57-05:00", "end_time": 1676280357, "end_date_time": "2023-02-13T04:25:57-05:00", "waiting_time": 0, "distance": 371, "driving_time": 357, "preparation_time": 0, "load_before": [0], "load_after": [0]}, {"type": "service", "id": "1704649000_54", "location_id": "1704649000", "address": {"location_id": "1704649000", "lat": 42.28415204, "lon": -71.0701883}, "arr_time": 1676280368, "arr_date_time": "2023-02-13T04:26:08-05:00", "end_time": 1676280668, "end_date_time": "2023-02-13T04:31:08-05:00", "waiting_time": 0, "distance": 382, "driving_time": 368, "preparation_time": 0, "load_before": [0], "load_after": [0]}, {"type": "service", "id": "1704648000_53", "location_id": "1704648000", "address": {"location_id": "1704648000", "lat": 42.28422146, "lon": -71.06995663}, "arr_time": 1676280688, "arr_date_time": "2023-02-13T04:31:28-05:00", "end_time": 1676280988, "end_date_time": "2023-02-13T04:36:28-05:00", "waiting_time": 0, "distance": 403, "driving_time": 388, "preparation_time": 0, "load_before": [0], "load_after": [0]}, {"type": "service", "id": "1704647000_52", "location_id": "1704647000", "address": {"location_id": "1704647000", "lat": 42.28428365, "lon": -71.06974858}, "arr_time": 1676281005, "arr_date_time": "2023-02-13T04:36:45-05:00", "end_time": 1676281305, "end_date_time": "2023-02-13T04:41:45-05:00", "waiting_time": 0, "distance": 421, "driving_time": 405, "preparation_time": 0, "load_before": [0], "load_after": [0]}, {"type": "service", "id": "1704574000_38", "location_id": "1704574000", "address": {"location_id": "1704574000", "lat": 42.28420405, "lon": -71.06873603}, "arr_time": 1676281376, "arr_date_time": "2023-02-13T04:42:56-05:00", "end_time": 1676281676, "end_date_time": "2023-02-13T04:47:56-05:00", "waiting_time": 0, "distance": 495, "driving_time": 476, "preparation_time": 0, "load_before": [0], "load_after": [0]}, {"type": "service", "id": "1704573000_37", "location_id": "1704573000", "address": {"location_id": "1704573000", "lat": 42.2841605, "lon": -71.06856951}, "arr_time": 1676281687, "arr_date_time": "2023-02-13T04:48:07-05:00", "end_time": 1676281987, "end_date_time": "2023-02-13T04:53:07-05:00", "waiting_time": 0, "distance": 506, "driving_time": 487, "preparation_time": 0, "load_before": [0], "load_after": [0]}, {"type": "service", "id": "1704562000_32", "location_id": "1704562000", "address": {"location_id": "1704562000", "lat": 42.28441303, "lon": -71.06821555}, "arr_time": 1676282017, "arr_date_time": "2023-02-13T04:53:37-05:00", "end_time": 1676282317, "end_date_time": "2023-02-13T04:58:37-05:00", "waiting_time": 0, "distance": 538, "driving_time": 517, "preparation_time": 0, "load_before": [0], "load_after": [0]}, {"type": "service", "id": "1704590000_45", "location_id": "1704590000", "address": {"location_id": "1704590000", "lat": 42.28490639, "lon": -71.06713072}, "arr_time": 1676282427, "arr_date_time": "2023-02-13T05:00:27-05:00", "end_time": 1676282727, "end_date_time": "2023-02-13T05:05:27-05:00", "waiting_time": 0, "distance": 652, "driving_time": 627, "preparation_time": 0, "load_before": [0], "load_after": [0]}, {"type": "service", "id": "1704565000_33", "location_id": "1704565000", "address": {"location_id": "1704565000", "lat": 42.28469235, "lon": -71.06781074}, "arr_time": 1676282793, "arr_date_time": "2023-02-13T05:06:33-05:00", "end_time": 1676283093, "end_date_time": "2023-02-13T05:11:33-05:00", "waiting_time": 0, "distance": 721, "driving_time": 693, "preparation_time": 0, "load_before": [0], "load_after": [0]}, {"type": "service", "id": "1704611000_49", "location_id": "1704611000", "address": {"location_id": "1704611000", "lat": 42.28464174, "lon": -71.06748612}, "arr_time": 1676283108, "arr_date_time": "2023-02-13T05:11:48-05:00", "end_time": 1676283408, "end_date_time": "2023-02-13T05:16:48-05:00", "waiting_time": 0, "distance": 736, "driving_time": 708, "preparation_time": 0, "load_before": [0], "load_after": [0]}, {"type": "service", "id": "1704497000_13", "location_id": "1704497000", "address": {"location_id": "1704497000", "lat": 42.28406776, "lon": -71.0675204}, "arr_time": 1676283467, "arr_date_time": "2023-02-13T05:17:47-05:00", "end_time": 1676283767, "end_date_time": "2023-02-13T05:22:47-05:00", "waiting_time": 0, "distance": 797, "driving_time": 767, "preparation_time": 0, "load_before": [0], "load_after": [0]}, {"type": "service", "id": "1704517000_24", "location_id": "1704517000", "address": {"location_id": "1704517000", "lat": 42.28412691, "lon": -71.06720887}, "arr_time": 1676283771, "arr_date_time": "2023-02-13T05:22:51-05:00", "end_time": 1676284071, "end_date_time": "2023-02-13T05:27:51-05:00", "waiting_time": 0, "distance": 801, "driving_time": 771, "preparation_time": 0, "load_before": [0], "load_after": [0]}, {"type": "service", "id": "1704496000_12", "location_id": "1704496000", "address": {"location_id": "1704496000", "lat": 42.28380195, "lon": -71.0676049}, "arr_time": 1676284091, "arr_date_time": "2023-02-13T05:28:11-05:00", "end_time": 1676284391, "end_date_time": "2023-02-13T05:33:11-05:00", "waiting_time": 0, "distance": 821, "driving_time": 791, "preparation_time": 0, "load_before": [0], "load_after": [0]}, {"type": "service", "id": "1704499000_14", "location_id": "1704499000", "address": {"location_id": "1704499000", "lat": 42.28382721, "lon": -71.06738693}, "arr_time": 1676284395, "arr_date_time": "2023-02-13T05:33:15-05:00", "end_time": 1676284695, "end_date_time": "2023-02-13T05:38:15-05:00", "waiting_time": 0, "distance": 825, "driving_time": 795, "preparation_time": 0, "load_before": [0], "load_after": [0]}, {"type": "service", "id": "1704500000_15", "location_id": "1704500000", "address": {"location_id": "1704500000", "lat": 42.2836508, "lon": -71.06742326}, "arr_time": 1676284711, "arr_date_time": "2023-02-13T05:38:31-05:00", "end_time": 1676285011, "end_date_time": "2023-02-13T05:43:31-05:00", "waiting_time": 0, "distance": 842, "driving_time": 811, "preparation_time": 0, "load_before": [0], "load_after": [0]}, {"type": "service", "id": "1704514000_23", "location_id": "1704514000", "address": {"location_id": "1704514000", "lat": 42.28377149, "lon": -71.06701351}, "arr_time": 1676285012, "arr_date_time": "2023-02-13T05:43:32-05:00", "end_time": 1676285312, "end_date_time": "2023-02-13T05:48:32-05:00", "waiting_time": 0, "distance": 843, "driving_time": 812, "preparation_time": 0, "load_before": [0], "load_after": [0]}, {"type": "service", "id": "1704513000_22", "location_id": "1704513000", "address": {"location_id": "1704513000", "lat": 42.28364715, "lon": -71.06694589}, "arr_time": 1676285327, "arr_date_time": "2023-02-13T05:48:47-05:00", "end_time": 1676285627, "end_date_time": "2023-02-13T05:53:47-05:00", "waiting_time": 0, "distance": 858, "driving_time": 827, "preparation_time": 0, "load_before": [0], "load_after": [0]}, {"type": "service", "id": "1704502000_16", "location_id": "1704502000", "address": {"location_id": "1704502000", "lat": 42.28343306, "lon": -71.06716536}, "arr_time": 1676285641, "arr_date_time": "2023-02-13T05:54:01-05:00", "end_time": 1676285941, "end_date_time": "2023-02-13T05:59:01-05:00", "waiting_time": 0, "distance": 873, "driving_time": 841, "preparation_time": 0, "load_before": [0], "load_after": [0]}, {"type": "service", "id": "1704503000_17", "location_id": "1704503000", "address": {"location_id": "1704503000", "lat": 42.28341001, "lon": -71.06738455}, "arr_time": 1676285984, "arr_date_time": "2023-02-13T05:59:44-05:00", "end_time": 1676286284, "end_date_time": "2023-02-13T06:04:44-05:00", "waiting_time": 0, "distance": 917, "driving_time": 884, "preparation_time": 0, "load_before": [0], "load_after": [0]}, {"type": "service", "id": "1704504000_18", "location_id": "1704504000", "address": {"location_id": "1704504000", "lat": 42.28340016, "lon": -71.06758888}, "arr_time": 1676286299, "arr_date_time": "2023-02-13T06:04:59-05:00", "end_time": 1676286599, "end_date_time": "2023-02-13T06:09:59-05:00", "waiting_time": 0, "distance": 933, "driving_time": 899, "preparation_time": 0, "load_before": [0], "load_after": [0]}, {"type": "service", "id": "1704506000_19", "location_id": "1704506000", "address": {"location_id": "1704506000", "lat": 42.28335242, "lon": -71.06791167}, "arr_time": 1676286624, "arr_date_time": "2023-02-13T06:10:24-05:00", "end_time": 1676286924, "end_date_time": "2023-02-13T06:15:24-05:00", "waiting_time": 0, "distance": 960, "driving_time": 924, "preparation_time": 0, "load_before": [0], "load_after": [0]}, {"type": "service", "id": "1704487000_05", "location_id": "1704487000", "address": {"location_id": "1704487000", "lat": 42.28239326, "lon": -71.07068586}, "arr_time": 1676287165, "arr_date_time": "2023-02-13T06:19:25-05:00", "end_time": 1676287465, "end_date_time": "2023-02-13T06:24:25-05:00", "waiting_time": 0, "distance": 1212, "driving_time": 1165, "preparation_time": 0, "load_before": [0], "load_after": [0]}, {"type": "service", "id": "1704475000_04", "location_id": "1704475000", "address": {"location_id": "1704475000", "lat": 42.28299831, "lon": -71.06858217}, "arr_time": 1676287644, "arr_date_time": "2023-02-13T06:27:24-05:00", "end_time": 1676287944, "end_date_time": "2023-02-13T06:32:24-05:00", "waiting_time": 0, "distance": 1398, "driving_time": 1344, "preparation_time": 0, "load_before": [0], "load_after": [0]}, {"type": "service", "id": "1704474000_03", "location_id": "1704474000", "address": {"location_id": "1704474000", "lat": 42.28311663, "lon": -71.0686694}, "arr_time": 1676287985, "arr_date_time": "2023-02-13T06:33:05-05:00", "end_time": 1676288285, "end_date_time": "2023-02-13T06:38:05-05:00", "waiting_time": 0, "distance": 1441, "driving_time": 1385, "preparation_time": 0, "load_before": [0], "load_after": [0]}, {"type": "service", "id": "1704510000_20", "location_id": "1704510000", "address": {"location_id": "1704510000", "lat": 42.28349139, "lon": -71.068401}, "arr_time": 1676288315, "arr_date_time": "2023-02-13T06:38:35-05:00", "end_time": 1676288615, "end_date_time": "2023-02-13T06:43:35-05:00", "waiting_time": 0, "distance": 1471, "driving_time": 1415, "preparation_time": 0, "load_before": [0], "load_after": [0]}, {"type": "service", "id": "1704471000_02", "location_id": "1704471000", "address": {"location_id": "1704471000", "lat": 42.2835002, "lon": -71.06885953}, "arr_time": 1676288629, "arr_date_time": "2023-02-13T06:43:49-05:00", "end_time": 1676288929, "end_date_time": "2023-02-13T06:48:49-05:00", "waiting_time": 0, "distance": 1486, "driving_time": 1429, "preparation_time": 0, "load_before": [0], "load_after": [0]}, {"type": "service", "id": "1704511000_21", "location_id": "1704511000", "address": {"location_id": "1704511000", "lat": 42.28359693, "lon": -71.06853897}, "arr_time": 1676288929, "arr_date_time": "2023-02-13T06:48:49-05:00", "end_time": 1676289229, "end_date_time": "2023-02-13T06:53:49-05:00", "waiting_time": 0, "distance": 1486, "driving_time": 1429, "preparation_time": 0, "load_before": [0], "load_after": [0]}, {"type": "service", "id": "1704578000_40", "location_id": "1704578000", "address": {"location_id": "1704578000", "lat": 42.28383045, "lon": -71.06929603}, "arr_time": 1676289288, "arr_date_time": "2023-02-13T06:54:48-05:00", "end_time": 1676289588, "end_date_time": "2023-02-13T06:59:48-05:00", "waiting_time": 0, "distance": 1547, "driving_time": 1488, "preparation_time": 0, "load_before": [0], "load_after": [0]}, {"type": "service", "id": "1704466000_01", "location_id": "1704466000", "address": {"location_id": "1704466000", "lat": 42.28329209, "lon": -71.06956983}, "arr_time": 1676289629, "arr_date_time": "2023-02-13T07:00:29-05:00", "end_time": 1676289929, "end_date_time": "2023-02-13T07:05:29-05:00", "waiting_time": 0, "distance": 1591, "driving_time": 1529, "preparation_time": 0, "load_before": [0], "load_after": [0]}, {"type": "service", "id": "1704581000_42", "location_id": "1704581000", "address": {"location_id": "1704581000", "lat": 42.28363121, "lon": -71.06995631}, "arr_time": 1676289944, "arr_date_time": "2023-02-13T07:05:44-05:00", "end_time": 1676290244, "end_date_time": "2023-02-13T07:10:44-05:00", "waiting_time": 0, "distance": 1606, "driving_time": 1544, "preparation_time": 0, "load_before": [0], "load_after": [0]}, {"type": "service", "id": "1704583000_44", "location_id": "1704583000", "address": {"location_id": "1704583000", "lat": 42.28354175, "lon": -71.07025941}, "arr_time": 1676290269, "arr_date_time": "2023-02-13T07:11:09-05:00", "end_time": 1676290569, "end_date_time": "2023-02-13T07:16:09-05:00", "waiting_time": 0, "distance": 1633, "driving_time": 1569, "preparation_time": 0, "load_before": [0], "load_after": [0]}, {"type": "service", "id": "1704582000_43", "location_id": "1704582000", "address": {"location_id": "1704582000", "lat": 42.28359547, "lon": -71.07007902}, "arr_time": 1676290585, "arr_date_time": "2023-02-13T07:16:25-05:00", "end_time": 1676290885, "end_date_time": "2023-02-13T07:21:25-05:00", "waiting_time": 0, "distance": 1649, "driving_time": 1585, "preparation_time": 0, "load_before": [0], "load_after": [0]}, {"type": "service", "id": "1704580000_41", "location_id": "1704580000", "address": {"location_id": "1704580000", "lat": 42.28367968, "lon": -71.06977502}, "arr_time": 1676290911, "arr_date_time": "2023-02-13T07:21:51-05:00", "end_time": 1676291211, "end_date_time": "2023-02-13T07:26:51-05:00", "waiting_time": 0, "distance": 1676, "driving_time": 1611, "preparation_time": 0, "load_before": [0], "load_after": [0]}, {"type": "service", "id": "1704575000_39", "location_id": "1704575000", "address": {"location_id": "1704575000", "lat": 42.28397857, "lon": -71.06881663}, "arr_time": 1676291293, "arr_date_time": "2023-02-13T07:28:13-05:00", "end_time": 1676291593, "end_date_time": "2023-02-13T07:33:13-05:00", "waiting_time": 0, "distance": 1762, "driving_time": 1693, "preparation_time": 0, "load_before": [0], "load_after": [0]}, {"type": "service", "id": "1704490000_06", "location_id": "1704490000", "address": {"location_id": "1704490000", "lat": 42.28372995, "lon": -71.06861878}, "arr_time": 1676291597, "arr_date_time": "2023-02-13T07:33:17-05:00", "end_time": 1676291897, "end_date_time": "2023-02-13T07:38:17-05:00", "waiting_time": 0, "distance": 1766, "driving_time": 1697, "preparation_time": 0, "load_before": [0], "load_after": [0]}, {"type": "service", "id": "1704491000_07", "location_id": "1704491000", "address": {"location_id": "1704491000", "lat": 42.2837599, "lon": -71.06843667}, "arr_time": 1676291912, "arr_date_time": "2023-02-13T07:38:32-05:00", "end_time": 1676292212, "end_date_time": "2023-02-13T07:43:32-05:00", "waiting_time": 0, "distance": 1781, "driving_time": 1712, "preparation_time": 0, "load_before": [0], "load_after": [0]}, {"type": "service", "id": "1704492000_08", "location_id": "1704492000", "address": {"location_id": "1704492000", "lat": 42.28373547, "lon": -71.06825934}, "arr_time": 1676292224, "arr_date_time": "2023-02-13T07:43:44-05:00", "end_time": 1676292524, "end_date_time": "2023-02-13T07:48:44-05:00", "waiting_time": 0, "distance": 1793, "driving_time": 1724, "preparation_time": 0, "load_before": [0], "load_after": [0]}, {"type": "service", "id": "1704572000_36", "location_id": "1704572000", "address": {"location_id": "1704572000", "lat": 42.28417921, "lon": -71.06836804}, "arr_time": 1676292535, "arr_date_time": "2023-02-13T07:48:55-05:00", "end_time": 1676292835, "end_date_time": "2023-02-13T07:53:55-05:00", "waiting_time": 0, "distance": 1804, "driving_time": 1735, "preparation_time": 0, "load_before": [0], "load_after": [0]}, {"type": "service", "id": "1704493000_09", "location_id": "1704493000", "address": {"location_id": "1704493000", "lat": 42.28373815, "lon": -71.06810532}, "arr_time": 1676292836, "arr_date_time": "2023-02-13T07:53:56-05:00", "end_time": 1676293136, "end_date_time": "2023-02-13T07:58:56-05:00", "waiting_time": 0, "distance": 1805, "driving_time": 1736, "preparation_time": 0, "load_before": [0], "load_after": [0]}, {"type": "service", "id": "1704494000_10", "location_id": "1704494000", "address": {"location_id": "1704494000", "lat": 42.28378121, "lon": -71.06796956}, "arr_time": 1676293148, "arr_date_time": "2023-02-13T07:59:08-05:00", "end_time": 1676293448, "end_date_time": "2023-02-13T08:04:08-05:00", "waiting_time": 0, "distance": 1817, "driving_time": 1748, "preparation_time": 0, "load_before": [0], "load_after": [0]}, {"type": "service", "id": "1704571000_35", "location_id": "1704571000", "address": {"location_id": "1704571000", "lat": 42.28419711, "lon": -71.06816869}, "arr_time": 1676293451, "arr_date_time": "2023-02-13T08:04:11-05:00", "end_time": 1676293751, "end_date_time": "2023-02-13T08:09:11-05:00", "waiting_time": 0, "distance": 1820, "driving_time": 1751, "preparation_time": 0, "load_before": [0], "load_after": [0]}, {"type": "service", "id": "1704495000_11", "location_id": "1704495000", "address": {"location_id": "1704495000", "lat": 42.28382286, "lon": -71.06783135}, "arr_time": 1676293760, "arr_date_time": "2023-02-13T08:09:20-05:00", "end_time": 1676294060, "end_date_time": "2023-02-13T08:14:20-05:00", "waiting_time": 0, "distance": 1830, "driving_time": 1760, "preparation_time": 0, "load_before": [0], "load_after": [0]}, {"type": "service", "id": "1704570000_34", "location_id": "1704570000", "address": {"location_id": "1704570000", "lat": 42.28423833, "lon": -71.06803377}, "arr_time": 1676294063, "arr_date_time": "2023-02-13T08:14:23-05:00", "end_time": 1676294363, "end_date_time": "2023-02-13T08:19:23-05:00", "waiting_time": 0, "distance": 1832, "driving_time": 1763, "preparation_time": 0, "load_before": [0], "load_after": [0]}, {"type": "service", "id": "1704609000_48", "location_id": "1704609000", "address": {"location_id": "1704609000", "lat": 42.28452124, "lon": -71.06716116}, "arr_time": 1676294437, "arr_date_time": "2023-02-13T08:20:37-05:00", "end_time": 1676294737, "end_date_time": "2023-02-13T08:25:37-05:00", "waiting_time": 0, "distance": 1910, "driving_time": 1837, "preparation_time": 0, "load_before": [0], "load_after": [0]}, {"type": "service", "id": "1704603000_47", "location_id": "1704603000", "address": {"location_id": "1704603000", "lat": 42.2850286, "lon": -71.06521826}, "arr_time": 1676294893, "arr_date_time": "2023-02-13T08:28:13-05:00", "end_time": 1676295193, "end_date_time": "2023-02-13T08:33:13-05:00", "waiting_time": 0, "distance": 2073, "driving_time": 1993, "preparation_time": 0, "load_before": [0], "load_after": [0]}, {"type": "service", "id": "1704602000_46", "location_id": "1704602000", "address": {"location_id": "1704602000", "lat": 42.28499904, "lon": -71.06503305}, "arr_time": 1676295208, "arr_date_time": "2023-02-13T08:33:28-05:00", "end_time": 1676295508, "end_date_time": "2023-02-13T08:38:28-05:00", "waiting_time": 0, "distance": 2089, "driving_time": 2008, "preparation_time": 0, "load_before": [0], "load_after": [0]}, {"type": "service", "id": "1704531000_25", "location_id": "1704531000", "address": {"location_id": "1704531000", "lat": 42.28419002, "lon": -71.065007}, "arr_time": 1676295608, "arr_date_time": "2023-02-13T08:40:08-05:00", "end_time": 1676295908, "end_date_time": "2023-02-13T08:45:08-05:00", "waiting_time": 0, "distance": 2193, "driving_time": 2108, "preparation_time": 0, "load_before": [0], "load_after": [0]}, {"type": "service", "id": "1704536000_26", "location_id": "1704536000", "address": {"location_id": "1704536000", "lat": 42.28403287, "lon": -71.06570016}, "arr_time": 1676295981, "arr_date_time": "2023-02-13T08:46:21-05:00", "end_time": 1676296281, "end_date_time": "2023-02-13T08:51:21-05:00", "waiting_time": 0, "distance": 2270, "driving_time": 2181, "preparation_time": 0, "load_before": [0], "load_after": [0]}, {"type": "service", "id": "1704540000_27", "location_id": "1704540000", "address": {"location_id": "1704540000", "lat": 42.28388556, "lon": -71.06617465}, "arr_time": 1676296321, "arr_date_time": "2023-02-13T08:52:01-05:00", "end_time": 1676296621, "end_date_time": "2023-02-13T08:57:01-05:00", "waiting_time": 0, "distance": 2312, "driving_time": 2221, "preparation_time": 0, "load_before": [0], "load_after": [0]}, {"type": "service", "id": "1704543000_28", "location_id": "1704543000", "address": {"location_id": "1704543000", "lat": 42.28377139, "lon": -71.06654285}, "arr_time": 1676296653, "arr_date_time": "2023-02-13T08:57:33-05:00", "end_time": 1676296953, "end_date_time": "2023-02-13T09:02:33-05:00", "waiting_time": 0, "distance": 2345, "driving_time": 2253, "preparation_time": 0, "load_before": [0], "load_after": [0]}, {"type": "service", "id": "1704544000_29", "location_id": "1704544000", "address": {"location_id": "1704544000", "lat": 42.28373373, "lon": -71.06666549}, "arr_time": 1676296964, "arr_date_time": "2023-02-13T09:02:44-05:00", "end_time": 1676297264, "end_date_time": "2023-02-13T09:07:44-05:00", "waiting_time": 0, "distance": 2356, "driving_time": 2264, "preparation_time": 0, "load_before": [0], "load_after": [0]}, {"type": "service", "id": "1704545000_30", "location_id": "1704545000", "address": {"location_id": "1704545000", "lat": 42.28367763, "lon": -71.06677345}, "arr_time": 1676297275, "arr_date_time": "2023-02-13T09:07:55-05:00", "end_time": 1676297575, "end_date_time": "2023-02-13T09:12:55-05:00", "waiting_time": 0, "distance": 2367, "driving_time": 2275, "preparation_time": 0, "load_before": [0], "load_after": [0]}, {"type": "service", "id": "1704635000_51", "location_id": "1704635000", "address": {"location_id": "1704635000", "lat": 42.28508357, "lon": -71.06780345}, "arr_time": 1676298180, "arr_date_time": "2023-02-13T09:23:00-05:00", "end_time": 1676298480, "end_date_time": "2023-02-13T09:28:00-05:00", "waiting_time": 0, "distance": 2998, "driving_time": 2880, "preparation_time": 0, "load_before": [0], "load_after": [0]}, {"type": "service", "id": "1704634000_50", "location_id": "1704634000", "address": {"location_id": "1704634000", "lat": 42.28506495, "lon": -71.06799263}, "arr_time": 1676298495, "arr_date_time": "2023-02-13T09:28:15-05:00", "end_time": 1676298795, "end_date_time": "2023-02-13T09:33:15-05:00", "waiting_time": 0, "distance": 3013, "driving_time": 2895, "preparation_time": 0, "load_before": [0], "load_after": [0]}, {"type": "end", "location_id": "1704618000", "address": {"location_id": "1704618000", "lat": 42.28511786, "lon": -71.07053162}, "arr_time": 1676298996, "arr_date_time": "2023-02-13T09:36:36-05:00", "end_time": 1676298996, "end_date_time": "2023-02-13T09:36:36-05:00", "waiting_time": 0, "distance": 3222, "driving_time": 3096, "preparation_time": 0, "load_before": [0]}]}], "unassigned": {"services": [], "shipments": [], "breaks": [], "details": []}}}