{"copyrights": ["GraphHopper", "OpenStreetMap contributors"], "job_id": "f05c523e-4ae5-4e07-a941-a58fbfd1e4fe", "status": "finished", "waiting_time_in_queue": 0, "processing_time": 138, "solution": {"costs": 345, "distance": 4602, "time": 4415, "transport_time": 4415, "completion_time": 17915, "max_operation_time": 17915, "waiting_time": 0, "service_duration": 13500, "preparation_time": 0, "no_vehicles": 1, "no_unassigned": 0, "routes": [{"vehicle_id": "my_vehicle", "shift_id": "default-shift", "distance": 4602, "transport_time": 4415, "completion_time": 17915, "waiting_time": 0, "service_duration": 13500, "preparation_time": 0, "activities": [{"type": "start", "location_id": "1403966000", "address": {"location_id": "1403966000", "lat": 42.28377652, "lon": -71.09011624}, "arr_time": 1676278800, "arr_date_time": "2023-02-13T04:00:00-05:00", "end_time": 1676278800, "end_date_time": "2023-02-13T04:00:00-05:00", "waiting_time": 0, "distance": 0, "driving_time": 0, "preparation_time": 0, "load_after": [0]}, {"type": "service", "id": "1403941000_08", "location_id": "1403941000", "address": {"location_id": "1403941000", "lat": 42.28340891, "lon": -71.08972868}, "arr_time": 1676278887, "arr_date_time": "2023-02-13T04:01:27-05:00", "end_time": 1676279187, "end_date_time": "2023-02-13T04:06:27-05:00", "waiting_time": 0, "distance": 91, "driving_time": 87, "preparation_time": 0, "load_before": [0], "load_after": [0]}, {"type": "service", "id": "1403940000_07", "location_id": "1403940000", "address": {"location_id": "1403940000", "lat": 42.28331645, "lon": -71.08981881}, "arr_time": 1676279199, "arr_date_time": "2023-02-13T04:06:39-05:00", "end_time": 1676279499, "end_date_time": "2023-02-13T04:11:39-05:00", "waiting_time": 0, "distance": 104, "driving_time": 99, "preparation_time": 0, "load_before": [0], "load_after": [0]}, {"type": "service", "id": "1403939000_06", "location_id": "1403939000", "address": {"location_id": "1403939000", "lat": 42.28322977, "lon": -71.08990835}, "arr_time": 1676279511, "arr_date_time": "2023-02-13T04:11:51-05:00", "end_time": 1676279811, "end_date_time": "2023-02-13T04:16:51-05:00", "waiting_time": 0, "distance": 116, "driving_time": 111, "preparation_time": 0, "load_before": [0], "load_after": [0]}, {"type": "service", "id": "1403938010_05", "location_id": "1403938010", "address": {"location_id": "1403938010", "lat": 42.28314255, "lon": -71.08999566}, "arr_time": 1676279823, "arr_date_time": "2023-02-13T04:17:03-05:00", "end_time": 1676280123, "end_date_time": "2023-02-13T04:22:03-05:00", "waiting_time": 0, "distance": 128, "driving_time": 123, "preparation_time": 0, "load_before": [0], "load_after": [0]}, {"type": "service", "id": "1403937010_04", "location_id": "1403937010", "address": {"location_id": "1403937010", "lat": 42.28305225, "lon": -71.09008435}, "arr_time": 1676280135, "arr_date_time": "2023-02-13T04:22:15-05:00", "end_time": 1676280435, "end_date_time": "2023-02-13T04:27:15-05:00", "waiting_time": 0, "distance": 140, "driving_time": 135, "preparation_time": 0, "load_before": [0], "load_after": [0]}, {"type": "service", "id": "1403952000_09", "location_id": "1403952000", "address": {"location_id": "1403952000", "lat": 42.28335235, "lon": -71.0907644}, "arr_time": 1676280480, "arr_date_time": "2023-02-13T04:28:00-05:00", "end_time": 1676280780, "end_date_time": "2023-02-13T04:33:00-05:00", "waiting_time": 0, "distance": 187, "driving_time": 180, "preparation_time": 0, "load_before": [0], "load_after": [0]}, {"type": "service", "id": "1403936010_03", "location_id": "1403936010", "address": {"location_id": "1403936010", "lat": 42.2829656, "lon": -71.09017292}, "arr_time": 1676280832, "arr_date_time": "2023-02-13T04:33:52-05:00", "end_time": 1676281132, "end_date_time": "2023-02-13T04:38:52-05:00", "waiting_time": 0, "distance": 241, "driving_time": 232, "preparation_time": 0, "load_before": [0], "load_after": [0]}, {"type": "service", "id": "1403972000_10", "location_id": "1403972000", "address": {"location_id": "1403972000", "lat": 42.28246937, "lon": -71.09130317}, "arr_time": 1676281228, "arr_date_time": "2023-02-13T04:40:28-05:00", "end_time": 1676281528, "end_date_time": "2023-02-13T04:45:28-05:00", "waiting_time": 0, "distance": 341, "driving_time": 328, "preparation_time": 0, "load_before": [0], "load_after": [0]}, {"type": "service", "id": "1404063000_13", "location_id": "1404063000", "address": {"location_id": "1404063000", "lat": 42.28169555, "lon": -71.09099069}, "arr_time": 1676281605, "arr_date_time": "2023-02-13T04:46:45-05:00", "end_time": 1676281905, "end_date_time": "2023-02-13T04:51:45-05:00", "waiting_time": 0, "distance": 422, "driving_time": 405, "preparation_time": 0, "load_before": [0], "load_after": [0]}, {"type": "service", "id": "1404024000_11", "location_id": "1404024000", "address": {"location_id": "1404024000", "lat": 42.28163739, "lon": -71.08919566}, "arr_time": 1676282057, "arr_date_time": "2023-02-13T04:54:17-05:00", "end_time": 1676282357, "end_date_time": "2023-02-13T04:59:17-05:00", "waiting_time": 0, "distance": 580, "driving_time": 557, "preparation_time": 0, "load_before": [0], "load_after": [0]}, {"type": "service", "id": "1404030000_12", "location_id": "1404030000", "address": {"location_id": "1404030000", "lat": 42.28215539, "lon": -71.08867256}, "arr_time": 1676282425, "arr_date_time": "2023-02-13T05:00:25-05:00", "end_time": 1676282725, "end_date_time": "2023-02-13T05:05:25-05:00", "waiting_time": 0, "distance": 651, "driving_time": 625, "preparation_time": 0, "load_before": [0], "load_after": [0]}, {"type": "service", "id": "1403898000_02", "location_id": "1403898000", "address": {"location_id": "1403898000", "lat": 42.28093679, "lon": -71.08729073}, "arr_time": 1676282997, "arr_date_time": "2023-02-13T05:09:57-05:00", "end_time": 1676283297, "end_date_time": "2023-02-13T05:14:57-05:00", "waiting_time": 0, "distance": 935, "driving_time": 897, "preparation_time": 0, "load_before": [0], "load_after": [0]}, {"type": "service", "id": "1403891000_01", "location_id": "1403891000", "address": {"location_id": "1403891000", "lat": 42.28031678, "lon": -71.08783565}, "arr_time": 1676283376, "arr_date_time": "2023-02-13T05:16:16-05:00", "end_time": 1676283676, "end_date_time": "2023-02-13T05:21:16-05:00", "waiting_time": 0, "distance": 1017, "driving_time": 976, "preparation_time": 0, "load_before": [0], "load_after": [0]}, {"type": "service", "id": "1404146000_18", "location_id": "1404146000", "address": {"location_id": "1404146000", "lat": 42.28018038, "lon": -71.08959031}, "arr_time": 1676283821, "arr_date_time": "2023-02-13T05:23:41-05:00", "end_time": 1676284121, "end_date_time": "2023-02-13T05:28:41-05:00", "waiting_time": 0, "distance": 1168, "driving_time": 1121, "preparation_time": 0, "load_before": [0], "load_after": [0]}, {"type": "service", "id": "1800834000_27", "location_id": "1800834000", "address": {"location_id": "1800834000", "lat": 42.27971067, "lon": -71.08810814}, "arr_time": 1676284273, "arr_date_time": "2023-02-13T05:31:13-05:00", "end_time": 1676284573, "end_date_time": "2023-02-13T05:36:13-05:00", "waiting_time": 0, "distance": 1327, "driving_time": 1273, "preparation_time": 0, "load_before": [0], "load_after": [0]}, {"type": "service", "id": "1800849000_32", "location_id": "1800849000", "address": {"location_id": "1800849000", "lat": 42.27931063, "lon": -71.08748527}, "arr_time": 1676284676, "arr_date_time": "2023-02-13T05:37:56-05:00", "end_time": 1676284976, "end_date_time": "2023-02-13T05:42:56-05:00", "waiting_time": 0, "distance": 1434, "driving_time": 1376, "preparation_time": 0, "load_before": [0], "load_after": [0]}, {"type": "service", "id": "1800848000_31", "location_id": "1800848000", "address": {"location_id": "1800848000", "lat": 42.27919493, "lon": -71.08760122}, "arr_time": 1676284992, "arr_date_time": "2023-02-13T05:43:12-05:00", "end_time": 1676285292, "end_date_time": "2023-02-13T05:48:12-05:00", "waiting_time": 0, "distance": 1451, "driving_time": 1392, "preparation_time": 0, "load_before": [0], "load_after": [0]}, {"type": "service", "id": "1800841000_28", "location_id": "1800841000", "address": {"location_id": "1800841000", "lat": 42.27892884, "lon": -71.08854126}, "arr_time": 1676285357, "arr_date_time": "2023-02-13T05:49:17-05:00", "end_time": 1676285657, "end_date_time": "2023-02-13T05:54:17-05:00", "waiting_time": 0, "distance": 1520, "driving_time": 1457, "preparation_time": 0, "load_before": [0], "load_after": [0]}, {"type": "service", "id": "1800843000_30", "location_id": "1800843000", "address": {"location_id": "1800843000", "lat": 42.27858219, "lon": -71.08819443}, "arr_time": 1676285672, "arr_date_time": "2023-02-13T05:54:32-05:00", "end_time": 1676285972, "end_date_time": "2023-02-13T05:59:32-05:00", "waiting_time": 0, "distance": 1535, "driving_time": 1472, "preparation_time": 0, "load_before": [0], "load_after": [0]}, {"type": "service", "id": "1800842000_29", "location_id": "1800842000", "address": {"location_id": "1800842000", "lat": 42.27880783, "lon": -71.08865324}, "arr_time": 1676286012, "arr_date_time": "2023-02-13T06:00:12-05:00", "end_time": 1676286312, "end_date_time": "2023-02-13T06:05:12-05:00", "waiting_time": 0, "distance": 1577, "driving_time": 1512, "preparation_time": 0, "load_before": [0], "load_after": [0]}, {"type": "service", "id": "1800825000_26", "location_id": "1800825000", "address": {"location_id": "1800825000", "lat": 42.27838367, "lon": -71.08974532}, "arr_time": 1676286392, "arr_date_time": "2023-02-13T06:06:32-05:00", "end_time": 1676286692, "end_date_time": "2023-02-13T06:11:32-05:00", "waiting_time": 0, "distance": 1660, "driving_time": 1592, "preparation_time": 0, "load_before": [0], "load_after": [0]}, {"type": "service", "id": "1800816000_25", "location_id": "1800816000", "address": {"location_id": "1800816000", "lat": 42.27611642, "lon": -71.09200832}, "arr_time": 1676287024, "arr_date_time": "2023-02-13T06:17:04-05:00", "end_time": 1676287324, "end_date_time": "2023-02-13T06:22:04-05:00", "waiting_time": 0, "distance": 2006, "driving_time": 1924, "preparation_time": 0, "load_before": [0], "load_after": [0]}, {"type": "service", "id": "1800963000_45", "location_id": "1800963000", "address": {"location_id": "1800963000", "lat": 42.27551249, "lon": -71.09271984}, "arr_time": 1676287399, "arr_date_time": "2023-02-13T06:23:19-05:00", "end_time": 1676287699, "end_date_time": "2023-02-13T06:28:19-05:00", "waiting_time": 0, "distance": 2084, "driving_time": 1999, "preparation_time": 0, "load_before": [0], "load_after": [0]}, {"type": "service", "id": "1800787001_21", "location_id": "1800787001", "address": {"location_id": "1800787001", "lat": 42.27584584, "lon": -71.09231049}, "arr_time": 1676287727, "arr_date_time": "2023-02-13T06:28:47-05:00", "end_time": 1676288027, "end_date_time": "2023-02-13T06:33:47-05:00", "waiting_time": 0, "distance": 2114, "driving_time": 2027, "preparation_time": 0, "load_before": [0], "load_after": [0]}, {"type": "service", "id": "1800960000_44", "location_id": "1800960000", "address": {"location_id": "1800960000", "lat": 42.27593031, "lon": -71.09279964}, "arr_time": 1676288043, "arr_date_time": "2023-02-13T06:34:03-05:00", "end_time": 1676288343, "end_date_time": "2023-02-13T06:39:03-05:00", "waiting_time": 0, "distance": 2131, "driving_time": 2043, "preparation_time": 0, "load_before": [0], "load_after": [0]}, {"type": "service", "id": "1800788000_22", "location_id": "1800788000", "address": {"location_id": "1800788000", "lat": 42.27607713, "lon": -71.09233674}, "arr_time": 1676288351, "arr_date_time": "2023-02-13T06:39:11-05:00", "end_time": 1676288651, "end_date_time": "2023-02-13T06:44:11-05:00", "waiting_time": 0, "distance": 2140, "driving_time": 2051, "preparation_time": 0, "load_before": [0], "load_after": [0]}, {"type": "service", "id": "1800959000_43", "location_id": "1800959000", "address": {"location_id": "1800959000", "lat": 42.27607446, "lon": -71.0927301}, "arr_time": 1676288656, "arr_date_time": "2023-02-13T06:44:16-05:00", "end_time": 1676288956, "end_date_time": "2023-02-13T06:49:16-05:00", "waiting_time": 0, "distance": 2146, "driving_time": 2056, "preparation_time": 0, "load_before": [0], "load_after": [0]}, {"type": "service", "id": "1800789000_23", "location_id": "1800789000", "address": {"location_id": "1800789000", "lat": 42.27625748, "lon": -71.09228596}, "arr_time": 1676288968, "arr_date_time": "2023-02-13T06:49:28-05:00", "end_time": 1676289268, "end_date_time": "2023-02-13T06:54:28-05:00", "waiting_time": 0, "distance": 2158, "driving_time": 2068, "preparation_time": 0, "load_before": [0], "load_after": [0]}, {"type": "service", "id": "1800948000_42", "location_id": "1800948000", "address": {"location_id": "1800948000", "lat": 42.27524284, "lon": -71.09313503}, "arr_time": 1676289464, "arr_date_time": "2023-02-13T06:57:44-05:00", "end_time": 1676289764, "end_date_time": "2023-02-13T07:02:44-05:00", "waiting_time": 0, "distance": 2363, "driving_time": 2264, "preparation_time": 0, "load_before": [0], "load_after": [0]}, {"type": "service", "id": "1800912020_40", "location_id": "1800912020", "address": {"location_id": "1800912020", "lat": 42.27779278, "lon": -71.09176685}, "arr_time": 1676290085, "arr_date_time": "2023-02-13T07:08:05-05:00", "end_time": 1676290385, "end_date_time": "2023-02-13T07:13:05-05:00", "waiting_time": 0, "distance": 2697, "driving_time": 2585, "preparation_time": 0, "load_before": [0], "load_after": [0]}, {"type": "service", "id": "1800893000_38", "location_id": "1800893000", "address": {"location_id": "1800893000", "lat": 42.27774556, "lon": -71.09193899}, "arr_time": 1676290391, "arr_date_time": "2023-02-13T07:13:11-05:00", "end_time": 1676290691, "end_date_time": "2023-02-13T07:18:11-05:00", "waiting_time": 0, "distance": 2703, "driving_time": 2591, "preparation_time": 0, "load_before": [0], "load_after": [0]}, {"type": "service", "id": "1800930000_41", "location_id": "1800930000", "address": {"location_id": "1800930000", "lat": 42.27780206, "lon": -71.09244122}, "arr_time": 1676290723, "arr_date_time": "2023-02-13T07:18:43-05:00", "end_time": 1676291023, "end_date_time": "2023-02-13T07:23:43-05:00", "waiting_time": 0, "distance": 2736, "driving_time": 2623, "preparation_time": 0, "load_before": [0], "load_after": [0]}, {"type": "service", "id": "1800797000_24", "location_id": "1800797000", "address": {"location_id": "1800797000", "lat": 42.27725478, "lon": -71.09143748}, "arr_time": 1676291101, "arr_date_time": "2023-02-13T07:25:01-05:00", "end_time": 1676291401, "end_date_time": "2023-02-13T07:30:01-05:00", "waiting_time": 0, "distance": 2819, "driving_time": 2701, "preparation_time": 0, "load_before": [0], "load_after": [0]}, {"type": "service", "id": "1800912010_39", "location_id": "1800912010", "address": {"location_id": "1800912010", "lat": 42.27782744, "lon": -71.09159542}, "arr_time": 1676291432, "arr_date_time": "2023-02-13T07:30:32-05:00", "end_time": 1676291732, "end_date_time": "2023-02-13T07:35:32-05:00", "waiting_time": 0, "distance": 2851, "driving_time": 2732, "preparation_time": 0, "load_before": [0], "load_after": [0]}, {"type": "service", "id": "1800858000_33", "location_id": "1800858000", "address": {"location_id": "1800858000", "lat": 42.27889195, "lon": -71.09196239}, "arr_time": 1676291897, "arr_date_time": "2023-02-13T07:38:17-05:00", "end_time": 1676292197, "end_date_time": "2023-02-13T07:43:17-05:00", "waiting_time": 0, "distance": 3023, "driving_time": 2897, "preparation_time": 0, "load_before": [0], "load_after": [0]}, {"type": "service", "id": "1800871000_34", "location_id": "1800871000", "address": {"location_id": "1800871000", "lat": 42.27950946, "lon": -71.09214814}, "arr_time": 1676292451, "arr_date_time": "2023-02-13T07:47:31-05:00", "end_time": 1676292751, "end_date_time": "2023-02-13T07:52:31-05:00", "waiting_time": 0, "distance": 3287, "driving_time": 3151, "preparation_time": 0, "load_before": [0], "load_after": [0]}, {"type": "service", "id": "1800875000_35", "location_id": "1800875000", "address": {"location_id": "1800875000", "lat": 42.27926951, "lon": -71.09174481}, "arr_time": 1676292792, "arr_date_time": "2023-02-13T07:53:12-05:00", "end_time": 1676293092, "end_date_time": "2023-02-13T07:58:12-05:00", "waiting_time": 0, "distance": 3330, "driving_time": 3192, "preparation_time": 0, "load_before": [0], "load_after": [0]}, {"type": "service", "id": "1800882000_36", "location_id": "1800882000", "address": {"location_id": "1800882000", "lat": 42.27876319, "lon": -71.09077104}, "arr_time": 1676293185, "arr_date_time": "2023-02-13T07:59:45-05:00", "end_time": 1676293485, "end_date_time": "2023-02-13T08:04:45-05:00", "waiting_time": 0, "distance": 3428, "driving_time": 3285, "preparation_time": 0, "load_before": [0], "load_after": [0]}, {"type": "service", "id": "1800884000_37", "location_id": "1800884000", "address": {"location_id": "1800884000", "lat": 42.27864619, "lon": -71.09028572}, "arr_time": 1676293524, "arr_date_time": "2023-02-13T08:05:24-05:00", "end_time": 1676293824, "end_date_time": "2023-02-13T08:10:24-05:00", "waiting_time": 0, "distance": 3468, "driving_time": 3324, "preparation_time": 0, "load_before": [0], "load_after": [0]}, {"type": "service", "id": "1404182000_20", "location_id": "1404182000", "address": {"location_id": "1404182000", "lat": 42.27981016, "lon": -71.09062026}, "arr_time": 1676294077, "arr_date_time": "2023-02-13T08:14:37-05:00", "end_time": 1676294377, "end_date_time": "2023-02-13T08:19:37-05:00", "waiting_time": 0, "distance": 3732, "driving_time": 3577, "preparation_time": 0, "load_before": [0], "load_after": [0]}, {"type": "service", "id": "1404181000_19", "location_id": "1404181000", "address": {"location_id": "1404181000", "lat": 42.27988374, "lon": -71.09077614}, "arr_time": 1676294392, "arr_date_time": "2023-02-13T08:19:52-05:00", "end_time": 1676294692, "end_date_time": "2023-02-13T08:24:52-05:00", "waiting_time": 0, "distance": 3747, "driving_time": 3592, "preparation_time": 0, "load_before": [0], "load_after": [0]}, {"type": "service", "id": "1404120000_16", "location_id": "1404120000", "address": {"location_id": "1404120000", "lat": 42.28058638, "lon": -71.09121197}, "arr_time": 1676294761, "arr_date_time": "2023-02-13T08:26:01-05:00", "end_time": 1676295061, "end_date_time": "2023-02-13T08:31:01-05:00", "waiting_time": 0, "distance": 3819, "driving_time": 3661, "preparation_time": 0, "load_before": [0], "load_after": [0]}, {"type": "service", "id": "1404122000_17", "location_id": "1404122000", "address": {"location_id": "1404122000", "lat": 42.28073077, "lon": -71.09151991}, "arr_time": 1676295091, "arr_date_time": "2023-02-13T08:31:31-05:00", "end_time": 1676295391, "end_date_time": "2023-02-13T08:36:31-05:00", "waiting_time": 0, "distance": 3849, "driving_time": 3691, "preparation_time": 0, "load_before": [0], "load_after": [0]}, {"type": "service", "id": "1404104000_15", "location_id": "1404104000", "address": {"location_id": "1404104000", "lat": 42.28151722, "lon": -71.09138537}, "arr_time": 1676295609, "arr_date_time": "2023-02-13T08:40:09-05:00", "end_time": 1676295909, "end_date_time": "2023-02-13T08:45:09-05:00", "waiting_time": 0, "distance": 4076, "driving_time": 3909, "preparation_time": 0, "load_before": [0], "load_after": [0]}, {"type": "service", "id": "1404103000_14", "location_id": "1404103000", "address": {"location_id": "1404103000", "lat": 42.28145653, "lon": -71.09126116}, "arr_time": 1676295921, "arr_date_time": "2023-02-13T08:45:21-05:00", "end_time": 1676296221, "end_date_time": "2023-02-13T08:50:21-05:00", "waiting_time": 0, "distance": 4088, "driving_time": 3921, "preparation_time": 0, "load_before": [0], "load_after": [0]}, {"type": "end", "location_id": "1403966000", "address": {"location_id": "1403966000", "lat": 42.28377652, "lon": -71.09011624}, "arr_time": 1676296715, "arr_date_time": "2023-02-13T08:58:35-05:00", "end_time": 1676296715, "end_date_time": "2023-02-13T08:58:35-05:00", "waiting_time": 0, "distance": 4602, "driving_time": 4415, "preparation_time": 0, "load_before": [0]}]}], "unassigned": {"services": [], "shipments": [], "breaks": [], "details": []}}}