{"copyrights": ["GraphHopper", "OpenStreetMap contributors"], "job_id": "37eb2006-00c7-4a7c-ae33-62aa2b43074e", "status": "finished", "waiting_time_in_queue": 0, "processing_time": 119, "solution": {"costs": 336, "distance": 2341, "time": 2249, "transport_time": 2249, "completion_time": 16949, "max_operation_time": 16949, "waiting_time": 0, "service_duration": 14700, "preparation_time": 0, "no_vehicles": 1, "no_unassigned": 0, "routes": [{"vehicle_id": "my_vehicle", "shift_id": "default-shift", "distance": 2341, "transport_time": 2249, "completion_time": 16949, "waiting_time": 0, "service_duration": 14700, "preparation_time": 0, "activities": [{"type": "start", "location_id": "1704185000", "address": {"location_id": "1704185000", "lat": 42.27923515, "lon": -71.06690046}, "arr_time": 1676278800, "arr_date_time": "2023-02-13T04:00:00-05:00", "end_time": 1676278800, "end_date_time": "2023-02-13T04:00:00-05:00", "waiting_time": 0, "distance": 0, "driving_time": 0, "preparation_time": 0, "load_after": [0]}, {"type": "service", "id": "1704178000_39", "location_id": "1704178000", "address": {"location_id": "1704178000", "lat": 42.27903039, "lon": -71.06824763}, "arr_time": 1676279088, "arr_date_time": "2023-02-13T04:04:48-05:00", "end_time": 1676279388, "end_date_time": "2023-02-13T04:09:48-05:00", "waiting_time": 0, "distance": 300, "driving_time": 288, "preparation_time": 0, "load_before": [0], "load_after": [0]}, {"type": "service", "id": "1704179000_40", "location_id": "1704179000", "address": {"location_id": "1704179000", "lat": 42.27891474, "lon": -71.06785422}, "arr_time": 1676279412, "arr_date_time": "2023-02-13T04:10:12-05:00", "end_time": 1676279712, "end_date_time": "2023-02-13T04:15:12-05:00", "waiting_time": 0, "distance": 325, "driving_time": 312, "preparation_time": 0, "load_before": [0], "load_after": [0]}, {"type": "service", "id": "1704213000_49", "location_id": "1704213000", "address": {"location_id": "1704213000", "lat": 42.27885977, "lon": -71.068684}, "arr_time": 1676279819, "arr_date_time": "2023-02-13T04:16:59-05:00", "end_time": 1676280119, "end_date_time": "2023-02-13T04:21:59-05:00", "waiting_time": 0, "distance": 436, "driving_time": 419, "preparation_time": 0, "load_before": [0], "load_after": [0]}, {"type": "service", "id": "1704175000_37", "location_id": "1704175000", "address": {"location_id": "1704175000", "lat": 42.27808583, "lon": -71.06928775}, "arr_time": 1676280304, "arr_date_time": "2023-02-13T04:25:04-05:00", "end_time": 1676280604, "end_date_time": "2023-02-13T04:30:04-05:00", "waiting_time": 0, "distance": 629, "driving_time": 604, "preparation_time": 0, "load_before": [0], "load_after": [0]}, {"type": "service", "id": "1704210000_48", "location_id": "1704210000", "address": {"location_id": "1704210000", "lat": 42.27837429, "lon": -71.06907668}, "arr_time": 1676280631, "arr_date_time": "2023-02-13T04:30:31-05:00", "end_time": 1676280931, "end_date_time": "2023-02-13T04:35:31-05:00", "waiting_time": 0, "distance": 656, "driving_time": 631, "preparation_time": 0, "load_before": [0], "load_after": [0]}, {"type": "service", "id": "1704205000_47", "location_id": "1704205000", "address": {"location_id": "1704205000", "lat": 42.27834201, "lon": -71.06827219}, "arr_time": 1676280989, "arr_date_time": "2023-02-13T04:36:29-05:00", "end_time": 1676281289, "end_date_time": "2023-02-13T04:41:29-05:00", "waiting_time": 0, "distance": 717, "driving_time": 689, "preparation_time": 0, "load_before": [0], "load_after": [0]}, {"type": "service", "id": "1704176000_38", "location_id": "1704176000", "address": {"location_id": "1704176000", "lat": 42.27868314, "lon": -71.06805702}, "arr_time": 1676281317, "arr_date_time": "2023-02-13T04:41:57-05:00", "end_time": 1676281617, "end_date_time": "2023-02-13T04:46:57-05:00", "waiting_time": 0, "distance": 746, "driving_time": 717, "preparation_time": 0, "load_before": [0], "load_after": [0]}, {"type": "service", "id": "1704202010_45", "location_id": "1704202010", "address": {"location_id": "1704202010", "lat": 42.27844361, "lon": -71.06792676}, "arr_time": 1676281619, "arr_date_time": "2023-02-13T04:46:59-05:00", "end_time": 1676281919, "end_date_time": "2023-02-13T04:51:59-05:00", "waiting_time": 0, "distance": 747, "driving_time": 719, "preparation_time": 0, "load_before": [0], "load_after": [0]}, {"type": "service", "id": "1704204000_46", "location_id": "1704204000", "address": {"location_id": "1704204000", "lat": 42.27838622, "lon": -71.06811953}, "arr_time": 1676281935, "arr_date_time": "2023-02-13T04:52:15-05:00", "end_time": 1676282235, "end_date_time": "2023-02-13T04:57:15-05:00", "waiting_time": 0, "distance": 764, "driving_time": 735, "preparation_time": 0, "load_before": [0], "load_after": [0]}, {"type": "service", "id": "1704157000_27", "location_id": "1704157000", "address": {"location_id": "1704157000", "lat": 42.27765451, "lon": -71.06930165}, "arr_time": 1676282395, "arr_date_time": "2023-02-13T04:59:55-05:00", "end_time": 1676282695, "end_date_time": "2023-02-13T05:04:55-05:00", "waiting_time": 0, "distance": 931, "driving_time": 895, "preparation_time": 0, "load_before": [0], "load_after": [0]}, {"type": "service", "id": "1704174000_36", "location_id": "1704174000", "address": {"location_id": "1704174000", "lat": 42.27798836, "lon": -71.06922703}, "arr_time": 1676282739, "arr_date_time": "2023-02-13T05:05:39-05:00", "end_time": 1676283039, "end_date_time": "2023-02-13T05:10:39-05:00", "waiting_time": 0, "distance": 977, "driving_time": 939, "preparation_time": 0, "load_before": [0], "load_after": [0]}, {"type": "service", "id": "1704160000_28", "location_id": "1704160000", "address": {"location_id": "1704160000", "lat": 42.27786077, "lon": -71.06876118}, "arr_time": 1676283068, "arr_date_time": "2023-02-13T05:11:08-05:00", "end_time": 1676283368, "end_date_time": "2023-02-13T05:16:08-05:00", "waiting_time": 0, "distance": 1008, "driving_time": 968, "preparation_time": 0, "load_before": [0], "load_after": [0]}, {"type": "service", "id": "1704161000_29", "location_id": "1704161000", "address": {"location_id": "1704161000", "lat": 42.2779238, "lon": -71.06854823}, "arr_time": 1676283387, "arr_date_time": "2023-02-13T05:16:27-05:00", "end_time": 1676283687, "end_date_time": "2023-02-13T05:21:27-05:00", "waiting_time": 0, "distance": 1027, "driving_time": 987, "preparation_time": 0, "load_before": [0], "load_after": [0]}, {"type": "service", "id": "1704163000_30", "location_id": "1704163000", "address": {"location_id": "1704163000", "lat": 42.27805039, "lon": -71.06811537}, "arr_time": 1676283724, "arr_date_time": "2023-02-13T05:22:04-05:00", "end_time": 1676284024, "end_date_time": "2023-02-13T05:27:04-05:00", "waiting_time": 0, "distance": 1065, "driving_time": 1024, "preparation_time": 0, "load_before": [0], "load_after": [0]}, {"type": "service", "id": "1704164000_31", "location_id": "1704164000", "address": {"location_id": "1704164000", "lat": 42.27813416, "lon": -71.0679106}, "arr_time": 1676284043, "arr_date_time": "2023-02-13T05:27:23-05:00", "end_time": 1676284343, "end_date_time": "2023-02-13T05:32:23-05:00", "waiting_time": 0, "distance": 1084, "driving_time": 1043, "preparation_time": 0, "load_before": [0], "load_after": [0]}, {"type": "service", "id": "1704167000_32", "location_id": "1704167000", "address": {"location_id": "1704167000", "lat": 42.27779617, "lon": -71.06808386}, "arr_time": 1676284460, "arr_date_time": "2023-02-13T05:34:20-05:00", "end_time": 1676284760, "end_date_time": "2023-02-13T05:39:20-05:00", "waiting_time": 0, "distance": 1206, "driving_time": 1160, "preparation_time": 0, "load_before": [0], "load_after": [0]}, {"type": "service", "id": "1704142000_18", "location_id": "1704142000", "address": {"location_id": "1704142000", "lat": 42.27738153, "lon": -71.06793297}, "arr_time": 1676284764, "arr_date_time": "2023-02-13T05:39:24-05:00", "end_time": 1676285064, "end_date_time": "2023-02-13T05:44:24-05:00", "waiting_time": 0, "distance": 1210, "driving_time": 1164, "preparation_time": 0, "load_before": [0], "load_after": [0]}, {"type": "service", "id": "1704168000_33", "location_id": "1704168000", "address": {"location_id": "1704168000", "lat": 42.2777487, "lon": -71.06824716}, "arr_time": 1676285073, "arr_date_time": "2023-02-13T05:44:33-05:00", "end_time": 1676285373, "end_date_time": "2023-02-13T05:49:33-05:00", "waiting_time": 0, "distance": 1220, "driving_time": 1173, "preparation_time": 0, "load_before": [0], "load_after": [0]}, {"type": "service", "id": "1704141000_17", "location_id": "1704141000", "address": {"location_id": "1704141000", "lat": 42.27732738, "lon": -71.06812042}, "arr_time": 1676285380, "arr_date_time": "2023-02-13T05:49:40-05:00", "end_time": 1676285680, "end_date_time": "2023-02-13T05:54:40-05:00", "waiting_time": 0, "distance": 1227, "driving_time": 1180, "preparation_time": 0, "load_before": [0], "load_after": [0]}, {"type": "service", "id": "1704170000_34", "location_id": "1704170000", "address": {"location_id": "1704170000", "lat": 42.27765389, "lon": -71.06857321}, "arr_time": 1676285701, "arr_date_time": "2023-02-13T05:55:01-05:00", "end_time": 1676286001, "end_date_time": "2023-02-13T06:00:01-05:00", "waiting_time": 0, "distance": 1249, "driving_time": 1201, "preparation_time": 0, "load_before": [0], "load_after": [0]}, {"type": "service", "id": "1704139000_16", "location_id": "1704139000", "address": {"location_id": "1704139000", "lat": 42.27705561, "lon": -71.06840416}, "arr_time": 1676286012, "arr_date_time": "2023-02-13T06:00:12-05:00", "end_time": 1676286312, "end_date_time": "2023-02-13T06:05:12-05:00", "waiting_time": 0, "distance": 1259, "driving_time": 1212, "preparation_time": 0, "load_before": [0], "load_after": [0]}, {"type": "service", "id": "1704137000_15", "location_id": "1704137000", "address": {"location_id": "1704137000", "lat": 42.27712015, "lon": -71.06866642}, "arr_time": 1676286329, "arr_date_time": "2023-02-13T06:05:29-05:00", "end_time": 1676286629, "end_date_time": "2023-02-13T06:10:29-05:00", "waiting_time": 0, "distance": 1277, "driving_time": 1229, "preparation_time": 0, "load_before": [0], "load_after": [0]}, {"type": "service", "id": "1704173000_35", "location_id": "1704173000", "address": {"location_id": "1704173000", "lat": 42.27752157, "lon": -71.06906813}, "arr_time": 1676286644, "arr_date_time": "2023-02-13T06:10:44-05:00", "end_time": 1676286944, "end_date_time": "2023-02-13T06:15:44-05:00", "waiting_time": 0, "distance": 1292, "driving_time": 1244, "preparation_time": 0, "load_before": [0], "load_after": [0]}, {"type": "service", "id": "1704136000_14", "location_id": "1704136000", "address": {"location_id": "1704136000", "lat": 42.27713625, "lon": -71.06891768}, "arr_time": 1676286948, "arr_date_time": "2023-02-13T06:15:48-05:00", "end_time": 1676287248, "end_date_time": "2023-02-13T06:20:48-05:00", "waiting_time": 0, "distance": 1296, "driving_time": 1248, "preparation_time": 0, "load_before": [0], "load_after": [0]}, {"type": "service", "id": "1704155000_26", "location_id": "1704155000", "address": {"location_id": "1704155000", "lat": 42.27696495, "lon": -71.06906429}, "arr_time": 1676287320, "arr_date_time": "2023-02-13T06:22:00-05:00", "end_time": 1676287620, "end_date_time": "2023-02-13T06:27:00-05:00", "waiting_time": 0, "distance": 1371, "driving_time": 1320, "preparation_time": 0, "load_before": [0], "load_after": [0]}, {"type": "service", "id": "1704154000_25", "location_id": "1704154000", "address": {"location_id": "1704154000", "lat": 42.27682815, "lon": -71.06902952}, "arr_time": 1676287635, "arr_date_time": "2023-02-13T06:27:15-05:00", "end_time": 1676287935, "end_date_time": "2023-02-13T06:32:15-05:00", "waiting_time": 0, "distance": 1386, "driving_time": 1335, "preparation_time": 0, "load_before": [0], "load_after": [0]}, {"type": "service", "id": "1703278010_01", "location_id": "1703278010", "address": {"location_id": "1703278010", "lat": 42.27629335, "lon": -71.06982107}, "arr_time": 1676287992, "arr_date_time": "2023-02-13T06:33:12-05:00", "end_time": 1676288292, "end_date_time": "2023-02-13T06:38:12-05:00", "waiting_time": 0, "distance": 1446, "driving_time": 1392, "preparation_time": 0, "load_before": [0], "load_after": [0]}, {"type": "service", "id": "1703278020_02", "location_id": "1703278020", "address": {"location_id": "1703278020", "lat": 42.27611369, "lon": -71.06986992}, "arr_time": 1676288312, "arr_date_time": "2023-02-13T06:38:32-05:00", "end_time": 1676288612, "end_date_time": "2023-02-13T06:43:32-05:00", "waiting_time": 0, "distance": 1466, "driving_time": 1412, "preparation_time": 0, "load_before": [0], "load_after": [0]}, {"type": "service", "id": "1704116000_13", "location_id": "1704116000", "address": {"location_id": "1704116000", "lat": 42.2759485, "lon": -71.06913921}, "arr_time": 1676288683, "arr_date_time": "2023-02-13T06:44:43-05:00", "end_time": 1676288983, "end_date_time": "2023-02-13T06:49:43-05:00", "waiting_time": 0, "distance": 1540, "driving_time": 1483, "preparation_time": 0, "load_before": [0], "load_after": [0]}, {"type": "service", "id": "1704076000_03", "location_id": "1704076000", "address": {"location_id": "1704076000", "lat": 42.27611266, "lon": -71.06924587}, "arr_time": 1676289097, "arr_date_time": "2023-02-13T06:51:37-05:00", "end_time": 1676289397, "end_date_time": "2023-02-13T06:56:37-05:00", "waiting_time": 0, "distance": 1659, "driving_time": 1597, "preparation_time": 0, "load_before": [0], "load_after": [0]}, {"type": "service", "id": "1704152000_24", "location_id": "1704152000", "address": {"location_id": "1704152000", "lat": 42.27642205, "lon": -71.06907694}, "arr_time": 1676289405, "arr_date_time": "2023-02-13T06:56:45-05:00", "end_time": 1676289705, "end_date_time": "2023-02-13T07:01:45-05:00", "waiting_time": 0, "distance": 1668, "driving_time": 1605, "preparation_time": 0, "load_before": [0], "load_after": [0]}, {"type": "service", "id": "1704076001_04", "location_id": "1704076001", "address": {"location_id": "1704076001", "lat": 42.2760999, "lon": -71.06900229}, "arr_time": 1676289715, "arr_date_time": "2023-02-13T07:01:55-05:00", "end_time": 1676290015, "end_date_time": "2023-02-13T07:06:55-05:00", "waiting_time": 0, "distance": 1678, "driving_time": 1615, "preparation_time": 0, "load_before": [0], "load_after": [0]}, {"type": "service", "id": "1704077000_05", "location_id": "1704077000", "address": {"location_id": "1704077000", "lat": 42.27608865, "lon": -71.06877911}, "arr_time": 1676290031, "arr_date_time": "2023-02-13T07:07:11-05:00", "end_time": 1676290331, "end_date_time": "2023-02-13T07:12:11-05:00", "waiting_time": 0, "distance": 1694, "driving_time": 1631, "preparation_time": 0, "load_before": [0], "load_after": [0]}, {"type": "service", "id": "1704151000_23", "location_id": "1704151000", "address": {"location_id": "1704151000", "lat": 42.27646058, "lon": -71.06870408}, "arr_time": 1676290343, "arr_date_time": "2023-02-13T07:12:23-05:00", "end_time": 1676290643, "end_date_time": "2023-02-13T07:17:23-05:00", "waiting_time": 0, "distance": 1707, "driving_time": 1643, "preparation_time": 0, "load_before": [0], "load_after": [0]}, {"type": "service", "id": "1704077001_06", "location_id": "1704077001", "address": {"location_id": "1704077001", "lat": 42.27612418, "lon": -71.06853537}, "arr_time": 1676290647, "arr_date_time": "2023-02-13T07:17:27-05:00", "end_time": 1676290947, "end_date_time": "2023-02-13T07:22:27-05:00", "waiting_time": 0, "distance": 1711, "driving_time": 1647, "preparation_time": 0, "load_before": [0], "load_after": [0]}, {"type": "service", "id": "1704079000_07", "location_id": "1704079000", "address": {"location_id": "1704079000", "lat": 42.27619962, "lon": -71.06818948}, "arr_time": 1676290975, "arr_date_time": "2023-02-13T07:22:55-05:00", "end_time": 1676291275, "end_date_time": "2023-02-13T07:27:55-05:00", "waiting_time": 0, "distance": 1741, "driving_time": 1675, "preparation_time": 0, "load_before": [0], "load_after": [0]}, {"type": "service", "id": "1704148000_22", "location_id": "1704148000", "address": {"location_id": "1704148000", "lat": 42.27653725, "lon": -71.06806536}, "arr_time": 1676291293, "arr_date_time": "2023-02-13T07:28:13-05:00", "end_time": 1676291593, "end_date_time": "2023-02-13T07:33:13-05:00", "waiting_time": 0, "distance": 1760, "driving_time": 1693, "preparation_time": 0, "load_before": [0], "load_after": [0]}, {"type": "service", "id": "1704147000_21", "location_id": "1704147000", "address": {"location_id": "1704147000", "lat": 42.27667798, "lon": -71.06802578}, "arr_time": 1676291628, "arr_date_time": "2023-02-13T07:33:48-05:00", "end_time": 1676291928, "end_date_time": "2023-02-13T07:38:48-05:00", "waiting_time": 0, "distance": 1796, "driving_time": 1728, "preparation_time": 0, "load_before": [0], "load_after": [0]}, {"type": "service", "id": "1704146000_20", "location_id": "1704146000", "address": {"location_id": "1704146000", "lat": 42.27691132, "lon": -71.06789805}, "arr_time": 1676291955, "arr_date_time": "2023-02-13T07:39:15-05:00", "end_time": 1676292255, "end_date_time": "2023-02-13T07:44:15-05:00", "waiting_time": 0, "distance": 1824, "driving_time": 1755, "preparation_time": 0, "load_before": [0], "load_after": [0]}, {"type": "service", "id": "1704145000_19", "location_id": "1704145000", "address": {"location_id": "1704145000", "lat": 42.27707009, "lon": -71.0678626}, "arr_time": 1676292272, "arr_date_time": "2023-02-13T07:44:32-05:00", "end_time": 1676292572, "end_date_time": "2023-02-13T07:49:32-05:00", "waiting_time": 0, "distance": 1842, "driving_time": 1772, "preparation_time": 0, "load_before": [0], "load_after": [0]}, {"type": "service", "id": "1704083010_08", "location_id": "1704083010", "address": {"location_id": "1704083010", "lat": 42.27724154, "lon": -71.06737347}, "arr_time": 1676292597, "arr_date_time": "2023-02-13T07:49:57-05:00", "end_time": 1676292897, "end_date_time": "2023-02-13T07:54:57-05:00", "waiting_time": 0, "distance": 1869, "driving_time": 1797, "preparation_time": 0, "load_before": [0], "load_after": [0]}, {"type": "service", "id": "1704084000_09", "location_id": "1704084000", "address": {"location_id": "1704084000", "lat": 42.27737476, "lon": -71.06733271}, "arr_time": 1676292912, "arr_date_time": "2023-02-13T07:55:12-05:00", "end_time": 1676293212, "end_date_time": "2023-02-13T08:00:12-05:00", "waiting_time": 0, "distance": 1884, "driving_time": 1812, "preparation_time": 0, "load_before": [0], "load_after": [0]}, {"type": "service", "id": "1704084001_10", "location_id": "1704084001", "address": {"location_id": "1704084001", "lat": 42.27750079, "lon": -71.0673277}, "arr_time": 1676293223, "arr_date_time": "2023-02-13T08:00:23-05:00", "end_time": 1676293523, "end_date_time": "2023-02-13T08:05:23-05:00", "waiting_time": 0, "distance": 1896, "driving_time": 1823, "preparation_time": 0, "load_before": [0], "load_after": [0]}, {"type": "service", "id": "1704085000_11", "location_id": "1704085000", "address": {"location_id": "1704085000", "lat": 42.27761189, "lon": -71.06731294}, "arr_time": 1676293555, "arr_date_time": "2023-02-13T08:05:55-05:00", "end_time": 1676293855, "end_date_time": "2023-02-13T08:10:55-05:00", "waiting_time": 0, "distance": 1929, "driving_time": 1855, "preparation_time": 0, "load_before": [0], "load_after": [0]}, {"type": "service", "id": "1704200000_44", "location_id": "1704200000", "address": {"location_id": "1704200000", "lat": 42.27791622, "lon": -71.0673585}, "arr_time": 1676293864, "arr_date_time": "2023-02-13T08:11:04-05:00", "end_time": 1676294164, "end_date_time": "2023-02-13T08:16:04-05:00", "waiting_time": 0, "distance": 1938, "driving_time": 1864, "preparation_time": 0, "load_before": [0], "load_after": [0]}, {"type": "service", "id": "1704087000_12", "location_id": "1704087000", "address": {"location_id": "1704087000", "lat": 42.27766284, "lon": -71.0670898}, "arr_time": 1676294173, "arr_date_time": "2023-02-13T08:16:13-05:00", "end_time": 1676294473, "end_date_time": "2023-02-13T08:21:13-05:00", "waiting_time": 0, "distance": 1948, "driving_time": 1873, "preparation_time": 0, "load_before": [0], "load_after": [0]}, {"type": "service", "id": "1704199000_43", "location_id": "1704199000", "address": {"location_id": "1704199000", "lat": 42.27809969, "lon": -71.06722496}, "arr_time": 1676294481, "arr_date_time": "2023-02-13T08:21:21-05:00", "end_time": 1676294781, "end_date_time": "2023-02-13T08:26:21-05:00", "waiting_time": 0, "distance": 1956, "driving_time": 1881, "preparation_time": 0, "load_before": [0], "load_after": [0]}, {"type": "service", "id": "1704196000_41", "location_id": "1704196000", "address": {"location_id": "1704196000", "lat": 42.27807157, "lon": -71.06669486}, "arr_time": 1676294836, "arr_date_time": "2023-02-13T08:27:16-05:00", "end_time": 1676295136, "end_date_time": "2023-02-13T08:32:16-05:00", "waiting_time": 0, "distance": 2014, "driving_time": 1936, "preparation_time": 0, "load_before": [0], "load_after": [0]}, {"type": "service", "id": "1704197000_42", "location_id": "1704197000", "address": {"location_id": "1704197000", "lat": 42.27813883, "lon": -71.06694124}, "arr_time": 1676295191, "arr_date_time": "2023-02-13T08:33:11-05:00", "end_time": 1676295491, "end_date_time": "2023-02-13T08:38:11-05:00", "waiting_time": 0, "distance": 2072, "driving_time": 1991, "preparation_time": 0, "load_before": [0], "load_after": [0]}, {"type": "end", "location_id": "1704185000", "address": {"location_id": "1704185000", "lat": 42.27923515, "lon": -71.06690046}, "arr_time": 1676295749, "arr_date_time": "2023-02-13T08:42:29-05:00", "end_time": 1676295749, "end_date_time": "2023-02-13T08:42:29-05:00", "waiting_time": 0, "distance": 2341, "driving_time": 2249, "preparation_time": 0, "load_before": [0]}]}], "unassigned": {"services": [], "shipments": [], "breaks": [], "details": []}}}