{"copyrights": ["GraphHopper", "OpenStreetMap contributors"], "job_id": "80f03a20-daa7-4fa4-8a90-a207d4b38750", "status": "finished", "waiting_time_in_queue": 1, "processing_time": 170, "solution": {"costs": 362, "distance": 4099, "time": 3936, "transport_time": 3936, "completion_time": 20136, "max_operation_time": 20136, "waiting_time": 0, "service_duration": 16200, "preparation_time": 0, "no_vehicles": 1, "no_unassigned": 0, "routes": [{"vehicle_id": "my_vehicle", "shift_id": "default-shift", "distance": 4099, "transport_time": 3936, "completion_time": 20136, "waiting_time": 0, "service_duration": 16200, "preparation_time": 0, "activities": [{"type": "start", "location_id": "1100633000", "address": {"location_id": "1100633000", "lat": 42.3266101, "lon": -71.09585391}, "arr_time": 1676278800, "arr_date_time": "2023-02-13T04:00:00-05:00", "end_time": 1676278800, "end_date_time": "2023-02-13T04:00:00-05:00", "waiting_time": 0, "distance": 0, "driving_time": 0, "preparation_time": 0, "load_after": [0]}, {"type": "service", "id": "1100500010_31", "location_id": "1100500010", "address": {"location_id": "1100500010", "lat": 42.3261335, "lon": -71.09555609}, "arr_time": 1676278860, "arr_date_time": "2023-02-13T04:01:00-05:00", "end_time": 1676279160, "end_date_time": "2023-02-13T04:06:00-05:00", "waiting_time": 0, "distance": 63, "driving_time": 60, "preparation_time": 0, "load_before": [0], "load_after": [0]}, {"type": "service", "id": "1100625000_47", "location_id": "1100625000", "address": {"location_id": "1100625000", "lat": 42.32631775, "lon": -71.09536944}, "arr_time": 1676279161, "arr_date_time": "2023-02-13T04:06:01-05:00", "end_time": 1676279461, "end_date_time": "2023-02-13T04:11:01-05:00", "waiting_time": 0, "distance": 64, "driving_time": 61, "preparation_time": 0, "load_before": [0], "load_after": [0]}, {"type": "service", "id": "1100622000_46", "location_id": "1100622000", "address": {"location_id": "1100622000", "lat": 42.32622055, "lon": -71.0951787}, "arr_time": 1676279483, "arr_date_time": "2023-02-13T04:11:23-05:00", "end_time": 1676279783, "end_date_time": "2023-02-13T04:16:23-05:00", "waiting_time": 0, "distance": 87, "driving_time": 83, "preparation_time": 0, "load_before": [0], "load_after": [0]}, {"type": "service", "id": "1100620000_45", "location_id": "1100620000", "address": {"location_id": "1100620000", "lat": 42.32614296, "lon": -71.09502885}, "arr_time": 1676279797, "arr_date_time": "2023-02-13T04:16:37-05:00", "end_time": 1676280097, "end_date_time": "2023-02-13T04:21:37-05:00", "waiting_time": 0, "distance": 102, "driving_time": 97, "preparation_time": 0, "load_before": [0], "load_after": [0]}, {"type": "service", "id": "1100619000_44", "location_id": "1100619000", "address": {"location_id": "1100619000", "lat": 42.32609786, "lon": -71.09493854}, "arr_time": 1676280105, "arr_date_time": "2023-02-13T04:21:45-05:00", "end_time": 1676280405, "end_date_time": "2023-02-13T04:26:45-05:00", "waiting_time": 0, "distance": 111, "driving_time": 105, "preparation_time": 0, "load_before": [0], "load_after": [0]}, {"type": "service", "id": "1100616000_43", "location_id": "1100616000", "address": {"location_id": "1100616000", "lat": 42.32599385, "lon": -71.09473562}, "arr_time": 1676280425, "arr_date_time": "2023-02-13T04:27:05-05:00", "end_time": 1676280725, "end_date_time": "2023-02-13T04:32:05-05:00", "waiting_time": 0, "distance": 131, "driving_time": 125, "preparation_time": 0, "load_before": [0], "load_after": [0]}, {"type": "service", "id": "1100615000_42", "location_id": "1100615000", "address": {"location_id": "1100615000", "lat": 42.32595985, "lon": -71.09466803}, "arr_time": 1676280732, "arr_date_time": "2023-02-13T04:32:12-05:00", "end_time": 1676281032, "end_date_time": "2023-02-13T04:37:12-05:00", "waiting_time": 0, "distance": 138, "driving_time": 132, "preparation_time": 0, "load_before": [0], "load_after": [0]}, {"type": "service", "id": "1100721000_48", "location_id": "1100721000", "address": {"location_id": "1100721000", "lat": 42.32579086, "lon": -71.09429904}, "arr_time": 1676281068, "arr_date_time": "2023-02-13T04:37:48-05:00", "end_time": 1676281368, "end_date_time": "2023-02-13T04:42:48-05:00", "waiting_time": 0, "distance": 176, "driving_time": 168, "preparation_time": 0, "load_before": [0], "load_after": [0]}, {"type": "service", "id": "1100603000_39", "location_id": "1100603000", "address": {"location_id": "1100603000", "lat": 42.32506297, "lon": -71.09352873}, "arr_time": 1676281497, "arr_date_time": "2023-02-13T04:44:57-05:00", "end_time": 1676281797, "end_date_time": "2023-02-13T04:49:57-05:00", "waiting_time": 0, "distance": 310, "driving_time": 297, "preparation_time": 0, "load_before": [0], "load_after": [0]}, {"type": "service", "id": "1100169001_06", "location_id": "1100169001", "address": {"location_id": "1100169001", "lat": 42.32446066, "lon": -71.09286841}, "arr_time": 1676281883, "arr_date_time": "2023-02-13T04:51:23-05:00", "end_time": 1676282183, "end_date_time": "2023-02-13T04:56:23-05:00", "waiting_time": 0, "distance": 398, "driving_time": 383, "preparation_time": 0, "load_before": [0], "load_after": [0]}, {"type": "service", "id": "1100530000_34", "location_id": "1100530000", "address": {"location_id": "1100530000", "lat": 42.32355247, "lon": -71.09354505}, "arr_time": 1676282291, "arr_date_time": "2023-02-13T04:58:11-05:00", "end_time": 1676282591, "end_date_time": "2023-02-13T05:03:11-05:00", "waiting_time": 0, "distance": 510, "driving_time": 491, "preparation_time": 0, "load_before": [0], "load_after": [0]}, {"type": "service", "id": "1100547000_36", "location_id": "1100547000", "address": {"location_id": "1100547000", "lat": 42.32341309, "lon": -71.09415847}, "arr_time": 1676282681, "arr_date_time": "2023-02-13T05:04:41-05:00", "end_time": 1676282981, "end_date_time": "2023-02-13T05:09:41-05:00", "waiting_time": 0, "distance": 605, "driving_time": 581, "preparation_time": 0, "load_before": [0], "load_after": [0]}, {"type": "service", "id": "1100541000_35", "location_id": "1100541000", "address": {"location_id": "1100541000", "lat": 42.32379877, "lon": -71.09490562}, "arr_time": 1676283069, "arr_date_time": "2023-02-13T05:11:09-05:00", "end_time": 1676283369, "end_date_time": "2023-02-13T05:16:09-05:00", "waiting_time": 0, "distance": 697, "driving_time": 669, "preparation_time": 0, "load_before": [0], "load_after": [0]}, {"type": "service", "id": "1100549000_37", "location_id": "1100549000", "address": {"location_id": "1100549000", "lat": 42.32321086, "lon": -71.09407612}, "arr_time": 1676283511, "arr_date_time": "2023-02-13T05:18:31-05:00", "end_time": 1676283811, "end_date_time": "2023-02-13T05:23:31-05:00", "waiting_time": 0, "distance": 844, "driving_time": 811, "preparation_time": 0, "load_before": [0], "load_after": [0]}, {"type": "service", "id": "1100557000_38", "location_id": "1100557000", "address": {"location_id": "1100557000", "lat": 42.3235443, "lon": -71.09517159}, "arr_time": 1676283944, "arr_date_time": "2023-02-13T05:25:44-05:00", "end_time": 1676284244, "end_date_time": "2023-02-13T05:30:44-05:00", "waiting_time": 0, "distance": 983, "driving_time": 944, "preparation_time": 0, "load_before": [0], "load_after": [0]}, {"type": "service", "id": "1100812000_50", "location_id": "1100812000", "address": {"location_id": "1100812000", "lat": 42.32471532, "lon": -71.09683847}, "arr_time": 1676284413, "arr_date_time": "2023-02-13T05:33:33-05:00", "end_time": 1676284713, "end_date_time": "2023-02-13T05:38:33-05:00", "waiting_time": 0, "distance": 1160, "driving_time": 1113, "preparation_time": 0, "load_before": [0], "load_after": [0]}, {"type": "service", "id": "1100811000_49", "location_id": "1100811000", "address": {"location_id": "1100811000", "lat": 42.32484272, "lon": -71.0968963}, "arr_time": 1676284728, "arr_date_time": "2023-02-13T05:38:48-05:00", "end_time": 1676285028, "end_date_time": "2023-02-13T05:43:48-05:00", "waiting_time": 0, "distance": 1175, "driving_time": 1128, "preparation_time": 0, "load_before": [0], "load_after": [0]}, {"type": "service", "id": "1100426010_30", "location_id": "1100426010", "address": {"location_id": "1100426010", "lat": 42.32286212, "lon": -71.0951064}, "arr_time": 1676285277, "arr_date_time": "2023-02-13T05:47:57-05:00", "end_time": 1676285577, "end_date_time": "2023-02-13T05:52:57-05:00", "waiting_time": 0, "distance": 1435, "driving_time": 1377, "preparation_time": 0, "load_before": [0], "load_after": [0]}, {"type": "service", "id": "1100424000_29", "location_id": "1100424000", "address": {"location_id": "1100424000", "lat": 42.32272739, "lon": -71.09505408}, "arr_time": 1676285592, "arr_date_time": "2023-02-13T05:53:12-05:00", "end_time": 1676285892, "end_date_time": "2023-02-13T05:58:12-05:00", "waiting_time": 0, "distance": 1450, "driving_time": 1392, "preparation_time": 0, "load_before": [0], "load_after": [0]}, {"type": "service", "id": "1100422000_28", "location_id": "1100422000", "address": {"location_id": "1100422000", "lat": 42.32254886, "lon": -71.09511021}, "arr_time": 1676285932, "arr_date_time": "2023-02-13T05:58:52-05:00", "end_time": 1676286232, "end_date_time": "2023-02-13T06:03:52-05:00", "waiting_time": 0, "distance": 1491, "driving_time": 1432, "preparation_time": 0, "load_before": [0], "load_after": [0]}, {"type": "service", "id": "1100403000_25", "location_id": "1100403000", "address": {"location_id": "1100403000", "lat": 42.32228693, "lon": -71.09489798}, "arr_time": 1676286256, "arr_date_time": "2023-02-13T06:04:16-05:00", "end_time": 1676286556, "end_date_time": "2023-02-13T06:09:16-05:00", "waiting_time": 0, "distance": 1516, "driving_time": 1456, "preparation_time": 0, "load_before": [0], "load_after": [0]}, {"type": "service", "id": "1100408000_27", "location_id": "1100408000", "address": {"location_id": "1100408000", "lat": 42.3222142, "lon": -71.09450486}, "arr_time": 1676286588, "arr_date_time": "2023-02-13T06:09:48-05:00", "end_time": 1676286888, "end_date_time": "2023-02-13T06:14:48-05:00", "waiting_time": 0, "distance": 1549, "driving_time": 1488, "preparation_time": 0, "load_before": [0], "load_after": [0]}, {"type": "service", "id": "1100407000_26", "location_id": "1100407000", "address": {"location_id": "1100407000", "lat": 42.32213481, "lon": -71.09453606}, "arr_time": 1676286917, "arr_date_time": "2023-02-13T06:15:17-05:00", "end_time": 1676287217, "end_date_time": "2023-02-13T06:20:17-05:00", "waiting_time": 0, "distance": 1579, "driving_time": 1517, "preparation_time": 0, "load_before": [0], "load_after": [0]}, {"type": "service", "id": "1100921000_51", "location_id": "1100921000", "address": {"location_id": "1100921000", "lat": 42.32158833, "lon": -71.09500917}, "arr_time": 1676287393, "arr_date_time": "2023-02-13T06:23:13-05:00", "end_time": 1676287693, "end_date_time": "2023-02-13T06:28:13-05:00", "waiting_time": 0, "distance": 1763, "driving_time": 1693, "preparation_time": 0, "load_before": [0], "load_after": [0]}, {"type": "service", "id": "1100922000_52", "location_id": "1100922000", "address": {"location_id": "1100922000", "lat": 42.32154003, "lon": -71.09481601}, "arr_time": 1676287708, "arr_date_time": "2023-02-13T06:28:28-05:00", "end_time": 1676288008, "end_date_time": "2023-02-13T06:33:28-05:00", "waiting_time": 0, "distance": 1779, "driving_time": 1708, "preparation_time": 0, "load_before": [0], "load_after": [0]}, {"type": "service", "id": "1100395000_24", "location_id": "1100395000", "address": {"location_id": "1100395000", "lat": 42.32177165, "lon": -71.09446029}, "arr_time": 1676288015, "arr_date_time": "2023-02-13T06:33:35-05:00", "end_time": 1676288315, "end_date_time": "2023-02-13T06:38:35-05:00", "waiting_time": 0, "distance": 1787, "driving_time": 1715, "preparation_time": 0, "load_before": [0], "load_after": [0]}, {"type": "service", "id": "1100924000_53", "location_id": "1100924000", "address": {"location_id": "1100924000", "lat": 42.3213167, "lon": -71.09453486}, "arr_time": 1676288340, "arr_date_time": "2023-02-13T06:39:00-05:00", "end_time": 1676288640, "end_date_time": "2023-02-13T06:44:00-05:00", "waiting_time": 0, "distance": 1813, "driving_time": 1740, "preparation_time": 0, "load_before": [0], "load_after": [0]}, {"type": "service", "id": "1100393000_23", "location_id": "1100393000", "address": {"location_id": "1100393000", "lat": 42.32162257, "lon": -71.09421905}, "arr_time": 1676288640, "arr_date_time": "2023-02-13T06:44:00-05:00", "end_time": 1676288940, "end_date_time": "2023-02-13T06:49:00-05:00", "waiting_time": 0, "distance": 1813, "driving_time": 1740, "preparation_time": 0, "load_before": [0], "load_after": [0]}, {"type": "service", "id": "1100392000_22", "location_id": "1100392000", "address": {"location_id": "1100392000", "lat": 42.32154894, "lon": -71.09410257}, "arr_time": 1676288952, "arr_date_time": "2023-02-13T06:49:12-05:00", "end_time": 1676289252, "end_date_time": "2023-02-13T06:54:12-05:00", "waiting_time": 0, "distance": 1826, "driving_time": 1752, "preparation_time": 0, "load_before": [0], "load_after": [0]}, {"type": "service", "id": "1100391000_21", "location_id": "1100391000", "address": {"location_id": "1100391000", "lat": 42.32148267, "lon": -71.09398791}, "arr_time": 1676289264, "arr_date_time": "2023-02-13T06:54:24-05:00", "end_time": 1676289564, "end_date_time": "2023-02-13T06:59:24-05:00", "waiting_time": 0, "distance": 1838, "driving_time": 1764, "preparation_time": 0, "load_before": [0], "load_after": [0]}, {"type": "service", "id": "1100927000_54", "location_id": "1100927000", "address": {"location_id": "1100927000", "lat": 42.32110616, "lon": -71.09415161}, "arr_time": 1676289579, "arr_date_time": "2023-02-13T06:59:39-05:00", "end_time": 1676289879, "end_date_time": "2023-02-13T07:04:39-05:00", "waiting_time": 0, "distance": 1853, "driving_time": 1779, "preparation_time": 0, "load_before": [0], "load_after": [0]}, {"type": "service", "id": "1100369000_15", "location_id": "1100369000", "address": {"location_id": "1100369000", "lat": 42.32121566, "lon": -71.09354943}, "arr_time": 1676289911, "arr_date_time": "2023-02-13T07:05:11-05:00", "end_time": 1676290211, "end_date_time": "2023-02-13T07:10:11-05:00", "waiting_time": 0, "distance": 1886, "driving_time": 1811, "preparation_time": 0, "load_before": [0], "load_after": [0]}, {"type": "service", "id": "1100373000_16", "location_id": "1100373000", "address": {"location_id": "1100373000", "lat": 42.32125392, "lon": -71.09333896}, "arr_time": 1676290221, "arr_date_time": "2023-02-13T07:10:21-05:00", "end_time": 1676290521, "end_date_time": "2023-02-13T07:15:21-05:00", "waiting_time": 0, "distance": 1897, "driving_time": 1821, "preparation_time": 0, "load_before": [0], "load_after": [0]}, {"type": "service", "id": "1100375000_17", "location_id": "1100375000", "address": {"location_id": "1100375000", "lat": 42.32142448, "lon": -71.09315044}, "arr_time": 1676290613, "arr_date_time": "2023-02-13T07:16:53-05:00", "end_time": 1676290913, "end_date_time": "2023-02-13T07:21:53-05:00", "waiting_time": 0, "distance": 1993, "driving_time": 1913, "preparation_time": 0, "load_before": [0], "load_after": [0]}, {"type": "service", "id": "1100381000_18", "location_id": "1100381000", "address": {"location_id": "1100381000", "lat": 42.32176044, "lon": -71.09273572}, "arr_time": 1676290973, "arr_date_time": "2023-02-13T07:22:53-05:00", "end_time": 1676291273, "end_date_time": "2023-02-13T07:27:53-05:00", "waiting_time": 0, "distance": 2055, "driving_time": 1973, "preparation_time": 0, "load_before": [0], "load_after": [0]}, {"type": "service", "id": "1100383000_19", "location_id": "1100383000", "address": {"location_id": "1100383000", "lat": 42.3218711, "lon": -71.09290935}, "arr_time": 1676291311, "arr_date_time": "2023-02-13T07:28:31-05:00", "end_time": 1676291611, "end_date_time": "2023-02-13T07:33:31-05:00", "waiting_time": 0, "distance": 2094, "driving_time": 2011, "preparation_time": 0, "load_before": [0], "load_after": [0]}, {"type": "service", "id": "1100385000_20", "location_id": "1100385000", "address": {"location_id": "1100385000", "lat": 42.32199035, "lon": -71.09258562}, "arr_time": 1676291669, "arr_date_time": "2023-02-13T07:34:29-05:00", "end_time": 1676291969, "end_date_time": "2023-02-13T07:39:29-05:00", "waiting_time": 0, "distance": 2155, "driving_time": 2069, "preparation_time": 0, "load_before": [0], "load_after": [0]}, {"type": "service", "id": "1100359000_13", "location_id": "1100359000", "address": {"location_id": "1100359000", "lat": 42.32163224, "lon": -71.09234225}, "arr_time": 1676292056, "arr_date_time": "2023-02-13T07:40:56-05:00", "end_time": 1676292356, "end_date_time": "2023-02-13T07:45:56-05:00", "waiting_time": 0, "distance": 2245, "driving_time": 2156, "preparation_time": 0, "load_before": [0], "load_after": [0]}, {"type": "service", "id": "1100360000_14", "location_id": "1100360000", "address": {"location_id": "1100360000", "lat": 42.32157502, "lon": -71.09248095}, "arr_time": 1676292368, "arr_date_time": "2023-02-13T07:46:08-05:00", "end_time": 1676292668, "end_date_time": "2023-02-13T07:51:08-05:00", "waiting_time": 0, "distance": 2258, "driving_time": 2168, "preparation_time": 0, "load_before": [0], "load_after": [0]}, {"type": "service", "id": "1100249000_12", "location_id": "1100249000", "address": {"location_id": "1100249000", "lat": 42.32242962, "lon": -71.09194242}, "arr_time": 1676292840, "arr_date_time": "2023-02-13T07:54:00-05:00", "end_time": 1676293140, "end_date_time": "2023-02-13T07:59:00-05:00", "waiting_time": 0, "distance": 2438, "driving_time": 2340, "preparation_time": 0, "load_before": [0], "load_after": [0]}, {"type": "service", "id": "1100196000_08", "location_id": "1100196000", "address": {"location_id": "1100196000", "lat": 42.32345988, "lon": -71.09181668}, "arr_time": 1676293248, "arr_date_time": "2023-02-13T08:00:48-05:00", "end_time": 1676293548, "end_date_time": "2023-02-13T08:05:48-05:00", "waiting_time": 0, "distance": 2550, "driving_time": 2448, "preparation_time": 0, "load_before": [0], "load_after": [0]}, {"type": "service", "id": "1100197010_09", "location_id": "1100197010", "address": {"location_id": "1100197010", "lat": 42.32362924, "lon": -71.09197355}, "arr_time": 1676293591, "arr_date_time": "2023-02-13T08:06:31-05:00", "end_time": 1676293891, "end_date_time": "2023-02-13T08:11:31-05:00", "waiting_time": 0, "distance": 2594, "driving_time": 2491, "preparation_time": 0, "load_before": [0], "load_after": [0]}, {"type": "service", "id": "1100217000_11", "location_id": "1100217000", "address": {"location_id": "1100217000", "lat": 42.323686, "lon": -71.0906434}, "arr_time": 1676294075, "arr_date_time": "2023-02-13T08:14:35-05:00", "end_time": 1676294375, "end_date_time": "2023-02-13T08:19:35-05:00", "waiting_time": 0, "distance": 2786, "driving_time": 2675, "preparation_time": 0, "load_before": [0], "load_after": [0]}, {"type": "service", "id": "903792000_02", "location_id": "903792000", "address": {"location_id": "903792000", "lat": 42.32399563, "lon": -71.09003793}, "arr_time": 1676294427, "arr_date_time": "2023-02-13T08:20:27-05:00", "end_time": 1676294727, "end_date_time": "2023-02-13T08:25:27-05:00", "waiting_time": 0, "distance": 2840, "driving_time": 2727, "preparation_time": 0, "load_before": [0], "load_after": [0]}, {"type": "service", "id": "1100188000_07", "location_id": "1100188000", "address": {"location_id": "1100188000", "lat": 42.32440492, "lon": -71.09055657}, "arr_time": 1676294747, "arr_date_time": "2023-02-13T08:25:47-05:00", "end_time": 1676295047, "end_date_time": "2023-02-13T08:30:47-05:00", "waiting_time": 0, "distance": 2860, "driving_time": 2747, "preparation_time": 0, "load_before": [0], "load_after": [0]}, {"type": "service", "id": "903794000_03", "location_id": "903794000", "address": {"location_id": "903794000", "lat": 42.32420047, "lon": -71.09003762}, "arr_time": 1676295047, "arr_date_time": "2023-02-13T08:30:47-05:00", "end_time": 1676295347, "end_date_time": "2023-02-13T08:35:47-05:00", "waiting_time": 0, "distance": 2860, "driving_time": 2747, "preparation_time": 0, "load_before": [0], "load_after": [0]}, {"type": "service", "id": "903800000_04", "location_id": "903800000", "address": {"location_id": "903800000", "lat": 42.32434543, "lon": -71.08973761}, "arr_time": 1676295432, "arr_date_time": "2023-02-13T08:37:12-05:00", "end_time": 1676295732, "end_date_time": "2023-02-13T08:42:12-05:00", "waiting_time": 0, "distance": 2949, "driving_time": 2832, "preparation_time": 0, "load_before": [0], "load_after": [0]}, {"type": "service", "id": "903781000_01", "location_id": "903781000", "address": {"location_id": "903781000", "lat": 42.32391916, "lon": -71.08938294}, "arr_time": 1676295857, "arr_date_time": "2023-02-13T08:44:17-05:00", "end_time": 1676296157, "end_date_time": "2023-02-13T08:49:17-05:00", "waiting_time": 0, "distance": 3080, "driving_time": 2957, "preparation_time": 0, "load_before": [0], "load_after": [0]}, {"type": "service", "id": "1100207000_10", "location_id": "1100207000", "address": {"location_id": "1100207000", "lat": 42.32449269, "lon": -71.090865}, "arr_time": 1676296429, "arr_date_time": "2023-02-13T08:53:49-05:00", "end_time": 1676296729, "end_date_time": "2023-02-13T08:58:49-05:00", "waiting_time": 0, "distance": 3363, "driving_time": 3229, "preparation_time": 0, "load_before": [0], "load_after": [0]}, {"type": "service", "id": "1100166001_05", "location_id": "1100166001", "address": {"location_id": "1100166001", "lat": 42.32445163, "lon": -71.09205696}, "arr_time": 1676296837, "arr_date_time": "2023-02-13T09:00:37-05:00", "end_time": 1676297137, "end_date_time": "2023-02-13T09:05:37-05:00", "waiting_time": 0, "distance": 3476, "driving_time": 3337, "preparation_time": 0, "load_before": [0], "load_after": [0]}, {"type": "service", "id": "1100612010_40", "location_id": "1100612010", "address": {"location_id": "1100612010", "lat": 42.32436797, "lon": -71.09390005}, "arr_time": 1676297343, "arr_date_time": "2023-02-13T09:09:03-05:00", "end_time": 1676297643, "end_date_time": "2023-02-13T09:14:03-05:00", "waiting_time": 0, "distance": 3690, "driving_time": 3543, "preparation_time": 0, "load_before": [0], "load_after": [0]}, {"type": "service", "id": "1100612020_41", "location_id": "1100612020", "address": {"location_id": "1100612020", "lat": 42.32440495, "lon": -71.09407799}, "arr_time": 1676297680, "arr_date_time": "2023-02-13T09:14:40-05:00", "end_time": 1676297980, "end_date_time": "2023-02-13T09:19:40-05:00", "waiting_time": 0, "distance": 3730, "driving_time": 3580, "preparation_time": 0, "load_before": [0], "load_after": [0]}, {"type": "service", "id": "1100521000_33", "location_id": "1100521000", "address": {"location_id": "1100521000", "lat": 42.32416327, "lon": -71.09472942}, "arr_time": 1676298009, "arr_date_time": "2023-02-13T09:20:09-05:00", "end_time": 1676298309, "end_date_time": "2023-02-13T09:25:09-05:00", "waiting_time": 0, "distance": 3760, "driving_time": 3609, "preparation_time": 0, "load_before": [0], "load_after": [0]}, {"type": "service", "id": "1100501010_32", "location_id": "1100501010", "address": {"location_id": "1100501010", "lat": 42.32568731, "lon": -71.09593314}, "arr_time": 1676298496, "arr_date_time": "2023-02-13T09:28:16-05:00", "end_time": 1676298796, "end_date_time": "2023-02-13T09:33:16-05:00", "waiting_time": 0, "distance": 3954, "driving_time": 3796, "preparation_time": 0, "load_before": [0], "load_after": [0]}, {"type": "end", "location_id": "1100633000", "address": {"location_id": "1100633000", "lat": 42.3266101, "lon": -71.09585391}, "arr_time": 1676298936, "arr_date_time": "2023-02-13T09:35:36-05:00", "end_time": 1676298936, "end_date_time": "2023-02-13T09:35:36-05:00", "waiting_time": 0, "distance": 4099, "driving_time": 3936, "preparation_time": 0, "load_before": [0]}]}], "unassigned": {"services": [], "shipments": [], "breaks": [], "details": []}}}