{"copyrights": ["GraphHopper", "OpenStreetMap contributors"], "job_id": "fe9e85c0-8909-4eed-84c7-ec12567ce4d9", "status": "finished", "waiting_time_in_queue": 0, "processing_time": 202, "solution": {"costs": 372, "distance": 4768, "time": 4579, "transport_time": 4579, "completion_time": 21379, "max_operation_time": 21379, "waiting_time": 0, "service_duration": 16800, "preparation_time": 0, "no_vehicles": 1, "no_unassigned": 0, "routes": [{"vehicle_id": "my_vehicle", "shift_id": "default-shift", "distance": 4768, "transport_time": 4579, "completion_time": 21379, "waiting_time": 0, "service_duration": 16800, "preparation_time": 0, "activities": [{"type": "start", "location_id": "1400991000", "address": {"location_id": "1400991000", "lat": 42.3039614, "lon": -71.08175457}, "arr_time": 1676278800, "arr_date_time": "2023-02-13T04:00:00-05:00", "end_time": 1676278800, "end_date_time": "2023-02-13T04:00:00-05:00", "waiting_time": 0, "distance": 0, "driving_time": 0, "preparation_time": 0, "load_after": [0]}, {"type": "service", "id": "1400921000_01", "location_id": "1400921000", "address": {"location_id": "1400921000", "lat": 42.30318489, "lon": -71.08239063}, "arr_time": 1676278971, "arr_date_time": "2023-02-13T04:02:51-05:00", "end_time": 1676279271, "end_date_time": "2023-02-13T04:07:51-05:00", "waiting_time": 0, "distance": 178, "driving_time": 171, "preparation_time": 0, "load_before": [0], "load_after": [0]}, {"type": "service", "id": "1400970000_08", "location_id": "1400970000", "address": {"location_id": "1400970000", "lat": 42.30329035, "lon": -71.08189486}, "arr_time": 1676279292, "arr_date_time": "2023-02-13T04:08:12-05:00", "end_time": 1676279592, "end_date_time": "2023-02-13T04:13:12-05:00", "waiting_time": 0, "distance": 200, "driving_time": 192, "preparation_time": 0, "load_before": [0], "load_after": [0]}, {"type": "service", "id": "1400965000_07", "location_id": "1400965000", "address": {"location_id": "1400965000", "lat": 42.30282544, "lon": -71.08119881}, "arr_time": 1676279667, "arr_date_time": "2023-02-13T04:14:27-05:00", "end_time": 1676279967, "end_date_time": "2023-02-13T04:19:27-05:00", "waiting_time": 0, "distance": 277, "driving_time": 267, "preparation_time": 0, "load_before": [0], "load_after": [0]}, {"type": "service", "id": "1401849000_35", "location_id": "1401849000", "address": {"location_id": "1401849000", "lat": 42.30221184, "lon": -71.08061581}, "arr_time": 1676280033, "arr_date_time": "2023-02-13T04:20:33-05:00", "end_time": 1676280333, "end_date_time": "2023-02-13T04:25:33-05:00", "waiting_time": 0, "distance": 347, "driving_time": 333, "preparation_time": 0, "load_before": [0], "load_after": [0]}, {"type": "service", "id": "1401850000_36", "location_id": "1401850000", "address": {"location_id": "1401850000", "lat": 42.30225818, "lon": -71.08049812}, "arr_time": 1676280344, "arr_date_time": "2023-02-13T04:25:44-05:00", "end_time": 1676280644, "end_date_time": "2023-02-13T04:30:44-05:00", "waiting_time": 0, "distance": 358, "driving_time": 344, "preparation_time": 0, "load_before": [0], "load_after": [0]}, {"type": "service", "id": "1401852000_37", "location_id": "1401852000", "address": {"location_id": "1401852000", "lat": 42.30234472, "lon": -71.08027653}, "arr_time": 1676280664, "arr_date_time": "2023-02-13T04:31:04-05:00", "end_time": 1676280964, "end_date_time": "2023-02-13T04:36:04-05:00", "waiting_time": 0, "distance": 379, "driving_time": 364, "preparation_time": 0, "load_before": [0], "load_after": [0]}, {"type": "service", "id": "1400959000_06", "location_id": "1400959000", "address": {"location_id": "1400959000", "lat": 42.30269666, "lon": -71.08054559}, "arr_time": 1676281025, "arr_date_time": "2023-02-13T04:37:05-05:00", "end_time": 1676281325, "end_date_time": "2023-02-13T04:42:05-05:00", "waiting_time": 0, "distance": 442, "driving_time": 425, "preparation_time": 0, "load_before": [0], "load_after": [0]}, {"type": "service", "id": "1400958000_05", "location_id": "1400958000", "address": {"location_id": "1400958000", "lat": 42.30278713, "lon": -71.0806825}, "arr_time": 1676281340, "arr_date_time": "2023-02-13T04:42:20-05:00", "end_time": 1676281640, "end_date_time": "2023-02-13T04:47:20-05:00", "waiting_time": 0, "distance": 457, "driving_time": 440, "preparation_time": 0, "load_before": [0], "load_after": [0]}, {"type": "service", "id": "1401013000_10", "location_id": "1401013000", "address": {"location_id": "1401013000", "lat": 42.30342079, "lon": -71.08091178}, "arr_time": 1676281699, "arr_date_time": "2023-02-13T04:48:19-05:00", "end_time": 1676281999, "end_date_time": "2023-02-13T04:53:19-05:00", "waiting_time": 0, "distance": 518, "driving_time": 499, "preparation_time": 0, "load_before": [0], "load_after": [0]}, {"type": "service", "id": "1400952000_04", "location_id": "1400952000", "address": {"location_id": "1400952000", "lat": 42.30324609, "lon": -71.08137066}, "arr_time": 1676282013, "arr_date_time": "2023-02-13T04:53:33-05:00", "end_time": 1676282313, "end_date_time": "2023-02-13T04:58:33-05:00", "waiting_time": 0, "distance": 533, "driving_time": 513, "preparation_time": 0, "load_before": [0], "load_after": [0]}, {"type": "service", "id": "1400987000_09", "location_id": "1400987000", "address": {"location_id": "1400987000", "lat": 42.30380654, "lon": -71.08114066}, "arr_time": 1676282364, "arr_date_time": "2023-02-13T04:59:24-05:00", "end_time": 1676282664, "end_date_time": "2023-02-13T05:04:24-05:00", "waiting_time": 0, "distance": 585, "driving_time": 564, "preparation_time": 0, "load_before": [0], "load_after": [0]}, {"type": "service", "id": "1401026000_11", "location_id": "1401026000", "address": {"location_id": "1401026000", "lat": 42.30383985, "lon": -71.08046169}, "arr_time": 1676282713, "arr_date_time": "2023-02-13T05:05:13-05:00", "end_time": 1676283013, "end_date_time": "2023-02-13T05:10:13-05:00", "waiting_time": 0, "distance": 636, "driving_time": 613, "preparation_time": 0, "load_before": [0], "load_after": [0]}, {"type": "service", "id": "1401045000_14", "location_id": "1401045000", "address": {"location_id": "1401045000", "lat": 42.30366333, "lon": -71.08000341}, "arr_time": 1676283052, "arr_date_time": "2023-02-13T05:10:52-05:00", "end_time": 1676283352, "end_date_time": "2023-02-13T05:15:52-05:00", "waiting_time": 0, "distance": 676, "driving_time": 652, "preparation_time": 0, "load_before": [0], "load_after": [0]}, {"type": "service", "id": "1401042000_13", "location_id": "1401042000", "address": {"location_id": "1401042000", "lat": 42.30357052, "lon": -71.07967614}, "arr_time": 1676283423, "arr_date_time": "2023-02-13T05:17:03-05:00", "end_time": 1676283723, "end_date_time": "2023-02-13T05:22:03-05:00", "waiting_time": 0, "distance": 749, "driving_time": 723, "preparation_time": 0, "load_before": [0], "load_after": [0]}, {"type": "service", "id": "1401040000_12", "location_id": "1401040000", "address": {"location_id": "1401040000", "lat": 42.30367216, "lon": -71.07944392}, "arr_time": 1676283744, "arr_date_time": "2023-02-13T05:22:24-05:00", "end_time": 1676284044, "end_date_time": "2023-02-13T05:27:24-05:00", "waiting_time": 0, "distance": 771, "driving_time": 744, "preparation_time": 0, "load_before": [0], "load_after": [0]}, {"type": "service", "id": "1401867000_38", "location_id": "1401867000", "address": {"location_id": "1401867000", "lat": 42.30217575, "lon": -71.08007199}, "arr_time": 1676284329, "arr_date_time": "2023-02-13T05:32:09-05:00", "end_time": 1676284629, "end_date_time": "2023-02-13T05:37:09-05:00", "waiting_time": 0, "distance": 1069, "driving_time": 1029, "preparation_time": 0, "load_before": [0], "load_after": [0]}, {"type": "service", "id": "1401667000_15", "location_id": "1401667000", "address": {"location_id": "1401667000", "lat": 42.30165442, "lon": -71.07938145}, "arr_time": 1676284739, "arr_date_time": "2023-02-13T05:38:59-05:00", "end_time": 1676285039, "end_date_time": "2023-02-13T05:43:59-05:00", "waiting_time": 0, "distance": 1183, "driving_time": 1139, "preparation_time": 0, "load_before": [0], "load_after": [0]}, {"type": "service", "id": "1401669000_16", "location_id": "1401669000", "address": {"location_id": "1401669000", "lat": 42.3014299, "lon": -71.07944931}, "arr_time": 1676285063, "arr_date_time": "2023-02-13T05:44:23-05:00", "end_time": 1676285363, "end_date_time": "2023-02-13T05:49:23-05:00", "waiting_time": 0, "distance": 1209, "driving_time": 1163, "preparation_time": 0, "load_before": [0], "load_after": [0]}, {"type": "service", "id": "1401671000_17", "location_id": "1401671000", "address": {"location_id": "1401671000", "lat": 42.30128813, "lon": -71.07948972}, "arr_time": 1676285379, "arr_date_time": "2023-02-13T05:49:39-05:00", "end_time": 1676285679, "end_date_time": "2023-02-13T05:54:39-05:00", "waiting_time": 0, "distance": 1225, "driving_time": 1179, "preparation_time": 0, "load_before": [0], "load_after": [0]}, {"type": "service", "id": "1401675000_18", "location_id": "1401675000", "address": {"location_id": "1401675000", "lat": 42.30083055, "lon": -71.0795885}, "arr_time": 1676285729, "arr_date_time": "2023-02-13T05:55:29-05:00", "end_time": 1676286029, "end_date_time": "2023-02-13T06:00:29-05:00", "waiting_time": 0, "distance": 1278, "driving_time": 1229, "preparation_time": 0, "load_before": [0], "load_after": [0]}, {"type": "service", "id": "1401679000_19", "location_id": "1401679000", "address": {"location_id": "1401679000", "lat": 42.30026663, "lon": -71.07964527}, "arr_time": 1676286093, "arr_date_time": "2023-02-13T06:01:33-05:00", "end_time": 1676286393, "end_date_time": "2023-02-13T06:06:33-05:00", "waiting_time": 0, "distance": 1344, "driving_time": 1293, "preparation_time": 0, "load_before": [0], "load_after": [0]}, {"type": "service", "id": "1401685000_20", "location_id": "1401685000", "address": {"location_id": "1401685000", "lat": 42.29952988, "lon": -71.07962213}, "arr_time": 1676286473, "arr_date_time": "2023-02-13T06:07:53-05:00", "end_time": 1676286773, "end_date_time": "2023-02-13T06:12:53-05:00", "waiting_time": 0, "distance": 1428, "driving_time": 1373, "preparation_time": 0, "load_before": [0], "load_after": [0]}, {"type": "service", "id": "1401720000_23", "location_id": "1401720000", "address": {"location_id": "1401720000", "lat": 42.29915723, "lon": -71.08006055}, "arr_time": 1676286837, "arr_date_time": "2023-02-13T06:13:57-05:00", "end_time": 1676287137, "end_date_time": "2023-02-13T06:18:57-05:00", "waiting_time": 0, "distance": 1495, "driving_time": 1437, "preparation_time": 0, "load_before": [0], "load_after": [0]}, {"type": "service", "id": "1401722000_24", "location_id": "1401722000", "address": {"location_id": "1401722000", "lat": 42.29913211, "lon": -71.08048001}, "arr_time": 1676287169, "arr_date_time": "2023-02-13T06:19:29-05:00", "end_time": 1676287469, "end_date_time": "2023-02-13T06:24:29-05:00", "waiting_time": 0, "distance": 1529, "driving_time": 1469, "preparation_time": 0, "load_before": [0], "load_after": [0]}, {"type": "service", "id": "1401723000_25", "location_id": "1401723000", "address": {"location_id": "1401723000", "lat": 42.29909562, "lon": -71.08066258}, "arr_time": 1676287484, "arr_date_time": "2023-02-13T06:24:44-05:00", "end_time": 1676287784, "end_date_time": "2023-02-13T06:29:44-05:00", "waiting_time": 0, "distance": 1545, "driving_time": 1484, "preparation_time": 0, "load_before": [0], "load_after": [0]}, {"type": "service", "id": "1402608000_56", "location_id": "1402608000", "address": {"location_id": "1402608000", "lat": 42.29805808, "lon": -71.08079641}, "arr_time": 1676287937, "arr_date_time": "2023-02-13T06:32:17-05:00", "end_time": 1676288237, "end_date_time": "2023-02-13T06:37:17-05:00", "waiting_time": 0, "distance": 1704, "driving_time": 1637, "preparation_time": 0, "load_before": [0], "load_after": [0]}, {"type": "service", "id": "1402603000_53", "location_id": "1402603000", "address": {"location_id": "1402603000", "lat": 42.29846859, "lon": -71.08061965}, "arr_time": 1676288263, "arr_date_time": "2023-02-13T06:37:43-05:00", "end_time": 1676288563, "end_date_time": "2023-02-13T06:42:43-05:00", "waiting_time": 0, "distance": 1730, "driving_time": 1663, "preparation_time": 0, "load_before": [0], "load_after": [0]}, {"type": "service", "id": "1402602000_52", "location_id": "1402602000", "address": {"location_id": "1402602000", "lat": 42.29846007, "lon": -71.08042758}, "arr_time": 1676288577, "arr_date_time": "2023-02-13T06:42:57-05:00", "end_time": 1676288877, "end_date_time": "2023-02-13T06:47:57-05:00", "waiting_time": 0, "distance": 1745, "driving_time": 1677, "preparation_time": 0, "load_before": [0], "load_after": [0]}, {"type": "service", "id": "1401696000_21", "location_id": "1401696000", "address": {"location_id": "1401696000", "lat": 42.29803683, "lon": -71.07940844}, "arr_time": 1676288972, "arr_date_time": "2023-02-13T06:49:32-05:00", "end_time": 1676289272, "end_date_time": "2023-02-13T06:54:32-05:00", "waiting_time": 0, "distance": 1843, "driving_time": 1772, "preparation_time": 0, "load_before": [0], "load_after": [0]}, {"type": "service", "id": "1402605000_54", "location_id": "1402605000", "address": {"location_id": "1402605000", "lat": 42.29766803, "lon": -71.0806482}, "arr_time": 1676289383, "arr_date_time": "2023-02-13T06:56:23-05:00", "end_time": 1676289683, "end_date_time": "2023-02-13T07:01:23-05:00", "waiting_time": 0, "distance": 1959, "driving_time": 1883, "preparation_time": 0, "load_before": [0], "load_after": [0]}, {"type": "service", "id": "1402606000_55", "location_id": "1402606000", "address": {"location_id": "1402606000", "lat": 42.29779769, "lon": -71.08069673}, "arr_time": 1676289732, "arr_date_time": "2023-02-13T07:02:12-05:00", "end_time": 1676290032, "end_date_time": "2023-02-13T07:07:12-05:00", "waiting_time": 0, "distance": 2010, "driving_time": 1932, "preparation_time": 0, "load_before": [0], "load_after": [0]}, {"type": "service", "id": "1401713000_22", "location_id": "1401713000", "address": {"location_id": "1401713000", "lat": 42.29936146, "lon": -71.08098072}, "arr_time": 1676290257, "arr_date_time": "2023-02-13T07:10:57-05:00", "end_time": 1676290557, "end_date_time": "2023-02-13T07:15:57-05:00", "waiting_time": 0, "distance": 2245, "driving_time": 2157, "preparation_time": 0, "load_before": [0], "load_after": [0]}, {"type": "service", "id": "1402575000_51", "location_id": "1402575000", "address": {"location_id": "1402575000", "lat": 42.29978853, "lon": -71.08215625}, "arr_time": 1676290700, "arr_date_time": "2023-02-13T07:18:20-05:00", "end_time": 1676291000, "end_date_time": "2023-02-13T07:23:20-05:00", "waiting_time": 0, "distance": 2393, "driving_time": 2300, "preparation_time": 0, "load_before": [0], "load_after": [0]}, {"type": "service", "id": "1401775000_31", "location_id": "1401775000", "address": {"location_id": "1401775000", "lat": 42.30033803, "lon": -71.08153224}, "arr_time": 1676291069, "arr_date_time": "2023-02-13T07:24:29-05:00", "end_time": 1676291369, "end_date_time": "2023-02-13T07:29:29-05:00", "waiting_time": 0, "distance": 2466, "driving_time": 2369, "preparation_time": 0, "load_before": [0], "load_after": [0]}, {"type": "service", "id": "1401731000_26", "location_id": "1401731000", "address": {"location_id": "1401731000", "lat": 42.30002946, "lon": -71.0809345}, "arr_time": 1676291407, "arr_date_time": "2023-02-13T07:30:07-05:00", "end_time": 1676291707, "end_date_time": "2023-02-13T07:35:07-05:00", "waiting_time": 0, "distance": 2505, "driving_time": 2407, "preparation_time": 0, "load_before": [0], "load_after": [0]}, {"type": "service", "id": "1401772000_30", "location_id": "1401772000", "address": {"location_id": "1401772000", "lat": 42.30043361, "lon": -71.08104655}, "arr_time": 1676291709, "arr_date_time": "2023-02-13T07:35:09-05:00", "end_time": 1676292009, "end_date_time": "2023-02-13T07:40:09-05:00", "waiting_time": 0, "distance": 2508, "driving_time": 2409, "preparation_time": 0, "load_before": [0], "load_after": [0]}, {"type": "service", "id": "1401760000_29", "location_id": "1401760000", "address": {"location_id": "1401760000", "lat": 42.30082942, "lon": -71.08061716}, "arr_time": 1676292269, "arr_date_time": "2023-02-13T07:44:29-05:00", "end_time": 1676292569, "end_date_time": "2023-02-13T07:49:29-05:00", "waiting_time": 0, "distance": 2778, "driving_time": 2669, "preparation_time": 0, "load_before": [0], "load_after": [0]}, {"type": "service", "id": "1401755000_28", "location_id": "1401755000", "address": {"location_id": "1401755000", "lat": 42.30066638, "lon": -71.08132394}, "arr_time": 1676292627, "arr_date_time": "2023-02-13T07:50:27-05:00", "end_time": 1676292927, "end_date_time": "2023-02-13T07:55:27-05:00", "waiting_time": 0, "distance": 2838, "driving_time": 2727, "preparation_time": 0, "load_before": [0], "load_after": [0]}, {"type": "service", "id": "1401827000_34", "location_id": "1401827000", "address": {"location_id": "1401827000", "lat": 42.30073283, "lon": -71.08245994}, "arr_time": 1676293009, "arr_date_time": "2023-02-13T07:56:49-05:00", "end_time": 1676293309, "end_date_time": "2023-02-13T08:01:49-05:00", "waiting_time": 0, "distance": 2924, "driving_time": 2809, "preparation_time": 0, "load_before": [0], "load_after": [0]}, {"type": "service", "id": "1401748000_27", "location_id": "1401748000", "address": {"location_id": "1401748000", "lat": 42.30043725, "lon": -71.08232784}, "arr_time": 1676293311, "arr_date_time": "2023-02-13T08:01:51-05:00", "end_time": 1676293611, "end_date_time": "2023-02-13T08:06:51-05:00", "waiting_time": 0, "distance": 2925, "driving_time": 2811, "preparation_time": 0, "load_before": [0], "load_after": [0]}, {"type": "service", "id": "1402530001_49", "location_id": "1402530001", "address": {"location_id": "1402530001", "lat": 42.30045879, "lon": -71.08333658}, "arr_time": 1676293684, "arr_date_time": "2023-02-13T08:08:04-05:00", "end_time": 1676293984, "end_date_time": "2023-02-13T08:13:04-05:00", "waiting_time": 0, "distance": 3002, "driving_time": 2884, "preparation_time": 0, "load_before": [0], "load_after": [0]}, {"type": "service", "id": "1402538000_50", "location_id": "1402538000", "address": {"location_id": "1402538000", "lat": 42.30015457, "lon": -71.08392196}, "arr_time": 1676294167, "arr_date_time": "2023-02-13T08:16:07-05:00", "end_time": 1676294467, "end_date_time": "2023-02-13T08:21:07-05:00", "waiting_time": 0, "distance": 3193, "driving_time": 3067, "preparation_time": 0, "load_before": [0], "load_after": [0]}, {"type": "service", "id": "1402514000_47", "location_id": "1402514000", "address": {"location_id": "1402514000", "lat": 42.3008061, "lon": -71.084312}, "arr_time": 1676294577, "arr_date_time": "2023-02-13T08:22:57-05:00", "end_time": 1676294877, "end_date_time": "2023-02-13T08:27:57-05:00", "waiting_time": 0, "distance": 3308, "driving_time": 3177, "preparation_time": 0, "load_before": [0], "load_after": [0]}, {"type": "service", "id": "1402487000_44", "location_id": "1402487000", "address": {"location_id": "1402487000", "lat": 42.30119261, "lon": -71.08385352}, "arr_time": 1676294947, "arr_date_time": "2023-02-13T08:29:07-05:00", "end_time": 1676295247, "end_date_time": "2023-02-13T08:34:07-05:00", "waiting_time": 0, "distance": 3380, "driving_time": 3247, "preparation_time": 0, "load_before": [0], "load_after": [0]}, {"type": "service", "id": "1402523000_48", "location_id": "1402523000", "address": {"location_id": "1402523000", "lat": 42.30104512, "lon": -71.08445425}, "arr_time": 1676295275, "arr_date_time": "2023-02-13T08:34:35-05:00", "end_time": 1676295575, "end_date_time": "2023-02-13T08:39:35-05:00", "waiting_time": 0, "distance": 3409, "driving_time": 3275, "preparation_time": 0, "load_before": [0], "load_after": [0]}, {"type": "service", "id": "1402490000_45", "location_id": "1402490000", "address": {"location_id": "1402490000", "lat": 42.30142597, "lon": -71.08408257}, "arr_time": 1676295576, "arr_date_time": "2023-02-13T08:39:36-05:00", "end_time": 1676295876, "end_date_time": "2023-02-13T08:44:36-05:00", "waiting_time": 0, "distance": 3410, "driving_time": 3276, "preparation_time": 0, "load_before": [0], "load_after": [0]}, {"type": "service", "id": "1402459000_42", "location_id": "1402459000", "address": {"location_id": "1402459000", "lat": 42.30225796, "lon": -71.083852}, "arr_time": 1676296131, "arr_date_time": "2023-02-13T08:48:51-05:00", "end_time": 1676296431, "end_date_time": "2023-02-13T08:53:51-05:00", "waiting_time": 0, "distance": 3675, "driving_time": 3531, "preparation_time": 0, "load_before": [0], "load_after": [0]}, {"type": "service", "id": "1402503000_46", "location_id": "1402503000", "address": {"location_id": "1402503000", "lat": 42.30202911, "lon": -71.08438219}, "arr_time": 1676296445, "arr_date_time": "2023-02-13T08:54:05-05:00", "end_time": 1676296745, "end_date_time": "2023-02-13T08:59:05-05:00", "waiting_time": 0, "distance": 3691, "driving_time": 3545, "preparation_time": 0, "load_before": [0], "load_after": [0]}, {"type": "service", "id": "1401781000_32", "location_id": "1401781000", "address": {"location_id": "1401781000", "lat": 42.30118682, "lon": -71.08290657}, "arr_time": 1676296893, "arr_date_time": "2023-02-13T09:01:33-05:00", "end_time": 1676297193, "end_date_time": "2023-02-13T09:06:33-05:00", "waiting_time": 0, "distance": 3845, "driving_time": 3693, "preparation_time": 0, "load_before": [0], "load_after": [0]}, {"type": "service", "id": "1401883000_39", "location_id": "1401883000", "address": {"location_id": "1401883000", "lat": 42.30137005, "lon": -71.08209753}, "arr_time": 1676297268, "arr_date_time": "2023-02-13T09:07:48-05:00", "end_time": 1676297568, "end_date_time": "2023-02-13T09:12:48-05:00", "waiting_time": 0, "distance": 3923, "driving_time": 3768, "preparation_time": 0, "load_before": [0], "load_after": [0]}, {"type": "service", "id": "1401787000_33", "location_id": "1401787000", "address": {"location_id": "1401787000", "lat": 42.3009918, "lon": -71.08214819}, "arr_time": 1676297591, "arr_date_time": "2023-02-13T09:13:11-05:00", "end_time": 1676297891, "end_date_time": "2023-02-13T09:18:11-05:00", "waiting_time": 0, "distance": 3946, "driving_time": 3791, "preparation_time": 0, "load_before": [0], "load_after": [0]}, {"type": "service", "id": "1402471000_43", "location_id": "1402471000", "address": {"location_id": "1402471000", "lat": 42.30229712, "lon": -71.08337377}, "arr_time": 1676298129, "arr_date_time": "2023-02-13T09:22:09-05:00", "end_time": 1676298429, "end_date_time": "2023-02-13T09:27:09-05:00", "waiting_time": 0, "distance": 4195, "driving_time": 4029, "preparation_time": 0, "load_before": [0], "load_after": [0]}, {"type": "service", "id": "1401912000_40", "location_id": "1401912000", "address": {"location_id": "1401912000", "lat": 42.30265038, "lon": -71.08311402}, "arr_time": 1676298443, "arr_date_time": "2023-02-13T09:27:23-05:00", "end_time": 1676298743, "end_date_time": "2023-02-13T09:32:23-05:00", "waiting_time": 0, "distance": 4209, "driving_time": 4043, "preparation_time": 0, "load_before": [0], "load_after": [0]}, {"type": "service", "id": "1401917000_41", "location_id": "1401917000", "address": {"location_id": "1401917000", "lat": 42.30313117, "lon": -71.08381025}, "arr_time": 1676298817, "arr_date_time": "2023-02-13T09:33:37-05:00", "end_time": 1676299117, "end_date_time": "2023-02-13T09:38:37-05:00", "waiting_time": 0, "distance": 4287, "driving_time": 4117, "preparation_time": 0, "load_before": [0], "load_after": [0]}, {"type": "service", "id": "1400940000_03", "location_id": "1400940000", "address": {"location_id": "1400940000", "lat": 42.30302068, "lon": -71.08255278}, "arr_time": 1676299307, "arr_date_time": "2023-02-13T09:41:47-05:00", "end_time": 1676299607, "end_date_time": "2023-02-13T09:46:47-05:00", "waiting_time": 0, "distance": 4484, "driving_time": 4307, "preparation_time": 0, "load_before": [0], "load_after": [0]}, {"type": "service", "id": "1400939000_02", "location_id": "1400939000", "address": {"location_id": "1400939000", "lat": 42.30292145, "lon": -71.08241858}, "arr_time": 1676299621, "arr_date_time": "2023-02-13T09:47:01-05:00", "end_time": 1676299921, "end_date_time": "2023-02-13T09:52:01-05:00", "waiting_time": 0, "distance": 4500, "driving_time": 4321, "preparation_time": 0, "load_before": [0], "load_after": [0]}, {"type": "end", "location_id": "1400991000", "address": {"location_id": "1400991000", "lat": 42.3039614, "lon": -71.08175457}, "arr_time": 1676300179, "arr_date_time": "2023-02-13T09:56:19-05:00", "end_time": 1676300179, "end_date_time": "2023-02-13T09:56:19-05:00", "waiting_time": 0, "distance": 4768, "driving_time": 4579, "preparation_time": 0, "load_before": [0]}]}], "unassigned": {"services": [], "shipments": [], "breaks": [], "details": []}}}