{"copyrights": ["GraphHopper", "OpenStreetMap contributors"], "job_id": "c3bb24eb-2de1-4d57-be4a-a8218f9b7cb9", "status": "finished", "waiting_time_in_queue": 0, "processing_time": 112, "solution": {"costs": 317, "distance": 1794, "time": 1724, "transport_time": 1724, "completion_time": 14624, "max_operation_time": 14624, "waiting_time": 0, "service_duration": 12900, "preparation_time": 0, "no_vehicles": 1, "no_unassigned": 0, "routes": [{"vehicle_id": "my_vehicle", "shift_id": "default-shift", "distance": 1794, "transport_time": 1724, "completion_time": 14624, "waiting_time": 0, "service_duration": 12900, "preparation_time": 0, "activities": [{"type": "start", "location_id": "1800114032", "address": {"location_id": "1800114032", "lat": 42.27414178, "lon": -71.08412028}, "arr_time": 1676278800, "arr_date_time": "2023-02-13T04:00:00-05:00", "end_time": 1676278800, "end_date_time": "2023-02-13T04:00:00-05:00", "waiting_time": 0, "distance": 0, "driving_time": 0, "preparation_time": 0, "load_after": [0]}, {"type": "service", "id": "1800114031_24", "location_id": "1800114031", "address": {"location_id": "1800114031", "lat": 42.27393463, "lon": -71.08420257}, "arr_time": 1676278819, "arr_date_time": "2023-02-13T04:00:19-05:00", "end_time": 1676279119, "end_date_time": "2023-02-13T04:05:19-05:00", "waiting_time": 0, "distance": 19, "driving_time": 19, "preparation_time": 0, "load_before": [0], "load_after": [0]}, {"type": "service", "id": "1800114029_23", "location_id": "1800114029", "address": {"location_id": "1800114029", "lat": 42.27365465, "lon": -71.0844514}, "arr_time": 1676279155, "arr_date_time": "2023-02-13T04:05:55-05:00", "end_time": 1676279455, "end_date_time": "2023-02-13T04:10:55-05:00", "waiting_time": 0, "distance": 56, "driving_time": 55, "preparation_time": 0, "load_before": [0], "load_after": [0]}, {"type": "service", "id": "1800114028_22", "location_id": "1800114028", "address": {"location_id": "1800114028", "lat": 42.27351874, "lon": -71.08457154}, "arr_time": 1676279475, "arr_date_time": "2023-02-13T04:11:15-05:00", "end_time": 1676279775, "end_date_time": "2023-02-13T04:16:15-05:00", "waiting_time": 0, "distance": 77, "driving_time": 75, "preparation_time": 0, "load_before": [0], "load_after": [0]}, {"type": "service", "id": "1800114027_21", "location_id": "1800114027", "address": {"location_id": "1800114027", "lat": 42.27334622, "lon": -71.08466035}, "arr_time": 1676279801, "arr_date_time": "2023-02-13T04:16:41-05:00", "end_time": 1676280101, "end_date_time": "2023-02-13T04:21:41-05:00", "waiting_time": 0, "distance": 105, "driving_time": 101, "preparation_time": 0, "load_before": [0], "load_after": [0]}, {"type": "service", "id": "1800114026_20", "location_id": "1800114026", "address": {"location_id": "1800114026", "lat": 42.2731674, "lon": -71.0845901}, "arr_time": 1676280128, "arr_date_time": "2023-02-13T04:22:08-05:00", "end_time": 1676280428, "end_date_time": "2023-02-13T04:27:08-05:00", "waiting_time": 0, "distance": 133, "driving_time": 128, "preparation_time": 0, "load_before": [0], "load_after": [0]}, {"type": "service", "id": "1800114025_19", "location_id": "1800114025", "address": {"location_id": "1800114025", "lat": 42.27303678, "lon": -71.08451784}, "arr_time": 1676280445, "arr_date_time": "2023-02-13T04:27:25-05:00", "end_time": 1676280745, "end_date_time": "2023-02-13T04:32:25-05:00", "waiting_time": 0, "distance": 151, "driving_time": 145, "preparation_time": 0, "load_before": [0], "load_after": [0]}, {"type": "service", "id": "1800114024_18", "location_id": "1800114024", "address": {"location_id": "1800114024", "lat": 42.27278027, "lon": -71.08442028}, "arr_time": 1676280767, "arr_date_time": "2023-02-13T04:32:47-05:00", "end_time": 1676281067, "end_date_time": "2023-02-13T04:37:47-05:00", "waiting_time": 0, "distance": 173, "driving_time": 167, "preparation_time": 0, "load_before": [0], "load_after": [0]}, {"type": "service", "id": "1800114022_17", "location_id": "1800114022", "address": {"location_id": "1800114022", "lat": 42.27241267, "lon": -71.08461676}, "arr_time": 1676281089, "arr_date_time": "2023-02-13T04:38:09-05:00", "end_time": 1676281389, "end_date_time": "2023-02-13T04:43:09-05:00", "waiting_time": 0, "distance": 196, "driving_time": 189, "preparation_time": 0, "load_before": [0], "load_after": [0]}, {"type": "service", "id": "1800114021_16", "location_id": "1800114021", "address": {"location_id": "1800114021", "lat": 42.27229665, "lon": -71.08484509}, "arr_time": 1676281407, "arr_date_time": "2023-02-13T04:43:27-05:00", "end_time": 1676281707, "end_date_time": "2023-02-13T04:48:27-05:00", "waiting_time": 0, "distance": 214, "driving_time": 207, "preparation_time": 0, "load_before": [0], "load_after": [0]}, {"type": "service", "id": "1800114020_15", "location_id": "1800114020", "address": {"location_id": "1800114020", "lat": 42.272197, "lon": -71.08503688}, "arr_time": 1676281725, "arr_date_time": "2023-02-13T04:48:45-05:00", "end_time": 1676282025, "end_date_time": "2023-02-13T04:53:45-05:00", "waiting_time": 0, "distance": 233, "driving_time": 225, "preparation_time": 0, "load_before": [0], "load_after": [0]}, {"type": "service", "id": "1800114019_14", "location_id": "1800114019", "address": {"location_id": "1800114019", "lat": 42.2721321, "lon": -71.08527125}, "arr_time": 1676282049, "arr_date_time": "2023-02-13T04:54:09-05:00", "end_time": 1676282349, "end_date_time": "2023-02-13T04:59:09-05:00", "waiting_time": 0, "distance": 259, "driving_time": 249, "preparation_time": 0, "load_before": [0], "load_after": [0]}, {"type": "service", "id": "1800382005_30", "location_id": "1800382005", "address": {"location_id": "1800382005", "lat": 42.27206083, "lon": -71.08580875}, "arr_time": 1676282377, "arr_date_time": "2023-02-13T04:59:37-05:00", "end_time": 1676282677, "end_date_time": "2023-02-13T05:04:37-05:00", "waiting_time": 0, "distance": 288, "driving_time": 277, "preparation_time": 0, "load_before": [0], "load_after": [0]}, {"type": "service", "id": "1800382006_31", "location_id": "1800382006", "address": {"location_id": "1800382006", "lat": 42.27186708, "lon": -71.08592899}, "arr_time": 1676282695, "arr_date_time": "2023-02-13T05:04:55-05:00", "end_time": 1676282995, "end_date_time": "2023-02-13T05:09:55-05:00", "waiting_time": 0, "distance": 306, "driving_time": 295, "preparation_time": 0, "load_before": [0], "load_after": [0]}, {"type": "service", "id": "1800114016_13", "location_id": "1800114016", "address": {"location_id": "1800114016", "lat": 42.27162926, "lon": -71.0854525}, "arr_time": 1676283020, "arr_date_time": "2023-02-13T05:10:20-05:00", "end_time": 1676283320, "end_date_time": "2023-02-13T05:15:20-05:00", "waiting_time": 0, "distance": 332, "driving_time": 320, "preparation_time": 0, "load_before": [0], "load_after": [0]}, {"type": "service", "id": "1800114015_12", "location_id": "1800114015", "address": {"location_id": "1800114015", "lat": 42.2714705, "lon": -71.08539346}, "arr_time": 1676283343, "arr_date_time": "2023-02-13T05:15:43-05:00", "end_time": 1676283643, "end_date_time": "2023-02-13T05:20:43-05:00", "waiting_time": 0, "distance": 356, "driving_time": 343, "preparation_time": 0, "load_before": [0], "load_after": [0]}, {"type": "service", "id": "1800383070_38", "location_id": "1800383070", "address": {"location_id": "1800383070", "lat": 42.27128208, "lon": -71.08579296}, "arr_time": 1676283651, "arr_date_time": "2023-02-13T05:20:51-05:00", "end_time": 1676283951, "end_date_time": "2023-02-13T05:25:51-05:00", "waiting_time": 0, "distance": 364, "driving_time": 351, "preparation_time": 0, "load_before": [0], "load_after": [0]}, {"type": "service", "id": "1800114014_11", "location_id": "1800114014", "address": {"location_id": "1800114014", "lat": 42.27131289, "lon": -71.08530995}, "arr_time": 1676283961, "arr_date_time": "2023-02-13T05:26:01-05:00", "end_time": 1676284261, "end_date_time": "2023-02-13T05:31:01-05:00", "waiting_time": 0, "distance": 375, "driving_time": 361, "preparation_time": 0, "load_before": [0], "load_after": [0]}, {"type": "service", "id": "1800383080_39", "location_id": "1800383080", "address": {"location_id": "1800383080", "lat": 42.27106708, "lon": -71.0856743}, "arr_time": 1676284276, "arr_date_time": "2023-02-13T05:31:16-05:00", "end_time": 1676284576, "end_date_time": "2023-02-13T05:36:16-05:00", "waiting_time": 0, "distance": 390, "driving_time": 376, "preparation_time": 0, "load_before": [0], "load_after": [0]}, {"type": "service", "id": "1800114012_10", "location_id": "1800114012", "address": {"location_id": "1800114012", "lat": 42.27122662, "lon": -71.08490066}, "arr_time": 1676284640, "arr_date_time": "2023-02-13T05:37:20-05:00", "end_time": 1676284940, "end_date_time": "2023-02-13T05:42:20-05:00", "waiting_time": 0, "distance": 456, "driving_time": 440, "preparation_time": 0, "load_before": [0], "load_after": [0]}, {"type": "service", "id": "1800378000_25", "location_id": "1800378000", "address": {"location_id": "1800378000", "lat": 42.27128437, "lon": -71.08441297}, "arr_time": 1676284979, "arr_date_time": "2023-02-13T05:42:59-05:00", "end_time": 1676285279, "end_date_time": "2023-02-13T05:47:59-05:00", "waiting_time": 0, "distance": 497, "driving_time": 479, "preparation_time": 0, "load_before": [0], "load_after": [0]}, {"type": "service", "id": "1800378006_29", "location_id": "1800378006", "address": {"location_id": "1800378006", "lat": 42.27136156, "lon": -71.08409643}, "arr_time": 1676285305, "arr_date_time": "2023-02-13T05:48:25-05:00", "end_time": 1676285605, "end_date_time": "2023-02-13T05:53:25-05:00", "waiting_time": 0, "distance": 524, "driving_time": 505, "preparation_time": 0, "load_before": [0], "load_after": [0]}, {"type": "service", "id": "1800114000_01", "location_id": "1800114000", "address": {"location_id": "1800114000", "lat": 42.27142696, "lon": -71.08360614}, "arr_time": 1676285644, "arr_date_time": "2023-02-13T05:54:04-05:00", "end_time": 1676285944, "end_date_time": "2023-02-13T05:59:04-05:00", "waiting_time": 0, "distance": 565, "driving_time": 544, "preparation_time": 0, "load_before": [0], "load_after": [0]}, {"type": "service", "id": "1800378005_28", "location_id": "1800378005", "address": {"location_id": "1800378005", "lat": 42.27154087, "lon": -71.08419667}, "arr_time": 1676286004, "arr_date_time": "2023-02-13T06:00:04-05:00", "end_time": 1676286304, "end_date_time": "2023-02-13T06:05:04-05:00", "waiting_time": 0, "distance": 628, "driving_time": 604, "preparation_time": 0, "load_before": [0], "load_after": [0]}, {"type": "service", "id": "1800114003_02", "location_id": "1800114003", "address": {"location_id": "1800114003", "lat": 42.27190334, "lon": -71.0838758}, "arr_time": 1676286329, "arr_date_time": "2023-02-13T06:05:29-05:00", "end_time": 1676286629, "end_date_time": "2023-02-13T06:10:29-05:00", "waiting_time": 0, "distance": 655, "driving_time": 629, "preparation_time": 0, "load_before": [0], "load_after": [0]}, {"type": "service", "id": "1800114004_03", "location_id": "1800114004", "address": {"location_id": "1800114004", "lat": 42.27221496, "lon": -71.08399589}, "arr_time": 1676286644, "arr_date_time": "2023-02-13T06:10:44-05:00", "end_time": 1676286944, "end_date_time": "2023-02-13T06:15:44-05:00", "waiting_time": 0, "distance": 670, "driving_time": 644, "preparation_time": 0, "load_before": [0], "load_after": [0]}, {"type": "service", "id": "1800114005_04", "location_id": "1800114005", "address": {"location_id": "1800114005", "lat": 42.27212112, "lon": -71.08431587}, "arr_time": 1676286949, "arr_date_time": "2023-02-13T06:15:49-05:00", "end_time": 1676287249, "end_date_time": "2023-02-13T06:20:49-05:00", "waiting_time": 0, "distance": 675, "driving_time": 649, "preparation_time": 0, "load_before": [0], "load_after": [0]}, {"type": "service", "id": "1800114006_05", "location_id": "1800114006", "address": {"location_id": "1800114006", "lat": 42.27206879, "lon": -71.08455525}, "arr_time": 1676287267, "arr_date_time": "2023-02-13T06:21:07-05:00", "end_time": 1676287567, "end_date_time": "2023-02-13T06:26:07-05:00", "waiting_time": 0, "distance": 693, "driving_time": 667, "preparation_time": 0, "load_before": [0], "load_after": [0]}, {"type": "service", "id": "1800378003_27", "location_id": "1800378003", "address": {"location_id": "1800378003", "lat": 42.27170257, "lon": -71.08447012}, "arr_time": 1676287575, "arr_date_time": "2023-02-13T06:26:15-05:00", "end_time": 1676287875, "end_date_time": "2023-02-13T06:31:15-05:00", "waiting_time": 0, "distance": 702, "driving_time": 675, "preparation_time": 0, "load_before": [0], "load_after": [0]}, {"type": "service", "id": "1800114007_06", "location_id": "1800114007", "address": {"location_id": "1800114007", "lat": 42.27199869, "lon": -71.08476778}, "arr_time": 1676287885, "arr_date_time": "2023-02-13T06:31:25-05:00", "end_time": 1676288185, "end_date_time": "2023-02-13T06:36:25-05:00", "waiting_time": 0, "distance": 712, "driving_time": 685, "preparation_time": 0, "load_before": [0], "load_after": [0]}, {"type": "service", "id": "1800114008_07", "location_id": "1800114008", "address": {"location_id": "1800114008", "lat": 42.27192985, "lon": -71.08503627}, "arr_time": 1676288200, "arr_date_time": "2023-02-13T06:36:40-05:00", "end_time": 1676288500, "end_date_time": "2023-02-13T06:41:40-05:00", "waiting_time": 0, "distance": 728, "driving_time": 700, "preparation_time": 0, "load_before": [0], "load_after": [0]}, {"type": "service", "id": "1800114009_08", "location_id": "1800114009", "address": {"location_id": "1800114009", "lat": 42.27171838, "lon": -71.08514361}, "arr_time": 1676288507, "arr_date_time": "2023-02-13T06:41:47-05:00", "end_time": 1676288807, "end_date_time": "2023-02-13T06:46:47-05:00", "waiting_time": 0, "distance": 735, "driving_time": 707, "preparation_time": 0, "load_before": [0], "load_after": [0]}, {"type": "service", "id": "1800114010_09", "location_id": "1800114010", "address": {"location_id": "1800114010", "lat": 42.27153646, "lon": -71.08507504}, "arr_time": 1676288820, "arr_date_time": "2023-02-13T06:47:00-05:00", "end_time": 1676289120, "end_date_time": "2023-02-13T06:52:00-05:00", "waiting_time": 0, "distance": 748, "driving_time": 720, "preparation_time": 0, "load_before": [0], "load_after": [0]}, {"type": "service", "id": "1800378002_26", "location_id": "1800378002", "address": {"location_id": "1800378002", "lat": 42.27162566, "lon": -71.08466565}, "arr_time": 1676289124, "arr_date_time": "2023-02-13T06:52:04-05:00", "end_time": 1676289424, "end_date_time": "2023-02-13T06:57:04-05:00", "waiting_time": 0, "distance": 752, "driving_time": 724, "preparation_time": 0, "load_before": [0], "load_after": [0]}, {"type": "service", "id": "1800383090_40", "location_id": "1800383090", "address": {"location_id": "1800383090", "lat": 42.27101965, "lon": -71.08589344}, "arr_time": 1676289579, "arr_date_time": "2023-02-13T06:59:39-05:00", "end_time": 1676289879, "end_date_time": "2023-02-13T07:04:39-05:00", "waiting_time": 0, "distance": 914, "driving_time": 879, "preparation_time": 0, "load_before": [0], "load_after": [0]}, {"type": "service", "id": "1800383110_41", "location_id": "1800383110", "address": {"location_id": "1800383110", "lat": 42.27090415, "lon": -71.0862953}, "arr_time": 1676289912, "arr_date_time": "2023-02-13T07:05:12-05:00", "end_time": 1676290212, "end_date_time": "2023-02-13T07:10:12-05:00", "waiting_time": 0, "distance": 948, "driving_time": 912, "preparation_time": 0, "load_before": [0], "load_after": [0]}, {"type": "service", "id": "1800383150_42", "location_id": "1800383150", "address": {"location_id": "1800383150", "lat": 42.27054371, "lon": -71.08721392}, "arr_time": 1676290295, "arr_date_time": "2023-02-13T07:11:35-05:00", "end_time": 1676290595, "end_date_time": "2023-02-13T07:16:35-05:00", "waiting_time": 0, "distance": 1033, "driving_time": 995, "preparation_time": 0, "load_before": [0], "load_after": [0]}, {"type": "service", "id": "1800383160_43", "location_id": "1800383160", "address": {"location_id": "1800383160", "lat": 42.27085987, "lon": -71.08723126}, "arr_time": 1676290697, "arr_date_time": "2023-02-13T07:18:17-05:00", "end_time": 1676290997, "end_date_time": "2023-02-13T07:23:17-05:00", "waiting_time": 0, "distance": 1140, "driving_time": 1097, "preparation_time": 0, "load_before": [0], "load_after": [0]}, {"type": "service", "id": "1800382011_34", "location_id": "1800382011", "address": {"location_id": "1800382011", "lat": 42.27146775, "lon": -71.08691631}, "arr_time": 1676291065, "arr_date_time": "2023-02-13T07:24:25-05:00", "end_time": 1676291365, "end_date_time": "2023-02-13T07:29:25-05:00", "waiting_time": 0, "distance": 1211, "driving_time": 1165, "preparation_time": 0, "load_before": [0], "load_after": [0]}, {"type": "service", "id": "1800382010_33", "location_id": "1800382010", "address": {"location_id": "1800382010", "lat": 42.27162649, "lon": -71.08674952}, "arr_time": 1676291384, "arr_date_time": "2023-02-13T07:29:44-05:00", "end_time": 1676291684, "end_date_time": "2023-02-13T07:34:44-05:00", "waiting_time": 0, "distance": 1231, "driving_time": 1184, "preparation_time": 0, "load_before": [0], "load_after": [0]}, {"type": "service", "id": "1800383000_35", "location_id": "1800383000", "address": {"location_id": "1800383000", "lat": 42.27090743, "lon": -71.08705552}, "arr_time": 1676291768, "arr_date_time": "2023-02-13T07:36:08-05:00", "end_time": 1676292068, "end_date_time": "2023-02-13T07:41:08-05:00", "waiting_time": 0, "distance": 1319, "driving_time": 1268, "preparation_time": 0, "load_before": [0], "load_after": [0]}, {"type": "service", "id": "1800383030_36", "location_id": "1800383030", "address": {"location_id": "1800383030", "lat": 42.27106458, "lon": -71.08663494}, "arr_time": 1676292105, "arr_date_time": "2023-02-13T07:41:45-05:00", "end_time": 1676292405, "end_date_time": "2023-02-13T07:46:45-05:00", "waiting_time": 0, "distance": 1358, "driving_time": 1305, "preparation_time": 0, "load_before": [0], "load_after": [0]}, {"type": "service", "id": "1800382008_32", "location_id": "1800382008", "address": {"location_id": "1800382008", "lat": 42.27163318, "lon": -71.08624313}, "arr_time": 1676292456, "arr_date_time": "2023-02-13T07:47:36-05:00", "end_time": 1676292756, "end_date_time": "2023-02-13T07:52:36-05:00", "waiting_time": 0, "distance": 1411, "driving_time": 1356, "preparation_time": 0, "load_before": [0], "load_after": [0]}, {"type": "service", "id": "1800383060_37", "location_id": "1800383060", "address": {"location_id": "1800383060", "lat": 42.27124154, "lon": -71.08601885}, "arr_time": 1676292759, "arr_date_time": "2023-02-13T07:52:39-05:00", "end_time": 1676293059, "end_date_time": "2023-02-13T07:57:39-05:00", "waiting_time": 0, "distance": 1414, "driving_time": 1359, "preparation_time": 0, "load_before": [0], "load_after": [0]}, {"type": "end", "location_id": "1800114032", "address": {"location_id": "1800114032", "lat": 42.27414178, "lon": -71.08412028}, "arr_time": 1676293424, "arr_date_time": "2023-02-13T08:03:44-05:00", "end_time": 1676293424, "end_date_time": "2023-02-13T08:03:44-05:00", "waiting_time": 0, "distance": 1794, "driving_time": 1724, "preparation_time": 0, "load_before": [0]}]}], "unassigned": {"services": [], "shipments": [], "breaks": [], "details": []}}}