{"copyrights": ["GraphHopper", "OpenStreetMap contributors"], "job_id": "0f4dcdd3-34ea-4d2c-b7c8-2b13a2660129", "status": "finished", "waiting_time_in_queue": 0, "processing_time": 119, "solution": {"costs": 335, "distance": 4321, "time": 4144, "transport_time": 4144, "completion_time": 16744, "max_operation_time": 16744, "waiting_time": 0, "service_duration": 12600, "preparation_time": 0, "no_vehicles": 1, "no_unassigned": 0, "routes": [{"vehicle_id": "my_vehicle", "shift_id": "default-shift", "distance": 4321, "transport_time": 4144, "completion_time": 16744, "waiting_time": 0, "service_duration": 12600, "preparation_time": 0, "activities": [{"type": "start", "location_id": "1202838000", "address": {"location_id": "1202838000", "lat": 42.31587439, "lon": -71.08177246}, "arr_time": 1676278800, "arr_date_time": "2023-02-13T04:00:00-05:00", "end_time": 1676278800, "end_date_time": "2023-02-13T04:00:00-05:00", "waiting_time": 0, "distance": 0, "driving_time": 0, "preparation_time": 0, "load_after": [0]}, {"type": "service", "id": "1202857000_22", "location_id": "1202857000", "address": {"location_id": "1202857000", "lat": 42.31533106, "lon": -71.08169517}, "arr_time": 1676278913, "arr_date_time": "2023-02-13T04:01:53-05:00", "end_time": 1676279213, "end_date_time": "2023-02-13T04:06:53-05:00", "waiting_time": 0, "distance": 118, "driving_time": 113, "preparation_time": 0, "load_before": [0], "load_after": [0]}, {"type": "service", "id": "1202843000_20", "location_id": "1202843000", "address": {"location_id": "1202843000", "lat": 42.31518683, "lon": -71.08198872}, "arr_time": 1676279235, "arr_date_time": "2023-02-13T04:07:15-05:00", "end_time": 1676279535, "end_date_time": "2023-02-13T04:12:15-05:00", "waiting_time": 0, "distance": 141, "driving_time": 135, "preparation_time": 0, "load_before": [0], "load_after": [0]}, {"type": "service", "id": "1202851000_21", "location_id": "1202851000", "address": {"location_id": "1202851000", "lat": 42.31570235, "lon": -71.08248698}, "arr_time": 1676279656, "arr_date_time": "2023-02-13T04:14:16-05:00", "end_time": 1676279956, "end_date_time": "2023-02-13T04:19:16-05:00", "waiting_time": 0, "distance": 268, "driving_time": 256, "preparation_time": 0, "load_before": [0], "load_after": [0]}, {"type": "service", "id": "1202799000_19", "location_id": "1202799000", "address": {"location_id": "1202799000", "lat": 42.31440302, "lon": -71.08316716}, "arr_time": 1676280248, "arr_date_time": "2023-02-13T04:24:08-05:00", "end_time": 1676280548, "end_date_time": "2023-02-13T04:29:08-05:00", "waiting_time": 0, "distance": 573, "driving_time": 548, "preparation_time": 0, "load_before": [0], "load_after": [0]}, {"type": "service", "id": "1202788000_15", "location_id": "1202788000", "address": {"location_id": "1202788000", "lat": 42.31408062, "lon": -71.08302138}, "arr_time": 1676280556, "arr_date_time": "2023-02-13T04:29:16-05:00", "end_time": 1676280856, "end_date_time": "2023-02-13T04:34:16-05:00", "waiting_time": 0, "distance": 581, "driving_time": 556, "preparation_time": 0, "load_before": [0], "load_after": [0]}, {"type": "service", "id": "1202798000_18", "location_id": "1202798000", "address": {"location_id": "1202798000", "lat": 42.31442565, "lon": -71.08298291}, "arr_time": 1676280863, "arr_date_time": "2023-02-13T04:34:23-05:00", "end_time": 1676281163, "end_date_time": "2023-02-13T04:39:23-05:00", "waiting_time": 0, "distance": 588, "driving_time": 563, "preparation_time": 0, "load_before": [0], "load_after": [0]}, {"type": "service", "id": "1202790000_16", "location_id": "1202790000", "address": {"location_id": "1202790000", "lat": 42.31411006, "lon": -71.08260569}, "arr_time": 1676281189, "arr_date_time": "2023-02-13T04:39:49-05:00", "end_time": 1676281489, "end_date_time": "2023-02-13T04:44:49-05:00", "waiting_time": 0, "distance": 615, "driving_time": 589, "preparation_time": 0, "load_before": [0], "load_after": [0]}, {"type": "service", "id": "1202792000_17", "location_id": "1202792000", "address": {"location_id": "1202792000", "lat": 42.31417477, "lon": -71.08220692}, "arr_time": 1676281521, "arr_date_time": "2023-02-13T04:45:21-05:00", "end_time": 1676281821, "end_date_time": "2023-02-13T04:50:21-05:00", "waiting_time": 0, "distance": 648, "driving_time": 621, "preparation_time": 0, "load_before": [0], "load_after": [0]}, {"type": "service", "id": "1202714000_04", "location_id": "1202714000", "address": {"location_id": "1202714000", "lat": 42.31344802, "lon": -71.08254311}, "arr_time": 1676282215, "arr_date_time": "2023-02-13T04:56:55-05:00", "end_time": 1676282515, "end_date_time": "2023-02-13T05:01:55-05:00", "waiting_time": 0, "distance": 1058, "driving_time": 1015, "preparation_time": 0, "load_before": [0], "load_after": [0]}, {"type": "service", "id": "1202719000_05", "location_id": "1202719000", "address": {"location_id": "1202719000", "lat": 42.31350704, "lon": -71.08156698}, "arr_time": 1676282596, "arr_date_time": "2023-02-13T05:03:16-05:00", "end_time": 1676282896, "end_date_time": "2023-02-13T05:08:16-05:00", "waiting_time": 0, "distance": 1143, "driving_time": 1096, "preparation_time": 0, "load_before": [0], "load_after": [0]}, {"type": "service", "id": "1202723000_06", "location_id": "1202723000", "address": {"location_id": "1202723000", "lat": 42.31324957, "lon": -71.08128076}, "arr_time": 1676282987, "arr_date_time": "2023-02-13T05:09:47-05:00", "end_time": 1676283287, "end_date_time": "2023-02-13T05:14:47-05:00", "waiting_time": 0, "distance": 1237, "driving_time": 1187, "preparation_time": 0, "load_before": [0], "load_after": [0]}, {"type": "service", "id": "1202724000_07", "location_id": "1202724000", "address": {"location_id": "1202724000", "lat": 42.31311322, "lon": -71.08124992}, "arr_time": 1676283297, "arr_date_time": "2023-02-13T05:14:57-05:00", "end_time": 1676283597, "end_date_time": "2023-02-13T05:19:57-05:00", "waiting_time": 0, "distance": 1248, "driving_time": 1197, "preparation_time": 0, "load_before": [0], "load_after": [0]}, {"type": "service", "id": "1202734000_08", "location_id": "1202734000", "address": {"location_id": "1202734000", "lat": 42.31232137, "lon": -71.08121979}, "arr_time": 1676283796, "arr_date_time": "2023-02-13T05:23:16-05:00", "end_time": 1676284096, "end_date_time": "2023-02-13T05:28:16-05:00", "waiting_time": 0, "distance": 1455, "driving_time": 1396, "preparation_time": 0, "load_before": [0], "load_after": [0]}, {"type": "service", "id": "1202642000_03", "location_id": "1202642000", "address": {"location_id": "1202642000", "lat": 42.31172394, "lon": -71.08264619}, "arr_time": 1676284304, "arr_date_time": "2023-02-13T05:31:44-05:00", "end_time": 1676284604, "end_date_time": "2023-02-13T05:36:44-05:00", "waiting_time": 0, "distance": 1672, "driving_time": 1604, "preparation_time": 0, "load_before": [0], "load_after": [0]}, {"type": "service", "id": "1202627000_01", "location_id": "1202627000", "address": {"location_id": "1202627000", "lat": 42.31097067, "lon": -71.08237786}, "arr_time": 1676284749, "arr_date_time": "2023-02-13T05:39:09-05:00", "end_time": 1676285049, "end_date_time": "2023-02-13T05:44:09-05:00", "waiting_time": 0, "distance": 1824, "driving_time": 1749, "preparation_time": 0, "load_before": [0], "load_after": [0]}, {"type": "service", "id": "1202635000_02", "location_id": "1202635000", "address": {"location_id": "1202635000", "lat": 42.31068506, "lon": -71.08245744}, "arr_time": 1676285235, "arr_date_time": "2023-02-13T05:47:15-05:00", "end_time": 1676285535, "end_date_time": "2023-02-13T05:52:15-05:00", "waiting_time": 0, "distance": 2018, "driving_time": 1935, "preparation_time": 0, "load_before": [0], "load_after": [0]}, {"type": "service", "id": "1400579010_42", "location_id": "1400579010", "address": {"location_id": "1400579010", "lat": 42.31016098, "lon": -71.0813832}, "arr_time": 1676285633, "arr_date_time": "2023-02-13T05:53:53-05:00", "end_time": 1676285933, "end_date_time": "2023-02-13T05:58:53-05:00", "waiting_time": 0, "distance": 2121, "driving_time": 2033, "preparation_time": 0, "load_before": [0], "load_after": [0]}, {"type": "service", "id": "1400578010_41", "location_id": "1400578010", "address": {"location_id": "1400578010", "lat": 42.31006766, "lon": -71.08119626}, "arr_time": 1676285951, "arr_date_time": "2023-02-13T05:59:11-05:00", "end_time": 1676286251, "end_date_time": "2023-02-13T06:04:11-05:00", "waiting_time": 0, "distance": 2140, "driving_time": 2051, "preparation_time": 0, "load_before": [0], "load_after": [0]}, {"type": "service", "id": "1400575010_40", "location_id": "1400575010", "address": {"location_id": "1400575010", "lat": 42.30997364, "lon": -71.08101043}, "arr_time": 1676286268, "arr_date_time": "2023-02-13T06:04:28-05:00", "end_time": 1676286568, "end_date_time": "2023-02-13T06:09:28-05:00", "waiting_time": 0, "distance": 2158, "driving_time": 2068, "preparation_time": 0, "load_before": [0], "load_after": [0]}, {"type": "service", "id": "1400570010_38", "location_id": "1400570010", "address": {"location_id": "1400570010", "lat": 42.30967655, "lon": -71.08064567}, "arr_time": 1676286615, "arr_date_time": "2023-02-13T06:10:15-05:00", "end_time": 1676286915, "end_date_time": "2023-02-13T06:15:15-05:00", "waiting_time": 0, "distance": 2207, "driving_time": 2115, "preparation_time": 0, "load_before": [0], "load_after": [0]}, {"type": "service", "id": "1400572010_39", "location_id": "1400572010", "address": {"location_id": "1400572010", "lat": 42.30987869, "lon": -71.08081921}, "arr_time": 1676286924, "arr_date_time": "2023-02-13T06:15:24-05:00", "end_time": 1676287224, "end_date_time": "2023-02-13T06:20:24-05:00", "waiting_time": 0, "distance": 2217, "driving_time": 2124, "preparation_time": 0, "load_before": [0], "load_after": [0]}, {"type": "service", "id": "1400560000_35", "location_id": "1400560000", "address": {"location_id": "1400560000", "lat": 42.3101496, "lon": -71.08050416}, "arr_time": 1676287244, "arr_date_time": "2023-02-13T06:20:44-05:00", "end_time": 1676287544, "end_date_time": "2023-02-13T06:25:44-05:00", "waiting_time": 0, "distance": 2238, "driving_time": 2144, "preparation_time": 0, "load_before": [0], "load_after": [0]}, {"type": "service", "id": "1400568010_37", "location_id": "1400568010", "address": {"location_id": "1400568010", "lat": 42.30958993, "lon": -71.08046453}, "arr_time": 1676287619, "arr_date_time": "2023-02-13T06:26:59-05:00", "end_time": 1676287919, "end_date_time": "2023-02-13T06:31:59-05:00", "waiting_time": 0, "distance": 2316, "driving_time": 2219, "preparation_time": 0, "load_before": [0], "load_after": [0]}, {"type": "service", "id": "1400567010_36", "location_id": "1400567010", "address": {"location_id": "1400567010", "lat": 42.30948145, "lon": -71.08028468}, "arr_time": 1676287971, "arr_date_time": "2023-02-13T06:32:51-05:00", "end_time": 1676288271, "end_date_time": "2023-02-13T06:37:51-05:00", "waiting_time": 0, "distance": 2370, "driving_time": 2271, "preparation_time": 0, "load_before": [0], "load_after": [0]}, {"type": "service", "id": "1400454000_31", "location_id": "1400454000", "address": {"location_id": "1400454000", "lat": 42.31035881, "lon": -71.08000383}, "arr_time": 1676288392, "arr_date_time": "2023-02-13T06:39:52-05:00", "end_time": 1676288692, "end_date_time": "2023-02-13T06:44:52-05:00", "waiting_time": 0, "distance": 2496, "driving_time": 2392, "preparation_time": 0, "load_before": [0], "load_after": [0]}, {"type": "service", "id": "1400476000_32", "location_id": "1400476000", "address": {"location_id": "1400476000", "lat": 42.31073015, "lon": -71.08016697}, "arr_time": 1676288920, "arr_date_time": "2023-02-13T06:48:40-05:00", "end_time": 1676289220, "end_date_time": "2023-02-13T06:53:40-05:00", "waiting_time": 0, "distance": 2733, "driving_time": 2620, "preparation_time": 0, "load_before": [0], "load_after": [0]}, {"type": "service", "id": "1400513000_33", "location_id": "1400513000", "address": {"location_id": "1400513000", "lat": 42.31117944, "lon": -71.0795662}, "arr_time": 1676289463, "arr_date_time": "2023-02-13T06:57:43-05:00", "end_time": 1676289763, "end_date_time": "2023-02-13T07:02:43-05:00", "waiting_time": 0, "distance": 2986, "driving_time": 2863, "preparation_time": 0, "load_before": [0], "load_after": [0]}, {"type": "service", "id": "1400527000_34", "location_id": "1400527000", "address": {"location_id": "1400527000", "lat": 42.311519, "lon": -71.0793491}, "arr_time": 1676289765, "arr_date_time": "2023-02-13T07:02:45-05:00", "end_time": 1676290065, "end_date_time": "2023-02-13T07:07:45-05:00", "waiting_time": 0, "distance": 2989, "driving_time": 2865, "preparation_time": 0, "load_before": [0], "load_after": [0]}, {"type": "service", "id": "1202759000_10", "location_id": "1202759000", "address": {"location_id": "1202759000", "lat": 42.31367961, "lon": -71.0805899}, "arr_time": 1676290400, "arr_date_time": "2023-02-13T07:13:20-05:00", "end_time": 1676290700, "end_date_time": "2023-02-13T07:18:20-05:00", "waiting_time": 0, "distance": 3338, "driving_time": 3200, "preparation_time": 0, "load_before": [0], "load_after": [0]}, {"type": "service", "id": "1202742000_09", "location_id": "1202742000", "address": {"location_id": "1202742000", "lat": 42.31324291, "lon": -71.08054663}, "arr_time": 1676290719, "arr_date_time": "2023-02-13T07:18:39-05:00", "end_time": 1676291019, "end_date_time": "2023-02-13T07:23:39-05:00", "waiting_time": 0, "distance": 3357, "driving_time": 3219, "preparation_time": 0, "load_before": [0], "load_after": [0]}, {"type": "service", "id": "1202764000_11", "location_id": "1202764000", "address": {"location_id": "1202764000", "lat": 42.31399778, "lon": -71.08120272}, "arr_time": 1676291125, "arr_date_time": "2023-02-13T07:25:25-05:00", "end_time": 1676291425, "end_date_time": "2023-02-13T07:30:25-05:00", "waiting_time": 0, "distance": 3468, "driving_time": 3325, "preparation_time": 0, "load_before": [0], "load_after": [0]}, {"type": "service", "id": "1202765000_12", "location_id": "1202765000", "address": {"location_id": "1202765000", "lat": 42.31413418, "lon": -71.08127163}, "arr_time": 1676291441, "arr_date_time": "2023-02-13T07:30:41-05:00", "end_time": 1676291741, "end_date_time": "2023-02-13T07:35:41-05:00", "waiting_time": 0, "distance": 3484, "driving_time": 3341, "preparation_time": 0, "load_before": [0], "load_after": [0]}, {"type": "service", "id": "1202770000_13", "location_id": "1202770000", "address": {"location_id": "1202770000", "lat": 42.31472966, "lon": -71.08164332}, "arr_time": 1676291811, "arr_date_time": "2023-02-13T07:36:51-05:00", "end_time": 1676292111, "end_date_time": "2023-02-13T07:41:51-05:00", "waiting_time": 0, "distance": 3556, "driving_time": 3411, "preparation_time": 0, "load_before": [0], "load_after": [0]}, {"type": "service", "id": "1202903000_28", "location_id": "1202903000", "address": {"location_id": "1202903000", "lat": 42.31473408, "lon": -71.08096589}, "arr_time": 1676292227, "arr_date_time": "2023-02-13T07:43:47-05:00", "end_time": 1676292527, "end_date_time": "2023-02-13T07:48:47-05:00", "waiting_time": 0, "distance": 3677, "driving_time": 3527, "preparation_time": 0, "load_before": [0], "load_after": [0]}, {"type": "service", "id": "1202904000_29", "location_id": "1202904000", "address": {"location_id": "1202904000", "lat": 42.31484296, "lon": -71.0808521}, "arr_time": 1676292541, "arr_date_time": "2023-02-13T07:49:01-05:00", "end_time": 1676292841, "end_date_time": "2023-02-13T07:54:01-05:00", "waiting_time": 0, "distance": 3692, "driving_time": 3541, "preparation_time": 0, "load_before": [0], "load_after": [0]}, {"type": "service", "id": "1202905000_30", "location_id": "1202905000", "address": {"location_id": "1202905000", "lat": 42.31495022, "lon": -71.08073985}, "arr_time": 1676292856, "arr_date_time": "2023-02-13T07:54:16-05:00", "end_time": 1676293156, "end_date_time": "2023-02-13T07:59:16-05:00", "waiting_time": 0, "distance": 3707, "driving_time": 3556, "preparation_time": 0, "load_before": [0], "load_after": [0]}, {"type": "service", "id": "1202773000_14", "location_id": "1202773000", "address": {"location_id": "1202773000", "lat": 42.3145119, "lon": -71.08121241}, "arr_time": 1676293205, "arr_date_time": "2023-02-13T08:00:05-05:00", "end_time": 1676293505, "end_date_time": "2023-02-13T08:05:05-05:00", "waiting_time": 0, "distance": 3759, "driving_time": 3605, "preparation_time": 0, "load_before": [0], "load_after": [0]}, {"type": "service", "id": "1202899000_25", "location_id": "1202899000", "address": {"location_id": "1202899000", "lat": 42.31457859, "lon": -71.08061108}, "arr_time": 1676293549, "arr_date_time": "2023-02-13T08:05:49-05:00", "end_time": 1676293849, "end_date_time": "2023-02-13T08:10:49-05:00", "waiting_time": 0, "distance": 3805, "driving_time": 3649, "preparation_time": 0, "load_before": [0], "load_after": [0]}, {"type": "service", "id": "1202902000_27", "location_id": "1202902000", "address": {"location_id": "1202902000", "lat": 42.31466146, "lon": -71.08075392}, "arr_time": 1676293851, "arr_date_time": "2023-02-13T08:10:51-05:00", "end_time": 1676294151, "end_date_time": "2023-02-13T08:15:51-05:00", "waiting_time": 0, "distance": 3807, "driving_time": 3651, "preparation_time": 0, "load_before": [0], "load_after": [0]}, {"type": "service", "id": "1202900000_26", "location_id": "1202900000", "address": {"location_id": "1202900000", "lat": 42.31474019, "lon": -71.08044095}, "arr_time": 1676294165, "arr_date_time": "2023-02-13T08:16:05-05:00", "end_time": 1676294465, "end_date_time": "2023-02-13T08:21:05-05:00", "waiting_time": 0, "distance": 3822, "driving_time": 3665, "preparation_time": 0, "load_before": [0], "load_after": [0]}, {"type": "service", "id": "1202868000_23", "location_id": "1202868000", "address": {"location_id": "1202868000", "lat": 42.31522893, "lon": -71.08128117}, "arr_time": 1676294627, "arr_date_time": "2023-02-13T08:23:47-05:00", "end_time": 1676294927, "end_date_time": "2023-02-13T08:28:47-05:00", "waiting_time": 0, "distance": 3990, "driving_time": 3827, "preparation_time": 0, "load_before": [0], "load_after": [0]}, {"type": "service", "id": "1202877000_24", "location_id": "1202877000", "address": {"location_id": "1202877000", "lat": 42.31508109, "lon": -71.08031867}, "arr_time": 1676295072, "arr_date_time": "2023-02-13T08:31:12-05:00", "end_time": 1676295372, "end_date_time": "2023-02-13T08:36:12-05:00", "waiting_time": 0, "distance": 4142, "driving_time": 3972, "preparation_time": 0, "load_before": [0], "load_after": [0]}, {"type": "end", "location_id": "1202838000", "address": {"location_id": "1202838000", "lat": 42.31587439, "lon": -71.08177246}, "arr_time": 1676295544, "arr_date_time": "2023-02-13T08:39:04-05:00", "end_time": 1676295544, "end_date_time": "2023-02-13T08:39:04-05:00", "waiting_time": 0, "distance": 4321, "driving_time": 4144, "preparation_time": 0, "load_before": [0]}]}], "unassigned": {"services": [], "shipments": [], "breaks": [], "details": []}}}