{"copyrights": ["GraphHopper", "OpenStreetMap contributors"], "job_id": "d6c7dd94-86fd-452e-bc12-1986260acaf1", "status": "finished", "waiting_time_in_queue": 0, "processing_time": 196, "solution": {"costs": 359, "distance": 2801, "time": 2688, "transport_time": 2688, "completion_time": 19788, "max_operation_time": 19788, "waiting_time": 0, "service_duration": 17100, "preparation_time": 0, "no_vehicles": 1, "no_unassigned": 0, "routes": [{"vehicle_id": "my_vehicle", "shift_id": "default-shift", "distance": 2801, "transport_time": 2688, "completion_time": 19788, "waiting_time": 0, "service_duration": 17100, "preparation_time": 0, "activities": [{"type": "start", "location_id": "1501488000", "address": {"location_id": "1501488000", "lat": 42.30258472, "lon": -71.06207842}, "arr_time": 1676278800, "arr_date_time": "2023-02-13T04:00:00-05:00", "end_time": 1676278800, "end_date_time": "2023-02-13T04:00:00-05:00", "waiting_time": 0, "distance": 0, "driving_time": 0, "preparation_time": 0, "load_after": [0]}, {"type": "service", "id": "1501491000_36", "location_id": "1501491000", "address": {"location_id": "1501491000", "lat": 42.30263595, "lon": -71.06155193}, "arr_time": 1676278884, "arr_date_time": "2023-02-13T04:01:24-05:00", "end_time": 1676279184, "end_date_time": "2023-02-13T04:06:24-05:00", "waiting_time": 0, "distance": 88, "driving_time": 84, "preparation_time": 0, "load_before": [0], "load_after": [0]}, {"type": "service", "id": "1501496000_37", "location_id": "1501496000", "address": {"location_id": "1501496000", "lat": 42.30199691, "lon": -71.06123797}, "arr_time": 1676279289, "arr_date_time": "2023-02-13T04:08:09-05:00", "end_time": 1676279589, "end_date_time": "2023-02-13T04:13:09-05:00", "waiting_time": 0, "distance": 197, "driving_time": 189, "preparation_time": 0, "load_before": [0], "load_after": [0]}, {"type": "service", "id": "1501498000_38", "location_id": "1501498000", "address": {"location_id": "1501498000", "lat": 42.30208511, "lon": -71.06166791}, "arr_time": 1676279617, "arr_date_time": "2023-02-13T04:13:37-05:00", "end_time": 1676279917, "end_date_time": "2023-02-13T04:18:37-05:00", "waiting_time": 0, "distance": 227, "driving_time": 217, "preparation_time": 0, "load_before": [0], "load_after": [0]}, {"type": "service", "id": "1501499000_39", "location_id": "1501499000", "address": {"location_id": "1501499000", "lat": 42.30177053, "lon": -71.0621715}, "arr_time": 1676279969, "arr_date_time": "2023-02-13T04:19:29-05:00", "end_time": 1676280269, "end_date_time": "2023-02-13T04:24:29-05:00", "waiting_time": 0, "distance": 282, "driving_time": 269, "preparation_time": 0, "load_before": [0], "load_after": [0]}, {"type": "service", "id": "1501513000_47", "location_id": "1501513000", "address": {"location_id": "1501513000", "lat": 42.30190754, "lon": -71.0622472}, "arr_time": 1676280285, "arr_date_time": "2023-02-13T04:24:45-05:00", "end_time": 1676280585, "end_date_time": "2023-02-13T04:29:45-05:00", "waiting_time": 0, "distance": 298, "driving_time": 285, "preparation_time": 0, "load_before": [0], "load_after": [0]}, {"type": "service", "id": "1501473000_28", "location_id": "1501473000", "address": {"location_id": "1501473000", "lat": 42.30208327, "lon": -71.06192971}, "arr_time": 1676280592, "arr_date_time": "2023-02-13T04:29:52-05:00", "end_time": 1676280892, "end_date_time": "2023-02-13T04:34:52-05:00", "waiting_time": 0, "distance": 306, "driving_time": 292, "preparation_time": 0, "load_before": [0], "load_after": [0]}, {"type": "service", "id": "1501512000_46", "location_id": "1501512000", "address": {"location_id": "1501512000", "lat": 42.30200268, "lon": -71.06229976}, "arr_time": 1676280896, "arr_date_time": "2023-02-13T04:34:56-05:00", "end_time": 1676281196, "end_date_time": "2023-02-13T04:39:56-05:00", "waiting_time": 0, "distance": 310, "driving_time": 296, "preparation_time": 0, "load_before": [0], "load_after": [0]}, {"type": "service", "id": "1501474000_29", "location_id": "1501474000", "address": {"location_id": "1501474000", "lat": 42.30217214, "lon": -71.06195945}, "arr_time": 1676281201, "arr_date_time": "2023-02-13T04:40:01-05:00", "end_time": 1676281501, "end_date_time": "2023-02-13T04:45:01-05:00", "waiting_time": 0, "distance": 316, "driving_time": 301, "preparation_time": 0, "load_before": [0], "load_after": [0]}, {"type": "service", "id": "1501475000_30", "location_id": "1501475000", "address": {"location_id": "1501475000", "lat": 42.30224571, "lon": -71.06203781}, "arr_time": 1676281511, "arr_date_time": "2023-02-13T04:45:11-05:00", "end_time": 1676281811, "end_date_time": "2023-02-13T04:50:11-05:00", "waiting_time": 0, "distance": 326, "driving_time": 311, "preparation_time": 0, "load_before": [0], "load_after": [0]}, {"type": "service", "id": "1501476000_31", "location_id": "1501476000", "address": {"location_id": "1501476000", "lat": 42.30236889, "lon": -71.06202657}, "arr_time": 1676281823, "arr_date_time": "2023-02-13T04:50:23-05:00", "end_time": 1676282123, "end_date_time": "2023-02-13T04:55:23-05:00", "waiting_time": 0, "distance": 338, "driving_time": 323, "preparation_time": 0, "load_before": [0], "load_after": [0]}, {"type": "service", "id": "1501509000_45", "location_id": "1501509000", "address": {"location_id": "1501509000", "lat": 42.30207079, "lon": -71.06251441}, "arr_time": 1676282151, "arr_date_time": "2023-02-13T04:55:51-05:00", "end_time": 1676282451, "end_date_time": "2023-02-13T05:00:51-05:00", "waiting_time": 0, "distance": 367, "driving_time": 351, "preparation_time": 0, "load_before": [0], "load_after": [0]}, {"type": "service", "id": "1501479000_32", "location_id": "1501479000", "address": {"location_id": "1501479000", "lat": 42.30232815, "lon": -71.06282819}, "arr_time": 1676282465, "arr_date_time": "2023-02-13T05:01:05-05:00", "end_time": 1676282765, "end_date_time": "2023-02-13T05:06:05-05:00", "waiting_time": 0, "distance": 382, "driving_time": 365, "preparation_time": 0, "load_before": [0], "load_after": [0]}, {"type": "service", "id": "1501507000_44", "location_id": "1501507000", "address": {"location_id": "1501507000", "lat": 42.30203663, "lon": -71.06277248}, "arr_time": 1676282772, "arr_date_time": "2023-02-13T05:06:12-05:00", "end_time": 1676283072, "end_date_time": "2023-02-13T05:11:12-05:00", "waiting_time": 0, "distance": 389, "driving_time": 372, "preparation_time": 0, "load_before": [0], "load_after": [0]}, {"type": "service", "id": "1501506000_43", "location_id": "1501506000", "address": {"location_id": "1501506000", "lat": 42.30191443, "lon": -71.06290255}, "arr_time": 1676283087, "arr_date_time": "2023-02-13T05:11:27-05:00", "end_time": 1676283387, "end_date_time": "2023-02-13T05:16:27-05:00", "waiting_time": 0, "distance": 404, "driving_time": 387, "preparation_time": 0, "load_before": [0], "load_after": [0]}, {"type": "service", "id": "1501504000_42", "location_id": "1501504000", "address": {"location_id": "1501504000", "lat": 42.30187711, "lon": -71.06316194}, "arr_time": 1676283448, "arr_date_time": "2023-02-13T05:17:28-05:00", "end_time": 1676283748, "end_date_time": "2023-02-13T05:22:28-05:00", "waiting_time": 0, "distance": 467, "driving_time": 448, "preparation_time": 0, "load_before": [0], "load_after": [0]}, {"type": "service", "id": "1501503000_41", "location_id": "1501503000", "address": {"location_id": "1501503000", "lat": 42.30179132, "lon": -71.06310881}, "arr_time": 1676283759, "arr_date_time": "2023-02-13T05:22:39-05:00", "end_time": 1676284059, "end_date_time": "2023-02-13T05:27:39-05:00", "waiting_time": 0, "distance": 477, "driving_time": 459, "preparation_time": 0, "load_before": [0], "load_after": [0]}, {"type": "service", "id": "1501531000_51", "location_id": "1501531000", "address": {"location_id": "1501531000", "lat": 42.30140181, "lon": -71.06339591}, "arr_time": 1676284087, "arr_date_time": "2023-02-13T05:28:07-05:00", "end_time": 1676284387, "end_date_time": "2023-02-13T05:33:07-05:00", "waiting_time": 0, "distance": 507, "driving_time": 487, "preparation_time": 0, "load_before": [0], "load_after": [0]}, {"type": "service", "id": "1501501000_40", "location_id": "1501501000", "address": {"location_id": "1501501000", "lat": 42.30169981, "lon": -71.06265498}, "arr_time": 1676284439, "arr_date_time": "2023-02-13T05:33:59-05:00", "end_time": 1676284739, "end_date_time": "2023-02-13T05:38:59-05:00", "waiting_time": 0, "distance": 562, "driving_time": 539, "preparation_time": 0, "load_before": [0], "load_after": [0]}, {"type": "service", "id": "1501570001_57", "location_id": "1501570001", "address": {"location_id": "1501570001", "lat": 42.30144885, "lon": -71.06215438}, "arr_time": 1676284771, "arr_date_time": "2023-02-13T05:39:31-05:00", "end_time": 1676285071, "end_date_time": "2023-02-13T05:44:31-05:00", "waiting_time": 0, "distance": 595, "driving_time": 571, "preparation_time": 0, "load_before": [0], "load_after": [0]}, {"type": "service", "id": "1501566000_56", "location_id": "1501566000", "address": {"location_id": "1501566000", "lat": 42.30108656, "lon": -71.0623043}, "arr_time": 1676285103, "arr_date_time": "2023-02-13T05:45:03-05:00", "end_time": 1676285403, "end_date_time": "2023-02-13T05:50:03-05:00", "waiting_time": 0, "distance": 629, "driving_time": 603, "preparation_time": 0, "load_before": [0], "load_after": [0]}, {"type": "service", "id": "1501550000_54", "location_id": "1501550000", "address": {"location_id": "1501550000", "lat": 42.30060666, "lon": -71.06273665}, "arr_time": 1676285493, "arr_date_time": "2023-02-13T05:51:33-05:00", "end_time": 1676285793, "end_date_time": "2023-02-13T05:56:33-05:00", "waiting_time": 0, "distance": 723, "driving_time": 693, "preparation_time": 0, "load_before": [0], "load_after": [0]}, {"type": "service", "id": "1500568000_01", "location_id": "1500568000", "address": {"location_id": "1500568000", "lat": 42.3002593, "lon": -71.06225856}, "arr_time": 1676285837, "arr_date_time": "2023-02-13T05:57:17-05:00", "end_time": 1676286137, "end_date_time": "2023-02-13T06:02:17-05:00", "waiting_time": 0, "distance": 768, "driving_time": 737, "preparation_time": 0, "load_before": [0], "load_after": [0]}, {"type": "service", "id": "1500571000_02", "location_id": "1500571000", "address": {"location_id": "1500571000", "lat": 42.30044086, "lon": -71.06139724}, "arr_time": 1676286211, "arr_date_time": "2023-02-13T06:03:31-05:00", "end_time": 1676286511, "end_date_time": "2023-02-13T06:08:31-05:00", "waiting_time": 0, "distance": 844, "driving_time": 811, "preparation_time": 0, "load_before": [0], "load_after": [0]}, {"type": "service", "id": "1501542000_53", "location_id": "1501542000", "address": {"location_id": "1501542000", "lat": 42.30085209, "lon": -71.06055934}, "arr_time": 1676286587, "arr_date_time": "2023-02-13T06:09:47-05:00", "end_time": 1676286887, "end_date_time": "2023-02-13T06:14:47-05:00", "waiting_time": 0, "distance": 924, "driving_time": 887, "preparation_time": 0, "load_before": [0], "load_after": [0]}, {"type": "service", "id": "1500593000_05", "location_id": "1500593000", "address": {"location_id": "1500593000", "lat": 42.30000236, "lon": -71.06291236}, "arr_time": 1676287104, "arr_date_time": "2023-02-13T06:18:24-05:00", "end_time": 1676287404, "end_date_time": "2023-02-13T06:23:24-05:00", "waiting_time": 0, "distance": 1151, "driving_time": 1104, "preparation_time": 0, "load_before": [0], "load_after": [0]}, {"type": "service", "id": "1501552000_55", "location_id": "1501552000", "address": {"location_id": "1501552000", "lat": 42.30044817, "lon": -71.06313637}, "arr_time": 1676287448, "arr_date_time": "2023-02-13T06:24:08-05:00", "end_time": 1676287748, "end_date_time": "2023-02-13T06:29:08-05:00", "waiting_time": 0, "distance": 1197, "driving_time": 1148, "preparation_time": 0, "load_before": [0], "load_after": [0]}, {"type": "service", "id": "1500590000_04", "location_id": "1500590000", "address": {"location_id": "1500590000", "lat": 42.30009839, "lon": -71.0630869}, "arr_time": 1676287757, "arr_date_time": "2023-02-13T06:29:17-05:00", "end_time": 1676288057, "end_date_time": "2023-02-13T06:34:17-05:00", "waiting_time": 0, "distance": 1206, "driving_time": 1157, "preparation_time": 0, "load_before": [0], "load_after": [0]}, {"type": "service", "id": "1500622001_11", "location_id": "1500622001", "address": {"location_id": "1500622001", "lat": 42.30039962, "lon": -71.06373815}, "arr_time": 1676288112, "arr_date_time": "2023-02-13T06:35:12-05:00", "end_time": 1676288412, "end_date_time": "2023-02-13T06:40:12-05:00", "waiting_time": 0, "distance": 1262, "driving_time": 1212, "preparation_time": 0, "load_before": [0], "load_after": [0]}, {"type": "service", "id": "1500584000_03", "location_id": "1500584000", "address": {"location_id": "1500584000", "lat": 42.29982223, "lon": -71.06395217}, "arr_time": 1676288504, "arr_date_time": "2023-02-13T06:41:44-05:00", "end_time": 1676288804, "end_date_time": "2023-02-13T06:46:44-05:00", "waiting_time": 0, "distance": 1357, "driving_time": 1304, "preparation_time": 0, "load_before": [0], "load_after": [0]}, {"type": "service", "id": "1500610000_06", "location_id": "1500610000", "address": {"location_id": "1500610000", "lat": 42.30026061, "lon": -71.06526204}, "arr_time": 1676288999, "arr_date_time": "2023-02-13T06:49:59-05:00", "end_time": 1676289299, "end_date_time": "2023-02-13T06:54:59-05:00", "waiting_time": 0, "distance": 1559, "driving_time": 1499, "preparation_time": 0, "load_before": [0], "load_after": [0]}, {"type": "service", "id": "1500634000_16", "location_id": "1500634000", "address": {"location_id": "1500634000", "lat": 42.30058791, "lon": -71.06533957}, "arr_time": 1676289320, "arr_date_time": "2023-02-13T06:55:20-05:00", "end_time": 1676289620, "end_date_time": "2023-02-13T07:00:20-05:00", "waiting_time": 0, "distance": 1582, "driving_time": 1520, "preparation_time": 0, "load_before": [0], "load_after": [0]}, {"type": "service", "id": "1500633000_15", "location_id": "1500633000", "address": {"location_id": "1500633000", "lat": 42.30062296, "lon": -71.06519945}, "arr_time": 1676289632, "arr_date_time": "2023-02-13T07:00:32-05:00", "end_time": 1676289932, "end_date_time": "2023-02-13T07:05:32-05:00", "waiting_time": 0, "distance": 1594, "driving_time": 1532, "preparation_time": 0, "load_before": [0], "load_after": [0]}, {"type": "service", "id": "1500616000_07", "location_id": "1500616000", "address": {"location_id": "1500616000", "lat": 42.30047676, "lon": -71.06442489}, "arr_time": 1676289985, "arr_date_time": "2023-02-13T07:06:25-05:00", "end_time": 1676290285, "end_date_time": "2023-02-13T07:11:25-05:00", "waiting_time": 0, "distance": 1650, "driving_time": 1585, "preparation_time": 0, "load_before": [0], "load_after": [0]}, {"type": "service", "id": "1500628000_14", "location_id": "1500628000", "address": {"location_id": "1500628000", "lat": 42.3007991, "lon": -71.0644968}, "arr_time": 1676290291, "arr_date_time": "2023-02-13T07:11:31-05:00", "end_time": 1676290591, "end_date_time": "2023-02-13T07:16:31-05:00", "waiting_time": 0, "distance": 1655, "driving_time": 1591, "preparation_time": 0, "load_before": [0], "load_after": [0]}, {"type": "service", "id": "1500619000_09", "location_id": "1500619000", "address": {"location_id": "1500619000", "lat": 42.30055441, "lon": -71.06399597}, "arr_time": 1676290628, "arr_date_time": "2023-02-13T07:17:08-05:00", "end_time": 1676290928, "end_date_time": "2023-02-13T07:22:08-05:00", "waiting_time": 0, "distance": 1694, "driving_time": 1628, "preparation_time": 0, "load_before": [0], "load_after": [0]}, {"type": "service", "id": "1500622000_10", "location_id": "1500622000", "address": {"location_id": "1500622000", "lat": 42.30046779, "lon": -71.06382949}, "arr_time": 1676290941, "arr_date_time": "2023-02-13T07:22:21-05:00", "end_time": 1676291241, "end_date_time": "2023-02-13T07:27:21-05:00", "waiting_time": 0, "distance": 1708, "driving_time": 1641, "preparation_time": 0, "load_before": [0], "load_after": [0]}, {"type": "service", "id": "1500617000_08", "location_id": "1500617000", "address": {"location_id": "1500617000", "lat": 42.30051359, "lon": -71.06428559}, "arr_time": 1676291257, "arr_date_time": "2023-02-13T07:27:37-05:00", "end_time": 1676291557, "end_date_time": "2023-02-13T07:32:37-05:00", "waiting_time": 0, "distance": 1725, "driving_time": 1657, "preparation_time": 0, "load_before": [0], "load_after": [0]}, {"type": "service", "id": "1500626000_13", "location_id": "1500626000", "address": {"location_id": "1500626000", "lat": 42.30085643, "lon": -71.06415441}, "arr_time": 1676291581, "arr_date_time": "2023-02-13T07:33:01-05:00", "end_time": 1676291881, "end_date_time": "2023-02-13T07:38:01-05:00", "waiting_time": 0, "distance": 1750, "driving_time": 1681, "preparation_time": 0, "load_before": [0], "load_after": [0]}, {"type": "service", "id": "1501516000_48", "location_id": "1501516000", "address": {"location_id": "1501516000", "lat": 42.30117128, "lon": -71.06326493}, "arr_time": 1676291969, "arr_date_time": "2023-02-13T07:39:29-05:00", "end_time": 1676292269, "end_date_time": "2023-02-13T07:44:29-05:00", "waiting_time": 0, "distance": 1841, "driving_time": 1769, "preparation_time": 0, "load_before": [0], "load_after": [0]}, {"type": "service", "id": "1501533010_52", "location_id": "1501533010", "address": {"location_id": "1501533010", "lat": 42.3012315, "lon": -71.06303877}, "arr_time": 1676292288, "arr_date_time": "2023-02-13T07:44:48-05:00", "end_time": 1676292588, "end_date_time": "2023-02-13T07:49:48-05:00", "waiting_time": 0, "distance": 1861, "driving_time": 1788, "preparation_time": 0, "load_before": [0], "load_after": [0]}, {"type": "service", "id": "1500625000_12", "location_id": "1500625000", "address": {"location_id": "1500625000", "lat": 42.30100244, "lon": -71.06412809}, "arr_time": 1676292677, "arr_date_time": "2023-02-13T07:51:17-05:00", "end_time": 1676292977, "end_date_time": "2023-02-13T07:56:17-05:00", "waiting_time": 0, "distance": 1955, "driving_time": 1877, "preparation_time": 0, "load_before": [0], "load_after": [0]}, {"type": "service", "id": "1500657010_18", "location_id": "1500657010", "address": {"location_id": "1500657010", "lat": 42.30131145, "lon": -71.06461575}, "arr_time": 1676293047, "arr_date_time": "2023-02-13T07:57:27-05:00", "end_time": 1676293347, "end_date_time": "2023-02-13T08:02:27-05:00", "waiting_time": 0, "distance": 2027, "driving_time": 1947, "preparation_time": 0, "load_before": [0], "load_after": [0]}, {"type": "service", "id": "1500658010_19", "location_id": "1500658010", "address": {"location_id": "1500658010", "lat": 42.30127755, "lon": -71.06477724}, "arr_time": 1676293360, "arr_date_time": "2023-02-13T08:02:40-05:00", "end_time": 1676293660, "end_date_time": "2023-02-13T08:07:40-05:00", "waiting_time": 0, "distance": 2041, "driving_time": 1960, "preparation_time": 0, "load_before": [0], "load_after": [0]}, {"type": "service", "id": "1500663000_20", "location_id": "1500663000", "address": {"location_id": "1500663000", "lat": 42.30114371, "lon": -71.06531191}, "arr_time": 1676293704, "arr_date_time": "2023-02-13T08:08:24-05:00", "end_time": 1676294004, "end_date_time": "2023-02-13T08:13:24-05:00", "waiting_time": 0, "distance": 2087, "driving_time": 2004, "preparation_time": 0, "load_before": [0], "load_after": [0]}, {"type": "service", "id": "1500642000_17", "location_id": "1500642000", "address": {"location_id": "1500642000", "lat": 42.30067895, "lon": -71.0658437}, "arr_time": 1676294060, "arr_date_time": "2023-02-13T08:14:20-05:00", "end_time": 1676294360, "end_date_time": "2023-02-13T08:19:20-05:00", "waiting_time": 0, "distance": 2145, "driving_time": 2060, "preparation_time": 0, "load_before": [0], "load_after": [0]}, {"type": "service", "id": "1500669000_21", "location_id": "1500669000", "address": {"location_id": "1500669000", "lat": 42.30093197, "lon": -71.06615957}, "arr_time": 1676294375, "arr_date_time": "2023-02-13T08:19:35-05:00", "end_time": 1676294675, "end_date_time": "2023-02-13T08:24:35-05:00", "waiting_time": 0, "distance": 2161, "driving_time": 2075, "preparation_time": 0, "load_before": [0], "load_after": [0]}, {"type": "service", "id": "1500677000_22", "location_id": "1500677000", "address": {"location_id": "1500677000", "lat": 42.3010579, "lon": -71.06652309}, "arr_time": 1676294860, "arr_date_time": "2023-02-13T08:27:40-05:00", "end_time": 1676295160, "end_date_time": "2023-02-13T08:32:40-05:00", "waiting_time": 0, "distance": 2354, "driving_time": 2260, "preparation_time": 0, "load_before": [0], "load_after": [0]}, {"type": "service", "id": "1500680000_23", "location_id": "1500680000", "address": {"location_id": "1500680000", "lat": 42.30116306, "lon": -71.06610272}, "arr_time": 1676295195, "arr_date_time": "2023-02-13T08:33:15-05:00", "end_time": 1676295495, "end_date_time": "2023-02-13T08:38:15-05:00", "waiting_time": 0, "distance": 2390, "driving_time": 2295, "preparation_time": 0, "load_before": [0], "load_after": [0]}, {"type": "service", "id": "1500683000_24", "location_id": "1500683000", "address": {"location_id": "1500683000", "lat": 42.30126821, "lon": -71.06568236}, "arr_time": 1676295529, "arr_date_time": "2023-02-13T08:38:49-05:00", "end_time": 1676295829, "end_date_time": "2023-02-13T08:43:49-05:00", "waiting_time": 0, "distance": 2426, "driving_time": 2329, "preparation_time": 0, "load_before": [0], "load_after": [0]}, {"type": "service", "id": "1500684000_25", "location_id": "1500684000", "address": {"location_id": "1500684000", "lat": 42.30130327, "lon": -71.06554224}, "arr_time": 1676295841, "arr_date_time": "2023-02-13T08:44:01-05:00", "end_time": 1676296141, "end_date_time": "2023-02-13T08:49:01-05:00", "waiting_time": 0, "distance": 2438, "driving_time": 2341, "preparation_time": 0, "load_before": [0], "load_after": [0]}, {"type": "service", "id": "1500685000_26", "location_id": "1500685000", "address": {"location_id": "1500685000", "lat": 42.30133832, "lon": -71.06540212}, "arr_time": 1676296153, "arr_date_time": "2023-02-13T08:49:13-05:00", "end_time": 1676296453, "end_date_time": "2023-02-13T08:54:13-05:00", "waiting_time": 0, "distance": 2450, "driving_time": 2353, "preparation_time": 0, "load_before": [0], "load_after": [0]}, {"type": "service", "id": "1500689000_27", "location_id": "1500689000", "address": {"location_id": "1500689000", "lat": 42.301479, "lon": -71.0648412}, "arr_time": 1676296500, "arr_date_time": "2023-02-13T08:55:00-05:00", "end_time": 1676296800, "end_date_time": "2023-02-13T09:00:00-05:00", "waiting_time": 0, "distance": 2498, "driving_time": 2400, "preparation_time": 0, "load_before": [0], "load_after": [0]}, {"type": "service", "id": "1501525000_49", "location_id": "1501525000", "address": {"location_id": "1501525000", "lat": 42.30173782, "lon": -71.06388508}, "arr_time": 1676296880, "arr_date_time": "2023-02-13T09:01:20-05:00", "end_time": 1676297180, "end_date_time": "2023-02-13T09:06:20-05:00", "waiting_time": 0, "distance": 2582, "driving_time": 2480, "preparation_time": 0, "load_before": [0], "load_after": [0]}, {"type": "service", "id": "1501527000_50", "location_id": "1501527000", "address": {"location_id": "1501527000", "lat": 42.3017952, "lon": -71.06362984}, "arr_time": 1676297201, "arr_date_time": "2023-02-13T09:06:41-05:00", "end_time": 1676297501, "end_date_time": "2023-02-13T09:11:41-05:00", "waiting_time": 0, "distance": 2604, "driving_time": 2501, "preparation_time": 0, "load_before": [0], "load_after": [0]}, {"type": "service", "id": "1501482000_35", "location_id": "1501482000", "address": {"location_id": "1501482000", "lat": 42.30226072, "lon": -71.0632912}, "arr_time": 1676297587, "arr_date_time": "2023-02-13T09:13:07-05:00", "end_time": 1676297887, "end_date_time": "2023-02-13T09:18:07-05:00", "waiting_time": 0, "distance": 2693, "driving_time": 2587, "preparation_time": 0, "load_before": [0], "load_after": [0]}, {"type": "service", "id": "1501481000_34", "location_id": "1501481000", "address": {"location_id": "1501481000", "lat": 42.30229924, "lon": -71.06315934}, "arr_time": 1676297897, "arr_date_time": "2023-02-13T09:18:17-05:00", "end_time": 1676298197, "end_date_time": "2023-02-13T09:23:17-05:00", "waiting_time": 0, "distance": 2705, "driving_time": 2597, "preparation_time": 0, "load_before": [0], "load_after": [0]}, {"type": "service", "id": "1501480000_33", "location_id": "1501480000", "address": {"location_id": "1501480000", "lat": 42.30233993, "lon": -71.06301297}, "arr_time": 1676298209, "arr_date_time": "2023-02-13T09:23:29-05:00", "end_time": 1676298509, "end_date_time": "2023-02-13T09:28:29-05:00", "waiting_time": 0, "distance": 2718, "driving_time": 2609, "preparation_time": 0, "load_before": [0], "load_after": [0]}, {"type": "end", "location_id": "1501488000", "address": {"location_id": "1501488000", "lat": 42.30258472, "lon": -71.06207842}, "arr_time": 1676298588, "arr_date_time": "2023-02-13T09:29:48-05:00", "end_time": 1676298588, "end_date_time": "2023-02-13T09:29:48-05:00", "waiting_time": 0, "distance": 2801, "driving_time": 2688, "preparation_time": 0, "load_before": [0]}]}], "unassigned": {"services": [], "shipments": [], "breaks": [], "details": []}}}