{"copyrights": ["GraphHopper", "OpenStreetMap contributors"], "job_id": "0fa527d0-2f17-4c9a-8269-41363b76a47d", "status": "finished", "waiting_time_in_queue": 0, "processing_time": 136, "solution": {"costs": 333, "distance": 1611, "time": 1549, "transport_time": 1549, "completion_time": 16549, "max_operation_time": 16549, "waiting_time": 0, "service_duration": 15000, "preparation_time": 0, "no_vehicles": 1, "no_unassigned": 0, "routes": [{"vehicle_id": "my_vehicle", "shift_id": "default-shift", "distance": 1611, "transport_time": 1549, "completion_time": 16549, "waiting_time": 0, "service_duration": 15000, "preparation_time": 0, "activities": [{"type": "start", "location_id": "1802028000", "address": {"location_id": "1802028000", "lat": 42.27047556, "lon": -71.10189605}, "arr_time": 1676278800, "arr_date_time": "2023-02-13T04:00:00-05:00", "end_time": 1676278800, "end_date_time": "2023-02-13T04:00:00-05:00", "waiting_time": 0, "distance": 0, "driving_time": 0, "preparation_time": 0, "load_after": [0]}, {"type": "service", "id": "1801986000_18", "location_id": "1801986000", "address": {"location_id": "1801986000", "lat": 42.27037149, "lon": -71.10138668}, "arr_time": 1676278844, "arr_date_time": "2023-02-13T04:00:44-05:00", "end_time": 1676279144, "end_date_time": "2023-02-13T04:05:44-05:00", "waiting_time": 0, "distance": 46, "driving_time": 44, "preparation_time": 0, "load_before": [0], "load_after": [0]}, {"type": "service", "id": "1802025000_36", "location_id": "1802025000", "address": {"location_id": "1802025000", "lat": 42.27018806, "lon": -71.10146992}, "arr_time": 1676279164, "arr_date_time": "2023-02-13T04:06:04-05:00", "end_time": 1676279464, "end_date_time": "2023-02-13T04:11:04-05:00", "waiting_time": 0, "distance": 67, "driving_time": 64, "preparation_time": 0, "load_before": [0], "load_after": [0]}, {"type": "service", "id": "1802024000_35", "location_id": "1802024000", "address": {"location_id": "1802024000", "lat": 42.27005277, "lon": -71.10151213}, "arr_time": 1676279479, "arr_date_time": "2023-02-13T04:11:19-05:00", "end_time": 1676279779, "end_date_time": "2023-02-13T04:16:19-05:00", "waiting_time": 0, "distance": 82, "driving_time": 79, "preparation_time": 0, "load_before": [0], "load_after": [0]}, {"type": "service", "id": "1802030000_37", "location_id": "1802030000", "address": {"location_id": "1802030000", "lat": 42.27025488, "lon": -71.10198027}, "arr_time": 1676279779, "arr_date_time": "2023-02-13T04:16:19-05:00", "end_time": 1676280079, "end_date_time": "2023-02-13T04:21:19-05:00", "waiting_time": 0, "distance": 83, "driving_time": 79, "preparation_time": 0, "load_before": [0], "load_after": [0]}, {"type": "service", "id": "1802031000_38", "location_id": "1802031000", "address": {"location_id": "1802031000", "lat": 42.27012033, "lon": -71.10209203}, "arr_time": 1676280096, "arr_date_time": "2023-02-13T04:21:36-05:00", "end_time": 1676280396, "end_date_time": "2023-02-13T04:26:36-05:00", "waiting_time": 0, "distance": 101, "driving_time": 96, "preparation_time": 0, "load_before": [0], "load_after": [0]}, {"type": "service", "id": "1802022000_34", "location_id": "1802022000", "address": {"location_id": "1802022000", "lat": 42.26984664, "lon": -71.10167002}, "arr_time": 1676280404, "arr_date_time": "2023-02-13T04:26:44-05:00", "end_time": 1676280704, "end_date_time": "2023-02-13T04:31:44-05:00", "waiting_time": 0, "distance": 109, "driving_time": 104, "preparation_time": 0, "load_before": [0], "load_after": [0]}, {"type": "service", "id": "1802020000_33", "location_id": "1802020000", "address": {"location_id": "1802020000", "lat": 42.26962111, "lon": -71.10188211}, "arr_time": 1676280733, "arr_date_time": "2023-02-13T04:32:13-05:00", "end_time": 1676281033, "end_date_time": "2023-02-13T04:37:13-05:00", "waiting_time": 0, "distance": 139, "driving_time": 133, "preparation_time": 0, "load_before": [0], "load_after": [0]}, {"type": "service", "id": "1802035000_39", "location_id": "1802035000", "address": {"location_id": "1802035000", "lat": 42.26973813, "lon": -71.10240511}, "arr_time": 1676281044, "arr_date_time": "2023-02-13T04:37:24-05:00", "end_time": 1676281344, "end_date_time": "2023-02-13T04:42:24-05:00", "waiting_time": 0, "distance": 150, "driving_time": 144, "preparation_time": 0, "load_before": [0], "load_after": [0]}, {"type": "service", "id": "1802019000_32", "location_id": "1802019000", "address": {"location_id": "1802019000", "lat": 42.26952885, "lon": -71.10195768}, "arr_time": 1676281345, "arr_date_time": "2023-02-13T04:42:25-05:00", "end_time": 1676281645, "end_date_time": "2023-02-13T04:47:25-05:00", "waiting_time": 0, "distance": 151, "driving_time": 145, "preparation_time": 0, "load_before": [0], "load_after": [0]}, {"type": "service", "id": "1802036000_40", "location_id": "1802036000", "address": {"location_id": "1802036000", "lat": 42.26964676, "lon": -71.1024805}, "arr_time": 1676281656, "arr_date_time": "2023-02-13T04:47:36-05:00", "end_time": 1676281956, "end_date_time": "2023-02-13T04:52:36-05:00", "waiting_time": 0, "distance": 162, "driving_time": 156, "preparation_time": 0, "load_before": [0], "load_after": [0]}, {"type": "service", "id": "1802037000_41", "location_id": "1802037000", "address": {"location_id": "1802037000", "lat": 42.2695504, "lon": -71.10256017}, "arr_time": 1676281969, "arr_date_time": "2023-02-13T04:52:49-05:00", "end_time": 1676282269, "end_date_time": "2023-02-13T04:57:49-05:00", "waiting_time": 0, "distance": 176, "driving_time": 169, "preparation_time": 0, "load_before": [0], "load_after": [0]}, {"type": "service", "id": "1802017000_31", "location_id": "1802017000", "address": {"location_id": "1802017000", "lat": 42.26927125, "lon": -71.10216864}, "arr_time": 1676282277, "arr_date_time": "2023-02-13T04:57:57-05:00", "end_time": 1676282577, "end_date_time": "2023-02-13T05:02:57-05:00", "waiting_time": 0, "distance": 184, "driving_time": 177, "preparation_time": 0, "load_before": [0], "load_after": [0]}, {"type": "service", "id": "1802038000_42", "location_id": "1802038000", "address": {"location_id": "1802038000", "lat": 42.26945535, "lon": -71.10263976}, "arr_time": 1676282581, "arr_date_time": "2023-02-13T05:03:01-05:00", "end_time": 1676282881, "end_date_time": "2023-02-13T05:08:01-05:00", "waiting_time": 0, "distance": 188, "driving_time": 181, "preparation_time": 0, "load_before": [0], "load_after": [0]}, {"type": "service", "id": "1802013000_30", "location_id": "1802013000", "address": {"location_id": "1802013000", "lat": 42.26887226, "lon": -71.10249658}, "arr_time": 1676282927, "arr_date_time": "2023-02-13T05:08:47-05:00", "end_time": 1676283227, "end_date_time": "2023-02-13T05:13:47-05:00", "waiting_time": 0, "distance": 235, "driving_time": 227, "preparation_time": 0, "load_before": [0], "load_after": [0]}, {"type": "service", "id": "1802042000_43", "location_id": "1802042000", "address": {"location_id": "1802042000", "lat": 42.26908359, "lon": -71.10295337}, "arr_time": 1676283228, "arr_date_time": "2023-02-13T05:13:48-05:00", "end_time": 1676283528, "end_date_time": "2023-02-13T05:18:48-05:00", "waiting_time": 0, "distance": 236, "driving_time": 228, "preparation_time": 0, "load_before": [0], "load_after": [0]}, {"type": "service", "id": "1802011000_29", "location_id": "1802011000", "address": {"location_id": "1802011000", "lat": 42.26868696, "lon": -71.10264917}, "arr_time": 1676283549, "arr_date_time": "2023-02-13T05:19:09-05:00", "end_time": 1676283849, "end_date_time": "2023-02-13T05:24:09-05:00", "waiting_time": 0, "distance": 259, "driving_time": 249, "preparation_time": 0, "load_before": [0], "load_after": [0]}, {"type": "service", "id": "1802044000_44", "location_id": "1802044000", "address": {"location_id": "1802044000", "lat": 42.26878358, "lon": -71.10309306}, "arr_time": 1676283860, "arr_date_time": "2023-02-13T05:24:20-05:00", "end_time": 1676284160, "end_date_time": "2023-02-13T05:29:20-05:00", "waiting_time": 0, "distance": 270, "driving_time": 260, "preparation_time": 0, "load_before": [0], "load_after": [0]}, {"type": "service", "id": "1802045000_45", "location_id": "1802045000", "address": {"location_id": "1802045000", "lat": 42.26878095, "lon": -71.1032874}, "arr_time": 1676284217, "arr_date_time": "2023-02-13T05:30:17-05:00", "end_time": 1676284517, "end_date_time": "2023-02-13T05:35:17-05:00", "waiting_time": 0, "distance": 330, "driving_time": 317, "preparation_time": 0, "load_before": [0], "load_after": [0]}, {"type": "service", "id": "1803713000_46", "location_id": "1803713000", "address": {"location_id": "1803713000", "lat": 42.26830209, "lon": -71.1032932}, "arr_time": 1676284556, "arr_date_time": "2023-02-13T05:35:56-05:00", "end_time": 1676284856, "end_date_time": "2023-02-13T05:40:56-05:00", "waiting_time": 0, "distance": 370, "driving_time": 356, "preparation_time": 0, "load_before": [0], "load_after": [0]}, {"type": "service", "id": "1802009000_28", "location_id": "1802009000", "address": {"location_id": "1802009000", "lat": 42.26841887, "lon": -71.10274656}, "arr_time": 1676284875, "arr_date_time": "2023-02-13T05:41:15-05:00", "end_time": 1676285175, "end_date_time": "2023-02-13T05:46:15-05:00", "waiting_time": 0, "distance": 390, "driving_time": 375, "preparation_time": 0, "load_before": [0], "load_after": [0]}, {"type": "service", "id": "1802008000_27", "location_id": "1802008000", "address": {"location_id": "1802008000", "lat": 42.26832048, "lon": -71.10260041}, "arr_time": 1676285191, "arr_date_time": "2023-02-13T05:46:31-05:00", "end_time": 1676285491, "end_date_time": "2023-02-13T05:51:31-05:00", "waiting_time": 0, "distance": 407, "driving_time": 391, "preparation_time": 0, "load_before": [0], "load_after": [0]}, {"type": "service", "id": "1803743000_47", "location_id": "1803743000", "address": {"location_id": "1803743000", "lat": 42.26794267, "lon": -71.10288147}, "arr_time": 1676285507, "arr_date_time": "2023-02-13T05:51:47-05:00", "end_time": 1676285807, "end_date_time": "2023-02-13T05:56:47-05:00", "waiting_time": 0, "distance": 423, "driving_time": 407, "preparation_time": 0, "load_before": [0], "load_after": [0]}, {"type": "service", "id": "1803744000_48", "location_id": "1803744000", "address": {"location_id": "1803744000", "lat": 42.26786707, "lon": -71.1027764}, "arr_time": 1676285819, "arr_date_time": "2023-02-13T05:56:59-05:00", "end_time": 1676286119, "end_date_time": "2023-02-13T06:01:59-05:00", "waiting_time": 0, "distance": 435, "driving_time": 419, "preparation_time": 0, "load_before": [0], "load_after": [0]}, {"type": "service", "id": "1803745000_49", "location_id": "1803745000", "address": {"location_id": "1803745000", "lat": 42.26777435, "lon": -71.10266312}, "arr_time": 1676286159, "arr_date_time": "2023-02-13T06:02:39-05:00", "end_time": 1676286459, "end_date_time": "2023-02-13T06:07:39-05:00", "waiting_time": 0, "distance": 476, "driving_time": 459, "preparation_time": 0, "load_before": [0], "load_after": [0]}, {"type": "service", "id": "1803766000_50", "location_id": "1803766000", "address": {"location_id": "1803766000", "lat": 42.26757375, "lon": -71.10247348}, "arr_time": 1676286468, "arr_date_time": "2023-02-13T06:07:48-05:00", "end_time": 1676286768, "end_date_time": "2023-02-13T06:12:48-05:00", "waiting_time": 0, "distance": 485, "driving_time": 468, "preparation_time": 0, "load_before": [0], "load_after": [0]}, {"type": "service", "id": "1801945000_09", "location_id": "1801945000", "address": {"location_id": "1801945000", "lat": 42.26774981, "lon": -71.10184149}, "arr_time": 1676286827, "arr_date_time": "2023-02-13T06:13:47-05:00", "end_time": 1676287127, "end_date_time": "2023-02-13T06:18:47-05:00", "waiting_time": 0, "distance": 547, "driving_time": 527, "preparation_time": 0, "load_before": [0], "load_after": [0]}, {"type": "service", "id": "1801943000_07", "location_id": "1801943000", "address": {"location_id": "1801943000", "lat": 42.26751614, "lon": -71.1016803}, "arr_time": 1676287153, "arr_date_time": "2023-02-13T06:19:13-05:00", "end_time": 1676287453, "end_date_time": "2023-02-13T06:24:13-05:00", "waiting_time": 0, "distance": 575, "driving_time": 553, "preparation_time": 0, "load_before": [0], "load_after": [0]}, {"type": "service", "id": "1801942000_06", "location_id": "1801942000", "address": {"location_id": "1801942000", "lat": 42.2674197, "lon": -71.1015744}, "arr_time": 1676287509, "arr_date_time": "2023-02-13T06:25:09-05:00", "end_time": 1676287809, "end_date_time": "2023-02-13T06:30:09-05:00", "waiting_time": 0, "distance": 633, "driving_time": 609, "preparation_time": 0, "load_before": [0], "load_after": [0]}, {"type": "service", "id": "1801940000_04", "location_id": "1801940000", "address": {"location_id": "1801940000", "lat": 42.26773028, "lon": -71.10136103}, "arr_time": 1676287843, "arr_date_time": "2023-02-13T06:30:43-05:00", "end_time": 1676288143, "end_date_time": "2023-02-13T06:35:43-05:00", "waiting_time": 0, "distance": 668, "driving_time": 643, "preparation_time": 0, "load_before": [0], "load_after": [0]}, {"type": "service", "id": "1801941000_05", "location_id": "1801941000", "address": {"location_id": "1801941000", "lat": 42.26763231, "lon": -71.10146182}, "arr_time": 1676288156, "arr_date_time": "2023-02-13T06:35:56-05:00", "end_time": 1676288456, "end_date_time": "2023-02-13T06:40:56-05:00", "waiting_time": 0, "distance": 682, "driving_time": 656, "preparation_time": 0, "load_before": [0], "load_after": [0]}, {"type": "service", "id": "1801944000_08", "location_id": "1801944000", "address": {"location_id": "1801944000", "lat": 42.26760898, "lon": -71.10178553}, "arr_time": 1676288545, "arr_date_time": "2023-02-13T06:42:25-05:00", "end_time": 1676288845, "end_date_time": "2023-02-13T06:47:25-05:00", "waiting_time": 0, "distance": 776, "driving_time": 745, "preparation_time": 0, "load_before": [0], "load_after": [0]}, {"type": "service", "id": "1802006000_26", "location_id": "1802006000", "address": {"location_id": "1802006000", "lat": 42.26844502, "lon": -71.10240719}, "arr_time": 1676288961, "arr_date_time": "2023-02-13T06:49:21-05:00", "end_time": 1676289261, "end_date_time": "2023-02-13T06:54:21-05:00", "waiting_time": 0, "distance": 897, "driving_time": 861, "preparation_time": 0, "load_before": [0], "load_after": [0]}, {"type": "service", "id": "1801956000_10", "location_id": "1801956000", "address": {"location_id": "1801956000", "lat": 42.26838444, "lon": -71.10189957}, "arr_time": 1676289279, "arr_date_time": "2023-02-13T06:54:39-05:00", "end_time": 1676289579, "end_date_time": "2023-02-13T06:59:39-05:00", "waiting_time": 0, "distance": 915, "driving_time": 879, "preparation_time": 0, "load_before": [0], "load_after": [0]}, {"type": "service", "id": "1802004000_25", "location_id": "1802004000", "address": {"location_id": "1802004000", "lat": 42.26863053, "lon": -71.1022464}, "arr_time": 1676289585, "arr_date_time": "2023-02-13T06:59:45-05:00", "end_time": 1676289885, "end_date_time": "2023-02-13T07:04:45-05:00", "waiting_time": 0, "distance": 922, "driving_time": 885, "preparation_time": 0, "load_before": [0], "load_after": [0]}, {"type": "service", "id": "1801958000_11", "location_id": "1801958000", "address": {"location_id": "1801958000", "lat": 42.26847577, "lon": -71.10181659}, "arr_time": 1676289891, "arr_date_time": "2023-02-13T07:04:51-05:00", "end_time": 1676290191, "end_date_time": "2023-02-13T07:09:51-05:00", "waiting_time": 0, "distance": 927, "driving_time": 891, "preparation_time": 0, "load_before": [0], "load_after": [0]}, {"type": "service", "id": "1801960000_12", "location_id": "1801960000", "address": {"location_id": "1801960000", "lat": 42.26854762, "lon": -71.1015697}, "arr_time": 1676290208, "arr_date_time": "2023-02-13T07:10:08-05:00", "end_time": 1676290508, "end_date_time": "2023-02-13T07:15:08-05:00", "waiting_time": 0, "distance": 945, "driving_time": 908, "preparation_time": 0, "load_before": [0], "load_after": [0]}, {"type": "service", "id": "1801963000_13", "location_id": "1801963000", "address": {"location_id": "1801963000", "lat": 42.2686967, "lon": -71.10143183}, "arr_time": 1676290527, "arr_date_time": "2023-02-13T07:15:27-05:00", "end_time": 1676290827, "end_date_time": "2023-02-13T07:20:27-05:00", "waiting_time": 0, "distance": 965, "driving_time": 927, "preparation_time": 0, "load_before": [0], "load_after": [0]}, {"type": "service", "id": "1802000000_24", "location_id": "1802000000", "address": {"location_id": "1802000000", "lat": 42.26899582, "lon": -71.10192921}, "arr_time": 1676290831, "arr_date_time": "2023-02-13T07:20:31-05:00", "end_time": 1676291131, "end_date_time": "2023-02-13T07:25:31-05:00", "waiting_time": 0, "distance": 970, "driving_time": 931, "preparation_time": 0, "load_before": [0], "load_after": [0]}, {"type": "service", "id": "1801964000_14", "location_id": "1801964000", "address": {"location_id": "1801964000", "lat": 42.26881566, "lon": -71.10132036}, "arr_time": 1676291141, "arr_date_time": "2023-02-13T07:25:41-05:00", "end_time": 1676291441, "end_date_time": "2023-02-13T07:30:41-05:00", "waiting_time": 0, "distance": 981, "driving_time": 941, "preparation_time": 0, "load_before": [0], "load_after": [0]}, {"type": "service", "id": "1801999000_23", "location_id": "1801999000", "address": {"location_id": "1801999000", "lat": 42.26909165, "lon": -71.10184548}, "arr_time": 1676291443, "arr_date_time": "2023-02-13T07:30:43-05:00", "end_time": 1676291743, "end_date_time": "2023-02-13T07:35:43-05:00", "waiting_time": 0, "distance": 982, "driving_time": 943, "preparation_time": 0, "load_before": [0], "load_after": [0]}, {"type": "service", "id": "1801998000_22", "location_id": "1801998000", "address": {"location_id": "1801998000", "lat": 42.26918155, "lon": -71.10176586}, "arr_time": 1676291755, "arr_date_time": "2023-02-13T07:35:55-05:00", "end_time": 1676292055, "end_date_time": "2023-02-13T07:40:55-05:00", "waiting_time": 0, "distance": 994, "driving_time": 955, "preparation_time": 0, "load_before": [0], "load_after": [0]}, {"type": "service", "id": "1801965000_15", "location_id": "1801965000", "address": {"location_id": "1801965000", "lat": 42.26893831, "lon": -71.10120701}, "arr_time": 1676292057, "arr_date_time": "2023-02-13T07:40:57-05:00", "end_time": 1676292357, "end_date_time": "2023-02-13T07:45:57-05:00", "waiting_time": 0, "distance": 997, "driving_time": 957, "preparation_time": 0, "load_before": [0], "load_after": [0]}, {"type": "service", "id": "1801997000_21", "location_id": "1801997000", "address": {"location_id": "1801997000", "lat": 42.26927567, "lon": -71.10168559}, "arr_time": 1676292367, "arr_date_time": "2023-02-13T07:46:07-05:00", "end_time": 1676292667, "end_date_time": "2023-02-13T07:51:07-05:00", "waiting_time": 0, "distance": 1006, "driving_time": 967, "preparation_time": 0, "load_before": [0], "load_after": [0]}, {"type": "service", "id": "1801995000_20", "location_id": "1801995000", "address": {"location_id": "1801995000", "lat": 42.26945868, "lon": -71.10152592}, "arr_time": 1676292689, "arr_date_time": "2023-02-13T07:51:29-05:00", "end_time": 1676292989, "end_date_time": "2023-02-13T07:56:29-05:00", "waiting_time": 0, "distance": 1030, "driving_time": 989, "preparation_time": 0, "load_before": [0], "load_after": [0]}, {"type": "service", "id": "1801994000_19", "location_id": "1801994000", "address": {"location_id": "1801994000", "lat": 42.26955028, "lon": -71.101444}, "arr_time": 1676293001, "arr_date_time": "2023-02-13T07:56:41-05:00", "end_time": 1676293301, "end_date_time": "2023-02-13T08:01:41-05:00", "waiting_time": 0, "distance": 1042, "driving_time": 1001, "preparation_time": 0, "load_before": [0], "load_after": [0]}, {"type": "service", "id": "1801975000_16", "location_id": "1801975000", "address": {"location_id": "1801975000", "lat": 42.26977186, "lon": -71.10082059}, "arr_time": 1676293341, "arr_date_time": "2023-02-13T08:02:21-05:00", "end_time": 1676293641, "end_date_time": "2023-02-13T08:07:21-05:00", "waiting_time": 0, "distance": 1084, "driving_time": 1041, "preparation_time": 0, "load_before": [0], "load_after": [0]}, {"type": "service", "id": "1801977000_17", "location_id": "1801977000", "address": {"location_id": "1801977000", "lat": 42.27010159, "lon": -71.10065274}, "arr_time": 1676293691, "arr_date_time": "2023-02-13T08:08:11-05:00", "end_time": 1676293991, "end_date_time": "2023-02-13T08:13:11-05:00", "waiting_time": 0, "distance": 1135, "driving_time": 1091, "preparation_time": 0, "load_before": [0], "load_after": [0]}, {"type": "service", "id": "1801926000_01", "location_id": "1801926000", "address": {"location_id": "1801926000", "lat": 42.27023818, "lon": -71.10040391}, "arr_time": 1676294045, "arr_date_time": "2023-02-13T08:14:05-05:00", "end_time": 1676294345, "end_date_time": "2023-02-13T08:19:05-05:00", "waiting_time": 0, "distance": 1191, "driving_time": 1145, "preparation_time": 0, "load_before": [0], "load_after": [0]}, {"type": "service", "id": "1801928000_03", "location_id": "1801928000", "address": {"location_id": "1801928000", "lat": 42.27012686, "lon": -71.09995713}, "arr_time": 1676294441, "arr_date_time": "2023-02-13T08:20:41-05:00", "end_time": 1676294741, "end_date_time": "2023-02-13T08:25:41-05:00", "waiting_time": 0, "distance": 1291, "driving_time": 1241, "preparation_time": 0, "load_before": [0], "load_after": [0]}, {"type": "service", "id": "1801927000_02", "location_id": "1801927000", "address": {"location_id": "1801927000", "lat": 42.27018982, "lon": -71.10018529}, "arr_time": 1676294788, "arr_date_time": "2023-02-13T08:26:28-05:00", "end_time": 1676295088, "end_date_time": "2023-02-13T08:31:28-05:00", "waiting_time": 0, "distance": 1339, "driving_time": 1288, "preparation_time": 0, "load_before": [0], "load_after": [0]}, {"type": "end", "location_id": "1802028000", "address": {"location_id": "1802028000", "lat": 42.27047556, "lon": -71.10189605}, "arr_time": 1676295349, "arr_date_time": "2023-02-13T08:35:49-05:00", "end_time": 1676295349, "end_date_time": "2023-02-13T08:35:49-05:00", "waiting_time": 0, "distance": 1611, "driving_time": 1549, "preparation_time": 0, "load_before": [0]}]}], "unassigned": {"services": [], "shipments": [], "breaks": [], "details": []}}}