{"copyrights": ["GraphHopper", "OpenStreetMap contributors"], "job_id": "4da46812-60af-49e7-b2e6-6cf79ff58ebc", "status": "finished", "waiting_time_in_queue": 0, "processing_time": 169, "solution": {"costs": 392, "distance": 3901, "time": 3748, "transport_time": 3748, "completion_time": 23848, "max_operation_time": 23848, "waiting_time": 0, "service_duration": 20100, "preparation_time": 0, "no_vehicles": 1, "no_unassigned": 0, "routes": [{"vehicle_id": "my_vehicle", "shift_id": "default-shift", "distance": 3901, "transport_time": 3748, "completion_time": 23848, "waiting_time": 0, "service_duration": 20100, "preparation_time": 0, "activities": [{"type": "start", "location_id": "1800725000", "address": {"location_id": "1800725000", "lat": 42.27539166, "lon": -71.09066812}, "arr_time": 1676278800, "arr_date_time": "2023-02-13T04:00:00-05:00", "end_time": 1676278800, "end_date_time": "2023-02-13T04:00:00-05:00", "waiting_time": 0, "distance": 0, "driving_time": 0, "preparation_time": 0, "load_after": [0]}, {"type": "service", "id": "1800727000_56", "location_id": "1800727000", "address": {"location_id": "1800727000", "lat": 42.27521903, "lon": -71.09084769}, "arr_time": 1676278823, "arr_date_time": "2023-02-13T04:00:23-05:00", "end_time": 1676279123, "end_date_time": "2023-02-13T04:05:23-05:00", "waiting_time": 0, "distance": 24, "driving_time": 23, "preparation_time": 0, "load_before": [0], "load_after": [0]}, {"type": "service", "id": "1800728000_57", "location_id": "1800728000", "address": {"location_id": "1800728000", "lat": 42.27513266, "lon": -71.09093403}, "arr_time": 1676279135, "arr_date_time": "2023-02-13T04:05:35-05:00", "end_time": 1676279435, "end_date_time": "2023-02-13T04:10:35-05:00", "waiting_time": 0, "distance": 36, "driving_time": 35, "preparation_time": 0, "load_before": [0], "load_after": [0]}, {"type": "service", "id": "1800561000_45", "location_id": "1800561000", "address": {"location_id": "1800561000", "lat": 42.27487489, "lon": -71.09069087}, "arr_time": 1676279445, "arr_date_time": "2023-02-13T04:10:45-05:00", "end_time": 1676279745, "end_date_time": "2023-02-13T04:15:45-05:00", "waiting_time": 0, "distance": 46, "driving_time": 45, "preparation_time": 0, "load_before": [0], "load_after": [0]}, {"type": "service", "id": "1800734000_59", "location_id": "1800734000", "address": {"location_id": "1800734000", "lat": 42.27431632, "lon": -71.09180981}, "arr_time": 1676279856, "arr_date_time": "2023-02-13T04:17:36-05:00", "end_time": 1676280156, "end_date_time": "2023-02-13T04:22:36-05:00", "waiting_time": 0, "distance": 161, "driving_time": 156, "preparation_time": 0, "load_before": [0], "load_after": [0]}, {"type": "service", "id": "1800529000_08", "location_id": "1800529000", "address": {"location_id": "1800529000", "lat": 42.27394387, "lon": -71.09172136}, "arr_time": 1676280208, "arr_date_time": "2023-02-13T04:23:28-05:00", "end_time": 1676280508, "end_date_time": "2023-02-13T04:28:28-05:00", "waiting_time": 0, "distance": 216, "driving_time": 208, "preparation_time": 0, "load_before": [0], "load_after": [0]}, {"type": "service", "id": "1800733000_58", "location_id": "1800733000", "address": {"location_id": "1800733000", "lat": 42.27442214, "lon": -71.09166568}, "arr_time": 1676280580, "arr_date_time": "2023-02-13T04:29:40-05:00", "end_time": 1676280880, "end_date_time": "2023-02-13T04:34:40-05:00", "waiting_time": 0, "distance": 291, "driving_time": 280, "preparation_time": 0, "load_before": [0], "load_after": [0]}, {"type": "service", "id": "1800586000_51", "location_id": "1800586000", "address": {"location_id": "1800586000", "lat": 42.27448813, "lon": -71.09095255}, "arr_time": 1676280924, "arr_date_time": "2023-02-13T04:35:24-05:00", "end_time": 1676281224, "end_date_time": "2023-02-13T04:40:24-05:00", "waiting_time": 0, "distance": 337, "driving_time": 324, "preparation_time": 0, "load_before": [0], "load_after": [0]}, {"type": "service", "id": "1800577000_50", "location_id": "1800577000", "address": {"location_id": "1800577000", "lat": 42.27474512, "lon": -71.09038842}, "arr_time": 1676281289, "arr_date_time": "2023-02-13T04:41:29-05:00", "end_time": 1676281589, "end_date_time": "2023-02-13T04:46:29-05:00", "waiting_time": 0, "distance": 405, "driving_time": 389, "preparation_time": 0, "load_before": [0], "load_after": [0]}, {"type": "service", "id": "1800575000_49", "location_id": "1800575000", "address": {"location_id": "1800575000", "lat": 42.27462656, "lon": -71.09006718}, "arr_time": 1676281617, "arr_date_time": "2023-02-13T04:46:57-05:00", "end_time": 1676281917, "end_date_time": "2023-02-13T04:51:57-05:00", "waiting_time": 0, "distance": 434, "driving_time": 417, "preparation_time": 0, "load_before": [0], "load_after": [0]}, {"type": "service", "id": "1800591000_52", "location_id": "1800591000", "address": {"location_id": "1800591000", "lat": 42.27423543, "lon": -71.09014258}, "arr_time": 1676281936, "arr_date_time": "2023-02-13T04:52:16-05:00", "end_time": 1676282236, "end_date_time": "2023-02-13T04:57:16-05:00", "waiting_time": 0, "distance": 453, "driving_time": 436, "preparation_time": 0, "load_before": [0], "load_after": [0]}, {"type": "service", "id": "1800543000_30", "location_id": "1800543000", "address": {"location_id": "1800543000", "lat": 42.27414906, "lon": -71.08966313}, "arr_time": 1676282257, "arr_date_time": "2023-02-13T04:57:37-05:00", "end_time": 1676282557, "end_date_time": "2023-02-13T05:02:37-05:00", "waiting_time": 0, "distance": 475, "driving_time": 457, "preparation_time": 0, "load_before": [0], "load_after": [0]}, {"type": "service", "id": "1800571000_47", "location_id": "1800571000", "address": {"location_id": "1800571000", "lat": 42.2747026, "lon": -71.08971738}, "arr_time": 1676282604, "arr_date_time": "2023-02-13T05:03:24-05:00", "end_time": 1676282904, "end_date_time": "2023-02-13T05:08:24-05:00", "waiting_time": 0, "distance": 524, "driving_time": 504, "preparation_time": 0, "load_before": [0], "load_after": [0]}, {"type": "service", "id": "1800547000_33", "location_id": "1800547000", "address": {"location_id": "1800547000", "lat": 42.2746162, "lon": -71.08918718}, "arr_time": 1676282917, "arr_date_time": "2023-02-13T05:08:37-05:00", "end_time": 1676283217, "end_date_time": "2023-02-13T05:13:37-05:00", "waiting_time": 0, "distance": 538, "driving_time": 517, "preparation_time": 0, "load_before": [0], "load_after": [0]}, {"type": "service", "id": "1800549002_35", "location_id": "1800549002", "address": {"location_id": "1800549002", "lat": 42.27500157, "lon": -71.08922331}, "arr_time": 1676283239, "arr_date_time": "2023-02-13T05:13:59-05:00", "end_time": 1676283539, "end_date_time": "2023-02-13T05:18:59-05:00", "waiting_time": 0, "distance": 561, "driving_time": 539, "preparation_time": 0, "load_before": [0], "load_after": [0]}, {"type": "service", "id": "1800550000_36", "location_id": "1800550000", "address": {"location_id": "1800550000", "lat": 42.27509551, "lon": -71.0893668}, "arr_time": 1676283547, "arr_date_time": "2023-02-13T05:19:07-05:00", "end_time": 1676283847, "end_date_time": "2023-02-13T05:24:07-05:00", "waiting_time": 0, "distance": 570, "driving_time": 547, "preparation_time": 0, "load_before": [0], "load_after": [0]}, {"type": "service", "id": "1800553000_38", "location_id": "1800553000", "address": {"location_id": "1800553000", "lat": 42.27531263, "lon": -71.08982806}, "arr_time": 1676283889, "arr_date_time": "2023-02-13T05:24:49-05:00", "end_time": 1676284189, "end_date_time": "2023-02-13T05:29:49-05:00", "waiting_time": 0, "distance": 615, "driving_time": 589, "preparation_time": 0, "load_before": [0], "load_after": [0]}, {"type": "service", "id": "1800552000_37", "location_id": "1800552000", "address": {"location_id": "1800552000", "lat": 42.27524323, "lon": -71.08967371}, "arr_time": 1676284204, "arr_date_time": "2023-02-13T05:30:04-05:00", "end_time": 1676284504, "end_date_time": "2023-02-13T05:35:04-05:00", "waiting_time": 0, "distance": 630, "driving_time": 604, "preparation_time": 0, "load_before": [0], "load_after": [0]}, {"type": "service", "id": "1800568000_46", "location_id": "1800568000", "address": {"location_id": "1800568000", "lat": 42.27489467, "lon": -71.08982821}, "arr_time": 1676284515, "arr_date_time": "2023-02-13T05:35:15-05:00", "end_time": 1676284815, "end_date_time": "2023-02-13T05:40:15-05:00", "waiting_time": 0, "distance": 641, "driving_time": 615, "preparation_time": 0, "load_before": [0], "load_after": [0]}, {"type": "service", "id": "1800546000_32", "location_id": "1800546000", "address": {"location_id": "1800546000", "lat": 42.27451851, "lon": -71.08932814}, "arr_time": 1676284876, "arr_date_time": "2023-02-13T05:41:16-05:00", "end_time": 1676285176, "end_date_time": "2023-02-13T05:46:16-05:00", "waiting_time": 0, "distance": 705, "driving_time": 676, "preparation_time": 0, "load_before": [0], "load_after": [0]}, {"type": "service", "id": "1800572000_48", "location_id": "1800572000", "address": {"location_id": "1800572000", "lat": 42.27456896, "lon": -71.089838}, "arr_time": 1676285193, "arr_date_time": "2023-02-13T05:46:33-05:00", "end_time": 1676285493, "end_date_time": "2023-02-13T05:51:33-05:00", "waiting_time": 0, "distance": 723, "driving_time": 693, "preparation_time": 0, "load_before": [0], "load_after": [0]}, {"type": "service", "id": "1800544000_31", "location_id": "1800544000", "address": {"location_id": "1800544000", "lat": 42.27426908, "lon": -71.08955483}, "arr_time": 1676285508, "arr_date_time": "2023-02-13T05:51:48-05:00", "end_time": 1676285808, "end_date_time": "2023-02-13T05:56:48-05:00", "waiting_time": 0, "distance": 738, "driving_time": 708, "preparation_time": 0, "load_before": [0], "load_after": [0]}, {"type": "service", "id": "1800542000_29", "location_id": "1800542000", "address": {"location_id": "1800542000", "lat": 42.2740336, "lon": -71.08977255}, "arr_time": 1676285839, "arr_date_time": "2023-02-13T05:57:19-05:00", "end_time": 1676286139, "end_date_time": "2023-02-13T06:02:19-05:00", "waiting_time": 0, "distance": 769, "driving_time": 739, "preparation_time": 0, "load_before": [0], "load_after": [0]}, {"type": "service", "id": "1800592000_53", "location_id": "1800592000", "address": {"location_id": "1800592000", "lat": 42.27412577, "lon": -71.09026048}, "arr_time": 1676286153, "arr_date_time": "2023-02-13T06:02:33-05:00", "end_time": 1676286453, "end_date_time": "2023-02-13T06:07:33-05:00", "waiting_time": 0, "distance": 784, "driving_time": 753, "preparation_time": 0, "load_before": [0], "load_after": [0]}, {"type": "service", "id": "1800541000_28", "location_id": "1800541000", "address": {"location_id": "1800541000", "lat": 42.27390677, "lon": -71.08988456}, "arr_time": 1676286456, "arr_date_time": "2023-02-13T06:07:36-05:00", "end_time": 1676286756, "end_date_time": "2023-02-13T06:12:36-05:00", "waiting_time": 0, "distance": 786, "driving_time": 756, "preparation_time": 0, "load_before": [0], "load_after": [0]}, {"type": "service", "id": "1800594000_54", "location_id": "1800594000", "address": {"location_id": "1800594000", "lat": 42.27405639, "lon": -71.09041146}, "arr_time": 1676286767, "arr_date_time": "2023-02-13T06:12:47-05:00", "end_time": 1676287067, "end_date_time": "2023-02-13T06:17:47-05:00", "waiting_time": 0, "distance": 797, "driving_time": 767, "preparation_time": 0, "load_before": [0], "load_after": [0]}, {"type": "service", "id": "1800540000_27", "location_id": "1800540000", "address": {"location_id": "1800540000", "lat": 42.27378505, "lon": -71.08999598}, "arr_time": 1676287072, "arr_date_time": "2023-02-13T06:17:52-05:00", "end_time": 1676287372, "end_date_time": "2023-02-13T06:22:52-05:00", "waiting_time": 0, "distance": 802, "driving_time": 772, "preparation_time": 0, "load_before": [0], "load_after": [0]}, {"type": "service", "id": "1800595000_55", "location_id": "1800595000", "address": {"location_id": "1800595000", "lat": 42.27386471, "lon": -71.09049657}, "arr_time": 1676287388, "arr_date_time": "2023-02-13T06:23:08-05:00", "end_time": 1676287688, "end_date_time": "2023-02-13T06:28:08-05:00", "waiting_time": 0, "distance": 818, "driving_time": 788, "preparation_time": 0, "load_before": [0], "load_after": [0]}, {"type": "service", "id": "1800531002_09", "location_id": "1800531002", "address": {"location_id": "1800531002", "lat": 42.27348369, "lon": -71.09082697}, "arr_time": 1676287732, "arr_date_time": "2023-02-13T06:28:52-05:00", "end_time": 1676288032, "end_date_time": "2023-02-13T06:33:52-05:00", "waiting_time": 0, "distance": 864, "driving_time": 832, "preparation_time": 0, "load_before": [0], "load_after": [0]}, {"type": "service", "id": "1800531003_10", "location_id": "1800531003", "address": {"location_id": "1800531003", "lat": 42.27338554, "lon": -71.09070012}, "arr_time": 1676288047, "arr_date_time": "2023-02-13T06:34:07-05:00", "end_time": 1676288347, "end_date_time": "2023-02-13T06:39:07-05:00", "waiting_time": 0, "distance": 880, "driving_time": 847, "preparation_time": 0, "load_before": [0], "load_after": [0]}, {"type": "service", "id": "1800538000_26", "location_id": "1800538000", "address": {"location_id": "1800538000", "lat": 42.273477, "lon": -71.0902252}, "arr_time": 1676288364, "arr_date_time": "2023-02-13T06:39:24-05:00", "end_time": 1676288664, "end_date_time": "2023-02-13T06:44:24-05:00", "waiting_time": 0, "distance": 899, "driving_time": 864, "preparation_time": 0, "load_before": [0], "load_after": [0]}, {"type": "service", "id": "1800531005_11", "location_id": "1800531005", "address": {"location_id": "1800531005", "lat": 42.27318104, "lon": -71.09044213}, "arr_time": 1676288676, "arr_date_time": "2023-02-13T06:44:36-05:00", "end_time": 1676288976, "end_date_time": "2023-02-13T06:49:36-05:00", "waiting_time": 0, "distance": 911, "driving_time": 876, "preparation_time": 0, "load_before": [0], "load_after": [0]}, {"type": "service", "id": "1800531006_12", "location_id": "1800531006", "address": {"location_id": "1800531006", "lat": 42.27308476, "lon": -71.090317}, "arr_time": 1676288991, "arr_date_time": "2023-02-13T06:49:51-05:00", "end_time": 1676289291, "end_date_time": "2023-02-13T06:54:51-05:00", "waiting_time": 0, "distance": 926, "driving_time": 891, "preparation_time": 0, "load_before": [0], "load_after": [0]}, {"type": "service", "id": "1800531007_13", "location_id": "1800531007", "address": {"location_id": "1800531007", "lat": 42.27298529, "lon": -71.09018625}, "arr_time": 1676289336, "arr_date_time": "2023-02-13T06:55:36-05:00", "end_time": 1676289636, "end_date_time": "2023-02-13T07:00:36-05:00", "waiting_time": 0, "distance": 973, "driving_time": 936, "preparation_time": 0, "load_before": [0], "load_after": [0]}, {"type": "service", "id": "1800536011_24", "location_id": "1800536011", "address": {"location_id": "1800536011", "lat": 42.27265836, "lon": -71.08988036}, "arr_time": 1676289651, "arr_date_time": "2023-02-13T07:00:51-05:00", "end_time": 1676289951, "end_date_time": "2023-02-13T07:05:51-05:00", "waiting_time": 0, "distance": 988, "driving_time": 951, "preparation_time": 0, "load_before": [0], "load_after": [0]}, {"type": "service", "id": "1800531008_14", "location_id": "1800531008", "address": {"location_id": "1800531008", "lat": 42.27288245, "lon": -71.0904454}, "arr_time": 1676289957, "arr_date_time": "2023-02-13T07:05:57-05:00", "end_time": 1676290257, "end_date_time": "2023-02-13T07:10:57-05:00", "waiting_time": 0, "distance": 994, "driving_time": 957, "preparation_time": 0, "load_before": [0], "load_after": [0]}, {"type": "service", "id": "1800536010_23", "location_id": "1800536010", "address": {"location_id": "1800536010", "lat": 42.27256132, "lon": -71.08998714}, "arr_time": 1676290264, "arr_date_time": "2023-02-13T07:11:04-05:00", "end_time": 1676290564, "end_date_time": "2023-02-13T07:16:04-05:00", "waiting_time": 0, "distance": 1002, "driving_time": 964, "preparation_time": 0, "load_before": [0], "load_after": [0]}, {"type": "service", "id": "1800531009_15", "location_id": "1800531009", "address": {"location_id": "1800531009", "lat": 42.27269315, "lon": -71.09052754}, "arr_time": 1676290577, "arr_date_time": "2023-02-13T07:16:17-05:00", "end_time": 1676290877, "end_date_time": "2023-02-13T07:21:17-05:00", "waiting_time": 0, "distance": 1016, "driving_time": 977, "preparation_time": 0, "load_before": [0], "load_after": [0]}, {"type": "service", "id": "1800536009_22", "location_id": "1800536009", "address": {"location_id": "1800536009", "lat": 42.27244273, "lon": -71.09010544}, "arr_time": 1676290880, "arr_date_time": "2023-02-13T07:21:20-05:00", "end_time": 1676291180, "end_date_time": "2023-02-13T07:26:20-05:00", "waiting_time": 0, "distance": 1019, "driving_time": 980, "preparation_time": 0, "load_before": [0], "load_after": [0]}, {"type": "service", "id": "1800536008_21", "location_id": "1800536008", "address": {"location_id": "1800536008", "lat": 42.27233567, "lon": -71.0902111}, "arr_time": 1676291195, "arr_date_time": "2023-02-13T07:26:35-05:00", "end_time": 1676291495, "end_date_time": "2023-02-13T07:31:35-05:00", "waiting_time": 0, "distance": 1034, "driving_time": 995, "preparation_time": 0, "load_before": [0], "load_after": [0]}, {"type": "service", "id": "1800531011_16", "location_id": "1800531011", "address": {"location_id": "1800531011", "lat": 42.27245172, "lon": -71.09074647}, "arr_time": 1676291509, "arr_date_time": "2023-02-13T07:31:49-05:00", "end_time": 1676291809, "end_date_time": "2023-02-13T07:36:49-05:00", "waiting_time": 0, "distance": 1049, "driving_time": 1009, "preparation_time": 0, "load_before": [0], "load_after": [0]}, {"type": "service", "id": "1800536007_20", "location_id": "1800536007", "address": {"location_id": "1800536007", "lat": 42.27222566, "lon": -71.09030828}, "arr_time": 1676291809, "arr_date_time": "2023-02-13T07:36:49-05:00", "end_time": 1676292109, "end_date_time": "2023-02-13T07:41:49-05:00", "waiting_time": 0, "distance": 1049, "driving_time": 1009, "preparation_time": 0, "load_before": [0], "load_after": [0]}, {"type": "service", "id": "1800531012_17", "location_id": "1800531012", "address": {"location_id": "1800531012", "lat": 42.27240129, "lon": -71.09091076}, "arr_time": 1676292163, "arr_date_time": "2023-02-13T07:42:43-05:00", "end_time": 1676292463, "end_date_time": "2023-02-13T07:47:43-05:00", "waiting_time": 0, "distance": 1105, "driving_time": 1063, "preparation_time": 0, "load_before": [0], "load_after": [0]}, {"type": "service", "id": "1800515000_03", "location_id": "1800515000", "address": {"location_id": "1800515000", "lat": 42.27250851, "lon": -71.09172578}, "arr_time": 1676292523, "arr_date_time": "2023-02-13T07:48:43-05:00", "end_time": 1676292823, "end_date_time": "2023-02-13T07:53:43-05:00", "waiting_time": 0, "distance": 1167, "driving_time": 1123, "preparation_time": 0, "load_before": [0], "load_after": [0]}, {"type": "service", "id": "1800979000_60", "location_id": "1800979000", "address": {"location_id": "1800979000", "lat": 42.27263752, "lon": -71.09224368}, "arr_time": 1676292856, "arr_date_time": "2023-02-13T07:54:16-05:00", "end_time": 1676293156, "end_date_time": "2023-02-13T07:59:16-05:00", "waiting_time": 0, "distance": 1202, "driving_time": 1156, "preparation_time": 0, "load_before": [0], "load_after": [0]}, {"type": "service", "id": "1800980000_61", "location_id": "1800980000", "address": {"location_id": "1800980000", "lat": 42.27254967, "lon": -71.09226124}, "arr_time": 1676293165, "arr_date_time": "2023-02-13T07:59:25-05:00", "end_time": 1676293465, "end_date_time": "2023-02-13T08:04:25-05:00", "waiting_time": 0, "distance": 1212, "driving_time": 1165, "preparation_time": 0, "load_before": [0], "load_after": [0]}, {"type": "service", "id": "1800514000_02", "location_id": "1800514000", "address": {"location_id": "1800514000", "lat": 42.27220381, "lon": -71.09166372}, "arr_time": 1676293495, "arr_date_time": "2023-02-13T08:04:55-05:00", "end_time": 1676293795, "end_date_time": "2023-02-13T08:09:55-05:00", "waiting_time": 0, "distance": 1243, "driving_time": 1195, "preparation_time": 0, "load_before": [0], "load_after": [0]}, {"type": "service", "id": "1800981000_62", "location_id": "1800981000", "address": {"location_id": "1800981000", "lat": 42.27242317, "lon": -71.09229546}, "arr_time": 1676294159, "arr_date_time": "2023-02-13T08:15:59-05:00", "end_time": 1676294459, "end_date_time": "2023-02-13T08:20:59-05:00", "waiting_time": 0, "distance": 1622, "driving_time": 1559, "preparation_time": 0, "load_before": [0], "load_after": [0]}, {"type": "service", "id": "1800982000_63", "location_id": "1800982000", "address": {"location_id": "1800982000", "lat": 42.27232727, "lon": -71.09247484}, "arr_time": 1676294459, "arr_date_time": "2023-02-13T08:20:59-05:00", "end_time": 1676294759, "end_date_time": "2023-02-13T08:25:59-05:00", "waiting_time": 0, "distance": 1622, "driving_time": 1559, "preparation_time": 0, "load_before": [0], "load_after": [0]}, {"type": "service", "id": "1800984000_64", "location_id": "1800984000", "address": {"location_id": "1800984000", "lat": 42.27200846, "lon": -71.09255874}, "arr_time": 1676295013, "arr_date_time": "2023-02-13T08:30:13-05:00", "end_time": 1676295313, "end_date_time": "2023-02-13T08:35:13-05:00", "waiting_time": 0, "distance": 1888, "driving_time": 1813, "preparation_time": 0, "load_before": [0], "load_after": [0]}, {"type": "service", "id": "1800528000_07", "location_id": "1800528000", "address": {"location_id": "1800528000", "lat": 42.27110422, "lon": -71.09172688}, "arr_time": 1676295480, "arr_date_time": "2023-02-13T08:38:00-05:00", "end_time": 1676295780, "end_date_time": "2023-02-13T08:43:00-05:00", "waiting_time": 0, "distance": 2062, "driving_time": 1980, "preparation_time": 0, "load_before": [0], "load_after": [0]}, {"type": "service", "id": "1801037020_67", "location_id": "1801037020", "address": {"location_id": "1801037020", "lat": 42.27049582, "lon": -71.09146629}, "arr_time": 1676295835, "arr_date_time": "2023-02-13T08:43:55-05:00", "end_time": 1676296135, "end_date_time": "2023-02-13T08:48:55-05:00", "waiting_time": 0, "distance": 2119, "driving_time": 2035, "preparation_time": 0, "load_before": [0], "load_after": [0]}, {"type": "service", "id": "1801011001_65", "location_id": "1801011001", "address": {"location_id": "1801011001", "lat": 42.26959436, "lon": -71.09138994}, "arr_time": 1676296443, "arr_date_time": "2023-02-13T08:54:03-05:00", "end_time": 1676296743, "end_date_time": "2023-02-13T08:59:03-05:00", "waiting_time": 0, "distance": 2439, "driving_time": 2343, "preparation_time": 0, "load_before": [0], "load_after": [0]}, {"type": "service", "id": "1800010000_01", "location_id": "1800010000", "address": {"location_id": "1800010000", "lat": 42.26893059, "lon": -71.09124748}, "arr_time": 1676296820, "arr_date_time": "2023-02-13T09:00:20-05:00", "end_time": 1676297120, "end_date_time": "2023-02-13T09:05:20-05:00", "waiting_time": 0, "distance": 2520, "driving_time": 2420, "preparation_time": 0, "load_before": [0], "load_after": [0]}, {"type": "service", "id": "1801013001_66", "location_id": "1801013001", "address": {"location_id": "1801013001", "lat": 42.26894235, "lon": -71.09224373}, "arr_time": 1676297213, "arr_date_time": "2023-02-13T09:06:53-05:00", "end_time": 1676297513, "end_date_time": "2023-02-13T09:11:53-05:00", "waiting_time": 0, "distance": 2618, "driving_time": 2513, "preparation_time": 0, "load_before": [0], "load_after": [0]}, {"type": "service", "id": "1800525000_06", "location_id": "1800525000", "address": {"location_id": "1800525000", "lat": 42.27153669, "lon": -71.09113213}, "arr_time": 1676297935, "arr_date_time": "2023-02-13T09:18:55-05:00", "end_time": 1676298235, "end_date_time": "2023-02-13T09:23:55-05:00", "waiting_time": 0, "distance": 3057, "driving_time": 2935, "preparation_time": 0, "load_before": [0], "load_after": [0]}, {"type": "service", "id": "1800524000_05", "location_id": "1800524000", "address": {"location_id": "1800524000", "lat": 42.27166887, "lon": -71.09089013}, "arr_time": 1676298257, "arr_date_time": "2023-02-13T09:24:17-05:00", "end_time": 1676298557, "end_date_time": "2023-02-13T09:29:17-05:00", "waiting_time": 0, "distance": 3081, "driving_time": 2957, "preparation_time": 0, "load_before": [0], "load_after": [0]}, {"type": "service", "id": "1800522000_04", "location_id": "1800522000", "address": {"location_id": "1800522000", "lat": 42.27187712, "lon": -71.09052087}, "arr_time": 1676298593, "arr_date_time": "2023-02-13T09:29:53-05:00", "end_time": 1676298893, "end_date_time": "2023-02-13T09:34:53-05:00", "waiting_time": 0, "distance": 3118, "driving_time": 2993, "preparation_time": 0, "load_before": [0], "load_after": [0]}, {"type": "service", "id": "1800536002_19", "location_id": "1800536002", "address": {"location_id": "1800536002", "lat": 42.27229998, "lon": -71.08965659}, "arr_time": 1676298975, "arr_date_time": "2023-02-13T09:36:15-05:00", "end_time": 1676299275, "end_date_time": "2023-02-13T09:41:15-05:00", "waiting_time": 0, "distance": 3202, "driving_time": 3075, "preparation_time": 0, "load_before": [0], "load_after": [0]}, {"type": "service", "id": "1800536001_18", "location_id": "1800536001", "address": {"location_id": "1800536001", "lat": 42.27256321, "lon": -71.08962305}, "arr_time": 1676299323, "arr_date_time": "2023-02-13T09:42:03-05:00", "end_time": 1676299623, "end_date_time": "2023-02-13T09:47:03-05:00", "waiting_time": 0, "distance": 3252, "driving_time": 3123, "preparation_time": 0, "load_before": [0], "load_after": [0]}, {"type": "service", "id": "1800536012_25", "location_id": "1800536012", "address": {"location_id": "1800536012", "lat": 42.27278129, "lon": -71.0898022}, "arr_time": 1676299659, "arr_date_time": "2023-02-13T09:47:39-05:00", "end_time": 1676299959, "end_date_time": "2023-02-13T09:52:39-05:00", "waiting_time": 0, "distance": 3289, "driving_time": 3159, "preparation_time": 0, "load_before": [0], "load_after": [0]}, {"type": "service", "id": "1800560020_44", "location_id": "1800560020", "address": {"location_id": "1800560020", "lat": 42.27364786, "lon": -71.08967716}, "arr_time": 1676300047, "arr_date_time": "2023-02-13T09:54:07-05:00", "end_time": 1676300347, "end_date_time": "2023-02-13T09:59:07-05:00", "waiting_time": 0, "distance": 3380, "driving_time": 3247, "preparation_time": 0, "load_before": [0], "load_after": [0]}, {"type": "service", "id": "1800560018_43", "location_id": "1800560018", "address": {"location_id": "1800560018", "lat": 42.27383899, "lon": -71.08949812}, "arr_time": 1676300371, "arr_date_time": "2023-02-13T09:59:31-05:00", "end_time": 1676300671, "end_date_time": "2023-02-13T10:04:31-05:00", "waiting_time": 0, "distance": 3405, "driving_time": 3271, "preparation_time": 0, "load_before": [0], "load_after": [0]}, {"type": "service", "id": "1800560017_42", "location_id": "1800560017", "address": {"location_id": "1800560017", "lat": 42.2739483, "lon": -71.08939912}, "arr_time": 1676300685, "arr_date_time": "2023-02-13T10:04:45-05:00", "end_time": 1676300985, "end_date_time": "2023-02-13T10:09:45-05:00", "waiting_time": 0, "distance": 3420, "driving_time": 3285, "preparation_time": 0, "load_before": [0], "load_after": [0]}, {"type": "service", "id": "1800560012_41", "location_id": "1800560012", "address": {"location_id": "1800560012", "lat": 42.27445473, "lon": -71.08893277}, "arr_time": 1676301100, "arr_date_time": "2023-02-13T10:11:40-05:00", "end_time": 1676301400, "end_date_time": "2023-02-13T10:16:40-05:00", "waiting_time": 0, "distance": 3539, "driving_time": 3400, "preparation_time": 0, "load_before": [0], "load_after": [0]}, {"type": "service", "id": "1800560011_40", "location_id": "1800560011", "address": {"location_id": "1800560011", "lat": 42.27455771, "lon": -71.08883826}, "arr_time": 1676301400, "arr_date_time": "2023-02-13T10:16:40-05:00", "end_time": 1676301700, "end_date_time": "2023-02-13T10:21:40-05:00", "waiting_time": 0, "distance": 3539, "driving_time": 3400, "preparation_time": 0, "load_before": [0], "load_after": [0]}, {"type": "service", "id": "1800548000_34", "location_id": "1800548000", "address": {"location_id": "1800548000", "lat": 42.27475589, "lon": -71.08907318}, "arr_time": 1676301711, "arr_date_time": "2023-02-13T10:21:51-05:00", "end_time": 1676302011, "end_date_time": "2023-02-13T10:26:51-05:00", "waiting_time": 0, "distance": 3550, "driving_time": 3411, "preparation_time": 0, "load_before": [0], "load_after": [0]}, {"type": "service", "id": "1800560010_39", "location_id": "1800560010", "address": {"location_id": "1800560010", "lat": 42.27476846, "lon": -71.08873822}, "arr_time": 1676302016, "arr_date_time": "2023-02-13T10:26:56-05:00", "end_time": 1676302316, "end_date_time": "2023-02-13T10:31:56-05:00", "waiting_time": 0, "distance": 3555, "driving_time": 3416, "preparation_time": 0, "load_before": [0], "load_after": [0]}, {"type": "end", "location_id": "1800725000", "address": {"location_id": "1800725000", "lat": 42.27539166, "lon": -71.09066812}, "arr_time": 1676302648, "arr_date_time": "2023-02-13T10:37:28-05:00", "end_time": 1676302648, "end_date_time": "2023-02-13T10:37:28-05:00", "waiting_time": 0, "distance": 3901, "driving_time": 3748, "preparation_time": 0, "load_before": [0]}]}], "unassigned": {"services": [], "shipments": [], "breaks": [], "details": []}}}