{"copyrights": ["GraphHopper", "OpenStreetMap contributors"], "job_id": "27f75073-577f-4cda-9924-b7b4a20977d9", "status": "finished", "waiting_time_in_queue": 0, "processing_time": 129, "solution": {"costs": 329, "distance": 3493, "time": 3352, "transport_time": 3352, "completion_time": 15952, "max_operation_time": 15952, "waiting_time": 0, "service_duration": 12600, "preparation_time": 0, "no_vehicles": 1, "no_unassigned": 0, "routes": [{"vehicle_id": "my_vehicle", "shift_id": "default-shift", "distance": 3493, "transport_time": 3352, "completion_time": 15952, "waiting_time": 0, "service_duration": 12600, "preparation_time": 0, "activities": [{"type": "start", "location_id": "1100316010", "address": {"location_id": "1100316010", "lat": 42.32120875, "lon": -71.09215585}, "arr_time": 1676278800, "arr_date_time": "2023-02-13T04:00:00-05:00", "end_time": 1676278800, "end_date_time": "2023-02-13T04:00:00-05:00", "waiting_time": 0, "distance": 0, "driving_time": 0, "preparation_time": 0, "load_after": [0]}, {"type": "service", "id": "1101939020_24", "location_id": "1101939020", "address": {"location_id": "1101939020", "lat": 42.32106437, "lon": -71.09235023}, "arr_time": 1676278800, "arr_date_time": "2023-02-13T04:00:00-05:00", "end_time": 1676279100, "end_date_time": "2023-02-13T04:05:00-05:00", "waiting_time": 0, "distance": 0, "driving_time": 0, "preparation_time": 0, "load_before": [0], "load_after": [0]}, {"type": "service", "id": "1101939010_23", "location_id": "1101939010", "address": {"location_id": "1101939010", "lat": 42.32100375, "lon": -71.09243217}, "arr_time": 1676279100, "arr_date_time": "2023-02-13T04:05:00-05:00", "end_time": 1676279400, "end_date_time": "2023-02-13T04:10:00-05:00", "waiting_time": 0, "distance": 0, "driving_time": 0, "preparation_time": 0, "load_before": [0], "load_after": [0]}, {"type": "service", "id": "1100317010_06", "location_id": "1100317010", "address": {"location_id": "1100317010", "lat": 42.32125238, "lon": -71.09206455}, "arr_time": 1676279427, "arr_date_time": "2023-02-13T04:10:27-05:00", "end_time": 1676279727, "end_date_time": "2023-02-13T04:15:27-05:00", "waiting_time": 0, "distance": 28, "driving_time": 27, "preparation_time": 0, "load_before": [0], "load_after": [0]}, {"type": "service", "id": "1100318010_07", "location_id": "1100318010", "address": {"location_id": "1100318010", "lat": 42.32123722, "lon": -71.09192042}, "arr_time": 1676279729, "arr_date_time": "2023-02-13T04:15:29-05:00", "end_time": 1676280029, "end_date_time": "2023-02-13T04:20:29-05:00", "waiting_time": 0, "distance": 31, "driving_time": 29, "preparation_time": 0, "load_before": [0], "load_after": [0]}, {"type": "service", "id": "1100319010_08", "location_id": "1100319010", "address": {"location_id": "1100319010", "lat": 42.32118401, "lon": -71.09182091}, "arr_time": 1676280039, "arr_date_time": "2023-02-13T04:20:39-05:00", "end_time": 1676280339, "end_date_time": "2023-02-13T04:25:39-05:00", "waiting_time": 0, "distance": 40, "driving_time": 39, "preparation_time": 0, "load_before": [0], "load_after": [0]}, {"type": "service", "id": "1100315010_05", "location_id": "1100315010", "address": {"location_id": "1100315010", "lat": 42.32100804, "lon": -71.09186192}, "arr_time": 1676280345, "arr_date_time": "2023-02-13T04:25:45-05:00", "end_time": 1676280645, "end_date_time": "2023-02-13T04:30:45-05:00", "waiting_time": 0, "distance": 47, "driving_time": 45, "preparation_time": 0, "load_before": [0], "load_after": [0]}, {"type": "service", "id": "1100320010_09", "location_id": "1100320010", "address": {"location_id": "1100320010", "lat": 42.3211466, "lon": -71.09173688}, "arr_time": 1676280645, "arr_date_time": "2023-02-13T04:30:45-05:00", "end_time": 1676280945, "end_date_time": "2023-02-13T04:35:45-05:00", "waiting_time": 0, "distance": 48, "driving_time": 45, "preparation_time": 0, "load_before": [0], "load_after": [0]}, {"type": "service", "id": "1100321010_10", "location_id": "1100321010", "address": {"location_id": "1100321010", "lat": 42.32110918, "lon": -71.09165286}, "arr_time": 1676280953, "arr_date_time": "2023-02-13T04:35:53-05:00", "end_time": 1676281253, "end_date_time": "2023-02-13T04:40:53-05:00", "waiting_time": 0, "distance": 56, "driving_time": 53, "preparation_time": 0, "load_before": [0], "load_after": [0]}, {"type": "service", "id": "1100314010_04", "location_id": "1100314010", "address": {"location_id": "1100314010", "lat": 42.32092764, "lon": -71.09172187}, "arr_time": 1676281259, "arr_date_time": "2023-02-13T04:40:59-05:00", "end_time": 1676281559, "end_date_time": "2023-02-13T04:45:59-05:00", "waiting_time": 0, "distance": 62, "driving_time": 59, "preparation_time": 0, "load_before": [0], "load_after": [0]}, {"type": "service", "id": "1100322010_11", "location_id": "1100322010", "address": {"location_id": "1100322010", "lat": 42.32107176, "lon": -71.09156884}, "arr_time": 1676281561, "arr_date_time": "2023-02-13T04:46:01-05:00", "end_time": 1676281861, "end_date_time": "2023-02-13T04:51:01-05:00", "waiting_time": 0, "distance": 64, "driving_time": 61, "preparation_time": 0, "load_before": [0], "load_after": [0]}, {"type": "service", "id": "1100313010_03", "location_id": "1100313010", "address": {"location_id": "1100313010", "lat": 42.32086718, "lon": -71.09161755}, "arr_time": 1676281869, "arr_date_time": "2023-02-13T04:51:09-05:00", "end_time": 1676282169, "end_date_time": "2023-02-13T04:56:09-05:00", "waiting_time": 0, "distance": 73, "driving_time": 69, "preparation_time": 0, "load_before": [0], "load_after": [0]}, {"type": "service", "id": "1100324010_12", "location_id": "1100324010", "address": {"location_id": "1100324010", "lat": 42.32099693, "lon": -71.0914008}, "arr_time": 1676282176, "arr_date_time": "2023-02-13T04:56:16-05:00", "end_time": 1676282476, "end_date_time": "2023-02-13T05:01:16-05:00", "waiting_time": 0, "distance": 81, "driving_time": 76, "preparation_time": 0, "load_before": [0], "load_after": [0]}, {"type": "service", "id": "1100312010_02", "location_id": "1100312010", "address": {"location_id": "1100312010", "lat": 42.32081663, "lon": -71.09150247}, "arr_time": 1676282479, "arr_date_time": "2023-02-13T05:01:19-05:00", "end_time": 1676282779, "end_date_time": "2023-02-13T05:06:19-05:00", "waiting_time": 0, "distance": 84, "driving_time": 79, "preparation_time": 0, "load_before": [0], "load_after": [0]}, {"type": "service", "id": "1100311010_01", "location_id": "1100311010", "address": {"location_id": "1100311010", "lat": 42.32074122, "lon": -71.09142991}, "arr_time": 1676282781, "arr_date_time": "2023-02-13T05:06:21-05:00", "end_time": 1676283081, "end_date_time": "2023-02-13T05:11:21-05:00", "waiting_time": 0, "distance": 87, "driving_time": 81, "preparation_time": 0, "load_before": [0], "load_after": [0]}, {"type": "service", "id": "1101937010_19", "location_id": "1101937010", "address": {"location_id": "1101937010", "lat": 42.32080121, "lon": -71.09271431}, "arr_time": 1676283328, "arr_date_time": "2023-02-13T05:15:28-05:00", "end_time": 1676283628, "end_date_time": "2023-02-13T05:20:28-05:00", "waiting_time": 0, "distance": 344, "driving_time": 328, "preparation_time": 0, "load_before": [0], "load_after": [0]}, {"type": "service", "id": "1101937020_20", "location_id": "1101937020", "address": {"location_id": "1101937020", "lat": 42.32085184, "lon": -71.09264378}, "arr_time": 1676283636, "arr_date_time": "2023-02-13T05:20:36-05:00", "end_time": 1676283936, "end_date_time": "2023-02-13T05:25:36-05:00", "waiting_time": 0, "distance": 352, "driving_time": 336, "preparation_time": 0, "load_before": [0], "load_after": [0]}, {"type": "service", "id": "1101938020_22", "location_id": "1101938020", "address": {"location_id": "1101938020", "lat": 42.32095311, "lon": -71.09250271}, "arr_time": 1676283937, "arr_date_time": "2023-02-13T05:25:37-05:00", "end_time": 1676284237, "end_date_time": "2023-02-13T05:30:37-05:00", "waiting_time": 0, "distance": 353, "driving_time": 337, "preparation_time": 0, "load_before": [0], "load_after": [0]}, {"type": "service", "id": "1101938010_21", "location_id": "1101938010", "address": {"location_id": "1101938010", "lat": 42.32090247, "lon": -71.09257324}, "arr_time": 1676284237, "arr_date_time": "2023-02-13T05:30:37-05:00", "end_time": 1676284537, "end_date_time": "2023-02-13T05:35:37-05:00", "waiting_time": 0, "distance": 353, "driving_time": 337, "preparation_time": 0, "load_before": [0], "load_after": [0]}, {"type": "service", "id": "1101936020_18", "location_id": "1101936020", "address": {"location_id": "1101936020", "lat": 42.32075057, "lon": -71.09278484}, "arr_time": 1676284553, "arr_date_time": "2023-02-13T05:35:53-05:00", "end_time": 1676284853, "end_date_time": "2023-02-13T05:40:53-05:00", "waiting_time": 0, "distance": 370, "driving_time": 353, "preparation_time": 0, "load_before": [0], "load_after": [0]}, {"type": "service", "id": "1101770000_14", "location_id": "1101770000", "address": {"location_id": "1101770000", "lat": 42.31963415, "lon": -71.09339997}, "arr_time": 1676285007, "arr_date_time": "2023-02-13T05:43:27-05:00", "end_time": 1676285307, "end_date_time": "2023-02-13T05:48:27-05:00", "waiting_time": 0, "distance": 529, "driving_time": 507, "preparation_time": 0, "load_before": [0], "load_after": [0]}, {"type": "service", "id": "1101921000_17", "location_id": "1101921000", "address": {"location_id": "1101921000", "lat": 42.31974185, "lon": -71.0922808}, "arr_time": 1676285399, "arr_date_time": "2023-02-13T05:49:59-05:00", "end_time": 1676285699, "end_date_time": "2023-02-13T05:54:59-05:00", "waiting_time": 0, "distance": 625, "driving_time": 599, "preparation_time": 0, "load_before": [0], "load_after": [0]}, {"type": "service", "id": "1101783000_15", "location_id": "1101783000", "address": {"location_id": "1101783000", "lat": 42.31779874, "lon": -71.09145386}, "arr_time": 1676285987, "arr_date_time": "2023-02-13T05:59:47-05:00", "end_time": 1676286287, "end_date_time": "2023-02-13T06:04:47-05:00", "waiting_time": 0, "distance": 925, "driving_time": 887, "preparation_time": 0, "load_before": [0], "load_after": [0]}, {"type": "service", "id": "1101791000_16", "location_id": "1101791000", "address": {"location_id": "1101791000", "lat": 42.31770351, "lon": -71.09275246}, "arr_time": 1676286403, "arr_date_time": "2023-02-13T06:06:43-05:00", "end_time": 1676286703, "end_date_time": "2023-02-13T06:11:43-05:00", "waiting_time": 0, "distance": 1046, "driving_time": 1003, "preparation_time": 0, "load_before": [0], "load_after": [0]}, {"type": "service", "id": "1203434000_35", "location_id": "1203434000", "address": {"location_id": "1203434000", "lat": 42.31763523, "lon": -71.0908982}, "arr_time": 1676286869, "arr_date_time": "2023-02-13T06:14:29-05:00", "end_time": 1676287169, "end_date_time": "2023-02-13T06:19:29-05:00", "waiting_time": 0, "distance": 1219, "driving_time": 1169, "preparation_time": 0, "load_before": [0], "load_after": [0]}, {"type": "service", "id": "1203343000_34", "location_id": "1203343000", "address": {"location_id": "1203343000", "lat": 42.31719092, "lon": -71.09054268}, "arr_time": 1676287212, "arr_date_time": "2023-02-13T06:20:12-05:00", "end_time": 1676287512, "end_date_time": "2023-02-13T06:25:12-05:00", "waiting_time": 0, "distance": 1264, "driving_time": 1212, "preparation_time": 0, "load_before": [0], "load_after": [0]}, {"type": "service", "id": "1203253000_30", "location_id": "1203253000", "address": {"location_id": "1203253000", "lat": 42.3168283, "lon": -71.08926086}, "arr_time": 1676287620, "arr_date_time": "2023-02-13T06:27:00-05:00", "end_time": 1676287920, "end_date_time": "2023-02-13T06:32:00-05:00", "waiting_time": 0, "distance": 1377, "driving_time": 1320, "preparation_time": 0, "load_before": [0], "load_after": [0]}, {"type": "service", "id": "1203317000_31", "location_id": "1203317000", "address": {"location_id": "1203317000", "lat": 42.31578204, "lon": -71.08906711}, "arr_time": 1676288220, "arr_date_time": "2023-02-13T06:37:00-05:00", "end_time": 1676288520, "end_date_time": "2023-02-13T06:42:00-05:00", "waiting_time": 0, "distance": 1690, "driving_time": 1620, "preparation_time": 0, "load_before": [0], "load_after": [0]}, {"type": "service", "id": "1203321000_32", "location_id": "1203321000", "address": {"location_id": "1203321000", "lat": 42.31591245, "lon": -71.08953631}, "arr_time": 1676288592, "arr_date_time": "2023-02-13T06:43:12-05:00", "end_time": 1676288892, "end_date_time": "2023-02-13T06:48:12-05:00", "waiting_time": 0, "distance": 1765, "driving_time": 1692, "preparation_time": 0, "load_before": [0], "load_after": [0]}, {"type": "service", "id": "1203323000_33", "location_id": "1203323000", "address": {"location_id": "1203323000", "lat": 42.31597688, "lon": -71.08976642}, "arr_time": 1676288912, "arr_date_time": "2023-02-13T06:48:32-05:00", "end_time": 1676289212, "end_date_time": "2023-02-13T06:53:32-05:00", "waiting_time": 0, "distance": 1785, "driving_time": 1712, "preparation_time": 0, "load_before": [0], "load_after": [0]}, {"type": "service", "id": "1201906000_29", "location_id": "1201906000", "address": {"location_id": "1201906000", "lat": 42.31769687, "lon": -71.08456425}, "arr_time": 1676289819, "arr_date_time": "2023-02-13T07:03:39-05:00", "end_time": 1676290119, "end_date_time": "2023-02-13T07:08:39-05:00", "waiting_time": 0, "distance": 2417, "driving_time": 2319, "preparation_time": 0, "load_before": [0], "load_after": [0]}, {"type": "service", "id": "1201788000_26", "location_id": "1201788000", "address": {"location_id": "1201788000", "lat": 42.31858543, "lon": -71.08682634}, "arr_time": 1676290360, "arr_date_time": "2023-02-13T07:12:40-05:00", "end_time": 1676290660, "end_date_time": "2023-02-13T07:17:40-05:00", "waiting_time": 0, "distance": 2668, "driving_time": 2560, "preparation_time": 0, "load_before": [0], "load_after": [0]}, {"type": "service", "id": "1203466000_42", "location_id": "1203466000", "address": {"location_id": "1203466000", "lat": 42.31833593, "lon": -71.08755332}, "arr_time": 1676290707, "arr_date_time": "2023-02-13T07:18:27-05:00", "end_time": 1676291007, "end_date_time": "2023-02-13T07:23:27-05:00", "waiting_time": 0, "distance": 2716, "driving_time": 2607, "preparation_time": 0, "load_before": [0], "load_after": [0]}, {"type": "service", "id": "1201793000_27", "location_id": "1201793000", "address": {"location_id": "1201793000", "lat": 42.31875932, "lon": -71.08755223}, "arr_time": 1676291020, "arr_date_time": "2023-02-13T07:23:40-05:00", "end_time": 1676291320, "end_date_time": "2023-02-13T07:28:40-05:00", "waiting_time": 0, "distance": 2730, "driving_time": 2620, "preparation_time": 0, "load_before": [0], "load_after": [0]}, {"type": "service", "id": "1203464000_41", "location_id": "1203464000", "address": {"location_id": "1203464000", "lat": 42.31845985, "lon": -71.08810086}, "arr_time": 1676291352, "arr_date_time": "2023-02-13T07:29:12-05:00", "end_time": 1676291652, "end_date_time": "2023-02-13T07:34:12-05:00", "waiting_time": 0, "distance": 2763, "driving_time": 2652, "preparation_time": 0, "load_before": [0], "load_after": [0]}, {"type": "service", "id": "1203463000_40", "location_id": "1203463000", "address": {"location_id": "1203463000", "lat": 42.31850229, "lon": -71.08827347}, "arr_time": 1676291667, "arr_date_time": "2023-02-13T07:34:27-05:00", "end_time": 1676291967, "end_date_time": "2023-02-13T07:39:27-05:00", "waiting_time": 0, "distance": 2778, "driving_time": 2667, "preparation_time": 0, "load_before": [0], "load_after": [0]}, {"type": "service", "id": "1201798000_28", "location_id": "1201798000", "address": {"location_id": "1201798000", "lat": 42.31891539, "lon": -71.08820563}, "arr_time": 1676291975, "arr_date_time": "2023-02-13T07:39:35-05:00", "end_time": 1676292275, "end_date_time": "2023-02-13T07:44:35-05:00", "waiting_time": 0, "distance": 2787, "driving_time": 2675, "preparation_time": 0, "load_before": [0], "load_after": [0]}, {"type": "service", "id": "1203460000_39", "location_id": "1203460000", "address": {"location_id": "1203460000", "lat": 42.31879993, "lon": -71.0888989}, "arr_time": 1676292323, "arr_date_time": "2023-02-13T07:45:23-05:00", "end_time": 1676292623, "end_date_time": "2023-02-13T07:50:23-05:00", "waiting_time": 0, "distance": 2837, "driving_time": 2723, "preparation_time": 0, "load_before": [0], "load_after": [0]}, {"type": "service", "id": "1203453000_37", "location_id": "1203453000", "address": {"location_id": "1203453000", "lat": 42.31841486, "lon": -71.08905265}, "arr_time": 1676292693, "arr_date_time": "2023-02-13T07:51:33-05:00", "end_time": 1676292993, "end_date_time": "2023-02-13T07:56:33-05:00", "waiting_time": 0, "distance": 2911, "driving_time": 2793, "preparation_time": 0, "load_before": [0], "load_after": [0]}, {"type": "service", "id": "1203452000_36", "location_id": "1203452000", "address": {"location_id": "1203452000", "lat": 42.31836481, "lon": -71.08907799}, "arr_time": 1676292999, "arr_date_time": "2023-02-13T07:56:39-05:00", "end_time": 1676293299, "end_date_time": "2023-02-13T08:01:39-05:00", "waiting_time": 0, "distance": 2917, "driving_time": 2799, "preparation_time": 0, "load_before": [0], "load_after": [0]}, {"type": "service", "id": "1203456000_38", "location_id": "1203456000", "address": {"location_id": "1203456000", "lat": 42.31857853, "lon": -71.08899059}, "arr_time": 1676293323, "arr_date_time": "2023-02-13T08:02:03-05:00", "end_time": 1676293623, "end_date_time": "2023-02-13T08:07:03-05:00", "waiting_time": 0, "distance": 2942, "driving_time": 2823, "preparation_time": 0, "load_before": [0], "load_after": [0]}, {"type": "service", "id": "1101956000_25", "location_id": "1101956000", "address": {"location_id": "1101956000", "lat": 42.3195068, "lon": -71.09102857}, "arr_time": 1676293809, "arr_date_time": "2023-02-13T08:10:09-05:00", "end_time": 1676294109, "end_date_time": "2023-02-13T08:15:09-05:00", "waiting_time": 0, "distance": 3136, "driving_time": 3009, "preparation_time": 0, "load_before": [0], "load_after": [0]}, {"type": "service", "id": "1100325010_13", "location_id": "1100325010", "address": {"location_id": "1100325010", "lat": 42.32095651, "lon": -71.09129096}, "arr_time": 1676294277, "arr_date_time": "2023-02-13T08:17:57-05:00", "end_time": 1676294577, "end_date_time": "2023-02-13T08:22:57-05:00", "waiting_time": 0, "distance": 3311, "driving_time": 3177, "preparation_time": 0, "load_before": [0], "load_after": [0]}, {"type": "end", "location_id": "1100316010", "address": {"location_id": "1100316010", "lat": 42.32120875, "lon": -71.09215585}, "arr_time": 1676294752, "arr_date_time": "2023-02-13T08:25:52-05:00", "end_time": 1676294752, "end_date_time": "2023-02-13T08:25:52-05:00", "waiting_time": 0, "distance": 3493, "driving_time": 3352, "preparation_time": 0, "load_before": [0]}]}], "unassigned": {"services": [], "shipments": [], "breaks": [], "details": []}}}