{"copyrights": ["GraphHopper", "OpenStreetMap contributors"], "job_id": "eff69f8b-f2b9-437f-b2d1-ad729ba66a07", "status": "finished", "waiting_time_in_queue": 0, "processing_time": 107, "solution": {"costs": 333, "distance": 2519, "time": 2428, "transport_time": 2428, "completion_time": 16528, "max_operation_time": 16528, "waiting_time": 0, "service_duration": 14100, "preparation_time": 0, "no_vehicles": 1, "no_unassigned": 0, "routes": [{"vehicle_id": "my_vehicle", "shift_id": "default-shift", "distance": 2519, "transport_time": 2428, "completion_time": 16528, "waiting_time": 0, "service_duration": 14100, "preparation_time": 0, "activities": [{"type": "start", "location_id": "1601900000", "address": {"location_id": "1601900000", "lat": 42.29329767, "lon": -71.05560473}, "arr_time": 1676278800, "arr_date_time": "2023-02-13T04:00:00-05:00", "end_time": 1676278800, "end_date_time": "2023-02-13T04:00:00-05:00", "waiting_time": 0, "distance": 0, "driving_time": 0, "preparation_time": 0, "load_after": [0]}, {"type": "service", "id": "1601902000_09", "location_id": "1601902000", "address": {"location_id": "1601902000", "lat": 42.29336663, "lon": -71.05531065}, "arr_time": 1676278824, "arr_date_time": "2023-02-13T04:00:24-05:00", "end_time": 1676279124, "end_date_time": "2023-02-13T04:05:24-05:00", "waiting_time": 0, "distance": 25, "driving_time": 24, "preparation_time": 0, "load_before": [0], "load_after": [0]}, {"type": "service", "id": "1601899000_08", "location_id": "1601899000", "address": {"location_id": "1601899000", "lat": 42.29326229, "lon": -71.05575566}, "arr_time": 1676279161, "arr_date_time": "2023-02-13T04:06:01-05:00", "end_time": 1676279461, "end_date_time": "2023-02-13T04:11:01-05:00", "waiting_time": 0, "distance": 63, "driving_time": 61, "preparation_time": 0, "load_before": [0], "load_after": [0]}, {"type": "service", "id": "1601887000_05", "location_id": "1601887000", "address": {"location_id": "1601887000", "lat": 42.29315685, "lon": -71.05626281}, "arr_time": 1676279505, "arr_date_time": "2023-02-13T04:11:45-05:00", "end_time": 1676279805, "end_date_time": "2023-02-13T04:16:45-05:00", "waiting_time": 0, "distance": 109, "driving_time": 105, "preparation_time": 0, "load_before": [0], "load_after": [0]}, {"type": "service", "id": "1601898000_07", "location_id": "1601898000", "address": {"location_id": "1601898000", "lat": 42.29321235, "lon": -71.05590556}, "arr_time": 1676279808, "arr_date_time": "2023-02-13T04:16:48-05:00", "end_time": 1676280108, "end_date_time": "2023-02-13T04:21:48-05:00", "waiting_time": 0, "distance": 112, "driving_time": 108, "preparation_time": 0, "load_before": [0], "load_after": [0]}, {"type": "service", "id": "1601877000_01", "location_id": "1601877000", "address": {"location_id": "1601877000", "lat": 42.2929015, "lon": -71.05611645}, "arr_time": 1676280135, "arr_date_time": "2023-02-13T04:22:15-05:00", "end_time": 1676280435, "end_date_time": "2023-02-13T04:27:15-05:00", "waiting_time": 0, "distance": 140, "driving_time": 135, "preparation_time": 0, "load_before": [0], "load_after": [0]}, {"type": "service", "id": "1601878000_02", "location_id": "1601878000", "address": {"location_id": "1601878000", "lat": 42.29286273, "lon": -71.05629218}, "arr_time": 1676280484, "arr_date_time": "2023-02-13T04:28:04-05:00", "end_time": 1676280784, "end_date_time": "2023-02-13T04:33:04-05:00", "waiting_time": 0, "distance": 191, "driving_time": 184, "preparation_time": 0, "load_before": [0], "load_after": [0]}, {"type": "service", "id": "1602010000_34", "location_id": "1602010000", "address": {"location_id": "1602010000", "lat": 42.29229319, "lon": -71.05668203}, "arr_time": 1676280839, "arr_date_time": "2023-02-13T04:33:59-05:00", "end_time": 1676281139, "end_date_time": "2023-02-13T04:38:59-05:00", "waiting_time": 0, "distance": 249, "driving_time": 239, "preparation_time": 0, "load_before": [0], "load_after": [0]}, {"type": "service", "id": "1602011000_35", "location_id": "1602011000", "address": {"location_id": "1602011000", "lat": 42.2921777, "lon": -71.05666288}, "arr_time": 1676281151, "arr_date_time": "2023-02-13T04:39:11-05:00", "end_time": 1676281451, "end_date_time": "2023-02-13T04:44:11-05:00", "waiting_time": 0, "distance": 262, "driving_time": 251, "preparation_time": 0, "load_before": [0], "load_after": [0]}, {"type": "service", "id": "1602012000_36", "location_id": "1602012000", "address": {"location_id": "1602012000", "lat": 42.29206608, "lon": -71.05663502}, "arr_time": 1676281463, "arr_date_time": "2023-02-13T04:44:23-05:00", "end_time": 1676281763, "end_date_time": "2023-02-13T04:49:23-05:00", "waiting_time": 0, "distance": 275, "driving_time": 263, "preparation_time": 0, "load_before": [0], "load_after": [0]}, {"type": "service", "id": "1601881000_03", "location_id": "1601881000", "address": {"location_id": "1601881000", "lat": 42.29268989, "lon": -71.0568072}, "arr_time": 1676281835, "arr_date_time": "2023-02-13T04:50:35-05:00", "end_time": 1676282135, "end_date_time": "2023-02-13T04:55:35-05:00", "waiting_time": 0, "distance": 350, "driving_time": 335, "preparation_time": 0, "load_before": [0], "load_after": [0]}, {"type": "service", "id": "1601883000_04", "location_id": "1601883000", "address": {"location_id": "1601883000", "lat": 42.29281715, "lon": -71.05709097}, "arr_time": 1676282223, "arr_date_time": "2023-02-13T04:57:03-05:00", "end_time": 1676282523, "end_date_time": "2023-02-13T05:02:03-05:00", "waiting_time": 0, "distance": 442, "driving_time": 423, "preparation_time": 0, "load_before": [0], "load_after": [0]}, {"type": "service", "id": "1602006000_33", "location_id": "1602006000", "address": {"location_id": "1602006000", "lat": 42.29215124, "lon": -71.05705405}, "arr_time": 1676282595, "arr_date_time": "2023-02-13T05:03:15-05:00", "end_time": 1676282895, "end_date_time": "2023-02-13T05:08:15-05:00", "waiting_time": 0, "distance": 516, "driving_time": 495, "preparation_time": 0, "load_before": [0], "load_after": [0]}, {"type": "service", "id": "1602004000_32", "location_id": "1602004000", "address": {"location_id": "1602004000", "lat": 42.29184834, "lon": -71.05704065}, "arr_time": 1676283009, "arr_date_time": "2023-02-13T05:10:09-05:00", "end_time": 1676283309, "end_date_time": "2023-02-13T05:15:09-05:00", "waiting_time": 0, "distance": 636, "driving_time": 609, "preparation_time": 0, "load_before": [0], "load_after": [0]}, {"type": "service", "id": "1601937000_16", "location_id": "1601937000", "address": {"location_id": "1601937000", "lat": 42.29206158, "lon": -71.05536735}, "arr_time": 1676283503, "arr_date_time": "2023-02-13T05:18:23-05:00", "end_time": 1676283803, "end_date_time": "2023-02-13T05:23:23-05:00", "waiting_time": 0, "distance": 824, "driving_time": 803, "preparation_time": 0, "load_before": [0], "load_after": [0]}, {"type": "service", "id": "1601936000_15", "location_id": "1601936000", "address": {"location_id": "1601936000", "lat": 42.29183467, "lon": -71.05523244}, "arr_time": 1676283829, "arr_date_time": "2023-02-13T05:23:49-05:00", "end_time": 1676284129, "end_date_time": "2023-02-13T05:28:49-05:00", "waiting_time": 0, "distance": 852, "driving_time": 829, "preparation_time": 0, "load_before": [0], "load_after": [0]}, {"type": "service", "id": "1602020001_37", "location_id": "1602020001", "address": {"location_id": "1602020001", "lat": 42.29146788, "lon": -71.05521689}, "arr_time": 1676284148, "arr_date_time": "2023-02-13T05:29:08-05:00", "end_time": 1676284448, "end_date_time": "2023-02-13T05:34:08-05:00", "waiting_time": 0, "distance": 872, "driving_time": 848, "preparation_time": 0, "load_before": [0], "load_after": [0]}, {"type": "service", "id": "1601934000_14", "location_id": "1601934000", "address": {"location_id": "1601934000", "lat": 42.29191401, "lon": -71.05493229}, "arr_time": 1676284487, "arr_date_time": "2023-02-13T05:34:47-05:00", "end_time": 1676284787, "end_date_time": "2023-02-13T05:39:47-05:00", "waiting_time": 0, "distance": 912, "driving_time": 887, "preparation_time": 0, "load_before": [0], "load_after": [0]}, {"type": "service", "id": "1601932000_13", "location_id": "1601932000", "address": {"location_id": "1601932000", "lat": 42.29195039, "lon": -71.05476927}, "arr_time": 1676284800, "arr_date_time": "2023-02-13T05:40:00-05:00", "end_time": 1676285100, "end_date_time": "2023-02-13T05:45:00-05:00", "waiting_time": 0, "distance": 926, "driving_time": 900, "preparation_time": 0, "load_before": [0], "load_after": [0]}, {"type": "service", "id": "1601945012_26", "location_id": "1601945012", "address": {"location_id": "1601945012", "lat": 42.2916681, "lon": -71.05439678}, "arr_time": 1676285119, "arr_date_time": "2023-02-13T05:45:19-05:00", "end_time": 1676285419, "end_date_time": "2023-02-13T05:50:19-05:00", "waiting_time": 0, "distance": 945, "driving_time": 919, "preparation_time": 0, "load_before": [0], "load_after": [0]}, {"type": "service", "id": "1601945011_25", "location_id": "1601945011", "address": {"location_id": "1601945011", "lat": 42.29163017, "lon": -71.05461499}, "arr_time": 1676285473, "arr_date_time": "2023-02-13T05:51:13-05:00", "end_time": 1676285773, "end_date_time": "2023-02-13T05:56:13-05:00", "waiting_time": 0, "distance": 1002, "driving_time": 973, "preparation_time": 0, "load_before": [0], "load_after": [0]}, {"type": "service", "id": "1602020003_38", "location_id": "1602020003", "address": {"location_id": "1602020003", "lat": 42.29122266, "lon": -71.05510285}, "arr_time": 1676285793, "arr_date_time": "2023-02-13T05:56:33-05:00", "end_time": 1676286093, "end_date_time": "2023-02-13T06:01:33-05:00", "waiting_time": 0, "distance": 1023, "driving_time": 993, "preparation_time": 0, "load_before": [0], "load_after": [0]}, {"type": "service", "id": "1602020005_39", "location_id": "1602020005", "address": {"location_id": "1602020005", "lat": 42.29108724, "lon": -71.05465498}, "arr_time": 1676286120, "arr_date_time": "2023-02-13T06:02:00-05:00", "end_time": 1676286420, "end_date_time": "2023-02-13T06:07:00-05:00", "waiting_time": 0, "distance": 1051, "driving_time": 1020, "preparation_time": 0, "load_before": [0], "load_after": [0]}, {"type": "service", "id": "1601945008_24", "location_id": "1601945008", "address": {"location_id": "1601945008", "lat": 42.29124664, "lon": -71.05412507}, "arr_time": 1676286436, "arr_date_time": "2023-02-13T06:07:16-05:00", "end_time": 1676286736, "end_date_time": "2023-02-13T06:12:16-05:00", "waiting_time": 0, "distance": 1068, "driving_time": 1036, "preparation_time": 0, "load_before": [0], "load_after": [0]}, {"type": "service", "id": "1602020006_40", "location_id": "1602020006", "address": {"location_id": "1602020006", "lat": 42.29095944, "lon": -71.05454872}, "arr_time": 1676286736, "arr_date_time": "2023-02-13T06:12:16-05:00", "end_time": 1676287036, "end_date_time": "2023-02-13T06:17:16-05:00", "waiting_time": 0, "distance": 1068, "driving_time": 1036, "preparation_time": 0, "load_before": [0], "load_after": [0]}, {"type": "service", "id": "1601945007_23", "location_id": "1601945007", "address": {"location_id": "1601945007", "lat": 42.29113301, "lon": -71.05401737}, "arr_time": 1676287051, "arr_date_time": "2023-02-13T06:17:31-05:00", "end_time": 1676287351, "end_date_time": "2023-02-13T06:22:31-05:00", "waiting_time": 0, "distance": 1084, "driving_time": 1051, "preparation_time": 0, "load_before": [0], "load_after": [0]}, {"type": "service", "id": "1602020007_41", "location_id": "1602020007", "address": {"location_id": "1602020007", "lat": 42.29082988, "lon": -71.05446032}, "arr_time": 1676287351, "arr_date_time": "2023-02-13T06:22:31-05:00", "end_time": 1676287651, "end_date_time": "2023-02-13T06:27:31-05:00", "waiting_time": 0, "distance": 1084, "driving_time": 1051, "preparation_time": 0, "load_before": [0], "load_after": [0]}, {"type": "service", "id": "1602020008_42", "location_id": "1602020008", "address": {"location_id": "1602020008", "lat": 42.2907146, "lon": -71.05436678}, "arr_time": 1676287665, "arr_date_time": "2023-02-13T06:27:45-05:00", "end_time": 1676287965, "end_date_time": "2023-02-13T06:32:45-05:00", "waiting_time": 0, "distance": 1099, "driving_time": 1065, "preparation_time": 0, "load_before": [0], "load_after": [0]}, {"type": "service", "id": "1601945006_22", "location_id": "1601945006", "address": {"location_id": "1601945006", "lat": 42.29107047, "lon": -71.05385291}, "arr_time": 1676287996, "arr_date_time": "2023-02-13T06:33:16-05:00", "end_time": 1676288296, "end_date_time": "2023-02-13T06:38:16-05:00", "waiting_time": 0, "distance": 1131, "driving_time": 1096, "preparation_time": 0, "load_before": [0], "load_after": [0]}, {"type": "service", "id": "1601945005_21", "location_id": "1601945005", "address": {"location_id": "1601945005", "lat": 42.29111586, "lon": -71.05358156}, "arr_time": 1676288316, "arr_date_time": "2023-02-13T06:38:36-05:00", "end_time": 1676288616, "end_date_time": "2023-02-13T06:43:36-05:00", "waiting_time": 0, "distance": 1152, "driving_time": 1116, "preparation_time": 0, "load_before": [0], "load_after": [0]}, {"type": "service", "id": "1601945015_27", "location_id": "1601945015", "address": {"location_id": "1601945015", "lat": 42.29074816, "lon": -71.05367805}, "arr_time": 1676288636, "arr_date_time": "2023-02-13T06:43:56-05:00", "end_time": 1676288936, "end_date_time": "2023-02-13T06:48:56-05:00", "waiting_time": 0, "distance": 1173, "driving_time": 1136, "preparation_time": 0, "load_before": [0], "load_after": [0]}, {"type": "service", "id": "1601947000_28", "location_id": "1601947000", "address": {"location_id": "1601947000", "lat": 42.29051439, "lon": -71.05403925}, "arr_time": 1676288981, "arr_date_time": "2023-02-13T06:49:41-05:00", "end_time": 1676289281, "end_date_time": "2023-02-13T06:54:41-05:00", "waiting_time": 0, "distance": 1221, "driving_time": 1181, "preparation_time": 0, "load_before": [0], "load_after": [0]}, {"type": "service", "id": "1601949000_29", "location_id": "1601949000", "address": {"location_id": "1601949000", "lat": 42.29039344, "lon": -71.05397173}, "arr_time": 1676289297, "arr_date_time": "2023-02-13T06:54:57-05:00", "end_time": 1676289597, "end_date_time": "2023-02-13T06:59:57-05:00", "waiting_time": 0, "distance": 1238, "driving_time": 1197, "preparation_time": 0, "load_before": [0], "load_after": [0]}, {"type": "service", "id": "1601951000_30", "location_id": "1601951000", "address": {"location_id": "1601951000", "lat": 42.29029063, "lon": -71.05391379}, "arr_time": 1676289609, "arr_date_time": "2023-02-13T07:00:09-05:00", "end_time": 1676289909, "end_date_time": "2023-02-13T07:05:09-05:00", "waiting_time": 0, "distance": 1250, "driving_time": 1209, "preparation_time": 0, "load_before": [0], "load_after": [0]}, {"type": "service", "id": "1602036000_47", "location_id": "1602036000", "address": {"location_id": "1602036000", "lat": 42.290354, "lon": -71.05346363}, "arr_time": 1676289916, "arr_date_time": "2023-02-13T07:05:16-05:00", "end_time": 1676290216, "end_date_time": "2023-02-13T07:10:16-05:00", "waiting_time": 0, "distance": 1257, "driving_time": 1216, "preparation_time": 0, "load_before": [0], "load_after": [0]}, {"type": "service", "id": "1601953000_31", "location_id": "1601953000", "address": {"location_id": "1601953000", "lat": 42.29018247, "lon": -71.05385249}, "arr_time": 1676290221, "arr_date_time": "2023-02-13T07:10:21-05:00", "end_time": 1676290521, "end_date_time": "2023-02-13T07:15:21-05:00", "waiting_time": 0, "distance": 1263, "driving_time": 1221, "preparation_time": 0, "load_before": [0], "load_after": [0]}, {"type": "service", "id": "1602020009_43", "location_id": "1602020009", "address": {"location_id": "1602020009", "lat": 42.29058853, "lon": -71.05428081}, "arr_time": 1676290791, "arr_date_time": "2023-02-13T07:19:51-05:00", "end_time": 1676291091, "end_date_time": "2023-02-13T07:24:51-05:00", "waiting_time": 0, "distance": 1543, "driving_time": 1491, "preparation_time": 0, "load_before": [0], "load_after": [0]}, {"type": "service", "id": "1602025000_46", "location_id": "1602025000", "address": {"location_id": "1602025000", "lat": 42.2902453, "lon": -71.05307061}, "arr_time": 1676291403, "arr_date_time": "2023-02-13T07:30:03-05:00", "end_time": 1676291703, "end_date_time": "2023-02-13T07:35:03-05:00", "waiting_time": 0, "distance": 1868, "driving_time": 1803, "preparation_time": 0, "load_before": [0], "load_after": [0]}, {"type": "service", "id": "1602023000_45", "location_id": "1602023000", "address": {"location_id": "1602023000", "lat": 42.29045473, "lon": -71.05318995}, "arr_time": 1676291727, "arr_date_time": "2023-02-13T07:35:27-05:00", "end_time": 1676292027, "end_date_time": "2023-02-13T07:40:27-05:00", "waiting_time": 0, "distance": 1893, "driving_time": 1827, "preparation_time": 0, "load_before": [0], "load_after": [0]}, {"type": "service", "id": "1602021000_44", "location_id": "1602021000", "address": {"location_id": "1602021000", "lat": 42.29066031, "lon": -71.05331056}, "arr_time": 1676292051, "arr_date_time": "2023-02-13T07:40:51-05:00", "end_time": 1676292351, "end_date_time": "2023-02-13T07:45:51-05:00", "waiting_time": 0, "distance": 1918, "driving_time": 1851, "preparation_time": 0, "load_before": [0], "load_after": [0]}, {"type": "service", "id": "1601945004_20", "location_id": "1601945004", "address": {"location_id": "1601945004", "lat": 42.2912452, "lon": -71.05367199}, "arr_time": 1676292419, "arr_date_time": "2023-02-13T07:46:59-05:00", "end_time": 1676292719, "end_date_time": "2023-02-13T07:51:59-05:00", "waiting_time": 0, "distance": 1989, "driving_time": 1919, "preparation_time": 0, "load_before": [0], "load_after": [0]}, {"type": "service", "id": "1601945003_19", "location_id": "1601945003", "address": {"location_id": "1601945003", "lat": 42.29139788, "lon": -71.05377839}, "arr_time": 1676292737, "arr_date_time": "2023-02-13T07:52:17-05:00", "end_time": 1676293037, "end_date_time": "2023-02-13T07:57:17-05:00", "waiting_time": 0, "distance": 2008, "driving_time": 1937, "preparation_time": 0, "load_before": [0], "load_after": [0]}, {"type": "service", "id": "1601945002_18", "location_id": "1601945002", "address": {"location_id": "1601945002", "lat": 42.29152673, "lon": -71.05384866}, "arr_time": 1676293052, "arr_date_time": "2023-02-13T07:57:32-05:00", "end_time": 1676293352, "end_date_time": "2023-02-13T08:02:32-05:00", "waiting_time": 0, "distance": 2023, "driving_time": 1952, "preparation_time": 0, "load_before": [0], "load_after": [0]}, {"type": "service", "id": "1601945001_17", "location_id": "1601945001", "address": {"location_id": "1601945001", "lat": 42.29166302, "lon": -71.05389222}, "arr_time": 1676293368, "arr_date_time": "2023-02-13T08:02:48-05:00", "end_time": 1676293668, "end_date_time": "2023-02-13T08:07:48-05:00", "waiting_time": 0, "distance": 2040, "driving_time": 1968, "preparation_time": 0, "load_before": [0], "load_after": [0]}, {"type": "service", "id": "1601927000_12", "location_id": "1601927000", "address": {"location_id": "1601927000", "lat": 42.2921486, "lon": -71.05403335}, "arr_time": 1676293719, "arr_date_time": "2023-02-13T08:08:39-05:00", "end_time": 1676294019, "end_date_time": "2023-02-13T08:13:39-05:00", "waiting_time": 0, "distance": 2093, "driving_time": 2019, "preparation_time": 0, "load_before": [0], "load_after": [0]}, {"type": "service", "id": "1601926000_11", "location_id": "1601926000", "address": {"location_id": "1601926000", "lat": 42.29230325, "lon": -71.05419037}, "arr_time": 1676294040, "arr_date_time": "2023-02-13T08:14:00-05:00", "end_time": 1676294340, "end_date_time": "2023-02-13T08:19:00-05:00", "waiting_time": 0, "distance": 2115, "driving_time": 2040, "preparation_time": 0, "load_before": [0], "load_after": [0]}, {"type": "service", "id": "1601910000_10", "location_id": "1601910000", "address": {"location_id": "1601910000", "lat": 42.29259868, "lon": -71.05474805}, "arr_time": 1676294415, "arr_date_time": "2023-02-13T08:20:15-05:00", "end_time": 1676294715, "end_date_time": "2023-02-13T08:25:15-05:00", "waiting_time": 0, "distance": 2193, "driving_time": 2115, "preparation_time": 0, "load_before": [0], "load_after": [0]}, {"type": "service", "id": "1601890000_06", "location_id": "1601890000", "address": {"location_id": "1601890000", "lat": 42.29323626, "lon": -71.05474611}, "arr_time": 1676294852, "arr_date_time": "2023-02-13T08:27:32-05:00", "end_time": 1676295152, "end_date_time": "2023-02-13T08:32:32-05:00", "waiting_time": 0, "distance": 2336, "driving_time": 2252, "preparation_time": 0, "load_before": [0], "load_after": [0]}, {"type": "end", "location_id": "1601900000", "address": {"location_id": "1601900000", "lat": 42.29329767, "lon": -71.05560473}, "arr_time": 1676295328, "arr_date_time": "2023-02-13T08:35:28-05:00", "end_time": 1676295328, "end_date_time": "2023-02-13T08:35:28-05:00", "waiting_time": 0, "distance": 2519, "driving_time": 2428, "preparation_time": 0, "load_before": [0]}]}], "unassigned": {"services": [], "shipments": [], "breaks": [], "details": []}}}