{"copyrights": ["GraphHopper", "OpenStreetMap contributors"], "job_id": "228970c7-263a-4850-b8cc-6dacda265aa5", "status": "finished", "waiting_time_in_queue": 0, "processing_time": 107, "solution": {"costs": 354, "distance": 2200, "time": 2105, "transport_time": 2105, "completion_time": 19205, "max_operation_time": 19205, "waiting_time": 0, "service_duration": 17100, "preparation_time": 0, "no_vehicles": 1, "no_unassigned": 0, "routes": [{"vehicle_id": "my_vehicle", "shift_id": "default-shift", "distance": 2200, "transport_time": 2105, "completion_time": 19205, "waiting_time": 0, "service_duration": 17100, "preparation_time": 0, "activities": [{"type": "start", "location_id": "1800054028", "address": {"location_id": "1800054028", "lat": 42.27114836, "lon": -71.08294185}, "arr_time": 1676278800, "arr_date_time": "2023-02-13T04:00:00-05:00", "end_time": 1676278800, "end_date_time": "2023-02-13T04:00:00-05:00", "waiting_time": 0, "distance": 0, "driving_time": 0, "preparation_time": 0, "load_after": [0]}, {"type": "service", "id": "1800054030_38", "location_id": "1800054030", "address": {"location_id": "1800054030", "lat": 42.27103257, "lon": -71.08387274}, "arr_time": 1676278883, "arr_date_time": "2023-02-13T04:01:23-05:00", "end_time": 1676279183, "end_date_time": "2023-02-13T04:06:23-05:00", "waiting_time": 0, "distance": 87, "driving_time": 83, "preparation_time": 0, "load_before": [0], "load_after": [0]}, {"type": "service", "id": "1800054040_47", "location_id": "1800054040", "address": {"location_id": "1800054040", "lat": 42.27094655, "lon": -71.08437002}, "arr_time": 1676279259, "arr_date_time": "2023-02-13T04:07:39-05:00", "end_time": 1676279559, "end_date_time": "2023-02-13T04:12:39-05:00", "waiting_time": 0, "distance": 167, "driving_time": 159, "preparation_time": 0, "load_before": [0], "load_after": [0]}, {"type": "service", "id": "1800054039_46", "location_id": "1800054039", "address": {"location_id": "1800054039", "lat": 42.27089688, "lon": -71.0846305}, "arr_time": 1676279580, "arr_date_time": "2023-02-13T04:13:00-05:00", "end_time": 1676279880, "end_date_time": "2023-02-13T04:18:00-05:00", "waiting_time": 0, "distance": 189, "driving_time": 180, "preparation_time": 0, "load_before": [0], "load_after": [0]}, {"type": "service", "id": "1800054038_45", "location_id": "1800054038", "address": {"location_id": "1800054038", "lat": 42.27083858, "lon": -71.08488829}, "arr_time": 1676279944, "arr_date_time": "2023-02-13T04:19:04-05:00", "end_time": 1676280244, "end_date_time": "2023-02-13T04:24:04-05:00", "waiting_time": 0, "distance": 256, "driving_time": 244, "preparation_time": 0, "load_before": [0], "load_after": [0]}, {"type": "service", "id": "1800017002_01", "location_id": "1800017002", "address": {"location_id": "1800017002", "lat": 42.27058962, "lon": -71.0851903}, "arr_time": 1676280255, "arr_date_time": "2023-02-13T04:24:15-05:00", "end_time": 1676280555, "end_date_time": "2023-02-13T04:29:15-05:00", "waiting_time": 0, "distance": 267, "driving_time": 255, "preparation_time": 0, "load_before": [0], "load_after": [0]}, {"type": "service", "id": "1800054037_44", "location_id": "1800054037", "address": {"location_id": "1800054037", "lat": 42.27065618, "lon": -71.08470411}, "arr_time": 1676280572, "arr_date_time": "2023-02-13T04:29:32-05:00", "end_time": 1676280872, "end_date_time": "2023-02-13T04:34:32-05:00", "waiting_time": 0, "distance": 285, "driving_time": 272, "preparation_time": 0, "load_before": [0], "load_after": [0]}, {"type": "service", "id": "1800017004_02", "location_id": "1800017004", "address": {"location_id": "1800017004", "lat": 42.27029569, "lon": -71.0847447}, "arr_time": 1676280893, "arr_date_time": "2023-02-13T04:34:53-05:00", "end_time": 1676281193, "end_date_time": "2023-02-13T04:39:53-05:00", "waiting_time": 0, "distance": 308, "driving_time": 293, "preparation_time": 0, "load_before": [0], "load_after": [0]}, {"type": "service", "id": "1800054036_43", "location_id": "1800054036", "address": {"location_id": "1800054036", "lat": 42.27063263, "lon": -71.08441996}, "arr_time": 1676281195, "arr_date_time": "2023-02-13T04:39:55-05:00", "end_time": 1676281495, "end_date_time": "2023-02-13T04:44:55-05:00", "waiting_time": 0, "distance": 309, "driving_time": 295, "preparation_time": 0, "load_before": [0], "load_after": [0]}, {"type": "service", "id": "1800017005_03", "location_id": "1800017005", "address": {"location_id": "1800017005", "lat": 42.27019739, "lon": -71.08446777}, "arr_time": 1676281513, "arr_date_time": "2023-02-13T04:45:13-05:00", "end_time": 1676281813, "end_date_time": "2023-02-13T04:50:13-05:00", "waiting_time": 0, "distance": 329, "driving_time": 313, "preparation_time": 0, "load_before": [0], "load_after": [0]}, {"type": "service", "id": "1800054035_42", "location_id": "1800054035", "address": {"location_id": "1800054035", "lat": 42.27053988, "lon": -71.08422589}, "arr_time": 1676281817, "arr_date_time": "2023-02-13T04:50:17-05:00", "end_time": 1676282117, "end_date_time": "2023-02-13T04:55:17-05:00", "waiting_time": 0, "distance": 334, "driving_time": 317, "preparation_time": 0, "load_before": [0], "load_after": [0]}, {"type": "service", "id": "1800017006_04", "location_id": "1800017006", "address": {"location_id": "1800017006", "lat": 42.270137, "lon": -71.0841889}, "arr_time": 1676282133, "arr_date_time": "2023-02-13T04:55:33-05:00", "end_time": 1676282433, "end_date_time": "2023-02-13T05:00:33-05:00", "waiting_time": 0, "distance": 351, "driving_time": 333, "preparation_time": 0, "load_before": [0], "load_after": [0]}, {"type": "service", "id": "1800054034_41", "location_id": "1800054034", "address": {"location_id": "1800054034", "lat": 42.27043651, "lon": -71.08402771}, "arr_time": 1676282439, "arr_date_time": "2023-02-13T05:00:39-05:00", "end_time": 1676282739, "end_date_time": "2023-02-13T05:05:39-05:00", "waiting_time": 0, "distance": 356, "driving_time": 339, "preparation_time": 0, "load_before": [0], "load_after": [0]}, {"type": "service", "id": "1800017008_05", "location_id": "1800017008", "address": {"location_id": "1800017008", "lat": 42.27010508, "lon": -71.08360172}, "arr_time": 1676282776, "arr_date_time": "2023-02-13T05:06:16-05:00", "end_time": 1676283076, "end_date_time": "2023-02-13T05:11:16-05:00", "waiting_time": 0, "distance": 395, "driving_time": 376, "preparation_time": 0, "load_before": [0], "load_after": [0]}, {"type": "service", "id": "1800054033_40", "location_id": "1800054033", "address": {"location_id": "1800054033", "lat": 42.27045058, "lon": -71.08373116}, "arr_time": 1676283112, "arr_date_time": "2023-02-13T05:11:52-05:00", "end_time": 1676283412, "end_date_time": "2023-02-13T05:16:52-05:00", "waiting_time": 0, "distance": 433, "driving_time": 412, "preparation_time": 0, "load_before": [0], "load_after": [0]}, {"type": "service", "id": "1800054032_39", "location_id": "1800054032", "address": {"location_id": "1800054032", "lat": 42.27060354, "lon": -71.08381159}, "arr_time": 1676283429, "arr_date_time": "2023-02-13T05:17:09-05:00", "end_time": 1676283729, "end_date_time": "2023-02-13T05:22:09-05:00", "waiting_time": 0, "distance": 451, "driving_time": 429, "preparation_time": 0, "load_before": [0], "load_after": [0]}, {"type": "service", "id": "1800054024_36", "location_id": "1800054024", "address": {"location_id": "1800054024", "lat": 42.27071661, "lon": -71.08319828}, "arr_time": 1676283731, "arr_date_time": "2023-02-13T05:22:11-05:00", "end_time": 1676284031, "end_date_time": "2023-02-13T05:27:11-05:00", "waiting_time": 0, "distance": 452, "driving_time": 431, "preparation_time": 0, "load_before": [0], "load_after": [0]}, {"type": "service", "id": "1800054025_37", "location_id": "1800054025", "address": {"location_id": "1800054025", "lat": 42.27089967, "lon": -71.08325186}, "arr_time": 1676284051, "arr_date_time": "2023-02-13T05:27:31-05:00", "end_time": 1676284351, "end_date_time": "2023-02-13T05:32:31-05:00", "waiting_time": 0, "distance": 473, "driving_time": 451, "preparation_time": 0, "load_before": [0], "load_after": [0]}, {"type": "service", "id": "1800054022_35", "location_id": "1800054022", "address": {"location_id": "1800054022", "lat": 42.27032242, "lon": -71.08308244}, "arr_time": 1676284413, "arr_date_time": "2023-02-13T05:33:33-05:00", "end_time": 1676284713, "end_date_time": "2023-02-13T05:38:33-05:00", "waiting_time": 0, "distance": 539, "driving_time": 513, "preparation_time": 0, "load_before": [0], "load_after": [0]}, {"type": "service", "id": "1800017012_06", "location_id": "1800017012", "address": {"location_id": "1800017012", "lat": 42.26956937, "lon": -71.08287393}, "arr_time": 1676284799, "arr_date_time": "2023-02-13T05:39:59-05:00", "end_time": 1676285099, "end_date_time": "2023-02-13T05:44:59-05:00", "waiting_time": 0, "distance": 627, "driving_time": 599, "preparation_time": 0, "load_before": [0], "load_after": [0]}, {"type": "service", "id": "1800054019_34", "location_id": "1800054019", "address": {"location_id": "1800054019", "lat": 42.27014006, "lon": -71.08281157}, "arr_time": 1676285124, "arr_date_time": "2023-02-13T05:45:24-05:00", "end_time": 1676285424, "end_date_time": "2023-02-13T05:50:24-05:00", "waiting_time": 0, "distance": 654, "driving_time": 624, "preparation_time": 0, "load_before": [0], "load_after": [0]}, {"type": "service", "id": "1800017014_07", "location_id": "1800017014", "address": {"location_id": "1800017014", "lat": 42.26971165, "lon": -71.08236778}, "arr_time": 1676285441, "arr_date_time": "2023-02-13T05:50:41-05:00", "end_time": 1676285741, "end_date_time": "2023-02-13T05:55:41-05:00", "waiting_time": 0, "distance": 672, "driving_time": 641, "preparation_time": 0, "load_before": [0], "load_after": [0]}, {"type": "service", "id": "1800054018_33", "location_id": "1800054018", "address": {"location_id": "1800054018", "lat": 42.27014763, "lon": -71.08251983}, "arr_time": 1676285745, "arr_date_time": "2023-02-13T05:55:45-05:00", "end_time": 1676286045, "end_date_time": "2023-02-13T06:00:45-05:00", "waiting_time": 0, "distance": 677, "driving_time": 645, "preparation_time": 0, "load_before": [0], "load_after": [0]}, {"type": "service", "id": "1800017015_08", "location_id": "1800017015", "address": {"location_id": "1800017015", "lat": 42.26978377, "lon": -71.08213788}, "arr_time": 1676286060, "arr_date_time": "2023-02-13T06:01:00-05:00", "end_time": 1676286360, "end_date_time": "2023-02-13T06:06:00-05:00", "waiting_time": 0, "distance": 693, "driving_time": 660, "preparation_time": 0, "load_before": [0], "load_after": [0]}, {"type": "service", "id": "1800054017_32", "location_id": "1800054017", "address": {"location_id": "1800054017", "lat": 42.270176, "lon": -71.08227326}, "arr_time": 1676286399, "arr_date_time": "2023-02-13T06:06:39-05:00", "end_time": 1676286699, "end_date_time": "2023-02-13T06:11:39-05:00", "waiting_time": 0, "distance": 733, "driving_time": 699, "preparation_time": 0, "load_before": [0], "load_after": [0]}, {"type": "service", "id": "1800054006_25", "location_id": "1800054006", "address": {"location_id": "1800054006", "lat": 42.2704326, "lon": -71.08190827}, "arr_time": 1676286717, "arr_date_time": "2023-02-13T06:11:57-05:00", "end_time": 1676287017, "end_date_time": "2023-02-13T06:16:57-05:00", "waiting_time": 0, "distance": 753, "driving_time": 717, "preparation_time": 0, "load_before": [0], "load_after": [0]}, {"type": "service", "id": "1800054016_31", "location_id": "1800054016", "address": {"location_id": "1800054016", "lat": 42.27041883, "lon": -71.08252609}, "arr_time": 1676287028, "arr_date_time": "2023-02-13T06:17:08-05:00", "end_time": 1676287328, "end_date_time": "2023-02-13T06:22:08-05:00", "waiting_time": 0, "distance": 765, "driving_time": 728, "preparation_time": 0, "load_before": [0], "load_after": [0]}, {"type": "service", "id": "1800054007_26", "location_id": "1800054007", "address": {"location_id": "1800054007", "lat": 42.27062251, "lon": -71.08195237}, "arr_time": 1676287341, "arr_date_time": "2023-02-13T06:22:21-05:00", "end_time": 1676287641, "end_date_time": "2023-02-13T06:27:21-05:00", "waiting_time": 0, "distance": 779, "driving_time": 741, "preparation_time": 0, "load_before": [0], "load_after": [0]}, {"type": "service", "id": "1800054014_30", "location_id": "1800054014", "address": {"location_id": "1800054014", "lat": 42.27077937, "lon": -71.0825987}, "arr_time": 1676287661, "arr_date_time": "2023-02-13T06:27:41-05:00", "end_time": 1676287961, "end_date_time": "2023-02-13T06:32:41-05:00", "waiting_time": 0, "distance": 799, "driving_time": 761, "preparation_time": 0, "load_before": [0], "load_after": [0]}, {"type": "service", "id": "1800054009_27", "location_id": "1800054009", "address": {"location_id": "1800054009", "lat": 42.27094753, "lon": -71.08197007}, "arr_time": 1676287976, "arr_date_time": "2023-02-13T06:32:56-05:00", "end_time": 1676288276, "end_date_time": "2023-02-13T06:37:56-05:00", "waiting_time": 0, "distance": 815, "driving_time": 776, "preparation_time": 0, "load_before": [0], "load_after": [0]}, {"type": "service", "id": "1800054013_29", "location_id": "1800054013", "address": {"location_id": "1800054013", "lat": 42.27094124, "lon": -71.08262678}, "arr_time": 1676288279, "arr_date_time": "2023-02-13T06:37:59-05:00", "end_time": 1676288579, "end_date_time": "2023-02-13T06:42:59-05:00", "waiting_time": 0, "distance": 817, "driving_time": 779, "preparation_time": 0, "load_before": [0], "load_after": [0]}, {"type": "service", "id": "1800054010_28", "location_id": "1800054010", "address": {"location_id": "1800054010", "lat": 42.27114173, "lon": -71.08205553}, "arr_time": 1676288597, "arr_date_time": "2023-02-13T06:43:17-05:00", "end_time": 1676288897, "end_date_time": "2023-02-13T06:48:17-05:00", "waiting_time": 0, "distance": 837, "driving_time": 797, "preparation_time": 0, "load_before": [0], "load_after": [0]}, {"type": "service", "id": "1800017017_09", "location_id": "1800017017", "address": {"location_id": "1800017017", "lat": 42.26992932, "lon": -71.08167203}, "arr_time": 1676289036, "arr_date_time": "2023-02-13T06:50:36-05:00", "end_time": 1676289336, "end_date_time": "2023-02-13T06:55:36-05:00", "waiting_time": 0, "distance": 982, "driving_time": 936, "preparation_time": 0, "load_before": [0], "load_after": [0]}, {"type": "service", "id": "1800017018_10", "location_id": "1800017018", "address": {"location_id": "1800017018", "lat": 42.26999846, "lon": -71.08146217}, "arr_time": 1676289349, "arr_date_time": "2023-02-13T06:55:49-05:00", "end_time": 1676289649, "end_date_time": "2023-02-13T07:00:49-05:00", "waiting_time": 0, "distance": 996, "driving_time": 949, "preparation_time": 0, "load_before": [0], "load_after": [0]}, {"type": "service", "id": "1800017020_11", "location_id": "1800017020", "address": {"location_id": "1800017020", "lat": 42.27030501, "lon": -71.08115171}, "arr_time": 1676289679, "arr_date_time": "2023-02-13T07:01:19-05:00", "end_time": 1676289979, "end_date_time": "2023-02-13T07:06:19-05:00", "waiting_time": 0, "distance": 1026, "driving_time": 979, "preparation_time": 0, "load_before": [0], "load_after": [0]}, {"type": "service", "id": "1800017021_12", "location_id": "1800017021", "address": {"location_id": "1800017021", "lat": 42.27056814, "lon": -71.08114249}, "arr_time": 1676290000, "arr_date_time": "2023-02-13T07:06:40-05:00", "end_time": 1676290300, "end_date_time": "2023-02-13T07:11:40-05:00", "waiting_time": 0, "distance": 1048, "driving_time": 1000, "preparation_time": 0, "load_before": [0], "load_after": [0]}, {"type": "service", "id": "1800054002_24", "location_id": "1800054002", "address": {"location_id": "1800054002", "lat": 42.27077873, "lon": -71.08162845}, "arr_time": 1676290324, "arr_date_time": "2023-02-13T07:12:04-05:00", "end_time": 1676290624, "end_date_time": "2023-02-13T07:17:04-05:00", "waiting_time": 0, "distance": 1073, "driving_time": 1024, "preparation_time": 0, "load_before": [0], "load_after": [0]}, {"type": "service", "id": "1800017023_13", "location_id": "1800017023", "address": {"location_id": "1800017023", "lat": 42.27085212, "lon": -71.08115857}, "arr_time": 1676290631, "arr_date_time": "2023-02-13T07:17:11-05:00", "end_time": 1676290931, "end_date_time": "2023-02-13T07:22:11-05:00", "waiting_time": 0, "distance": 1079, "driving_time": 1031, "preparation_time": 0, "load_before": [0], "load_after": [0]}, {"type": "service", "id": "1800017024_14", "location_id": "1800017024", "address": {"location_id": "1800017024", "lat": 42.27108088, "lon": -71.08117142}, "arr_time": 1676290955, "arr_date_time": "2023-02-13T07:22:35-05:00", "end_time": 1676291255, "end_date_time": "2023-02-13T07:27:35-05:00", "waiting_time": 0, "distance": 1104, "driving_time": 1055, "preparation_time": 0, "load_before": [0], "load_after": [0]}, {"type": "service", "id": "1800020000_15", "location_id": "1800020000", "address": {"location_id": "1800020000", "lat": 42.2712177, "lon": -71.08091753}, "arr_time": 1676291321, "arr_date_time": "2023-02-13T07:28:41-05:00", "end_time": 1676291621, "end_date_time": "2023-02-13T07:33:41-05:00", "waiting_time": 0, "distance": 1173, "driving_time": 1121, "preparation_time": 0, "load_before": [0], "load_after": [0]}, {"type": "service", "id": "1800069000_57", "location_id": "1800069000", "address": {"location_id": "1800069000", "lat": 42.2708795, "lon": -71.08028517}, "arr_time": 1676291705, "arr_date_time": "2023-02-13T07:35:05-05:00", "end_time": 1676292005, "end_date_time": "2023-02-13T07:40:05-05:00", "waiting_time": 0, "distance": 1261, "driving_time": 1205, "preparation_time": 0, "load_before": [0], "load_after": [0]}, {"type": "service", "id": "1800068000_56", "location_id": "1800068000", "address": {"location_id": "1800068000", "lat": 42.27074197, "lon": -71.0802765}, "arr_time": 1676292020, "arr_date_time": "2023-02-13T07:40:20-05:00", "end_time": 1676292320, "end_date_time": "2023-02-13T07:45:20-05:00", "waiting_time": 0, "distance": 1276, "driving_time": 1220, "preparation_time": 0, "load_before": [0], "load_after": [0]}, {"type": "service", "id": "1800024000_16", "location_id": "1800024000", "address": {"location_id": "1800024000", "lat": 42.27069, "lon": -71.0807994}, "arr_time": 1676292324, "arr_date_time": "2023-02-13T07:45:24-05:00", "end_time": 1676292624, "end_date_time": "2023-02-13T07:50:24-05:00", "waiting_time": 0, "distance": 1280, "driving_time": 1224, "preparation_time": 0, "load_before": [0], "load_after": [0]}, {"type": "service", "id": "1800066000_55", "location_id": "1800066000", "address": {"location_id": "1800066000", "lat": 42.27044236, "lon": -71.08025741}, "arr_time": 1676292652, "arr_date_time": "2023-02-13T07:50:52-05:00", "end_time": 1676292952, "end_date_time": "2023-02-13T07:55:52-05:00", "waiting_time": 0, "distance": 1309, "driving_time": 1252, "preparation_time": 0, "load_before": [0], "load_after": [0]}, {"type": "service", "id": "1800026000_17", "location_id": "1800026000", "address": {"location_id": "1800026000", "lat": 42.27041286, "lon": -71.08078444}, "arr_time": 1676292953, "arr_date_time": "2023-02-13T07:55:53-05:00", "end_time": 1676293253, "end_date_time": "2023-02-13T08:00:53-05:00", "waiting_time": 0, "distance": 1311, "driving_time": 1253, "preparation_time": 0, "load_before": [0], "load_after": [0]}, {"type": "service", "id": "1800027000_18", "location_id": "1800027000", "address": {"location_id": "1800027000", "lat": 42.27024606, "lon": -71.08077552}, "arr_time": 1676293271, "arr_date_time": "2023-02-13T08:01:11-05:00", "end_time": 1676293571, "end_date_time": "2023-02-13T08:06:11-05:00", "waiting_time": 0, "distance": 1330, "driving_time": 1271, "preparation_time": 0, "load_before": [0], "load_after": [0]}, {"type": "service", "id": "1800065000_54", "location_id": "1800065000", "address": {"location_id": "1800065000", "lat": 42.27024177, "lon": -71.08033694}, "arr_time": 1676293572, "arr_date_time": "2023-02-13T08:06:12-05:00", "end_time": 1676293872, "end_date_time": "2023-02-13T08:11:12-05:00", "waiting_time": 0, "distance": 1332, "driving_time": 1272, "preparation_time": 0, "load_before": [0], "load_after": [0]}, {"type": "service", "id": "1800055000_48", "location_id": "1800055000", "address": {"location_id": "1800055000", "lat": 42.27119886, "lon": -71.08039822}, "arr_time": 1676293975, "arr_date_time": "2023-02-13T08:12:55-05:00", "end_time": 1676294275, "end_date_time": "2023-02-13T08:17:55-05:00", "waiting_time": 0, "distance": 1439, "driving_time": 1375, "preparation_time": 0, "load_before": [0], "load_after": [0]}, {"type": "service", "id": "1800059000_49", "location_id": "1800059000", "address": {"location_id": "1800059000", "lat": 42.27104789, "lon": -71.07991912}, "arr_time": 1676294405, "arr_date_time": "2023-02-13T08:20:05-05:00", "end_time": 1676294705, "end_date_time": "2023-02-13T08:25:05-05:00", "waiting_time": 0, "distance": 1575, "driving_time": 1505, "preparation_time": 0, "load_before": [0], "load_after": [0]}, {"type": "service", "id": "1800061000_50", "location_id": "1800061000", "address": {"location_id": "1800061000", "lat": 42.27089599, "lon": -71.0798402}, "arr_time": 1676294712, "arr_date_time": "2023-02-13T08:25:12-05:00", "end_time": 1676295012, "end_date_time": "2023-02-13T08:30:12-05:00", "waiting_time": 0, "distance": 1582, "driving_time": 1512, "preparation_time": 0, "load_before": [0], "load_after": [0]}, {"type": "service", "id": "1800062000_51", "location_id": "1800062000", "address": {"location_id": "1800062000", "lat": 42.27078152, "lon": -71.07978959}, "arr_time": 1676295020, "arr_date_time": "2023-02-13T08:30:20-05:00", "end_time": 1676295320, "end_date_time": "2023-02-13T08:35:20-05:00", "waiting_time": 0, "distance": 1590, "driving_time": 1520, "preparation_time": 0, "load_before": [0], "load_after": [0]}, {"type": "service", "id": "1800034000_23", "location_id": "1800034000", "address": {"location_id": "1800034000", "lat": 42.27108394, "lon": -71.0793658}, "arr_time": 1676295321, "arr_date_time": "2023-02-13T08:35:21-05:00", "end_time": 1676295621, "end_date_time": "2023-02-13T08:40:21-05:00", "waiting_time": 0, "distance": 1592, "driving_time": 1521, "preparation_time": 0, "load_before": [0], "load_after": [0]}, {"type": "service", "id": "1800033000_22", "location_id": "1800033000", "address": {"location_id": "1800033000", "lat": 42.27098031, "lon": -71.07924717}, "arr_time": 1676295632, "arr_date_time": "2023-02-13T08:40:32-05:00", "end_time": 1676295932, "end_date_time": "2023-02-13T08:45:32-05:00", "waiting_time": 0, "distance": 1603, "driving_time": 1532, "preparation_time": 0, "load_before": [0], "load_after": [0]}, {"type": "service", "id": "1800032001_21", "location_id": "1800032001", "address": {"location_id": "1800032001", "lat": 42.27084107, "lon": -71.07914979}, "arr_time": 1676295939, "arr_date_time": "2023-02-13T08:45:39-05:00", "end_time": 1676296239, "end_date_time": "2023-02-13T08:50:39-05:00", "waiting_time": 0, "distance": 1610, "driving_time": 1539, "preparation_time": 0, "load_before": [0], "load_after": [0]}, {"type": "service", "id": "1800063000_52", "location_id": "1800063000", "address": {"location_id": "1800063000", "lat": 42.27062533, "lon": -71.07977741}, "arr_time": 1676296256, "arr_date_time": "2023-02-13T08:50:56-05:00", "end_time": 1676296556, "end_date_time": "2023-02-13T08:55:56-05:00", "waiting_time": 0, "distance": 1628, "driving_time": 1556, "preparation_time": 0, "load_before": [0], "load_after": [0]}, {"type": "service", "id": "1800064000_53", "location_id": "1800064000", "address": {"location_id": "1800064000", "lat": 42.27042289, "lon": -71.07985689}, "arr_time": 1676296576, "arr_date_time": "2023-02-13T08:56:16-05:00", "end_time": 1676296876, "end_date_time": "2023-02-13T09:01:16-05:00", "waiting_time": 0, "distance": 1648, "driving_time": 1576, "preparation_time": 0, "load_before": [0], "load_after": [0]}, {"type": "service", "id": "1800032000_20", "location_id": "1800032000", "address": {"location_id": "1800032000", "lat": 42.27064663, "lon": -71.07914765}, "arr_time": 1676296901, "arr_date_time": "2023-02-13T09:01:41-05:00", "end_time": 1676297201, "end_date_time": "2023-02-13T09:06:41-05:00", "waiting_time": 0, "distance": 1674, "driving_time": 1601, "preparation_time": 0, "load_before": [0], "load_after": [0]}, {"type": "service", "id": "1800029030_19", "location_id": "1800029030", "address": {"location_id": "1800029030", "lat": 42.27093596, "lon": -71.07846545}, "arr_time": 1676297260, "arr_date_time": "2023-02-13T09:07:40-05:00", "end_time": 1676297560, "end_date_time": "2023-02-13T09:12:40-05:00", "waiting_time": 0, "distance": 1736, "driving_time": 1660, "preparation_time": 0, "load_before": [0], "load_after": [0]}, {"type": "end", "location_id": "1800054028", "address": {"location_id": "1800054028", "lat": 42.27114836, "lon": -71.08294185}, "arr_time": 1676298005, "arr_date_time": "2023-02-13T09:20:05-05:00", "end_time": 1676298005, "end_date_time": "2023-02-13T09:20:05-05:00", "waiting_time": 0, "distance": 2200, "driving_time": 2105, "preparation_time": 0, "load_before": [0]}]}], "unassigned": {"services": [], "shipments": [], "breaks": [], "details": []}}}