{"copyrights": ["GraphHopper", "OpenStreetMap contributors"], "job_id": "2b8ed9ce-7bce-47d8-9b34-3df3e24ed72e", "status": "finished", "waiting_time_in_queue": 0, "processing_time": 148, "solution": {"costs": 369, "distance": 5588, "time": 5359, "transport_time": 5359, "completion_time": 20959, "max_operation_time": 20959, "waiting_time": 0, "service_duration": 15600, "preparation_time": 0, "no_vehicles": 1, "no_unassigned": 0, "routes": [{"vehicle_id": "my_vehicle", "shift_id": "default-shift", "distance": 5588, "transport_time": 5359, "completion_time": 20959, "waiting_time": 0, "service_duration": 15600, "preparation_time": 0, "activities": [{"type": "start", "location_id": "1400401000", "address": {"location_id": "1400401000", "lat": 42.30945533, "lon": -71.07850878}, "arr_time": 1676278800, "arr_date_time": "2023-02-13T04:00:00-05:00", "end_time": 1676278800, "end_date_time": "2023-02-13T04:00:00-05:00", "waiting_time": 0, "distance": 0, "driving_time": 0, "preparation_time": 0, "load_after": [0]}, {"type": "service", "id": "1400588000_11", "location_id": "1400588000", "address": {"location_id": "1400588000", "lat": 42.30913031, "lon": -71.07886175}, "arr_time": 1676278985, "arr_date_time": "2023-02-13T04:03:05-05:00", "end_time": 1676279285, "end_date_time": "2023-02-13T04:08:05-05:00", "waiting_time": 0, "distance": 193, "driving_time": 185, "preparation_time": 0, "load_before": [0], "load_after": [0]}, {"type": "service", "id": "1400705090_39", "location_id": "1400705090", "address": {"location_id": "1400705090", "lat": 42.30885481, "lon": -71.08049088}, "arr_time": 1676279512, "arr_date_time": "2023-02-13T04:11:52-05:00", "end_time": 1676279812, "end_date_time": "2023-02-13T04:16:52-05:00", "waiting_time": 0, "distance": 429, "driving_time": 412, "preparation_time": 0, "load_before": [0], "load_after": [0]}, {"type": "service", "id": "1400705080_38", "location_id": "1400705080", "address": {"location_id": "1400705080", "lat": 42.30873998, "lon": -71.08038433}, "arr_time": 1676279859, "arr_date_time": "2023-02-13T04:17:39-05:00", "end_time": 1676280159, "end_date_time": "2023-02-13T04:22:39-05:00", "waiting_time": 0, "distance": 478, "driving_time": 459, "preparation_time": 0, "load_before": [0], "load_after": [0]}, {"type": "service", "id": "1400705070_37", "location_id": "1400705070", "address": {"location_id": "1400705070", "lat": 42.30865927, "lon": -71.08025727}, "arr_time": 1676280172, "arr_date_time": "2023-02-13T04:22:52-05:00", "end_time": 1676280472, "end_date_time": "2023-02-13T04:27:52-05:00", "waiting_time": 0, "distance": 492, "driving_time": 472, "preparation_time": 0, "load_before": [0], "load_after": [0]}, {"type": "service", "id": "1400705060_36", "location_id": "1400705060", "address": {"location_id": "1400705060", "lat": 42.30857821, "lon": -71.08013063}, "arr_time": 1676280485, "arr_date_time": "2023-02-13T04:28:05-05:00", "end_time": 1676280785, "end_date_time": "2023-02-13T04:33:05-05:00", "waiting_time": 0, "distance": 506, "driving_time": 485, "preparation_time": 0, "load_before": [0], "load_after": [0]}, {"type": "service", "id": "1400662030_20", "location_id": "1400662030", "address": {"location_id": "1400662030", "lat": 42.30781429, "lon": -71.07975436}, "arr_time": 1676280861, "arr_date_time": "2023-02-13T04:34:21-05:00", "end_time": 1676281161, "end_date_time": "2023-02-13T04:39:21-05:00", "waiting_time": 0, "distance": 586, "driving_time": 561, "preparation_time": 0, "load_before": [0], "load_after": [0]}, {"type": "service", "id": "1400662040_21", "location_id": "1400662040", "address": {"location_id": "1400662040", "lat": 42.30770846, "lon": -71.0796105}, "arr_time": 1676281177, "arr_date_time": "2023-02-13T04:39:37-05:00", "end_time": 1676281477, "end_date_time": "2023-02-13T04:44:37-05:00", "waiting_time": 0, "distance": 603, "driving_time": 577, "preparation_time": 0, "load_before": [0], "load_after": [0]}, {"type": "service", "id": "1400681060_25", "location_id": "1400681060", "address": {"location_id": "1400681060", "lat": 42.30792491, "lon": -71.07915808}, "arr_time": 1676281488, "arr_date_time": "2023-02-13T04:44:48-05:00", "end_time": 1676281788, "end_date_time": "2023-02-13T04:49:48-05:00", "waiting_time": 0, "distance": 615, "driving_time": 588, "preparation_time": 0, "load_before": [0], "load_after": [0]}, {"type": "service", "id": "1400681050_24", "location_id": "1400681050", "address": {"location_id": "1400681050", "lat": 42.30784496, "lon": -71.07903623}, "arr_time": 1676281797, "arr_date_time": "2023-02-13T04:49:57-05:00", "end_time": 1676282097, "end_date_time": "2023-02-13T04:54:57-05:00", "waiting_time": 0, "distance": 624, "driving_time": 597, "preparation_time": 0, "load_before": [0], "load_after": [0]}, {"type": "service", "id": "1400705010_32", "location_id": "1400705010", "address": {"location_id": "1400705010", "lat": 42.30808905, "lon": -71.07940699}, "arr_time": 1676282132, "arr_date_time": "2023-02-13T04:55:32-05:00", "end_time": 1676282432, "end_date_time": "2023-02-13T05:00:32-05:00", "waiting_time": 0, "distance": 661, "driving_time": 632, "preparation_time": 0, "load_before": [0], "load_after": [0]}, {"type": "service", "id": "1400705040_35", "location_id": "1400705040", "address": {"location_id": "1400705040", "lat": 42.30836302, "lon": -71.0797941}, "arr_time": 1676282499, "arr_date_time": "2023-02-13T05:01:39-05:00", "end_time": 1676282799, "end_date_time": "2023-02-13T05:06:39-05:00", "waiting_time": 0, "distance": 730, "driving_time": 699, "preparation_time": 0, "load_before": [0], "load_after": [0]}, {"type": "service", "id": "1400705020_33", "location_id": "1400705020", "address": {"location_id": "1400705020", "lat": 42.30817501, "lon": -71.07952381}, "arr_time": 1676282813, "arr_date_time": "2023-02-13T05:06:53-05:00", "end_time": 1676283113, "end_date_time": "2023-02-13T05:11:53-05:00", "waiting_time": 0, "distance": 745, "driving_time": 713, "preparation_time": 0, "load_before": [0], "load_after": [0]}, {"type": "service", "id": "1400705030_34", "location_id": "1400705030", "address": {"location_id": "1400705030", "lat": 42.30826151, "lon": -71.07964396}, "arr_time": 1676283113, "arr_date_time": "2023-02-13T05:11:53-05:00", "end_time": 1676283413, "end_date_time": "2023-02-13T05:16:53-05:00", "waiting_time": 0, "distance": 745, "driving_time": 713, "preparation_time": 0, "load_before": [0], "load_after": [0]}, {"type": "service", "id": "1400673010_22", "location_id": "1400673010", "address": {"location_id": "1400673010", "lat": 42.30869677, "lon": -71.07972266}, "arr_time": 1676283683, "arr_date_time": "2023-02-13T05:21:23-05:00", "end_time": 1676283983, "end_date_time": "2023-02-13T05:26:23-05:00", "waiting_time": 0, "distance": 1025, "driving_time": 983, "preparation_time": 0, "load_before": [0], "load_after": [0]}, {"type": "service", "id": "1400675000_23", "location_id": "1400675000", "address": {"location_id": "1400675000", "lat": 42.30862924, "lon": -71.07960663}, "arr_time": 1676283995, "arr_date_time": "2023-02-13T05:26:35-05:00", "end_time": 1676284295, "end_date_time": "2023-02-13T05:31:35-05:00", "waiting_time": 0, "distance": 1037, "driving_time": 995, "preparation_time": 0, "load_before": [0], "load_after": [0]}, {"type": "service", "id": "1400598000_12", "location_id": "1400598000", "address": {"location_id": "1400598000", "lat": 42.30846021, "lon": -71.07844955}, "arr_time": 1676284377, "arr_date_time": "2023-02-13T05:32:57-05:00", "end_time": 1676284677, "end_date_time": "2023-02-13T05:37:57-05:00", "waiting_time": 0, "distance": 1123, "driving_time": 1077, "preparation_time": 0, "load_before": [0], "load_after": [0]}, {"type": "service", "id": "1400682050_26", "location_id": "1400682050", "address": {"location_id": "1400682050", "lat": 42.30799343, "lon": -71.07860861}, "arr_time": 1676284699, "arr_date_time": "2023-02-13T05:38:19-05:00", "end_time": 1676284999, "end_date_time": "2023-02-13T05:43:19-05:00", "waiting_time": 0, "distance": 1145, "driving_time": 1099, "preparation_time": 0, "load_before": [0], "load_after": [0]}, {"type": "service", "id": "1400682060_27", "location_id": "1400682060", "address": {"location_id": "1400682060", "lat": 42.30792878, "lon": -71.07850123}, "arr_time": 1676285011, "arr_date_time": "2023-02-13T05:43:31-05:00", "end_time": 1676285311, "end_date_time": "2023-02-13T05:48:31-05:00", "waiting_time": 0, "distance": 1157, "driving_time": 1111, "preparation_time": 0, "load_before": [0], "load_after": [0]}, {"type": "service", "id": "1400638010_18", "location_id": "1400638010", "address": {"location_id": "1400638010", "lat": 42.30815794, "lon": -71.07797353}, "arr_time": 1676285327, "arr_date_time": "2023-02-13T05:48:47-05:00", "end_time": 1676285627, "end_date_time": "2023-02-13T05:53:47-05:00", "waiting_time": 0, "distance": 1174, "driving_time": 1127, "preparation_time": 0, "load_before": [0], "load_after": [0]}, {"type": "service", "id": "1400637010_17", "location_id": "1400637010", "address": {"location_id": "1400637010", "lat": 42.30810236, "lon": -71.0778831}, "arr_time": 1676285636, "arr_date_time": "2023-02-13T05:53:56-05:00", "end_time": 1676285936, "end_date_time": "2023-02-13T05:58:56-05:00", "waiting_time": 0, "distance": 1184, "driving_time": 1136, "preparation_time": 0, "load_before": [0], "load_after": [0]}, {"type": "service", "id": "1400636020_16", "location_id": "1400636020", "address": {"location_id": "1400636020", "lat": 42.30804654, "lon": -71.07779375}, "arr_time": 1676285945, "arr_date_time": "2023-02-13T05:59:05-05:00", "end_time": 1676286245, "end_date_time": "2023-02-13T06:04:05-05:00", "waiting_time": 0, "distance": 1194, "driving_time": 1145, "preparation_time": 0, "load_before": [0], "load_after": [0]}, {"type": "service", "id": "1400685000_28", "location_id": "1400685000", "address": {"location_id": "1400685000", "lat": 42.30770493, "lon": -71.07805644}, "arr_time": 1676286252, "arr_date_time": "2023-02-13T06:04:12-05:00", "end_time": 1676286552, "end_date_time": "2023-02-13T06:09:12-05:00", "waiting_time": 0, "distance": 1202, "driving_time": 1152, "preparation_time": 0, "load_before": [0], "load_after": [0]}, {"type": "service", "id": "1400636010_15", "location_id": "1400636010", "address": {"location_id": "1400636010", "lat": 42.30797059, "lon": -71.07772866}, "arr_time": 1676286553, "arr_date_time": "2023-02-13T06:09:13-05:00", "end_time": 1676286853, "end_date_time": "2023-02-13T06:14:13-05:00", "waiting_time": 0, "distance": 1204, "driving_time": 1153, "preparation_time": 0, "load_before": [0], "load_after": [0]}, {"type": "service", "id": "1400687000_29", "location_id": "1400687000", "address": {"location_id": "1400687000", "lat": 42.30762844, "lon": -71.07793016}, "arr_time": 1676286864, "arr_date_time": "2023-02-13T06:14:24-05:00", "end_time": 1676287164, "end_date_time": "2023-02-13T06:19:24-05:00", "waiting_time": 0, "distance": 1215, "driving_time": 1164, "preparation_time": 0, "load_before": [0], "load_after": [0]}, {"type": "service", "id": "1400688000_30", "location_id": "1400688000", "address": {"location_id": "1400688000", "lat": 42.30751621, "lon": -71.07787325}, "arr_time": 1676287175, "arr_date_time": "2023-02-13T06:19:35-05:00", "end_time": 1676287475, "end_date_time": "2023-02-13T06:24:35-05:00", "waiting_time": 0, "distance": 1227, "driving_time": 1175, "preparation_time": 0, "load_before": [0], "load_after": [0]}, {"type": "service", "id": "1400689000_31", "location_id": "1400689000", "address": {"location_id": "1400689000", "lat": 42.30744408, "lon": -71.07774733}, "arr_time": 1676287487, "arr_date_time": "2023-02-13T06:24:47-05:00", "end_time": 1676287787, "end_date_time": "2023-02-13T06:29:47-05:00", "waiting_time": 0, "distance": 1240, "driving_time": 1187, "preparation_time": 0, "load_before": [0], "load_after": [0]}, {"type": "service", "id": "1400639000_19", "location_id": "1400639000", "address": {"location_id": "1400639000", "lat": 42.30823734, "lon": -71.07807597}, "arr_time": 1676287896, "arr_date_time": "2023-02-13T06:31:36-05:00", "end_time": 1676288196, "end_date_time": "2023-02-13T06:36:36-05:00", "waiting_time": 0, "distance": 1353, "driving_time": 1296, "preparation_time": 0, "load_before": [0], "load_after": [0]}, {"type": "service", "id": "1400618000_13", "location_id": "1400618000", "address": {"location_id": "1400618000", "lat": 42.30813742, "lon": -71.07727786}, "arr_time": 1676288316, "arr_date_time": "2023-02-13T06:38:36-05:00", "end_time": 1676288616, "end_date_time": "2023-02-13T06:43:36-05:00", "waiting_time": 0, "distance": 1478, "driving_time": 1416, "preparation_time": 0, "load_before": [0], "load_after": [0]}, {"type": "service", "id": "1400619000_14", "location_id": "1400619000", "address": {"location_id": "1400619000", "lat": 42.30802226, "lon": -71.07716749}, "arr_time": 1676288631, "arr_date_time": "2023-02-13T06:43:51-05:00", "end_time": 1676288931, "end_date_time": "2023-02-13T06:48:51-05:00", "waiting_time": 0, "distance": 1493, "driving_time": 1431, "preparation_time": 0, "load_before": [0], "load_after": [0]}, {"type": "service", "id": "1400367010_10", "location_id": "1400367010", "address": {"location_id": "1400367010", "lat": 42.30787465, "lon": -71.0761647}, "arr_time": 1676289044, "arr_date_time": "2023-02-13T06:50:44-05:00", "end_time": 1676289344, "end_date_time": "2023-02-13T06:55:44-05:00", "waiting_time": 0, "distance": 1611, "driving_time": 1544, "preparation_time": 0, "load_before": [0], "load_after": [0]}, {"type": "service", "id": "1400367006_09", "location_id": "1400367006", "address": {"location_id": "1400367006", "lat": 42.30814683, "lon": -71.07604093}, "arr_time": 1676289447, "arr_date_time": "2023-02-13T06:57:27-05:00", "end_time": 1676289747, "end_date_time": "2023-02-13T07:02:27-05:00", "waiting_time": 0, "distance": 1719, "driving_time": 1647, "preparation_time": 0, "load_before": [0], "load_after": [0]}, {"type": "service", "id": "1400367002_08", "location_id": "1400367002", "address": {"location_id": "1400367002", "lat": 42.30842886, "lon": -71.0764946}, "arr_time": 1676289793, "arr_date_time": "2023-02-13T07:03:13-05:00", "end_time": 1676290093, "end_date_time": "2023-02-13T07:08:13-05:00", "waiting_time": 0, "distance": 1768, "driving_time": 1693, "preparation_time": 0, "load_before": [0], "load_after": [0]}, {"type": "service", "id": "1400366000_07", "location_id": "1400366000", "address": {"location_id": "1400366000", "lat": 42.30871525, "lon": -71.07618348}, "arr_time": 1676290116, "arr_date_time": "2023-02-13T07:08:36-05:00", "end_time": 1676290416, "end_date_time": "2023-02-13T07:13:36-05:00", "waiting_time": 0, "distance": 1792, "driving_time": 1716, "preparation_time": 0, "load_before": [0], "load_after": [0]}, {"type": "service", "id": "1400365000_06", "location_id": "1400365000", "address": {"location_id": "1400365000", "lat": 42.308632, "lon": -71.07603322}, "arr_time": 1676290431, "arr_date_time": "2023-02-13T07:13:51-05:00", "end_time": 1676290731, "end_date_time": "2023-02-13T07:18:51-05:00", "waiting_time": 0, "distance": 1807, "driving_time": 1731, "preparation_time": 0, "load_before": [0], "load_after": [0]}, {"type": "service", "id": "1400095000_05", "location_id": "1400095000", "address": {"location_id": "1400095000", "lat": 42.30763564, "lon": -71.0753859}, "arr_time": 1676290912, "arr_date_time": "2023-02-13T07:21:52-05:00", "end_time": 1676291212, "end_date_time": "2023-02-13T07:26:52-05:00", "waiting_time": 0, "distance": 1997, "driving_time": 1912, "preparation_time": 0, "load_before": [0], "load_after": [0]}, {"type": "service", "id": "1400073000_03", "location_id": "1400073000", "address": {"location_id": "1400073000", "lat": 42.30644648, "lon": -71.07642338}, "arr_time": 1676291433, "arr_date_time": "2023-02-13T07:30:33-05:00", "end_time": 1676291733, "end_date_time": "2023-02-13T07:35:33-05:00", "waiting_time": 0, "distance": 2228, "driving_time": 2133, "preparation_time": 0, "load_before": [0], "load_after": [0]}, {"type": "service", "id": "1400074000_04", "location_id": "1400074000", "address": {"location_id": "1400074000", "lat": 42.30638949, "lon": -71.07651322}, "arr_time": 1676291743, "arr_date_time": "2023-02-13T07:35:43-05:00", "end_time": 1676292043, "end_date_time": "2023-02-13T07:40:43-05:00", "waiting_time": 0, "distance": 2238, "driving_time": 2143, "preparation_time": 0, "load_before": [0], "load_after": [0]}, {"type": "service", "id": "1400056000_02", "location_id": "1400056000", "address": {"location_id": "1400056000", "lat": 42.3060228, "lon": -71.0762715}, "arr_time": 1676292056, "arr_date_time": "2023-02-13T07:40:56-05:00", "end_time": 1676292356, "end_date_time": "2023-02-13T07:45:56-05:00", "waiting_time": 0, "distance": 2252, "driving_time": 2156, "preparation_time": 0, "load_before": [0], "load_after": [0]}, {"type": "service", "id": "1400049000_01", "location_id": "1400049000", "address": {"location_id": "1400049000", "lat": 42.30559807, "lon": -71.07683599}, "arr_time": 1676292419, "arr_date_time": "2023-02-13T07:46:59-05:00", "end_time": 1676292719, "end_date_time": "2023-02-13T07:51:59-05:00", "waiting_time": 0, "distance": 2318, "driving_time": 2219, "preparation_time": 0, "load_before": [0], "load_after": [0]}, {"type": "service", "id": "1401119000_52", "location_id": "1401119000", "address": {"location_id": "1401119000", "lat": 42.30510249, "lon": -71.07730586}, "arr_time": 1676292829, "arr_date_time": "2023-02-13T07:53:49-05:00", "end_time": 1676293129, "end_date_time": "2023-02-13T07:58:49-05:00", "waiting_time": 0, "distance": 2433, "driving_time": 2329, "preparation_time": 0, "load_before": [0], "load_after": [0]}, {"type": "service", "id": "1400716000_40", "location_id": "1400716000", "address": {"location_id": "1400716000", "lat": 42.30714239, "lon": -71.07887279}, "arr_time": 1676293499, "arr_date_time": "2023-02-13T08:04:59-05:00", "end_time": 1676293799, "end_date_time": "2023-02-13T08:09:59-05:00", "waiting_time": 0, "distance": 2817, "driving_time": 2699, "preparation_time": 0, "load_before": [0], "load_after": [0]}, {"type": "service", "id": "1401100000_51", "location_id": "1401100000", "address": {"location_id": "1401100000", "lat": 42.30417469, "lon": -71.07802799}, "arr_time": 1676294239, "arr_date_time": "2023-02-13T08:17:19-05:00", "end_time": 1676294539, "end_date_time": "2023-02-13T08:22:19-05:00", "waiting_time": 0, "distance": 3275, "driving_time": 3139, "preparation_time": 0, "load_before": [0], "load_after": [0]}, {"type": "service", "id": "1401098000_50", "location_id": "1401098000", "address": {"location_id": "1401098000", "lat": 42.30402654, "lon": -71.07829017}, "arr_time": 1676294560, "arr_date_time": "2023-02-13T08:22:40-05:00", "end_time": 1676294860, "end_date_time": "2023-02-13T08:27:40-05:00", "waiting_time": 0, "distance": 3298, "driving_time": 3160, "preparation_time": 0, "load_before": [0], "load_after": [0]}, {"type": "service", "id": "1401072000_49", "location_id": "1401072000", "address": {"location_id": "1401072000", "lat": 42.30499139, "lon": -71.07937903}, "arr_time": 1676295105, "arr_date_time": "2023-02-13T08:31:45-05:00", "end_time": 1676295405, "end_date_time": "2023-02-13T08:36:45-05:00", "waiting_time": 0, "distance": 3553, "driving_time": 3405, "preparation_time": 0, "load_before": [0], "load_after": [0]}, {"type": "service", "id": "1400846000_44", "location_id": "1400846000", "address": {"location_id": "1400846000", "lat": 42.30503273, "lon": -71.08185544}, "arr_time": 1676295685, "arr_date_time": "2023-02-13T08:41:25-05:00", "end_time": 1676295985, "end_date_time": "2023-02-13T08:46:25-05:00", "waiting_time": 0, "distance": 3844, "driving_time": 3685, "preparation_time": 0, "load_before": [0], "load_after": [0]}, {"type": "service", "id": "1400878000_48", "location_id": "1400878000", "address": {"location_id": "1400878000", "lat": 42.30389054, "lon": -71.08333574}, "arr_time": 1676296160, "arr_date_time": "2023-02-13T08:49:20-05:00", "end_time": 1676296460, "end_date_time": "2023-02-13T08:54:20-05:00", "waiting_time": 0, "distance": 4026, "driving_time": 3860, "preparation_time": 0, "load_before": [0], "load_after": [0]}, {"type": "service", "id": "1400864000_46", "location_id": "1400864000", "address": {"location_id": "1400864000", "lat": 42.30480884, "lon": -71.08293873}, "arr_time": 1676296608, "arr_date_time": "2023-02-13T08:56:48-05:00", "end_time": 1676296908, "end_date_time": "2023-02-13T09:01:48-05:00", "waiting_time": 0, "distance": 4181, "driving_time": 4008, "preparation_time": 0, "load_before": [0], "load_after": [0]}, {"type": "service", "id": "1400868000_47", "location_id": "1400868000", "address": {"location_id": "1400868000", "lat": 42.30518041, "lon": -71.08292591}, "arr_time": 1676297047, "arr_date_time": "2023-02-13T09:04:07-05:00", "end_time": 1676297347, "end_date_time": "2023-02-13T09:09:07-05:00", "waiting_time": 0, "distance": 4325, "driving_time": 4147, "preparation_time": 0, "load_before": [0], "load_after": [0]}, {"type": "service", "id": "1400803000_42", "location_id": "1400803000", "address": {"location_id": "1400803000", "lat": 42.30652222, "lon": -71.08329555}, "arr_time": 1676297508, "arr_date_time": "2023-02-13T09:11:48-05:00", "end_time": 1676297808, "end_date_time": "2023-02-13T09:16:48-05:00", "waiting_time": 0, "distance": 4493, "driving_time": 4308, "preparation_time": 0, "load_before": [0], "load_after": [0]}, {"type": "service", "id": "1400858000_45", "location_id": "1400858000", "address": {"location_id": "1400858000", "lat": 42.30555094, "lon": -71.08211237}, "arr_time": 1676297944, "arr_date_time": "2023-02-13T09:19:04-05:00", "end_time": 1676298244, "end_date_time": "2023-02-13T09:24:04-05:00", "waiting_time": 0, "distance": 4635, "driving_time": 4444, "preparation_time": 0, "load_before": [0], "load_after": [0]}, {"type": "service", "id": "1400840000_43", "location_id": "1400840000", "address": {"location_id": "1400840000", "lat": 42.30638879, "lon": -71.08231564}, "arr_time": 1676298361, "arr_date_time": "2023-02-13T09:26:01-05:00", "end_time": 1676298661, "end_date_time": "2023-02-13T09:31:01-05:00", "waiting_time": 0, "distance": 4757, "driving_time": 4561, "preparation_time": 0, "load_before": [0], "load_after": [0]}, {"type": "service", "id": "1400745000_41", "location_id": "1400745000", "address": {"location_id": "1400745000", "lat": 42.30772114, "lon": -71.08157962}, "arr_time": 1676298816, "arr_date_time": "2023-02-13T09:33:36-05:00", "end_time": 1676299116, "end_date_time": "2023-02-13T09:38:36-05:00", "waiting_time": 0, "distance": 4918, "driving_time": 4716, "preparation_time": 0, "load_before": [0], "load_after": [0]}, {"type": "end", "location_id": "1400401000", "address": {"location_id": "1400401000", "lat": 42.30945533, "lon": -71.07850878}, "arr_time": 1676299759, "arr_date_time": "2023-02-13T09:49:19-05:00", "end_time": 1676299759, "end_date_time": "2023-02-13T09:49:19-05:00", "waiting_time": 0, "distance": 5588, "driving_time": 5359, "preparation_time": 0, "load_before": [0]}]}], "unassigned": {"services": [], "shipments": [], "breaks": [], "details": []}}}