{"copyrights": ["GraphHopper", "OpenStreetMap contributors"], "job_id": "6d51759c-31b1-45bd-808a-fbac7f966f18", "status": "finished", "waiting_time_in_queue": 0, "processing_time": 102, "solution": {"costs": 327, "distance": 2062, "time": 1980, "transport_time": 1980, "completion_time": 15780, "max_operation_time": 15780, "waiting_time": 0, "service_duration": 13800, "preparation_time": 0, "no_vehicles": 1, "no_unassigned": 0, "routes": [{"vehicle_id": "my_vehicle", "shift_id": "default-shift", "distance": 2062, "transport_time": 1980, "completion_time": 15780, "waiting_time": 0, "service_duration": 13800, "preparation_time": 0, "activities": [{"type": "start", "location_id": "1801045000", "address": {"location_id": "1801045000", "lat": 42.27204953, "lon": -71.09448104}, "arr_time": 1676278800, "arr_date_time": "2023-02-13T04:00:00-05:00", "end_time": 1676278800, "end_date_time": "2023-02-13T04:00:00-05:00", "waiting_time": 0, "distance": 0, "driving_time": 0, "preparation_time": 0, "load_after": [0]}, {"type": "service", "id": "1801047000_02", "location_id": "1801047000", "address": {"location_id": "1801047000", "lat": 42.27186538, "lon": -71.09438765}, "arr_time": 1676278812, "arr_date_time": "2023-02-13T04:00:12-05:00", "end_time": 1676279112, "end_date_time": "2023-02-13T04:05:12-05:00", "waiting_time": 0, "distance": 13, "driving_time": 12, "preparation_time": 0, "load_before": [0], "load_after": [0]}, {"type": "service", "id": "1801046000_01", "location_id": "1801046000", "address": {"location_id": "1801046000", "lat": 42.27189894, "lon": -71.0946002}, "arr_time": 1676279119, "arr_date_time": "2023-02-13T04:05:19-05:00", "end_time": 1676279419, "end_date_time": "2023-02-13T04:10:19-05:00", "waiting_time": 0, "distance": 20, "driving_time": 19, "preparation_time": 0, "load_before": [0], "load_after": [0]}, {"type": "service", "id": "1801074000_09", "location_id": "1801074000", "address": {"location_id": "1801074000", "lat": 42.27132759, "lon": -71.09478122}, "arr_time": 1676279475, "arr_date_time": "2023-02-13T04:11:15-05:00", "end_time": 1676279775, "end_date_time": "2023-02-13T04:16:15-05:00", "waiting_time": 0, "distance": 78, "driving_time": 75, "preparation_time": 0, "load_before": [0], "load_after": [0]}, {"type": "service", "id": "1801052000_03", "location_id": "1801052000", "address": {"location_id": "1801052000", "lat": 42.27153245, "lon": -71.09515747}, "arr_time": 1676279780, "arr_date_time": "2023-02-13T04:16:20-05:00", "end_time": 1676280080, "end_date_time": "2023-02-13T04:21:20-05:00", "waiting_time": 0, "distance": 83, "driving_time": 80, "preparation_time": 0, "load_before": [0], "load_after": [0]}, {"type": "service", "id": "1801073020_08", "location_id": "1801073020", "address": {"location_id": "1801073020", "lat": 42.2712549, "lon": -71.09499477}, "arr_time": 1676280092, "arr_date_time": "2023-02-13T04:21:32-05:00", "end_time": 1676280392, "end_date_time": "2023-02-13T04:26:32-05:00", "waiting_time": 0, "distance": 96, "driving_time": 92, "preparation_time": 0, "load_before": [0], "load_after": [0]}, {"type": "service", "id": "1801053000_04", "location_id": "1801053000", "address": {"location_id": "1801053000", "lat": 42.27138333, "lon": -71.0953681}, "arr_time": 1676280403, "arr_date_time": "2023-02-13T04:26:43-05:00", "end_time": 1676280703, "end_date_time": "2023-02-13T04:31:43-05:00", "waiting_time": 0, "distance": 107, "driving_time": 103, "preparation_time": 0, "load_before": [0], "load_after": [0]}, {"type": "service", "id": "1801073010_07", "location_id": "1801073010", "address": {"location_id": "1801073010", "lat": 42.27114645, "lon": -71.09511917}, "arr_time": 1676280735, "arr_date_time": "2023-02-13T04:32:15-05:00", "end_time": 1676281035, "end_date_time": "2023-02-13T04:37:15-05:00", "waiting_time": 0, "distance": 140, "driving_time": 135, "preparation_time": 0, "load_before": [0], "load_after": [0]}, {"type": "service", "id": "1801077000_11", "location_id": "1801077000", "address": {"location_id": "1801077000", "lat": 42.27070946, "lon": -71.09487744}, "arr_time": 1676281077, "arr_date_time": "2023-02-13T04:37:57-05:00", "end_time": 1676281377, "end_date_time": "2023-02-13T04:42:57-05:00", "waiting_time": 0, "distance": 184, "driving_time": 177, "preparation_time": 0, "load_before": [0], "load_after": [0]}, {"type": "service", "id": "1801076000_10", "location_id": "1801076000", "address": {"location_id": "1801076000", "lat": 42.27078775, "lon": -71.09480056}, "arr_time": 1676281377, "arr_date_time": "2023-02-13T04:42:57-05:00", "end_time": 1676281677, "end_date_time": "2023-02-13T04:47:57-05:00", "waiting_time": 0, "distance": 184, "driving_time": 177, "preparation_time": 0, "load_before": [0], "load_after": [0]}, {"type": "service", "id": "1801078000_12", "location_id": "1801078000", "address": {"location_id": "1801078000", "lat": 42.27059968, "lon": -71.09498294}, "arr_time": 1676281735, "arr_date_time": "2023-02-13T04:48:55-05:00", "end_time": 1676282035, "end_date_time": "2023-02-13T04:53:55-05:00", "waiting_time": 0, "distance": 244, "driving_time": 235, "preparation_time": 0, "load_before": [0], "load_after": [0]}, {"type": "service", "id": "1801114000_18", "location_id": "1801114000", "address": {"location_id": "1801114000", "lat": 42.27025585, "lon": -71.09456735}, "arr_time": 1676282045, "arr_date_time": "2023-02-13T04:54:05-05:00", "end_time": 1676282345, "end_date_time": "2023-02-13T04:59:05-05:00", "waiting_time": 0, "distance": 255, "driving_time": 245, "preparation_time": 0, "load_before": [0], "load_after": [0]}, {"type": "service", "id": "1801080000_13", "location_id": "1801080000", "address": {"location_id": "1801080000", "lat": 42.27037246, "lon": -71.09520401}, "arr_time": 1676282365, "arr_date_time": "2023-02-13T04:59:25-05:00", "end_time": 1676282665, "end_date_time": "2023-02-13T05:04:25-05:00", "waiting_time": 0, "distance": 275, "driving_time": 265, "preparation_time": 0, "load_before": [0], "load_after": [0]}, {"type": "service", "id": "1801081000_14", "location_id": "1801081000", "address": {"location_id": "1801081000", "lat": 42.27026473, "lon": -71.09530849}, "arr_time": 1676282680, "arr_date_time": "2023-02-13T05:04:40-05:00", "end_time": 1676282980, "end_date_time": "2023-02-13T05:09:40-05:00", "waiting_time": 0, "distance": 290, "driving_time": 280, "preparation_time": 0, "load_before": [0], "load_after": [0]}, {"type": "service", "id": "1801082000_15", "location_id": "1801082000", "address": {"location_id": "1801082000", "lat": 42.27015251, "lon": -71.09541723}, "arr_time": 1676282995, "arr_date_time": "2023-02-13T05:09:55-05:00", "end_time": 1676283295, "end_date_time": "2023-02-13T05:14:55-05:00", "waiting_time": 0, "distance": 305, "driving_time": 295, "preparation_time": 0, "load_before": [0], "load_after": [0]}, {"type": "service", "id": "1801083000_16", "location_id": "1801083000", "address": {"location_id": "1801083000", "lat": 42.27004232, "lon": -71.09552491}, "arr_time": 1676283309, "arr_date_time": "2023-02-13T05:15:09-05:00", "end_time": 1676283609, "end_date_time": "2023-02-13T05:20:09-05:00", "waiting_time": 0, "distance": 320, "driving_time": 309, "preparation_time": 0, "load_before": [0], "load_after": [0]}, {"type": "service", "id": "1801088000_17", "location_id": "1801088000", "address": {"location_id": "1801088000", "lat": 42.26947585, "lon": -71.09602826}, "arr_time": 1676283681, "arr_date_time": "2023-02-13T05:21:21-05:00", "end_time": 1676283981, "end_date_time": "2023-02-13T05:26:21-05:00", "waiting_time": 0, "distance": 395, "driving_time": 381, "preparation_time": 0, "load_before": [0], "load_after": [0]}, {"type": "service", "id": "1801055000_05", "location_id": "1801055000", "address": {"location_id": "1801055000", "lat": 42.2703822, "lon": -71.09642189}, "arr_time": 1676284205, "arr_date_time": "2023-02-13T05:30:05-05:00", "end_time": 1676284505, "end_date_time": "2023-02-13T05:35:05-05:00", "waiting_time": 0, "distance": 629, "driving_time": 605, "preparation_time": 0, "load_before": [0], "load_after": [0]}, {"type": "service", "id": "1801056000_06", "location_id": "1801056000", "address": {"location_id": "1801056000", "lat": 42.27029314, "lon": -71.0965093}, "arr_time": 1676284547, "arr_date_time": "2023-02-13T05:35:47-05:00", "end_time": 1676284847, "end_date_time": "2023-02-13T05:40:47-05:00", "waiting_time": 0, "distance": 672, "driving_time": 647, "preparation_time": 0, "load_before": [0], "load_after": [0]}, {"type": "service", "id": "1801802043_34", "location_id": "1801802043", "address": {"location_id": "1801802043", "lat": 42.26923654, "lon": -71.0975639}, "arr_time": 1676285036, "arr_date_time": "2023-02-13T05:43:56-05:00", "end_time": 1676285336, "end_date_time": "2023-02-13T05:48:56-05:00", "waiting_time": 0, "distance": 869, "driving_time": 836, "preparation_time": 0, "load_before": [0], "load_after": [0]}, {"type": "service", "id": "1801802042_33", "location_id": "1801802042", "address": {"location_id": "1801802042", "lat": 42.26915367, "lon": -71.09765273}, "arr_time": 1676285347, "arr_date_time": "2023-02-13T05:49:07-05:00", "end_time": 1676285647, "end_date_time": "2023-02-13T05:54:07-05:00", "waiting_time": 0, "distance": 881, "driving_time": 847, "preparation_time": 0, "load_before": [0], "load_after": [0]}, {"type": "service", "id": "1801802041_32", "location_id": "1801802041", "address": {"location_id": "1801802041", "lat": 42.26906953, "lon": -71.09773725}, "arr_time": 1676285657, "arr_date_time": "2023-02-13T05:54:17-05:00", "end_time": 1676285957, "end_date_time": "2023-02-13T05:59:17-05:00", "waiting_time": 0, "distance": 893, "driving_time": 857, "preparation_time": 0, "load_before": [0], "load_after": [0]}, {"type": "service", "id": "1801802040_31", "location_id": "1801802040", "address": {"location_id": "1801802040", "lat": 42.26899005, "lon": -71.09782416}, "arr_time": 1676285968, "arr_date_time": "2023-02-13T05:59:28-05:00", "end_time": 1676286268, "end_date_time": "2023-02-13T06:04:28-05:00", "waiting_time": 0, "distance": 904, "driving_time": 868, "preparation_time": 0, "load_before": [0], "load_after": [0]}, {"type": "service", "id": "1801802039_30", "location_id": "1801802039", "address": {"location_id": "1801802039", "lat": 42.26889707, "lon": -71.09791509}, "arr_time": 1676286280, "arr_date_time": "2023-02-13T06:04:40-05:00", "end_time": 1676286580, "end_date_time": "2023-02-13T06:09:40-05:00", "waiting_time": 0, "distance": 917, "driving_time": 880, "preparation_time": 0, "load_before": [0], "load_after": [0]}, {"type": "service", "id": "1801810000_35", "location_id": "1801810000", "address": {"location_id": "1801810000", "lat": 42.26912559, "lon": -71.09838858}, "arr_time": 1676286584, "arr_date_time": "2023-02-13T06:09:44-05:00", "end_time": 1676286884, "end_date_time": "2023-02-13T06:14:44-05:00", "waiting_time": 0, "distance": 921, "driving_time": 884, "preparation_time": 0, "load_before": [0], "load_after": [0]}, {"type": "service", "id": "1801812000_36", "location_id": "1801812000", "address": {"location_id": "1801812000", "lat": 42.26895803, "lon": -71.0985617}, "arr_time": 1676286907, "arr_date_time": "2023-02-13T06:15:07-05:00", "end_time": 1676287207, "end_date_time": "2023-02-13T06:20:07-05:00", "waiting_time": 0, "distance": 944, "driving_time": 907, "preparation_time": 0, "load_before": [0], "load_after": [0]}, {"type": "service", "id": "1801802036_29", "location_id": "1801802036", "address": {"location_id": "1801802036", "lat": 42.2686357, "lon": -71.09818475}, "arr_time": 1676287215, "arr_date_time": "2023-02-13T06:20:15-05:00", "end_time": 1676287515, "end_date_time": "2023-02-13T06:25:15-05:00", "waiting_time": 0, "distance": 953, "driving_time": 915, "preparation_time": 0, "load_before": [0], "load_after": [0]}, {"type": "service", "id": "1801813000_37", "location_id": "1801813000", "address": {"location_id": "1801813000", "lat": 42.26886388, "lon": -71.09862644}, "arr_time": 1676287517, "arr_date_time": "2023-02-13T06:25:17-05:00", "end_time": 1676287817, "end_date_time": "2023-02-13T06:30:17-05:00", "waiting_time": 0, "distance": 956, "driving_time": 917, "preparation_time": 0, "load_before": [0], "load_after": [0]}, {"type": "service", "id": "1801802035_28", "location_id": "1801802035", "address": {"location_id": "1801802035", "lat": 42.26855036, "lon": -71.09827113}, "arr_time": 1676287827, "arr_date_time": "2023-02-13T06:30:27-05:00", "end_time": 1676288127, "end_date_time": "2023-02-13T06:35:27-05:00", "waiting_time": 0, "distance": 965, "driving_time": 927, "preparation_time": 0, "load_before": [0], "load_after": [0]}, {"type": "service", "id": "1801802032_27", "location_id": "1801802032", "address": {"location_id": "1801802032", "lat": 42.2682212, "lon": -71.09862601}, "arr_time": 1676288172, "arr_date_time": "2023-02-13T06:36:12-05:00", "end_time": 1676288472, "end_date_time": "2023-02-13T06:41:12-05:00", "waiting_time": 0, "distance": 1012, "driving_time": 972, "preparation_time": 0, "load_before": [0], "load_after": [0]}, {"type": "service", "id": "1801802031_26", "location_id": "1801802031", "address": {"location_id": "1801802031", "lat": 42.26813055, "lon": -71.0987257}, "arr_time": 1676288484, "arr_date_time": "2023-02-13T06:41:24-05:00", "end_time": 1676288784, "end_date_time": "2023-02-13T06:46:24-05:00", "waiting_time": 0, "distance": 1025, "driving_time": 984, "preparation_time": 0, "load_before": [0], "load_after": [0]}, {"type": "service", "id": "1801821000_38", "location_id": "1801821000", "address": {"location_id": "1801821000", "lat": 42.268187, "lon": -71.09938722}, "arr_time": 1676288812, "arr_date_time": "2023-02-13T06:46:52-05:00", "end_time": 1676289112, "end_date_time": "2023-02-13T06:51:52-05:00", "waiting_time": 0, "distance": 1054, "driving_time": 1012, "preparation_time": 0, "load_before": [0], "load_after": [0]}, {"type": "service", "id": "1801802028_25", "location_id": "1801802028", "address": {"location_id": "1801802028", "lat": 42.26786991, "lon": -71.09902051}, "arr_time": 1676289120, "arr_date_time": "2023-02-13T06:52:00-05:00", "end_time": 1676289420, "end_date_time": "2023-02-13T06:57:00-05:00", "waiting_time": 0, "distance": 1063, "driving_time": 1020, "preparation_time": 0, "load_before": [0], "load_after": [0]}, {"type": "service", "id": "1801824000_39", "location_id": "1801824000", "address": {"location_id": "1801824000", "lat": 42.26792421, "lon": -71.09967148}, "arr_time": 1676289448, "arr_date_time": "2023-02-13T06:57:28-05:00", "end_time": 1676289748, "end_date_time": "2023-02-13T07:02:28-05:00", "waiting_time": 0, "distance": 1092, "driving_time": 1048, "preparation_time": 0, "load_before": [0], "load_after": [0]}, {"type": "service", "id": "1801802024_24", "location_id": "1801802024", "address": {"location_id": "1801802024", "lat": 42.26752077, "lon": -71.09940246}, "arr_time": 1676289768, "arr_date_time": "2023-02-13T07:02:48-05:00", "end_time": 1676290068, "end_date_time": "2023-02-13T07:07:48-05:00", "waiting_time": 0, "distance": 1113, "driving_time": 1068, "preparation_time": 0, "load_before": [0], "load_after": [0]}, {"type": "service", "id": "1801826000_40", "location_id": "1801826000", "address": {"location_id": "1801826000", "lat": 42.26775546, "lon": -71.09984802}, "arr_time": 1676290071, "arr_date_time": "2023-02-13T07:07:51-05:00", "end_time": 1676290371, "end_date_time": "2023-02-13T07:12:51-05:00", "waiting_time": 0, "distance": 1115, "driving_time": 1071, "preparation_time": 0, "load_before": [0], "load_after": [0]}, {"type": "service", "id": "1801802023_23", "location_id": "1801802023", "address": {"location_id": "1801802023", "lat": 42.26744337, "lon": -71.09950372}, "arr_time": 1676290380, "arr_date_time": "2023-02-13T07:13:00-05:00", "end_time": 1676290680, "end_date_time": "2023-02-13T07:18:00-05:00", "waiting_time": 0, "distance": 1125, "driving_time": 1080, "preparation_time": 0, "load_before": [0], "load_after": [0]}, {"type": "service", "id": "1801827000_41", "location_id": "1801827000", "address": {"location_id": "1801827000", "lat": 42.26766591, "lon": -71.09994669}, "arr_time": 1676290683, "arr_date_time": "2023-02-13T07:18:03-05:00", "end_time": 1676290983, "end_date_time": "2023-02-13T07:23:03-05:00", "waiting_time": 0, "distance": 1128, "driving_time": 1083, "preparation_time": 0, "load_before": [0], "load_after": [0]}, {"type": "service", "id": "1801802022_22", "location_id": "1801802022", "address": {"location_id": "1801802022", "lat": 42.26735513, "lon": -71.09959811}, "arr_time": 1676290992, "arr_date_time": "2023-02-13T07:23:12-05:00", "end_time": 1676291292, "end_date_time": "2023-02-13T07:28:12-05:00", "waiting_time": 0, "distance": 1137, "driving_time": 1092, "preparation_time": 0, "load_before": [0], "load_after": [0]}, {"type": "service", "id": "1801828000_42", "location_id": "1801828000", "address": {"location_id": "1801828000", "lat": 42.26757534, "lon": -71.10004423}, "arr_time": 1676291296, "arr_date_time": "2023-02-13T07:28:16-05:00", "end_time": 1676291596, "end_date_time": "2023-02-13T07:33:16-05:00", "waiting_time": 0, "distance": 1141, "driving_time": 1096, "preparation_time": 0, "load_before": [0], "load_after": [0]}, {"type": "service", "id": "1801802021_21", "location_id": "1801802021", "address": {"location_id": "1801802021", "lat": 42.26726499, "lon": -71.09969587}, "arr_time": 1676291605, "arr_date_time": "2023-02-13T07:33:25-05:00", "end_time": 1676291905, "end_date_time": "2023-02-13T07:38:25-05:00", "waiting_time": 0, "distance": 1150, "driving_time": 1105, "preparation_time": 0, "load_before": [0], "load_after": [0]}, {"type": "service", "id": "1801831000_43", "location_id": "1801831000", "address": {"location_id": "1801831000", "lat": 42.26730249, "lon": -71.10033076}, "arr_time": 1676291933, "arr_date_time": "2023-02-13T07:38:53-05:00", "end_time": 1676292233, "end_date_time": "2023-02-13T07:43:53-05:00", "waiting_time": 0, "distance": 1179, "driving_time": 1133, "preparation_time": 0, "load_before": [0], "load_after": [0]}, {"type": "service", "id": "1801802018_20", "location_id": "1801802018", "address": {"location_id": "1801802018", "lat": 42.26698812, "lon": -71.09999151}, "arr_time": 1676292243, "arr_date_time": "2023-02-13T07:44:03-05:00", "end_time": 1676292543, "end_date_time": "2023-02-13T07:49:03-05:00", "waiting_time": 0, "distance": 1189, "driving_time": 1143, "preparation_time": 0, "load_before": [0], "load_after": [0]}, {"type": "service", "id": "1801832000_44", "location_id": "1801832000", "address": {"location_id": "1801832000", "lat": 42.26719026, "lon": -71.10045522}, "arr_time": 1676292548, "arr_date_time": "2023-02-13T07:49:08-05:00", "end_time": 1676292848, "end_date_time": "2023-02-13T07:54:08-05:00", "waiting_time": 0, "distance": 1195, "driving_time": 1148, "preparation_time": 0, "load_before": [0], "load_after": [0]}, {"type": "service", "id": "1801833000_45", "location_id": "1801833000", "address": {"location_id": "1801833000", "lat": 42.26704961, "lon": -71.1006009}, "arr_time": 1676292867, "arr_date_time": "2023-02-13T07:54:27-05:00", "end_time": 1676293167, "end_date_time": "2023-02-13T07:59:27-05:00", "waiting_time": 0, "distance": 1215, "driving_time": 1167, "preparation_time": 0, "load_before": [0], "load_after": [0]}, {"type": "service", "id": "1801834000_46", "location_id": "1801834000", "address": {"location_id": "1801834000", "lat": 42.26692608, "lon": -71.10074186}, "arr_time": 1676293184, "arr_date_time": "2023-02-13T07:59:44-05:00", "end_time": 1676293484, "end_date_time": "2023-02-13T08:04:44-05:00", "waiting_time": 0, "distance": 1233, "driving_time": 1184, "preparation_time": 0, "load_before": [0], "load_after": [0]}, {"type": "service", "id": "1801802014_19", "location_id": "1801802014", "address": {"location_id": "1801802014", "lat": 42.26661524, "lon": -71.10038728}, "arr_time": 1676293492, "arr_date_time": "2023-02-13T08:04:52-05:00", "end_time": 1676293792, "end_date_time": "2023-02-13T08:09:52-05:00", "waiting_time": 0, "distance": 1242, "driving_time": 1192, "preparation_time": 0, "load_before": [0], "load_after": [0]}, {"type": "end", "location_id": "1801045000", "address": {"location_id": "1801045000", "lat": 42.27204953, "lon": -71.09448104}, "arr_time": 1676294580, "arr_date_time": "2023-02-13T08:23:00-05:00", "end_time": 1676294580, "end_date_time": "2023-02-13T08:23:00-05:00", "waiting_time": 0, "distance": 2062, "driving_time": 1980, "preparation_time": 0, "load_before": [0]}]}], "unassigned": {"services": [], "shipments": [], "breaks": [], "details": []}}}