{"copyrights": ["GraphHopper", "OpenStreetMap contributors"], "job_id": "4d1ad625-5a46-4b1f-a603-4c8c654409b9", "status": "finished", "waiting_time_in_queue": 0, "processing_time": 144, "solution": {"costs": 374, "distance": 2013, "time": 1929, "transport_time": 1929, "completion_time": 21729, "max_operation_time": 21729, "waiting_time": 0, "service_duration": 19800, "preparation_time": 0, "no_vehicles": 1, "no_unassigned": 0, "routes": [{"vehicle_id": "my_vehicle", "shift_id": "default-shift", "distance": 2013, "transport_time": 1929, "completion_time": 21729, "waiting_time": 0, "service_duration": 19800, "preparation_time": 0, "activities": [{"type": "start", "location_id": "1703922000", "address": {"location_id": "1703922000", "lat": 42.27695678, "lon": -71.07717551}, "arr_time": 1676278800, "arr_date_time": "2023-02-13T04:00:00-05:00", "end_time": 1676278800, "end_date_time": "2023-02-13T04:00:00-05:00", "waiting_time": 0, "distance": 0, "driving_time": 0, "preparation_time": 0, "load_after": [0]}, {"type": "service", "id": "1703935000_11", "location_id": "1703935000", "address": {"location_id": "1703935000", "lat": 42.27678651, "lon": -71.07679444}, "arr_time": 1676278801, "arr_date_time": "2023-02-13T04:00:01-05:00", "end_time": 1676279101, "end_date_time": "2023-02-13T04:05:01-05:00", "waiting_time": 0, "distance": 1, "driving_time": 1, "preparation_time": 0, "load_before": [0], "load_after": [0]}, {"type": "service", "id": "1703934000_10", "location_id": "1703934000", "address": {"location_id": "1703934000", "lat": 42.27665204, "lon": -71.07690078}, "arr_time": 1676279117, "arr_date_time": "2023-02-13T04:05:17-05:00", "end_time": 1676279417, "end_date_time": "2023-02-13T04:10:17-05:00", "waiting_time": 0, "distance": 18, "driving_time": 17, "preparation_time": 0, "load_before": [0], "load_after": [0]}, {"type": "service", "id": "1703924000_01", "location_id": "1703924000", "address": {"location_id": "1703924000", "lat": 42.27667484, "lon": -71.07739786}, "arr_time": 1676279435, "arr_date_time": "2023-02-13T04:10:35-05:00", "end_time": 1676279735, "end_date_time": "2023-02-13T04:15:35-05:00", "waiting_time": 0, "distance": 36, "driving_time": 35, "preparation_time": 0, "load_before": [0], "load_after": [0]}, {"type": "service", "id": "1703925000_02", "location_id": "1703925000", "address": {"location_id": "1703925000", "lat": 42.27653046, "lon": -71.07751183}, "arr_time": 1676279752, "arr_date_time": "2023-02-13T04:15:52-05:00", "end_time": 1676280052, "end_date_time": "2023-02-13T04:20:52-05:00", "waiting_time": 0, "distance": 55, "driving_time": 52, "preparation_time": 0, "load_before": [0], "load_after": [0]}, {"type": "service", "id": "1703932000_09", "location_id": "1703932000", "address": {"location_id": "1703932000", "lat": 42.27636336, "lon": -71.07712825}, "arr_time": 1676280052, "arr_date_time": "2023-02-13T04:20:52-05:00", "end_time": 1676280352, "end_date_time": "2023-02-13T04:25:52-05:00", "waiting_time": 0, "distance": 55, "driving_time": 52, "preparation_time": 0, "load_before": [0], "load_after": [0]}, {"type": "service", "id": "1703931000_08", "location_id": "1703931000", "address": {"location_id": "1703931000", "lat": 42.27622451, "lon": -71.07723803}, "arr_time": 1676280369, "arr_date_time": "2023-02-13T04:26:09-05:00", "end_time": 1676280669, "end_date_time": "2023-02-13T04:31:09-05:00", "waiting_time": 0, "distance": 73, "driving_time": 69, "preparation_time": 0, "load_before": [0], "load_after": [0]}, {"type": "service", "id": "1703926000_03", "location_id": "1703926000", "address": {"location_id": "1703926000", "lat": 42.27638571, "lon": -71.07762608}, "arr_time": 1676280669, "arr_date_time": "2023-02-13T04:31:09-05:00", "end_time": 1676280969, "end_date_time": "2023-02-13T04:36:09-05:00", "waiting_time": 0, "distance": 73, "driving_time": 69, "preparation_time": 0, "load_before": [0], "load_after": [0]}, {"type": "service", "id": "1703927000_04", "location_id": "1703927000", "address": {"location_id": "1703927000", "lat": 42.27624828, "lon": -71.07773451}, "arr_time": 1676280987, "arr_date_time": "2023-02-13T04:36:27-05:00", "end_time": 1676281287, "end_date_time": "2023-02-13T04:41:27-05:00", "waiting_time": 0, "distance": 91, "driving_time": 87, "preparation_time": 0, "load_before": [0], "load_after": [0]}, {"type": "service", "id": "1703930000_07", "location_id": "1703930000", "address": {"location_id": "1703930000", "lat": 42.27608154, "lon": -71.07735188}, "arr_time": 1676281287, "arr_date_time": "2023-02-13T04:41:27-05:00", "end_time": 1676281587, "end_date_time": "2023-02-13T04:46:27-05:00", "waiting_time": 0, "distance": 91, "driving_time": 87, "preparation_time": 0, "load_before": [0], "load_after": [0]}, {"type": "service", "id": "1703928000_05", "location_id": "1703928000", "address": {"location_id": "1703928000", "lat": 42.27611084, "lon": -71.07784265}, "arr_time": 1676281603, "arr_date_time": "2023-02-13T04:46:43-05:00", "end_time": 1676281903, "end_date_time": "2023-02-13T04:51:43-05:00", "waiting_time": 0, "distance": 108, "driving_time": 103, "preparation_time": 0, "load_before": [0], "load_after": [0]}, {"type": "service", "id": "1703929000_06", "location_id": "1703929000", "address": {"location_id": "1703929000", "lat": 42.27594453, "lon": -71.07746031}, "arr_time": 1676281903, "arr_date_time": "2023-02-13T04:51:43-05:00", "end_time": 1676282203, "end_date_time": "2023-02-13T04:56:43-05:00", "waiting_time": 0, "distance": 108, "driving_time": 103, "preparation_time": 0, "load_before": [0], "load_after": [0]}, {"type": "service", "id": "1703945000_21", "location_id": "1703945000", "address": {"location_id": "1703945000", "lat": 42.27647997, "lon": -71.07630174}, "arr_time": 1676282393, "arr_date_time": "2023-02-13T04:59:53-05:00", "end_time": 1676282693, "end_date_time": "2023-02-13T05:04:53-05:00", "waiting_time": 0, "distance": 307, "driving_time": 293, "preparation_time": 0, "load_before": [0], "load_after": [0]}, {"type": "service", "id": "1703946000_22", "location_id": "1703946000", "address": {"location_id": "1703946000", "lat": 42.27641087, "lon": -71.07612684}, "arr_time": 1676282709, "arr_date_time": "2023-02-13T05:05:09-05:00", "end_time": 1676283009, "end_date_time": "2023-02-13T05:10:09-05:00", "waiting_time": 0, "distance": 323, "driving_time": 309, "preparation_time": 0, "load_before": [0], "load_after": [0]}, {"type": "service", "id": "1703947000_23", "location_id": "1703947000", "address": {"location_id": "1703947000", "lat": 42.2763417, "lon": -71.0759453}, "arr_time": 1676283025, "arr_date_time": "2023-02-13T05:10:25-05:00", "end_time": 1676283325, "end_date_time": "2023-02-13T05:15:25-05:00", "waiting_time": 0, "distance": 340, "driving_time": 325, "preparation_time": 0, "load_before": [0], "load_after": [0]}, {"type": "service", "id": "1703948000_24", "location_id": "1703948000", "address": {"location_id": "1703948000", "lat": 42.27618233, "lon": -71.07583997}, "arr_time": 1676283340, "arr_date_time": "2023-02-13T05:15:40-05:00", "end_time": 1676283640, "end_date_time": "2023-02-13T05:20:40-05:00", "waiting_time": 0, "distance": 356, "driving_time": 340, "preparation_time": 0, "load_before": [0], "load_after": [0]}, {"type": "service", "id": "1703949000_25", "location_id": "1703949000", "address": {"location_id": "1703949000", "lat": 42.27621058, "lon": -71.07561492}, "arr_time": 1676283655, "arr_date_time": "2023-02-13T05:20:55-05:00", "end_time": 1676283955, "end_date_time": "2023-02-13T05:25:55-05:00", "waiting_time": 0, "distance": 371, "driving_time": 355, "preparation_time": 0, "load_before": [0], "load_after": [0]}, {"type": "service", "id": "1703950000_26", "location_id": "1703950000", "address": {"location_id": "1703950000", "lat": 42.27617816, "lon": -71.07543083}, "arr_time": 1676283969, "arr_date_time": "2023-02-13T05:26:09-05:00", "end_time": 1676284269, "end_date_time": "2023-02-13T05:31:09-05:00", "waiting_time": 0, "distance": 386, "driving_time": 369, "preparation_time": 0, "load_before": [0], "load_after": [0]}, {"type": "service", "id": "1703951000_27", "location_id": "1703951000", "address": {"location_id": "1703951000", "lat": 42.27611435, "lon": -71.07526256}, "arr_time": 1676284325, "arr_date_time": "2023-02-13T05:32:05-05:00", "end_time": 1676284625, "end_date_time": "2023-02-13T05:37:05-05:00", "waiting_time": 0, "distance": 444, "driving_time": 425, "preparation_time": 0, "load_before": [0], "load_after": [0]}, {"type": "service", "id": "1703952000_28", "location_id": "1703952000", "address": {"location_id": "1703952000", "lat": 42.27596292, "lon": -71.07547481}, "arr_time": 1676284645, "arr_date_time": "2023-02-13T05:37:25-05:00", "end_time": 1676284945, "end_date_time": "2023-02-13T05:42:25-05:00", "waiting_time": 0, "distance": 465, "driving_time": 445, "preparation_time": 0, "load_before": [0], "load_after": [0]}, {"type": "service", "id": "1703953000_29", "location_id": "1703953000", "address": {"location_id": "1703953000", "lat": 42.27583819, "lon": -71.07556058}, "arr_time": 1676284960, "arr_date_time": "2023-02-13T05:42:40-05:00", "end_time": 1676285260, "end_date_time": "2023-02-13T05:47:40-05:00", "waiting_time": 0, "distance": 481, "driving_time": 460, "preparation_time": 0, "load_before": [0], "load_after": [0]}, {"type": "service", "id": "1703954000_30", "location_id": "1703954000", "address": {"location_id": "1703954000", "lat": 42.27570317, "lon": -71.07565594}, "arr_time": 1676285273, "arr_date_time": "2023-02-13T05:47:53-05:00", "end_time": 1676285573, "end_date_time": "2023-02-13T05:52:53-05:00", "waiting_time": 0, "distance": 495, "driving_time": 473, "preparation_time": 0, "load_before": [0], "load_after": [0]}, {"type": "service", "id": "1703955000_31", "location_id": "1703955000", "address": {"location_id": "1703955000", "lat": 42.27556075, "lon": -71.07570045}, "arr_time": 1676285589, "arr_date_time": "2023-02-13T05:53:09-05:00", "end_time": 1676285889, "end_date_time": "2023-02-13T05:58:09-05:00", "waiting_time": 0, "distance": 511, "driving_time": 489, "preparation_time": 0, "load_before": [0], "load_after": [0]}, {"type": "service", "id": "1703957000_32", "location_id": "1703957000", "address": {"location_id": "1703957000", "lat": 42.27521647, "lon": -71.0756121}, "arr_time": 1676285916, "arr_date_time": "2023-02-13T05:58:36-05:00", "end_time": 1676286216, "end_date_time": "2023-02-13T06:03:36-05:00", "waiting_time": 0, "distance": 538, "driving_time": 516, "preparation_time": 0, "load_before": [0], "load_after": [0]}, {"type": "service", "id": "1703958000_33", "location_id": "1703958000", "address": {"location_id": "1703958000", "lat": 42.27507463, "lon": -71.07556222}, "arr_time": 1676286267, "arr_date_time": "2023-02-13T06:04:27-05:00", "end_time": 1676286567, "end_date_time": "2023-02-13T06:09:27-05:00", "waiting_time": 0, "distance": 591, "driving_time": 567, "preparation_time": 0, "load_before": [0], "load_after": [0]}, {"type": "service", "id": "1703959000_34", "location_id": "1703959000", "address": {"location_id": "1703959000", "lat": 42.27504527, "lon": -71.07579228}, "arr_time": 1676286585, "arr_date_time": "2023-02-13T06:09:45-05:00", "end_time": 1676286885, "end_date_time": "2023-02-13T06:14:45-05:00", "waiting_time": 0, "distance": 610, "driving_time": 585, "preparation_time": 0, "load_before": [0], "load_after": [0]}, {"type": "service", "id": "1703960000_35", "location_id": "1703960000", "address": {"location_id": "1703960000", "lat": 42.27505198, "lon": -71.07595847}, "arr_time": 1676286897, "arr_date_time": "2023-02-13T06:14:57-05:00", "end_time": 1676287197, "end_date_time": "2023-02-13T06:19:57-05:00", "waiting_time": 0, "distance": 623, "driving_time": 597, "preparation_time": 0, "load_before": [0], "load_after": [0]}, {"type": "service", "id": "1704011005_66", "location_id": "1704011005", "address": {"location_id": "1704011005", "lat": 42.27465643, "lon": -71.07590441}, "arr_time": 1676287204, "arr_date_time": "2023-02-13T06:20:04-05:00", "end_time": 1676287504, "end_date_time": "2023-02-13T06:25:04-05:00", "waiting_time": 0, "distance": 631, "driving_time": 604, "preparation_time": 0, "load_before": [0], "load_after": [0]}, {"type": "service", "id": "1703979006_48", "location_id": "1703979006", "address": {"location_id": "1703979006", "lat": 42.27529637, "lon": -71.07663399}, "arr_time": 1676287577, "arr_date_time": "2023-02-13T06:26:17-05:00", "end_time": 1676287877, "end_date_time": "2023-02-13T06:31:17-05:00", "waiting_time": 0, "distance": 708, "driving_time": 677, "preparation_time": 0, "load_before": [0], "load_after": [0]}, {"type": "service", "id": "1703963000_37", "location_id": "1703963000", "address": {"location_id": "1703963000", "lat": 42.27537121, "lon": -71.07606304}, "arr_time": 1676287879, "arr_date_time": "2023-02-13T06:31:19-05:00", "end_time": 1676288179, "end_date_time": "2023-02-13T06:36:19-05:00", "waiting_time": 0, "distance": 710, "driving_time": 679, "preparation_time": 0, "load_before": [0], "load_after": [0]}, {"type": "service", "id": "1703961000_36", "location_id": "1703961000", "address": {"location_id": "1703961000", "lat": 42.27501519, "lon": -71.07610407}, "arr_time": 1676288217, "arr_date_time": "2023-02-13T06:36:57-05:00", "end_time": 1676288517, "end_date_time": "2023-02-13T06:41:57-05:00", "waiting_time": 0, "distance": 750, "driving_time": 717, "preparation_time": 0, "load_before": [0], "load_after": [0]}, {"type": "service", "id": "1703971000_38", "location_id": "1703971000", "address": {"location_id": "1703971000", "lat": 42.27489002, "lon": -71.0764931}, "arr_time": 1676288561, "arr_date_time": "2023-02-13T06:42:41-05:00", "end_time": 1676288861, "end_date_time": "2023-02-13T06:47:41-05:00", "waiting_time": 0, "distance": 795, "driving_time": 761, "preparation_time": 0, "load_before": [0], "load_after": [0]}, {"type": "service", "id": "1704011003_65", "location_id": "1704011003", "address": {"location_id": "1704011003", "lat": 42.27451367, "lon": -71.0765374}, "arr_time": 1676288875, "arr_date_time": "2023-02-13T06:47:55-05:00", "end_time": 1676289175, "end_date_time": "2023-02-13T06:52:55-05:00", "waiting_time": 0, "distance": 809, "driving_time": 775, "preparation_time": 0, "load_before": [0], "load_after": [0]}, {"type": "service", "id": "1704011002_64", "location_id": "1704011002", "address": {"location_id": "1704011002", "lat": 42.27453907, "lon": -71.07674894}, "arr_time": 1676289191, "arr_date_time": "2023-02-13T06:53:11-05:00", "end_time": 1676289491, "end_date_time": "2023-02-13T06:58:11-05:00", "waiting_time": 0, "distance": 825, "driving_time": 791, "preparation_time": 0, "load_before": [0], "load_after": [0]}, {"type": "service", "id": "1703973000_39", "location_id": "1703973000", "address": {"location_id": "1703973000", "lat": 42.27489432, "lon": -71.07690951}, "arr_time": 1676289493, "arr_date_time": "2023-02-13T06:58:13-05:00", "end_time": 1676289793, "end_date_time": "2023-02-13T07:03:13-05:00", "waiting_time": 0, "distance": 828, "driving_time": 793, "preparation_time": 0, "load_before": [0], "load_after": [0]}, {"type": "service", "id": "1703974000_40", "location_id": "1703974000", "address": {"location_id": "1703974000", "lat": 42.27485172, "lon": -71.07712873}, "arr_time": 1676289811, "arr_date_time": "2023-02-13T07:03:31-05:00", "end_time": 1676290111, "end_date_time": "2023-02-13T07:08:31-05:00", "waiting_time": 0, "distance": 847, "driving_time": 811, "preparation_time": 0, "load_before": [0], "load_after": [0]}, {"type": "service", "id": "1704011000_63", "location_id": "1704011000", "address": {"location_id": "1704011000", "lat": 42.27437909, "lon": -71.07696752}, "arr_time": 1676290111, "arr_date_time": "2023-02-13T07:08:31-05:00", "end_time": 1676290411, "end_date_time": "2023-02-13T07:13:31-05:00", "waiting_time": 0, "distance": 847, "driving_time": 811, "preparation_time": 0, "load_before": [0], "load_after": [0]}, {"type": "service", "id": "1704010000_62", "location_id": "1704010000", "address": {"location_id": "1704010000", "lat": 42.27436019, "lon": -71.07718802}, "arr_time": 1676290428, "arr_date_time": "2023-02-13T07:13:48-05:00", "end_time": 1676290728, "end_date_time": "2023-02-13T07:18:48-05:00", "waiting_time": 0, "distance": 865, "driving_time": 828, "preparation_time": 0, "load_before": [0], "load_after": [0]}, {"type": "service", "id": "1703976000_42", "location_id": "1703976000", "address": {"location_id": "1703976000", "lat": 42.274763, "lon": -71.07756161}, "arr_time": 1676290745, "arr_date_time": "2023-02-13T07:19:05-05:00", "end_time": 1676291045, "end_date_time": "2023-02-13T07:24:05-05:00", "waiting_time": 0, "distance": 884, "driving_time": 845, "preparation_time": 0, "load_before": [0], "load_after": [0]}, {"type": "service", "id": "1704009000_61", "location_id": "1704009000", "address": {"location_id": "1704009000", "lat": 42.27432286, "lon": -71.07740437}, "arr_time": 1676291045, "arr_date_time": "2023-02-13T07:24:05-05:00", "end_time": 1676291345, "end_date_time": "2023-02-13T07:29:05-05:00", "waiting_time": 0, "distance": 884, "driving_time": 845, "preparation_time": 0, "load_before": [0], "load_after": [0]}, {"type": "service", "id": "1704006000_59", "location_id": "1704006000", "address": {"location_id": "1704006000", "lat": 42.27399795, "lon": -71.07752478}, "arr_time": 1676291436, "arr_date_time": "2023-02-13T07:30:36-05:00", "end_time": 1676291736, "end_date_time": "2023-02-13T07:35:36-05:00", "waiting_time": 0, "distance": 978, "driving_time": 936, "preparation_time": 0, "load_before": [0], "load_after": [0]}, {"type": "service", "id": "1704003000_57", "location_id": "1704003000", "address": {"location_id": "1704003000", "lat": 42.2740896, "lon": -71.07705513}, "arr_time": 1676291807, "arr_date_time": "2023-02-13T07:36:47-05:00", "end_time": 1676292107, "end_date_time": "2023-02-13T07:41:47-05:00", "waiting_time": 0, "distance": 1052, "driving_time": 1007, "preparation_time": 0, "load_before": [0], "load_after": [0]}, {"type": "service", "id": "1704001008_56", "location_id": "1704001008", "address": {"location_id": "1704001008", "lat": 42.27415431, "lon": -71.07672317}, "arr_time": 1676292133, "arr_date_time": "2023-02-13T07:42:13-05:00", "end_time": 1676292433, "end_date_time": "2023-02-13T07:47:13-05:00", "waiting_time": 0, "distance": 1080, "driving_time": 1033, "preparation_time": 0, "load_before": [0], "load_after": [0]}, {"type": "service", "id": "1704001007_55", "location_id": "1704001007", "address": {"location_id": "1704001007", "lat": 42.27421468, "lon": -71.07653403}, "arr_time": 1676292449, "arr_date_time": "2023-02-13T07:47:29-05:00", "end_time": 1676292749, "end_date_time": "2023-02-13T07:52:29-05:00", "waiting_time": 0, "distance": 1097, "driving_time": 1049, "preparation_time": 0, "load_before": [0], "load_after": [0]}, {"type": "service", "id": "1704001006_54", "location_id": "1704001006", "address": {"location_id": "1704001006", "lat": 42.27425295, "lon": -71.07634242}, "arr_time": 1676292765, "arr_date_time": "2023-02-13T07:52:45-05:00", "end_time": 1676293065, "end_date_time": "2023-02-13T07:57:45-05:00", "waiting_time": 0, "distance": 1113, "driving_time": 1065, "preparation_time": 0, "load_before": [0], "load_after": [0]}, {"type": "service", "id": "1704001005_53", "location_id": "1704001005", "address": {"location_id": "1704001005", "lat": 42.27429294, "lon": -71.07614492}, "arr_time": 1676293081, "arr_date_time": "2023-02-13T07:58:01-05:00", "end_time": 1676293381, "end_date_time": "2023-02-13T08:03:01-05:00", "waiting_time": 0, "distance": 1130, "driving_time": 1081, "preparation_time": 0, "load_before": [0], "load_after": [0]}, {"type": "service", "id": "1704001004_52", "location_id": "1704001004", "address": {"location_id": "1704001004", "lat": 42.27433396, "lon": -71.0759413}, "arr_time": 1676293399, "arr_date_time": "2023-02-13T08:03:19-05:00", "end_time": 1676293699, "end_date_time": "2023-02-13T08:08:19-05:00", "waiting_time": 0, "distance": 1147, "driving_time": 1099, "preparation_time": 0, "load_before": [0], "load_after": [0]}, {"type": "service", "id": "1704004000_58", "location_id": "1704004000", "address": {"location_id": "1704004000", "lat": 42.27405969, "lon": -71.07720893}, "arr_time": 1676293803, "arr_date_time": "2023-02-13T08:10:03-05:00", "end_time": 1676294103, "end_date_time": "2023-02-13T08:15:03-05:00", "waiting_time": 0, "distance": 1256, "driving_time": 1203, "preparation_time": 0, "load_before": [0], "load_after": [0]}, {"type": "service", "id": "1704008000_60", "location_id": "1704008000", "address": {"location_id": "1704008000", "lat": 42.27430037, "lon": -71.07762607}, "arr_time": 1676294195, "arr_date_time": "2023-02-13T08:16:35-05:00", "end_time": 1676294495, "end_date_time": "2023-02-13T08:21:35-05:00", "waiting_time": 0, "distance": 1352, "driving_time": 1295, "preparation_time": 0, "load_before": [0], "load_after": [0]}, {"type": "service", "id": "1703977000_43", "location_id": "1703977000", "address": {"location_id": "1703977000", "lat": 42.27471907, "lon": -71.07778553}, "arr_time": 1676294540, "arr_date_time": "2023-02-13T08:22:20-05:00", "end_time": 1676294840, "end_date_time": "2023-02-13T08:27:20-05:00", "waiting_time": 0, "distance": 1400, "driving_time": 1340, "preparation_time": 0, "load_before": [0], "load_after": [0]}, {"type": "service", "id": "1703939000_16", "location_id": "1703939000", "address": {"location_id": "1703939000", "lat": 42.27537213, "lon": -71.078012}, "arr_time": 1676294911, "arr_date_time": "2023-02-13T08:28:31-05:00", "end_time": 1676295211, "end_date_time": "2023-02-13T08:33:31-05:00", "waiting_time": 0, "distance": 1474, "driving_time": 1411, "preparation_time": 0, "load_before": [0], "load_after": [0]}, {"type": "service", "id": "1703940000_17", "location_id": "1703940000", "address": {"location_id": "1703940000", "lat": 42.27556955, "lon": -71.0780434}, "arr_time": 1676295231, "arr_date_time": "2023-02-13T08:33:51-05:00", "end_time": 1676295531, "end_date_time": "2023-02-13T08:38:51-05:00", "waiting_time": 0, "distance": 1496, "driving_time": 1431, "preparation_time": 0, "load_before": [0], "load_after": [0]}, {"type": "service", "id": "1703942000_18", "location_id": "1703942000", "address": {"location_id": "1703942000", "lat": 42.27584943, "lon": -71.07803811}, "arr_time": 1676295585, "arr_date_time": "2023-02-13T08:39:45-05:00", "end_time": 1676295885, "end_date_time": "2023-02-13T08:44:45-05:00", "waiting_time": 0, "distance": 1553, "driving_time": 1485, "preparation_time": 0, "load_before": [0], "load_after": [0]}, {"type": "service", "id": "1703943000_19", "location_id": "1703943000", "address": {"location_id": "1703943000", "lat": 42.27597997, "lon": -71.07794569}, "arr_time": 1676295901, "arr_date_time": "2023-02-13T08:45:01-05:00", "end_time": 1676296201, "end_date_time": "2023-02-13T08:50:01-05:00", "waiting_time": 0, "distance": 1569, "driving_time": 1501, "preparation_time": 0, "load_before": [0], "load_after": [0]}, {"type": "service", "id": "1703978001_44", "location_id": "1703978001", "address": {"location_id": "1703978001", "lat": 42.27505299, "lon": -71.07765458}, "arr_time": 1676296347, "arr_date_time": "2023-02-13T08:52:27-05:00", "end_time": 1676296647, "end_date_time": "2023-02-13T08:57:27-05:00", "waiting_time": 0, "distance": 1720, "driving_time": 1647, "preparation_time": 0, "load_before": [0], "load_after": [0]}, {"type": "service", "id": "1703975000_41", "location_id": "1703975000", "address": {"location_id": "1703975000", "lat": 42.27495373, "lon": -71.07739786}, "arr_time": 1676296653, "arr_date_time": "2023-02-13T08:57:33-05:00", "end_time": 1676296953, "end_date_time": "2023-02-13T09:02:33-05:00", "waiting_time": 0, "distance": 1728, "driving_time": 1653, "preparation_time": 0, "load_before": [0], "load_after": [0]}, {"type": "service", "id": "1703979000_45", "location_id": "1703979000", "address": {"location_id": "1703979000", "lat": 42.27527808, "lon": -71.0774599}, "arr_time": 1676296963, "arr_date_time": "2023-02-13T09:02:43-05:00", "end_time": 1676297263, "end_date_time": "2023-02-13T09:07:43-05:00", "waiting_time": 0, "distance": 1738, "driving_time": 1663, "preparation_time": 0, "load_before": [0], "load_after": [0]}, {"type": "service", "id": "1703979002_46", "location_id": "1703979002", "address": {"location_id": "1703979002", "lat": 42.27512479, "lon": -71.07724038}, "arr_time": 1676297263, "arr_date_time": "2023-02-13T09:07:43-05:00", "end_time": 1676297563, "end_date_time": "2023-02-13T09:12:43-05:00", "waiting_time": 0, "distance": 1738, "driving_time": 1663, "preparation_time": 0, "load_before": [0], "load_after": [0]}, {"type": "service", "id": "1703938000_15", "location_id": "1703938000", "address": {"location_id": "1703938000", "lat": 42.27546491, "lon": -71.07773782}, "arr_time": 1676297563, "arr_date_time": "2023-02-13T09:12:43-05:00", "end_time": 1676297863, "end_date_time": "2023-02-13T09:17:43-05:00", "waiting_time": 0, "distance": 1738, "driving_time": 1663, "preparation_time": 0, "load_before": [0], "load_after": [0]}, {"type": "service", "id": "1703936004_14", "location_id": "1703936004", "address": {"location_id": "1703936004", "lat": 42.27563258, "lon": -71.07743271}, "arr_time": 1676297883, "arr_date_time": "2023-02-13T09:18:03-05:00", "end_time": 1676298183, "end_date_time": "2023-02-13T09:23:03-05:00", "waiting_time": 0, "distance": 1758, "driving_time": 1683, "preparation_time": 0, "load_before": [0], "load_after": [0]}, {"type": "service", "id": "1703979003_47", "location_id": "1703979003", "address": {"location_id": "1703979003", "lat": 42.27514821, "lon": -71.0770345}, "arr_time": 1676298197, "arr_date_time": "2023-02-13T09:23:17-05:00", "end_time": 1676298497, "end_date_time": "2023-02-13T09:28:17-05:00", "waiting_time": 0, "distance": 1773, "driving_time": 1697, "preparation_time": 0, "load_before": [0], "load_after": [0]}, {"type": "service", "id": "1703936003_13", "location_id": "1703936003", "address": {"location_id": "1703936003", "lat": 42.27571402, "lon": -71.07713548}, "arr_time": 1676298508, "arr_date_time": "2023-02-13T09:28:28-05:00", "end_time": 1676298808, "end_date_time": "2023-02-13T09:33:28-05:00", "waiting_time": 0, "distance": 1784, "driving_time": 1708, "preparation_time": 0, "load_before": [0], "load_after": [0]}, {"type": "service", "id": "1703980001_49", "location_id": "1703980001", "address": {"location_id": "1703980001", "lat": 42.2756996, "lon": -71.07651772}, "arr_time": 1676298848, "arr_date_time": "2023-02-13T09:34:08-05:00", "end_time": 1676299148, "end_date_time": "2023-02-13T09:39:08-05:00", "waiting_time": 0, "distance": 1825, "driving_time": 1748, "preparation_time": 0, "load_before": [0], "load_after": [0]}, {"type": "service", "id": "1703980002_50", "location_id": "1703980002", "address": {"location_id": "1703980002", "lat": 42.27584043, "lon": -71.07645483}, "arr_time": 1676299159, "arr_date_time": "2023-02-13T09:39:19-05:00", "end_time": 1676299459, "end_date_time": "2023-02-13T09:44:19-05:00", "waiting_time": 0, "distance": 1837, "driving_time": 1759, "preparation_time": 0, "load_before": [0], "load_after": [0]}, {"type": "service", "id": "1703936001_12", "location_id": "1703936001", "address": {"location_id": "1703936001", "lat": 42.27595589, "lon": -71.07694027}, "arr_time": 1676299465, "arr_date_time": "2023-02-13T09:44:25-05:00", "end_time": 1676299765, "end_date_time": "2023-02-13T09:49:25-05:00", "waiting_time": 0, "distance": 1843, "driving_time": 1765, "preparation_time": 0, "load_before": [0], "load_after": [0]}, {"type": "service", "id": "1703980005_51", "location_id": "1703980005", "address": {"location_id": "1703980005", "lat": 42.276316, "lon": -71.07654663}, "arr_time": 1676299805, "arr_date_time": "2023-02-13T09:50:05-05:00", "end_time": 1676300105, "end_date_time": "2023-02-13T09:55:05-05:00", "waiting_time": 0, "distance": 1884, "driving_time": 1805, "preparation_time": 0, "load_before": [0], "load_after": [0]}, {"type": "service", "id": "1703944000_20", "location_id": "1703944000", "address": {"location_id": "1703944000", "lat": 42.27656363, "lon": -71.07648024}, "arr_time": 1676300145, "arr_date_time": "2023-02-13T09:55:45-05:00", "end_time": 1676300445, "end_date_time": "2023-02-13T10:00:45-05:00", "waiting_time": 0, "distance": 1926, "driving_time": 1845, "preparation_time": 0, "load_before": [0], "load_after": [0]}, {"type": "end", "location_id": "1703922000", "address": {"location_id": "1703922000", "lat": 42.27695678, "lon": -71.07717551}, "arr_time": 1676300529, "arr_date_time": "2023-02-13T10:02:09-05:00", "end_time": 1676300529, "end_date_time": "2023-02-13T10:02:09-05:00", "waiting_time": 0, "distance": 2013, "driving_time": 1929, "preparation_time": 0, "load_before": [0]}]}], "unassigned": {"services": [], "shipments": [], "breaks": [], "details": []}}}