{"copyrights": ["GraphHopper", "OpenStreetMap contributors"], "job_id": "d6fdcb56-9c22-42fe-8005-5d704128781e", "status": "finished", "waiting_time_in_queue": 0, "processing_time": 88, "solution": {"costs": 311, "distance": 1321, "time": 1264, "transport_time": 1264, "completion_time": 13864, "max_operation_time": 13864, "waiting_time": 0, "service_duration": 12600, "preparation_time": 0, "no_vehicles": 1, "no_unassigned": 0, "routes": [{"vehicle_id": "my_vehicle", "shift_id": "default-shift", "distance": 1321, "transport_time": 1264, "completion_time": 13864, "waiting_time": 0, "service_duration": 12600, "preparation_time": 0, "activities": [{"type": "start", "location_id": "1803309000", "address": {"location_id": "1803309000", "lat": 42.28142953, "lon": -71.09859512}, "arr_time": 1676278800, "arr_date_time": "2023-02-13T04:00:00-05:00", "end_time": 1676278800, "end_date_time": "2023-02-13T04:00:00-05:00", "waiting_time": 0, "distance": 0, "driving_time": 0, "preparation_time": 0, "load_after": [0]}, {"type": "service", "id": "1803311000_31", "location_id": "1803311000", "address": {"location_id": "1803311000", "lat": 42.2813504, "lon": -71.09827559}, "arr_time": 1676278829, "arr_date_time": "2023-02-13T04:00:29-05:00", "end_time": 1676279129, "end_date_time": "2023-02-13T04:05:29-05:00", "waiting_time": 0, "distance": 31, "driving_time": 29, "preparation_time": 0, "load_before": [0], "load_after": [0]}, {"type": "service", "id": "1803284000_19", "location_id": "1803284000", "address": {"location_id": "1803284000", "lat": 42.28066594, "lon": -71.09841276}, "arr_time": 1676279227, "arr_date_time": "2023-02-13T04:07:07-05:00", "end_time": 1676279527, "end_date_time": "2023-02-13T04:12:07-05:00", "waiting_time": 0, "distance": 132, "driving_time": 127, "preparation_time": 0, "load_before": [0], "load_after": [0]}, {"type": "service", "id": "1803286000_20", "location_id": "1803286000", "address": {"location_id": "1803286000", "lat": 42.2803293, "lon": -71.09849746}, "arr_time": 1676279563, "arr_date_time": "2023-02-13T04:12:43-05:00", "end_time": 1676279863, "end_date_time": "2023-02-13T04:17:43-05:00", "waiting_time": 0, "distance": 170, "driving_time": 163, "preparation_time": 0, "load_before": [0], "load_after": [0]}, {"type": "service", "id": "1803287000_21", "location_id": "1803287000", "address": {"location_id": "1803287000", "lat": 42.28021953, "lon": -71.09852283}, "arr_time": 1676279873, "arr_date_time": "2023-02-13T04:17:53-05:00", "end_time": 1676280173, "end_date_time": "2023-02-13T04:22:53-05:00", "waiting_time": 0, "distance": 181, "driving_time": 173, "preparation_time": 0, "load_before": [0], "load_after": [0]}, {"type": "service", "id": "1803289000_22", "location_id": "1803289000", "address": {"location_id": "1803289000", "lat": 42.2798955, "lon": -71.09858587}, "arr_time": 1676280208, "arr_date_time": "2023-02-13T04:23:28-05:00", "end_time": 1676280508, "end_date_time": "2023-02-13T04:28:28-05:00", "waiting_time": 0, "distance": 217, "driving_time": 208, "preparation_time": 0, "load_before": [0], "load_after": [0]}, {"type": "service", "id": "1803290000_23", "location_id": "1803290000", "address": {"location_id": "1803290000", "lat": 42.27979979, "lon": -71.09860338}, "arr_time": 1676280519, "arr_date_time": "2023-02-13T04:28:39-05:00", "end_time": 1676280819, "end_date_time": "2023-02-13T04:33:39-05:00", "waiting_time": 0, "distance": 228, "driving_time": 219, "preparation_time": 0, "load_before": [0], "load_after": [0]}, {"type": "service", "id": "1803291000_24", "location_id": "1803291000", "address": {"location_id": "1803291000", "lat": 42.27967719, "lon": -71.09862499}, "arr_time": 1676280832, "arr_date_time": "2023-02-13T04:33:52-05:00", "end_time": 1676281132, "end_date_time": "2023-02-13T04:38:52-05:00", "waiting_time": 0, "distance": 242, "driving_time": 232, "preparation_time": 0, "load_before": [0], "load_after": [0]}, {"type": "service", "id": "1803294000_25", "location_id": "1803294000", "address": {"location_id": "1803294000", "lat": 42.27933679, "lon": -71.09871007}, "arr_time": 1676281195, "arr_date_time": "2023-02-13T04:39:55-05:00", "end_time": 1676281495, "end_date_time": "2023-02-13T04:44:55-05:00", "waiting_time": 0, "distance": 307, "driving_time": 295, "preparation_time": 0, "load_before": [0], "load_after": [0]}, {"type": "service", "id": "1803295000_26", "location_id": "1803295000", "address": {"location_id": "1803295000", "lat": 42.27924866, "lon": -71.09881609}, "arr_time": 1676281505, "arr_date_time": "2023-02-13T04:45:05-05:00", "end_time": 1676281805, "end_date_time": "2023-02-13T04:50:05-05:00", "waiting_time": 0, "distance": 318, "driving_time": 305, "preparation_time": 0, "load_before": [0], "load_after": [0]}, {"type": "service", "id": "1802910000_09", "location_id": "1802910000", "address": {"location_id": "1802910000", "lat": 42.27874202, "lon": -71.0988411}, "arr_time": 1676281844, "arr_date_time": "2023-02-13T04:50:44-05:00", "end_time": 1676282144, "end_date_time": "2023-02-13T04:55:44-05:00", "waiting_time": 0, "distance": 358, "driving_time": 344, "preparation_time": 0, "load_before": [0], "load_after": [0]}, {"type": "service", "id": "1802906000_06", "location_id": "1802906000", "address": {"location_id": "1802906000", "lat": 42.27846967, "lon": -71.09915494}, "arr_time": 1676282181, "arr_date_time": "2023-02-13T04:56:21-05:00", "end_time": 1676282481, "end_date_time": "2023-02-13T05:01:21-05:00", "waiting_time": 0, "distance": 397, "driving_time": 381, "preparation_time": 0, "load_before": [0], "load_after": [0]}, {"type": "service", "id": "1803336000_37", "location_id": "1803336000", "address": {"location_id": "1803336000", "lat": 42.27872866, "lon": -71.09949876}, "arr_time": 1676282481, "arr_date_time": "2023-02-13T05:01:21-05:00", "end_time": 1676282781, "end_date_time": "2023-02-13T05:06:21-05:00", "waiting_time": 0, "distance": 397, "driving_time": 381, "preparation_time": 0, "load_before": [0], "load_after": [0]}, {"type": "service", "id": "1802905000_05", "location_id": "1802905000", "address": {"location_id": "1802905000", "lat": 42.27839142, "lon": -71.09926427}, "arr_time": 1676282793, "arr_date_time": "2023-02-13T05:06:33-05:00", "end_time": 1676283093, "end_date_time": "2023-02-13T05:11:33-05:00", "waiting_time": 0, "distance": 409, "driving_time": 393, "preparation_time": 0, "load_before": [0], "load_after": [0]}, {"type": "service", "id": "1803337000_38", "location_id": "1803337000", "address": {"location_id": "1803337000", "lat": 42.27865211, "lon": -71.0997022}, "arr_time": 1676283099, "arr_date_time": "2023-02-13T05:11:39-05:00", "end_time": 1676283399, "end_date_time": "2023-02-13T05:16:39-05:00", "waiting_time": 0, "distance": 415, "driving_time": 399, "preparation_time": 0, "load_before": [0], "load_after": [0]}, {"type": "service", "id": "1802903000_04", "location_id": "1802903000", "address": {"location_id": "1802903000", "lat": 42.27827623, "lon": -71.09942275}, "arr_time": 1676283411, "arr_date_time": "2023-02-13T05:16:51-05:00", "end_time": 1676283711, "end_date_time": "2023-02-13T05:21:51-05:00", "waiting_time": 0, "distance": 428, "driving_time": 411, "preparation_time": 0, "load_before": [0], "load_after": [0]}, {"type": "service", "id": "1803339000_39", "location_id": "1803339000", "address": {"location_id": "1803339000", "lat": 42.27850543, "lon": -71.09993142}, "arr_time": 1676283723, "arr_date_time": "2023-02-13T05:22:03-05:00", "end_time": 1676284023, "end_date_time": "2023-02-13T05:27:03-05:00", "waiting_time": 0, "distance": 440, "driving_time": 423, "preparation_time": 0, "load_before": [0], "load_after": [0]}, {"type": "service", "id": "1803342000_40", "location_id": "1803342000", "address": {"location_id": "1803342000", "lat": 42.27825028, "lon": -71.10030598}, "arr_time": 1676284059, "arr_date_time": "2023-02-13T05:27:39-05:00", "end_time": 1676284359, "end_date_time": "2023-02-13T05:32:39-05:00", "waiting_time": 0, "distance": 477, "driving_time": 459, "preparation_time": 0, "load_before": [0], "load_after": [0]}, {"type": "service", "id": "1802899000_03", "location_id": "1802899000", "address": {"location_id": "1802899000", "lat": 42.27781949, "lon": -71.0999783}, "arr_time": 1676284380, "arr_date_time": "2023-02-13T05:33:00-05:00", "end_time": 1676284680, "end_date_time": "2023-02-13T05:38:00-05:00", "waiting_time": 0, "distance": 499, "driving_time": 480, "preparation_time": 0, "load_before": [0], "load_after": [0]}, {"type": "service", "id": "1803347010_41", "location_id": "1803347010", "address": {"location_id": "1803347010", "lat": 42.27771483, "lon": -71.10064902}, "arr_time": 1676284720, "arr_date_time": "2023-02-13T05:38:40-05:00", "end_time": 1676285020, "end_date_time": "2023-02-13T05:43:40-05:00", "waiting_time": 0, "distance": 541, "driving_time": 520, "preparation_time": 0, "load_before": [0], "load_after": [0]}, {"type": "service", "id": "1802895000_01", "location_id": "1802895000", "address": {"location_id": "1802895000", "lat": 42.27746774, "lon": -71.10033822}, "arr_time": 1676285060, "arr_date_time": "2023-02-13T05:44:20-05:00", "end_time": 1676285360, "end_date_time": "2023-02-13T05:49:20-05:00", "waiting_time": 0, "distance": 583, "driving_time": 560, "preparation_time": 0, "load_before": [0], "load_after": [0]}, {"type": "service", "id": "1803348010_42", "location_id": "1803348010", "address": {"location_id": "1803348010", "lat": 42.2778125, "lon": -71.10087551}, "arr_time": 1676285415, "arr_date_time": "2023-02-13T05:50:15-05:00", "end_time": 1676285715, "end_date_time": "2023-02-13T05:55:15-05:00", "waiting_time": 0, "distance": 640, "driving_time": 615, "preparation_time": 0, "load_before": [0], "load_after": [0]}, {"type": "service", "id": "1802898000_02", "location_id": "1802898000", "address": {"location_id": "1802898000", "lat": 42.27772435, "lon": -71.10007921}, "arr_time": 1676285797, "arr_date_time": "2023-02-13T05:56:37-05:00", "end_time": 1676286097, "end_date_time": "2023-02-13T06:01:37-05:00", "waiting_time": 0, "distance": 726, "driving_time": 697, "preparation_time": 0, "load_before": [0], "load_after": [0]}, {"type": "service", "id": "1802907000_07", "location_id": "1802907000", "address": {"location_id": "1802907000", "lat": 42.278546, "lon": -71.09904889}, "arr_time": 1676286220, "arr_date_time": "2023-02-13T06:03:40-05:00", "end_time": 1676286520, "end_date_time": "2023-02-13T06:08:40-05:00", "waiting_time": 0, "distance": 854, "driving_time": 820, "preparation_time": 0, "load_before": [0], "load_after": [0]}, {"type": "service", "id": "1802908000_08", "location_id": "1802908000", "address": {"location_id": "1802908000", "lat": 42.27862392, "lon": -71.09894071}, "arr_time": 1676286532, "arr_date_time": "2023-02-13T06:08:52-05:00", "end_time": 1676286832, "end_date_time": "2023-02-13T06:13:52-05:00", "waiting_time": 0, "distance": 866, "driving_time": 832, "preparation_time": 0, "load_before": [0], "load_after": [0]}, {"type": "service", "id": "1803298000_27", "location_id": "1803298000", "address": {"location_id": "1803298000", "lat": 42.27901313, "lon": -71.09914174}, "arr_time": 1676286857, "arr_date_time": "2023-02-13T06:14:17-05:00", "end_time": 1676287157, "end_date_time": "2023-02-13T06:19:17-05:00", "waiting_time": 0, "distance": 893, "driving_time": 857, "preparation_time": 0, "load_before": [0], "load_after": [0]}, {"type": "service", "id": "1803269000_10", "location_id": "1803269000", "address": {"location_id": "1803269000", "lat": 42.27922058, "lon": -71.09922667}, "arr_time": 1676287205, "arr_date_time": "2023-02-13T06:20:05-05:00", "end_time": 1676287505, "end_date_time": "2023-02-13T06:25:05-05:00", "waiting_time": 0, "distance": 943, "driving_time": 905, "preparation_time": 0, "load_before": [0], "load_after": [0]}, {"type": "service", "id": "1803270000_11", "location_id": "1803270000", "address": {"location_id": "1803270000", "lat": 42.27939463, "lon": -71.09906825}, "arr_time": 1676287523, "arr_date_time": "2023-02-13T06:25:23-05:00", "end_time": 1676287823, "end_date_time": "2023-02-13T06:30:23-05:00", "waiting_time": 0, "distance": 961, "driving_time": 923, "preparation_time": 0, "load_before": [0], "load_after": [0]}, {"type": "service", "id": "1803306000_30", "location_id": "1803306000", "address": {"location_id": "1803306000", "lat": 42.27972166, "lon": -71.09955505}, "arr_time": 1676287851, "arr_date_time": "2023-02-13T06:30:51-05:00", "end_time": 1676288151, "end_date_time": "2023-02-13T06:35:51-05:00", "waiting_time": 0, "distance": 990, "driving_time": 951, "preparation_time": 0, "load_before": [0], "load_after": [0]}, {"type": "service", "id": "1803305000_29", "location_id": "1803305000", "address": {"location_id": "1803305000", "lat": 42.27983263, "lon": -71.09948551}, "arr_time": 1676288163, "arr_date_time": "2023-02-13T06:36:03-05:00", "end_time": 1676288463, "end_date_time": "2023-02-13T06:41:03-05:00", "waiting_time": 0, "distance": 1003, "driving_time": 963, "preparation_time": 0, "load_before": [0], "load_after": [0]}, {"type": "service", "id": "1803274000_12", "location_id": "1803274000", "address": {"location_id": "1803274000", "lat": 42.2798955, "lon": -71.0989535}, "arr_time": 1676288476, "arr_date_time": "2023-02-13T06:41:16-05:00", "end_time": 1676288776, "end_date_time": "2023-02-13T06:46:16-05:00", "waiting_time": 0, "distance": 1017, "driving_time": 976, "preparation_time": 0, "load_before": [0], "load_after": [0]}, {"type": "service", "id": "1803303000_28", "location_id": "1803303000", "address": {"location_id": "1803303000", "lat": 42.28009953, "lon": -71.09931813}, "arr_time": 1676288793, "arr_date_time": "2023-02-13T06:46:33-05:00", "end_time": 1676289093, "end_date_time": "2023-02-13T06:51:33-05:00", "waiting_time": 0, "distance": 1035, "driving_time": 993, "preparation_time": 0, "load_before": [0], "load_after": [0]}, {"type": "service", "id": "1803276000_13", "location_id": "1803276000", "address": {"location_id": "1803276000", "lat": 42.28014685, "lon": -71.0988955}, "arr_time": 1676289100, "arr_date_time": "2023-02-13T06:51:40-05:00", "end_time": 1676289400, "end_date_time": "2023-02-13T06:56:40-05:00", "waiting_time": 0, "distance": 1043, "driving_time": 1000, "preparation_time": 0, "load_before": [0], "load_after": [0]}, {"type": "service", "id": "1803323000_36", "location_id": "1803323000", "address": {"location_id": "1803323000", "lat": 42.28046858, "lon": -71.09946813}, "arr_time": 1676289443, "arr_date_time": "2023-02-13T06:57:23-05:00", "end_time": 1676289743, "end_date_time": "2023-02-13T07:02:23-05:00", "waiting_time": 0, "distance": 1088, "driving_time": 1043, "preparation_time": 0, "load_before": [0], "load_after": [0]}, {"type": "service", "id": "1803322000_35", "location_id": "1803322000", "address": {"location_id": "1803322000", "lat": 42.28055161, "lon": -71.09936195}, "arr_time": 1676289756, "arr_date_time": "2023-02-13T07:02:36-05:00", "end_time": 1676290056, "end_date_time": "2023-02-13T07:07:36-05:00", "waiting_time": 0, "distance": 1102, "driving_time": 1056, "preparation_time": 0, "load_before": [0], "load_after": [0]}, {"type": "service", "id": "1803279000_14", "location_id": "1803279000", "address": {"location_id": "1803279000", "lat": 42.2803773, "lon": -71.09884132}, "arr_time": 1676290065, "arr_date_time": "2023-02-13T07:07:45-05:00", "end_time": 1676290365, "end_date_time": "2023-02-13T07:12:45-05:00", "waiting_time": 0, "distance": 1112, "driving_time": 1065, "preparation_time": 0, "load_before": [0], "load_after": [0]}, {"type": "service", "id": "1803280000_15", "location_id": "1803280000", "address": {"location_id": "1803280000", "lat": 42.28048642, "lon": -71.09881612}, "arr_time": 1676290376, "arr_date_time": "2023-02-13T07:12:56-05:00", "end_time": 1676290676, "end_date_time": "2023-02-13T07:17:56-05:00", "waiting_time": 0, "distance": 1123, "driving_time": 1076, "preparation_time": 0, "load_before": [0], "load_after": [0]}, {"type": "service", "id": "1803320000_34", "location_id": "1803320000", "address": {"location_id": "1803320000", "lat": 42.28073003, "lon": -71.09918154}, "arr_time": 1676290680, "arr_date_time": "2023-02-13T07:18:00-05:00", "end_time": 1676290980, "end_date_time": "2023-02-13T07:23:00-05:00", "waiting_time": 0, "distance": 1127, "driving_time": 1080, "preparation_time": 0, "load_before": [0], "load_after": [0]}, {"type": "service", "id": "1803281000_16", "location_id": "1803281000", "address": {"location_id": "1803281000", "lat": 42.28059605, "lon": -71.09876295}, "arr_time": 1676290988, "arr_date_time": "2023-02-13T07:23:08-05:00", "end_time": 1676291288, "end_date_time": "2023-02-13T07:28:08-05:00", "waiting_time": 0, "distance": 1136, "driving_time": 1088, "preparation_time": 0, "load_before": [0], "load_after": [0]}, {"type": "service", "id": "1803318000_33", "location_id": "1803318000", "address": {"location_id": "1803318000", "lat": 42.28090152, "lon": -71.09900347}, "arr_time": 1676291303, "arr_date_time": "2023-02-13T07:28:23-05:00", "end_time": 1676291603, "end_date_time": "2023-02-13T07:33:23-05:00", "waiting_time": 0, "distance": 1152, "driving_time": 1103, "preparation_time": 0, "load_before": [0], "load_after": [0]}, {"type": "service", "id": "1803282000_17", "location_id": "1803282000", "address": {"location_id": "1803282000", "lat": 42.28077468, "lon": -71.09864638}, "arr_time": 1676291613, "arr_date_time": "2023-02-13T07:33:33-05:00", "end_time": 1676291913, "end_date_time": "2023-02-13T07:38:33-05:00", "waiting_time": 0, "distance": 1163, "driving_time": 1113, "preparation_time": 0, "load_before": [0], "load_after": [0]}, {"type": "service", "id": "1803283000_18", "location_id": "1803283000", "address": {"location_id": "1803283000", "lat": 42.28078426, "lon": -71.09838246}, "arr_time": 1676291941, "arr_date_time": "2023-02-13T07:39:01-05:00", "end_time": 1676292241, "end_date_time": "2023-02-13T07:44:01-05:00", "waiting_time": 0, "distance": 1192, "driving_time": 1141, "preparation_time": 0, "load_before": [0], "load_after": [0]}, {"type": "service", "id": "1803314000_32", "location_id": "1803314000", "address": {"location_id": "1803314000", "lat": 42.28100457, "lon": -71.09833057}, "arr_time": 1676292243, "arr_date_time": "2023-02-13T07:44:03-05:00", "end_time": 1676292543, "end_date_time": "2023-02-13T07:49:03-05:00", "waiting_time": 0, "distance": 1194, "driving_time": 1143, "preparation_time": 0, "load_before": [0], "load_after": [0]}, {"type": "end", "location_id": "1803309000", "address": {"location_id": "1803309000", "lat": 42.28142953, "lon": -71.09859512}, "arr_time": 1676292664, "arr_date_time": "2023-02-13T07:51:04-05:00", "end_time": 1676292664, "end_date_time": "2023-02-13T07:51:04-05:00", "waiting_time": 0, "distance": 1321, "driving_time": 1264, "preparation_time": 0, "load_before": [0]}]}], "unassigned": {"services": [], "shipments": [], "breaks": [], "details": []}}}