{"copyrights": ["GraphHopper", "OpenStreetMap contributors"], "job_id": "9fe45f61-0d45-4dbd-b366-cd144839eb2c", "status": "finished", "waiting_time_in_queue": 0, "processing_time": 158, "solution": {"costs": 365, "distance": 2651, "time": 2543, "transport_time": 2543, "completion_time": 20543, "max_operation_time": 20543, "waiting_time": 0, "service_duration": 18000, "preparation_time": 0, "no_vehicles": 1, "no_unassigned": 0, "routes": [{"vehicle_id": "my_vehicle", "shift_id": "default-shift", "distance": 2651, "transport_time": 2543, "completion_time": 20543, "waiting_time": 0, "service_duration": 18000, "preparation_time": 0, "activities": [{"type": "start", "location_id": "802891050", "address": {"location_id": "802891050", "lat": 42.32356584, "lon": -71.07519394}, "arr_time": 1676278800, "arr_date_time": "2023-02-13T04:00:00-05:00", "end_time": 1676278800, "end_date_time": "2023-02-13T04:00:00-05:00", "waiting_time": 0, "distance": 0, "driving_time": 0, "preparation_time": 0, "load_after": [0]}, {"type": "service", "id": "802892050_04", "location_id": "802892050", "address": {"location_id": "802892050", "lat": 42.32337691, "lon": -71.07510975}, "arr_time": 1676278820, "arr_date_time": "2023-02-13T04:00:20-05:00", "end_time": 1676279120, "end_date_time": "2023-02-13T04:05:20-05:00", "waiting_time": 0, "distance": 21, "driving_time": 20, "preparation_time": 0, "load_before": [0], "load_after": [0]}, {"type": "service", "id": "802895050_05", "location_id": "802895050", "address": {"location_id": "802895050", "lat": 42.32331172, "lon": -71.07498171}, "arr_time": 1676279132, "arr_date_time": "2023-02-13T04:05:32-05:00", "end_time": 1676279432, "end_date_time": "2023-02-13T04:10:32-05:00", "waiting_time": 0, "distance": 33, "driving_time": 32, "preparation_time": 0, "load_before": [0], "load_after": [0]}, {"type": "service", "id": "802870050_01", "location_id": "802870050", "address": {"location_id": "802870050", "lat": 42.32321596, "lon": -71.07487011}, "arr_time": 1676279445, "arr_date_time": "2023-02-13T04:10:45-05:00", "end_time": 1676279745, "end_date_time": "2023-02-13T04:15:45-05:00", "waiting_time": 0, "distance": 47, "driving_time": 45, "preparation_time": 0, "load_before": [0], "load_after": [0]}, {"type": "service", "id": "803102010_41", "location_id": "803102010", "address": {"location_id": "803102010", "lat": 42.32304089, "lon": -71.07436946}, "arr_time": 1676279760, "arr_date_time": "2023-02-13T04:16:00-05:00", "end_time": 1676280060, "end_date_time": "2023-02-13T04:21:00-05:00", "waiting_time": 0, "distance": 62, "driving_time": 60, "preparation_time": 0, "load_before": [0], "load_after": [0]}, {"type": "service", "id": "803100010_40", "location_id": "803100010", "address": {"location_id": "803100010", "lat": 42.32295976, "lon": -71.07446307}, "arr_time": 1676280071, "arr_date_time": "2023-02-13T04:21:11-05:00", "end_time": 1676280371, "end_date_time": "2023-02-13T04:26:11-05:00", "waiting_time": 0, "distance": 74, "driving_time": 71, "preparation_time": 0, "load_before": [0], "load_after": [0]}, {"type": "service", "id": "802873050_02", "location_id": "802873050", "address": {"location_id": "802873050", "lat": 42.32314358, "lon": -71.07499456}, "arr_time": 1676280375, "arr_date_time": "2023-02-13T04:26:15-05:00", "end_time": 1676280675, "end_date_time": "2023-02-13T04:31:15-05:00", "waiting_time": 0, "distance": 78, "driving_time": 75, "preparation_time": 0, "load_before": [0], "load_after": [0]}, {"type": "service", "id": "803098010_39", "location_id": "803098010", "address": {"location_id": "803098010", "lat": 42.32290918, "lon": -71.07464748}, "arr_time": 1676280683, "arr_date_time": "2023-02-13T04:31:23-05:00", "end_time": 1676280983, "end_date_time": "2023-02-13T04:36:23-05:00", "waiting_time": 0, "distance": 86, "driving_time": 83, "preparation_time": 0, "load_before": [0], "load_after": [0]}, {"type": "service", "id": "803113010_44", "location_id": "803113010", "address": {"location_id": "803113010", "lat": 42.32334871, "lon": -71.07425706}, "arr_time": 1676281043, "arr_date_time": "2023-02-13T04:37:23-05:00", "end_time": 1676281343, "end_date_time": "2023-02-13T04:42:23-05:00", "waiting_time": 0, "distance": 149, "driving_time": 143, "preparation_time": 0, "load_before": [0], "load_after": [0]}, {"type": "service", "id": "803114010_45", "location_id": "803114010", "address": {"location_id": "803114010", "lat": 42.3234184, "lon": -71.07415714}, "arr_time": 1676281353, "arr_date_time": "2023-02-13T04:42:33-05:00", "end_time": 1676281653, "end_date_time": "2023-02-13T04:47:33-05:00", "waiting_time": 0, "distance": 160, "driving_time": 153, "preparation_time": 0, "load_before": [0], "load_after": [0]}, {"type": "service", "id": "803115010_46", "location_id": "803115010", "address": {"location_id": "803115010", "lat": 42.32356441, "lon": -71.07402533}, "arr_time": 1676281673, "arr_date_time": "2023-02-13T04:47:53-05:00", "end_time": 1676281973, "end_date_time": "2023-02-13T04:52:53-05:00", "waiting_time": 0, "distance": 181, "driving_time": 173, "preparation_time": 0, "load_before": [0], "load_after": [0]}, {"type": "service", "id": "803110010_42", "location_id": "803110010", "address": {"location_id": "803110010", "lat": 42.32311927, "lon": -71.07429035}, "arr_time": 1676282077, "arr_date_time": "2023-02-13T04:54:37-05:00", "end_time": 1676282377, "end_date_time": "2023-02-13T04:59:37-05:00", "waiting_time": 0, "distance": 290, "driving_time": 277, "preparation_time": 0, "load_before": [0], "load_after": [0]}, {"type": "service", "id": "803112010_43", "location_id": "803112010", "address": {"location_id": "803112010", "lat": 42.3231891, "lon": -71.07422516}, "arr_time": 1676282377, "arr_date_time": "2023-02-13T04:59:37-05:00", "end_time": 1676282677, "end_date_time": "2023-02-13T05:04:37-05:00", "waiting_time": 0, "distance": 290, "driving_time": 277, "preparation_time": 0, "load_before": [0], "load_after": [0]}, {"type": "service", "id": "803145000_48", "location_id": "803145000", "address": {"location_id": "803145000", "lat": 42.32250535, "lon": -71.07330166}, "arr_time": 1676282823, "arr_date_time": "2023-02-13T05:07:03-05:00", "end_time": 1676283123, "end_date_time": "2023-02-13T05:12:03-05:00", "waiting_time": 0, "distance": 441, "driving_time": 423, "preparation_time": 0, "load_before": [0], "load_after": [0]}, {"type": "service", "id": "803162000_56", "location_id": "803162000", "address": {"location_id": "803162000", "lat": 42.32167888, "lon": -71.07288375}, "arr_time": 1676283284, "arr_date_time": "2023-02-13T05:14:44-05:00", "end_time": 1676283584, "end_date_time": "2023-02-13T05:19:44-05:00", "waiting_time": 0, "distance": 609, "driving_time": 584, "preparation_time": 0, "load_before": [0], "load_after": [0]}, {"type": "service", "id": "803152000_49", "location_id": "803152000", "address": {"location_id": "803152000", "lat": 42.32208642, "lon": -71.07322877}, "arr_time": 1676283589, "arr_date_time": "2023-02-13T05:19:49-05:00", "end_time": 1676283889, "end_date_time": "2023-02-13T05:24:49-05:00", "waiting_time": 0, "distance": 615, "driving_time": 589, "preparation_time": 0, "load_before": [0], "load_after": [0]}, {"type": "service", "id": "803161000_55", "location_id": "803161000", "address": {"location_id": "803161000", "lat": 42.32167473, "lon": -71.07307548}, "arr_time": 1676283897, "arr_date_time": "2023-02-13T05:24:57-05:00", "end_time": 1676284197, "end_date_time": "2023-02-13T05:29:57-05:00", "waiting_time": 0, "distance": 623, "driving_time": 597, "preparation_time": 0, "load_before": [0], "load_after": [0]}, {"type": "service", "id": "803153000_50", "location_id": "803153000", "address": {"location_id": "803153000", "lat": 42.32204332, "lon": -71.07335146}, "arr_time": 1676284200, "arr_date_time": "2023-02-13T05:30:00-05:00", "end_time": 1676284500, "end_date_time": "2023-02-13T05:35:00-05:00", "waiting_time": 0, "distance": 626, "driving_time": 600, "preparation_time": 0, "load_before": [0], "load_after": [0]}, {"type": "service", "id": "803160000_54", "location_id": "803160000", "address": {"location_id": "803160000", "lat": 42.3216357, "lon": -71.0731848}, "arr_time": 1676284507, "arr_date_time": "2023-02-13T05:35:07-05:00", "end_time": 1676284807, "end_date_time": "2023-02-13T05:40:07-05:00", "waiting_time": 0, "distance": 633, "driving_time": 607, "preparation_time": 0, "load_before": [0], "load_after": [0]}, {"type": "service", "id": "803154000_51", "location_id": "803154000", "address": {"location_id": "803154000", "lat": 42.32200169, "lon": -71.0734728}, "arr_time": 1676284811, "arr_date_time": "2023-02-13T05:40:11-05:00", "end_time": 1676285111, "end_date_time": "2023-02-13T05:45:11-05:00", "waiting_time": 0, "distance": 637, "driving_time": 611, "preparation_time": 0, "load_before": [0], "load_after": [0]}, {"type": "service", "id": "803158001_53", "location_id": "803158001", "address": {"location_id": "803158001", "lat": 42.32158331, "lon": -71.07333571}, "arr_time": 1676285120, "arr_date_time": "2023-02-13T05:45:20-05:00", "end_time": 1676285420, "end_date_time": "2023-02-13T05:50:20-05:00", "waiting_time": 0, "distance": 647, "driving_time": 620, "preparation_time": 0, "load_before": [0], "load_after": [0]}, {"type": "service", "id": "803155000_52", "location_id": "803155000", "address": {"location_id": "803155000", "lat": 42.32193979, "lon": -71.07358409}, "arr_time": 1676285421, "arr_date_time": "2023-02-13T05:50:21-05:00", "end_time": 1676285721, "end_date_time": "2023-02-13T05:55:21-05:00", "waiting_time": 0, "distance": 648, "driving_time": 621, "preparation_time": 0, "load_before": [0], "load_after": [0]}, {"type": "service", "id": "803185000_60", "location_id": "803185000", "address": {"location_id": "803185000", "lat": 42.32130576, "lon": -71.0737957}, "arr_time": 1676285803, "arr_date_time": "2023-02-13T05:56:43-05:00", "end_time": 1676286103, "end_date_time": "2023-02-13T06:01:43-05:00", "waiting_time": 0, "distance": 732, "driving_time": 703, "preparation_time": 0, "load_before": [0], "load_after": [0]}, {"type": "service", "id": "803184000_59", "location_id": "803184000", "address": {"location_id": "803184000", "lat": 42.32116441, "lon": -71.07384737}, "arr_time": 1676286117, "arr_date_time": "2023-02-13T06:01:57-05:00", "end_time": 1676286417, "end_date_time": "2023-02-13T06:06:57-05:00", "waiting_time": 0, "distance": 748, "driving_time": 717, "preparation_time": 0, "load_before": [0], "load_after": [0]}, {"type": "service", "id": "803180020_58", "location_id": "803180020", "address": {"location_id": "803180020", "lat": 42.32111338, "lon": -71.07372393}, "arr_time": 1676286423, "arr_date_time": "2023-02-13T06:07:03-05:00", "end_time": 1676286723, "end_date_time": "2023-02-13T06:12:03-05:00", "waiting_time": 0, "distance": 754, "driving_time": 723, "preparation_time": 0, "load_before": [0], "load_after": [0]}, {"type": "service", "id": "803180010_57", "location_id": "803180010", "address": {"location_id": "803180010", "lat": 42.32116415, "lon": -71.07354128}, "arr_time": 1676286816, "arr_date_time": "2023-02-13T06:13:36-05:00", "end_time": 1676287116, "end_date_time": "2023-02-13T06:18:36-05:00", "waiting_time": 0, "distance": 852, "driving_time": 816, "preparation_time": 0, "load_before": [0], "load_after": [0]}, {"type": "service", "id": "803077000_35", "location_id": "803077000", "address": {"location_id": "803077000", "lat": 42.32077552, "lon": -71.07507331}, "arr_time": 1676287251, "arr_date_time": "2023-02-13T06:20:51-05:00", "end_time": 1676287551, "end_date_time": "2023-02-13T06:25:51-05:00", "waiting_time": 0, "distance": 993, "driving_time": 951, "preparation_time": 0, "load_before": [0], "load_after": [0]}, {"type": "service", "id": "803019000_21", "location_id": "803019000", "address": {"location_id": "803019000", "lat": 42.32077921, "lon": -71.0759997}, "arr_time": 1676287624, "arr_date_time": "2023-02-13T06:27:04-05:00", "end_time": 1676287924, "end_date_time": "2023-02-13T06:32:04-05:00", "waiting_time": 0, "distance": 1070, "driving_time": 1024, "preparation_time": 0, "load_before": [0], "load_after": [0]}, {"type": "service", "id": "803024000_22", "location_id": "803024000", "address": {"location_id": "803024000", "lat": 42.32075088, "lon": -71.07700701}, "arr_time": 1676288004, "arr_date_time": "2023-02-13T06:33:24-05:00", "end_time": 1676288304, "end_date_time": "2023-02-13T06:38:24-05:00", "waiting_time": 0, "distance": 1153, "driving_time": 1104, "preparation_time": 0, "load_before": [0], "load_after": [0]}, {"type": "service", "id": "803016000_20", "location_id": "803016000", "address": {"location_id": "803016000", "lat": 42.32073791, "lon": -71.07563529}, "arr_time": 1676288435, "arr_date_time": "2023-02-13T06:40:35-05:00", "end_time": 1676288735, "end_date_time": "2023-02-13T06:45:35-05:00", "waiting_time": 0, "distance": 1290, "driving_time": 1235, "preparation_time": 0, "load_before": [0], "load_after": [0]}, {"type": "service", "id": "803015000_19", "location_id": "803015000", "address": {"location_id": "803015000", "lat": 42.32090711, "lon": -71.07574184}, "arr_time": 1676288751, "arr_date_time": "2023-02-13T06:45:51-05:00", "end_time": 1676289051, "end_date_time": "2023-02-13T06:50:51-05:00", "waiting_time": 0, "distance": 1307, "driving_time": 1251, "preparation_time": 0, "load_before": [0], "load_after": [0]}, {"type": "service", "id": "803028000_23", "location_id": "803028000", "address": {"location_id": "803028000", "lat": 42.32088084, "lon": -71.07525347}, "arr_time": 1676289053, "arr_date_time": "2023-02-13T06:50:53-05:00", "end_time": 1676289353, "end_date_time": "2023-02-13T06:55:53-05:00", "waiting_time": 0, "distance": 1310, "driving_time": 1253, "preparation_time": 0, "load_before": [0], "load_after": [0]}, {"type": "service", "id": "803034000_25", "location_id": "803034000", "address": {"location_id": "803034000", "lat": 42.32142226, "lon": -71.07522795}, "arr_time": 1676289407, "arr_date_time": "2023-02-13T06:56:47-05:00", "end_time": 1676289707, "end_date_time": "2023-02-13T07:01:47-05:00", "waiting_time": 0, "distance": 1365, "driving_time": 1307, "preparation_time": 0, "load_before": [0], "load_after": [0]}, {"type": "service", "id": "803031000_24", "location_id": "803031000", "address": {"location_id": "803031000", "lat": 42.32118328, "lon": -71.07514571}, "arr_time": 1676289715, "arr_date_time": "2023-02-13T07:01:55-05:00", "end_time": 1676290015, "end_date_time": "2023-02-13T07:06:55-05:00", "waiting_time": 0, "distance": 1374, "driving_time": 1315, "preparation_time": 0, "load_before": [0], "load_after": [0]}, {"type": "service", "id": "803036000_26", "location_id": "803036000", "address": {"location_id": "803036000", "lat": 42.32147771, "lon": -71.07546791}, "arr_time": 1676290051, "arr_date_time": "2023-02-13T07:07:31-05:00", "end_time": 1676290351, "end_date_time": "2023-02-13T07:12:31-05:00", "waiting_time": 0, "distance": 1411, "driving_time": 1351, "preparation_time": 0, "load_before": [0], "load_after": [0]}, {"type": "service", "id": "803038000_27", "location_id": "803038000", "address": {"location_id": "803038000", "lat": 42.32149961, "lon": -71.0757332}, "arr_time": 1676290372, "arr_date_time": "2023-02-13T07:12:52-05:00", "end_time": 1676290672, "end_date_time": "2023-02-13T07:17:52-05:00", "waiting_time": 0, "distance": 1433, "driving_time": 1372, "preparation_time": 0, "load_before": [0], "load_after": [0]}, {"type": "service", "id": "803009000_18", "location_id": "803009000", "address": {"location_id": "803009000", "lat": 42.32117183, "lon": -71.07638225}, "arr_time": 1676290713, "arr_date_time": "2023-02-13T07:18:33-05:00", "end_time": 1676291013, "end_date_time": "2023-02-13T07:23:33-05:00", "waiting_time": 0, "distance": 1476, "driving_time": 1413, "preparation_time": 0, "load_before": [0], "load_after": [0]}, {"type": "service", "id": "803008000_17", "location_id": "803008000", "address": {"location_id": "803008000", "lat": 42.32117845, "lon": -71.07651686}, "arr_time": 1676291031, "arr_date_time": "2023-02-13T07:23:51-05:00", "end_time": 1676291331, "end_date_time": "2023-02-13T07:28:51-05:00", "waiting_time": 0, "distance": 1494, "driving_time": 1431, "preparation_time": 0, "load_before": [0], "load_after": [0]}, {"type": "service", "id": "802981000_15", "location_id": "802981000", "address": {"location_id": "802981000", "lat": 42.321506, "lon": -71.07705572}, "arr_time": 1676291368, "arr_date_time": "2023-02-13T07:29:28-05:00", "end_time": 1676291668, "end_date_time": "2023-02-13T07:34:28-05:00", "waiting_time": 0, "distance": 1532, "driving_time": 1468, "preparation_time": 0, "load_before": [0], "load_after": [0]}, {"type": "service", "id": "803005000_16", "location_id": "803005000", "address": {"location_id": "803005000", "lat": 42.32110601, "lon": -71.07694394}, "arr_time": 1676291681, "arr_date_time": "2023-02-13T07:34:41-05:00", "end_time": 1676291981, "end_date_time": "2023-02-13T07:39:41-05:00", "waiting_time": 0, "distance": 1546, "driving_time": 1481, "preparation_time": 0, "load_before": [0], "load_after": [0]}, {"type": "service", "id": "803040000_28", "location_id": "803040000", "address": {"location_id": "803040000", "lat": 42.32153622, "lon": -71.07598353}, "arr_time": 1676292071, "arr_date_time": "2023-02-13T07:41:11-05:00", "end_time": 1676292371, "end_date_time": "2023-02-13T07:46:11-05:00", "waiting_time": 0, "distance": 1639, "driving_time": 1571, "preparation_time": 0, "load_before": [0], "load_after": [0]}, {"type": "service", "id": "802961000_14", "location_id": "802961000", "address": {"location_id": "802961000", "lat": 42.32228912, "lon": -71.07656799}, "arr_time": 1676292463, "arr_date_time": "2023-02-13T07:47:43-05:00", "end_time": 1676292763, "end_date_time": "2023-02-13T07:52:43-05:00", "waiting_time": 0, "distance": 1735, "driving_time": 1663, "preparation_time": 0, "load_before": [0], "load_after": [0]}, {"type": "service", "id": "803047000_31", "location_id": "803047000", "address": {"location_id": "803047000", "lat": 42.32158165, "lon": -71.07501932}, "arr_time": 1676292919, "arr_date_time": "2023-02-13T07:55:19-05:00", "end_time": 1676293219, "end_date_time": "2023-02-13T08:00:19-05:00", "waiting_time": 0, "distance": 1898, "driving_time": 1819, "preparation_time": 0, "load_before": [0], "load_after": [0]}, {"type": "service", "id": "803045000_30", "location_id": "803045000", "address": {"location_id": "803045000", "lat": 42.32166276, "lon": -71.07527859}, "arr_time": 1676293241, "arr_date_time": "2023-02-13T08:00:41-05:00", "end_time": 1676293541, "end_date_time": "2023-02-13T08:05:41-05:00", "waiting_time": 0, "distance": 1921, "driving_time": 1841, "preparation_time": 0, "load_before": [0], "load_after": [0]}, {"type": "service", "id": "803043000_29", "location_id": "803043000", "address": {"location_id": "803043000", "lat": 42.32173634, "lon": -71.075516}, "arr_time": 1676293561, "arr_date_time": "2023-02-13T08:06:01-05:00", "end_time": 1676293861, "end_date_time": "2023-02-13T08:11:01-05:00", "waiting_time": 0, "distance": 1942, "driving_time": 1861, "preparation_time": 0, "load_before": [0], "load_after": [0]}, {"type": "service", "id": "802954050_13", "location_id": "802954050", "address": {"location_id": "802954050", "lat": 42.32227056, "lon": -71.07581639}, "arr_time": 1676293920, "arr_date_time": "2023-02-13T08:12:00-05:00", "end_time": 1676294220, "end_date_time": "2023-02-13T08:17:00-05:00", "waiting_time": 0, "distance": 2003, "driving_time": 1920, "preparation_time": 0, "load_before": [0], "load_after": [0]}, {"type": "service", "id": "803056000_32", "location_id": "803056000", "address": {"location_id": "803056000", "lat": 42.32214451, "lon": -71.07540064}, "arr_time": 1676294232, "arr_date_time": "2023-02-13T08:17:12-05:00", "end_time": 1676294532, "end_date_time": "2023-02-13T08:22:12-05:00", "waiting_time": 0, "distance": 2015, "driving_time": 1932, "preparation_time": 0, "load_before": [0], "load_after": [0]}, {"type": "service", "id": "802901050_08", "location_id": "802901050", "address": {"location_id": "802901050", "lat": 42.3226694, "lon": -71.07539366}, "arr_time": 1676294577, "arr_date_time": "2023-02-13T08:22:57-05:00", "end_time": 1676294877, "end_date_time": "2023-02-13T08:27:57-05:00", "waiting_time": 0, "distance": 2062, "driving_time": 1977, "preparation_time": 0, "load_before": [0], "load_after": [0]}, {"type": "service", "id": "802950050_12", "location_id": "802950050", "address": {"location_id": "802950050", "lat": 42.32239477, "lon": -71.0756512}, "arr_time": 1676294917, "arr_date_time": "2023-02-13T08:28:37-05:00", "end_time": 1676295217, "end_date_time": "2023-02-13T08:33:37-05:00", "waiting_time": 0, "distance": 2103, "driving_time": 2017, "preparation_time": 0, "load_before": [0], "load_after": [0]}, {"type": "service", "id": "802902050_09", "location_id": "802902050", "address": {"location_id": "802902050", "lat": 42.32262319, "lon": -71.0755024}, "arr_time": 1676295223, "arr_date_time": "2023-02-13T08:33:43-05:00", "end_time": 1676295523, "end_date_time": "2023-02-13T08:38:43-05:00", "waiting_time": 0, "distance": 2109, "driving_time": 2023, "preparation_time": 0, "load_before": [0], "load_after": [0]}, {"type": "service", "id": "802904050_10", "location_id": "802904050", "address": {"location_id": "802904050", "lat": 42.32272647, "lon": -71.07573604}, "arr_time": 1676295541, "arr_date_time": "2023-02-13T08:39:01-05:00", "end_time": 1676295841, "end_date_time": "2023-02-13T08:44:01-05:00", "waiting_time": 0, "distance": 2129, "driving_time": 2041, "preparation_time": 0, "load_before": [0], "load_after": [0]}, {"type": "service", "id": "803060010_33", "location_id": "803060010", "address": {"location_id": "803060010", "lat": 42.32197429, "lon": -71.07491987}, "arr_time": 1676295936, "arr_date_time": "2023-02-13T08:45:36-05:00", "end_time": 1676296236, "end_date_time": "2023-02-13T08:50:36-05:00", "waiting_time": 0, "distance": 2228, "driving_time": 2136, "preparation_time": 0, "load_before": [0], "load_after": [0]}, {"type": "service", "id": "803060020_34", "location_id": "803060020", "address": {"location_id": "803060020", "lat": 42.32195205, "lon": -71.07482661}, "arr_time": 1676296244, "arr_date_time": "2023-02-13T08:50:44-05:00", "end_time": 1676296544, "end_date_time": "2023-02-13T08:55:44-05:00", "waiting_time": 0, "distance": 2236, "driving_time": 2144, "preparation_time": 0, "load_before": [0], "load_after": [0]}, {"type": "service", "id": "803139000_47", "location_id": "803139000", "address": {"location_id": "803139000", "lat": 42.32187446, "lon": -71.07383229}, "arr_time": 1676296620, "arr_date_time": "2023-02-13T08:57:00-05:00", "end_time": 1676296920, "end_date_time": "2023-02-13T09:02:00-05:00", "waiting_time": 0, "distance": 2315, "driving_time": 2220, "preparation_time": 0, "load_before": [0], "load_after": [0]}, {"type": "service", "id": "803093000_36", "location_id": "803093000", "address": {"location_id": "803093000", "lat": 42.32248758, "lon": -71.07426486}, "arr_time": 1676296992, "arr_date_time": "2023-02-13T09:03:12-05:00", "end_time": 1676297292, "end_date_time": "2023-02-13T09:08:12-05:00", "waiting_time": 0, "distance": 2390, "driving_time": 2292, "preparation_time": 0, "load_before": [0], "load_after": [0]}, {"type": "service", "id": "803096010_37", "location_id": "803096010", "address": {"location_id": "803096010", "lat": 42.32274675, "lon": -71.07452123}, "arr_time": 1676297332, "arr_date_time": "2023-02-13T09:08:52-05:00", "end_time": 1676297632, "end_date_time": "2023-02-13T09:13:52-05:00", "waiting_time": 0, "distance": 2432, "driving_time": 2332, "preparation_time": 0, "load_before": [0], "load_after": [0]}, {"type": "service", "id": "803097010_38", "location_id": "803097010", "address": {"location_id": "803097010", "lat": 42.32282312, "lon": -71.07475771}, "arr_time": 1676297651, "arr_date_time": "2023-02-13T09:14:11-05:00", "end_time": 1676297951, "end_date_time": "2023-02-13T09:19:11-05:00", "waiting_time": 0, "distance": 2451, "driving_time": 2351, "preparation_time": 0, "load_before": [0], "load_after": [0]}, {"type": "service", "id": "802899050_07", "location_id": "802899050", "address": {"location_id": "802899050", "lat": 42.32285044, "lon": -71.07522522}, "arr_time": 1676297977, "arr_date_time": "2023-02-13T09:19:37-05:00", "end_time": 1676298277, "end_date_time": "2023-02-13T09:24:37-05:00", "waiting_time": 0, "distance": 2478, "driving_time": 2377, "preparation_time": 0, "load_before": [0], "load_after": [0]}, {"type": "service", "id": "802875050_03", "location_id": "802875050", "address": {"location_id": "802875050", "lat": 42.32305691, "lon": -71.0750509}, "arr_time": 1676298285, "arr_date_time": "2023-02-13T09:24:45-05:00", "end_time": 1676298585, "end_date_time": "2023-02-13T09:29:45-05:00", "waiting_time": 0, "distance": 2487, "driving_time": 2385, "preparation_time": 0, "load_before": [0], "load_after": [0]}, {"type": "service", "id": "802920050_11", "location_id": "802920050", "address": {"location_id": "802920050", "lat": 42.32301969, "lon": -71.07543768}, "arr_time": 1676298601, "arr_date_time": "2023-02-13T09:30:01-05:00", "end_time": 1676298901, "end_date_time": "2023-02-13T09:35:01-05:00", "waiting_time": 0, "distance": 2504, "driving_time": 2401, "preparation_time": 0, "load_before": [0], "load_after": [0]}, {"type": "service", "id": "802898050_06", "location_id": "802898050", "address": {"location_id": "802898050", "lat": 42.32288649, "lon": -71.07542614}, "arr_time": 1676298913, "arr_date_time": "2023-02-13T09:35:13-05:00", "end_time": 1676299213, "end_date_time": "2023-02-13T09:40:13-05:00", "waiting_time": 0, "distance": 2516, "driving_time": 2413, "preparation_time": 0, "load_before": [0], "load_after": [0]}, {"type": "end", "location_id": "802891050", "address": {"location_id": "802891050", "lat": 42.32356584, "lon": -71.07519394}, "arr_time": 1676299343, "arr_date_time": "2023-02-13T09:42:23-05:00", "end_time": 1676299343, "end_date_time": "2023-02-13T09:42:23-05:00", "waiting_time": 0, "distance": 2651, "driving_time": 2543, "preparation_time": 0, "load_before": [0]}]}], "unassigned": {"services": [], "shipments": [], "breaks": [], "details": []}}}