{"copyrights": ["GraphHopper", "OpenStreetMap contributors"], "job_id": "f2c2adf3-f483-4db5-a948-b446135b50ae", "status": "finished", "waiting_time_in_queue": 0, "processing_time": 110, "solution": {"costs": 315, "distance": 2692, "time": 2579, "transport_time": 2579, "completion_time": 14279, "max_operation_time": 14279, "waiting_time": 0, "service_duration": 11700, "preparation_time": 0, "no_vehicles": 1, "no_unassigned": 0, "routes": [{"vehicle_id": "my_vehicle", "shift_id": "default-shift", "distance": 2692, "transport_time": 2579, "completion_time": 14279, "waiting_time": 0, "service_duration": 11700, "preparation_time": 0, "activities": [{"type": "start", "location_id": "1704304001", "address": {"location_id": "1704304001", "lat": 42.2822156, "lon": -71.06975881}, "arr_time": 1676278800, "arr_date_time": "2023-02-13T04:00:00-05:00", "end_time": 1676278800, "end_date_time": "2023-02-13T04:00:00-05:00", "waiting_time": 0, "distance": 0, "driving_time": 0, "preparation_time": 0, "load_after": [0]}, {"type": "service", "id": "1704304000_23", "location_id": "1704304000", "address": {"location_id": "1704304000", "lat": 42.28216641, "lon": -71.06992635}, "arr_time": 1676278800, "arr_date_time": "2023-02-13T04:00:00-05:00", "end_time": 1676279100, "end_date_time": "2023-02-13T04:05:00-05:00", "waiting_time": 0, "distance": 0, "driving_time": 0, "preparation_time": 0, "load_before": [0], "load_after": [0]}, {"type": "service", "id": "1704302000_22", "location_id": "1704302000", "address": {"location_id": "1704302000", "lat": 42.28208985, "lon": -71.07031877}, "arr_time": 1676279104, "arr_date_time": "2023-02-13T04:05:04-05:00", "end_time": 1676279404, "end_date_time": "2023-02-13T04:10:04-05:00", "waiting_time": 0, "distance": 4, "driving_time": 4, "preparation_time": 0, "load_before": [0], "load_after": [0]}, {"type": "service", "id": "1704305000_24", "location_id": "1704305000", "address": {"location_id": "1704305000", "lat": 42.28228512, "lon": -71.0695295}, "arr_time": 1676279472, "arr_date_time": "2023-02-13T04:11:12-05:00", "end_time": 1676279772, "end_date_time": "2023-02-13T04:16:12-05:00", "waiting_time": 0, "distance": 75, "driving_time": 72, "preparation_time": 0, "load_before": [0], "load_after": [0]}, {"type": "service", "id": "1704296000_21", "location_id": "1704296000", "address": {"location_id": "1704296000", "lat": 42.28181299, "lon": -71.07079207}, "arr_time": 1676279941, "arr_date_time": "2023-02-13T04:19:01-05:00", "end_time": 1676280241, "end_date_time": "2023-02-13T04:24:01-05:00", "waiting_time": 0, "distance": 252, "driving_time": 241, "preparation_time": 0, "load_before": [0], "load_after": [0]}, {"type": "service", "id": "1704358000_29", "location_id": "1704358000", "address": {"location_id": "1704358000", "lat": 42.28124341, "lon": -71.07064184}, "arr_time": 1676280315, "arr_date_time": "2023-02-13T04:25:15-05:00", "end_time": 1676280615, "end_date_time": "2023-02-13T04:30:15-05:00", "waiting_time": 0, "distance": 329, "driving_time": 315, "preparation_time": 0, "load_before": [0], "load_after": [0]}, {"type": "service", "id": "1704293000_20", "location_id": "1704293000", "address": {"location_id": "1704293000", "lat": 42.28155258, "lon": -71.070535}, "arr_time": 1676280632, "arr_date_time": "2023-02-13T04:30:32-05:00", "end_time": 1676280932, "end_date_time": "2023-02-13T04:35:32-05:00", "waiting_time": 0, "distance": 347, "driving_time": 332, "preparation_time": 0, "load_before": [0], "load_after": [0]}, {"type": "service", "id": "1704356000_28", "location_id": "1704356000", "address": {"location_id": "1704356000", "lat": 42.28098164, "lon": -71.07050722}, "arr_time": 1676281017, "arr_date_time": "2023-02-13T04:36:57-05:00", "end_time": 1676281317, "end_date_time": "2023-02-13T04:41:57-05:00", "waiting_time": 0, "distance": 436, "driving_time": 417, "preparation_time": 0, "load_before": [0], "load_after": [0]}, {"type": "service", "id": "1704265000_11", "location_id": "1704265000", "address": {"location_id": "1704265000", "lat": 42.28039665, "lon": -71.07011357}, "arr_time": 1676281385, "arr_date_time": "2023-02-13T04:43:05-05:00", "end_time": 1676281685, "end_date_time": "2023-02-13T04:48:05-05:00", "waiting_time": 0, "distance": 507, "driving_time": 485, "preparation_time": 0, "load_before": [0], "load_after": [0]}, {"type": "service", "id": "1704264000_10", "location_id": "1704264000", "address": {"location_id": "1704264000", "lat": 42.28027344, "lon": -71.07004428}, "arr_time": 1676281701, "arr_date_time": "2023-02-13T04:48:21-05:00", "end_time": 1676282001, "end_date_time": "2023-02-13T04:53:21-05:00", "waiting_time": 0, "distance": 523, "driving_time": 501, "preparation_time": 0, "load_before": [0], "load_after": [0]}, {"type": "service", "id": "1704262000_08", "location_id": "1704262000", "address": {"location_id": "1704262000", "lat": 42.28001841, "lon": -71.06989944}, "arr_time": 1676282032, "arr_date_time": "2023-02-13T04:53:52-05:00", "end_time": 1676282332, "end_date_time": "2023-02-13T04:58:52-05:00", "waiting_time": 0, "distance": 556, "driving_time": 532, "preparation_time": 0, "load_before": [0], "load_after": [0]}, {"type": "service", "id": "1704261000_07", "location_id": "1704261000", "address": {"location_id": "1704261000", "lat": 42.27988905, "lon": -71.06982628}, "arr_time": 1676282347, "arr_date_time": "2023-02-13T04:59:07-05:00", "end_time": 1676282647, "end_date_time": "2023-02-13T05:04:07-05:00", "waiting_time": 0, "distance": 572, "driving_time": 547, "preparation_time": 0, "load_before": [0], "load_after": [0]}, {"type": "service", "id": "1704260000_06", "location_id": "1704260000", "address": {"location_id": "1704260000", "lat": 42.27976406, "lon": -71.06975518}, "arr_time": 1676282661, "arr_date_time": "2023-02-13T05:04:21-05:00", "end_time": 1676282961, "end_date_time": "2023-02-13T05:09:21-05:00", "waiting_time": 0, "distance": 587, "driving_time": 561, "preparation_time": 0, "load_before": [0], "load_after": [0]}, {"type": "service", "id": "1704259000_05", "location_id": "1704259000", "address": {"location_id": "1704259000", "lat": 42.27964039, "lon": -71.06968537}, "arr_time": 1676282976, "arr_date_time": "2023-02-13T05:09:36-05:00", "end_time": 1676283276, "end_date_time": "2023-02-13T05:14:36-05:00", "waiting_time": 0, "distance": 602, "driving_time": 576, "preparation_time": 0, "load_before": [0], "load_after": [0]}, {"type": "service", "id": "1704258000_04", "location_id": "1704258000", "address": {"location_id": "1704258000", "lat": 42.2795126, "lon": -71.06961323}, "arr_time": 1676283291, "arr_date_time": "2023-02-13T05:14:51-05:00", "end_time": 1676283591, "end_date_time": "2023-02-13T05:19:51-05:00", "waiting_time": 0, "distance": 617, "driving_time": 591, "preparation_time": 0, "load_before": [0], "load_after": [0]}, {"type": "service", "id": "1704263000_09", "location_id": "1704263000", "address": {"location_id": "1704263000", "lat": 42.28014779, "lon": -71.06997301}, "arr_time": 1676283665, "arr_date_time": "2023-02-13T05:21:05-05:00", "end_time": 1676283965, "end_date_time": "2023-02-13T05:26:05-05:00", "waiting_time": 0, "distance": 695, "driving_time": 665, "preparation_time": 0, "load_before": [0], "load_after": [0]}, {"type": "service", "id": "1704266000_12", "location_id": "1704266000", "address": {"location_id": "1704266000", "lat": 42.28049982, "lon": -71.07023926}, "arr_time": 1676284009, "arr_date_time": "2023-02-13T05:26:49-05:00", "end_time": 1676284309, "end_date_time": "2023-02-13T05:31:49-05:00", "waiting_time": 0, "distance": 741, "driving_time": 709, "preparation_time": 0, "load_before": [0], "load_after": [0]}, {"type": "service", "id": "1704355000_27", "location_id": "1704355000", "address": {"location_id": "1704355000", "lat": 42.28085546, "lon": -71.07043821}, "arr_time": 1676284357, "arr_date_time": "2023-02-13T05:32:37-05:00", "end_time": 1676284657, "end_date_time": "2023-02-13T05:37:37-05:00", "waiting_time": 0, "distance": 791, "driving_time": 757, "preparation_time": 0, "load_before": [0], "load_after": [0]}, {"type": "service", "id": "1704241000_01", "location_id": "1704241000", "address": {"location_id": "1704241000", "lat": 42.28062308, "lon": -71.07004136}, "arr_time": 1676284677, "arr_date_time": "2023-02-13T05:37:57-05:00", "end_time": 1676284977, "end_date_time": "2023-02-13T05:42:57-05:00", "waiting_time": 0, "distance": 811, "driving_time": 777, "preparation_time": 0, "load_before": [0], "load_after": [0]}, {"type": "service", "id": "1704354000_26", "location_id": "1704354000", "address": {"location_id": "1704354000", "lat": 42.28103162, "lon": -71.07024264}, "arr_time": 1676284979, "arr_date_time": "2023-02-13T05:42:59-05:00", "end_time": 1676285279, "end_date_time": "2023-02-13T05:47:59-05:00", "waiting_time": 0, "distance": 813, "driving_time": 779, "preparation_time": 0, "load_before": [0], "load_after": [0]}, {"type": "service", "id": "1704242000_02", "location_id": "1704242000", "address": {"location_id": "1704242000", "lat": 42.28076212, "lon": -71.06983827}, "arr_time": 1676285297, "arr_date_time": "2023-02-13T05:48:17-05:00", "end_time": 1676285597, "end_date_time": "2023-02-13T05:53:17-05:00", "waiting_time": 0, "distance": 832, "driving_time": 797, "preparation_time": 0, "load_before": [0], "load_after": [0]}, {"type": "service", "id": "1704267000_13", "location_id": "1704267000", "address": {"location_id": "1704267000", "lat": 42.28091194, "lon": -71.06937415}, "arr_time": 1676285637, "arr_date_time": "2023-02-13T05:53:57-05:00", "end_time": 1676285937, "end_date_time": "2023-02-13T05:58:57-05:00", "waiting_time": 0, "distance": 874, "driving_time": 837, "preparation_time": 0, "load_before": [0], "load_after": [0]}, {"type": "service", "id": "1704291000_19", "location_id": "1704291000", "address": {"location_id": "1704291000", "lat": 42.28065519, "lon": -71.06924122}, "arr_time": 1676286001, "arr_date_time": "2023-02-13T06:00:01-05:00", "end_time": 1676286301, "end_date_time": "2023-02-13T06:05:01-05:00", "waiting_time": 0, "distance": 941, "driving_time": 901, "preparation_time": 0, "load_before": [0], "load_after": [0]}, {"type": "service", "id": "1704244000_03", "location_id": "1704244000", "address": {"location_id": "1704244000", "lat": 42.28050619, "lon": -71.06973575}, "arr_time": 1676286301, "arr_date_time": "2023-02-13T06:05:01-05:00", "end_time": 1676286601, "end_date_time": "2023-02-13T06:10:01-05:00", "waiting_time": 0, "distance": 942, "driving_time": 901, "preparation_time": 0, "load_before": [0], "load_after": [0]}, {"type": "service", "id": "1704287000_18", "location_id": "1704287000", "address": {"location_id": "1704287000", "lat": 42.28014252, "lon": -71.06897261}, "arr_time": 1676286660, "arr_date_time": "2023-02-13T06:11:00-05:00", "end_time": 1676286960, "end_date_time": "2023-02-13T06:16:00-05:00", "waiting_time": 0, "distance": 1003, "driving_time": 960, "preparation_time": 0, "load_before": [0], "load_after": [0]}, {"type": "service", "id": "1704285000_17", "location_id": "1704285000", "address": {"location_id": "1704285000", "lat": 42.27988698, "lon": -71.06883768}, "arr_time": 1676286989, "arr_date_time": "2023-02-13T06:16:29-05:00", "end_time": 1676287289, "end_date_time": "2023-02-13T06:21:29-05:00", "waiting_time": 0, "distance": 1034, "driving_time": 989, "preparation_time": 0, "load_before": [0], "load_after": [0]}, {"type": "service", "id": "1704284000_16", "location_id": "1704284000", "address": {"location_id": "1704284000", "lat": 42.27975848, "lon": -71.06877036}, "arr_time": 1676287304, "arr_date_time": "2023-02-13T06:21:44-05:00", "end_time": 1676287604, "end_date_time": "2023-02-13T06:26:44-05:00", "waiting_time": 0, "distance": 1049, "driving_time": 1004, "preparation_time": 0, "load_before": [0], "load_after": [0]}, {"type": "service", "id": "1704418000_30", "location_id": "1704418000", "address": {"location_id": "1704418000", "lat": 42.27969814, "lon": -71.06765573}, "arr_time": 1676288040, "arr_date_time": "2023-02-13T06:34:00-05:00", "end_time": 1676288340, "end_date_time": "2023-02-13T06:39:00-05:00", "waiting_time": 0, "distance": 1504, "driving_time": 1440, "preparation_time": 0, "load_before": [0], "load_after": [0]}, {"type": "service", "id": "1704273000_15", "location_id": "1704273000", "address": {"location_id": "1704273000", "lat": 42.28037149, "lon": -71.06867701}, "arr_time": 1676288756, "arr_date_time": "2023-02-13T06:45:56-05:00", "end_time": 1676289056, "end_date_time": "2023-02-13T06:50:56-05:00", "waiting_time": 0, "distance": 1937, "driving_time": 1856, "preparation_time": 0, "load_before": [0], "load_after": [0]}, {"type": "service", "id": "1704426000_31", "location_id": "1704426000", "address": {"location_id": "1704426000", "lat": 42.28052176, "lon": -71.06818727}, "arr_time": 1676289057, "arr_date_time": "2023-02-13T06:50:57-05:00", "end_time": 1676289357, "end_date_time": "2023-02-13T06:55:57-05:00", "waiting_time": 0, "distance": 1938, "driving_time": 1857, "preparation_time": 0, "load_before": [0], "load_after": [0]}, {"type": "service", "id": "1704429000_32", "location_id": "1704429000", "address": {"location_id": "1704429000", "lat": 42.28090481, "lon": -71.06838812}, "arr_time": 1676289401, "arr_date_time": "2023-02-13T06:56:41-05:00", "end_time": 1676289701, "end_date_time": "2023-02-13T07:01:41-05:00", "waiting_time": 0, "distance": 1984, "driving_time": 1901, "preparation_time": 0, "load_before": [0], "load_after": [0]}, {"type": "service", "id": "1704268000_14", "location_id": "1704268000", "address": {"location_id": "1704268000", "lat": 42.28101786, "lon": -71.06901377}, "arr_time": 1676289765, "arr_date_time": "2023-02-13T07:02:45-05:00", "end_time": 1676290065, "end_date_time": "2023-02-13T07:07:45-05:00", "waiting_time": 0, "distance": 2051, "driving_time": 1965, "preparation_time": 0, "load_before": [0], "load_after": [0]}, {"type": "service", "id": "1704432000_33", "location_id": "1704432000", "address": {"location_id": "1704432000", "lat": 42.28128967, "lon": -71.06859123}, "arr_time": 1676290089, "arr_date_time": "2023-02-13T07:08:09-05:00", "end_time": 1676290389, "end_date_time": "2023-02-13T07:13:09-05:00", "waiting_time": 0, "distance": 2076, "driving_time": 1989, "preparation_time": 0, "load_before": [0], "load_after": [0]}, {"type": "service", "id": "1704433000_34", "location_id": "1704433000", "address": {"location_id": "1704433000", "lat": 42.28141154, "lon": -71.06865515}, "arr_time": 1676290403, "arr_date_time": "2023-02-13T07:13:23-05:00", "end_time": 1676290703, "end_date_time": "2023-02-13T07:18:23-05:00", "waiting_time": 0, "distance": 2091, "driving_time": 2003, "preparation_time": 0, "load_before": [0], "load_after": [0]}, {"type": "service", "id": "1704352000_25", "location_id": "1704352000", "address": {"location_id": "1704352000", "lat": 42.28198362, "lon": -71.06929823}, "arr_time": 1676290779, "arr_date_time": "2023-02-13T07:19:39-05:00", "end_time": 1676291079, "end_date_time": "2023-02-13T07:24:39-05:00", "waiting_time": 0, "distance": 2170, "driving_time": 2079, "preparation_time": 0, "load_before": [0], "load_after": [0]}, {"type": "service", "id": "1704437000_35", "location_id": "1704437000", "address": {"location_id": "1704437000", "lat": 42.28189771, "lon": -71.06857516}, "arr_time": 1676291143, "arr_date_time": "2023-02-13T07:25:43-05:00", "end_time": 1676291443, "end_date_time": "2023-02-13T07:30:43-05:00", "waiting_time": 0, "distance": 2237, "driving_time": 2143, "preparation_time": 0, "load_before": [0], "load_after": [0]}, {"type": "service", "id": "1704438000_36", "location_id": "1704438000", "address": {"location_id": "1704438000", "lat": 42.28177598, "lon": -71.06851235}, "arr_time": 1676291483, "arr_date_time": "2023-02-13T07:31:23-05:00", "end_time": 1676291783, "end_date_time": "2023-02-13T07:36:23-05:00", "waiting_time": 0, "distance": 2279, "driving_time": 2183, "preparation_time": 0, "load_before": [0], "load_after": [0]}, {"type": "service", "id": "1704439000_37", "location_id": "1704439000", "address": {"location_id": "1704439000", "lat": 42.28162128, "lon": -71.06843141}, "arr_time": 1676291800, "arr_date_time": "2023-02-13T07:36:40-05:00", "end_time": 1676292100, "end_date_time": "2023-02-13T07:41:40-05:00", "waiting_time": 0, "distance": 2297, "driving_time": 2200, "preparation_time": 0, "load_before": [0], "load_after": [0]}, {"type": "service", "id": "1704440000_38", "location_id": "1704440000", "address": {"location_id": "1704440000", "lat": 42.28148331, "lon": -71.0683591}, "arr_time": 1676292116, "arr_date_time": "2023-02-13T07:41:56-05:00", "end_time": 1676292416, "end_date_time": "2023-02-13T07:46:56-05:00", "waiting_time": 0, "distance": 2314, "driving_time": 2216, "preparation_time": 0, "load_before": [0], "load_after": [0]}, {"type": "service", "id": "1704444000_39", "location_id": "1704444000", "address": {"location_id": "1704444000", "lat": 42.28092743, "lon": -71.06806814}, "arr_time": 1676292480, "arr_date_time": "2023-02-13T07:48:00-05:00", "end_time": 1676292780, "end_date_time": "2023-02-13T07:53:00-05:00", "waiting_time": 0, "distance": 2381, "driving_time": 2280, "preparation_time": 0, "load_before": [0], "load_after": [0]}, {"type": "end", "location_id": "1704304001", "address": {"location_id": "1704304001", "lat": 42.2822156, "lon": -71.06975881}, "arr_time": 1676293079, "arr_date_time": "2023-02-13T07:57:59-05:00", "end_time": 1676293079, "end_date_time": "2023-02-13T07:57:59-05:00", "waiting_time": 0, "distance": 2692, "driving_time": 2579, "preparation_time": 0, "load_before": [0]}]}], "unassigned": {"services": [], "shipments": [], "breaks": [], "details": []}}}