{"copyrights": ["GraphHopper", "OpenStreetMap contributors"], "job_id": "0b3a7796-c79e-454d-b713-377d00e689f9", "status": "finished", "waiting_time_in_queue": 0, "processing_time": 98, "solution": {"costs": 313, "distance": 2187, "time": 2100, "transport_time": 2100, "completion_time": 14100, "max_operation_time": 14100, "waiting_time": 0, "service_duration": 12000, "preparation_time": 0, "no_vehicles": 1, "no_unassigned": 0, "routes": [{"vehicle_id": "my_vehicle", "shift_id": "default-shift", "distance": 2187, "transport_time": 2100, "completion_time": 14100, "waiting_time": 0, "service_duration": 12000, "preparation_time": 0, "activities": [{"type": "start", "location_id": "1603832000", "address": {"location_id": "1603832000", "lat": 42.28908019, "lon": -71.0517389}, "arr_time": 1676278800, "arr_date_time": "2023-02-13T04:00:00-05:00", "end_time": 1676278800, "end_date_time": "2023-02-13T04:00:00-05:00", "waiting_time": 0, "distance": 0, "driving_time": 0, "preparation_time": 0, "load_after": [0]}, {"type": "service", "id": "1603830000_32", "location_id": "1603830000", "address": {"location_id": "1603830000", "lat": 42.28894512, "lon": -71.05206445}, "arr_time": 1676278829, "arr_date_time": "2023-02-13T04:00:29-05:00", "end_time": 1676279129, "end_date_time": "2023-02-13T04:05:29-05:00", "waiting_time": 0, "distance": 30, "driving_time": 29, "preparation_time": 0, "load_before": [0], "load_after": [0]}, {"type": "service", "id": "1603829000_31", "location_id": "1603829000", "address": {"location_id": "1603829000", "lat": 42.28879297, "lon": -71.05210782}, "arr_time": 1676279139, "arr_date_time": "2023-02-13T04:05:39-05:00", "end_time": 1676279439, "end_date_time": "2023-02-13T04:10:39-05:00", "waiting_time": 0, "distance": 39, "driving_time": 39, "preparation_time": 0, "load_before": [0], "load_after": [0]}, {"type": "service", "id": "1603828000_30", "location_id": "1603828000", "address": {"location_id": "1603828000", "lat": 42.28887067, "lon": -71.05232713}, "arr_time": 1676279452, "arr_date_time": "2023-02-13T04:10:52-05:00", "end_time": 1676279752, "end_date_time": "2023-02-13T04:15:52-05:00", "waiting_time": 0, "distance": 53, "driving_time": 52, "preparation_time": 0, "load_before": [0], "load_after": [0]}, {"type": "service", "id": "1603812000_19", "location_id": "1603812000", "address": {"location_id": "1603812000", "lat": 42.28850172, "lon": -71.05295994}, "arr_time": 1676279821, "arr_date_time": "2023-02-13T04:17:01-05:00", "end_time": 1676280121, "end_date_time": "2023-02-13T04:22:01-05:00", "waiting_time": 0, "distance": 125, "driving_time": 121, "preparation_time": 0, "load_before": [0], "load_after": [0]}, {"type": "service", "id": "1603854000_40", "location_id": "1603854000", "address": {"location_id": "1603854000", "lat": 42.28858849, "lon": -71.05240405}, "arr_time": 1676280128, "arr_date_time": "2023-02-13T04:22:08-05:00", "end_time": 1676280428, "end_date_time": "2023-02-13T04:27:08-05:00", "waiting_time": 0, "distance": 132, "driving_time": 128, "preparation_time": 0, "load_before": [0], "load_after": [0]}, {"type": "service", "id": "1603813000_20", "location_id": "1603813000", "address": {"location_id": "1603813000", "lat": 42.2884586, "lon": -71.05274891}, "arr_time": 1676280432, "arr_date_time": "2023-02-13T04:27:12-05:00", "end_time": 1676280732, "end_date_time": "2023-02-13T04:32:12-05:00", "waiting_time": 0, "distance": 136, "driving_time": 132, "preparation_time": 0, "load_before": [0], "load_after": [0]}, {"type": "service", "id": "1603814000_21", "location_id": "1603814000", "address": {"location_id": "1603814000", "lat": 42.28834842, "lon": -71.05269399}, "arr_time": 1676280744, "arr_date_time": "2023-02-13T04:32:24-05:00", "end_time": 1676281044, "end_date_time": "2023-02-13T04:37:24-05:00", "waiting_time": 0, "distance": 149, "driving_time": 144, "preparation_time": 0, "load_before": [0], "load_after": [0]}, {"type": "service", "id": "1603853000_39", "location_id": "1603853000", "address": {"location_id": "1603853000", "lat": 42.28842955, "lon": -71.05231424}, "arr_time": 1676281047, "arr_date_time": "2023-02-13T04:37:27-05:00", "end_time": 1676281347, "end_date_time": "2023-02-13T04:42:27-05:00", "waiting_time": 0, "distance": 151, "driving_time": 147, "preparation_time": 0, "load_before": [0], "load_after": [0]}, {"type": "service", "id": "1603815000_22", "location_id": "1603815000", "address": {"location_id": "1603815000", "lat": 42.28823561, "lon": -71.0526375}, "arr_time": 1676281357, "arr_date_time": "2023-02-13T04:42:37-05:00", "end_time": 1676281657, "end_date_time": "2023-02-13T04:47:37-05:00", "waiting_time": 0, "distance": 162, "driving_time": 157, "preparation_time": 0, "load_before": [0], "load_after": [0]}, {"type": "service", "id": "1603816000_23", "location_id": "1603816000", "address": {"location_id": "1603816000", "lat": 42.28808674, "lon": -71.0524682}, "arr_time": 1676281677, "arr_date_time": "2023-02-13T04:47:57-05:00", "end_time": 1676281977, "end_date_time": "2023-02-13T04:52:57-05:00", "waiting_time": 0, "distance": 182, "driving_time": 177, "preparation_time": 0, "load_before": [0], "load_after": [0]}, {"type": "service", "id": "1603776000_15", "location_id": "1603776000", "address": {"location_id": "1603776000", "lat": 42.28770364, "lon": -71.05237654}, "arr_time": 1676282015, "arr_date_time": "2023-02-13T04:53:35-05:00", "end_time": 1676282315, "end_date_time": "2023-02-13T04:58:35-05:00", "waiting_time": 0, "distance": 221, "driving_time": 215, "preparation_time": 0, "load_before": [0], "load_after": [0]}, {"type": "service", "id": "1603817000_24", "location_id": "1603817000", "address": {"location_id": "1603817000", "lat": 42.28804819, "lon": -71.0526453}, "arr_time": 1676282327, "arr_date_time": "2023-02-13T04:58:47-05:00", "end_time": 1676282627, "end_date_time": "2023-02-13T05:03:47-05:00", "waiting_time": 0, "distance": 234, "driving_time": 227, "preparation_time": 0, "load_before": [0], "load_after": [0]}, {"type": "service", "id": "1603818000_25", "location_id": "1603818000", "address": {"location_id": "1603818000", "lat": 42.28818965, "lon": -71.05294196}, "arr_time": 1676282645, "arr_date_time": "2023-02-13T05:04:05-05:00", "end_time": 1676282945, "end_date_time": "2023-02-13T05:09:05-05:00", "waiting_time": 0, "distance": 254, "driving_time": 245, "preparation_time": 0, "load_before": [0], "load_after": [0]}, {"type": "service", "id": "1603779000_16", "location_id": "1603779000", "address": {"location_id": "1603779000", "lat": 42.28760513, "lon": -71.05291922}, "arr_time": 1676282959, "arr_date_time": "2023-02-13T05:09:19-05:00", "end_time": 1676283259, "end_date_time": "2023-02-13T05:14:19-05:00", "waiting_time": 0, "distance": 267, "driving_time": 259, "preparation_time": 0, "load_before": [0], "load_after": [0]}, {"type": "service", "id": "1603821000_26", "location_id": "1603821000", "address": {"location_id": "1603821000", "lat": 42.28788378, "lon": -71.05367486}, "arr_time": 1676283309, "arr_date_time": "2023-02-13T05:15:09-05:00", "end_time": 1676283609, "end_date_time": "2023-02-13T05:20:09-05:00", "waiting_time": 0, "distance": 320, "driving_time": 309, "preparation_time": 0, "load_before": [0], "load_after": [0]}, {"type": "service", "id": "1603822000_27", "location_id": "1603822000", "address": {"location_id": "1603822000", "lat": 42.28785026, "lon": -71.05381921}, "arr_time": 1676283621, "arr_date_time": "2023-02-13T05:20:21-05:00", "end_time": 1676283921, "end_date_time": "2023-02-13T05:25:21-05:00", "waiting_time": 0, "distance": 332, "driving_time": 321, "preparation_time": 0, "load_before": [0], "load_after": [0]}, {"type": "service", "id": "1603823000_28", "location_id": "1603823000", "address": {"location_id": "1603823000", "lat": 42.28781913, "lon": -71.053955}, "arr_time": 1676283932, "arr_date_time": "2023-02-13T05:25:32-05:00", "end_time": 1676284232, "end_date_time": "2023-02-13T05:30:32-05:00", "waiting_time": 0, "distance": 344, "driving_time": 332, "preparation_time": 0, "load_before": [0], "load_after": [0]}, {"type": "service", "id": "1603826000_29", "location_id": "1603826000", "address": {"location_id": "1603826000", "lat": 42.28778293, "lon": -71.05440966}, "arr_time": 1676284268, "arr_date_time": "2023-02-13T05:31:08-05:00", "end_time": 1676284568, "end_date_time": "2023-02-13T05:36:08-05:00", "waiting_time": 0, "distance": 381, "driving_time": 368, "preparation_time": 0, "load_before": [0], "load_after": [0]}, {"type": "service", "id": "1603775000_14", "location_id": "1603775000", "address": {"location_id": "1603775000", "lat": 42.28776141, "lon": -71.05205641}, "arr_time": 1676284748, "arr_date_time": "2023-02-13T05:39:08-05:00", "end_time": 1676285048, "end_date_time": "2023-02-13T05:44:08-05:00", "waiting_time": 0, "distance": 569, "driving_time": 548, "preparation_time": 0, "load_before": [0], "load_after": [0]}, {"type": "service", "id": "1603774010_13", "location_id": "1603774010", "address": {"location_id": "1603774010", "lat": 42.28793044, "lon": -71.05173027}, "arr_time": 1676285077, "arr_date_time": "2023-02-13T05:44:37-05:00", "end_time": 1676285377, "end_date_time": "2023-02-13T05:49:37-05:00", "waiting_time": 0, "distance": 599, "driving_time": 577, "preparation_time": 0, "load_before": [0], "load_after": [0]}, {"type": "service", "id": "1603843000_37", "location_id": "1603843000", "address": {"location_id": "1603843000", "lat": 42.28833054, "lon": -71.05139143}, "arr_time": 1676285415, "arr_date_time": "2023-02-13T05:50:15-05:00", "end_time": 1676285715, "end_date_time": "2023-02-13T05:55:15-05:00", "waiting_time": 0, "distance": 638, "driving_time": 615, "preparation_time": 0, "load_before": [0], "load_after": [0]}, {"type": "service", "id": "1603838000_35", "location_id": "1603838000", "address": {"location_id": "1603838000", "lat": 42.2885805, "lon": -71.05150457}, "arr_time": 1676285724, "arr_date_time": "2023-02-13T05:55:24-05:00", "end_time": 1676286024, "end_date_time": "2023-02-13T06:00:24-05:00", "waiting_time": 0, "distance": 648, "driving_time": 624, "preparation_time": 0, "load_before": [0], "load_after": [0]}, {"type": "service", "id": "1603847000_38", "location_id": "1603847000", "address": {"location_id": "1603847000", "lat": 42.28852798, "lon": -71.05193659}, "arr_time": 1676286024, "arr_date_time": "2023-02-13T06:00:24-05:00", "end_time": 1676286324, "end_date_time": "2023-02-13T06:05:24-05:00", "waiting_time": 0, "distance": 648, "driving_time": 624, "preparation_time": 0, "load_before": [0], "load_after": [0]}, {"type": "service", "id": "1603841000_36", "location_id": "1603841000", "address": {"location_id": "1603841000", "lat": 42.28842681, "lon": -71.05124218}, "arr_time": 1676286445, "arr_date_time": "2023-02-13T06:07:25-05:00", "end_time": 1676286745, "end_date_time": "2023-02-13T06:12:25-05:00", "waiting_time": 0, "distance": 775, "driving_time": 745, "preparation_time": 0, "load_before": [0], "load_after": [0]}, {"type": "service", "id": "1603837000_34", "location_id": "1603837000", "address": {"location_id": "1603837000", "lat": 42.28875505, "lon": -71.05147488}, "arr_time": 1676286784, "arr_date_time": "2023-02-13T06:13:04-05:00", "end_time": 1676287084, "end_date_time": "2023-02-13T06:18:04-05:00", "waiting_time": 0, "distance": 816, "driving_time": 784, "preparation_time": 0, "load_before": [0], "load_after": [0]}, {"type": "service", "id": "1603836000_33", "location_id": "1603836000", "address": {"location_id": "1603836000", "lat": 42.28884864, "lon": -71.05152181}, "arr_time": 1676287095, "arr_date_time": "2023-02-13T06:18:15-05:00", "end_time": 1676287395, "end_date_time": "2023-02-13T06:23:15-05:00", "waiting_time": 0, "distance": 827, "driving_time": 795, "preparation_time": 0, "load_before": [0], "load_after": [0]}, {"type": "service", "id": "1603729000_08", "location_id": "1603729000", "address": {"location_id": "1603729000", "lat": 42.28752706, "lon": -71.05099106}, "arr_time": 1676287553, "arr_date_time": "2023-02-13T06:25:53-05:00", "end_time": 1676287853, "end_date_time": "2023-02-13T06:30:53-05:00", "waiting_time": 0, "distance": 992, "driving_time": 953, "preparation_time": 0, "load_before": [0], "load_after": [0]}, {"type": "service", "id": "1603727000_07", "location_id": "1603727000", "address": {"location_id": "1603727000", "lat": 42.28746125, "lon": -71.05134199}, "arr_time": 1676287881, "arr_date_time": "2023-02-13T06:31:21-05:00", "end_time": 1676288181, "end_date_time": "2023-02-13T06:36:21-05:00", "waiting_time": 0, "distance": 1021, "driving_time": 981, "preparation_time": 0, "load_before": [0], "load_after": [0]}, {"type": "service", "id": "1603719000_06", "location_id": "1603719000", "address": {"location_id": "1603719000", "lat": 42.28724437, "lon": -71.05273688}, "arr_time": 1676288293, "arr_date_time": "2023-02-13T06:38:13-05:00", "end_time": 1676288593, "end_date_time": "2023-02-13T06:43:13-05:00", "waiting_time": 0, "distance": 1138, "driving_time": 1093, "preparation_time": 0, "load_before": [0], "load_after": [0]}, {"type": "service", "id": "1603718000_05", "location_id": "1603718000", "address": {"location_id": "1603718000", "lat": 42.28721766, "lon": -71.05288343}, "arr_time": 1676288605, "arr_date_time": "2023-02-13T06:43:25-05:00", "end_time": 1676288905, "end_date_time": "2023-02-13T06:48:25-05:00", "waiting_time": 0, "distance": 1150, "driving_time": 1105, "preparation_time": 0, "load_before": [0], "load_after": [0]}, {"type": "service", "id": "1603717000_04", "location_id": "1603717000", "address": {"location_id": "1603717000", "lat": 42.28719154, "lon": -71.05302364}, "arr_time": 1676288917, "arr_date_time": "2023-02-13T06:48:37-05:00", "end_time": 1676289217, "end_date_time": "2023-02-13T06:53:37-05:00", "waiting_time": 0, "distance": 1162, "driving_time": 1117, "preparation_time": 0, "load_before": [0], "load_after": [0]}, {"type": "service", "id": "1603783000_17", "location_id": "1603783000", "address": {"location_id": "1603783000", "lat": 42.28742567, "lon": -71.05355345}, "arr_time": 1676289252, "arr_date_time": "2023-02-13T06:54:12-05:00", "end_time": 1676289552, "end_date_time": "2023-02-13T06:59:12-05:00", "waiting_time": 0, "distance": 1198, "driving_time": 1152, "preparation_time": 0, "load_before": [0], "load_after": [0]}, {"type": "service", "id": "1603715000_03", "location_id": "1603715000", "address": {"location_id": "1603715000", "lat": 42.28708903, "lon": -71.05362542}, "arr_time": 1676289565, "arr_date_time": "2023-02-13T06:59:25-05:00", "end_time": 1676289865, "end_date_time": "2023-02-13T07:04:25-05:00", "waiting_time": 0, "distance": 1213, "driving_time": 1165, "preparation_time": 0, "load_before": [0], "load_after": [0]}, {"type": "service", "id": "1603784020_18", "location_id": "1603784020", "address": {"location_id": "1603784020", "lat": 42.28743464, "lon": -71.05386815}, "arr_time": 1676289875, "arr_date_time": "2023-02-13T07:04:35-05:00", "end_time": 1676290175, "end_date_time": "2023-02-13T07:09:35-05:00", "waiting_time": 0, "distance": 1223, "driving_time": 1175, "preparation_time": 0, "load_before": [0], "load_after": [0]}, {"type": "service", "id": "1603714000_02", "location_id": "1603714000", "address": {"location_id": "1603714000", "lat": 42.28705603, "lon": -71.05376038}, "arr_time": 1676290176, "arr_date_time": "2023-02-13T07:09:36-05:00", "end_time": 1676290476, "end_date_time": "2023-02-13T07:14:36-05:00", "waiting_time": 0, "distance": 1224, "driving_time": 1176, "preparation_time": 0, "load_before": [0], "load_after": [0]}, {"type": "service", "id": "1603713000_01", "location_id": "1603713000", "address": {"location_id": "1603713000", "lat": 42.28703077, "lon": -71.05390043}, "arr_time": 1676290487, "arr_date_time": "2023-02-13T07:14:47-05:00", "end_time": 1676290787, "end_date_time": "2023-02-13T07:19:47-05:00", "waiting_time": 0, "distance": 1235, "driving_time": 1187, "preparation_time": 0, "load_before": [0], "load_after": [0]}, {"type": "service", "id": "1603752000_12", "location_id": "1603752000", "address": {"location_id": "1603752000", "lat": 42.28706397, "lon": -71.05219822}, "arr_time": 1676291072, "arr_date_time": "2023-02-13T07:24:32-05:00", "end_time": 1676291372, "end_date_time": "2023-02-13T07:29:32-05:00", "waiting_time": 0, "distance": 1532, "driving_time": 1472, "preparation_time": 0, "load_before": [0], "load_after": [0]}, {"type": "service", "id": "1603751000_11", "location_id": "1603751000", "address": {"location_id": "1603751000", "lat": 42.2870811, "lon": -71.05199728}, "arr_time": 1676291388, "arr_date_time": "2023-02-13T07:29:48-05:00", "end_time": 1676291688, "end_date_time": "2023-02-13T07:34:48-05:00", "waiting_time": 0, "distance": 1549, "driving_time": 1488, "preparation_time": 0, "load_before": [0], "load_after": [0]}, {"type": "service", "id": "1603750001_10", "location_id": "1603750001", "address": {"location_id": "1603750001", "lat": 42.28709467, "lon": -71.05182527}, "arr_time": 1676291701, "arr_date_time": "2023-02-13T07:35:01-05:00", "end_time": 1676292001, "end_date_time": "2023-02-13T07:40:01-05:00", "waiting_time": 0, "distance": 1563, "driving_time": 1501, "preparation_time": 0, "load_before": [0], "load_after": [0]}, {"type": "service", "id": "1603750000_09", "location_id": "1603750000", "address": {"location_id": "1603750000", "lat": 42.28711308, "lon": -71.05161309}, "arr_time": 1676292017, "arr_date_time": "2023-02-13T07:40:17-05:00", "end_time": 1676292317, "end_date_time": "2023-02-13T07:45:17-05:00", "waiting_time": 0, "distance": 1580, "driving_time": 1517, "preparation_time": 0, "load_before": [0], "load_after": [0]}, {"type": "end", "location_id": "1603832000", "address": {"location_id": "1603832000", "lat": 42.28908019, "lon": -71.0517389}, "arr_time": 1676292900, "arr_date_time": "2023-02-13T07:55:00-05:00", "end_time": 1676292900, "end_date_time": "2023-02-13T07:55:00-05:00", "waiting_time": 0, "distance": 2187, "driving_time": 2100, "preparation_time": 0, "load_before": [0]}]}], "unassigned": {"services": [], "shipments": [], "breaks": [], "details": []}}}