{"copyrights": ["GraphHopper", "OpenStreetMap contributors"], "job_id": "07b77a4b-7879-4dda-b16b-ae7c10c7918c", "status": "finished", "waiting_time_in_queue": 0, "processing_time": 122, "solution": {"costs": 336, "distance": 2371, "time": 2275, "transport_time": 2275, "completion_time": 16975, "max_operation_time": 16975, "waiting_time": 0, "service_duration": 14700, "preparation_time": 0, "no_vehicles": 1, "no_unassigned": 0, "routes": [{"vehicle_id": "my_vehicle", "shift_id": "default-shift", "distance": 2371, "transport_time": 2275, "completion_time": 16975, "waiting_time": 0, "service_duration": 14700, "preparation_time": 0, "activities": [{"type": "start", "location_id": "1500887000", "address": {"location_id": "1500887000", "lat": 42.301891, "lon": -71.06963223}, "arr_time": 1676278800, "arr_date_time": "2023-02-13T04:00:00-05:00", "end_time": 1676278800, "end_date_time": "2023-02-13T04:00:00-05:00", "waiting_time": 0, "distance": 0, "driving_time": 0, "preparation_time": 0, "load_after": [0]}, {"type": "service", "id": "1500879000_38", "location_id": "1500879000", "address": {"location_id": "1500879000", "lat": 42.30162665, "lon": -71.06953734}, "arr_time": 1676278800, "arr_date_time": "2023-02-13T04:00:00-05:00", "end_time": 1676279100, "end_date_time": "2023-02-13T04:05:00-05:00", "waiting_time": 0, "distance": 1, "driving_time": 0, "preparation_time": 0, "load_before": [0], "load_after": [0]}, {"type": "service", "id": "1500878000_37", "location_id": "1500878000", "address": {"location_id": "1500878000", "lat": 42.30158882, "lon": -71.06971421}, "arr_time": 1676279115, "arr_date_time": "2023-02-13T04:05:15-05:00", "end_time": 1676279415, "end_date_time": "2023-02-13T04:10:15-05:00", "waiting_time": 0, "distance": 16, "driving_time": 15, "preparation_time": 0, "load_before": [0], "load_after": [0]}, {"type": "service", "id": "1500889000_43", "location_id": "1500889000", "address": {"location_id": "1500889000", "lat": 42.30184143, "lon": -71.06999632}, "arr_time": 1676279429, "arr_date_time": "2023-02-13T04:10:29-05:00", "end_time": 1676279729, "end_date_time": "2023-02-13T04:15:29-05:00", "waiting_time": 0, "distance": 31, "driving_time": 29, "preparation_time": 0, "load_before": [0], "load_after": [0]}, {"type": "service", "id": "1500876000_36", "location_id": "1500876000", "address": {"location_id": "1500876000", "lat": 42.30151357, "lon": -71.07006623}, "arr_time": 1676279744, "arr_date_time": "2023-02-13T04:15:44-05:00", "end_time": 1676280044, "end_date_time": "2023-02-13T04:20:44-05:00", "waiting_time": 0, "distance": 47, "driving_time": 44, "preparation_time": 0, "load_before": [0], "load_after": [0]}, {"type": "service", "id": "1500891000_44", "location_id": "1500891000", "address": {"location_id": "1500891000", "lat": 42.30176593, "lon": -71.07035832}, "arr_time": 1676280059, "arr_date_time": "2023-02-13T04:20:59-05:00", "end_time": 1676280359, "end_date_time": "2023-02-13T04:25:59-05:00", "waiting_time": 0, "distance": 62, "driving_time": 59, "preparation_time": 0, "load_before": [0], "load_after": [0]}, {"type": "service", "id": "1500892000_45", "location_id": "1500892000", "address": {"location_id": "1500892000", "lat": 42.30172909, "lon": -71.07053686}, "arr_time": 1676280373, "arr_date_time": "2023-02-13T04:26:13-05:00", "end_time": 1676280673, "end_date_time": "2023-02-13T04:31:13-05:00", "waiting_time": 0, "distance": 77, "driving_time": 73, "preparation_time": 0, "load_before": [0], "load_after": [0]}, {"type": "service", "id": "1500874000_35", "location_id": "1500874000", "address": {"location_id": "1500874000", "lat": 42.30143773, "lon": -71.07041657}, "arr_time": 1676280673, "arr_date_time": "2023-02-13T04:31:13-05:00", "end_time": 1676280973, "end_date_time": "2023-02-13T04:36:13-05:00", "waiting_time": 0, "distance": 78, "driving_time": 73, "preparation_time": 0, "load_before": [0], "load_after": [0]}, {"type": "service", "id": "1500873000_34", "location_id": "1500873000", "address": {"location_id": "1500873000", "lat": 42.30138884, "lon": -71.07064373}, "arr_time": 1676280992, "arr_date_time": "2023-02-13T04:36:32-05:00", "end_time": 1676281292, "end_date_time": "2023-02-13T04:41:32-05:00", "waiting_time": 0, "distance": 97, "driving_time": 92, "preparation_time": 0, "load_before": [0], "load_after": [0]}, {"type": "service", "id": "1500872000_33", "location_id": "1500872000", "address": {"location_id": "1500872000", "lat": 42.30132929, "lon": -71.07091856}, "arr_time": 1676281315, "arr_date_time": "2023-02-13T04:41:55-05:00", "end_time": 1676281615, "end_date_time": "2023-02-13T04:46:55-05:00", "waiting_time": 0, "distance": 121, "driving_time": 115, "preparation_time": 0, "load_before": [0], "load_after": [0]}, {"type": "service", "id": "1500895000_46", "location_id": "1500895000", "address": {"location_id": "1500895000", "lat": 42.30161992, "lon": -71.07106447}, "arr_time": 1676281617, "arr_date_time": "2023-02-13T04:46:57-05:00", "end_time": 1676281917, "end_date_time": "2023-02-13T04:51:57-05:00", "waiting_time": 0, "distance": 124, "driving_time": 117, "preparation_time": 0, "load_before": [0], "load_after": [0]}, {"type": "service", "id": "1500897000_47", "location_id": "1500897000", "address": {"location_id": "1500897000", "lat": 42.30155246, "lon": -71.07139354}, "arr_time": 1676281947, "arr_date_time": "2023-02-13T04:52:27-05:00", "end_time": 1676282247, "end_date_time": "2023-02-13T04:57:27-05:00", "waiting_time": 0, "distance": 154, "driving_time": 147, "preparation_time": 0, "load_before": [0], "load_after": [0]}, {"type": "service", "id": "1500898000_48", "location_id": "1500898000", "address": {"location_id": "1500898000", "lat": 42.30148776, "lon": -71.07154408}, "arr_time": 1676282260, "arr_date_time": "2023-02-13T04:57:40-05:00", "end_time": 1676282560, "end_date_time": "2023-02-13T05:02:40-05:00", "waiting_time": 0, "distance": 168, "driving_time": 160, "preparation_time": 0, "load_before": [0], "load_after": [0]}, {"type": "service", "id": "1500868000_32", "location_id": "1500868000", "address": {"location_id": "1500868000", "lat": 42.3011809, "lon": -71.07176243}, "arr_time": 1676282585, "arr_date_time": "2023-02-13T05:03:05-05:00", "end_time": 1676282885, "end_date_time": "2023-02-13T05:08:05-05:00", "waiting_time": 0, "distance": 194, "driving_time": 185, "preparation_time": 0, "load_before": [0], "load_after": [0]}, {"type": "service", "id": "1500900000_49", "location_id": "1500900000", "address": {"location_id": "1500900000", "lat": 42.30158774, "lon": -71.07173326}, "arr_time": 1676282948, "arr_date_time": "2023-02-13T05:09:08-05:00", "end_time": 1676283248, "end_date_time": "2023-02-13T05:14:08-05:00", "waiting_time": 0, "distance": 259, "driving_time": 248, "preparation_time": 0, "load_before": [0], "load_after": [0]}, {"type": "service", "id": "1500866000_31", "location_id": "1500866000", "address": {"location_id": "1500866000", "lat": 42.3009645, "lon": -71.0717791}, "arr_time": 1676283323, "arr_date_time": "2023-02-13T05:15:23-05:00", "end_time": 1676283623, "end_date_time": "2023-02-13T05:20:23-05:00", "waiting_time": 0, "distance": 337, "driving_time": 323, "preparation_time": 0, "load_before": [0], "load_after": [0]}, {"type": "service", "id": "1500865000_30", "location_id": "1500865000", "address": {"location_id": "1500865000", "lat": 42.3008552, "lon": -71.07176769}, "arr_time": 1676283679, "arr_date_time": "2023-02-13T05:21:19-05:00", "end_time": 1676283979, "end_date_time": "2023-02-13T05:26:19-05:00", "waiting_time": 0, "distance": 396, "driving_time": 379, "preparation_time": 0, "load_before": [0], "load_after": [0]}, {"type": "service", "id": "1500807000_12", "location_id": "1500807000", "address": {"location_id": "1500807000", "lat": 42.30064994, "lon": -71.07141933}, "arr_time": 1676283999, "arr_date_time": "2023-02-13T05:26:39-05:00", "end_time": 1676284299, "end_date_time": "2023-02-13T05:31:39-05:00", "waiting_time": 0, "distance": 416, "driving_time": 399, "preparation_time": 0, "load_before": [0], "load_after": [0]}, {"type": "service", "id": "1500864000_29", "location_id": "1500864000", "address": {"location_id": "1500864000", "lat": 42.30100099, "lon": -71.07152982}, "arr_time": 1676284301, "arr_date_time": "2023-02-13T05:31:41-05:00", "end_time": 1676284601, "end_date_time": "2023-02-13T05:36:41-05:00", "waiting_time": 0, "distance": 419, "driving_time": 401, "preparation_time": 0, "load_before": [0], "load_after": [0]}, {"type": "service", "id": "1500809000_13", "location_id": "1500809000", "address": {"location_id": "1500809000", "lat": 42.30073571, "lon": -71.07109652}, "arr_time": 1676284625, "arr_date_time": "2023-02-13T05:37:05-05:00", "end_time": 1676284925, "end_date_time": "2023-02-13T05:42:05-05:00", "waiting_time": 0, "distance": 444, "driving_time": 425, "preparation_time": 0, "load_before": [0], "load_after": [0]}, {"type": "service", "id": "1500860000_28", "location_id": "1500860000", "address": {"location_id": "1500860000", "lat": 42.30113661, "lon": -71.07081668}, "arr_time": 1676284959, "arr_date_time": "2023-02-13T05:42:39-05:00", "end_time": 1676285259, "end_date_time": "2023-02-13T05:47:39-05:00", "waiting_time": 0, "distance": 479, "driving_time": 459, "preparation_time": 0, "load_before": [0], "load_after": [0]}, {"type": "service", "id": "1500859000_27", "location_id": "1500859000", "address": {"location_id": "1500859000", "lat": 42.3011803, "lon": -71.07063644}, "arr_time": 1676285273, "arr_date_time": "2023-02-13T05:47:53-05:00", "end_time": 1676285573, "end_date_time": "2023-02-13T05:52:53-05:00", "waiting_time": 0, "distance": 495, "driving_time": 473, "preparation_time": 0, "load_before": [0], "load_after": [0]}, {"type": "service", "id": "1500858000_26", "location_id": "1500858000", "address": {"location_id": "1500858000", "lat": 42.30122526, "lon": -71.07045212}, "arr_time": 1676285591, "arr_date_time": "2023-02-13T05:53:11-05:00", "end_time": 1676285891, "end_date_time": "2023-02-13T05:58:11-05:00", "waiting_time": 0, "distance": 513, "driving_time": 491, "preparation_time": 0, "load_before": [0], "load_after": [0]}, {"type": "service", "id": "1500815000_14", "location_id": "1500815000", "address": {"location_id": "1500815000", "lat": 42.30099541, "lon": -71.07014535}, "arr_time": 1676285905, "arr_date_time": "2023-02-13T05:58:25-05:00", "end_time": 1676286205, "end_date_time": "2023-02-13T06:03:25-05:00", "waiting_time": 0, "distance": 528, "driving_time": 505, "preparation_time": 0, "load_before": [0], "load_after": [0]}, {"type": "service", "id": "1500857000_25", "location_id": "1500857000", "address": {"location_id": "1500857000", "lat": 42.30127222, "lon": -71.07026741}, "arr_time": 1676286207, "arr_date_time": "2023-02-13T06:03:27-05:00", "end_time": 1676286507, "end_date_time": "2023-02-13T06:08:27-05:00", "waiting_time": 0, "distance": 529, "driving_time": 507, "preparation_time": 0, "load_before": [0], "load_after": [0]}, {"type": "service", "id": "1500856000_24", "location_id": "1500856000", "address": {"location_id": "1500856000", "lat": 42.301317, "lon": -71.07008235}, "arr_time": 1676286523, "arr_date_time": "2023-02-13T06:08:43-05:00", "end_time": 1676286823, "end_date_time": "2023-02-13T06:13:43-05:00", "waiting_time": 0, "distance": 545, "driving_time": 523, "preparation_time": 0, "load_before": [0], "load_after": [0]}, {"type": "service", "id": "1500854000_23", "location_id": "1500854000", "address": {"location_id": "1500854000", "lat": 42.3014147, "lon": -71.06969431}, "arr_time": 1676286855, "arr_date_time": "2023-02-13T06:14:15-05:00", "end_time": 1676287155, "end_date_time": "2023-02-13T06:19:15-05:00", "waiting_time": 0, "distance": 579, "driving_time": 555, "preparation_time": 0, "load_before": [0], "load_after": [0]}, {"type": "service", "id": "1500852000_22", "location_id": "1500852000", "address": {"location_id": "1500852000", "lat": 42.30148921, "lon": -71.06938433}, "arr_time": 1676287181, "arr_date_time": "2023-02-13T06:19:41-05:00", "end_time": 1676287481, "end_date_time": "2023-02-13T06:24:41-05:00", "waiting_time": 0, "distance": 607, "driving_time": 581, "preparation_time": 0, "load_before": [0], "load_after": [0]}, {"type": "service", "id": "1500841000_20", "location_id": "1500841000", "address": {"location_id": "1500841000", "lat": 42.30129875, "lon": -71.06907483}, "arr_time": 1676287496, "arr_date_time": "2023-02-13T06:24:56-05:00", "end_time": 1676287796, "end_date_time": "2023-02-13T06:29:56-05:00", "waiting_time": 0, "distance": 623, "driving_time": 596, "preparation_time": 0, "load_before": [0], "load_after": [0]}, {"type": "service", "id": "1500819000_15", "location_id": "1500819000", "address": {"location_id": "1500819000", "lat": 42.30099571, "lon": -71.06956902}, "arr_time": 1676287857, "arr_date_time": "2023-02-13T06:30:57-05:00", "end_time": 1676288157, "end_date_time": "2023-02-13T06:35:57-05:00", "waiting_time": 0, "distance": 686, "driving_time": 657, "preparation_time": 0, "load_before": [0], "load_after": [0]}, {"type": "service", "id": "1500820000_16", "location_id": "1500820000", "address": {"location_id": "1500820000", "lat": 42.30088399, "lon": -71.06951436}, "arr_time": 1676288171, "arr_date_time": "2023-02-13T06:36:11-05:00", "end_time": 1676288471, "end_date_time": "2023-02-13T06:41:11-05:00", "waiting_time": 0, "distance": 699, "driving_time": 671, "preparation_time": 0, "load_before": [0], "load_after": [0]}, {"type": "service", "id": "1500836000_19", "location_id": "1500836000", "address": {"location_id": "1500836000", "lat": 42.30087289, "lon": -71.06913151}, "arr_time": 1676288481, "arr_date_time": "2023-02-13T06:41:21-05:00", "end_time": 1676288781, "end_date_time": "2023-02-13T06:46:21-05:00", "waiting_time": 0, "distance": 710, "driving_time": 681, "preparation_time": 0, "load_before": [0], "load_after": [0]}, {"type": "service", "id": "1500791000_09", "location_id": "1500791000", "address": {"location_id": "1500791000", "lat": 42.30052152, "lon": -71.07005982}, "arr_time": 1676288883, "arr_date_time": "2023-02-13T06:48:03-05:00", "end_time": 1676289183, "end_date_time": "2023-02-13T06:53:03-05:00", "waiting_time": 0, "distance": 816, "driving_time": 783, "preparation_time": 0, "load_before": [0], "load_after": [0]}, {"type": "service", "id": "1500798000_10", "location_id": "1500798000", "address": {"location_id": "1500798000", "lat": 42.3002239, "lon": -71.07143034}, "arr_time": 1676289297, "arr_date_time": "2023-02-13T06:54:57-05:00", "end_time": 1676289597, "end_date_time": "2023-02-13T06:59:57-05:00", "waiting_time": 0, "distance": 936, "driving_time": 897, "preparation_time": 0, "load_before": [0], "load_after": [0]}, {"type": "service", "id": "1500800000_11", "location_id": "1500800000", "address": {"location_id": "1500800000", "lat": 42.30016035, "lon": -71.07174153}, "arr_time": 1676289625, "arr_date_time": "2023-02-13T07:00:25-05:00", "end_time": 1676289925, "end_date_time": "2023-02-13T07:05:25-05:00", "waiting_time": 0, "distance": 965, "driving_time": 925, "preparation_time": 0, "load_before": [0], "load_after": [0]}, {"type": "service", "id": "1500725000_07", "location_id": "1500725000", "address": {"location_id": "1500725000", "lat": 42.29979325, "lon": -71.0689659}, "arr_time": 1676290353, "arr_date_time": "2023-02-13T07:12:33-05:00", "end_time": 1676290653, "end_date_time": "2023-02-13T07:17:33-05:00", "waiting_time": 0, "distance": 1411, "driving_time": 1353, "preparation_time": 0, "load_before": [0], "load_after": [0]}, {"type": "service", "id": "1500723000_06", "location_id": "1500723000", "address": {"location_id": "1500723000", "lat": 42.30001351, "lon": -71.06874757}, "arr_time": 1676290828, "arr_date_time": "2023-02-13T07:20:28-05:00", "end_time": 1676291128, "end_date_time": "2023-02-13T07:25:28-05:00", "waiting_time": 0, "distance": 1593, "driving_time": 1528, "preparation_time": 0, "load_before": [0], "load_after": [0]}, {"type": "service", "id": "1500710000_03", "location_id": "1500710000", "address": {"location_id": "1500710000", "lat": 42.30003897, "lon": -71.06812286}, "arr_time": 1676291183, "arr_date_time": "2023-02-13T07:26:23-05:00", "end_time": 1676291483, "end_date_time": "2023-02-13T07:31:23-05:00", "waiting_time": 0, "distance": 1649, "driving_time": 1583, "preparation_time": 0, "load_before": [0], "load_after": [0]}, {"type": "service", "id": "1500749000_08", "location_id": "1500749000", "address": {"location_id": "1500749000", "lat": 42.30007088, "lon": -71.06854151}, "arr_time": 1676291497, "arr_date_time": "2023-02-13T07:31:37-05:00", "end_time": 1676291797, "end_date_time": "2023-02-13T07:36:37-05:00", "waiting_time": 0, "distance": 1664, "driving_time": 1597, "preparation_time": 0, "load_before": [0], "load_after": [0]}, {"type": "service", "id": "1500832000_18", "location_id": "1500832000", "address": {"location_id": "1500832000", "lat": 42.30097491, "lon": -71.06890788}, "arr_time": 1676291897, "arr_date_time": "2023-02-13T07:38:17-05:00", "end_time": 1676292197, "end_date_time": "2023-02-13T07:43:17-05:00", "waiting_time": 0, "distance": 1768, "driving_time": 1697, "preparation_time": 0, "load_before": [0], "load_after": [0]}, {"type": "service", "id": "1500824000_17", "location_id": "1500824000", "address": {"location_id": "1500824000", "lat": 42.30095216, "lon": -71.06811211}, "arr_time": 1676292277, "arr_date_time": "2023-02-13T07:44:37-05:00", "end_time": 1676292577, "end_date_time": "2023-02-13T07:49:37-05:00", "waiting_time": 0, "distance": 1851, "driving_time": 1777, "preparation_time": 0, "load_before": [0], "load_after": [0]}, {"type": "service", "id": "1500717000_04", "location_id": "1500717000", "address": {"location_id": "1500717000", "lat": 42.3006854, "lon": -71.06794287}, "arr_time": 1676292609, "arr_date_time": "2023-02-13T07:50:09-05:00", "end_time": 1676292909, "end_date_time": "2023-02-13T07:55:09-05:00", "waiting_time": 0, "distance": 1885, "driving_time": 1809, "preparation_time": 0, "load_before": [0], "load_after": [0]}, {"type": "service", "id": "1500698000_01", "location_id": "1500698000", "address": {"location_id": "1500698000", "lat": 42.30071298, "lon": -71.06761483}, "arr_time": 1676292915, "arr_date_time": "2023-02-13T07:55:15-05:00", "end_time": 1676293215, "end_date_time": "2023-02-13T08:00:15-05:00", "waiting_time": 0, "distance": 1891, "driving_time": 1815, "preparation_time": 0, "load_before": [0], "load_after": [0]}, {"type": "service", "id": "1500718000_05", "location_id": "1500718000", "address": {"location_id": "1500718000", "lat": 42.30049853, "lon": -71.06793629}, "arr_time": 1676293228, "arr_date_time": "2023-02-13T08:00:28-05:00", "end_time": 1676293528, "end_date_time": "2023-02-13T08:05:28-05:00", "waiting_time": 0, "distance": 1905, "driving_time": 1828, "preparation_time": 0, "load_before": [0], "load_after": [0]}, {"type": "service", "id": "1500706000_02", "location_id": "1500706000", "address": {"location_id": "1500706000", "lat": 42.30040075, "lon": -71.06675049}, "arr_time": 1676293685, "arr_date_time": "2023-02-13T08:08:05-05:00", "end_time": 1676293985, "end_date_time": "2023-02-13T08:13:05-05:00", "waiting_time": 0, "distance": 2068, "driving_time": 1985, "preparation_time": 0, "load_before": [0], "load_after": [0]}, {"type": "service", "id": "1500846000_21", "location_id": "1500846000", "address": {"location_id": "1500846000", "lat": 42.30121949, "lon": -71.06812688}, "arr_time": 1676294125, "arr_date_time": "2023-02-13T08:15:25-05:00", "end_time": 1676294425, "end_date_time": "2023-02-13T08:20:25-05:00", "waiting_time": 0, "distance": 2214, "driving_time": 2125, "preparation_time": 0, "load_before": [0], "load_after": [0]}, {"type": "service", "id": "1500883000_41", "location_id": "1500883000", "address": {"location_id": "1500883000", "lat": 42.30179592, "lon": -71.06892444}, "arr_time": 1676294513, "arr_date_time": "2023-02-13T08:21:53-05:00", "end_time": 1676294813, "end_date_time": "2023-02-13T08:26:53-05:00", "waiting_time": 0, "distance": 2305, "driving_time": 2213, "preparation_time": 0, "load_before": [0], "load_after": [0]}, {"type": "service", "id": "1500882000_40", "location_id": "1500882000", "address": {"location_id": "1500882000", "lat": 42.30171018, "lon": -71.06901408}, "arr_time": 1676294835, "arr_date_time": "2023-02-13T08:27:15-05:00", "end_time": 1676295135, "end_date_time": "2023-02-13T08:32:15-05:00", "waiting_time": 0, "distance": 2327, "driving_time": 2235, "preparation_time": 0, "load_before": [0], "load_after": [0]}, {"type": "service", "id": "1500886000_42", "location_id": "1500886000", "address": {"location_id": "1500886000", "lat": 42.30194556, "lon": -71.06932219}, "arr_time": 1676295151, "arr_date_time": "2023-02-13T08:32:31-05:00", "end_time": 1676295451, "end_date_time": "2023-02-13T08:37:31-05:00", "waiting_time": 0, "distance": 2344, "driving_time": 2251, "preparation_time": 0, "load_before": [0], "load_after": [0]}, {"type": "service", "id": "1500880000_39", "location_id": "1500880000", "address": {"location_id": "1500880000", "lat": 42.30166462, "lon": -71.06936073}, "arr_time": 1676295461, "arr_date_time": "2023-02-13T08:37:41-05:00", "end_time": 1676295761, "end_date_time": "2023-02-13T08:42:41-05:00", "waiting_time": 0, "distance": 2356, "driving_time": 2261, "preparation_time": 0, "load_before": [0], "load_after": [0]}, {"type": "end", "location_id": "1500887000", "address": {"location_id": "1500887000", "lat": 42.301891, "lon": -71.06963223}, "arr_time": 1676295775, "arr_date_time": "2023-02-13T08:42:55-05:00", "end_time": 1676295775, "end_date_time": "2023-02-13T08:42:55-05:00", "waiting_time": 0, "distance": 2371, "driving_time": 2275, "preparation_time": 0, "load_before": [0]}]}], "unassigned": {"services": [], "shipments": [], "breaks": [], "details": []}}}