{"copyrights": ["GraphHopper", "OpenStreetMap contributors"], "job_id": "2370cdcc-aa93-48fa-9b7b-ce352497a30a", "status": "finished", "waiting_time_in_queue": 0, "processing_time": 128, "solution": {"costs": 331, "distance": 3735, "time": 3589, "transport_time": 3589, "completion_time": 16189, "max_operation_time": 16189, "waiting_time": 0, "service_duration": 12600, "preparation_time": 0, "no_vehicles": 1, "no_unassigned": 0, "routes": [{"vehicle_id": "my_vehicle", "shift_id": "default-shift", "distance": 3735, "transport_time": 3589, "completion_time": 16189, "waiting_time": 0, "service_duration": 12600, "preparation_time": 0, "activities": [{"type": "start", "location_id": "1300752000", "address": {"location_id": "1300752000", "lat": 42.31376443, "lon": -71.07815887}, "arr_time": 1676278800, "arr_date_time": "2023-02-13T04:00:00-05:00", "end_time": 1676278800, "end_date_time": "2023-02-13T04:00:00-05:00", "waiting_time": 0, "distance": 0, "driving_time": 0, "preparation_time": 0, "load_after": [0]}, {"type": "service", "id": "1400200000_18", "location_id": "1400200000", "address": {"location_id": "1400200000", "lat": 42.31339244, "lon": -71.07828684}, "arr_time": 1676278813, "arr_date_time": "2023-02-13T04:00:13-05:00", "end_time": 1676279113, "end_date_time": "2023-02-13T04:05:13-05:00", "waiting_time": 0, "distance": 14, "driving_time": 13, "preparation_time": 0, "load_before": [0], "load_after": [0]}, {"type": "service", "id": "1400198000_17", "location_id": "1400198000", "address": {"location_id": "1400198000", "lat": 42.31352471, "lon": -71.07854493}, "arr_time": 1676279139, "arr_date_time": "2023-02-13T04:05:39-05:00", "end_time": 1676279439, "end_date_time": "2023-02-13T04:10:39-05:00", "waiting_time": 0, "distance": 40, "driving_time": 39, "preparation_time": 0, "load_before": [0], "load_after": [0]}, {"type": "service", "id": "1400276000_30", "location_id": "1400276000", "address": {"location_id": "1400276000", "lat": 42.31274499, "lon": -71.07929745}, "arr_time": 1676279776, "arr_date_time": "2023-02-13T04:16:16-05:00", "end_time": 1676280076, "end_date_time": "2023-02-13T04:21:16-05:00", "waiting_time": 0, "distance": 392, "driving_time": 376, "preparation_time": 0, "load_before": [0], "load_after": [0]}, {"type": "service", "id": "1400275000_29", "location_id": "1400275000", "address": {"location_id": "1400275000", "lat": 42.31254018, "lon": -71.07899211}, "arr_time": 1676280079, "arr_date_time": "2023-02-13T04:21:19-05:00", "end_time": 1676280379, "end_date_time": "2023-02-13T04:26:19-05:00", "waiting_time": 0, "distance": 394, "driving_time": 379, "preparation_time": 0, "load_before": [0], "load_after": [0]}, {"type": "service", "id": "1400272000_28", "location_id": "1400272000", "address": {"location_id": "1400272000", "lat": 42.31232364, "lon": -71.07920825}, "arr_time": 1676280433, "arr_date_time": "2023-02-13T04:27:13-05:00", "end_time": 1676280733, "end_date_time": "2023-02-13T04:32:13-05:00", "waiting_time": 0, "distance": 451, "driving_time": 433, "preparation_time": 0, "load_before": [0], "load_after": [0]}, {"type": "service", "id": "1400260000_27", "location_id": "1400260000", "address": {"location_id": "1400260000", "lat": 42.31223512, "lon": -71.07785063}, "arr_time": 1676280969, "arr_date_time": "2023-02-13T04:36:09-05:00", "end_time": 1676281269, "end_date_time": "2023-02-13T04:41:09-05:00", "waiting_time": 0, "distance": 697, "driving_time": 669, "preparation_time": 0, "load_before": [0], "load_after": [0]}, {"type": "service", "id": "1400258000_26", "location_id": "1400258000", "address": {"location_id": "1400258000", "lat": 42.31241656, "lon": -71.07818731}, "arr_time": 1676281303, "arr_date_time": "2023-02-13T04:41:43-05:00", "end_time": 1676281603, "end_date_time": "2023-02-13T04:46:43-05:00", "waiting_time": 0, "distance": 731, "driving_time": 703, "preparation_time": 0, "load_before": [0], "load_after": [0]}, {"type": "service", "id": "1400236000_25", "location_id": "1400236000", "address": {"location_id": "1400236000", "lat": 42.31295484, "lon": -71.07809424}, "arr_time": 1676281632, "arr_date_time": "2023-02-13T04:47:12-05:00", "end_time": 1676281932, "end_date_time": "2023-02-13T04:52:12-05:00", "waiting_time": 0, "distance": 762, "driving_time": 732, "preparation_time": 0, "load_before": [0], "load_after": [0]}, {"type": "service", "id": "1400230000_24", "location_id": "1400230000", "address": {"location_id": "1400230000", "lat": 42.31234323, "lon": -71.07699956}, "arr_time": 1676282040, "arr_date_time": "2023-02-13T04:54:00-05:00", "end_time": 1676282340, "end_date_time": "2023-02-13T04:59:00-05:00", "waiting_time": 0, "distance": 875, "driving_time": 840, "preparation_time": 0, "load_before": [0], "load_after": [0]}, {"type": "service", "id": "1400227000_23", "location_id": "1400227000", "address": {"location_id": "1400227000", "lat": 42.31208436, "lon": -71.07653416}, "arr_time": 1676282385, "arr_date_time": "2023-02-13T04:59:45-05:00", "end_time": 1676282685, "end_date_time": "2023-02-13T05:04:45-05:00", "waiting_time": 0, "distance": 923, "driving_time": 885, "preparation_time": 0, "load_before": [0], "load_after": [0]}, {"type": "service", "id": "1400294000_32", "location_id": "1400294000", "address": {"location_id": "1400294000", "lat": 42.31127166, "lon": -71.07759347}, "arr_time": 1676282783, "arr_date_time": "2023-02-13T05:06:23-05:00", "end_time": 1676283083, "end_date_time": "2023-02-13T05:11:23-05:00", "waiting_time": 0, "distance": 1024, "driving_time": 983, "preparation_time": 0, "load_before": [0], "load_after": [0]}, {"type": "service", "id": "1400291000_31", "location_id": "1400291000", "address": {"location_id": "1400291000", "lat": 42.31164453, "lon": -71.07724106}, "arr_time": 1676283129, "arr_date_time": "2023-02-13T05:12:09-05:00", "end_time": 1676283429, "end_date_time": "2023-02-13T05:17:09-05:00", "waiting_time": 0, "distance": 1073, "driving_time": 1029, "preparation_time": 0, "load_before": [0], "load_after": [0]}, {"type": "service", "id": "1400223020_22", "location_id": "1400223020", "address": {"location_id": "1400223020", "lat": 42.3116947, "lon": -71.07596442}, "arr_time": 1676283531, "arr_date_time": "2023-02-13T05:18:51-05:00", "end_time": 1676283831, "end_date_time": "2023-02-13T05:23:51-05:00", "waiting_time": 0, "distance": 1178, "driving_time": 1131, "preparation_time": 0, "load_before": [0], "load_after": [0]}, {"type": "service", "id": "1400192020_16", "location_id": "1400192020", "address": {"location_id": "1400192020", "lat": 42.31126439, "lon": -71.07523269}, "arr_time": 1676283904, "arr_date_time": "2023-02-13T05:25:04-05:00", "end_time": 1676284204, "end_date_time": "2023-02-13T05:30:04-05:00", "waiting_time": 0, "distance": 1255, "driving_time": 1204, "preparation_time": 0, "load_before": [0], "load_after": [0]}, {"type": "service", "id": "1400192010_15", "location_id": "1400192010", "address": {"location_id": "1400192010", "lat": 42.3112176, "lon": -71.07514942}, "arr_time": 1676284212, "arr_date_time": "2023-02-13T05:30:12-05:00", "end_time": 1676284512, "end_date_time": "2023-02-13T05:35:12-05:00", "waiting_time": 0, "distance": 1264, "driving_time": 1212, "preparation_time": 0, "load_before": [0], "load_after": [0]}, {"type": "service", "id": "1400191000_14", "location_id": "1400191000", "address": {"location_id": "1400191000", "lat": 42.31114681, "lon": -71.07502617}, "arr_time": 1676284524, "arr_date_time": "2023-02-13T05:35:24-05:00", "end_time": 1676284824, "end_date_time": "2023-02-13T05:40:24-05:00", "waiting_time": 0, "distance": 1277, "driving_time": 1224, "preparation_time": 0, "load_before": [0], "load_after": [0]}, {"type": "service", "id": "1400315010_33", "location_id": "1400315010", "address": {"location_id": "1400315010", "lat": 42.31084672, "lon": -71.07561999}, "arr_time": 1676284867, "arr_date_time": "2023-02-13T05:41:07-05:00", "end_time": 1676285167, "end_date_time": "2023-02-13T05:46:07-05:00", "waiting_time": 0, "distance": 1321, "driving_time": 1267, "preparation_time": 0, "load_before": [0], "load_after": [0]}, {"type": "service", "id": "1400315020_34", "location_id": "1400315020", "address": {"location_id": "1400315020", "lat": 42.31078874, "lon": -71.07568397}, "arr_time": 1676285175, "arr_date_time": "2023-02-13T05:46:15-05:00", "end_time": 1676285475, "end_date_time": "2023-02-13T05:51:15-05:00", "waiting_time": 0, "distance": 1329, "driving_time": 1275, "preparation_time": 0, "load_before": [0], "load_after": [0]}, {"type": "service", "id": "1400352030_41", "location_id": "1400352030", "address": {"location_id": "1400352030", "lat": 42.31051542, "lon": -71.0752475}, "arr_time": 1676285475, "arr_date_time": "2023-02-13T05:51:15-05:00", "end_time": 1676285775, "end_date_time": "2023-02-13T05:56:15-05:00", "waiting_time": 0, "distance": 1329, "driving_time": 1275, "preparation_time": 0, "load_before": [0], "load_after": [0]}, {"type": "service", "id": "1400352020_40", "location_id": "1400352020", "address": {"location_id": "1400352020", "lat": 42.31044611, "lon": -71.07531453}, "arr_time": 1676285784, "arr_date_time": "2023-02-13T05:56:24-05:00", "end_time": 1676286084, "end_date_time": "2023-02-13T06:01:24-05:00", "waiting_time": 0, "distance": 1338, "driving_time": 1284, "preparation_time": 0, "load_before": [0], "load_after": [0]}, {"type": "service", "id": "1400352010_39", "location_id": "1400352010", "address": {"location_id": "1400352010", "lat": 42.31035047, "lon": -71.07537254}, "arr_time": 1676286095, "arr_date_time": "2023-02-13T06:01:35-05:00", "end_time": 1676286395, "end_date_time": "2023-02-13T06:06:35-05:00", "waiting_time": 0, "distance": 1349, "driving_time": 1295, "preparation_time": 0, "load_before": [0], "load_after": [0]}, {"type": "service", "id": "1400345040_38", "location_id": "1400345040", "address": {"location_id": "1400345040", "lat": 42.31000428, "lon": -71.07556342}, "arr_time": 1676286499, "arr_date_time": "2023-02-13T06:08:19-05:00", "end_time": 1676286799, "end_date_time": "2023-02-13T06:13:19-05:00", "waiting_time": 0, "distance": 1457, "driving_time": 1399, "preparation_time": 0, "load_before": [0], "load_after": [0]}, {"type": "service", "id": "1400345030_37", "location_id": "1400345030", "address": {"location_id": "1400345030", "lat": 42.30995995, "lon": -71.07544831}, "arr_time": 1676286809, "arr_date_time": "2023-02-13T06:13:29-05:00", "end_time": 1676287109, "end_date_time": "2023-02-13T06:18:29-05:00", "waiting_time": 0, "distance": 1468, "driving_time": 1409, "preparation_time": 0, "load_before": [0], "load_after": [0]}, {"type": "service", "id": "1400388003_42", "location_id": "1400388003", "address": {"location_id": "1400388003", "lat": 42.30949326, "lon": -71.07525993}, "arr_time": 1676287344, "arr_date_time": "2023-02-13T06:22:24-05:00", "end_time": 1676287644, "end_date_time": "2023-02-13T06:27:24-05:00", "waiting_time": 0, "distance": 1712, "driving_time": 1644, "preparation_time": 0, "load_before": [0], "load_after": [0]}, {"type": "service", "id": "1400345020_36", "location_id": "1400345020", "address": {"location_id": "1400345020", "lat": 42.30988836, "lon": -71.07528105}, "arr_time": 1676287865, "arr_date_time": "2023-02-13T06:31:05-05:00", "end_time": 1676288165, "end_date_time": "2023-02-13T06:36:05-05:00", "waiting_time": 0, "distance": 1942, "driving_time": 1865, "preparation_time": 0, "load_before": [0], "load_after": [0]}, {"type": "service", "id": "1400345010_35", "location_id": "1400345010", "address": {"location_id": "1400345010", "lat": 42.31007246, "lon": -71.07521603}, "arr_time": 1676288185, "arr_date_time": "2023-02-13T06:36:25-05:00", "end_time": 1676288485, "end_date_time": "2023-02-13T06:41:25-05:00", "waiting_time": 0, "distance": 1962, "driving_time": 1885, "preparation_time": 0, "load_before": [0], "load_after": [0]}, {"type": "service", "id": "1400188020_13", "location_id": "1400188020", "address": {"location_id": "1400188020", "lat": 42.31079213, "lon": -71.07457739}, "arr_time": 1676288583, "arr_date_time": "2023-02-13T06:43:03-05:00", "end_time": 1676288883, "end_date_time": "2023-02-13T06:48:03-05:00", "waiting_time": 0, "distance": 2063, "driving_time": 1983, "preparation_time": 0, "load_before": [0], "load_after": [0]}, {"type": "service", "id": "1400188010_12", "location_id": "1400188010", "address": {"location_id": "1400188010", "lat": 42.31090628, "lon": -71.07447295}, "arr_time": 1676288933, "arr_date_time": "2023-02-13T06:48:53-05:00", "end_time": 1676289233, "end_date_time": "2023-02-13T06:53:53-05:00", "waiting_time": 0, "distance": 2115, "driving_time": 2033, "preparation_time": 0, "load_before": [0], "load_after": [0]}, {"type": "service", "id": "1400187000_11", "location_id": "1400187000", "address": {"location_id": "1400187000", "lat": 42.3110695, "lon": -71.07443838}, "arr_time": 1676289249, "arr_date_time": "2023-02-13T06:54:09-05:00", "end_time": 1676289549, "end_date_time": "2023-02-13T06:59:09-05:00", "waiting_time": 0, "distance": 2132, "driving_time": 2049, "preparation_time": 0, "load_before": [0], "load_after": [0]}, {"type": "service", "id": "1400186000_10", "location_id": "1400186000", "address": {"location_id": "1400186000", "lat": 42.31117797, "lon": -71.07434042}, "arr_time": 1676289591, "arr_date_time": "2023-02-13T06:59:51-05:00", "end_time": 1676289891, "end_date_time": "2023-02-13T07:04:51-05:00", "waiting_time": 0, "distance": 2176, "driving_time": 2091, "preparation_time": 0, "load_before": [0], "load_after": [0]}, {"type": "service", "id": "1400185000_09", "location_id": "1400185000", "address": {"location_id": "1400185000", "lat": 42.31126171, "lon": -71.07457847}, "arr_time": 1676289911, "arr_date_time": "2023-02-13T07:05:11-05:00", "end_time": 1676290211, "end_date_time": "2023-02-13T07:10:11-05:00", "waiting_time": 0, "distance": 2197, "driving_time": 2111, "preparation_time": 0, "load_before": [0], "load_after": [0]}, {"type": "service", "id": "1400184000_08", "location_id": "1400184000", "address": {"location_id": "1400184000", "lat": 42.31130659, "lon": -71.07471533}, "arr_time": 1676290223, "arr_date_time": "2023-02-13T07:10:23-05:00", "end_time": 1676290523, "end_date_time": "2023-02-13T07:15:23-05:00", "waiting_time": 0, "distance": 2209, "driving_time": 2123, "preparation_time": 0, "load_before": [0], "load_after": [0]}, {"type": "service", "id": "1400129000_02", "location_id": "1400129000", "address": {"location_id": "1400129000", "lat": 42.31102099, "lon": -71.0738058}, "arr_time": 1676290604, "arr_date_time": "2023-02-13T07:16:44-05:00", "end_time": 1676290904, "end_date_time": "2023-02-13T07:21:44-05:00", "waiting_time": 0, "distance": 2294, "driving_time": 2204, "preparation_time": 0, "load_before": [0], "load_after": [0]}, {"type": "service", "id": "1400144000_03", "location_id": "1400144000", "address": {"location_id": "1400144000", "lat": 42.31106339, "lon": -71.07280236}, "arr_time": 1676291036, "arr_date_time": "2023-02-13T07:23:56-05:00", "end_time": 1676291336, "end_date_time": "2023-02-13T07:28:56-05:00", "waiting_time": 0, "distance": 2431, "driving_time": 2336, "preparation_time": 0, "load_before": [0], "load_after": [0]}, {"type": "service", "id": "1400165000_06", "location_id": "1400165000", "address": {"location_id": "1400165000", "lat": 42.31170062, "lon": -71.07412449}, "arr_time": 1676291587, "arr_date_time": "2023-02-13T07:33:07-05:00", "end_time": 1676291887, "end_date_time": "2023-02-13T07:38:07-05:00", "waiting_time": 0, "distance": 2692, "driving_time": 2587, "preparation_time": 0, "load_before": [0], "load_after": [0]}, {"type": "service", "id": "1400164000_05", "location_id": "1400164000", "address": {"location_id": "1400164000", "lat": 42.31177591, "lon": -71.07429271}, "arr_time": 1676291903, "arr_date_time": "2023-02-13T07:38:23-05:00", "end_time": 1676292203, "end_date_time": "2023-02-13T07:43:23-05:00", "waiting_time": 0, "distance": 2708, "driving_time": 2603, "preparation_time": 0, "load_before": [0], "load_after": [0]}, {"type": "service", "id": "1400148000_04", "location_id": "1400148000", "address": {"location_id": "1400148000", "lat": 42.31259617, "lon": -71.0745761}, "arr_time": 1676292325, "arr_date_time": "2023-02-13T07:45:25-05:00", "end_time": 1676292625, "end_date_time": "2023-02-13T07:50:25-05:00", "waiting_time": 0, "distance": 2836, "driving_time": 2725, "preparation_time": 0, "load_before": [0], "load_after": [0]}, {"type": "service", "id": "1400178000_07", "location_id": "1400178000", "address": {"location_id": "1400178000", "lat": 42.31190626, "lon": -71.07507422}, "arr_time": 1676292708, "arr_date_time": "2023-02-13T07:51:48-05:00", "end_time": 1676293008, "end_date_time": "2023-02-13T07:56:48-05:00", "waiting_time": 0, "distance": 2922, "driving_time": 2808, "preparation_time": 0, "load_before": [0], "load_after": [0]}, {"type": "service", "id": "1400220010_21", "location_id": "1400220010", "address": {"location_id": "1400220010", "lat": 42.3118069, "lon": -71.07570329}, "arr_time": 1676293045, "arr_date_time": "2023-02-13T07:57:25-05:00", "end_time": 1676293345, "end_date_time": "2023-02-13T08:02:25-05:00", "waiting_time": 0, "distance": 2961, "driving_time": 2845, "preparation_time": 0, "load_before": [0], "load_after": [0]}, {"type": "service", "id": "1400214000_20", "location_id": "1400214000", "address": {"location_id": "1400214000", "lat": 42.31236068, "lon": -71.07624605}, "arr_time": 1676293485, "arr_date_time": "2023-02-13T08:04:45-05:00", "end_time": 1676293785, "end_date_time": "2023-02-13T08:09:45-05:00", "waiting_time": 0, "distance": 3107, "driving_time": 2985, "preparation_time": 0, "load_before": [0], "load_after": [0]}, {"type": "service", "id": "1400206000_19", "location_id": "1400206000", "address": {"location_id": "1400206000", "lat": 42.31296577, "lon": -71.07744074}, "arr_time": 1676293900, "arr_date_time": "2023-02-13T08:11:40-05:00", "end_time": 1676294200, "end_date_time": "2023-02-13T08:16:40-05:00", "waiting_time": 0, "distance": 3226, "driving_time": 3100, "preparation_time": 0, "load_before": [0], "load_after": [0]}, {"type": "service", "id": "1300736000_01", "location_id": "1300736000", "address": {"location_id": "1300736000", "lat": 42.31381004, "lon": -71.07765305}, "arr_time": 1676294460, "arr_date_time": "2023-02-13T08:21:00-05:00", "end_time": 1676294760, "end_date_time": "2023-02-13T08:26:00-05:00", "waiting_time": 0, "distance": 3496, "driving_time": 3360, "preparation_time": 0, "load_before": [0], "load_after": [0]}, {"type": "end", "location_id": "1300752000", "address": {"location_id": "1300752000", "lat": 42.31376443, "lon": -71.07815887}, "arr_time": 1676294989, "arr_date_time": "2023-02-13T08:29:49-05:00", "end_time": 1676294989, "end_date_time": "2023-02-13T08:29:49-05:00", "waiting_time": 0, "distance": 3735, "driving_time": 3589, "preparation_time": 0, "load_before": [0]}]}], "unassigned": {"services": [], "shipments": [], "breaks": [], "details": []}}}