{"copyrights": ["GraphHopper", "OpenStreetMap contributors"], "job_id": "45303a3e-97b4-46b8-bce1-e308105e24e4", "status": "finished", "waiting_time_in_queue": 1, "processing_time": 125, "solution": {"costs": 349, "distance": 2089, "time": 2005, "transport_time": 2005, "completion_time": 18505, "max_operation_time": 18505, "waiting_time": 0, "service_duration": 16500, "preparation_time": 0, "no_vehicles": 1, "no_unassigned": 0, "routes": [{"vehicle_id": "my_vehicle", "shift_id": "default-shift", "distance": 2089, "transport_time": 2005, "completion_time": 18505, "waiting_time": 0, "service_duration": 16500, "preparation_time": 0, "activities": [{"type": "start", "location_id": "1703356000", "address": {"location_id": "1703356000", "lat": 42.27789976, "lon": -71.07381695}, "arr_time": 1676278800, "arr_date_time": "2023-02-13T04:00:00-05:00", "end_time": 1676278800, "end_date_time": "2023-02-13T04:00:00-05:00", "waiting_time": 0, "distance": 0, "driving_time": 0, "preparation_time": 0, "load_after": [0]}, {"type": "service", "id": "1703388000_10", "location_id": "1703388000", "address": {"location_id": "1703388000", "lat": 42.27784862, "lon": -71.07328108}, "arr_time": 1676278849, "arr_date_time": "2023-02-13T04:00:49-05:00", "end_time": 1676279149, "end_date_time": "2023-02-13T04:05:49-05:00", "waiting_time": 0, "distance": 52, "driving_time": 49, "preparation_time": 0, "load_before": [0], "load_after": [0]}, {"type": "service", "id": "1703387000_09", "location_id": "1703387000", "address": {"location_id": "1703387000", "lat": 42.27783644, "lon": -71.07346931}, "arr_time": 1676279213, "arr_date_time": "2023-02-13T04:06:53-05:00", "end_time": 1676279513, "end_date_time": "2023-02-13T04:11:53-05:00", "waiting_time": 0, "distance": 118, "driving_time": 113, "preparation_time": 0, "load_before": [0], "load_after": [0]}, {"type": "service", "id": "1703359000_01", "location_id": "1703359000", "address": {"location_id": "1703359000", "lat": 42.27741468, "lon": -71.07375386}, "arr_time": 1676279551, "arr_date_time": "2023-02-13T04:12:31-05:00", "end_time": 1676279851, "end_date_time": "2023-02-13T04:17:31-05:00", "waiting_time": 0, "distance": 157, "driving_time": 151, "preparation_time": 0, "load_before": [0], "load_after": [0]}, {"type": "service", "id": "1703361000_02", "location_id": "1703361000", "address": {"location_id": "1703361000", "lat": 42.27714337, "lon": -71.0736546}, "arr_time": 1676279881, "arr_date_time": "2023-02-13T04:18:01-05:00", "end_time": 1676280181, "end_date_time": "2023-02-13T04:23:01-05:00", "waiting_time": 0, "distance": 188, "driving_time": 181, "preparation_time": 0, "load_before": [0], "load_after": [0]}, {"type": "service", "id": "1703362000_03", "location_id": "1703362000", "address": {"location_id": "1703362000", "lat": 42.27700144, "lon": -71.07360213}, "arr_time": 1676280197, "arr_date_time": "2023-02-13T04:23:17-05:00", "end_time": 1676280497, "end_date_time": "2023-02-13T04:28:17-05:00", "waiting_time": 0, "distance": 204, "driving_time": 197, "preparation_time": 0, "load_before": [0], "load_after": [0]}, {"type": "service", "id": "1703422000_23", "location_id": "1703422000", "address": {"location_id": "1703422000", "lat": 42.27697586, "lon": -71.07304651}, "arr_time": 1676280511, "arr_date_time": "2023-02-13T04:28:31-05:00", "end_time": 1676280811, "end_date_time": "2023-02-13T04:33:31-05:00", "waiting_time": 0, "distance": 219, "driving_time": 211, "preparation_time": 0, "load_before": [0], "load_after": [0]}, {"type": "service", "id": "1703363000_04", "location_id": "1703363000", "address": {"location_id": "1703363000", "lat": 42.27687517, "lon": -71.07355608}, "arr_time": 1676280811, "arr_date_time": "2023-02-13T04:33:31-05:00", "end_time": 1676281111, "end_date_time": "2023-02-13T04:38:31-05:00", "waiting_time": 0, "distance": 219, "driving_time": 211, "preparation_time": 0, "load_before": [0], "load_after": [0]}, {"type": "service", "id": "1703364000_05", "location_id": "1703364000", "address": {"location_id": "1703364000", "lat": 42.27676809, "lon": -71.07351599}, "arr_time": 1676281123, "arr_date_time": "2023-02-13T04:38:43-05:00", "end_time": 1676281423, "end_date_time": "2023-02-13T04:43:43-05:00", "waiting_time": 0, "distance": 231, "driving_time": 223, "preparation_time": 0, "load_before": [0], "load_after": [0]}, {"type": "service", "id": "1703421000_22", "location_id": "1703421000", "address": {"location_id": "1703421000", "lat": 42.27684413, "lon": -71.07299851}, "arr_time": 1676281425, "arr_date_time": "2023-02-13T04:43:45-05:00", "end_time": 1676281725, "end_date_time": "2023-02-13T04:48:45-05:00", "waiting_time": 0, "distance": 234, "driving_time": 225, "preparation_time": 0, "load_before": [0], "load_after": [0]}, {"type": "service", "id": "1703365000_06", "location_id": "1703365000", "address": {"location_id": "1703365000", "lat": 42.27664136, "lon": -71.07346927}, "arr_time": 1676281737, "arr_date_time": "2023-02-13T04:48:57-05:00", "end_time": 1676282037, "end_date_time": "2023-02-13T04:53:57-05:00", "waiting_time": 0, "distance": 246, "driving_time": 237, "preparation_time": 0, "load_before": [0], "load_after": [0]}, {"type": "service", "id": "1703366000_07", "location_id": "1703366000", "address": {"location_id": "1703366000", "lat": 42.27651282, "lon": -71.07342182}, "arr_time": 1676282052, "arr_date_time": "2023-02-13T04:54:12-05:00", "end_time": 1676282352, "end_date_time": "2023-02-13T04:59:12-05:00", "waiting_time": 0, "distance": 261, "driving_time": 252, "preparation_time": 0, "load_before": [0], "load_after": [0]}, {"type": "service", "id": "1703418000_21", "location_id": "1703418000", "address": {"location_id": "1703418000", "lat": 42.27645247, "lon": -71.07285547}, "arr_time": 1676282369, "arr_date_time": "2023-02-13T04:59:29-05:00", "end_time": 1676282669, "end_date_time": "2023-02-13T05:04:29-05:00", "waiting_time": 0, "distance": 279, "driving_time": 269, "preparation_time": 0, "load_before": [0], "load_after": [0]}, {"type": "service", "id": "1703368000_08", "location_id": "1703368000", "address": {"location_id": "1703368000", "lat": 42.27623778, "lon": -71.07332134}, "arr_time": 1676282683, "arr_date_time": "2023-02-13T05:04:43-05:00", "end_time": 1676282983, "end_date_time": "2023-02-13T05:09:43-05:00", "waiting_time": 0, "distance": 292, "driving_time": 283, "preparation_time": 0, "load_before": [0], "load_after": [0]}, {"type": "service", "id": "1703417000_20", "location_id": "1703417000", "address": {"location_id": "1703417000", "lat": 42.27632023, "lon": -71.07280741}, "arr_time": 1676282984, "arr_date_time": "2023-02-13T05:09:44-05:00", "end_time": 1676283284, "end_date_time": "2023-02-13T05:14:44-05:00", "waiting_time": 0, "distance": 294, "driving_time": 284, "preparation_time": 0, "load_before": [0], "load_after": [0]}, {"type": "service", "id": "1703415000_19", "location_id": "1703415000", "address": {"location_id": "1703415000", "lat": 42.27606165, "lon": -71.07271318}, "arr_time": 1676283312, "arr_date_time": "2023-02-13T05:15:12-05:00", "end_time": 1676283612, "end_date_time": "2023-02-13T05:20:12-05:00", "waiting_time": 0, "distance": 324, "driving_time": 312, "preparation_time": 0, "load_before": [0], "load_after": [0]}, {"type": "service", "id": "1703982000_24", "location_id": "1703982000", "address": {"location_id": "1703982000", "lat": 42.27534759, "lon": -71.07312216}, "arr_time": 1676283691, "arr_date_time": "2023-02-13T05:21:31-05:00", "end_time": 1676283991, "end_date_time": "2023-02-13T05:26:31-05:00", "waiting_time": 0, "distance": 406, "driving_time": 391, "preparation_time": 0, "load_before": [0], "load_after": [0]}, {"type": "service", "id": "1703412000_18", "location_id": "1703412000", "address": {"location_id": "1703412000", "lat": 42.27562183, "lon": -71.07274838}, "arr_time": 1676283996, "arr_date_time": "2023-02-13T05:26:36-05:00", "end_time": 1676284296, "end_date_time": "2023-02-13T05:31:36-05:00", "waiting_time": 0, "distance": 411, "driving_time": 396, "preparation_time": 0, "load_before": [0], "load_after": [0]}, {"type": "service", "id": "1703411000_17", "location_id": "1703411000", "address": {"location_id": "1703411000", "lat": 42.27551731, "lon": -71.07265973}, "arr_time": 1676284308, "arr_date_time": "2023-02-13T05:31:48-05:00", "end_time": 1676284608, "end_date_time": "2023-02-13T05:36:48-05:00", "waiting_time": 0, "distance": 424, "driving_time": 408, "preparation_time": 0, "load_before": [0], "load_after": [0]}, {"type": "service", "id": "1703985000_27", "location_id": "1703985000", "address": {"location_id": "1703985000", "lat": 42.27486742, "lon": -71.07252883}, "arr_time": 1676284659, "arr_date_time": "2023-02-13T05:37:39-05:00", "end_time": 1676284959, "end_date_time": "2023-02-13T05:42:39-05:00", "waiting_time": 0, "distance": 477, "driving_time": 459, "preparation_time": 0, "load_before": [0], "load_after": [0]}, {"type": "service", "id": "1703986000_28", "location_id": "1703986000", "address": {"location_id": "1703986000", "lat": 42.27478906, "lon": -71.07236556}, "arr_time": 1676285001, "arr_date_time": "2023-02-13T05:43:21-05:00", "end_time": 1676285301, "end_date_time": "2023-02-13T05:48:21-05:00", "waiting_time": 0, "distance": 522, "driving_time": 501, "preparation_time": 0, "load_before": [0], "load_after": [0]}, {"type": "service", "id": "1703987000_29", "location_id": "1703987000", "address": {"location_id": "1703987000", "lat": 42.27467009, "lon": -71.07235102}, "arr_time": 1676285308, "arr_date_time": "2023-02-13T05:48:28-05:00", "end_time": 1676285608, "end_date_time": "2023-02-13T05:53:28-05:00", "waiting_time": 0, "distance": 529, "driving_time": 508, "preparation_time": 0, "load_before": [0], "load_after": [0]}, {"type": "service", "id": "1703988000_30", "location_id": "1703988000", "address": {"location_id": "1703988000", "lat": 42.27453547, "lon": -71.07237213}, "arr_time": 1676285621, "arr_date_time": "2023-02-13T05:53:41-05:00", "end_time": 1676285921, "end_date_time": "2023-02-13T05:58:41-05:00", "waiting_time": 0, "distance": 543, "driving_time": 521, "preparation_time": 0, "load_before": [0], "load_after": [0]}, {"type": "service", "id": "1703991000_31", "location_id": "1703991000", "address": {"location_id": "1703991000", "lat": 42.27418996, "lon": -71.07216241}, "arr_time": 1676285961, "arr_date_time": "2023-02-13T05:59:21-05:00", "end_time": 1676286261, "end_date_time": "2023-02-13T06:04:21-05:00", "waiting_time": 0, "distance": 584, "driving_time": 561, "preparation_time": 0, "load_before": [0], "load_after": [0]}, {"type": "service", "id": "1704019000_55", "location_id": "1704019000", "address": {"location_id": "1704019000", "lat": 42.27405088, "lon": -71.07305215}, "arr_time": 1676286392, "arr_date_time": "2023-02-13T06:06:32-05:00", "end_time": 1676286692, "end_date_time": "2023-02-13T06:11:32-05:00", "waiting_time": 0, "distance": 720, "driving_time": 692, "preparation_time": 0, "load_before": [0], "load_after": [0]}, {"type": "service", "id": "1703997000_32", "location_id": "1703997000", "address": {"location_id": "1703997000", "lat": 42.27421804, "lon": -71.07264097}, "arr_time": 1676286701, "arr_date_time": "2023-02-13T06:11:41-05:00", "end_time": 1676287001, "end_date_time": "2023-02-13T06:16:41-05:00", "waiting_time": 0, "distance": 730, "driving_time": 701, "preparation_time": 0, "load_before": [0], "load_after": [0]}, {"type": "service", "id": "1703998000_33", "location_id": "1703998000", "address": {"location_id": "1703998000", "lat": 42.27438325, "lon": -71.07269426}, "arr_time": 1676287020, "arr_date_time": "2023-02-13T06:17:00-05:00", "end_time": 1676287320, "end_date_time": "2023-02-13T06:22:00-05:00", "waiting_time": 0, "distance": 749, "driving_time": 720, "preparation_time": 0, "load_before": [0], "load_after": [0]}, {"type": "service", "id": "1704018000_54", "location_id": "1704018000", "address": {"location_id": "1704018000", "lat": 42.27427625, "lon": -71.0731051}, "arr_time": 1676287352, "arr_date_time": "2023-02-13T06:22:32-05:00", "end_time": 1676287652, "end_date_time": "2023-02-13T06:27:32-05:00", "waiting_time": 0, "distance": 782, "driving_time": 752, "preparation_time": 0, "load_before": [0], "load_after": [0]}, {"type": "service", "id": "1704017007_52", "location_id": "1704017007", "address": {"location_id": "1704017007", "lat": 42.27451604, "lon": -71.0732638}, "arr_time": 1676287657, "arr_date_time": "2023-02-13T06:27:37-05:00", "end_time": 1676287957, "end_date_time": "2023-02-13T06:32:37-05:00", "waiting_time": 0, "distance": 788, "driving_time": 757, "preparation_time": 0, "load_before": [0], "load_after": [0]}, {"type": "service", "id": "1704017006_51", "location_id": "1704017006", "address": {"location_id": "1704017006", "lat": 42.27447593, "lon": -71.07343893}, "arr_time": 1676287968, "arr_date_time": "2023-02-13T06:32:48-05:00", "end_time": 1676288268, "end_date_time": "2023-02-13T06:37:48-05:00", "waiting_time": 0, "distance": 799, "driving_time": 768, "preparation_time": 0, "load_before": [0], "load_after": [0]}, {"type": "service", "id": "1704017008_53", "location_id": "1704017008", "address": {"location_id": "1704017008", "lat": 42.27455505, "lon": -71.07308672}, "arr_time": 1676288316, "arr_date_time": "2023-02-13T06:38:36-05:00", "end_time": 1676288616, "end_date_time": "2023-02-13T06:43:36-05:00", "waiting_time": 0, "distance": 849, "driving_time": 816, "preparation_time": 0, "load_before": [0], "load_after": [0]}, {"type": "service", "id": "1704000000_34", "location_id": "1704000000", "address": {"location_id": "1704000000", "lat": 42.27466995, "lon": -71.0727253}, "arr_time": 1676288621, "arr_date_time": "2023-02-13T06:43:41-05:00", "end_time": 1676288921, "end_date_time": "2023-02-13T06:48:41-05:00", "waiting_time": 0, "distance": 854, "driving_time": 821, "preparation_time": 0, "load_before": [0], "load_after": [0]}, {"type": "service", "id": "1703984000_26", "location_id": "1703984000", "address": {"location_id": "1703984000", "lat": 42.27493614, "lon": -71.07276014}, "arr_time": 1676288936, "arr_date_time": "2023-02-13T06:48:56-05:00", "end_time": 1676289236, "end_date_time": "2023-02-13T06:53:56-05:00", "waiting_time": 0, "distance": 869, "driving_time": 836, "preparation_time": 0, "load_before": [0], "load_after": [0]}, {"type": "service", "id": "1703983000_25", "location_id": "1703983000", "address": {"location_id": "1703983000", "lat": 42.27496888, "lon": -71.07295856}, "arr_time": 1676289236, "arr_date_time": "2023-02-13T06:53:56-05:00", "end_time": 1676289536, "end_date_time": "2023-02-13T06:58:56-05:00", "waiting_time": 0, "distance": 869, "driving_time": 836, "preparation_time": 0, "load_before": [0], "load_after": [0]}, {"type": "service", "id": "1704017005_50", "location_id": "1704017005", "address": {"location_id": "1704017005", "lat": 42.27443386, "lon": -71.07361331}, "arr_time": 1676289592, "arr_date_time": "2023-02-13T06:59:52-05:00", "end_time": 1676289892, "end_date_time": "2023-02-13T07:04:52-05:00", "waiting_time": 0, "distance": 928, "driving_time": 892, "preparation_time": 0, "load_before": [0], "load_after": [0]}, {"type": "service", "id": "1704017004_49", "location_id": "1704017004", "address": {"location_id": "1704017004", "lat": 42.27439276, "lon": -71.07379044}, "arr_time": 1676289907, "arr_date_time": "2023-02-13T07:05:07-05:00", "end_time": 1676290207, "end_date_time": "2023-02-13T07:10:07-05:00", "waiting_time": 0, "distance": 943, "driving_time": 907, "preparation_time": 0, "load_before": [0], "load_after": [0]}, {"type": "service", "id": "1704017003_48", "location_id": "1704017003", "address": {"location_id": "1704017003", "lat": 42.27432649, "lon": -71.07396357}, "arr_time": 1676290221, "arr_date_time": "2023-02-13T07:10:21-05:00", "end_time": 1676290521, "end_date_time": "2023-02-13T07:15:21-05:00", "waiting_time": 0, "distance": 959, "driving_time": 921, "preparation_time": 0, "load_before": [0], "load_after": [0]}, {"type": "service", "id": "1704017000_47", "location_id": "1704017000", "address": {"location_id": "1704017000", "lat": 42.27416637, "lon": -71.07447498}, "arr_time": 1676290564, "arr_date_time": "2023-02-13T07:16:04-05:00", "end_time": 1676290864, "end_date_time": "2023-02-13T07:21:04-05:00", "waiting_time": 0, "distance": 1003, "driving_time": 964, "preparation_time": 0, "load_before": [0], "load_after": [0]}, {"type": "service", "id": "1704016002_46", "location_id": "1704016002", "address": {"location_id": "1704016002", "lat": 42.27413528, "lon": -71.07464946}, "arr_time": 1676290879, "arr_date_time": "2023-02-13T07:21:19-05:00", "end_time": 1676291179, "end_date_time": "2023-02-13T07:26:19-05:00", "waiting_time": 0, "distance": 1018, "driving_time": 979, "preparation_time": 0, "load_before": [0], "load_after": [0]}, {"type": "service", "id": "1704001000_35", "location_id": "1704001000", "address": {"location_id": "1704001000", "lat": 42.27450613, "lon": -71.07514818}, "arr_time": 1676291207, "arr_date_time": "2023-02-13T07:26:47-05:00", "end_time": 1676291507, "end_date_time": "2023-02-13T07:31:47-05:00", "waiting_time": 0, "distance": 1047, "driving_time": 1007, "preparation_time": 0, "load_before": [0], "load_after": [0]}, {"type": "service", "id": "1704001001_36", "location_id": "1704001001", "address": {"location_id": "1704001001", "lat": 42.2744648, "lon": -71.07535762}, "arr_time": 1676291524, "arr_date_time": "2023-02-13T07:32:04-05:00", "end_time": 1676291824, "end_date_time": "2023-02-13T07:37:04-05:00", "waiting_time": 0, "distance": 1065, "driving_time": 1024, "preparation_time": 0, "load_before": [0], "load_after": [0]}, {"type": "service", "id": "1704001002_37", "location_id": "1704001002", "address": {"location_id": "1704001002", "lat": 42.27441061, "lon": -71.07555509}, "arr_time": 1676291840, "arr_date_time": "2023-02-13T07:37:20-05:00", "end_time": 1676292140, "end_date_time": "2023-02-13T07:42:20-05:00", "waiting_time": 0, "distance": 1082, "driving_time": 1040, "preparation_time": 0, "load_before": [0], "load_after": [0]}, {"type": "service", "id": "1704014001_45", "location_id": "1704014001", "address": {"location_id": "1704014001", "lat": 42.27402825, "lon": -71.07562645}, "arr_time": 1676292156, "arr_date_time": "2023-02-13T07:42:36-05:00", "end_time": 1676292456, "end_date_time": "2023-02-13T07:47:36-05:00", "waiting_time": 0, "distance": 1099, "driving_time": 1056, "preparation_time": 0, "load_before": [0], "load_after": [0]}, {"type": "service", "id": "1704013002_44", "location_id": "1704013002", "address": {"location_id": "1704013002", "lat": 42.2735284, "lon": -71.0753695}, "arr_time": 1676292577, "arr_date_time": "2023-02-13T07:49:37-05:00", "end_time": 1676292877, "end_date_time": "2023-02-13T07:54:37-05:00", "waiting_time": 0, "distance": 1226, "driving_time": 1177, "preparation_time": 0, "load_before": [0], "load_after": [0]}, {"type": "service", "id": "1704013000_43", "location_id": "1704013000", "address": {"location_id": "1704013000", "lat": 42.27374031, "lon": -71.07489416}, "arr_time": 1676292919, "arr_date_time": "2023-02-13T07:55:19-05:00", "end_time": 1676293219, "end_date_time": "2023-02-13T08:00:19-05:00", "waiting_time": 0, "distance": 1269, "driving_time": 1219, "preparation_time": 0, "load_before": [0], "load_after": [0]}, {"type": "service", "id": "1704012004_42", "location_id": "1704012004", "address": {"location_id": "1704012004", "lat": 42.27375584, "lon": -71.07467461}, "arr_time": 1676293236, "arr_date_time": "2023-02-13T08:00:36-05:00", "end_time": 1676293536, "end_date_time": "2023-02-13T08:05:36-05:00", "waiting_time": 0, "distance": 1287, "driving_time": 1236, "preparation_time": 0, "load_before": [0], "load_after": [0]}, {"type": "service", "id": "1704012002_41", "location_id": "1704012002", "address": {"location_id": "1704012002", "lat": 42.2738043, "lon": -71.07437539}, "arr_time": 1676293560, "arr_date_time": "2023-02-13T08:06:00-05:00", "end_time": 1676293860, "end_date_time": "2023-02-13T08:11:00-05:00", "waiting_time": 0, "distance": 1312, "driving_time": 1260, "preparation_time": 0, "load_before": [0], "load_after": [0]}, {"type": "service", "id": "1704011011_40", "location_id": "1704011011", "address": {"location_id": "1704011011", "lat": 42.27388752, "lon": -71.07385098}, "arr_time": 1676293903, "arr_date_time": "2023-02-13T08:11:43-05:00", "end_time": 1676294203, "end_date_time": "2023-02-13T08:16:43-05:00", "waiting_time": 0, "distance": 1356, "driving_time": 1303, "preparation_time": 0, "load_before": [0], "load_after": [0]}, {"type": "service", "id": "1704011009_39", "location_id": "1704011009", "address": {"location_id": "1704011009", "lat": 42.27385739, "lon": -71.07367932}, "arr_time": 1676294215, "arr_date_time": "2023-02-13T08:16:55-05:00", "end_time": 1676294515, "end_date_time": "2023-02-13T08:21:55-05:00", "waiting_time": 0, "distance": 1369, "driving_time": 1315, "preparation_time": 0, "load_before": [0], "load_after": [0]}, {"type": "service", "id": "1704011007_38", "location_id": "1704011007", "address": {"location_id": "1704011007", "lat": 42.2738897, "lon": -71.07299558}, "arr_time": 1676294568, "arr_date_time": "2023-02-13T08:22:48-05:00", "end_time": 1676294868, "end_date_time": "2023-02-13T08:27:48-05:00", "waiting_time": 0, "distance": 1425, "driving_time": 1368, "preparation_time": 0, "load_before": [0], "load_after": [0]}, {"type": "service", "id": "1703409000_16", "location_id": "1703409000", "address": {"location_id": "1703409000", "lat": 42.27534852, "lon": -71.07230811}, "arr_time": 1676295115, "arr_date_time": "2023-02-13T08:31:55-05:00", "end_time": 1676295415, "end_date_time": "2023-02-13T08:36:55-05:00", "waiting_time": 0, "distance": 1682, "driving_time": 1615, "preparation_time": 0, "load_before": [0], "load_after": [0]}, {"type": "service", "id": "1703408000_15", "location_id": "1703408000", "address": {"location_id": "1703408000", "lat": 42.27549843, "lon": -71.0722839}, "arr_time": 1676295431, "arr_date_time": "2023-02-13T08:37:11-05:00", "end_time": 1676295731, "end_date_time": "2023-02-13T08:42:11-05:00", "waiting_time": 0, "distance": 1699, "driving_time": 1631, "preparation_time": 0, "load_before": [0], "load_after": [0]}, {"type": "service", "id": "1703407000_14", "location_id": "1703407000", "address": {"location_id": "1703407000", "lat": 42.27569539, "lon": -71.0723468}, "arr_time": 1676295752, "arr_date_time": "2023-02-13T08:42:32-05:00", "end_time": 1676296052, "end_date_time": "2023-02-13T08:47:32-05:00", "waiting_time": 0, "distance": 1721, "driving_time": 1652, "preparation_time": 0, "load_before": [0], "load_after": [0]}, {"type": "service", "id": "1703406000_13", "location_id": "1703406000", "address": {"location_id": "1703406000", "lat": 42.2757896, "lon": -71.07233098}, "arr_time": 1676296063, "arr_date_time": "2023-02-13T08:47:43-05:00", "end_time": 1676296363, "end_date_time": "2023-02-13T08:52:43-05:00", "waiting_time": 0, "distance": 1732, "driving_time": 1663, "preparation_time": 0, "load_before": [0], "load_after": [0]}, {"type": "service", "id": "1703405000_12", "location_id": "1703405000", "address": {"location_id": "1703405000", "lat": 42.27589497, "lon": -71.07231298}, "arr_time": 1676296373, "arr_date_time": "2023-02-13T08:52:53-05:00", "end_time": 1676296673, "end_date_time": "2023-02-13T08:57:53-05:00", "waiting_time": 0, "distance": 1744, "driving_time": 1673, "preparation_time": 0, "load_before": [0], "load_after": [0]}, {"type": "service", "id": "1703404000_11", "location_id": "1703404000", "address": {"location_id": "1703404000", "lat": 42.27603182, "lon": -71.07231815}, "arr_time": 1676296692, "arr_date_time": "2023-02-13T08:58:12-05:00", "end_time": 1676296992, "end_date_time": "2023-02-13T09:03:12-05:00", "waiting_time": 0, "distance": 1763, "driving_time": 1692, "preparation_time": 0, "load_before": [0], "load_after": [0]}, {"type": "end", "location_id": "1703356000", "address": {"location_id": "1703356000", "lat": 42.27789976, "lon": -71.07381695}, "arr_time": 1676297305, "arr_date_time": "2023-02-13T09:08:25-05:00", "end_time": 1676297305, "end_date_time": "2023-02-13T09:08:25-05:00", "waiting_time": 0, "distance": 2089, "driving_time": 2005, "preparation_time": 0, "load_before": [0]}]}], "unassigned": {"services": [], "shipments": [], "breaks": [], "details": []}}}