{"copyrights": ["GraphHopper", "OpenStreetMap contributors"], "job_id": "f80cb890-f635-4476-9fb5-011858160bca", "status": "finished", "waiting_time_in_queue": 0, "processing_time": 119, "solution": {"costs": 345, "distance": 2549, "time": 2443, "transport_time": 2443, "completion_time": 18043, "max_operation_time": 18043, "waiting_time": 0, "service_duration": 15600, "preparation_time": 0, "no_vehicles": 1, "no_unassigned": 0, "routes": [{"vehicle_id": "my_vehicle", "shift_id": "default-shift", "distance": 2549, "transport_time": 2443, "completion_time": 18043, "waiting_time": 0, "service_duration": 15600, "preparation_time": 0, "activities": [{"type": "start", "location_id": "1802981000", "address": {"location_id": "1802981000", "lat": 42.27738516, "lon": -71.09825386}, "arr_time": 1676278800, "arr_date_time": "2023-02-13T04:00:00-05:00", "end_time": 1676278800, "end_date_time": "2023-02-13T04:00:00-05:00", "waiting_time": 0, "distance": 0, "driving_time": 0, "preparation_time": 0, "load_after": [0]}, {"type": "service", "id": "1803002000_51", "location_id": "1803002000", "address": {"location_id": "1803002000", "lat": 42.27653473, "lon": -71.09777714}, "arr_time": 1676278944, "arr_date_time": "2023-02-13T04:02:24-05:00", "end_time": 1676279244, "end_date_time": "2023-02-13T04:07:24-05:00", "waiting_time": 0, "distance": 150, "driving_time": 144, "preparation_time": 0, "load_before": [0], "load_after": [0]}, {"type": "service", "id": "1803003000_52", "location_id": "1803003000", "address": {"location_id": "1803003000", "lat": 42.27640271, "lon": -71.09761117}, "arr_time": 1676279263, "arr_date_time": "2023-02-13T04:07:43-05:00", "end_time": 1676279563, "end_date_time": "2023-02-13T04:12:43-05:00", "waiting_time": 0, "distance": 169, "driving_time": 163, "preparation_time": 0, "load_before": [0], "load_after": [0]}, {"type": "service", "id": "1803001000_50", "location_id": "1803001000", "address": {"location_id": "1803001000", "lat": 42.27664114, "lon": -71.09790515}, "arr_time": 1676279651, "arr_date_time": "2023-02-13T04:14:11-05:00", "end_time": 1676279951, "end_date_time": "2023-02-13T04:19:11-05:00", "waiting_time": 0, "distance": 261, "driving_time": 251, "preparation_time": 0, "load_before": [0], "load_after": [0]}, {"type": "service", "id": "1802998000_49", "location_id": "1802998000", "address": {"location_id": "1802998000", "lat": 42.27640273, "lon": -71.09812892}, "arr_time": 1676279983, "arr_date_time": "2023-02-13T04:19:43-05:00", "end_time": 1676280283, "end_date_time": "2023-02-13T04:24:43-05:00", "waiting_time": 0, "distance": 294, "driving_time": 283, "preparation_time": 0, "load_before": [0], "load_after": [0]}, {"type": "service", "id": "1802990000_45", "location_id": "1802990000", "address": {"location_id": "1802990000", "lat": 42.27648889, "lon": -71.09863928}, "arr_time": 1676280299, "arr_date_time": "2023-02-13T04:24:59-05:00", "end_time": 1676280599, "end_date_time": "2023-02-13T04:29:59-05:00", "waiting_time": 0, "distance": 310, "driving_time": 299, "preparation_time": 0, "load_before": [0], "load_after": [0]}, {"type": "service", "id": "1802997000_48", "location_id": "1802997000", "address": {"location_id": "1802997000", "lat": 42.27623206, "lon": -71.09830354}, "arr_time": 1676280607, "arr_date_time": "2023-02-13T04:30:07-05:00", "end_time": 1676280907, "end_date_time": "2023-02-13T04:35:07-05:00", "waiting_time": 0, "distance": 318, "driving_time": 307, "preparation_time": 0, "load_before": [0], "load_after": [0]}, {"type": "service", "id": "1802991000_46", "location_id": "1802991000", "address": {"location_id": "1802991000", "lat": 42.27640259, "lon": -71.09872824}, "arr_time": 1676280911, "arr_date_time": "2023-02-13T04:35:11-05:00", "end_time": 1676281211, "end_date_time": "2023-02-13T04:40:11-05:00", "waiting_time": 0, "distance": 322, "driving_time": 311, "preparation_time": 0, "load_before": [0], "load_after": [0]}, {"type": "service", "id": "1802992000_47", "location_id": "1802992000", "address": {"location_id": "1802992000", "lat": 42.27631787, "lon": -71.09881493}, "arr_time": 1676281223, "arr_date_time": "2023-02-13T04:40:23-05:00", "end_time": 1676281523, "end_date_time": "2023-02-13T04:45:23-05:00", "waiting_time": 0, "distance": 334, "driving_time": 323, "preparation_time": 0, "load_before": [0], "load_after": [0]}, {"type": "service", "id": "1802238000_23", "location_id": "1802238000", "address": {"location_id": "1802238000", "lat": 42.275743, "lon": -71.09838995}, "arr_time": 1676281588, "arr_date_time": "2023-02-13T04:46:28-05:00", "end_time": 1676281888, "end_date_time": "2023-02-13T04:51:28-05:00", "waiting_time": 0, "distance": 403, "driving_time": 388, "preparation_time": 0, "load_before": [0], "load_after": [0]}, {"type": "service", "id": "1802199000_18", "location_id": "1802199000", "address": {"location_id": "1802199000", "lat": 42.2756889, "lon": -71.09817041}, "arr_time": 1676281968, "arr_date_time": "2023-02-13T04:52:48-05:00", "end_time": 1676282268, "end_date_time": "2023-02-13T04:57:48-05:00", "waiting_time": 0, "distance": 487, "driving_time": 468, "preparation_time": 0, "load_before": [0], "load_after": [0]}, {"type": "service", "id": "1802208000_19", "location_id": "1802208000", "address": {"location_id": "1802208000", "lat": 42.27482638, "lon": -71.09914082}, "arr_time": 1676282388, "arr_date_time": "2023-02-13T04:59:48-05:00", "end_time": 1676282688, "end_date_time": "2023-02-13T05:04:48-05:00", "waiting_time": 0, "distance": 612, "driving_time": 588, "preparation_time": 0, "load_before": [0], "load_after": [0]}, {"type": "service", "id": "1802210000_20", "location_id": "1802210000", "address": {"location_id": "1802210000", "lat": 42.27465632, "lon": -71.09931461}, "arr_time": 1676282711, "arr_date_time": "2023-02-13T05:05:11-05:00", "end_time": 1676283011, "end_date_time": "2023-02-13T05:10:11-05:00", "waiting_time": 0, "distance": 636, "driving_time": 611, "preparation_time": 0, "load_before": [0], "load_after": [0]}, {"type": "service", "id": "1802212000_21", "location_id": "1802212000", "address": {"location_id": "1802212000", "lat": 42.27448529, "lon": -71.0994877}, "arr_time": 1676283033, "arr_date_time": "2023-02-13T05:10:33-05:00", "end_time": 1676283333, "end_date_time": "2023-02-13T05:15:33-05:00", "waiting_time": 0, "distance": 660, "driving_time": 633, "preparation_time": 0, "load_before": [0], "load_after": [0]}, {"type": "service", "id": "1802178000_12", "location_id": "1802178000", "address": {"location_id": "1802178000", "lat": 42.27400236, "lon": -71.0993588}, "arr_time": 1676283369, "arr_date_time": "2023-02-13T05:16:09-05:00", "end_time": 1676283669, "end_date_time": "2023-02-13T05:21:09-05:00", "waiting_time": 0, "distance": 697, "driving_time": 669, "preparation_time": 0, "load_before": [0], "load_after": [0]}, {"type": "service", "id": "1802179000_13", "location_id": "1802179000", "address": {"location_id": "1802179000", "lat": 42.27408779, "lon": -71.09927206}, "arr_time": 1676283709, "arr_date_time": "2023-02-13T05:21:49-05:00", "end_time": 1676284009, "end_date_time": "2023-02-13T05:26:49-05:00", "waiting_time": 0, "distance": 739, "driving_time": 709, "preparation_time": 0, "load_before": [0], "load_after": [0]}, {"type": "service", "id": "1802183000_14", "location_id": "1802183000", "address": {"location_id": "1802183000", "lat": 42.274433, "lon": -71.09891675}, "arr_time": 1676284063, "arr_date_time": "2023-02-13T05:27:43-05:00", "end_time": 1676284363, "end_date_time": "2023-02-13T05:32:43-05:00", "waiting_time": 0, "distance": 794, "driving_time": 763, "preparation_time": 0, "load_before": [0], "load_after": [0]}, {"type": "service", "id": "1802184000_15", "location_id": "1802184000", "address": {"location_id": "1802184000", "lat": 42.27452696, "lon": -71.09882025}, "arr_time": 1676284375, "arr_date_time": "2023-02-13T05:32:55-05:00", "end_time": 1676284675, "end_date_time": "2023-02-13T05:37:55-05:00", "waiting_time": 0, "distance": 807, "driving_time": 775, "preparation_time": 0, "load_before": [0], "load_after": [0]}, {"type": "service", "id": "1802185000_16", "location_id": "1802185000", "address": {"location_id": "1802185000", "lat": 42.27461158, "lon": -71.098732}, "arr_time": 1676284687, "arr_date_time": "2023-02-13T05:38:07-05:00", "end_time": 1676284987, "end_date_time": "2023-02-13T05:43:07-05:00", "waiting_time": 0, "distance": 819, "driving_time": 787, "preparation_time": 0, "load_before": [0], "load_after": [0]}, {"type": "service", "id": "1802186000_17", "location_id": "1802186000", "address": {"location_id": "1802186000", "lat": 42.27470217, "lon": -71.09863996}, "arr_time": 1676284999, "arr_date_time": "2023-02-13T05:43:19-05:00", "end_time": 1676285299, "end_date_time": "2023-02-13T05:48:19-05:00", "waiting_time": 0, "distance": 832, "driving_time": 799, "preparation_time": 0, "load_before": [0], "load_after": [0]}, {"type": "service", "id": "1802167000_04", "location_id": "1802167000", "address": {"location_id": "1802167000", "lat": 42.27346522, "lon": -71.09818295}, "arr_time": 1676285457, "arr_date_time": "2023-02-13T05:50:57-05:00", "end_time": 1676285757, "end_date_time": "2023-02-13T05:55:57-05:00", "waiting_time": 0, "distance": 998, "driving_time": 957, "preparation_time": 0, "load_before": [0], "load_after": [0]}, {"type": "service", "id": "1802165000_03", "location_id": "1802165000", "address": {"location_id": "1802165000", "lat": 42.27309215, "lon": -71.09783811}, "arr_time": 1676285811, "arr_date_time": "2023-02-13T05:56:51-05:00", "end_time": 1676286111, "end_date_time": "2023-02-13T06:01:51-05:00", "waiting_time": 0, "distance": 1054, "driving_time": 1011, "preparation_time": 0, "load_before": [0], "load_after": [0]}, {"type": "service", "id": "1802168000_05", "location_id": "1802168000", "address": {"location_id": "1802168000", "lat": 42.27333016, "lon": -71.09831298}, "arr_time": 1676286111, "arr_date_time": "2023-02-13T06:01:51-05:00", "end_time": 1676286411, "end_date_time": "2023-02-13T06:06:51-05:00", "waiting_time": 0, "distance": 1055, "driving_time": 1011, "preparation_time": 0, "load_before": [0], "load_after": [0]}, {"type": "service", "id": "1802164000_02", "location_id": "1802164000", "address": {"location_id": "1802164000", "lat": 42.27298156, "lon": -71.09794523}, "arr_time": 1676286424, "arr_date_time": "2023-02-13T06:07:04-05:00", "end_time": 1676286724, "end_date_time": "2023-02-13T06:12:04-05:00", "waiting_time": 0, "distance": 1070, "driving_time": 1024, "preparation_time": 0, "load_before": [0], "load_after": [0]}, {"type": "service", "id": "1802169000_06", "location_id": "1802169000", "address": {"location_id": "1802169000", "lat": 42.2731927, "lon": -71.09843981}, "arr_time": 1676286728, "arr_date_time": "2023-02-13T06:12:08-05:00", "end_time": 1676287028, "end_date_time": "2023-02-13T06:17:08-05:00", "waiting_time": 0, "distance": 1074, "driving_time": 1028, "preparation_time": 0, "load_before": [0], "load_after": [0]}, {"type": "service", "id": "1802163000_01", "location_id": "1802163000", "address": {"location_id": "1802163000", "lat": 42.27288149, "lon": -71.0981709}, "arr_time": 1676287043, "arr_date_time": "2023-02-13T06:17:23-05:00", "end_time": 1676287343, "end_date_time": "2023-02-13T06:22:23-05:00", "waiting_time": 0, "distance": 1090, "driving_time": 1043, "preparation_time": 0, "load_before": [0], "load_after": [0]}, {"type": "service", "id": "1802170000_07", "location_id": "1802170000", "address": {"location_id": "1802170000", "lat": 42.27306547, "lon": -71.09856222}, "arr_time": 1676287384, "arr_date_time": "2023-02-13T06:23:04-05:00", "end_time": 1676287684, "end_date_time": "2023-02-13T06:28:04-05:00", "waiting_time": 0, "distance": 1133, "driving_time": 1084, "preparation_time": 0, "load_before": [0], "load_after": [0]}, {"type": "service", "id": "1802239000_24", "location_id": "1802239000", "address": {"location_id": "1802239000", "lat": 42.27290076, "lon": -71.09880901}, "arr_time": 1676287688, "arr_date_time": "2023-02-13T06:28:08-05:00", "end_time": 1676287988, "end_date_time": "2023-02-13T06:33:08-05:00", "waiting_time": 0, "distance": 1138, "driving_time": 1088, "preparation_time": 0, "load_before": [0], "load_after": [0]}, {"type": "service", "id": "1802286000_28", "location_id": "1802286000", "address": {"location_id": "1802286000", "lat": 42.27294446, "lon": -71.09903963}, "arr_time": 1676288005, "arr_date_time": "2023-02-13T06:33:25-05:00", "end_time": 1676288305, "end_date_time": "2023-02-13T06:38:25-05:00", "waiting_time": 0, "distance": 1156, "driving_time": 1105, "preparation_time": 0, "load_before": [0], "load_after": [0]}, {"type": "service", "id": "1802171000_08", "location_id": "1802171000", "address": {"location_id": "1802171000", "lat": 42.27328212, "lon": -71.09873572}, "arr_time": 1676288308, "arr_date_time": "2023-02-13T06:38:28-05:00", "end_time": 1676288608, "end_date_time": "2023-02-13T06:43:28-05:00", "waiting_time": 0, "distance": 1159, "driving_time": 1108, "preparation_time": 0, "load_before": [0], "load_after": [0]}, {"type": "service", "id": "1802172000_09", "location_id": "1802172000", "address": {"location_id": "1802172000", "lat": 42.27341744, "lon": -71.09887596}, "arr_time": 1676288625, "arr_date_time": "2023-02-13T06:43:45-05:00", "end_time": 1676288925, "end_date_time": "2023-02-13T06:48:45-05:00", "waiting_time": 0, "distance": 1177, "driving_time": 1125, "preparation_time": 0, "load_before": [0], "load_after": [0]}, {"type": "service", "id": "1802173000_10", "location_id": "1802173000", "address": {"location_id": "1802173000", "lat": 42.27352176, "lon": -71.09905811}, "arr_time": 1676288944, "arr_date_time": "2023-02-13T06:49:04-05:00", "end_time": 1676289244, "end_date_time": "2023-02-13T06:54:04-05:00", "waiting_time": 0, "distance": 1196, "driving_time": 1144, "preparation_time": 0, "load_before": [0], "load_after": [0]}, {"type": "service", "id": "1802283000_25", "location_id": "1802283000", "address": {"location_id": "1802283000", "lat": 42.27318065, "lon": -71.09956755}, "arr_time": 1676289253, "arr_date_time": "2023-02-13T06:54:13-05:00", "end_time": 1676289553, "end_date_time": "2023-02-13T06:59:13-05:00", "waiting_time": 0, "distance": 1206, "driving_time": 1153, "preparation_time": 0, "load_before": [0], "load_after": [0]}, {"type": "service", "id": "1802174000_11", "location_id": "1802174000", "address": {"location_id": "1802174000", "lat": 42.27361095, "lon": -71.09924243}, "arr_time": 1676289561, "arr_date_time": "2023-02-13T06:59:21-05:00", "end_time": 1676289861, "end_date_time": "2023-02-13T07:04:21-05:00", "waiting_time": 0, "distance": 1214, "driving_time": 1161, "preparation_time": 0, "load_before": [0], "load_after": [0]}, {"type": "service", "id": "1802285000_27", "location_id": "1802285000", "address": {"location_id": "1802285000", "lat": 42.27300671, "lon": -71.09925791}, "arr_time": 1676290143, "arr_date_time": "2023-02-13T07:09:03-05:00", "end_time": 1676290443, "end_date_time": "2023-02-13T07:14:03-05:00", "waiting_time": 0, "distance": 1507, "driving_time": 1443, "preparation_time": 0, "load_before": [0], "load_after": [0]}, {"type": "service", "id": "1802284000_26", "location_id": "1802284000", "address": {"location_id": "1802284000", "lat": 42.27309809, "lon": -71.09942083}, "arr_time": 1676290443, "arr_date_time": "2023-02-13T07:14:03-05:00", "end_time": 1676290743, "end_date_time": "2023-02-13T07:19:03-05:00", "waiting_time": 0, "distance": 1507, "driving_time": 1443, "preparation_time": 0, "load_before": [0], "load_after": [0]}, {"type": "service", "id": "1802291007_29", "location_id": "1802291007", "address": {"location_id": "1802291007", "lat": 42.27389022, "lon": -71.1006424}, "arr_time": 1676291033, "arr_date_time": "2023-02-13T07:23:53-05:00", "end_time": 1676291333, "end_date_time": "2023-02-13T07:28:53-05:00", "waiting_time": 0, "distance": 1809, "driving_time": 1733, "preparation_time": 0, "load_before": [0], "load_after": [0]}, {"type": "service", "id": "1802220000_22", "location_id": "1802220000", "address": {"location_id": "1802220000", "lat": 42.27414809, "lon": -71.1003955}, "arr_time": 1676291368, "arr_date_time": "2023-02-13T07:29:28-05:00", "end_time": 1676291668, "end_date_time": "2023-02-13T07:34:28-05:00", "waiting_time": 0, "distance": 1845, "driving_time": 1768, "preparation_time": 0, "load_before": [0], "load_after": [0]}, {"type": "service", "id": "1802765000_30", "location_id": "1802765000", "address": {"location_id": "1802765000", "lat": 42.27451873, "lon": -71.10063747}, "arr_time": 1676291719, "arr_date_time": "2023-02-13T07:35:19-05:00", "end_time": 1676292019, "end_date_time": "2023-02-13T07:40:19-05:00", "waiting_time": 0, "distance": 1897, "driving_time": 1819, "preparation_time": 0, "load_before": [0], "load_after": [0]}, {"type": "service", "id": "1802765001_31", "location_id": "1802765001", "address": {"location_id": "1802765001", "lat": 42.27437124, "lon": -71.10078704}, "arr_time": 1676292076, "arr_date_time": "2023-02-13T07:41:16-05:00", "end_time": 1676292376, "end_date_time": "2023-02-13T07:46:16-05:00", "waiting_time": 0, "distance": 1957, "driving_time": 1876, "preparation_time": 0, "load_before": [0], "load_after": [0]}, {"type": "service", "id": "1802765003_32", "location_id": "1802765003", "address": {"location_id": "1802765003", "lat": 42.27469003, "lon": -71.10094224}, "arr_time": 1676292461, "arr_date_time": "2023-02-13T07:47:41-05:00", "end_time": 1676292761, "end_date_time": "2023-02-13T07:52:41-05:00", "waiting_time": 0, "distance": 2045, "driving_time": 1961, "preparation_time": 0, "load_before": [0], "load_after": [0]}, {"type": "service", "id": "1802766000_33", "location_id": "1802766000", "address": {"location_id": "1802766000", "lat": 42.27480877, "lon": -71.10082104}, "arr_time": 1676292777, "arr_date_time": "2023-02-13T07:52:57-05:00", "end_time": 1676293077, "end_date_time": "2023-02-13T07:57:57-05:00", "waiting_time": 0, "distance": 2062, "driving_time": 1977, "preparation_time": 0, "load_before": [0], "load_after": [0]}, {"type": "service", "id": "1802768000_34", "location_id": "1802768000", "address": {"location_id": "1802768000", "lat": 42.2749898, "lon": -71.10063825}, "arr_time": 1676293101, "arr_date_time": "2023-02-13T07:58:21-05:00", "end_time": 1676293401, "end_date_time": "2023-02-13T08:03:21-05:00", "waiting_time": 0, "distance": 2087, "driving_time": 2001, "preparation_time": 0, "load_before": [0], "load_after": [0]}, {"type": "service", "id": "1802770000_35", "location_id": "1802770000", "address": {"location_id": "1802770000", "lat": 42.27511021, "lon": -71.1005167}, "arr_time": 1676293417, "arr_date_time": "2023-02-13T08:03:37-05:00", "end_time": 1676293717, "end_date_time": "2023-02-13T08:08:37-05:00", "waiting_time": 0, "distance": 2104, "driving_time": 2017, "preparation_time": 0, "load_before": [0], "load_after": [0]}, {"type": "service", "id": "1802771000_36", "location_id": "1802771000", "address": {"location_id": "1802771000", "lat": 42.27525333, "lon": -71.10037162}, "arr_time": 1676293736, "arr_date_time": "2023-02-13T08:08:56-05:00", "end_time": 1676294036, "end_date_time": "2023-02-13T08:13:56-05:00", "waiting_time": 0, "distance": 2124, "driving_time": 2036, "preparation_time": 0, "load_before": [0], "load_after": [0]}, {"type": "service", "id": "1802772000_37", "location_id": "1802772000", "address": {"location_id": "1802772000", "lat": 42.2753949, "lon": -71.10022847}, "arr_time": 1676294055, "arr_date_time": "2023-02-13T08:14:15-05:00", "end_time": 1676294355, "end_date_time": "2023-02-13T08:19:15-05:00", "waiting_time": 0, "distance": 2144, "driving_time": 2055, "preparation_time": 0, "load_before": [0], "load_after": [0]}, {"type": "service", "id": "1802776000_38", "location_id": "1802776000", "address": {"location_id": "1802776000", "lat": 42.27569605, "lon": -71.09992261}, "arr_time": 1676294397, "arr_date_time": "2023-02-13T08:19:57-05:00", "end_time": 1676294697, "end_date_time": "2023-02-13T08:24:57-05:00", "waiting_time": 0, "distance": 2189, "driving_time": 2097, "preparation_time": 0, "load_before": [0], "load_after": [0]}, {"type": "service", "id": "1802777000_39", "location_id": "1802777000", "address": {"location_id": "1802777000", "lat": 42.27577921, "lon": -71.09977618}, "arr_time": 1676294723, "arr_date_time": "2023-02-13T08:25:23-05:00", "end_time": 1676295023, "end_date_time": "2023-02-13T08:30:23-05:00", "waiting_time": 0, "distance": 2216, "driving_time": 2123, "preparation_time": 0, "load_before": [0], "load_after": [0]}, {"type": "service", "id": "1802971000_40", "location_id": "1802971000", "address": {"location_id": "1802971000", "lat": 42.27639949, "lon": -71.09920868}, "arr_time": 1676295079, "arr_date_time": "2023-02-13T08:31:19-05:00", "end_time": 1676295379, "end_date_time": "2023-02-13T08:36:19-05:00", "waiting_time": 0, "distance": 2274, "driving_time": 2179, "preparation_time": 0, "load_before": [0], "load_after": [0]}, {"type": "service", "id": "1802972000_41", "location_id": "1802972000", "address": {"location_id": "1802972000", "lat": 42.27648735, "lon": -71.09911638}, "arr_time": 1676295524, "arr_date_time": "2023-02-13T08:38:44-05:00", "end_time": 1676295824, "end_date_time": "2023-02-13T08:43:44-05:00", "waiting_time": 0, "distance": 2425, "driving_time": 2324, "preparation_time": 0, "load_before": [0], "load_after": [0]}, {"type": "service", "id": "1802975000_42", "location_id": "1802975000", "address": {"location_id": "1802975000", "lat": 42.27676745, "lon": -71.09882692}, "arr_time": 1676295861, "arr_date_time": "2023-02-13T08:44:21-05:00", "end_time": 1676296161, "end_date_time": "2023-02-13T08:49:21-05:00", "waiting_time": 0, "distance": 2464, "driving_time": 2361, "preparation_time": 0, "load_before": [0], "load_after": [0]}, {"type": "service", "id": "1802978000_43", "location_id": "1802978000", "address": {"location_id": "1802978000", "lat": 42.27706383, "lon": -71.09852155}, "arr_time": 1676296203, "arr_date_time": "2023-02-13T08:50:03-05:00", "end_time": 1676296503, "end_date_time": "2023-02-13T08:55:03-05:00", "waiting_time": 0, "distance": 2508, "driving_time": 2403, "preparation_time": 0, "load_before": [0], "load_after": [0]}, {"type": "service", "id": "1802979000_44", "location_id": "1802979000", "address": {"location_id": "1802979000", "lat": 42.27724726, "lon": -71.09846909}, "arr_time": 1676296520, "arr_date_time": "2023-02-13T08:55:20-05:00", "end_time": 1676296820, "end_date_time": "2023-02-13T09:00:20-05:00", "waiting_time": 0, "distance": 2526, "driving_time": 2420, "preparation_time": 0, "load_before": [0], "load_after": [0]}, {"type": "end", "location_id": "1802981000", "address": {"location_id": "1802981000", "lat": 42.27738516, "lon": -71.09825386}, "arr_time": 1676296843, "arr_date_time": "2023-02-13T09:00:43-05:00", "end_time": 1676296843, "end_date_time": "2023-02-13T09:00:43-05:00", "waiting_time": 0, "distance": 2549, "driving_time": 2443, "preparation_time": 0, "load_before": [0]}]}], "unassigned": {"services": [], "shipments": [], "breaks": [], "details": []}}}