{"copyrights": ["GraphHopper", "OpenStreetMap contributors"], "job_id": "f074f25e-2004-48db-a9c7-d6ecb62fa9fd", "status": "finished", "waiting_time_in_queue": 1, "processing_time": 112, "solution": {"costs": 327, "distance": 2675, "time": 2568, "transport_time": 2568, "completion_time": 15768, "max_operation_time": 15768, "waiting_time": 0, "service_duration": 13200, "preparation_time": 0, "no_vehicles": 1, "no_unassigned": 0, "routes": [{"vehicle_id": "my_vehicle", "shift_id": "default-shift", "distance": 2675, "transport_time": 2568, "completion_time": 15768, "waiting_time": 0, "service_duration": 13200, "preparation_time": 0, "activities": [{"type": "start", "location_id": "903576010", "address": {"location_id": "903576010", "lat": 42.32891066, "lon": -71.09046483}, "arr_time": 1676278800, "arr_date_time": "2023-02-13T04:00:00-05:00", "end_time": 1676278800, "end_date_time": "2023-02-13T04:00:00-05:00", "waiting_time": 0, "distance": 0, "driving_time": 0, "preparation_time": 0, "load_after": [0]}, {"type": "service", "id": "903579010_01", "location_id": "903579010", "address": {"location_id": "903579010", "lat": 42.32875326, "lon": -71.0902737}, "arr_time": 1676278823, "arr_date_time": "2023-02-13T04:00:23-05:00", "end_time": 1676279123, "end_date_time": "2023-02-13T04:05:23-05:00", "waiting_time": 0, "distance": 23, "driving_time": 23, "preparation_time": 0, "load_before": [0], "load_after": [0]}, {"type": "service", "id": "903587010_05", "location_id": "903587010", "address": {"location_id": "903587010", "lat": 42.3286291, "lon": -71.09001237}, "arr_time": 1676279144, "arr_date_time": "2023-02-13T04:05:44-05:00", "end_time": 1676279444, "end_date_time": "2023-02-13T04:10:44-05:00", "waiting_time": 0, "distance": 45, "driving_time": 44, "preparation_time": 0, "load_before": [0], "load_after": [0]}, {"type": "service", "id": "903585010_04", "location_id": "903585010", "address": {"location_id": "903585010", "lat": 42.32851346, "lon": -71.09019093}, "arr_time": 1676279463, "arr_date_time": "2023-02-13T04:11:03-05:00", "end_time": 1676279763, "end_date_time": "2023-02-13T04:16:03-05:00", "waiting_time": 0, "distance": 64, "driving_time": 63, "preparation_time": 0, "load_before": [0], "load_after": [0]}, {"type": "service", "id": "903580010_02", "location_id": "903580010", "address": {"location_id": "903580010", "lat": 42.32861533, "lon": -71.09038545}, "arr_time": 1676279764, "arr_date_time": "2023-02-13T04:16:04-05:00", "end_time": 1676280064, "end_date_time": "2023-02-13T04:21:04-05:00", "waiting_time": 0, "distance": 65, "driving_time": 64, "preparation_time": 0, "load_before": [0], "load_after": [0]}, {"type": "service", "id": "903581010_03", "location_id": "903581010", "address": {"location_id": "903581010", "lat": 42.32866983, "lon": -71.09050775}, "arr_time": 1676280093, "arr_date_time": "2023-02-13T04:21:33-05:00", "end_time": 1676280393, "end_date_time": "2023-02-13T04:26:33-05:00", "waiting_time": 0, "distance": 95, "driving_time": 93, "preparation_time": 0, "load_before": [0], "load_after": [0]}, {"type": "service", "id": "903603000_08", "location_id": "903603000", "address": {"location_id": "903603000", "lat": 42.32831229, "lon": -71.09046408}, "arr_time": 1676280415, "arr_date_time": "2023-02-13T04:26:55-05:00", "end_time": 1676280715, "end_date_time": "2023-02-13T04:31:55-05:00", "waiting_time": 0, "distance": 118, "driving_time": 115, "preparation_time": 0, "load_before": [0], "load_after": [0]}, {"type": "service", "id": "903607000_09", "location_id": "903607000", "address": {"location_id": "903607000", "lat": 42.32824709, "lon": -71.09018882}, "arr_time": 1676280737, "arr_date_time": "2023-02-13T04:32:17-05:00", "end_time": 1676281037, "end_date_time": "2023-02-13T04:37:17-05:00", "waiting_time": 0, "distance": 141, "driving_time": 137, "preparation_time": 0, "load_before": [0], "load_after": [0]}, {"type": "service", "id": "903596000_06", "location_id": "903596000", "address": {"location_id": "903596000", "lat": 42.32810061, "lon": -71.08992522}, "arr_time": 1676281083, "arr_date_time": "2023-02-13T04:38:03-05:00", "end_time": 1676281383, "end_date_time": "2023-02-13T04:43:03-05:00", "waiting_time": 0, "distance": 189, "driving_time": 183, "preparation_time": 0, "load_before": [0], "load_after": [0]}, {"type": "service", "id": "903598000_07", "location_id": "903598000", "address": {"location_id": "903598000", "lat": 42.32793274, "lon": -71.08998695}, "arr_time": 1676281441, "arr_date_time": "2023-02-13T04:44:01-05:00", "end_time": 1676281741, "end_date_time": "2023-02-13T04:49:01-05:00", "waiting_time": 0, "distance": 250, "driving_time": 241, "preparation_time": 0, "load_before": [0], "load_after": [0]}, {"type": "service", "id": "903731000_33", "location_id": "903731000", "address": {"location_id": "903731000", "lat": 42.32688389, "lon": -71.09019567}, "arr_time": 1676281897, "arr_date_time": "2023-02-13T04:51:37-05:00", "end_time": 1676282197, "end_date_time": "2023-02-13T04:56:37-05:00", "waiting_time": 0, "distance": 412, "driving_time": 397, "preparation_time": 0, "load_before": [0], "load_after": [0]}, {"type": "service", "id": "1100157020_44", "location_id": "1100157020", "address": {"location_id": "1100157020", "lat": 42.32691247, "lon": -71.09127326}, "arr_time": 1676282277, "arr_date_time": "2023-02-13T04:57:57-05:00", "end_time": 1676282577, "end_date_time": "2023-02-13T05:02:57-05:00", "waiting_time": 0, "distance": 496, "driving_time": 477, "preparation_time": 0, "load_before": [0], "load_after": [0]}, {"type": "service", "id": "1100157010_43", "location_id": "1100157010", "address": {"location_id": "1100157010", "lat": 42.32695104, "lon": -71.09142572}, "arr_time": 1676282589, "arr_date_time": "2023-02-13T05:03:09-05:00", "end_time": 1676282889, "end_date_time": "2023-02-13T05:08:09-05:00", "waiting_time": 0, "distance": 509, "driving_time": 489, "preparation_time": 0, "load_before": [0], "load_after": [0]}, {"type": "service", "id": "1100155010_42", "location_id": "1100155010", "address": {"location_id": "1100155010", "lat": 42.32703028, "lon": -71.09162933}, "arr_time": 1676282908, "arr_date_time": "2023-02-13T05:08:28-05:00", "end_time": 1676283208, "end_date_time": "2023-02-13T05:13:28-05:00", "waiting_time": 0, "distance": 528, "driving_time": 508, "preparation_time": 0, "load_before": [0], "load_after": [0]}, {"type": "service", "id": "903654010_17", "location_id": "903654010", "address": {"location_id": "903654010", "lat": 42.3274197, "lon": -71.09147085}, "arr_time": 1676283220, "arr_date_time": "2023-02-13T05:13:40-05:00", "end_time": 1676283520, "end_date_time": "2023-02-13T05:18:40-05:00", "waiting_time": 0, "distance": 540, "driving_time": 520, "preparation_time": 0, "load_before": [0], "load_after": [0]}, {"type": "service", "id": "903656010_18", "location_id": "903656010", "address": {"location_id": "903656010", "lat": 42.32750355, "lon": -71.09157919}, "arr_time": 1676283532, "arr_date_time": "2023-02-13T05:18:52-05:00", "end_time": 1676283832, "end_date_time": "2023-02-13T05:23:52-05:00", "waiting_time": 0, "distance": 553, "driving_time": 532, "preparation_time": 0, "load_before": [0], "load_after": [0]}, {"type": "service", "id": "903657010_19", "location_id": "903657010", "address": {"location_id": "903657010", "lat": 42.32753417, "lon": -71.09171105}, "arr_time": 1676283843, "arr_date_time": "2023-02-13T05:24:03-05:00", "end_time": 1676284143, "end_date_time": "2023-02-13T05:29:03-05:00", "waiting_time": 0, "distance": 564, "driving_time": 543, "preparation_time": 0, "load_before": [0], "load_after": [0]}, {"type": "service", "id": "1100148000_41", "location_id": "1100148000", "address": {"location_id": "1100148000", "lat": 42.32720475, "lon": -71.09244763}, "arr_time": 1676284251, "arr_date_time": "2023-02-13T05:30:51-05:00", "end_time": 1676284551, "end_date_time": "2023-02-13T05:35:51-05:00", "waiting_time": 0, "distance": 676, "driving_time": 651, "preparation_time": 0, "load_before": [0], "load_after": [0]}, {"type": "service", "id": "1100144000_40", "location_id": "1100144000", "address": {"location_id": "1100144000", "lat": 42.32683724, "lon": -71.09198777}, "arr_time": 1676284653, "arr_date_time": "2023-02-13T05:37:33-05:00", "end_time": 1676284953, "end_date_time": "2023-02-13T05:42:33-05:00", "waiting_time": 0, "distance": 783, "driving_time": 753, "preparation_time": 0, "load_before": [0], "load_after": [0]}, {"type": "service", "id": "1100143010_39", "location_id": "1100143010", "address": {"location_id": "1100143010", "lat": 42.32661772, "lon": -71.09185628}, "arr_time": 1676284972, "arr_date_time": "2023-02-13T05:42:52-05:00", "end_time": 1676285272, "end_date_time": "2023-02-13T05:47:52-05:00", "waiting_time": 0, "distance": 802, "driving_time": 772, "preparation_time": 0, "load_before": [0], "load_after": [0]}, {"type": "service", "id": "1100141010_38", "location_id": "1100141010", "address": {"location_id": "1100141010", "lat": 42.32640337, "lon": -71.09181289}, "arr_time": 1676285293, "arr_date_time": "2023-02-13T05:48:13-05:00", "end_time": 1676285593, "end_date_time": "2023-02-13T05:53:13-05:00", "waiting_time": 0, "distance": 825, "driving_time": 793, "preparation_time": 0, "load_before": [0], "load_after": [0]}, {"type": "service", "id": "903711000_28", "location_id": "903711000", "address": {"location_id": "903711000", "lat": 42.32663446, "lon": -71.090721}, "arr_time": 1676285739, "arr_date_time": "2023-02-13T05:55:39-05:00", "end_time": 1676286039, "end_date_time": "2023-02-13T06:00:39-05:00", "waiting_time": 0, "distance": 977, "driving_time": 939, "preparation_time": 0, "load_before": [0], "load_after": [0]}, {"type": "service", "id": "903682000_21", "location_id": "903682000", "address": {"location_id": "903682000", "lat": 42.32586954, "lon": -71.09058458}, "arr_time": 1676286135, "arr_date_time": "2023-02-13T06:02:15-05:00", "end_time": 1676286435, "end_date_time": "2023-02-13T06:07:15-05:00", "waiting_time": 0, "distance": 1077, "driving_time": 1035, "preparation_time": 0, "load_before": [0], "load_after": [0]}, {"type": "service", "id": "903706000_27", "location_id": "903706000", "address": {"location_id": "903706000", "lat": 42.32609513, "lon": -71.09012217}, "arr_time": 1676286444, "arr_date_time": "2023-02-13T06:07:24-05:00", "end_time": 1676286744, "end_date_time": "2023-02-13T06:12:24-05:00", "waiting_time": 0, "distance": 1087, "driving_time": 1044, "preparation_time": 0, "load_before": [0], "load_after": [0]}, {"type": "service", "id": "903683010_22", "location_id": "903683010", "address": {"location_id": "903683010", "lat": 42.32578531, "lon": -71.09045618}, "arr_time": 1676286748, "arr_date_time": "2023-02-13T06:12:28-05:00", "end_time": 1676287048, "end_date_time": "2023-02-13T06:17:28-05:00", "waiting_time": 0, "distance": 1091, "driving_time": 1048, "preparation_time": 0, "load_before": [0], "load_after": [0]}, {"type": "service", "id": "903705000_26", "location_id": "903705000", "address": {"location_id": "903705000", "lat": 42.32603453, "lon": -71.08999264}, "arr_time": 1676287059, "arr_date_time": "2023-02-13T06:17:39-05:00", "end_time": 1676287359, "end_date_time": "2023-02-13T06:22:39-05:00", "waiting_time": 0, "distance": 1102, "driving_time": 1059, "preparation_time": 0, "load_before": [0], "load_after": [0]}, {"type": "service", "id": "903683020_23", "location_id": "903683020", "address": {"location_id": "903683020", "lat": 42.32572903, "lon": -71.09025041}, "arr_time": 1676287361, "arr_date_time": "2023-02-13T06:22:41-05:00", "end_time": 1676287661, "end_date_time": "2023-02-13T06:27:41-05:00", "waiting_time": 0, "distance": 1105, "driving_time": 1061, "preparation_time": 0, "load_before": [0], "load_after": [0]}, {"type": "service", "id": "903686000_24", "location_id": "903686000", "address": {"location_id": "903686000", "lat": 42.32568154, "lon": -71.08990472}, "arr_time": 1676287685, "arr_date_time": "2023-02-13T06:28:05-05:00", "end_time": 1676287985, "end_date_time": "2023-02-13T06:33:05-05:00", "waiting_time": 0, "distance": 1129, "driving_time": 1085, "preparation_time": 0, "load_before": [0], "load_after": [0]}, {"type": "service", "id": "903750000_36", "location_id": "903750000", "address": {"location_id": "903750000", "lat": 42.3252738, "lon": -71.08934287}, "arr_time": 1676288039, "arr_date_time": "2023-02-13T06:33:59-05:00", "end_time": 1676288339, "end_date_time": "2023-02-13T06:38:59-05:00", "waiting_time": 0, "distance": 1185, "driving_time": 1139, "preparation_time": 0, "load_before": [0], "load_after": [0]}, {"type": "service", "id": "903771000_37", "location_id": "903771000", "address": {"location_id": "903771000", "lat": 42.32456562, "lon": -71.08867426}, "arr_time": 1676288588, "arr_date_time": "2023-02-13T06:43:08-05:00", "end_time": 1676288888, "end_date_time": "2023-02-13T06:48:08-05:00", "waiting_time": 0, "distance": 1444, "driving_time": 1388, "preparation_time": 0, "load_before": [0], "load_after": [0]}, {"type": "service", "id": "903747000_35", "location_id": "903747000", "address": {"location_id": "903747000", "lat": 42.32545308, "lon": -71.08894713}, "arr_time": 1676289109, "arr_date_time": "2023-02-13T06:51:49-05:00", "end_time": 1676289409, "end_date_time": "2023-02-13T06:56:49-05:00", "waiting_time": 0, "distance": 1675, "driving_time": 1609, "preparation_time": 0, "load_before": [0], "load_after": [0]}, {"type": "service", "id": "903745000_34", "location_id": "903745000", "address": {"location_id": "903745000", "lat": 42.32568859, "lon": -71.08905263}, "arr_time": 1676289449, "arr_date_time": "2023-02-13T06:57:29-05:00", "end_time": 1676289749, "end_date_time": "2023-02-13T07:02:29-05:00", "waiting_time": 0, "distance": 1717, "driving_time": 1649, "preparation_time": 0, "load_before": [0], "load_after": [0]}, {"type": "service", "id": "903701000_25", "location_id": "903701000", "address": {"location_id": "903701000", "lat": 42.32621145, "lon": -71.0895439}, "arr_time": 1676289829, "arr_date_time": "2023-02-13T07:03:49-05:00", "end_time": 1676290129, "end_date_time": "2023-02-13T07:08:49-05:00", "waiting_time": 0, "distance": 1800, "driving_time": 1729, "preparation_time": 0, "load_before": [0], "load_after": [0]}, {"type": "service", "id": "903725000_32", "location_id": "903725000", "address": {"location_id": "903725000", "lat": 42.32653268, "lon": -71.0895145}, "arr_time": 1676290151, "arr_date_time": "2023-02-13T07:09:11-05:00", "end_time": 1676290451, "end_date_time": "2023-02-13T07:14:11-05:00", "waiting_time": 0, "distance": 1822, "driving_time": 1751, "preparation_time": 0, "load_before": [0], "load_after": [0]}, {"type": "service", "id": "903723000_31", "location_id": "903723000", "address": {"location_id": "903723000", "lat": 42.32649107, "lon": -71.08925023}, "arr_time": 1676290512, "arr_date_time": "2023-02-13T07:15:12-05:00", "end_time": 1676290812, "end_date_time": "2023-02-13T07:20:12-05:00", "waiting_time": 0, "distance": 1887, "driving_time": 1812, "preparation_time": 0, "load_before": [0], "load_after": [0]}, {"type": "service", "id": "903720000_30", "location_id": "903720000", "address": {"location_id": "903720000", "lat": 42.32678564, "lon": -71.08949814}, "arr_time": 1676290895, "arr_date_time": "2023-02-13T07:21:35-05:00", "end_time": 1676291195, "end_date_time": "2023-02-13T07:26:35-05:00", "waiting_time": 0, "distance": 1973, "driving_time": 1895, "preparation_time": 0, "load_before": [0], "load_after": [0]}, {"type": "service", "id": "903717000_29", "location_id": "903717000", "address": {"location_id": "903717000", "lat": 42.3269214, "lon": -71.08974149}, "arr_time": 1676291219, "arr_date_time": "2023-02-13T07:26:59-05:00", "end_time": 1676291519, "end_date_time": "2023-02-13T07:31:59-05:00", "waiting_time": 0, "distance": 1998, "driving_time": 1919, "preparation_time": 0, "load_before": [0], "load_after": [0]}, {"type": "service", "id": "903675000_20", "location_id": "903675000", "address": {"location_id": "903675000", "lat": 42.32773937, "lon": -71.0914383}, "arr_time": 1676291681, "arr_date_time": "2023-02-13T07:34:41-05:00", "end_time": 1676291981, "end_date_time": "2023-02-13T07:39:41-05:00", "waiting_time": 0, "distance": 2168, "driving_time": 2081, "preparation_time": 0, "load_before": [0], "load_after": [0]}, {"type": "service", "id": "903614010_10", "location_id": "903614010", "address": {"location_id": "903614010", "lat": 42.32860652, "lon": -71.09129952}, "arr_time": 1676292169, "arr_date_time": "2023-02-13T07:42:49-05:00", "end_time": 1676292469, "end_date_time": "2023-02-13T07:47:49-05:00", "waiting_time": 0, "distance": 2364, "driving_time": 2269, "preparation_time": 0, "load_before": [0], "load_after": [0]}, {"type": "service", "id": "903645000_16", "location_id": "903645000", "address": {"location_id": "903645000", "lat": 42.32830873, "lon": -71.09141524}, "arr_time": 1676292476, "arr_date_time": "2023-02-13T07:47:56-05:00", "end_time": 1676292776, "end_date_time": "2023-02-13T07:52:56-05:00", "waiting_time": 0, "distance": 2371, "driving_time": 2276, "preparation_time": 0, "load_before": [0], "load_after": [0]}, {"type": "service", "id": "903619000_14", "location_id": "903619000", "address": {"location_id": "903619000", "lat": 42.32869275, "lon": -71.09178439}, "arr_time": 1676292821, "arr_date_time": "2023-02-13T07:53:41-05:00", "end_time": 1676293121, "end_date_time": "2023-02-13T07:58:41-05:00", "waiting_time": 0, "distance": 2418, "driving_time": 2321, "preparation_time": 0, "load_before": [0], "load_after": [0]}, {"type": "service", "id": "903620010_15", "location_id": "903620010", "address": {"location_id": "903620010", "lat": 42.32881749, "lon": -71.09169927}, "arr_time": 1676293184, "arr_date_time": "2023-02-13T07:59:44-05:00", "end_time": 1676293484, "end_date_time": "2023-02-13T08:04:44-05:00", "waiting_time": 0, "distance": 2484, "driving_time": 2384, "preparation_time": 0, "load_before": [0], "load_after": [0]}, {"type": "service", "id": "903615030_13", "location_id": "903615030", "address": {"location_id": "903615030", "lat": 42.32873741, "lon": -71.09156298}, "arr_time": 1676293497, "arr_date_time": "2023-02-13T08:04:57-05:00", "end_time": 1676293797, "end_date_time": "2023-02-13T08:09:57-05:00", "waiting_time": 0, "distance": 2498, "driving_time": 2397, "preparation_time": 0, "load_before": [0], "load_after": [0]}, {"type": "service", "id": "903615020_12", "location_id": "903615020", "address": {"location_id": "903615020", "lat": 42.32868697, "lon": -71.09148557}, "arr_time": 1676293805, "arr_date_time": "2023-02-13T08:10:05-05:00", "end_time": 1676294105, "end_date_time": "2023-02-13T08:15:05-05:00", "waiting_time": 0, "distance": 2506, "driving_time": 2405, "preparation_time": 0, "load_before": [0], "load_after": [0]}, {"type": "service", "id": "903615010_11", "location_id": "903615010", "address": {"location_id": "903615010", "lat": 42.32865478, "lon": -71.0913956}, "arr_time": 1676294113, "arr_date_time": "2023-02-13T08:15:13-05:00", "end_time": 1676294413, "end_date_time": "2023-02-13T08:20:13-05:00", "waiting_time": 0, "distance": 2514, "driving_time": 2413, "preparation_time": 0, "load_before": [0], "load_after": [0]}, {"type": "end", "location_id": "903576010", "address": {"location_id": "903576010", "lat": 42.32891066, "lon": -71.09046483}, "arr_time": 1676294568, "arr_date_time": "2023-02-13T08:22:48-05:00", "end_time": 1676294568, "end_date_time": "2023-02-13T08:22:48-05:00", "waiting_time": 0, "distance": 2675, "driving_time": 2568, "preparation_time": 0, "load_before": [0]}]}], "unassigned": {"services": [], "shipments": [], "breaks": [], "details": []}}}