{"copyrights": ["GraphHopper", "OpenStreetMap contributors"], "job_id": "049297ea-17e8-42a8-95a5-321b57a63ff0", "status": "finished", "waiting_time_in_queue": 0, "processing_time": 150, "solution": {"costs": 382, "distance": 2650, "time": 2539, "transport_time": 2539, "completion_time": 22639, "max_operation_time": 22639, "waiting_time": 0, "service_duration": 20100, "preparation_time": 0, "no_vehicles": 1, "no_unassigned": 0, "routes": [{"vehicle_id": "my_vehicle", "shift_id": "default-shift", "distance": 2650, "transport_time": 2539, "completion_time": 22639, "waiting_time": 0, "service_duration": 20100, "preparation_time": 0, "activities": [{"type": "start", "location_id": "1604831000", "address": {"location_id": "1604831000", "lat": 42.28242255, "lon": -71.06458405}, "arr_time": 1676278800, "arr_date_time": "2023-02-13T04:00:00-05:00", "end_time": 1676278800, "end_date_time": "2023-02-13T04:00:00-05:00", "waiting_time": 0, "distance": 0, "driving_time": 0, "preparation_time": 0, "load_after": [0]}, {"type": "service", "id": "1604874000_31", "location_id": "1604874000", "address": {"location_id": "1604874000", "lat": 42.28176679, "lon": -71.06438117}, "arr_time": 1676278853, "arr_date_time": "2023-02-13T04:00:53-05:00", "end_time": 1676279153, "end_date_time": "2023-02-13T04:05:53-05:00", "waiting_time": 0, "distance": 56, "driving_time": 53, "preparation_time": 0, "load_before": [0], "load_after": [0]}, {"type": "service", "id": "1604875000_32", "location_id": "1604875000", "address": {"location_id": "1604875000", "lat": 42.28166583, "lon": -71.06431403}, "arr_time": 1676279165, "arr_date_time": "2023-02-13T04:06:05-05:00", "end_time": 1676279465, "end_date_time": "2023-02-13T04:11:05-05:00", "waiting_time": 0, "distance": 69, "driving_time": 65, "preparation_time": 0, "load_before": [0], "load_after": [0]}, {"type": "service", "id": "1604876000_33", "location_id": "1604876000", "address": {"location_id": "1604876000", "lat": 42.2816097, "lon": -71.06418817}, "arr_time": 1676279475, "arr_date_time": "2023-02-13T04:11:15-05:00", "end_time": 1676279775, "end_date_time": "2023-02-13T04:16:15-05:00", "waiting_time": 0, "distance": 79, "driving_time": 75, "preparation_time": 0, "load_before": [0], "load_after": [0]}, {"type": "service", "id": "1604877000_34", "location_id": "1604877000", "address": {"location_id": "1604877000", "lat": 42.28144807, "lon": -71.06416973}, "arr_time": 1676279791, "arr_date_time": "2023-02-13T04:16:31-05:00", "end_time": 1676280091, "end_date_time": "2023-02-13T04:21:31-05:00", "waiting_time": 0, "distance": 96, "driving_time": 91, "preparation_time": 0, "load_before": [0], "load_after": [0]}, {"type": "service", "id": "1604880000_35", "location_id": "1604880000", "address": {"location_id": "1604880000", "lat": 42.28112414, "lon": -71.06395481}, "arr_time": 1676280129, "arr_date_time": "2023-02-13T04:22:09-05:00", "end_time": 1676280429, "end_date_time": "2023-02-13T04:27:09-05:00", "waiting_time": 0, "distance": 136, "driving_time": 129, "preparation_time": 0, "load_before": [0], "load_after": [0]}, {"type": "service", "id": "1604799000_17", "location_id": "1604799000", "address": {"location_id": "1604799000", "lat": 42.28116393, "lon": -71.06355519}, "arr_time": 1676280440, "arr_date_time": "2023-02-13T04:27:20-05:00", "end_time": 1676280740, "end_date_time": "2023-02-13T04:32:20-05:00", "waiting_time": 0, "distance": 147, "driving_time": 140, "preparation_time": 0, "load_before": [0], "load_after": [0]}, {"type": "service", "id": "1604881000_36", "location_id": "1604881000", "address": {"location_id": "1604881000", "lat": 42.28101102, "lon": -71.06388001}, "arr_time": 1676280743, "arr_date_time": "2023-02-13T04:32:23-05:00", "end_time": 1676281043, "end_date_time": "2023-02-13T04:37:23-05:00", "waiting_time": 0, "distance": 150, "driving_time": 143, "preparation_time": 0, "load_before": [0], "load_after": [0]}, {"type": "service", "id": "1604796000_16", "location_id": "1604796000", "address": {"location_id": "1604796000", "lat": 42.28099282, "lon": -71.06306934}, "arr_time": 1676281131, "arr_date_time": "2023-02-13T04:38:51-05:00", "end_time": 1676281431, "end_date_time": "2023-02-13T04:43:51-05:00", "waiting_time": 0, "distance": 242, "driving_time": 231, "preparation_time": 0, "load_before": [0], "load_after": [0]}, {"type": "service", "id": "1604792000_13", "location_id": "1604792000", "address": {"location_id": "1604792000", "lat": 42.28136202, "lon": -71.06263}, "arr_time": 1676281539, "arr_date_time": "2023-02-13T04:45:39-05:00", "end_time": 1676281839, "end_date_time": "2023-02-13T04:50:39-05:00", "waiting_time": 0, "distance": 355, "driving_time": 339, "preparation_time": 0, "load_before": [0], "load_after": [0]}, {"type": "service", "id": "1604822000_25", "location_id": "1604822000", "address": {"location_id": "1604822000", "lat": 42.28168135, "lon": -71.06265057}, "arr_time": 1676281853, "arr_date_time": "2023-02-13T04:50:53-05:00", "end_time": 1676282153, "end_date_time": "2023-02-13T04:55:53-05:00", "waiting_time": 0, "distance": 370, "driving_time": 353, "preparation_time": 0, "load_before": [0], "load_after": [0]}, {"type": "service", "id": "1604823000_26", "location_id": "1604823000", "address": {"location_id": "1604823000", "lat": 42.28162743, "lon": -71.06282109}, "arr_time": 1676282168, "arr_date_time": "2023-02-13T04:56:08-05:00", "end_time": 1676282468, "end_date_time": "2023-02-13T05:01:08-05:00", "waiting_time": 0, "distance": 385, "driving_time": 368, "preparation_time": 0, "load_before": [0], "load_after": [0]}, {"type": "service", "id": "1604791000_12", "location_id": "1604791000", "address": {"location_id": "1604791000", "lat": 42.28131344, "lon": -71.06280666}, "arr_time": 1676282480, "arr_date_time": "2023-02-13T05:01:20-05:00", "end_time": 1676282780, "end_date_time": "2023-02-13T05:06:20-05:00", "waiting_time": 0, "distance": 398, "driving_time": 380, "preparation_time": 0, "load_before": [0], "load_after": [0]}, {"type": "service", "id": "1604790000_11", "location_id": "1604790000", "address": {"location_id": "1604790000", "lat": 42.28127844, "lon": -71.06302964}, "arr_time": 1676282787, "arr_date_time": "2023-02-13T05:06:27-05:00", "end_time": 1676283087, "end_date_time": "2023-02-13T05:11:27-05:00", "waiting_time": 0, "distance": 405, "driving_time": 387, "preparation_time": 0, "load_before": [0], "load_after": [0]}, {"type": "service", "id": "1604789000_10", "location_id": "1604789000", "address": {"location_id": "1604789000", "lat": 42.28126553, "lon": -71.06326134}, "arr_time": 1676283092, "arr_date_time": "2023-02-13T05:11:32-05:00", "end_time": 1676283392, "end_date_time": "2023-02-13T05:16:32-05:00", "waiting_time": 0, "distance": 411, "driving_time": 392, "preparation_time": 0, "load_before": [0], "load_after": [0]}, {"type": "service", "id": "1604788000_09", "location_id": "1604788000", "address": {"location_id": "1604788000", "lat": 42.28144433, "lon": -71.06334134}, "arr_time": 1676283403, "arr_date_time": "2023-02-13T05:16:43-05:00", "end_time": 1676283703, "end_date_time": "2023-02-13T05:21:43-05:00", "waiting_time": 0, "distance": 422, "driving_time": 403, "preparation_time": 0, "load_before": [0], "load_after": [0]}, {"type": "service", "id": "1604816000_21", "location_id": "1604816000", "address": {"location_id": "1604816000", "lat": 42.28158076, "lon": -71.06298506}, "arr_time": 1676283704, "arr_date_time": "2023-02-13T05:21:44-05:00", "end_time": 1676284004, "end_date_time": "2023-02-13T05:26:44-05:00", "waiting_time": 0, "distance": 423, "driving_time": 404, "preparation_time": 0, "load_before": [0], "load_after": [0]}, {"type": "service", "id": "1604787000_08", "location_id": "1604787000", "address": {"location_id": "1604787000", "lat": 42.28158608, "lon": -71.06339273}, "arr_time": 1676284019, "arr_date_time": "2023-02-13T05:26:59-05:00", "end_time": 1676284319, "end_date_time": "2023-02-13T05:31:59-05:00", "waiting_time": 0, "distance": 438, "driving_time": 419, "preparation_time": 0, "load_before": [0], "load_after": [0]}, {"type": "service", "id": "1604784000_06", "location_id": "1604784000", "address": {"location_id": "1604784000", "lat": 42.28197417, "lon": -71.06353259}, "arr_time": 1676284352, "arr_date_time": "2023-02-13T05:32:32-05:00", "end_time": 1676284652, "end_date_time": "2023-02-13T05:37:32-05:00", "waiting_time": 0, "distance": 473, "driving_time": 452, "preparation_time": 0, "load_before": [0], "load_after": [0]}, {"type": "service", "id": "1604803000_18", "location_id": "1604803000", "address": {"location_id": "1604803000", "lat": 42.28160687, "lon": -71.06375747}, "arr_time": 1676284675, "arr_date_time": "2023-02-13T05:37:55-05:00", "end_time": 1676284975, "end_date_time": "2023-02-13T05:42:55-05:00", "waiting_time": 0, "distance": 497, "driving_time": 475, "preparation_time": 0, "load_before": [0], "load_after": [0]}, {"type": "service", "id": "1604804000_19", "location_id": "1604804000", "address": {"location_id": "1604804000", "lat": 42.28170598, "lon": -71.06382337}, "arr_time": 1676284975, "arr_date_time": "2023-02-13T05:42:55-05:00", "end_time": 1676285275, "end_date_time": "2023-02-13T05:47:55-05:00", "waiting_time": 0, "distance": 497, "driving_time": 475, "preparation_time": 0, "load_before": [0], "load_after": [0]}, {"type": "service", "id": "1604785000_07", "location_id": "1604785000", "address": {"location_id": "1604785000", "lat": 42.28194985, "lon": -71.06370979}, "arr_time": 1676285284, "arr_date_time": "2023-02-13T05:48:04-05:00", "end_time": 1676285584, "end_date_time": "2023-02-13T05:53:04-05:00", "waiting_time": 0, "distance": 507, "driving_time": 484, "preparation_time": 0, "load_before": [0], "load_after": [0]}, {"type": "service", "id": "1604782000_05", "location_id": "1604782000", "address": {"location_id": "1604782000", "lat": 42.28206557, "lon": -71.06322329}, "arr_time": 1676285625, "arr_date_time": "2023-02-13T05:53:45-05:00", "end_time": 1676285925, "end_date_time": "2023-02-13T05:58:45-05:00", "waiting_time": 0, "distance": 550, "driving_time": 525, "preparation_time": 0, "load_before": [0], "load_after": [0]}, {"type": "service", "id": "1604819000_22", "location_id": "1604819000", "address": {"location_id": "1604819000", "lat": 42.28186711, "lon": -71.06276671}, "arr_time": 1676285951, "arr_date_time": "2023-02-13T05:59:11-05:00", "end_time": 1676286251, "end_date_time": "2023-02-13T06:04:11-05:00", "waiting_time": 0, "distance": 576, "driving_time": 551, "preparation_time": 0, "load_before": [0], "load_after": [0]}, {"type": "service", "id": "1604780000_04", "location_id": "1604780000", "address": {"location_id": "1604780000", "lat": 42.28215967, "lon": -71.0629073}, "arr_time": 1676286252, "arr_date_time": "2023-02-13T06:04:12-05:00", "end_time": 1676286552, "end_date_time": "2023-02-13T06:09:12-05:00", "waiting_time": 0, "distance": 578, "driving_time": 552, "preparation_time": 0, "load_before": [0], "load_after": [0]}, {"type": "service", "id": "1604779000_03", "location_id": "1604779000", "address": {"location_id": "1604779000", "lat": 42.28220446, "lon": -71.0627589}, "arr_time": 1676286564, "arr_date_time": "2023-02-13T06:09:24-05:00", "end_time": 1676286864, "end_date_time": "2023-02-13T06:14:24-05:00", "waiting_time": 0, "distance": 591, "driving_time": 564, "preparation_time": 0, "load_before": [0], "load_after": [0]}, {"type": "service", "id": "1604820000_23", "location_id": "1604820000", "address": {"location_id": "1604820000", "lat": 42.28192047, "lon": -71.0625997}, "arr_time": 1676286887, "arr_date_time": "2023-02-13T06:14:47-05:00", "end_time": 1676287187, "end_date_time": "2023-02-13T06:19:47-05:00", "waiting_time": 0, "distance": 615, "driving_time": 587, "preparation_time": 0, "load_before": [0], "load_after": [0]}, {"type": "service", "id": "1604821000_24", "location_id": "1604821000", "address": {"location_id": "1604821000", "lat": 42.28174326, "lon": -71.06248883}, "arr_time": 1676287208, "arr_date_time": "2023-02-13T06:20:08-05:00", "end_time": 1676287508, "end_date_time": "2023-02-13T06:25:08-05:00", "waiting_time": 0, "distance": 637, "driving_time": 608, "preparation_time": 0, "load_before": [0], "load_after": [0]}, {"type": "service", "id": "1604777000_02", "location_id": "1604777000", "address": {"location_id": "1604777000", "lat": 42.28151389, "lon": -71.06227086}, "arr_time": 1676287531, "arr_date_time": "2023-02-13T06:25:31-05:00", "end_time": 1676287831, "end_date_time": "2023-02-13T06:30:31-05:00", "waiting_time": 0, "distance": 660, "driving_time": 631, "preparation_time": 0, "load_before": [0], "load_after": [0]}, {"type": "service", "id": "1604793000_14", "location_id": "1604793000", "address": {"location_id": "1604793000", "lat": 42.28118496, "lon": -71.06252298}, "arr_time": 1676287885, "arr_date_time": "2023-02-13T06:31:25-05:00", "end_time": 1676288185, "end_date_time": "2023-02-13T06:36:25-05:00", "waiting_time": 0, "distance": 716, "driving_time": 685, "preparation_time": 0, "load_before": [0], "load_after": [0]}, {"type": "service", "id": "1604775000_01", "location_id": "1604775000", "address": {"location_id": "1604775000", "lat": 42.28125415, "lon": -71.06210616}, "arr_time": 1676288229, "arr_date_time": "2023-02-13T06:37:09-05:00", "end_time": 1676288529, "end_date_time": "2023-02-13T06:42:09-05:00", "waiting_time": 0, "distance": 762, "driving_time": 729, "preparation_time": 0, "load_before": [0], "load_after": [0]}, {"type": "service", "id": "1604795000_15", "location_id": "1604795000", "address": {"location_id": "1604795000", "lat": 42.28105014, "lon": -71.06289054}, "arr_time": 1676288595, "arr_date_time": "2023-02-13T06:43:15-05:00", "end_time": 1676288895, "end_date_time": "2023-02-13T06:48:15-05:00", "waiting_time": 0, "distance": 830, "driving_time": 795, "preparation_time": 0, "load_before": [0], "load_after": [0]}, {"type": "service", "id": "1604859000_29", "location_id": "1604859000", "address": {"location_id": "1604859000", "lat": 42.28080528, "lon": -71.06409224}, "arr_time": 1676289044, "arr_date_time": "2023-02-13T06:50:44-05:00", "end_time": 1676289344, "end_date_time": "2023-02-13T06:55:44-05:00", "waiting_time": 0, "distance": 986, "driving_time": 944, "preparation_time": 0, "load_before": [0], "load_after": [0]}, {"type": "service", "id": "1604906000_44", "location_id": "1604906000", "address": {"location_id": "1604906000", "lat": 42.28074973, "lon": -71.06473663}, "arr_time": 1676289360, "arr_date_time": "2023-02-13T06:56:00-05:00", "end_time": 1676289660, "end_date_time": "2023-02-13T07:01:00-05:00", "waiting_time": 0, "distance": 1003, "driving_time": 960, "preparation_time": 0, "load_before": [0], "load_after": [0]}, {"type": "service", "id": "1604905000_43", "location_id": "1604905000", "address": {"location_id": "1604905000", "lat": 42.28088565, "lon": -71.06474178}, "arr_time": 1676289673, "arr_date_time": "2023-02-13T07:01:13-05:00", "end_time": 1676289973, "end_date_time": "2023-02-13T07:06:13-05:00", "waiting_time": 0, "distance": 1017, "driving_time": 973, "preparation_time": 0, "load_before": [0], "load_after": [0]}, {"type": "service", "id": "1604903000_42", "location_id": "1604903000", "address": {"location_id": "1604903000", "lat": 42.28123532, "lon": -71.06479386}, "arr_time": 1676290009, "arr_date_time": "2023-02-13T07:06:49-05:00", "end_time": 1676290309, "end_date_time": "2023-02-13T07:11:49-05:00", "waiting_time": 0, "distance": 1054, "driving_time": 1009, "preparation_time": 0, "load_before": [0], "load_after": [0]}, {"type": "service", "id": "1604883000_37", "location_id": "1604883000", "address": {"location_id": "1604883000", "lat": 42.28058593, "lon": -71.06438003}, "arr_time": 1676290385, "arr_date_time": "2023-02-13T07:13:05-05:00", "end_time": 1676290685, "end_date_time": "2023-02-13T07:18:05-05:00", "waiting_time": 0, "distance": 1134, "driving_time": 1085, "preparation_time": 0, "load_before": [0], "load_after": [0]}, {"type": "service", "id": "1604857000_28", "location_id": "1604857000", "address": {"location_id": "1604857000", "lat": 42.28067065, "lon": -71.06400102}, "arr_time": 1676290691, "arr_date_time": "2023-02-13T07:18:11-05:00", "end_time": 1676290991, "end_date_time": "2023-02-13T07:23:11-05:00", "waiting_time": 0, "distance": 1139, "driving_time": 1091, "preparation_time": 0, "load_before": [0], "load_after": [0]}, {"type": "service", "id": "1604887010_38", "location_id": "1604887010", "address": {"location_id": "1604887010", "lat": 42.28042152, "lon": -71.06505794}, "arr_time": 1676291080, "arr_date_time": "2023-02-13T07:24:40-05:00", "end_time": 1676291380, "end_date_time": "2023-02-13T07:29:40-05:00", "waiting_time": 0, "distance": 1232, "driving_time": 1180, "preparation_time": 0, "load_before": [0], "load_after": [0]}, {"type": "service", "id": "1605042000_67", "location_id": "1605042000", "address": {"location_id": "1605042000", "lat": 42.27993094, "lon": -71.06433366}, "arr_time": 1676291437, "arr_date_time": "2023-02-13T07:30:37-05:00", "end_time": 1676291737, "end_date_time": "2023-02-13T07:35:37-05:00", "waiting_time": 0, "distance": 1292, "driving_time": 1237, "preparation_time": 0, "load_before": [0], "load_after": [0]}, {"type": "service", "id": "1604929000_49", "location_id": "1604929000", "address": {"location_id": "1604929000", "lat": 42.27953205, "lon": -71.06467604}, "arr_time": 1676291767, "arr_date_time": "2023-02-13T07:36:07-05:00", "end_time": 1676292067, "end_date_time": "2023-02-13T07:41:07-05:00", "waiting_time": 0, "distance": 1323, "driving_time": 1267, "preparation_time": 0, "load_before": [0], "load_after": [0]}, {"type": "service", "id": "1604930000_50", "location_id": "1604930000", "address": {"location_id": "1604930000", "lat": 42.27938826, "lon": -71.06449529}, "arr_time": 1676292087, "arr_date_time": "2023-02-13T07:41:27-05:00", "end_time": 1676292387, "end_date_time": "2023-02-13T07:46:27-05:00", "waiting_time": 0, "distance": 1343, "driving_time": 1287, "preparation_time": 0, "load_before": [0], "load_after": [0]}, {"type": "service", "id": "1605036000_65", "location_id": "1605036000", "address": {"location_id": "1605036000", "lat": 42.27905657, "lon": -71.06431098}, "arr_time": 1676292425, "arr_date_time": "2023-02-13T07:47:05-05:00", "end_time": 1676292725, "end_date_time": "2023-02-13T07:52:05-05:00", "waiting_time": 0, "distance": 1383, "driving_time": 1325, "preparation_time": 0, "load_before": [0], "load_after": [0]}, {"type": "service", "id": "1605037000_66", "location_id": "1605037000", "address": {"location_id": "1605037000", "lat": 42.27880988, "lon": -71.06433342}, "arr_time": 1676292749, "arr_date_time": "2023-02-13T07:52:29-05:00", "end_time": 1676293049, "end_date_time": "2023-02-13T07:57:29-05:00", "waiting_time": 0, "distance": 1407, "driving_time": 1349, "preparation_time": 0, "load_before": [0], "load_after": [0]}, {"type": "service", "id": "1604931000_51", "location_id": "1604931000", "address": {"location_id": "1604931000", "lat": 42.27934249, "lon": -71.06466946}, "arr_time": 1676293121, "arr_date_time": "2023-02-13T07:58:41-05:00", "end_time": 1676293421, "end_date_time": "2023-02-13T08:03:41-05:00", "waiting_time": 0, "distance": 1482, "driving_time": 1421, "preparation_time": 0, "load_before": [0], "load_after": [0]}, {"type": "service", "id": "1604932000_52", "location_id": "1604932000", "address": {"location_id": "1604932000", "lat": 42.27939127, "lon": -71.06487961}, "arr_time": 1676293436, "arr_date_time": "2023-02-13T08:03:56-05:00", "end_time": 1676293736, "end_date_time": "2023-02-13T08:08:56-05:00", "waiting_time": 0, "distance": 1497, "driving_time": 1436, "preparation_time": 0, "load_before": [0], "load_after": [0]}, {"type": "service", "id": "1605033000_64", "location_id": "1605033000", "address": {"location_id": "1605033000", "lat": 42.27895392, "lon": -71.06486018}, "arr_time": 1676293748, "arr_date_time": "2023-02-13T08:09:08-05:00", "end_time": 1676294048, "end_date_time": "2023-02-13T08:14:08-05:00", "waiting_time": 0, "distance": 1509, "driving_time": 1448, "preparation_time": 0, "load_before": [0], "load_after": [0]}, {"type": "service", "id": "1604933000_53", "location_id": "1604933000", "address": {"location_id": "1604933000", "lat": 42.27923509, "lon": -71.06507311}, "arr_time": 1676294056, "arr_date_time": "2023-02-13T08:14:16-05:00", "end_time": 1676294356, "end_date_time": "2023-02-13T08:19:16-05:00", "waiting_time": 0, "distance": 1517, "driving_time": 1456, "preparation_time": 0, "load_before": [0], "load_after": [0]}, {"type": "service", "id": "1604936000_55", "location_id": "1604936000", "address": {"location_id": "1604936000", "lat": 42.27967468, "lon": -71.06527302}, "arr_time": 1676294437, "arr_date_time": "2023-02-13T08:20:37-05:00", "end_time": 1676294737, "end_date_time": "2023-02-13T08:25:37-05:00", "waiting_time": 0, "distance": 1602, "driving_time": 1537, "preparation_time": 0, "load_before": [0], "load_after": [0]}, {"type": "service", "id": "1604911000_45", "location_id": "1604911000", "address": {"location_id": "1604911000", "lat": 42.2795577, "lon": -71.06561999}, "arr_time": 1676294741, "arr_date_time": "2023-02-13T08:25:41-05:00", "end_time": 1676295041, "end_date_time": "2023-02-13T08:30:41-05:00", "waiting_time": 0, "distance": 1606, "driving_time": 1541, "preparation_time": 0, "load_before": [0], "load_after": [0]}, {"type": "service", "id": "1604912000_46", "location_id": "1604912000", "address": {"location_id": "1604912000", "lat": 42.27946778, "lon": -71.06559798}, "arr_time": 1676295051, "arr_date_time": "2023-02-13T08:30:51-05:00", "end_time": 1676295351, "end_date_time": "2023-02-13T08:35:51-05:00", "waiting_time": 0, "distance": 1616, "driving_time": 1551, "preparation_time": 0, "load_before": [0], "load_after": [0]}, {"type": "service", "id": "1604935000_54", "location_id": "1604935000", "address": {"location_id": "1604935000", "lat": 42.27952551, "lon": -71.06520279}, "arr_time": 1676295355, "arr_date_time": "2023-02-13T08:35:55-05:00", "end_time": 1676295655, "end_date_time": "2023-02-13T08:40:55-05:00", "waiting_time": 0, "distance": 1620, "driving_time": 1555, "preparation_time": 0, "load_before": [0], "load_after": [0]}, {"type": "service", "id": "1604913000_47", "location_id": "1604913000", "address": {"location_id": "1604913000", "lat": 42.27936732, "lon": -71.06557464}, "arr_time": 1676295661, "arr_date_time": "2023-02-13T08:41:01-05:00", "end_time": 1676295961, "end_date_time": "2023-02-13T08:46:01-05:00", "waiting_time": 0, "distance": 1627, "driving_time": 1561, "preparation_time": 0, "load_before": [0], "load_after": [0]}, {"type": "service", "id": "1605032000_63", "location_id": "1605032000", "address": {"location_id": "1605032000", "lat": 42.27888348, "lon": -71.06500565}, "arr_time": 1676296024, "arr_date_time": "2023-02-13T08:47:04-05:00", "end_time": 1676296324, "end_date_time": "2023-02-13T08:52:04-05:00", "waiting_time": 0, "distance": 1693, "driving_time": 1624, "preparation_time": 0, "load_before": [0], "load_after": [0]}, {"type": "service", "id": "1605026000_58", "location_id": "1605026000", "address": {"location_id": "1605026000", "lat": 42.27863878, "lon": -71.06528953}, "arr_time": 1676296341, "arr_date_time": "2023-02-13T08:52:21-05:00", "end_time": 1676296641, "end_date_time": "2023-02-13T08:57:21-05:00", "waiting_time": 0, "distance": 1712, "driving_time": 1641, "preparation_time": 0, "load_before": [0], "load_after": [0]}, {"type": "service", "id": "1605031000_62", "location_id": "1605031000", "address": {"location_id": "1605031000", "lat": 42.27870648, "lon": -71.06479177}, "arr_time": 1676296647, "arr_date_time": "2023-02-13T08:57:27-05:00", "end_time": 1676296947, "end_date_time": "2023-02-13T09:02:27-05:00", "waiting_time": 0, "distance": 1717, "driving_time": 1647, "preparation_time": 0, "load_before": [0], "load_after": [0]}, {"type": "service", "id": "1605027000_59", "location_id": "1605027000", "address": {"location_id": "1605027000", "lat": 42.27846318, "lon": -71.06524037}, "arr_time": 1676296960, "arr_date_time": "2023-02-13T09:02:40-05:00", "end_time": 1676297260, "end_date_time": "2023-02-13T09:07:40-05:00", "waiting_time": 0, "distance": 1731, "driving_time": 1660, "preparation_time": 0, "load_before": [0], "load_after": [0]}, {"type": "service", "id": "1605029000_61", "location_id": "1605029000", "address": {"location_id": "1605029000", "lat": 42.27845411, "lon": -71.06467776}, "arr_time": 1676297268, "arr_date_time": "2023-02-13T09:07:48-05:00", "end_time": 1676297568, "end_date_time": "2023-02-13T09:12:48-05:00", "waiting_time": 0, "distance": 1740, "driving_time": 1668, "preparation_time": 0, "load_before": [0], "load_after": [0]}, {"type": "service", "id": "1605028000_60", "location_id": "1605028000", "address": {"location_id": "1605028000", "lat": 42.27835716, "lon": -71.06510645}, "arr_time": 1676297568, "arr_date_time": "2023-02-13T09:12:48-05:00", "end_time": 1676297868, "end_date_time": "2023-02-13T09:17:48-05:00", "waiting_time": 0, "distance": 1740, "driving_time": 1668, "preparation_time": 0, "load_before": [0], "load_after": [0]}, {"type": "service", "id": "1605024000_57", "location_id": "1605024000", "address": {"location_id": "1605024000", "lat": 42.27884291, "lon": -71.06544492}, "arr_time": 1676297957, "arr_date_time": "2023-02-13T09:19:17-05:00", "end_time": 1676298257, "end_date_time": "2023-02-13T09:24:17-05:00", "waiting_time": 0, "distance": 1834, "driving_time": 1757, "preparation_time": 0, "load_before": [0], "load_after": [0]}, {"type": "service", "id": "1605020000_56", "location_id": "1605020000", "address": {"location_id": "1605020000", "lat": 42.27875206, "lon": -71.06605474}, "arr_time": 1676298319, "arr_date_time": "2023-02-13T09:25:19-05:00", "end_time": 1676298619, "end_date_time": "2023-02-13T09:30:19-05:00", "waiting_time": 0, "distance": 1898, "driving_time": 1819, "preparation_time": 0, "load_before": [0], "load_after": [0]}, {"type": "service", "id": "1604923000_48", "location_id": "1604923000", "address": {"location_id": "1604923000", "lat": 42.27941791, "lon": -71.06584653}, "arr_time": 1676298691, "arr_date_time": "2023-02-13T09:31:31-05:00", "end_time": 1676298991, "end_date_time": "2023-02-13T09:36:31-05:00", "waiting_time": 0, "distance": 1974, "driving_time": 1891, "preparation_time": 0, "load_before": [0], "load_after": [0]}, {"type": "service", "id": "1604896000_39", "location_id": "1604896000", "address": {"location_id": "1604896000", "lat": 42.28078963, "lon": -71.06529513}, "arr_time": 1676299143, "arr_date_time": "2023-02-13T09:39:03-05:00", "end_time": 1676299443, "end_date_time": "2023-02-13T09:44:03-05:00", "waiting_time": 0, "distance": 2133, "driving_time": 2043, "preparation_time": 0, "load_before": [0], "load_after": [0]}, {"type": "service", "id": "1604897000_40", "location_id": "1604897000", "address": {"location_id": "1604897000", "lat": 42.28094818, "lon": -71.06524899}, "arr_time": 1676299460, "arr_date_time": "2023-02-13T09:44:20-05:00", "end_time": 1676299760, "end_date_time": "2023-02-13T09:49:20-05:00", "waiting_time": 0, "distance": 2151, "driving_time": 2060, "preparation_time": 0, "load_before": [0], "load_after": [0]}, {"type": "service", "id": "1604898000_41", "location_id": "1604898000", "address": {"location_id": "1604898000", "lat": 42.28111433, "lon": -71.06520057}, "arr_time": 1676299779, "arr_date_time": "2023-02-13T09:49:39-05:00", "end_time": 1676300079, "end_date_time": "2023-02-13T09:54:39-05:00", "waiting_time": 0, "distance": 2170, "driving_time": 2079, "preparation_time": 0, "load_before": [0], "load_after": [0]}, {"type": "service", "id": "1604869000_30", "location_id": "1604869000", "address": {"location_id": "1604869000", "lat": 42.28192171, "lon": -71.06491882}, "arr_time": 1676300204, "arr_date_time": "2023-02-13T09:56:44-05:00", "end_time": 1676300504, "end_date_time": "2023-02-13T10:01:44-05:00", "waiting_time": 0, "distance": 2301, "driving_time": 2204, "preparation_time": 0, "load_before": [0], "load_after": [0]}, {"type": "service", "id": "1604832000_27", "location_id": "1604832000", "address": {"location_id": "1604832000", "lat": 42.28234068, "lon": -71.06470083}, "arr_time": 1676300571, "arr_date_time": "2023-02-13T10:02:51-05:00", "end_time": 1676300871, "end_date_time": "2023-02-13T10:07:51-05:00", "waiting_time": 0, "distance": 2371, "driving_time": 2271, "preparation_time": 0, "load_before": [0], "load_after": [0]}, {"type": "service", "id": "1604814000_20", "location_id": "1604814000", "address": {"location_id": "1604814000", "lat": 42.28248179, "lon": -71.06287676}, "arr_time": 1676301011, "arr_date_time": "2023-02-13T10:10:11-05:00", "end_time": 1676301311, "end_date_time": "2023-02-13T10:15:11-05:00", "waiting_time": 0, "distance": 2517, "driving_time": 2411, "preparation_time": 0, "load_before": [0], "load_after": [0]}, {"type": "end", "location_id": "1604831000", "address": {"location_id": "1604831000", "lat": 42.28242255, "lon": -71.06458405}, "arr_time": 1676301439, "arr_date_time": "2023-02-13T10:17:19-05:00", "end_time": 1676301439, "end_date_time": "2023-02-13T10:17:19-05:00", "waiting_time": 0, "distance": 2650, "driving_time": 2539, "preparation_time": 0, "load_before": [0]}]}], "unassigned": {"services": [], "shipments": [], "breaks": [], "details": []}}}