{"copyrights": ["GraphHopper", "OpenStreetMap contributors"], "job_id": "eb6bf28e-7de2-4fe3-afdc-db0964955af2", "status": "finished", "waiting_time_in_queue": 0, "processing_time": 126, "solution": {"costs": 341, "distance": 5969, "time": 5729, "transport_time": 5729, "completion_time": 17429, "max_operation_time": 17429, "waiting_time": 0, "service_duration": 11700, "preparation_time": 0, "no_vehicles": 1, "no_unassigned": 0, "routes": [{"vehicle_id": "my_vehicle", "shift_id": "default-shift", "distance": 5969, "transport_time": 5729, "completion_time": 17429, "waiting_time": 0, "service_duration": 11700, "preparation_time": 0, "activities": [{"type": "start", "location_id": "1000111000", "address": {"location_id": "1000111000", "lat": 42.33450614, "lon": -71.10226833}, "arr_time": 1676278800, "arr_date_time": "2023-02-13T04:00:00-05:00", "end_time": 1676278800, "end_date_time": "2023-02-13T04:00:00-05:00", "waiting_time": 0, "distance": 0, "driving_time": 0, "preparation_time": 0, "load_after": [0]}, {"type": "service", "id": "1000118000_03", "location_id": "1000118000", "address": {"location_id": "1000118000", "lat": 42.33418316, "lon": -71.10246394}, "arr_time": 1676278837, "arr_date_time": "2023-02-13T04:00:37-05:00", "end_time": 1676279137, "end_date_time": "2023-02-13T04:05:37-05:00", "waiting_time": 0, "distance": 39, "driving_time": 37, "preparation_time": 0, "load_before": [0], "load_after": [0]}, {"type": "service", "id": "1000093000_02", "location_id": "1000093000", "address": {"location_id": "1000093000", "lat": 42.33422716, "lon": -71.10276094}, "arr_time": 1676279143, "arr_date_time": "2023-02-13T04:05:43-05:00", "end_time": 1676279443, "end_date_time": "2023-02-13T04:10:43-05:00", "waiting_time": 0, "distance": 44, "driving_time": 43, "preparation_time": 0, "load_before": [0], "load_after": [0]}, {"type": "service", "id": "1000122000_04", "location_id": "1000122000", "address": {"location_id": "1000122000", "lat": 42.33398728, "lon": -71.10258425}, "arr_time": 1676279460, "arr_date_time": "2023-02-13T04:11:00-05:00", "end_time": 1676279760, "end_date_time": "2023-02-13T04:16:00-05:00", "waiting_time": 0, "distance": 63, "driving_time": 60, "preparation_time": 0, "load_before": [0], "load_after": [0]}, {"type": "service", "id": "1000025000_01", "location_id": "1000025000", "address": {"location_id": "1000025000", "lat": 42.33405496, "lon": -71.1020438}, "arr_time": 1676279845, "arr_date_time": "2023-02-13T04:17:25-05:00", "end_time": 1676280145, "end_date_time": "2023-02-13T04:22:25-05:00", "waiting_time": 0, "distance": 152, "driving_time": 145, "preparation_time": 0, "load_before": [0], "load_after": [0]}, {"type": "service", "id": "1000633000_10", "location_id": "1000633000", "address": {"location_id": "1000633000", "lat": 42.33207813, "lon": -71.10445951}, "arr_time": 1676280664, "arr_date_time": "2023-02-13T04:31:04-05:00", "end_time": 1676280964, "end_date_time": "2023-02-13T04:36:04-05:00", "waiting_time": 0, "distance": 692, "driving_time": 664, "preparation_time": 0, "load_before": [0], "load_after": [0]}, {"type": "service", "id": "1000627000_09", "location_id": "1000627000", "address": {"location_id": "1000627000", "lat": 42.33183814, "lon": -71.1037606}, "arr_time": 1676281024, "arr_date_time": "2023-02-13T04:37:04-05:00", "end_time": 1676281324, "end_date_time": "2023-02-13T04:42:04-05:00", "waiting_time": 0, "distance": 755, "driving_time": 724, "preparation_time": 0, "load_before": [0], "load_after": [0]}, {"type": "service", "id": "1000746000_15", "location_id": "1000746000", "address": {"location_id": "1000746000", "lat": 42.33080135, "lon": -71.10161567}, "arr_time": 1676281661, "arr_date_time": "2023-02-13T04:47:41-05:00", "end_time": 1676281961, "end_date_time": "2023-02-13T04:52:41-05:00", "waiting_time": 0, "distance": 1106, "driving_time": 1061, "preparation_time": 0, "load_before": [0], "load_after": [0]}, {"type": "service", "id": "1000744000_14", "location_id": "1000744000", "address": {"location_id": "1000744000", "lat": 42.33061741, "lon": -71.10178514}, "arr_time": 1676282004, "arr_date_time": "2023-02-13T04:53:24-05:00", "end_time": 1676282304, "end_date_time": "2023-02-13T04:58:24-05:00", "waiting_time": 0, "distance": 1151, "driving_time": 1104, "preparation_time": 0, "load_before": [0], "load_after": [0]}, {"type": "service", "id": "1001113000_30", "location_id": "1001113000", "address": {"location_id": "1001113000", "lat": 42.32971657, "lon": -71.10078916}, "arr_time": 1676282505, "arr_date_time": "2023-02-13T05:01:45-05:00", "end_time": 1676282805, "end_date_time": "2023-02-13T05:06:45-05:00", "waiting_time": 0, "distance": 1360, "driving_time": 1305, "preparation_time": 0, "load_before": [0], "load_after": [0]}, {"type": "service", "id": "1000702000_11", "location_id": "1000702000", "address": {"location_id": "1000702000", "lat": 42.3298359, "lon": -71.09991614}, "arr_time": 1676282876, "arr_date_time": "2023-02-13T05:07:56-05:00", "end_time": 1676283176, "end_date_time": "2023-02-13T05:12:56-05:00", "waiting_time": 0, "distance": 1434, "driving_time": 1376, "preparation_time": 0, "load_before": [0], "load_after": [0]}, {"type": "service", "id": "1001119000_31", "location_id": "1001119000", "address": {"location_id": "1001119000", "lat": 42.32922841, "lon": -71.09973736}, "arr_time": 1676283248, "arr_date_time": "2023-02-13T05:14:08-05:00", "end_time": 1676283548, "end_date_time": "2023-02-13T05:19:08-05:00", "waiting_time": 0, "distance": 1509, "driving_time": 1448, "preparation_time": 0, "load_before": [0], "load_after": [0]}, {"type": "service", "id": "1001121000_32", "location_id": "1001121000", "address": {"location_id": "1001121000", "lat": 42.32911045, "lon": -71.09934342}, "arr_time": 1676283581, "arr_date_time": "2023-02-13T05:19:41-05:00", "end_time": 1676283881, "end_date_time": "2023-02-13T05:24:41-05:00", "waiting_time": 0, "distance": 1543, "driving_time": 1481, "preparation_time": 0, "load_before": [0], "load_after": [0]}, {"type": "service", "id": "1000723001_13", "location_id": "1000723001", "address": {"location_id": "1000723001", "lat": 42.33008151, "lon": -71.09901371}, "arr_time": 1676284019, "arr_date_time": "2023-02-13T05:26:59-05:00", "end_time": 1676284319, "end_date_time": "2023-02-13T05:31:59-05:00", "waiting_time": 0, "distance": 1687, "driving_time": 1619, "preparation_time": 0, "load_before": [0], "load_after": [0]}, {"type": "service", "id": "1000719000_12", "location_id": "1000719000", "address": {"location_id": "1000719000", "lat": 42.3303165, "lon": -71.09974431}, "arr_time": 1676284413, "arr_date_time": "2023-02-13T05:33:33-05:00", "end_time": 1676284713, "end_date_time": "2023-02-13T05:38:33-05:00", "waiting_time": 0, "distance": 1785, "driving_time": 1713, "preparation_time": 0, "load_before": [0], "load_after": [0]}, {"type": "service", "id": "1000458000_06", "location_id": "1000458000", "address": {"location_id": "1000458000", "lat": 42.33011401, "lon": -71.09748081}, "arr_time": 1676284928, "arr_date_time": "2023-02-13T05:42:08-05:00", "end_time": 1676285228, "end_date_time": "2023-02-13T05:47:08-05:00", "waiting_time": 0, "distance": 2008, "driving_time": 1928, "preparation_time": 0, "load_before": [0], "load_after": [0]}, {"type": "service", "id": "1000527000_07", "location_id": "1000527000", "address": {"location_id": "1000527000", "lat": 42.33141319, "lon": -71.09831119}, "arr_time": 1676285423, "arr_date_time": "2023-02-13T05:50:23-05:00", "end_time": 1676285723, "end_date_time": "2023-02-13T05:55:23-05:00", "waiting_time": 0, "distance": 2211, "driving_time": 2123, "preparation_time": 0, "load_before": [0], "load_after": [0]}, {"type": "service", "id": "1000544000_08", "location_id": "1000544000", "address": {"location_id": "1000544000", "lat": 42.3314437, "lon": -71.09910298}, "arr_time": 1676285844, "arr_date_time": "2023-02-13T05:57:24-05:00", "end_time": 1676286144, "end_date_time": "2023-02-13T06:02:24-05:00", "waiting_time": 0, "distance": 2338, "driving_time": 2244, "preparation_time": 0, "load_before": [0], "load_after": [0]}, {"type": "service", "id": "1000425000_05", "location_id": "1000425000", "address": {"location_id": "1000425000", "lat": 42.32868072, "lon": -71.09888836}, "arr_time": 1676286533, "arr_date_time": "2023-02-13T06:08:53-05:00", "end_time": 1676286833, "end_date_time": "2023-02-13T06:13:53-05:00", "waiting_time": 0, "distance": 2743, "driving_time": 2633, "preparation_time": 0, "load_before": [0], "load_after": [0]}, {"type": "service", "id": "1001135000_33", "location_id": "1001135000", "address": {"location_id": "1001135000", "lat": 42.32859084, "lon": -71.09928454}, "arr_time": 1676286847, "arr_date_time": "2023-02-13T06:14:07-05:00", "end_time": 1676287147, "end_date_time": "2023-02-13T06:19:07-05:00", "waiting_time": 0, "distance": 2757, "driving_time": 2647, "preparation_time": 0, "load_before": [0], "load_after": [0]}, {"type": "service", "id": "1001073000_26", "location_id": "1001073000", "address": {"location_id": "1001073000", "lat": 42.32849051, "lon": -71.10055551}, "arr_time": 1676287321, "arr_date_time": "2023-02-13T06:22:01-05:00", "end_time": 1676287621, "end_date_time": "2023-02-13T06:27:01-05:00", "waiting_time": 0, "distance": 2939, "driving_time": 2821, "preparation_time": 0, "load_before": [0], "load_after": [0]}, {"type": "service", "id": "1001095000_29", "location_id": "1001095000", "address": {"location_id": "1001095000", "lat": 42.32899919, "lon": -71.10122873}, "arr_time": 1676287696, "arr_date_time": "2023-02-13T06:28:16-05:00", "end_time": 1676287996, "end_date_time": "2023-02-13T06:33:16-05:00", "waiting_time": 0, "distance": 3017, "driving_time": 2896, "preparation_time": 0, "load_before": [0], "load_after": [0]}, {"type": "service", "id": "1001093000_28", "location_id": "1001093000", "address": {"location_id": "1001093000", "lat": 42.32913857, "lon": -71.10145587}, "arr_time": 1676288023, "arr_date_time": "2023-02-13T06:33:43-05:00", "end_time": 1676288323, "end_date_time": "2023-02-13T06:38:43-05:00", "waiting_time": 0, "distance": 3045, "driving_time": 2923, "preparation_time": 0, "load_before": [0], "load_after": [0]}, {"type": "service", "id": "1001158000_34", "location_id": "1001158000", "address": {"location_id": "1001158000", "lat": 42.32969672, "lon": -71.10164876}, "arr_time": 1676288388, "arr_date_time": "2023-02-13T06:39:48-05:00", "end_time": 1676288688, "end_date_time": "2023-02-13T06:44:48-05:00", "waiting_time": 0, "distance": 3113, "driving_time": 2988, "preparation_time": 0, "load_before": [0], "load_after": [0]}, {"type": "service", "id": "1001090000_27", "location_id": "1001090000", "address": {"location_id": "1001090000", "lat": 42.32937149, "lon": -71.10179292}, "arr_time": 1676288748, "arr_date_time": "2023-02-13T06:45:48-05:00", "end_time": 1676289048, "end_date_time": "2023-02-13T06:50:48-05:00", "waiting_time": 0, "distance": 3175, "driving_time": 3048, "preparation_time": 0, "load_before": [0], "load_after": [0]}, {"type": "service", "id": "1001159000_35", "location_id": "1001159000", "address": {"location_id": "1001159000", "lat": 42.32973427, "lon": -71.10180701}, "arr_time": 1676289063, "arr_date_time": "2023-02-13T06:51:03-05:00", "end_time": 1676289363, "end_date_time": "2023-02-13T06:56:03-05:00", "waiting_time": 0, "distance": 3190, "driving_time": 3063, "preparation_time": 0, "load_before": [0], "load_after": [0]}, {"type": "service", "id": "1001160000_36", "location_id": "1001160000", "address": {"location_id": "1001160000", "lat": 42.32976687, "lon": -71.10194325}, "arr_time": 1676289373, "arr_date_time": "2023-02-13T06:56:13-05:00", "end_time": 1676289673, "end_date_time": "2023-02-13T07:01:13-05:00", "waiting_time": 0, "distance": 3201, "driving_time": 3073, "preparation_time": 0, "load_before": [0], "load_after": [0]}, {"type": "service", "id": "1001042000_24", "location_id": "1001042000", "address": {"location_id": "1001042000", "lat": 42.3294888, "lon": -71.10231638}, "arr_time": 1676289765, "arr_date_time": "2023-02-13T07:02:45-05:00", "end_time": 1676290065, "end_date_time": "2023-02-13T07:07:45-05:00", "waiting_time": 0, "distance": 3297, "driving_time": 3165, "preparation_time": 0, "load_before": [0], "load_after": [0]}, {"type": "service", "id": "1001067010_25", "location_id": "1001067010", "address": {"location_id": "1001067010", "lat": 42.32967151, "lon": -71.1032213}, "arr_time": 1676290140, "arr_date_time": "2023-02-13T07:09:00-05:00", "end_time": 1676290440, "end_date_time": "2023-02-13T07:14:00-05:00", "waiting_time": 0, "distance": 3374, "driving_time": 3240, "preparation_time": 0, "load_before": [0], "load_after": [0]}, {"type": "service", "id": "1001177000_37", "location_id": "1001177000", "address": {"location_id": "1001177000", "lat": 42.33012752, "lon": -71.10356718}, "arr_time": 1676290551, "arr_date_time": "2023-02-13T07:15:51-05:00", "end_time": 1676290851, "end_date_time": "2023-02-13T07:20:51-05:00", "waiting_time": 0, "distance": 3490, "driving_time": 3351, "preparation_time": 0, "load_before": [0], "load_after": [0]}, {"type": "service", "id": "1001023000_23", "location_id": "1001023000", "address": {"location_id": "1001023000", "lat": 42.33075595, "lon": -71.10640734}, "arr_time": 1676291084, "arr_date_time": "2023-02-13T07:24:44-05:00", "end_time": 1676291384, "end_date_time": "2023-02-13T07:29:44-05:00", "waiting_time": 0, "distance": 3734, "driving_time": 3584, "preparation_time": 0, "load_before": [0], "load_after": [0]}, {"type": "service", "id": "1000815000_16", "location_id": "1000815000", "address": {"location_id": "1000815000", "lat": 42.3313282, "lon": -71.10522077}, "arr_time": 1676291964, "arr_date_time": "2023-02-13T07:39:24-05:00", "end_time": 1676292264, "end_date_time": "2023-02-13T07:44:24-05:00", "waiting_time": 0, "distance": 4338, "driving_time": 4164, "preparation_time": 0, "load_before": [0], "load_after": [0]}, {"type": "service", "id": "1001204000_38", "location_id": "1001204000", "address": {"location_id": "1001204000", "lat": 42.33083728, "lon": -71.1055115}, "arr_time": 1676292325, "arr_date_time": "2023-02-13T07:45:25-05:00", "end_time": 1676292625, "end_date_time": "2023-02-13T07:50:25-05:00", "waiting_time": 0, "distance": 4402, "driving_time": 4225, "preparation_time": 0, "load_before": [0], "load_after": [0]}, {"type": "service", "id": "1000997000_22", "location_id": "1000997000", "address": {"location_id": "1000997000", "lat": 42.33104673, "lon": -71.10729915}, "arr_time": 1676292764, "arr_date_time": "2023-02-13T07:52:44-05:00", "end_time": 1676293064, "end_date_time": "2023-02-13T07:57:44-05:00", "waiting_time": 0, "distance": 4547, "driving_time": 4364, "preparation_time": 0, "load_before": [0], "load_after": [0]}, {"type": "service", "id": "1001249000_39", "location_id": "1001249000", "address": {"location_id": "1001249000", "lat": 42.3312551, "lon": -71.10933072}, "arr_time": 1676293300, "arr_date_time": "2023-02-13T08:01:40-05:00", "end_time": 1676293600, "end_date_time": "2023-02-13T08:06:40-05:00", "waiting_time": 0, "distance": 4792, "driving_time": 4600, "preparation_time": 0, "load_before": [0], "load_after": [0]}, {"type": "service", "id": "1000990000_20", "location_id": "1000990000", "address": {"location_id": "1000990000", "lat": 42.3312933, "lon": -71.10825448}, "arr_time": 1676293808, "arr_date_time": "2023-02-13T08:10:08-05:00", "end_time": 1676294108, "end_date_time": "2023-02-13T08:15:08-05:00", "waiting_time": 0, "distance": 5009, "driving_time": 4808, "preparation_time": 0, "load_before": [0], "load_after": [0]}, {"type": "service", "id": "1000992000_21", "location_id": "1000992000", "address": {"location_id": "1000992000", "lat": 42.33120017, "lon": -71.10790986}, "arr_time": 1676294136, "arr_date_time": "2023-02-13T08:15:36-05:00", "end_time": 1676294436, "end_date_time": "2023-02-13T08:20:36-05:00", "waiting_time": 0, "distance": 5039, "driving_time": 4836, "preparation_time": 0, "load_before": [0], "load_after": [0]}, {"type": "service", "id": "1000971000_19", "location_id": "1000971000", "address": {"location_id": "1000971000", "lat": 42.33139929, "lon": -71.10715505}, "arr_time": 1676294500, "arr_date_time": "2023-02-13T08:21:40-05:00", "end_time": 1676294800, "end_date_time": "2023-02-13T08:26:40-05:00", "waiting_time": 0, "distance": 5106, "driving_time": 4900, "preparation_time": 0, "load_before": [0], "load_after": [0]}, {"type": "service", "id": "1000958000_18", "location_id": "1000958000", "address": {"location_id": "1000958000", "lat": 42.33190113, "lon": -71.10782805}, "arr_time": 1676294924, "arr_date_time": "2023-02-13T08:28:44-05:00", "end_time": 1676295224, "end_date_time": "2023-02-13T08:33:44-05:00", "waiting_time": 0, "distance": 5235, "driving_time": 5024, "preparation_time": 0, "load_before": [0], "load_after": [0]}, {"type": "service", "id": "1000950000_17", "location_id": "1000950000", "address": {"location_id": "1000950000", "lat": 42.3318731, "lon": -71.10688119}, "arr_time": 1676295296, "arr_date_time": "2023-02-13T08:34:56-05:00", "end_time": 1676295596, "end_date_time": "2023-02-13T08:39:56-05:00", "waiting_time": 0, "distance": 5310, "driving_time": 5096, "preparation_time": 0, "load_before": [0], "load_after": [0]}, {"type": "end", "location_id": "1000111000", "address": {"location_id": "1000111000", "lat": 42.33450614, "lon": -71.10226833}, "arr_time": 1676296229, "arr_date_time": "2023-02-13T08:50:29-05:00", "end_time": 1676296229, "end_date_time": "2023-02-13T08:50:29-05:00", "waiting_time": 0, "distance": 5969, "driving_time": 5729, "preparation_time": 0, "load_before": [0]}]}], "unassigned": {"services": [], "shipments": [], "breaks": [], "details": []}}}