{"copyrights": ["GraphHopper", "OpenStreetMap contributors"], "job_id": "a5d45042-422f-4658-8097-80b8fe2dc62c", "status": "finished", "waiting_time_in_queue": 1, "processing_time": 115, "solution": {"costs": 326, "distance": 1984, "time": 1905, "transport_time": 1905, "completion_time": 15705, "max_operation_time": 15705, "waiting_time": 0, "service_duration": 13800, "preparation_time": 0, "no_vehicles": 1, "no_unassigned": 0, "routes": [{"vehicle_id": "my_vehicle", "shift_id": "default-shift", "distance": 1984, "transport_time": 1905, "completion_time": 15705, "waiting_time": 0, "service_duration": 13800, "preparation_time": 0, "activities": [{"type": "start", "location_id": "1703801000", "address": {"location_id": "1703801000", "lat": 42.2736669, "lon": -71.07297934}, "arr_time": 1676278800, "arr_date_time": "2023-02-13T04:00:00-05:00", "end_time": 1676278800, "end_date_time": "2023-02-13T04:00:00-05:00", "waiting_time": 0, "distance": 0, "driving_time": 0, "preparation_time": 0, "load_after": [0]}, {"type": "service", "id": "1703763000_02", "location_id": "1703763000", "address": {"location_id": "1703763000", "lat": 42.27335786, "lon": -71.07238062}, "arr_time": 1676278877, "arr_date_time": "2023-02-13T04:01:17-05:00", "end_time": 1676279177, "end_date_time": "2023-02-13T04:06:17-05:00", "waiting_time": 0, "distance": 81, "driving_time": 77, "preparation_time": 0, "load_before": [0], "load_after": [0]}, {"type": "service", "id": "1703762000_01", "location_id": "1703762000", "address": {"location_id": "1703762000", "lat": 42.27324259, "lon": -71.07229362}, "arr_time": 1676279191, "arr_date_time": "2023-02-13T04:06:31-05:00", "end_time": 1676279491, "end_date_time": "2023-02-13T04:11:31-05:00", "waiting_time": 0, "distance": 95, "driving_time": 91, "preparation_time": 0, "load_before": [0], "load_after": [0]}, {"type": "service", "id": "1703764000_03", "location_id": "1703764000", "address": {"location_id": "1703764000", "lat": 42.27370167, "lon": -71.07251161}, "arr_time": 1676279543, "arr_date_time": "2023-02-13T04:12:23-05:00", "end_time": 1676279843, "end_date_time": "2023-02-13T04:17:23-05:00", "waiting_time": 0, "distance": 149, "driving_time": 143, "preparation_time": 0, "load_before": [0], "load_after": [0]}, {"type": "service", "id": "1703771000_04", "location_id": "1703771000", "address": {"location_id": "1703771000", "lat": 42.27324313, "lon": -71.07187784}, "arr_time": 1676279996, "arr_date_time": "2023-02-13T04:19:56-05:00", "end_time": 1676280296, "end_date_time": "2023-02-13T04:24:56-05:00", "waiting_time": 0, "distance": 309, "driving_time": 296, "preparation_time": 0, "load_before": [0], "load_after": [0]}, {"type": "service", "id": "1703772000_05", "location_id": "1703772000", "address": {"location_id": "1703772000", "lat": 42.27310997, "lon": -71.07188428}, "arr_time": 1676280309, "arr_date_time": "2023-02-13T04:25:09-05:00", "end_time": 1676280609, "end_date_time": "2023-02-13T04:30:09-05:00", "waiting_time": 0, "distance": 323, "driving_time": 309, "preparation_time": 0, "load_before": [0], "load_after": [0]}, {"type": "service", "id": "1703775000_06", "location_id": "1703775000", "address": {"location_id": "1703775000", "lat": 42.27259611, "lon": -71.07171844}, "arr_time": 1676280665, "arr_date_time": "2023-02-13T04:31:05-05:00", "end_time": 1676280965, "end_date_time": "2023-02-13T04:36:05-05:00", "waiting_time": 0, "distance": 382, "driving_time": 365, "preparation_time": 0, "load_before": [0], "load_after": [0]}, {"type": "service", "id": "1704046000_45", "location_id": "1704046000", "address": {"location_id": "1704046000", "lat": 42.27146976, "lon": -71.07211402}, "arr_time": 1676281147, "arr_date_time": "2023-02-13T04:39:07-05:00", "end_time": 1676281447, "end_date_time": "2023-02-13T04:44:07-05:00", "waiting_time": 0, "distance": 571, "driving_time": 547, "preparation_time": 0, "load_before": [0], "load_after": [0]}, {"type": "service", "id": "1704047000_46", "location_id": "1704047000", "address": {"location_id": "1704047000", "lat": 42.27129725, "lon": -71.07208881}, "arr_time": 1676281465, "arr_date_time": "2023-02-13T04:44:25-05:00", "end_time": 1676281765, "end_date_time": "2023-02-13T04:49:25-05:00", "waiting_time": 0, "distance": 590, "driving_time": 565, "preparation_time": 0, "load_before": [0], "load_after": [0]}, {"type": "service", "id": "1703794000_11", "location_id": "1703794000", "address": {"location_id": "1703794000", "lat": 42.27257427, "lon": -71.0724705}, "arr_time": 1676281939, "arr_date_time": "2023-02-13T04:52:19-05:00", "end_time": 1676282239, "end_date_time": "2023-02-13T04:57:19-05:00", "waiting_time": 0, "distance": 770, "driving_time": 739, "preparation_time": 0, "load_before": [0], "load_after": [0]}, {"type": "service", "id": "1703793000_10", "location_id": "1703793000", "address": {"location_id": "1703793000", "lat": 42.27252621, "lon": -71.07270514}, "arr_time": 1676282257, "arr_date_time": "2023-02-13T04:57:37-05:00", "end_time": 1676282557, "end_date_time": "2023-02-13T05:02:37-05:00", "waiting_time": 0, "distance": 790, "driving_time": 757, "preparation_time": 0, "load_before": [0], "load_after": [0]}, {"type": "service", "id": "1703798000_12", "location_id": "1703798000", "address": {"location_id": "1703798000", "lat": 42.27272585, "lon": -71.07313584}, "arr_time": 1676282585, "arr_date_time": "2023-02-13T05:03:05-05:00", "end_time": 1676282885, "end_date_time": "2023-02-13T05:08:05-05:00", "waiting_time": 0, "distance": 819, "driving_time": 785, "preparation_time": 0, "load_before": [0], "load_after": [0]}, {"type": "service", "id": "1703791020_09", "location_id": "1703791020", "address": {"location_id": "1703791020", "lat": 42.27243529, "lon": -71.0730745}, "arr_time": 1676282888, "arr_date_time": "2023-02-13T05:08:08-05:00", "end_time": 1676283188, "end_date_time": "2023-02-13T05:13:08-05:00", "waiting_time": 0, "distance": 822, "driving_time": 788, "preparation_time": 0, "load_before": [0], "load_after": [0]}, {"type": "service", "id": "1703798001_13", "location_id": "1703798001", "address": {"location_id": "1703798001", "lat": 42.27268809, "lon": -71.07339738}, "arr_time": 1676283207, "arr_date_time": "2023-02-13T05:13:27-05:00", "end_time": 1676283507, "end_date_time": "2023-02-13T05:18:27-05:00", "waiting_time": 0, "distance": 841, "driving_time": 807, "preparation_time": 0, "load_before": [0], "load_after": [0]}, {"type": "service", "id": "1703816000_20", "location_id": "1703816000", "address": {"location_id": "1703816000", "lat": 42.27255827, "lon": -71.07375727}, "arr_time": 1676283537, "arr_date_time": "2023-02-13T05:18:57-05:00", "end_time": 1676283837, "end_date_time": "2023-02-13T05:23:57-05:00", "waiting_time": 0, "distance": 873, "driving_time": 837, "preparation_time": 0, "load_before": [0], "load_after": [0]}, {"type": "service", "id": "1703788000_08", "location_id": "1703788000", "address": {"location_id": "1703788000", "lat": 42.27228398, "lon": -71.07408155}, "arr_time": 1676283869, "arr_date_time": "2023-02-13T05:24:29-05:00", "end_time": 1676284169, "end_date_time": "2023-02-13T05:29:29-05:00", "waiting_time": 0, "distance": 906, "driving_time": 869, "preparation_time": 0, "load_before": [0], "load_after": [0]}, {"type": "service", "id": "1703817000_21", "location_id": "1703817000", "address": {"location_id": "1703817000", "lat": 42.27253996, "lon": -71.07395135}, "arr_time": 1676284187, "arr_date_time": "2023-02-13T05:29:47-05:00", "end_time": 1676284487, "end_date_time": "2023-02-13T05:34:47-05:00", "waiting_time": 0, "distance": 923, "driving_time": 887, "preparation_time": 0, "load_before": [0], "load_after": [0]}, {"type": "service", "id": "1703815000_19", "location_id": "1703815000", "address": {"location_id": "1703815000", "lat": 42.2726743, "lon": -71.07388504}, "arr_time": 1676284536, "arr_date_time": "2023-02-13T05:35:36-05:00", "end_time": 1676284836, "end_date_time": "2023-02-13T05:40:36-05:00", "waiting_time": 0, "distance": 975, "driving_time": 936, "preparation_time": 0, "load_before": [0], "load_after": [0]}, {"type": "service", "id": "1703814000_18", "location_id": "1703814000", "address": {"location_id": "1703814000", "lat": 42.27281139, "lon": -71.07392589}, "arr_time": 1676284851, "arr_date_time": "2023-02-13T05:40:51-05:00", "end_time": 1676285151, "end_date_time": "2023-02-13T05:45:51-05:00", "waiting_time": 0, "distance": 991, "driving_time": 951, "preparation_time": 0, "load_before": [0], "load_after": [0]}, {"type": "service", "id": "1703812000_17", "location_id": "1703812000", "address": {"location_id": "1703812000", "lat": 42.27307417, "lon": -71.07402588}, "arr_time": 1676285184, "arr_date_time": "2023-02-13T05:46:24-05:00", "end_time": 1676285484, "end_date_time": "2023-02-13T05:51:24-05:00", "waiting_time": 0, "distance": 1025, "driving_time": 984, "preparation_time": 0, "load_before": [0], "load_after": [0]}, {"type": "service", "id": "1703838000_32", "location_id": "1703838000", "address": {"location_id": "1703838000", "lat": 42.27334822, "lon": -71.0749392}, "arr_time": 1676285615, "arr_date_time": "2023-02-13T05:53:35-05:00", "end_time": 1676285915, "end_date_time": "2023-02-13T05:58:35-05:00", "waiting_time": 0, "distance": 1161, "driving_time": 1115, "preparation_time": 0, "load_before": [0], "load_after": [0]}, {"type": "service", "id": "1703836000_31", "location_id": "1703836000", "address": {"location_id": "1703836000", "lat": 42.27327573, "lon": -71.07538346}, "arr_time": 1676285951, "arr_date_time": "2023-02-13T05:59:11-05:00", "end_time": 1676286251, "end_date_time": "2023-02-13T06:04:11-05:00", "waiting_time": 0, "distance": 1198, "driving_time": 1151, "preparation_time": 0, "load_before": [0], "load_after": [0]}, {"type": "service", "id": "1703875000_41", "location_id": "1703875000", "address": {"location_id": "1703875000", "lat": 42.27323974, "lon": -71.07581943}, "arr_time": 1676286272, "arr_date_time": "2023-02-13T06:04:32-05:00", "end_time": 1676286572, "end_date_time": "2023-02-13T06:09:32-05:00", "waiting_time": 0, "distance": 1220, "driving_time": 1172, "preparation_time": 0, "load_before": [0], "load_after": [0]}, {"type": "service", "id": "1703835000_30", "location_id": "1703835000", "address": {"location_id": "1703835000", "lat": 42.27310986, "lon": -71.07522281}, "arr_time": 1676286597, "arr_date_time": "2023-02-13T06:09:57-05:00", "end_time": 1676286897, "end_date_time": "2023-02-13T06:14:57-05:00", "waiting_time": 0, "distance": 1246, "driving_time": 1197, "preparation_time": 0, "load_before": [0], "load_after": [0]}, {"type": "service", "id": "1703877000_42", "location_id": "1703877000", "address": {"location_id": "1703877000", "lat": 42.27290786, "lon": -71.0756989}, "arr_time": 1676286909, "arr_date_time": "2023-02-13T06:15:09-05:00", "end_time": 1676287209, "end_date_time": "2023-02-13T06:20:09-05:00", "waiting_time": 0, "distance": 1258, "driving_time": 1209, "preparation_time": 0, "load_before": [0], "load_after": [0]}, {"type": "service", "id": "1703832000_29", "location_id": "1703832000", "address": {"location_id": "1703832000", "lat": 42.27292766, "lon": -71.07506598}, "arr_time": 1676287220, "arr_date_time": "2023-02-13T06:20:20-05:00", "end_time": 1676287520, "end_date_time": "2023-02-13T06:25:20-05:00", "waiting_time": 0, "distance": 1269, "driving_time": 1220, "preparation_time": 0, "load_before": [0], "load_after": [0]}, {"type": "service", "id": "1703878000_43", "location_id": "1703878000", "address": {"location_id": "1703878000", "lat": 42.27274708, "lon": -71.07564045}, "arr_time": 1676287527, "arr_date_time": "2023-02-13T06:25:27-05:00", "end_time": 1676287827, "end_date_time": "2023-02-13T06:30:27-05:00", "waiting_time": 0, "distance": 1276, "driving_time": 1227, "preparation_time": 0, "load_before": [0], "load_after": [0]}, {"type": "service", "id": "1703829000_27", "location_id": "1703829000", "address": {"location_id": "1703829000", "lat": 42.27254641, "lon": -71.07512054}, "arr_time": 1676287857, "arr_date_time": "2023-02-13T06:30:57-05:00", "end_time": 1676288157, "end_date_time": "2023-02-13T06:35:57-05:00", "waiting_time": 0, "distance": 1308, "driving_time": 1257, "preparation_time": 0, "load_before": [0], "load_after": [0]}, {"type": "service", "id": "1703829001_28", "location_id": "1703829001", "address": {"location_id": "1703829001", "lat": 42.27256346, "lon": -71.07491153}, "arr_time": 1676288160, "arr_date_time": "2023-02-13T06:36:00-05:00", "end_time": 1676288460, "end_date_time": "2023-02-13T06:41:00-05:00", "waiting_time": 0, "distance": 1311, "driving_time": 1260, "preparation_time": 0, "load_before": [0], "load_after": [0]}, {"type": "service", "id": "1703827000_26", "location_id": "1703827000", "address": {"location_id": "1703827000", "lat": 42.2721909, "lon": -71.07494314}, "arr_time": 1676288497, "arr_date_time": "2023-02-13T06:41:37-05:00", "end_time": 1676288797, "end_date_time": "2023-02-13T06:46:37-05:00", "waiting_time": 0, "distance": 1350, "driving_time": 1297, "preparation_time": 0, "load_before": [0], "load_after": [0]}, {"type": "service", "id": "1703826000_25", "location_id": "1703826000", "address": {"location_id": "1703826000", "lat": 42.27207197, "lon": -71.07489446}, "arr_time": 1676288811, "arr_date_time": "2023-02-13T06:46:51-05:00", "end_time": 1676289111, "end_date_time": "2023-02-13T06:51:51-05:00", "waiting_time": 0, "distance": 1364, "driving_time": 1311, "preparation_time": 0, "load_before": [0], "load_after": [0]}, {"type": "service", "id": "1703825000_24", "location_id": "1703825000", "address": {"location_id": "1703825000", "lat": 42.27196285, "lon": -71.07485053}, "arr_time": 1676289123, "arr_date_time": "2023-02-13T06:52:03-05:00", "end_time": 1676289423, "end_date_time": "2023-02-13T06:57:03-05:00", "waiting_time": 0, "distance": 1377, "driving_time": 1323, "preparation_time": 0, "load_before": [0], "load_after": [0]}, {"type": "service", "id": "1703884000_44", "location_id": "1703884000", "address": {"location_id": "1703884000", "lat": 42.27183987, "lon": -71.07528165}, "arr_time": 1676289427, "arr_date_time": "2023-02-13T06:57:07-05:00", "end_time": 1676289727, "end_date_time": "2023-02-13T07:02:07-05:00", "waiting_time": 0, "distance": 1381, "driving_time": 1327, "preparation_time": 0, "load_before": [0], "load_after": [0]}, {"type": "service", "id": "1703824000_23", "location_id": "1703824000", "address": {"location_id": "1703824000", "lat": 42.27180752, "lon": -71.07479302}, "arr_time": 1676289739, "arr_date_time": "2023-02-13T07:02:19-05:00", "end_time": 1676290039, "end_date_time": "2023-02-13T07:07:19-05:00", "waiting_time": 0, "distance": 1393, "driving_time": 1339, "preparation_time": 0, "load_before": [0], "load_after": [0]}, {"type": "service", "id": "1703849000_40", "location_id": "1703849000", "address": {"location_id": "1703849000", "lat": 42.27158456, "lon": -71.07522626}, "arr_time": 1676290103, "arr_date_time": "2023-02-13T07:08:23-05:00", "end_time": 1676290403, "end_date_time": "2023-02-13T07:13:23-05:00", "waiting_time": 0, "distance": 1460, "driving_time": 1403, "preparation_time": 0, "load_before": [0], "load_after": [0]}, {"type": "service", "id": "1703820000_22", "location_id": "1703820000", "address": {"location_id": "1703820000", "lat": 42.27145733, "lon": -71.07438254}, "arr_time": 1676290472, "arr_date_time": "2023-02-13T07:14:32-05:00", "end_time": 1676290772, "end_date_time": "2023-02-13T07:19:32-05:00", "waiting_time": 0, "distance": 1532, "driving_time": 1472, "preparation_time": 0, "load_before": [0], "load_after": [0]}, {"type": "service", "id": "1703847000_39", "location_id": "1703847000", "address": {"location_id": "1703847000", "lat": 42.27169331, "lon": -71.07432031}, "arr_time": 1676290872, "arr_date_time": "2023-02-13T07:21:12-05:00", "end_time": 1676291172, "end_date_time": "2023-02-13T07:26:12-05:00", "waiting_time": 0, "distance": 1636, "driving_time": 1572, "preparation_time": 0, "load_before": [0], "load_after": [0]}, {"type": "service", "id": "1703786000_07", "location_id": "1703786000", "address": {"location_id": "1703786000", "lat": 42.27200571, "lon": -71.07391953}, "arr_time": 1676291193, "arr_date_time": "2023-02-13T07:26:33-05:00", "end_time": 1676291493, "end_date_time": "2023-02-13T07:31:33-05:00", "waiting_time": 0, "distance": 1658, "driving_time": 1593, "preparation_time": 0, "load_before": [0], "load_after": [0]}, {"type": "service", "id": "1703845000_38", "location_id": "1703845000", "address": {"location_id": "1703845000", "lat": 42.27198672, "lon": -71.07445705}, "arr_time": 1676291505, "arr_date_time": "2023-02-13T07:31:45-05:00", "end_time": 1676291805, "end_date_time": "2023-02-13T07:36:45-05:00", "waiting_time": 0, "distance": 1671, "driving_time": 1605, "preparation_time": 0, "load_before": [0], "load_after": [0]}, {"type": "service", "id": "1703844001_37", "location_id": "1703844001", "address": {"location_id": "1703844001", "lat": 42.27210081, "lon": -71.07451049}, "arr_time": 1676291819, "arr_date_time": "2023-02-13T07:36:59-05:00", "end_time": 1676292119, "end_date_time": "2023-02-13T07:41:59-05:00", "waiting_time": 0, "distance": 1684, "driving_time": 1619, "preparation_time": 0, "load_before": [0], "load_after": [0]}, {"type": "service", "id": "1703844000_36", "location_id": "1703844000", "address": {"location_id": "1703844000", "lat": 42.27223598, "lon": -71.07457334}, "arr_time": 1676292133, "arr_date_time": "2023-02-13T07:42:13-05:00", "end_time": 1676292433, "end_date_time": "2023-02-13T07:47:13-05:00", "waiting_time": 0, "distance": 1700, "driving_time": 1633, "preparation_time": 0, "load_before": [0], "load_after": [0]}, {"type": "service", "id": "1703843000_35", "location_id": "1703843000", "address": {"location_id": "1703843000", "lat": 42.27240676, "lon": -71.07463313}, "arr_time": 1676292452, "arr_date_time": "2023-02-13T07:47:32-05:00", "end_time": 1676292752, "end_date_time": "2023-02-13T07:52:32-05:00", "waiting_time": 0, "distance": 1720, "driving_time": 1652, "preparation_time": 0, "load_before": [0], "load_after": [0]}, {"type": "service", "id": "1703803000_14", "location_id": "1703803000", "address": {"location_id": "1703803000", "lat": 42.27264005, "lon": -71.07424843}, "arr_time": 1676292765, "arr_date_time": "2023-02-13T07:52:45-05:00", "end_time": 1676293065, "end_date_time": "2023-02-13T07:57:45-05:00", "waiting_time": 0, "distance": 1734, "driving_time": 1665, "preparation_time": 0, "load_before": [0], "load_after": [0]}, {"type": "service", "id": "1703803001_15", "location_id": "1703803001", "address": {"location_id": "1703803001", "lat": 42.27275662, "lon": -71.07428936}, "arr_time": 1676293080, "arr_date_time": "2023-02-13T07:58:00-05:00", "end_time": 1676293380, "end_date_time": "2023-02-13T08:03:00-05:00", "waiting_time": 0, "distance": 1749, "driving_time": 1680, "preparation_time": 0, "load_before": [0], "load_after": [0]}, {"type": "service", "id": "1703841000_34", "location_id": "1703841000", "address": {"location_id": "1703841000", "lat": 42.27278817, "lon": -71.07479707}, "arr_time": 1676293393, "arr_date_time": "2023-02-13T08:03:13-05:00", "end_time": 1676293693, "end_date_time": "2023-02-13T08:08:13-05:00", "waiting_time": 0, "distance": 1763, "driving_time": 1693, "preparation_time": 0, "load_before": [0], "load_after": [0]}, {"type": "service", "id": "1703840000_33", "location_id": "1703840000", "address": {"location_id": "1703840000", "lat": 42.27300163, "lon": -71.07481448}, "arr_time": 1676293716, "arr_date_time": "2023-02-13T08:08:36-05:00", "end_time": 1676294016, "end_date_time": "2023-02-13T08:13:36-05:00", "waiting_time": 0, "distance": 1786, "driving_time": 1716, "preparation_time": 0, "load_before": [0], "load_after": [0]}, {"type": "service", "id": "1703807000_16", "location_id": "1703807000", "address": {"location_id": "1703807000", "lat": 42.27336894, "lon": -71.0745864}, "arr_time": 1676294049, "arr_date_time": "2023-02-13T08:14:09-05:00", "end_time": 1676294349, "end_date_time": "2023-02-13T08:19:09-05:00", "waiting_time": 0, "distance": 1821, "driving_time": 1749, "preparation_time": 0, "load_before": [0], "load_after": [0]}, {"type": "end", "location_id": "1703801000", "address": {"location_id": "1703801000", "lat": 42.2736669, "lon": -71.07297934}, "arr_time": 1676294505, "arr_date_time": "2023-02-13T08:21:45-05:00", "end_time": 1676294505, "end_date_time": "2023-02-13T08:21:45-05:00", "waiting_time": 0, "distance": 1984, "driving_time": 1905, "preparation_time": 0, "load_before": [0]}]}], "unassigned": {"services": [], "shipments": [], "breaks": [], "details": []}}}