{"copyrights": ["GraphHopper", "OpenStreetMap contributors"], "job_id": "d88bde0d-a655-4833-b6e0-3b5711fdb8d1", "status": "finished", "waiting_time_in_queue": 0, "processing_time": 220, "solution": {"costs": 356, "distance": 3301, "time": 3173, "transport_time": 3173, "completion_time": 19373, "max_operation_time": 19373, "waiting_time": 0, "service_duration": 16200, "preparation_time": 0, "no_vehicles": 1, "no_unassigned": 0, "routes": [{"vehicle_id": "my_vehicle", "shift_id": "default-shift", "distance": 3301, "transport_time": 3173, "completion_time": 19373, "waiting_time": 0, "service_duration": 16200, "preparation_time": 0, "activities": [{"type": "start", "location_id": "800535000", "address": {"location_id": "800535000", "lat": 42.32603699, "lon": -71.07233025}, "arr_time": 1676278800, "arr_date_time": "2023-02-13T04:00:00-05:00", "end_time": 1676278800, "end_date_time": "2023-02-13T04:00:00-05:00", "waiting_time": 0, "distance": 0, "driving_time": 0, "preparation_time": 0, "load_after": [0]}, {"type": "service", "id": "800523000_46", "location_id": "800523000", "address": {"location_id": "800523000", "lat": 42.32542732, "lon": -71.07174054}, "arr_time": 1676278949, "arr_date_time": "2023-02-13T04:02:29-05:00", "end_time": 1676279249, "end_date_time": "2023-02-13T04:07:29-05:00", "waiting_time": 0, "distance": 156, "driving_time": 149, "preparation_time": 0, "load_before": [0], "load_after": [0]}, {"type": "service", "id": "800522000_45", "location_id": "800522000", "address": {"location_id": "800522000", "lat": 42.32543906, "lon": -71.07164281}, "arr_time": 1676279249, "arr_date_time": "2023-02-13T04:07:29-05:00", "end_time": 1676279549, "end_date_time": "2023-02-13T04:12:29-05:00", "waiting_time": 0, "distance": 156, "driving_time": 149, "preparation_time": 0, "load_before": [0], "load_after": [0]}, {"type": "service", "id": "800565000_48", "location_id": "800565000", "address": {"location_id": "800565000", "lat": 42.32441404, "lon": -71.07126367}, "arr_time": 1676279680, "arr_date_time": "2023-02-13T04:14:40-05:00", "end_time": 1676279980, "end_date_time": "2023-02-13T04:19:40-05:00", "waiting_time": 0, "distance": 292, "driving_time": 280, "preparation_time": 0, "load_before": [0], "load_after": [0]}, {"type": "service", "id": "800553000_47", "location_id": "800553000", "address": {"location_id": "800553000", "lat": 42.32510706, "lon": -71.0711081}, "arr_time": 1676280096, "arr_date_time": "2023-02-13T04:21:36-05:00", "end_time": 1676280396, "end_date_time": "2023-02-13T04:26:36-05:00", "waiting_time": 0, "distance": 412, "driving_time": 396, "preparation_time": 0, "load_before": [0], "load_after": [0]}, {"type": "service", "id": "800598000_54", "location_id": "800598000", "address": {"location_id": "800598000", "lat": 42.32413456, "lon": -71.07236457}, "arr_time": 1676280551, "arr_date_time": "2023-02-13T04:29:11-05:00", "end_time": 1676280851, "end_date_time": "2023-02-13T04:34:11-05:00", "waiting_time": 0, "distance": 573, "driving_time": 551, "preparation_time": 0, "load_before": [0], "load_after": [0]}, {"type": "service", "id": "800591000_53", "location_id": "800591000", "address": {"location_id": "800591000", "lat": 42.32368133, "lon": -71.07257612}, "arr_time": 1676280955, "arr_date_time": "2023-02-13T04:35:55-05:00", "end_time": 1676281255, "end_date_time": "2023-02-13T04:40:55-05:00", "waiting_time": 0, "distance": 682, "driving_time": 655, "preparation_time": 0, "load_before": [0], "load_after": [0]}, {"type": "service", "id": "800228000_24", "location_id": "800228000", "address": {"location_id": "800228000", "lat": 42.32322158, "lon": -71.07269351}, "arr_time": 1676281303, "arr_date_time": "2023-02-13T04:41:43-05:00", "end_time": 1676281603, "end_date_time": "2023-02-13T04:46:43-05:00", "waiting_time": 0, "distance": 732, "driving_time": 703, "preparation_time": 0, "load_before": [0], "load_after": [0]}, {"type": "service", "id": "800227000_23", "location_id": "800227000", "address": {"location_id": "800227000", "lat": 42.32319815, "lon": -71.07280403}, "arr_time": 1676281612, "arr_date_time": "2023-02-13T04:46:52-05:00", "end_time": 1676281912, "end_date_time": "2023-02-13T04:51:52-05:00", "waiting_time": 0, "distance": 741, "driving_time": 712, "preparation_time": 0, "load_before": [0], "load_after": [0]}, {"type": "service", "id": "800589000_52", "location_id": "800589000", "address": {"location_id": "800589000", "lat": 42.32375806, "lon": -71.07237939}, "arr_time": 1676281969, "arr_date_time": "2023-02-13T04:52:49-05:00", "end_time": 1676282269, "end_date_time": "2023-02-13T04:57:49-05:00", "waiting_time": 0, "distance": 801, "driving_time": 769, "preparation_time": 0, "load_before": [0], "load_after": [0]}, {"type": "service", "id": "800586000_51", "location_id": "800586000", "address": {"location_id": "800586000", "lat": 42.32388453, "lon": -71.07205789}, "arr_time": 1676282299, "arr_date_time": "2023-02-13T04:58:19-05:00", "end_time": 1676282599, "end_date_time": "2023-02-13T05:03:19-05:00", "waiting_time": 0, "distance": 831, "driving_time": 799, "preparation_time": 0, "load_before": [0], "load_after": [0]}, {"type": "service", "id": "800585000_50", "location_id": "800585000", "address": {"location_id": "800585000", "lat": 42.32393091, "lon": -71.07193871}, "arr_time": 1676282609, "arr_date_time": "2023-02-13T05:03:29-05:00", "end_time": 1676282909, "end_date_time": "2023-02-13T05:08:29-05:00", "waiting_time": 0, "distance": 842, "driving_time": 809, "preparation_time": 0, "load_before": [0], "load_after": [0]}, {"type": "service", "id": "800582000_49", "location_id": "800582000", "address": {"location_id": "800582000", "lat": 42.32402506, "lon": -71.07153379}, "arr_time": 1676282943, "arr_date_time": "2023-02-13T05:09:03-05:00", "end_time": 1676283243, "end_date_time": "2023-02-13T05:14:03-05:00", "waiting_time": 0, "distance": 876, "driving_time": 843, "preparation_time": 0, "load_before": [0], "load_after": [0]}, {"type": "service", "id": "800240000_25", "location_id": "800240000", "address": {"location_id": "800240000", "lat": 42.3238023, "lon": -71.0713075}, "arr_time": 1676283248, "arr_date_time": "2023-02-13T05:14:08-05:00", "end_time": 1676283548, "end_date_time": "2023-02-13T05:19:08-05:00", "waiting_time": 0, "distance": 881, "driving_time": 848, "preparation_time": 0, "load_before": [0], "load_after": [0]}, {"type": "service", "id": "800242000_26", "location_id": "800242000", "address": {"location_id": "800242000", "lat": 42.32371267, "lon": -71.07124567}, "arr_time": 1676283589, "arr_date_time": "2023-02-13T05:19:49-05:00", "end_time": 1676283889, "end_date_time": "2023-02-13T05:24:49-05:00", "waiting_time": 0, "distance": 923, "driving_time": 889, "preparation_time": 0, "load_before": [0], "load_after": [0]}, {"type": "service", "id": "800224000_22", "location_id": "800224000", "address": {"location_id": "800224000", "lat": 42.32328732, "lon": -71.07099823}, "arr_time": 1676283947, "arr_date_time": "2023-02-13T05:25:47-05:00", "end_time": 1676284247, "end_date_time": "2023-02-13T05:30:47-05:00", "waiting_time": 0, "distance": 982, "driving_time": 947, "preparation_time": 0, "load_before": [0], "load_after": [0]}, {"type": "service", "id": "800188000_18", "location_id": "800188000", "address": {"location_id": "800188000", "lat": 42.32264107, "lon": -71.07087289}, "arr_time": 1676284312, "arr_date_time": "2023-02-13T05:31:52-05:00", "end_time": 1676284612, "end_date_time": "2023-02-13T05:36:52-05:00", "waiting_time": 0, "distance": 1050, "driving_time": 1012, "preparation_time": 0, "load_before": [0], "load_after": [0]}, {"type": "service", "id": "800319000_36", "location_id": "800319000", "address": {"location_id": "800319000", "lat": 42.32274089, "lon": -71.07001597}, "arr_time": 1676284696, "arr_date_time": "2023-02-13T05:38:16-05:00", "end_time": 1676284996, "end_date_time": "2023-02-13T05:43:16-05:00", "waiting_time": 0, "distance": 1137, "driving_time": 1096, "preparation_time": 0, "load_before": [0], "load_after": [0]}, {"type": "service", "id": "800317000_35", "location_id": "800317000", "address": {"location_id": "800317000", "lat": 42.3228245, "lon": -71.06975154}, "arr_time": 1676285019, "arr_date_time": "2023-02-13T05:43:39-05:00", "end_time": 1676285319, "end_date_time": "2023-02-13T05:48:39-05:00", "waiting_time": 0, "distance": 1161, "driving_time": 1119, "preparation_time": 0, "load_before": [0], "load_after": [0]}, {"type": "service", "id": "800190000_19", "location_id": "800190000", "address": {"location_id": "800190000", "lat": 42.32238879, "lon": -71.07072674}, "arr_time": 1676285417, "arr_date_time": "2023-02-13T05:50:17-05:00", "end_time": 1676285717, "end_date_time": "2023-02-13T05:55:17-05:00", "waiting_time": 0, "distance": 1263, "driving_time": 1217, "preparation_time": 0, "load_before": [0], "load_after": [0]}, {"type": "service", "id": "800165002_10", "location_id": "800165002", "address": {"location_id": "800165002", "lat": 42.32207896, "lon": -71.07065606}, "arr_time": 1676285725, "arr_date_time": "2023-02-13T05:55:25-05:00", "end_time": 1676286025, "end_date_time": "2023-02-13T06:00:25-05:00", "waiting_time": 0, "distance": 1271, "driving_time": 1225, "preparation_time": 0, "load_before": [0], "load_after": [0]}, {"type": "service", "id": "800191000_20", "location_id": "800191000", "address": {"location_id": "800191000", "lat": 42.32236335, "lon": -71.07088484}, "arr_time": 1676286029, "arr_date_time": "2023-02-13T06:00:29-05:00", "end_time": 1676286329, "end_date_time": "2023-02-13T06:05:29-05:00", "waiting_time": 0, "distance": 1276, "driving_time": 1229, "preparation_time": 0, "load_before": [0], "load_after": [0]}, {"type": "service", "id": "800163000_09", "location_id": "800163000", "address": {"location_id": "800163000", "lat": 42.32197913, "lon": -71.07091794}, "arr_time": 1676286348, "arr_date_time": "2023-02-13T06:05:48-05:00", "end_time": 1676286648, "end_date_time": "2023-02-13T06:10:48-05:00", "waiting_time": 0, "distance": 1295, "driving_time": 1248, "preparation_time": 0, "load_before": [0], "load_after": [0]}, {"type": "service", "id": "800162000_08", "location_id": "800162000", "address": {"location_id": "800162000", "lat": 42.32194407, "lon": -71.07103441}, "arr_time": 1676286657, "arr_date_time": "2023-02-13T06:10:57-05:00", "end_time": 1676286957, "end_date_time": "2023-02-13T06:15:57-05:00", "waiting_time": 0, "distance": 1305, "driving_time": 1257, "preparation_time": 0, "load_before": [0], "load_after": [0]}, {"type": "service", "id": "800165003_11", "location_id": "800165003", "address": {"location_id": "800165003", "lat": 42.3220984, "lon": -71.07052844}, "arr_time": 1676287033, "arr_date_time": "2023-02-13T06:17:13-05:00", "end_time": 1676287333, "end_date_time": "2023-02-13T06:22:13-05:00", "waiting_time": 0, "distance": 1384, "driving_time": 1333, "preparation_time": 0, "load_before": [0], "load_after": [0]}, {"type": "service", "id": "800167000_12", "location_id": "800167000", "address": {"location_id": "800167000", "lat": 42.32189649, "lon": -71.07052878}, "arr_time": 1676287353, "arr_date_time": "2023-02-13T06:22:33-05:00", "end_time": 1676287653, "end_date_time": "2023-02-13T06:27:33-05:00", "waiting_time": 0, "distance": 1405, "driving_time": 1353, "preparation_time": 0, "load_before": [0], "load_after": [0]}, {"type": "service", "id": "800337000_37", "location_id": "800337000", "address": {"location_id": "800337000", "lat": 42.32210426, "lon": -71.07008223}, "arr_time": 1676287681, "arr_date_time": "2023-02-13T06:28:01-05:00", "end_time": 1676287981, "end_date_time": "2023-02-13T06:33:01-05:00", "waiting_time": 0, "distance": 1434, "driving_time": 1381, "preparation_time": 0, "load_before": [0], "load_after": [0]}, {"type": "service", "id": "800345000_38", "location_id": "800345000", "address": {"location_id": "800345000", "lat": 42.32192621, "lon": -71.06969454}, "arr_time": 1676288003, "arr_date_time": "2023-02-13T06:33:23-05:00", "end_time": 1676288303, "end_date_time": "2023-02-13T06:38:23-05:00", "waiting_time": 0, "distance": 1457, "driving_time": 1403, "preparation_time": 0, "load_before": [0], "load_after": [0]}, {"type": "service", "id": "800032000_03", "location_id": "800032000", "address": {"location_id": "800032000", "lat": 42.32139763, "lon": -71.0694215}, "arr_time": 1676288443, "arr_date_time": "2023-02-13T06:40:43-05:00", "end_time": 1676288743, "end_date_time": "2023-02-13T06:45:43-05:00", "waiting_time": 0, "distance": 1603, "driving_time": 1543, "preparation_time": 0, "load_before": [0], "load_after": [0]}, {"type": "service", "id": "800014000_02", "location_id": "800014000", "address": {"location_id": "800014000", "lat": 42.32119652, "lon": -71.06907649}, "arr_time": 1676288784, "arr_date_time": "2023-02-13T06:46:24-05:00", "end_time": 1676289084, "end_date_time": "2023-02-13T06:51:24-05:00", "waiting_time": 0, "distance": 1646, "driving_time": 1584, "preparation_time": 0, "load_before": [0], "load_after": [0]}, {"type": "service", "id": "800012000_01", "location_id": "800012000", "address": {"location_id": "800012000", "lat": 42.32099943, "lon": -71.0691255}, "arr_time": 1676289105, "arr_date_time": "2023-02-13T06:51:45-05:00", "end_time": 1676289405, "end_date_time": "2023-02-13T06:56:45-05:00", "waiting_time": 0, "distance": 1668, "driving_time": 1605, "preparation_time": 0, "load_before": [0], "load_after": [0]}, {"type": "service", "id": "800039000_04", "location_id": "800039000", "address": {"location_id": "800039000", "lat": 42.3210833, "lon": -71.06979388}, "arr_time": 1676289532, "arr_date_time": "2023-02-13T06:58:52-05:00", "end_time": 1676289832, "end_date_time": "2023-02-13T07:03:52-05:00", "waiting_time": 0, "distance": 1800, "driving_time": 1732, "preparation_time": 0, "load_before": [0], "load_after": [0]}, {"type": "service", "id": "800053000_07", "location_id": "800053000", "address": {"location_id": "800053000", "lat": 42.3208857, "lon": -71.07022099}, "arr_time": 1676289832, "arr_date_time": "2023-02-13T07:03:52-05:00", "end_time": 1676290132, "end_date_time": "2023-02-13T07:08:52-05:00", "waiting_time": 0, "distance": 1800, "driving_time": 1732, "preparation_time": 0, "load_before": [0], "load_after": [0]}, {"type": "service", "id": "800046000_06", "location_id": "800046000", "address": {"location_id": "800046000", "lat": 42.32137331, "lon": -71.0707131}, "arr_time": 1676290244, "arr_date_time": "2023-02-13T07:10:44-05:00", "end_time": 1676290544, "end_date_time": "2023-02-13T07:15:44-05:00", "waiting_time": 0, "distance": 1916, "driving_time": 1844, "preparation_time": 0, "load_before": [0], "load_after": [0]}, {"type": "service", "id": "800171000_13", "location_id": "800171000", "address": {"location_id": "800171000", "lat": 42.32169719, "lon": -71.07079612}, "arr_time": 1676290545, "arr_date_time": "2023-02-13T07:15:45-05:00", "end_time": 1676290845, "end_date_time": "2023-02-13T07:20:45-05:00", "waiting_time": 0, "distance": 1917, "driving_time": 1845, "preparation_time": 0, "load_before": [0], "load_after": [0]}, {"type": "service", "id": "800045000_05", "location_id": "800045000", "address": {"location_id": "800045000", "lat": 42.32136735, "lon": -71.0708918}, "arr_time": 1676290859, "arr_date_time": "2023-02-13T07:20:59-05:00", "end_time": 1676291159, "end_date_time": "2023-02-13T07:25:59-05:00", "waiting_time": 0, "distance": 1930, "driving_time": 1859, "preparation_time": 0, "load_before": [0], "load_after": [0]}, {"type": "service", "id": "800173000_14", "location_id": "800173000", "address": {"location_id": "800173000", "lat": 42.32164774, "lon": -71.07109013}, "arr_time": 1676291169, "arr_date_time": "2023-02-13T07:26:09-05:00", "end_time": 1676291469, "end_date_time": "2023-02-13T07:31:09-05:00", "waiting_time": 0, "distance": 1941, "driving_time": 1869, "preparation_time": 0, "load_before": [0], "load_after": [0]}, {"type": "service", "id": "800174000_15", "location_id": "800174000", "address": {"location_id": "800174000", "lat": 42.321627, "lon": -71.07128756}, "arr_time": 1676291485, "arr_date_time": "2023-02-13T07:31:25-05:00", "end_time": 1676291785, "end_date_time": "2023-02-13T07:36:25-05:00", "waiting_time": 0, "distance": 1957, "driving_time": 1885, "preparation_time": 0, "load_before": [0], "load_after": [0]}, {"type": "service", "id": "800198000_21", "location_id": "800198000", "address": {"location_id": "800198000", "lat": 42.32209191, "lon": -71.07202754}, "arr_time": 1676291943, "arr_date_time": "2023-02-13T07:39:03-05:00", "end_time": 1676292243, "end_date_time": "2023-02-13T07:44:03-05:00", "waiting_time": 0, "distance": 2121, "driving_time": 2043, "preparation_time": 0, "load_before": [0], "load_after": [0]}, {"type": "service", "id": "800181000_16", "location_id": "800181000", "address": {"location_id": "800181000", "lat": 42.32245437, "lon": -71.07171205}, "arr_time": 1676292409, "arr_date_time": "2023-02-13T07:46:49-05:00", "end_time": 1676292709, "end_date_time": "2023-02-13T07:51:49-05:00", "waiting_time": 0, "distance": 2294, "driving_time": 2209, "preparation_time": 0, "load_before": [0], "load_after": [0]}, {"type": "service", "id": "800182000_17", "location_id": "800182000", "address": {"location_id": "800182000", "lat": 42.3225018, "lon": -71.07154934}, "arr_time": 1676292723, "arr_date_time": "2023-02-13T07:52:03-05:00", "end_time": 1676293023, "end_date_time": "2023-02-13T07:57:03-05:00", "waiting_time": 0, "distance": 2308, "driving_time": 2223, "preparation_time": 0, "load_before": [0], "load_after": [0]}, {"type": "service", "id": "800305000_32", "location_id": "800305000", "address": {"location_id": "800305000", "lat": 42.32292321, "lon": -71.07034789}, "arr_time": 1676293127, "arr_date_time": "2023-02-13T07:58:47-05:00", "end_time": 1676293427, "end_date_time": "2023-02-13T08:03:47-05:00", "waiting_time": 0, "distance": 2417, "driving_time": 2327, "preparation_time": 0, "load_before": [0], "load_after": [0]}, {"type": "service", "id": "800299000_31", "location_id": "800299000", "address": {"location_id": "800299000", "lat": 42.32323054, "lon": -71.07044599}, "arr_time": 1676293432, "arr_date_time": "2023-02-13T08:03:52-05:00", "end_time": 1676293732, "end_date_time": "2023-02-13T08:08:52-05:00", "waiting_time": 0, "distance": 2423, "driving_time": 2332, "preparation_time": 0, "load_before": [0], "load_after": [0]}, {"type": "service", "id": "800307000_33", "location_id": "800307000", "address": {"location_id": "800307000", "lat": 42.3229378, "lon": -71.070161}, "arr_time": 1676293740, "arr_date_time": "2023-02-13T08:09:00-05:00", "end_time": 1676294040, "end_date_time": "2023-02-13T08:14:00-05:00", "waiting_time": 0, "distance": 2432, "driving_time": 2340, "preparation_time": 0, "load_before": [0], "load_after": [0]}, {"type": "service", "id": "800298010_30", "location_id": "800298010", "address": {"location_id": "800298010", "lat": 42.32324427, "lon": -71.07031165}, "arr_time": 1676294041, "arr_date_time": "2023-02-13T08:14:01-05:00", "end_time": 1676294341, "end_date_time": "2023-02-13T08:19:01-05:00", "waiting_time": 0, "distance": 2434, "driving_time": 2341, "preparation_time": 0, "load_before": [0], "load_after": [0]}, {"type": "service", "id": "800296010_29", "location_id": "800296010", "address": {"location_id": "800296010", "lat": 42.32333423, "lon": -71.07019125}, "arr_time": 1676294353, "arr_date_time": "2023-02-13T08:19:13-05:00", "end_time": 1676294653, "end_date_time": "2023-02-13T08:24:13-05:00", "waiting_time": 0, "distance": 2447, "driving_time": 2353, "preparation_time": 0, "load_before": [0], "load_after": [0]}, {"type": "service", "id": "800311000_34", "location_id": "800311000", "address": {"location_id": "800311000", "lat": 42.32307938, "lon": -71.06971573}, "arr_time": 1676294677, "arr_date_time": "2023-02-13T08:24:37-05:00", "end_time": 1676294977, "end_date_time": "2023-02-13T08:29:37-05:00", "waiting_time": 0, "distance": 2472, "driving_time": 2377, "preparation_time": 0, "load_before": [0], "load_after": [0]}, {"type": "service", "id": "800292000_28", "location_id": "800292000", "address": {"location_id": "800292000", "lat": 42.3234219, "lon": -71.06990184}, "arr_time": 1676294979, "arr_date_time": "2023-02-13T08:29:39-05:00", "end_time": 1676295279, "end_date_time": "2023-02-13T08:34:39-05:00", "waiting_time": 0, "distance": 2473, "driving_time": 2379, "preparation_time": 0, "load_before": [0], "load_after": [0]}, {"type": "service", "id": "800288000_27", "location_id": "800288000", "address": {"location_id": "800288000", "lat": 42.32359058, "lon": -71.06935654}, "arr_time": 1676295327, "arr_date_time": "2023-02-13T08:35:27-05:00", "end_time": 1676295627, "end_date_time": "2023-02-13T08:40:27-05:00", "waiting_time": 0, "distance": 2524, "driving_time": 2427, "preparation_time": 0, "load_before": [0], "load_after": [0]}, {"type": "service", "id": "800413010_40", "location_id": "800413010", "address": {"location_id": "800413010", "lat": 42.32340902, "lon": -71.06879269}, "arr_time": 1676295657, "arr_date_time": "2023-02-13T08:40:57-05:00", "end_time": 1676295957, "end_date_time": "2023-02-13T08:45:57-05:00", "waiting_time": 0, "distance": 2556, "driving_time": 2457, "preparation_time": 0, "load_before": [0], "load_after": [0]}, {"type": "service", "id": "800415010_41", "location_id": "800415010", "address": {"location_id": "800415010", "lat": 42.32345401, "lon": -71.0686833}, "arr_time": 1676295967, "arr_date_time": "2023-02-13T08:46:07-05:00", "end_time": 1676296267, "end_date_time": "2023-02-13T08:51:07-05:00", "waiting_time": 0, "distance": 2566, "driving_time": 2467, "preparation_time": 0, "load_before": [0], "load_after": [0]}, {"type": "service", "id": "800398000_39", "location_id": "800398000", "address": {"location_id": "800398000", "lat": 42.32360564, "lon": -71.06794669}, "arr_time": 1676296360, "arr_date_time": "2023-02-13T08:52:40-05:00", "end_time": 1676296660, "end_date_time": "2023-02-13T08:57:40-05:00", "waiting_time": 0, "distance": 2663, "driving_time": 2560, "preparation_time": 0, "load_before": [0], "load_after": [0]}, {"type": "service", "id": "800447000_42", "location_id": "800447000", "address": {"location_id": "800447000", "lat": 42.32517601, "lon": -71.0684698}, "arr_time": 1676296859, "arr_date_time": "2023-02-13T09:00:59-05:00", "end_time": 1676297159, "end_date_time": "2023-02-13T09:05:59-05:00", "waiting_time": 0, "distance": 2870, "driving_time": 2759, "preparation_time": 0, "load_before": [0], "load_after": [0]}, {"type": "service", "id": "800448000_43", "location_id": "800448000", "address": {"location_id": "800448000", "lat": 42.32525531, "lon": -71.06859709}, "arr_time": 1676297172, "arr_date_time": "2023-02-13T09:06:12-05:00", "end_time": 1676297472, "end_date_time": "2023-02-13T09:11:12-05:00", "waiting_time": 0, "distance": 2883, "driving_time": 2772, "preparation_time": 0, "load_before": [0], "load_after": [0]}, {"type": "service", "id": "800473000_44", "location_id": "800473000", "address": {"location_id": "800473000", "lat": 42.3253866, "lon": -71.06893828}, "arr_time": 1676297487, "arr_date_time": "2023-02-13T09:11:27-05:00", "end_time": 1676297787, "end_date_time": "2023-02-13T09:16:27-05:00", "waiting_time": 0, "distance": 2898, "driving_time": 2787, "preparation_time": 0, "load_before": [0], "load_after": [0]}, {"type": "end", "location_id": "800535000", "address": {"location_id": "800535000", "lat": 42.32603699, "lon": -71.07233025}, "arr_time": 1676298173, "arr_date_time": "2023-02-13T09:22:53-05:00", "end_time": 1676298173, "end_date_time": "2023-02-13T09:22:53-05:00", "waiting_time": 0, "distance": 3301, "driving_time": 3173, "preparation_time": 0, "load_before": [0]}]}], "unassigned": {"services": [], "shipments": [], "breaks": [], "details": []}}}