{"copyrights": ["GraphHopper", "OpenStreetMap contributors"], "job_id": "912b8bdf-8dd0-4226-a740-f62ab0d1a1e5", "status": "finished", "waiting_time_in_queue": 0, "processing_time": 96, "solution": {"costs": 302, "distance": 2497, "time": 2409, "transport_time": 2409, "completion_time": 12609, "max_operation_time": 12609, "waiting_time": 0, "service_duration": 10200, "preparation_time": 0, "no_vehicles": 1, "no_unassigned": 0, "routes": [{"vehicle_id": "my_vehicle", "shift_id": "default-shift", "distance": 2497, "transport_time": 2409, "completion_time": 12609, "waiting_time": 0, "service_duration": 10200, "preparation_time": 0, "activities": [{"type": "start", "location_id": "1001232000", "address": {"location_id": "1001232000", "lat": 42.32835642, "lon": -71.10627653}, "arr_time": 1676278800, "arr_date_time": "2023-02-13T04:00:00-05:00", "end_time": 1676278800, "end_date_time": "2023-02-13T04:00:00-05:00", "waiting_time": 0, "distance": 0, "driving_time": 0, "preparation_time": 0, "load_after": [0]}, {"type": "service", "id": "1001227010_02", "location_id": "1001227010", "address": {"location_id": "1001227010", "lat": 42.32821333, "lon": -71.1057378}, "arr_time": 1676278852, "arr_date_time": "2023-02-13T04:00:52-05:00", "end_time": 1676279152, "end_date_time": "2023-02-13T04:05:52-05:00", "waiting_time": 0, "distance": 48, "driving_time": 52, "preparation_time": 0, "load_before": [0], "load_after": [0]}, {"type": "service", "id": "1001231000_03", "location_id": "1001231000", "address": {"location_id": "1001231000", "lat": 42.32829965, "lon": -71.10605847}, "arr_time": 1676279153, "arr_date_time": "2023-02-13T04:05:53-05:00", "end_time": 1676279453, "end_date_time": "2023-02-13T04:10:53-05:00", "waiting_time": 0, "distance": 49, "driving_time": 53, "preparation_time": 0, "load_before": [0], "load_after": [0]}, {"type": "service", "id": "1001337000_30", "location_id": "1001337000", "address": {"location_id": "1001337000", "lat": 42.32797523, "lon": -71.1063217}, "arr_time": 1676279533, "arr_date_time": "2023-02-13T04:12:13-05:00", "end_time": 1676279833, "end_date_time": "2023-02-13T04:17:13-05:00", "waiting_time": 0, "distance": 126, "driving_time": 133, "preparation_time": 0, "load_before": [0], "load_after": [0]}, {"type": "service", "id": "1001339000_31", "location_id": "1001339000", "address": {"location_id": "1001339000", "lat": 42.32791378, "lon": -71.10610689}, "arr_time": 1676279880, "arr_date_time": "2023-02-13T04:18:00-05:00", "end_time": 1676280180, "end_date_time": "2023-02-13T04:23:00-05:00", "waiting_time": 0, "distance": 175, "driving_time": 180, "preparation_time": 0, "load_before": [0], "load_after": [0]}, {"type": "service", "id": "1001341010_32", "location_id": "1001341010", "address": {"location_id": "1001341010", "lat": 42.32779728, "lon": -71.10588698}, "arr_time": 1676280241, "arr_date_time": "2023-02-13T04:24:01-05:00", "end_time": 1676280541, "end_date_time": "2023-02-13T04:29:01-05:00", "waiting_time": 0, "distance": 239, "driving_time": 241, "preparation_time": 0, "load_before": [0], "load_after": [0]}, {"type": "service", "id": "1001312000_26", "location_id": "1001312000", "address": {"location_id": "1001312000", "lat": 42.32771725, "lon": -71.10364979}, "arr_time": 1676280725, "arr_date_time": "2023-02-13T04:32:05-05:00", "end_time": 1676281025, "end_date_time": "2023-02-13T04:37:05-05:00", "waiting_time": 0, "distance": 431, "driving_time": 425, "preparation_time": 0, "load_before": [0], "load_after": [0]}, {"type": "service", "id": "1001315000_27", "location_id": "1001315000", "address": {"location_id": "1001315000", "lat": 42.32769005, "lon": -71.10325955}, "arr_time": 1676281056, "arr_date_time": "2023-02-13T04:37:36-05:00", "end_time": 1676281356, "end_date_time": "2023-02-13T04:42:36-05:00", "waiting_time": 0, "distance": 463, "driving_time": 456, "preparation_time": 0, "load_before": [0], "load_after": [0]}, {"type": "service", "id": "1001317010_28", "location_id": "1001317010", "address": {"location_id": "1001317010", "lat": 42.32767682, "lon": -71.10306406}, "arr_time": 1676281372, "arr_date_time": "2023-02-13T04:42:52-05:00", "end_time": 1676281672, "end_date_time": "2023-02-13T04:47:52-05:00", "waiting_time": 0, "distance": 479, "driving_time": 472, "preparation_time": 0, "load_before": [0], "load_after": [0]}, {"type": "service", "id": "1001317020_29", "location_id": "1001317020", "address": {"location_id": "1001317020", "lat": 42.32765078, "lon": -71.10280566}, "arr_time": 1676281696, "arr_date_time": "2023-02-13T04:48:16-05:00", "end_time": 1676281996, "end_date_time": "2023-02-13T04:53:16-05:00", "waiting_time": 0, "distance": 503, "driving_time": 496, "preparation_time": 0, "load_before": [0], "load_after": [0]}, {"type": "service", "id": "1001216000_01", "location_id": "1001216000", "address": {"location_id": "1001216000", "lat": 42.32799017, "lon": -71.09990282}, "arr_time": 1676282319, "arr_date_time": "2023-02-13T04:58:39-05:00", "end_time": 1676282619, "end_date_time": "2023-02-13T05:03:39-05:00", "waiting_time": 0, "distance": 840, "driving_time": 819, "preparation_time": 0, "load_before": [0], "load_after": [0]}, {"type": "service", "id": "1001292010_18", "location_id": "1001292010", "address": {"location_id": "1001292010", "lat": 42.32699196, "lon": -71.10006507}, "arr_time": 1676282787, "arr_date_time": "2023-02-13T05:06:27-05:00", "end_time": 1676283087, "end_date_time": "2023-02-13T05:11:27-05:00", "waiting_time": 0, "distance": 1015, "driving_time": 987, "preparation_time": 0, "load_before": [0], "load_after": [0]}, {"type": "service", "id": "1001292020_19", "location_id": "1001292020", "address": {"location_id": "1001292020", "lat": 42.3269362, "lon": -71.09989933}, "arr_time": 1676283135, "arr_date_time": "2023-02-13T05:12:15-05:00", "end_time": 1676283435, "end_date_time": "2023-02-13T05:17:15-05:00", "waiting_time": 0, "distance": 1066, "driving_time": 1035, "preparation_time": 0, "load_before": [0], "load_after": [0]}, {"type": "service", "id": "1001292040_20", "location_id": "1001292040", "address": {"location_id": "1001292040", "lat": 42.32670992, "lon": -71.10006711}, "arr_time": 1676283473, "arr_date_time": "2023-02-13T05:17:53-05:00", "end_time": 1676283773, "end_date_time": "2023-02-13T05:22:53-05:00", "waiting_time": 0, "distance": 1106, "driving_time": 1073, "preparation_time": 0, "load_before": [0], "load_after": [0]}, {"type": "service", "id": "1001294010_21", "location_id": "1001294010", "address": {"location_id": "1001294010", "lat": 42.32684849, "lon": -71.10040361}, "arr_time": 1676283852, "arr_date_time": "2023-02-13T05:24:12-05:00", "end_time": 1676284152, "end_date_time": "2023-02-13T05:29:12-05:00", "waiting_time": 0, "distance": 1188, "driving_time": 1152, "preparation_time": 0, "load_before": [0], "load_after": [0]}, {"type": "service", "id": "1001268010_12", "location_id": "1001268010", "address": {"location_id": "1001268010", "lat": 42.32685195, "lon": -71.10141606}, "arr_time": 1676284216, "arr_date_time": "2023-02-13T05:30:16-05:00", "end_time": 1676284516, "end_date_time": "2023-02-13T05:35:16-05:00", "waiting_time": 0, "distance": 1254, "driving_time": 1216, "preparation_time": 0, "load_before": [0], "load_after": [0]}, {"type": "service", "id": "1001267010_11", "location_id": "1001267010", "address": {"location_id": "1001267010", "lat": 42.32694926, "lon": -71.10141534}, "arr_time": 1676284527, "arr_date_time": "2023-02-13T05:35:27-05:00", "end_time": 1676284827, "end_date_time": "2023-02-13T05:40:27-05:00", "waiting_time": 0, "distance": 1265, "driving_time": 1227, "preparation_time": 0, "load_before": [0], "load_after": [0]}, {"type": "service", "id": "1001265010_10", "location_id": "1001265010", "address": {"location_id": "1001265010", "lat": 42.32695887, "lon": -71.10159814}, "arr_time": 1676284839, "arr_date_time": "2023-02-13T05:40:39-05:00", "end_time": 1676285139, "end_date_time": "2023-02-13T05:45:39-05:00", "waiting_time": 0, "distance": 1278, "driving_time": 1239, "preparation_time": 0, "load_before": [0], "load_after": [0]}, {"type": "service", "id": "1001264030_09", "location_id": "1001264030", "address": {"location_id": "1001264030", "lat": 42.32708613, "lon": -71.10179505}, "arr_time": 1676285171, "arr_date_time": "2023-02-13T05:46:11-05:00", "end_time": 1676285471, "end_date_time": "2023-02-13T05:51:11-05:00", "waiting_time": 0, "distance": 1311, "driving_time": 1271, "preparation_time": 0, "load_before": [0], "load_after": [0]}, {"type": "service", "id": "1001262010_04", "location_id": "1001262010", "address": {"location_id": "1001262010", "lat": 42.3267828, "lon": -71.10220445}, "arr_time": 1676285596, "arr_date_time": "2023-02-13T05:53:16-05:00", "end_time": 1676285896, "end_date_time": "2023-02-13T05:58:16-05:00", "waiting_time": 0, "distance": 1442, "driving_time": 1396, "preparation_time": 0, "load_before": [0], "load_after": [0]}, {"type": "service", "id": "1001262020_05", "location_id": "1001262020", "address": {"location_id": "1001262020", "lat": 42.3268666, "lon": -71.10221868}, "arr_time": 1676285905, "arr_date_time": "2023-02-13T05:58:25-05:00", "end_time": 1676286205, "end_date_time": "2023-02-13T06:03:25-05:00", "waiting_time": 0, "distance": 1451, "driving_time": 1405, "preparation_time": 0, "load_before": [0], "load_after": [0]}, {"type": "service", "id": "1001262030_06", "location_id": "1001262030", "address": {"location_id": "1001262030", "lat": 42.32693836, "lon": -71.10224361}, "arr_time": 1676286213, "arr_date_time": "2023-02-13T06:03:33-05:00", "end_time": 1676286513, "end_date_time": "2023-02-13T06:08:33-05:00", "waiting_time": 0, "distance": 1459, "driving_time": 1413, "preparation_time": 0, "load_before": [0], "load_after": [0]}, {"type": "service", "id": "1001263010_07", "location_id": "1001263010", "address": {"location_id": "1001263010", "lat": 42.32697403, "lon": -71.10234777}, "arr_time": 1676286519, "arr_date_time": "2023-02-13T06:08:39-05:00", "end_time": 1676286819, "end_date_time": "2023-02-13T06:13:39-05:00", "waiting_time": 0, "distance": 1465, "driving_time": 1419, "preparation_time": 0, "load_before": [0], "load_after": [0]}, {"type": "service", "id": "1001264010_08", "location_id": "1001264010", "address": {"location_id": "1001264010", "lat": 42.32714019, "lon": -71.10234034}, "arr_time": 1676286836, "arr_date_time": "2023-02-13T06:13:56-05:00", "end_time": 1676287136, "end_date_time": "2023-02-13T06:18:56-05:00", "waiting_time": 0, "distance": 1483, "driving_time": 1436, "preparation_time": 0, "load_before": [0], "load_after": [0]}, {"type": "service", "id": "1001302010_22", "location_id": "1001302010", "address": {"location_id": "1001302010", "lat": 42.3274673, "lon": -71.10276531}, "arr_time": 1676287175, "arr_date_time": "2023-02-13T06:19:35-05:00", "end_time": 1676287475, "end_date_time": "2023-02-13T06:24:35-05:00", "waiting_time": 0, "distance": 1524, "driving_time": 1475, "preparation_time": 0, "load_before": [0], "load_after": [0]}, {"type": "service", "id": "1001303010_23", "location_id": "1001303010", "address": {"location_id": "1001303010", "lat": 42.32747712, "lon": -71.10289373}, "arr_time": 1676287485, "arr_date_time": "2023-02-13T06:24:45-05:00", "end_time": 1676287785, "end_date_time": "2023-02-13T06:29:45-05:00", "waiting_time": 0, "distance": 1535, "driving_time": 1485, "preparation_time": 0, "load_before": [0], "load_after": [0]}, {"type": "service", "id": "1001304010_24", "location_id": "1001304010", "address": {"location_id": "1001304010", "lat": 42.32748691, "lon": -71.10302299}, "arr_time": 1676287796, "arr_date_time": "2023-02-13T06:29:56-05:00", "end_time": 1676288096, "end_date_time": "2023-02-13T06:34:56-05:00", "waiting_time": 0, "distance": 1546, "driving_time": 1496, "preparation_time": 0, "load_before": [0], "load_after": [0]}, {"type": "service", "id": "1001304020_25", "location_id": "1001304020", "address": {"location_id": "1001304020", "lat": 42.32749674, "lon": -71.10315332}, "arr_time": 1676288107, "arr_date_time": "2023-02-13T06:35:07-05:00", "end_time": 1676288407, "end_date_time": "2023-02-13T06:40:07-05:00", "waiting_time": 0, "distance": 1557, "driving_time": 1507, "preparation_time": 0, "load_before": [0], "load_after": [0]}, {"type": "service", "id": "1001290080_17", "location_id": "1001290080", "address": {"location_id": "1001290080", "lat": 42.32725981, "lon": -71.10402485}, "arr_time": 1676288503, "arr_date_time": "2023-02-13T06:41:43-05:00", "end_time": 1676288803, "end_date_time": "2023-02-13T06:46:43-05:00", "waiting_time": 0, "distance": 1657, "driving_time": 1603, "preparation_time": 0, "load_before": [0], "load_after": [0]}, {"type": "service", "id": "1001290040_16", "location_id": "1001290040", "address": {"location_id": "1001290040", "lat": 42.32672657, "lon": -71.10394505}, "arr_time": 1676288867, "arr_date_time": "2023-02-13T06:47:47-05:00", "end_time": 1676289167, "end_date_time": "2023-02-13T06:52:47-05:00", "waiting_time": 0, "distance": 1724, "driving_time": 1667, "preparation_time": 0, "load_before": [0], "load_after": [0]}, {"type": "service", "id": "1001290030_15", "location_id": "1001290030", "address": {"location_id": "1001290030", "lat": 42.32665111, "lon": -71.10393126}, "arr_time": 1676289175, "arr_date_time": "2023-02-13T06:52:55-05:00", "end_time": 1676289475, "end_date_time": "2023-02-13T06:57:55-05:00", "waiting_time": 0, "distance": 1732, "driving_time": 1675, "preparation_time": 0, "load_before": [0], "load_after": [0]}, {"type": "service", "id": "1001290020_14", "location_id": "1001290020", "address": {"location_id": "1001290020", "lat": 42.32657632, "lon": -71.10391765}, "arr_time": 1676289483, "arr_date_time": "2023-02-13T06:58:03-05:00", "end_time": 1676289783, "end_date_time": "2023-02-13T07:03:03-05:00", "waiting_time": 0, "distance": 1740, "driving_time": 1683, "preparation_time": 0, "load_before": [0], "load_after": [0]}, {"type": "service", "id": "1001550010_34", "location_id": "1001550010", "address": {"location_id": "1001550010", "lat": 42.32630677, "lon": -71.10431808}, "arr_time": 1676289807, "arr_date_time": "2023-02-13T07:03:27-05:00", "end_time": 1676290107, "end_date_time": "2023-02-13T07:08:27-05:00", "waiting_time": 0, "distance": 1765, "driving_time": 1707, "preparation_time": 0, "load_before": [0], "load_after": [0]}, {"type": "service", "id": "1001290010_13", "location_id": "1001290010", "address": {"location_id": "1001290010", "lat": 42.3264955, "lon": -71.10390315}, "arr_time": 1676290123, "arr_date_time": "2023-02-13T07:08:43-05:00", "end_time": 1676290423, "end_date_time": "2023-02-13T07:13:43-05:00", "waiting_time": 0, "distance": 1781, "driving_time": 1723, "preparation_time": 0, "load_before": [0], "load_after": [0]}, {"type": "service", "id": "1001356010_33", "location_id": "1001356010", "address": {"location_id": "1001356010", "lat": 42.32705863, "lon": -71.10479926}, "arr_time": 1676290845, "arr_date_time": "2023-02-13T07:20:45-05:00", "end_time": 1676291145, "end_date_time": "2023-02-13T07:25:45-05:00", "waiting_time": 0, "distance": 2222, "driving_time": 2145, "preparation_time": 0, "load_before": [0], "load_after": [0]}, {"type": "end", "location_id": "1001232000", "address": {"location_id": "1001232000", "lat": 42.32835642, "lon": -71.10627653}, "arr_time": 1676291409, "arr_date_time": "2023-02-13T07:30:09-05:00", "end_time": 1676291409, "end_date_time": "2023-02-13T07:30:09-05:00", "waiting_time": 0, "distance": 2497, "driving_time": 2409, "preparation_time": 0, "load_before": [0]}]}], "unassigned": {"services": [], "shipments": [], "breaks": [], "details": []}}}