{"copyrights": ["GraphHopper", "OpenStreetMap contributors"], "job_id": "8c76f02f-829f-4814-8ec3-377fa78d2b56", "status": "finished", "waiting_time_in_queue": 0, "processing_time": 160, "solution": {"costs": 348, "distance": 2296, "time": 2207, "transport_time": 2207, "completion_time": 18407, "max_operation_time": 18407, "waiting_time": 0, "service_duration": 16200, "preparation_time": 0, "no_vehicles": 1, "no_unassigned": 0, "routes": [{"vehicle_id": "my_vehicle", "shift_id": "default-shift", "distance": 2296, "transport_time": 2207, "completion_time": 18407, "waiting_time": 0, "service_duration": 16200, "preparation_time": 0, "activities": [{"type": "start", "location_id": "1601223000", "address": {"location_id": "1601223000", "lat": 42.29555252, "lon": -71.06290909}, "arr_time": 1676278800, "arr_date_time": "2023-02-13T04:00:00-05:00", "end_time": 1676278800, "end_date_time": "2023-02-13T04:00:00-05:00", "waiting_time": 0, "distance": 0, "driving_time": 0, "preparation_time": 0, "load_after": [0]}, {"type": "service", "id": "1601213000_04", "location_id": "1601213000", "address": {"location_id": "1601213000", "lat": 42.29558684, "lon": -71.06265857}, "arr_time": 1676278869, "arr_date_time": "2023-02-13T04:01:09-05:00", "end_time": 1676279169, "end_date_time": "2023-02-13T04:06:09-05:00", "waiting_time": 0, "distance": 73, "driving_time": 69, "preparation_time": 0, "load_before": [0], "load_after": [0]}, {"type": "service", "id": "1601210000_03", "location_id": "1601210000", "address": {"location_id": "1601210000", "lat": 42.29550962, "lon": -71.06225025}, "arr_time": 1676279172, "arr_date_time": "2023-02-13T04:06:12-05:00", "end_time": 1676279472, "end_date_time": "2023-02-13T04:11:12-05:00", "waiting_time": 0, "distance": 75, "driving_time": 72, "preparation_time": 0, "load_before": [0], "load_after": [0]}, {"type": "service", "id": "1601214000_05", "location_id": "1601214000", "address": {"location_id": "1601214000", "lat": 42.29545349, "lon": -71.0626869}, "arr_time": 1676279484, "arr_date_time": "2023-02-13T04:11:24-05:00", "end_time": 1676279784, "end_date_time": "2023-02-13T04:16:24-05:00", "waiting_time": 0, "distance": 88, "driving_time": 84, "preparation_time": 0, "load_before": [0], "load_after": [0]}, {"type": "service", "id": "1601215000_06", "location_id": "1601215000", "address": {"location_id": "1601215000", "lat": 42.29531228, "lon": -71.06271673}, "arr_time": 1676279799, "arr_date_time": "2023-02-13T04:16:39-05:00", "end_time": 1676280099, "end_date_time": "2023-02-13T04:21:39-05:00", "waiting_time": 0, "distance": 104, "driving_time": 99, "preparation_time": 0, "load_before": [0], "load_after": [0]}, {"type": "service", "id": "1601216000_07", "location_id": "1601216000", "address": {"location_id": "1601216000", "lat": 42.29516282, "lon": -71.06274833}, "arr_time": 1676280115, "arr_date_time": "2023-02-13T04:21:55-05:00", "end_time": 1676280415, "end_date_time": "2023-02-13T04:26:55-05:00", "waiting_time": 0, "distance": 121, "driving_time": 115, "preparation_time": 0, "load_before": [0], "load_after": [0]}, {"type": "service", "id": "1601206000_02", "location_id": "1601206000", "address": {"location_id": "1601206000", "lat": 42.29499112, "lon": -71.06234716}, "arr_time": 1676280427, "arr_date_time": "2023-02-13T04:27:07-05:00", "end_time": 1676280727, "end_date_time": "2023-02-13T04:32:07-05:00", "waiting_time": 0, "distance": 134, "driving_time": 127, "preparation_time": 0, "load_before": [0], "load_after": [0]}, {"type": "service", "id": "1601205000_01", "location_id": "1601205000", "address": {"location_id": "1601205000", "lat": 42.29482294, "lon": -71.0624813}, "arr_time": 1676280747, "arr_date_time": "2023-02-13T04:32:27-05:00", "end_time": 1676281047, "end_date_time": "2023-02-13T04:37:27-05:00", "waiting_time": 0, "distance": 154, "driving_time": 147, "preparation_time": 0, "load_before": [0], "load_after": [0]}, {"type": "service", "id": "1601250000_18", "location_id": "1601250000", "address": {"location_id": "1601250000", "lat": 42.29452476, "lon": -71.06286801}, "arr_time": 1676281073, "arr_date_time": "2023-02-13T04:37:53-05:00", "end_time": 1676281373, "end_date_time": "2023-02-13T04:42:53-05:00", "waiting_time": 0, "distance": 182, "driving_time": 173, "preparation_time": 0, "load_before": [0], "load_after": [0]}, {"type": "service", "id": "1601218000_08", "location_id": "1601218000", "address": {"location_id": "1601218000", "lat": 42.29485118, "lon": -71.06281405}, "arr_time": 1676281376, "arr_date_time": "2023-02-13T04:42:56-05:00", "end_time": 1676281676, "end_date_time": "2023-02-13T04:47:56-05:00", "waiting_time": 0, "distance": 185, "driving_time": 176, "preparation_time": 0, "load_before": [0], "load_after": [0]}, {"type": "service", "id": "1601224020_11", "location_id": "1601224020", "address": {"location_id": "1601224020", "lat": 42.29439964, "lon": -71.06216851}, "arr_time": 1676281783, "arr_date_time": "2023-02-13T04:49:43-05:00", "end_time": 1676282083, "end_date_time": "2023-02-13T04:54:43-05:00", "waiting_time": 0, "distance": 296, "driving_time": 283, "preparation_time": 0, "load_before": [0], "load_after": [0]}, {"type": "service", "id": "1601227000_12", "location_id": "1601227000", "address": {"location_id": "1601227000", "lat": 42.29425765, "lon": -71.06264502}, "arr_time": 1676282169, "arr_date_time": "2023-02-13T04:56:09-05:00", "end_time": 1676282469, "end_date_time": "2023-02-13T05:01:09-05:00", "waiting_time": 0, "distance": 386, "driving_time": 369, "preparation_time": 0, "load_before": [0], "load_after": [0]}, {"type": "service", "id": "1601252000_19", "location_id": "1601252000", "address": {"location_id": "1601252000", "lat": 42.29426648, "lon": -71.06278214}, "arr_time": 1676282471, "arr_date_time": "2023-02-13T05:01:11-05:00", "end_time": 1676282771, "end_date_time": "2023-02-13T05:06:11-05:00", "waiting_time": 0, "distance": 387, "driving_time": 371, "preparation_time": 0, "load_before": [0], "load_after": [0]}, {"type": "service", "id": "1601261000_20", "location_id": "1601261000", "address": {"location_id": "1601261000", "lat": 42.29318519, "lon": -71.06250306}, "arr_time": 1676282929, "arr_date_time": "2023-02-13T05:08:49-05:00", "end_time": 1676283229, "end_date_time": "2023-02-13T05:13:49-05:00", "waiting_time": 0, "distance": 552, "driving_time": 529, "preparation_time": 0, "load_before": [0], "load_after": [0]}, {"type": "service", "id": "1601262000_21", "location_id": "1601262000", "address": {"location_id": "1601262000", "lat": 42.29304001, "lon": -71.06251437}, "arr_time": 1676283263, "arr_date_time": "2023-02-13T05:14:23-05:00", "end_time": 1676283563, "end_date_time": "2023-02-13T05:19:23-05:00", "waiting_time": 0, "distance": 587, "driving_time": 563, "preparation_time": 0, "load_before": [0], "load_after": [0]}, {"type": "service", "id": "1601263000_22", "location_id": "1601263000", "address": {"location_id": "1601263000", "lat": 42.29300719, "lon": -71.06271401}, "arr_time": 1676283579, "arr_date_time": "2023-02-13T05:19:39-05:00", "end_time": 1676283879, "end_date_time": "2023-02-13T05:24:39-05:00", "waiting_time": 0, "distance": 604, "driving_time": 579, "preparation_time": 0, "load_before": [0], "load_after": [0]}, {"type": "service", "id": "1601264000_23", "location_id": "1601264000", "address": {"location_id": "1601264000", "lat": 42.29300505, "lon": -71.06287082}, "arr_time": 1676283891, "arr_date_time": "2023-02-13T05:24:51-05:00", "end_time": 1676284191, "end_date_time": "2023-02-13T05:29:51-05:00", "waiting_time": 0, "distance": 616, "driving_time": 591, "preparation_time": 0, "load_before": [0], "load_after": [0]}, {"type": "service", "id": "1601267000_24", "location_id": "1601267000", "address": {"location_id": "1601267000", "lat": 42.29291073, "lon": -71.06323135}, "arr_time": 1676284221, "arr_date_time": "2023-02-13T05:30:21-05:00", "end_time": 1676284521, "end_date_time": "2023-02-13T05:35:21-05:00", "waiting_time": 0, "distance": 647, "driving_time": 621, "preparation_time": 0, "load_before": [0], "load_after": [0]}, {"type": "service", "id": "1601298000_28", "location_id": "1601298000", "address": {"location_id": "1601298000", "lat": 42.29243358, "lon": -71.06358378}, "arr_time": 1676284565, "arr_date_time": "2023-02-13T05:36:05-05:00", "end_time": 1676284865, "end_date_time": "2023-02-13T05:41:05-05:00", "waiting_time": 0, "distance": 692, "driving_time": 665, "preparation_time": 0, "load_before": [0], "load_after": [0]}, {"type": "service", "id": "1601295000_27", "location_id": "1601295000", "address": {"location_id": "1601295000", "lat": 42.29212654, "lon": -71.06456977}, "arr_time": 1676284951, "arr_date_time": "2023-02-13T05:42:31-05:00", "end_time": 1676285251, "end_date_time": "2023-02-13T05:47:31-05:00", "waiting_time": 0, "distance": 781, "driving_time": 751, "preparation_time": 0, "load_before": [0], "load_after": [0]}, {"type": "service", "id": "1700786000_31", "location_id": "1700786000", "address": {"location_id": "1700786000", "lat": 42.29242001, "lon": -71.06488785}, "arr_time": 1676285261, "arr_date_time": "2023-02-13T05:47:41-05:00", "end_time": 1676285561, "end_date_time": "2023-02-13T05:52:41-05:00", "waiting_time": 0, "distance": 793, "driving_time": 761, "preparation_time": 0, "load_before": [0], "load_after": [0]}, {"type": "service", "id": "1700787000_32", "location_id": "1700787000", "address": {"location_id": "1700787000", "lat": 42.29235436, "lon": -71.0651417}, "arr_time": 1676285583, "arr_date_time": "2023-02-13T05:53:03-05:00", "end_time": 1676285883, "end_date_time": "2023-02-13T05:58:03-05:00", "waiting_time": 0, "distance": 815, "driving_time": 783, "preparation_time": 0, "load_before": [0], "load_after": [0]}, {"type": "service", "id": "1700784000_30", "location_id": "1700784000", "address": {"location_id": "1700784000", "lat": 42.29272651, "lon": -71.06498396}, "arr_time": 1676285969, "arr_date_time": "2023-02-13T05:59:29-05:00", "end_time": 1676286269, "end_date_time": "2023-02-13T06:04:29-05:00", "waiting_time": 0, "distance": 905, "driving_time": 869, "preparation_time": 0, "load_before": [0], "load_after": [0]}, {"type": "service", "id": "1601273000_25", "location_id": "1601273000", "address": {"location_id": "1601273000", "lat": 42.29303383, "lon": -71.06367708}, "arr_time": 1676286377, "arr_date_time": "2023-02-13T06:06:17-05:00", "end_time": 1676286677, "end_date_time": "2023-02-13T06:11:17-05:00", "waiting_time": 0, "distance": 1017, "driving_time": 977, "preparation_time": 0, "load_before": [0], "load_after": [0]}, {"type": "service", "id": "1601276000_26", "location_id": "1601276000", "address": {"location_id": "1601276000", "lat": 42.29313186, "lon": -71.06328481}, "arr_time": 1676286711, "arr_date_time": "2023-02-13T06:11:51-05:00", "end_time": 1676287011, "end_date_time": "2023-02-13T06:16:51-05:00", "waiting_time": 0, "distance": 1051, "driving_time": 1011, "preparation_time": 0, "load_before": [0], "load_after": [0]}, {"type": "service", "id": "1601238000_13", "location_id": "1601238000", "address": {"location_id": "1601238000", "lat": 42.29335297, "lon": -71.06461386}, "arr_time": 1676287161, "arr_date_time": "2023-02-13T06:19:21-05:00", "end_time": 1676287461, "end_date_time": "2023-02-13T06:24:21-05:00", "waiting_time": 0, "distance": 1208, "driving_time": 1161, "preparation_time": 0, "load_before": [0], "load_after": [0]}, {"type": "service", "id": "1700816000_38", "location_id": "1700816000", "address": {"location_id": "1700816000", "lat": 42.29364091, "lon": -71.06525757}, "arr_time": 1676287503, "arr_date_time": "2023-02-13T06:25:03-05:00", "end_time": 1676287803, "end_date_time": "2023-02-13T06:30:03-05:00", "waiting_time": 0, "distance": 1251, "driving_time": 1203, "preparation_time": 0, "load_before": [0], "load_after": [0]}, {"type": "service", "id": "1700815000_37", "location_id": "1700815000", "address": {"location_id": "1700815000", "lat": 42.293764, "lon": -71.06529597}, "arr_time": 1676287816, "arr_date_time": "2023-02-13T06:30:16-05:00", "end_time": 1676288116, "end_date_time": "2023-02-13T06:35:16-05:00", "waiting_time": 0, "distance": 1265, "driving_time": 1216, "preparation_time": 0, "load_before": [0], "load_after": [0]}, {"type": "service", "id": "1700780000_29", "location_id": "1700780000", "address": {"location_id": "1700780000", "lat": 42.29326068, "lon": -71.06515181}, "arr_time": 1676288177, "arr_date_time": "2023-02-13T06:36:17-05:00", "end_time": 1676288477, "end_date_time": "2023-02-13T06:41:17-05:00", "waiting_time": 0, "distance": 1329, "driving_time": 1277, "preparation_time": 0, "load_before": [0], "load_after": [0]}, {"type": "service", "id": "1700794000_34", "location_id": "1700794000", "address": {"location_id": "1700794000", "lat": 42.29307035, "lon": -71.06540528}, "arr_time": 1676288543, "arr_date_time": "2023-02-13T06:42:23-05:00", "end_time": 1676288843, "end_date_time": "2023-02-13T06:47:23-05:00", "waiting_time": 0, "distance": 1397, "driving_time": 1343, "preparation_time": 0, "load_before": [0], "load_after": [0]}, {"type": "service", "id": "1700793000_33", "location_id": "1700793000", "address": {"location_id": "1700793000", "lat": 42.29293934, "lon": -71.06536784}, "arr_time": 1676288853, "arr_date_time": "2023-02-13T06:47:33-05:00", "end_time": 1676289153, "end_date_time": "2023-02-13T06:52:33-05:00", "waiting_time": 0, "distance": 1408, "driving_time": 1353, "preparation_time": 0, "load_before": [0], "load_after": [0]}, {"type": "service", "id": "1700818000_39", "location_id": "1700818000", "address": {"location_id": "1700818000", "lat": 42.2936128, "lon": -71.06551704}, "arr_time": 1676289236, "arr_date_time": "2023-02-13T06:53:56-05:00", "end_time": 1676289536, "end_date_time": "2023-02-13T06:58:56-05:00", "waiting_time": 0, "distance": 1494, "driving_time": 1436, "preparation_time": 0, "load_before": [0], "load_after": [0]}, {"type": "service", "id": "1700873000_54", "location_id": "1700873000", "address": {"location_id": "1700873000", "lat": 42.29420174, "lon": -71.06597169}, "arr_time": 1676289604, "arr_date_time": "2023-02-13T07:00:04-05:00", "end_time": 1676289904, "end_date_time": "2023-02-13T07:05:04-05:00", "waiting_time": 0, "distance": 1565, "driving_time": 1504, "preparation_time": 0, "load_before": [0], "load_after": [0]}, {"type": "service", "id": "1700872000_53", "location_id": "1700872000", "address": {"location_id": "1700872000", "lat": 42.29423209, "lon": -71.06584007}, "arr_time": 1676289905, "arr_date_time": "2023-02-13T07:05:05-05:00", "end_time": 1676290205, "end_date_time": "2023-02-13T07:10:05-05:00", "waiting_time": 0, "distance": 1566, "driving_time": 1505, "preparation_time": 0, "load_before": [0], "load_after": [0]}, {"type": "service", "id": "1700811000_35", "location_id": "1700811000", "address": {"location_id": "1700811000", "lat": 42.2938801, "lon": -71.06567742}, "arr_time": 1676290248, "arr_date_time": "2023-02-13T07:10:48-05:00", "end_time": 1676290548, "end_date_time": "2023-02-13T07:15:48-05:00", "waiting_time": 0, "distance": 1610, "driving_time": 1548, "preparation_time": 0, "load_before": [0], "load_after": [0]}, {"type": "service", "id": "1700812000_36", "location_id": "1700812000", "address": {"location_id": "1700812000", "lat": 42.29388655, "lon": -71.06548622}, "arr_time": 1676290563, "arr_date_time": "2023-02-13T07:16:03-05:00", "end_time": 1676290863, "end_date_time": "2023-02-13T07:21:03-05:00", "waiting_time": 0, "distance": 1625, "driving_time": 1563, "preparation_time": 0, "load_before": [0], "load_after": [0]}, {"type": "service", "id": "1700871000_52", "location_id": "1700871000", "address": {"location_id": "1700871000", "lat": 42.29427863, "lon": -71.06568467}, "arr_time": 1676290864, "arr_date_time": "2023-02-13T07:21:04-05:00", "end_time": 1676291164, "end_date_time": "2023-02-13T07:26:04-05:00", "waiting_time": 0, "distance": 1626, "driving_time": 1564, "preparation_time": 0, "load_before": [0], "load_after": [0]}, {"type": "service", "id": "1700870000_51", "location_id": "1700870000", "address": {"location_id": "1700870000", "lat": 42.29432849, "lon": -71.06551126}, "arr_time": 1676291179, "arr_date_time": "2023-02-13T07:26:19-05:00", "end_time": 1676291479, "end_date_time": "2023-02-13T07:31:19-05:00", "waiting_time": 0, "distance": 1641, "driving_time": 1579, "preparation_time": 0, "load_before": [0], "load_after": [0]}, {"type": "service", "id": "1700869000_50", "location_id": "1700869000", "address": {"location_id": "1700869000", "lat": 42.29438648, "lon": -71.06534408}, "arr_time": 1676291493, "arr_date_time": "2023-02-13T07:31:33-05:00", "end_time": 1676291793, "end_date_time": "2023-02-13T07:36:33-05:00", "waiting_time": 0, "distance": 1656, "driving_time": 1593, "preparation_time": 0, "load_before": [0], "load_after": [0]}, {"type": "service", "id": "1700867000_49", "location_id": "1700867000", "address": {"location_id": "1700867000", "lat": 42.29449277, "lon": -71.06500346}, "arr_time": 1676291824, "arr_date_time": "2023-02-13T07:37:04-05:00", "end_time": 1676292124, "end_date_time": "2023-02-13T07:42:04-05:00", "waiting_time": 0, "distance": 1688, "driving_time": 1624, "preparation_time": 0, "load_before": [0], "load_after": [0]}, {"type": "service", "id": "1601244000_14", "location_id": "1601244000", "address": {"location_id": "1601244000", "lat": 42.29414949, "lon": -71.06477376}, "arr_time": 1676292125, "arr_date_time": "2023-02-13T07:42:05-05:00", "end_time": 1676292425, "end_date_time": "2023-02-13T07:47:05-05:00", "waiting_time": 0, "distance": 1689, "driving_time": 1625, "preparation_time": 0, "load_before": [0], "load_after": [0]}, {"type": "service", "id": "1601245000_15", "location_id": "1601245000", "address": {"location_id": "1601245000", "lat": 42.29421007, "lon": -71.06451737}, "arr_time": 1676292447, "arr_date_time": "2023-02-13T07:47:27-05:00", "end_time": 1676292747, "end_date_time": "2023-02-13T07:52:27-05:00", "waiting_time": 0, "distance": 1711, "driving_time": 1647, "preparation_time": 0, "load_before": [0], "load_after": [0]}, {"type": "service", "id": "1700864000_48", "location_id": "1700864000", "address": {"location_id": "1700864000", "lat": 42.29465607, "lon": -71.06442534}, "arr_time": 1676292771, "arr_date_time": "2023-02-13T07:52:51-05:00", "end_time": 1676293071, "end_date_time": "2023-02-13T07:57:51-05:00", "waiting_time": 0, "distance": 1736, "driving_time": 1671, "preparation_time": 0, "load_before": [0], "load_after": [0]}, {"type": "service", "id": "1700863000_47", "location_id": "1700863000", "address": {"location_id": "1700863000", "lat": 42.29469677, "lon": -71.06419286}, "arr_time": 1676293088, "arr_date_time": "2023-02-13T07:58:08-05:00", "end_time": 1676293388, "end_date_time": "2023-02-13T08:03:08-05:00", "waiting_time": 0, "distance": 1754, "driving_time": 1688, "preparation_time": 0, "load_before": [0], "load_after": [0]}, {"type": "service", "id": "1601246100_16", "location_id": "1601246100", "address": {"location_id": "1601246100", "lat": 42.294304, "lon": -71.06397581}, "arr_time": 1676293396, "arr_date_time": "2023-02-13T08:03:16-05:00", "end_time": 1676293696, "end_date_time": "2023-02-13T08:08:16-05:00", "waiting_time": 0, "distance": 1762, "driving_time": 1696, "preparation_time": 0, "load_before": [0], "load_after": [0]}, {"type": "service", "id": "1601247000_17", "location_id": "1601247000", "address": {"location_id": "1601247000", "lat": 42.29429318, "lon": -71.06372328}, "arr_time": 1676293715, "arr_date_time": "2023-02-13T08:08:35-05:00", "end_time": 1676294015, "end_date_time": "2023-02-13T08:13:35-05:00", "waiting_time": 0, "distance": 1782, "driving_time": 1715, "preparation_time": 0, "load_before": [0], "load_after": [0]}, {"type": "service", "id": "1700861000_46", "location_id": "1700861000", "address": {"location_id": "1700861000", "lat": 42.29480584, "lon": -71.06357799}, "arr_time": 1676294037, "arr_date_time": "2023-02-13T08:13:57-05:00", "end_time": 1676294337, "end_date_time": "2023-02-13T08:18:57-05:00", "waiting_time": 0, "distance": 1806, "driving_time": 1737, "preparation_time": 0, "load_before": [0], "load_after": [0]}, {"type": "service", "id": "1700860000_45", "location_id": "1700860000", "address": {"location_id": "1700860000", "lat": 42.29483276, "lon": -71.0633265}, "arr_time": 1676294393, "arr_date_time": "2023-02-13T08:19:53-05:00", "end_time": 1676294693, "end_date_time": "2023-02-13T08:24:53-05:00", "waiting_time": 0, "distance": 1864, "driving_time": 1793, "preparation_time": 0, "load_before": [0], "load_after": [0]}, {"type": "service", "id": "1601221000_09", "location_id": "1601221000", "address": {"location_id": "1601221000", "lat": 42.29517573, "lon": -71.06298089}, "arr_time": 1676294727, "arr_date_time": "2023-02-13T08:25:27-05:00", "end_time": 1676295027, "end_date_time": "2023-02-13T08:30:27-05:00", "waiting_time": 0, "distance": 1899, "driving_time": 1827, "preparation_time": 0, "load_before": [0], "load_after": [0]}, {"type": "service", "id": "1601222000_10", "location_id": "1601222000", "address": {"location_id": "1601222000", "lat": 42.29532657, "lon": -71.06295253}, "arr_time": 1676295043, "arr_date_time": "2023-02-13T08:30:43-05:00", "end_time": 1676295343, "end_date_time": "2023-02-13T08:35:43-05:00", "waiting_time": 0, "distance": 1916, "driving_time": 1843, "preparation_time": 0, "load_before": [0], "load_after": [0]}, {"type": "service", "id": "1700857000_44", "location_id": "1700857000", "address": {"location_id": "1700857000", "lat": 42.29539303, "lon": -71.06328376}, "arr_time": 1676295349, "arr_date_time": "2023-02-13T08:35:49-05:00", "end_time": 1676295649, "end_date_time": "2023-02-13T08:40:49-05:00", "waiting_time": 0, "distance": 1923, "driving_time": 1849, "preparation_time": 0, "load_before": [0], "load_after": [0]}, {"type": "service", "id": "1700856000_43", "location_id": "1700856000", "address": {"location_id": "1700856000", "lat": 42.29532894, "lon": -71.06344461}, "arr_time": 1676295705, "arr_date_time": "2023-02-13T08:41:45-05:00", "end_time": 1676296005, "end_date_time": "2023-02-13T08:46:45-05:00", "waiting_time": 0, "distance": 1982, "driving_time": 1905, "preparation_time": 0, "load_before": [0], "load_after": [0]}, {"type": "service", "id": "1700855000_42", "location_id": "1700855000", "address": {"location_id": "1700855000", "lat": 42.29529102, "lon": -71.06363012}, "arr_time": 1676296020, "arr_date_time": "2023-02-13T08:47:00-05:00", "end_time": 1676296320, "end_date_time": "2023-02-13T08:52:00-05:00", "waiting_time": 0, "distance": 1998, "driving_time": 1920, "preparation_time": 0, "load_before": [0], "load_after": [0]}, {"type": "service", "id": "1700854000_41", "location_id": "1700854000", "address": {"location_id": "1700854000", "lat": 42.29518653, "lon": -71.06376559}, "arr_time": 1676296333, "arr_date_time": "2023-02-13T08:52:13-05:00", "end_time": 1676296633, "end_date_time": "2023-02-13T08:57:13-05:00", "waiting_time": 0, "distance": 2012, "driving_time": 1933, "preparation_time": 0, "load_before": [0], "load_after": [0]}, {"type": "service", "id": "1700848000_40", "location_id": "1700848000", "address": {"location_id": "1700848000", "lat": 42.29491704, "lon": -71.06496138}, "arr_time": 1676296732, "arr_date_time": "2023-02-13T08:58:52-05:00", "end_time": 1676297032, "end_date_time": "2023-02-13T09:03:52-05:00", "waiting_time": 0, "distance": 2114, "driving_time": 2032, "preparation_time": 0, "load_before": [0], "load_after": [0]}, {"type": "end", "location_id": "1601223000", "address": {"location_id": "1601223000", "lat": 42.29555252, "lon": -71.06290909}, "arr_time": 1676297207, "arr_date_time": "2023-02-13T09:06:47-05:00", "end_time": 1676297207, "end_date_time": "2023-02-13T09:06:47-05:00", "waiting_time": 0, "distance": 2296, "driving_time": 2207, "preparation_time": 0, "load_before": [0]}]}], "unassigned": {"services": [], "shipments": [], "breaks": [], "details": []}}}