{"copyrights": ["GraphHopper", "OpenStreetMap contributors"], "job_id": "4e6c6c52-98a9-44e0-b756-e17878bf3d0d", "status": "finished", "waiting_time_in_queue": 0, "processing_time": 138, "solution": {"costs": 353, "distance": 4432, "time": 4253, "transport_time": 4253, "completion_time": 18953, "max_operation_time": 18953, "waiting_time": 0, "service_duration": 14700, "preparation_time": 0, "no_vehicles": 1, "no_unassigned": 0, "routes": [{"vehicle_id": "my_vehicle", "shift_id": "default-shift", "distance": 4432, "transport_time": 4253, "completion_time": 18953, "waiting_time": 0, "service_duration": 14700, "preparation_time": 0, "activities": [{"type": "start", "location_id": "1301483000", "address": {"location_id": "1301483000", "lat": 42.31439945, "lon": -71.0612204}, "arr_time": 1676278800, "arr_date_time": "2023-02-13T04:00:00-05:00", "end_time": 1676278800, "end_date_time": "2023-02-13T04:00:00-05:00", "waiting_time": 0, "distance": 0, "driving_time": 0, "preparation_time": 0, "load_after": [0]}, {"type": "service", "id": "1301482000_06", "location_id": "1301482000", "address": {"location_id": "1301482000", "lat": 42.31426514, "lon": -71.06135726}, "arr_time": 1676278817, "arr_date_time": "2023-02-13T04:00:17-05:00", "end_time": 1676279117, "end_date_time": "2023-02-13T04:05:17-05:00", "waiting_time": 0, "distance": 19, "driving_time": 17, "preparation_time": 0, "load_before": [0], "load_after": [0]}, {"type": "service", "id": "1301455000_01", "location_id": "1301455000", "address": {"location_id": "1301455000", "lat": 42.31409451, "lon": -71.06201524}, "arr_time": 1676279161, "arr_date_time": "2023-02-13T04:06:01-05:00", "end_time": 1676279461, "end_date_time": "2023-02-13T04:11:01-05:00", "waiting_time": 0, "distance": 65, "driving_time": 61, "preparation_time": 0, "load_before": [0], "load_after": [0]}, {"type": "service", "id": "1301522000_11", "location_id": "1301522000", "address": {"location_id": "1301522000", "lat": 42.31397854, "lon": -71.06134817}, "arr_time": 1676279496, "arr_date_time": "2023-02-13T04:11:36-05:00", "end_time": 1676279796, "end_date_time": "2023-02-13T04:16:36-05:00", "waiting_time": 0, "distance": 101, "driving_time": 96, "preparation_time": 0, "load_before": [0], "load_after": [0]}, {"type": "service", "id": "1301519000_10", "location_id": "1301519000", "address": {"location_id": "1301519000", "lat": 42.31364723, "lon": -71.06081483}, "arr_time": 1676279848, "arr_date_time": "2023-02-13T04:17:28-05:00", "end_time": 1676280148, "end_date_time": "2023-02-13T04:22:28-05:00", "waiting_time": 0, "distance": 156, "driving_time": 148, "preparation_time": 0, "load_before": [0], "load_after": [0]}, {"type": "service", "id": "1301517000_09", "location_id": "1301517000", "address": {"location_id": "1301517000", "lat": 42.3135236, "lon": -71.06064578}, "arr_time": 1676280167, "arr_date_time": "2023-02-13T04:22:47-05:00", "end_time": 1676280467, "end_date_time": "2023-02-13T04:27:47-05:00", "waiting_time": 0, "distance": 176, "driving_time": 167, "preparation_time": 0, "load_before": [0], "load_after": [0]}, {"type": "service", "id": "1301469000_03", "location_id": "1301469000", "address": {"location_id": "1301469000", "lat": 42.31310407, "lon": -71.06067936}, "arr_time": 1676280496, "arr_date_time": "2023-02-13T04:28:16-05:00", "end_time": 1676280796, "end_date_time": "2023-02-13T04:33:16-05:00", "waiting_time": 0, "distance": 206, "driving_time": 196, "preparation_time": 0, "load_before": [0], "load_after": [0]}, {"type": "service", "id": "1301603000_21", "location_id": "1301603000", "address": {"location_id": "1301603000", "lat": 42.3126937, "lon": -71.05970947}, "arr_time": 1676280879, "arr_date_time": "2023-02-13T04:34:39-05:00", "end_time": 1676281179, "end_date_time": "2023-02-13T04:39:39-05:00", "waiting_time": 0, "distance": 292, "driving_time": 279, "preparation_time": 0, "load_before": [0], "load_after": [0]}, {"type": "service", "id": "1301507000_08", "location_id": "1301507000", "address": {"location_id": "1301507000", "lat": 42.31334154, "lon": -71.05954728}, "arr_time": 1676281379, "arr_date_time": "2023-02-13T04:42:59-05:00", "end_time": 1676281679, "end_date_time": "2023-02-13T04:47:59-05:00", "waiting_time": 0, "distance": 500, "driving_time": 479, "preparation_time": 0, "load_before": [0], "load_after": [0]}, {"type": "service", "id": "1301499000_07", "location_id": "1301499000", "address": {"location_id": "1301499000", "lat": 42.31431113, "lon": -71.06030162}, "arr_time": 1676281864, "arr_date_time": "2023-02-13T04:51:04-05:00", "end_time": 1676282164, "end_date_time": "2023-02-13T04:56:04-05:00", "waiting_time": 0, "distance": 694, "driving_time": 664, "preparation_time": 0, "load_before": [0], "load_after": [0]}, {"type": "service", "id": "1502500000_26", "location_id": "1502500000", "address": {"location_id": "1502500000", "lat": 42.31246304, "lon": -71.05834394}, "arr_time": 1676282521, "arr_date_time": "2023-02-13T05:02:01-05:00", "end_time": 1676282821, "end_date_time": "2023-02-13T05:07:01-05:00", "waiting_time": 0, "distance": 1066, "driving_time": 1021, "preparation_time": 0, "load_before": [0], "load_after": [0]}, {"type": "service", "id": "1502511000_27", "location_id": "1502511000", "address": {"location_id": "1502511000", "lat": 42.31230089, "lon": -71.05805843}, "arr_time": 1676282835, "arr_date_time": "2023-02-13T05:07:15-05:00", "end_time": 1676283135, "end_date_time": "2023-02-13T05:12:15-05:00", "waiting_time": 0, "distance": 1080, "driving_time": 1035, "preparation_time": 0, "load_before": [0], "load_after": [0]}, {"type": "service", "id": "1301560000_16", "location_id": "1301560000", "address": {"location_id": "1301560000", "lat": 42.31217138, "lon": -71.05936677}, "arr_time": 1676283327, "arr_date_time": "2023-02-13T05:15:27-05:00", "end_time": 1676283627, "end_date_time": "2023-02-13T05:20:27-05:00", "waiting_time": 0, "distance": 1280, "driving_time": 1227, "preparation_time": 0, "load_before": [0], "load_after": [0]}, {"type": "service", "id": "1502561000_31", "location_id": "1502561000", "address": {"location_id": "1502561000", "lat": 42.31192796, "lon": -71.05881588}, "arr_time": 1676283643, "arr_date_time": "2023-02-13T05:20:43-05:00", "end_time": 1676283943, "end_date_time": "2023-02-13T05:25:43-05:00", "waiting_time": 0, "distance": 1296, "driving_time": 1243, "preparation_time": 0, "load_before": [0], "load_after": [0]}, {"type": "service", "id": "1502556000_30", "location_id": "1502556000", "address": {"location_id": "1502556000", "lat": 42.31131571, "lon": -71.05889049}, "arr_time": 1676284008, "arr_date_time": "2023-02-13T05:26:48-05:00", "end_time": 1676284308, "end_date_time": "2023-02-13T05:31:48-05:00", "waiting_time": 0, "distance": 1363, "driving_time": 1308, "preparation_time": 0, "load_before": [0], "load_after": [0]}, {"type": "service", "id": "1502554000_29", "location_id": "1502554000", "address": {"location_id": "1502554000", "lat": 42.31117673, "lon": -71.0590674}, "arr_time": 1676284325, "arr_date_time": "2023-02-13T05:32:05-05:00", "end_time": 1676284625, "end_date_time": "2023-02-13T05:37:05-05:00", "waiting_time": 0, "distance": 1381, "driving_time": 1325, "preparation_time": 0, "load_before": [0], "load_after": [0]}, {"type": "service", "id": "1502538000_28", "location_id": "1502538000", "address": {"location_id": "1502538000", "lat": 42.31084191, "lon": -71.05827773}, "arr_time": 1676284755, "arr_date_time": "2023-02-13T05:39:15-05:00", "end_time": 1676285055, "end_date_time": "2023-02-13T05:44:15-05:00", "waiting_time": 0, "distance": 1515, "driving_time": 1455, "preparation_time": 0, "load_before": [0], "load_after": [0]}, {"type": "service", "id": "1301623000_24", "location_id": "1301623000", "address": {"location_id": "1301623000", "lat": 42.31031471, "lon": -71.06027778}, "arr_time": 1676285269, "arr_date_time": "2023-02-13T05:47:49-05:00", "end_time": 1676285569, "end_date_time": "2023-02-13T05:52:49-05:00", "waiting_time": 0, "distance": 1738, "driving_time": 1669, "preparation_time": 0, "load_before": [0], "load_after": [0]}, {"type": "service", "id": "1503009000_35", "location_id": "1503009000", "address": {"location_id": "1503009000", "lat": 42.30894259, "lon": -71.06102744}, "arr_time": 1676285801, "arr_date_time": "2023-02-13T05:56:41-05:00", "end_time": 1676286101, "end_date_time": "2023-02-13T06:01:41-05:00", "waiting_time": 0, "distance": 1980, "driving_time": 1901, "preparation_time": 0, "load_before": [0], "load_after": [0]}, {"type": "service", "id": "1503008000_34", "location_id": "1503008000", "address": {"location_id": "1503008000", "lat": 42.30904619, "lon": -71.06065807}, "arr_time": 1676286152, "arr_date_time": "2023-02-13T06:02:32-05:00", "end_time": 1676286452, "end_date_time": "2023-02-13T06:07:32-05:00", "waiting_time": 0, "distance": 2032, "driving_time": 1952, "preparation_time": 0, "load_before": [0], "load_after": [0]}, {"type": "service", "id": "1503000020_32", "location_id": "1503000020", "address": {"location_id": "1503000020", "lat": 42.30848861, "lon": -71.0599156}, "arr_time": 1676286541, "arr_date_time": "2023-02-13T06:09:01-05:00", "end_time": 1676286841, "end_date_time": "2023-02-13T06:14:01-05:00", "waiting_time": 0, "distance": 2126, "driving_time": 2041, "preparation_time": 0, "load_before": [0], "load_after": [0]}, {"type": "service", "id": "1503003000_33", "location_id": "1503003000", "address": {"location_id": "1503003000", "lat": 42.30884796, "lon": -71.05964404}, "arr_time": 1676286873, "arr_date_time": "2023-02-13T06:14:33-05:00", "end_time": 1676287173, "end_date_time": "2023-02-13T06:19:33-05:00", "waiting_time": 0, "distance": 2159, "driving_time": 2073, "preparation_time": 0, "load_before": [0], "load_after": [0]}, {"type": "service", "id": "1503027000_36", "location_id": "1503027000", "address": {"location_id": "1503027000", "lat": 42.30881219, "lon": -71.06214668}, "arr_time": 1676287388, "arr_date_time": "2023-02-13T06:23:08-05:00", "end_time": 1676287688, "end_date_time": "2023-02-13T06:28:08-05:00", "waiting_time": 0, "distance": 2383, "driving_time": 2288, "preparation_time": 0, "load_before": [0], "load_after": [0]}, {"type": "service", "id": "1503031010_37", "location_id": "1503031010", "address": {"location_id": "1503031010", "lat": 42.30908998, "lon": -71.06232282}, "arr_time": 1676287777, "arr_date_time": "2023-02-13T06:29:37-05:00", "end_time": 1676288077, "end_date_time": "2023-02-13T06:34:37-05:00", "waiting_time": 0, "distance": 2476, "driving_time": 2377, "preparation_time": 0, "load_before": [0], "load_after": [0]}, {"type": "service", "id": "1503031020_38", "location_id": "1503031020", "address": {"location_id": "1503031020", "lat": 42.30917083, "lon": -71.06232859}, "arr_time": 1676288085, "arr_date_time": "2023-02-13T06:34:45-05:00", "end_time": 1676288385, "end_date_time": "2023-02-13T06:39:45-05:00", "waiting_time": 0, "distance": 2485, "driving_time": 2385, "preparation_time": 0, "load_before": [0], "load_after": [0]}, {"type": "service", "id": "1503058000_42", "location_id": "1503058000", "address": {"location_id": "1503058000", "lat": 42.30872795, "lon": -71.06303767}, "arr_time": 1676288520, "arr_date_time": "2023-02-13T06:42:00-05:00", "end_time": 1676288820, "end_date_time": "2023-02-13T06:47:00-05:00", "waiting_time": 0, "distance": 2626, "driving_time": 2520, "preparation_time": 0, "load_before": [0], "load_after": [0]}, {"type": "service", "id": "1503083000_49", "location_id": "1503083000", "address": {"location_id": "1503083000", "lat": 42.3092403, "lon": -71.06347339}, "arr_time": 1676288876, "arr_date_time": "2023-02-13T06:47:56-05:00", "end_time": 1676289176, "end_date_time": "2023-02-13T06:52:56-05:00", "waiting_time": 0, "distance": 2685, "driving_time": 2576, "preparation_time": 0, "load_before": [0], "load_after": [0]}, {"type": "service", "id": "1503082000_48", "location_id": "1503082000", "address": {"location_id": "1503082000", "lat": 42.30934246, "lon": -71.06347324}, "arr_time": 1676289187, "arr_date_time": "2023-02-13T06:53:07-05:00", "end_time": 1676289487, "end_date_time": "2023-02-13T06:58:07-05:00", "waiting_time": 0, "distance": 2696, "driving_time": 2587, "preparation_time": 0, "load_before": [0], "load_after": [0]}, {"type": "service", "id": "1503060010_43", "location_id": "1503060010", "address": {"location_id": "1503060010", "lat": 42.30944076, "lon": -71.06316739}, "arr_time": 1676289496, "arr_date_time": "2023-02-13T06:58:16-05:00", "end_time": 1676289796, "end_date_time": "2023-02-13T07:03:16-05:00", "waiting_time": 0, "distance": 2706, "driving_time": 2596, "preparation_time": 0, "load_before": [0], "load_after": [0]}, {"type": "service", "id": "1503081000_47", "location_id": "1503081000", "address": {"location_id": "1503081000", "lat": 42.30970735, "lon": -71.06330921}, "arr_time": 1676289811, "arr_date_time": "2023-02-13T07:03:31-05:00", "end_time": 1676290111, "end_date_time": "2023-02-13T07:08:31-05:00", "waiting_time": 0, "distance": 2721, "driving_time": 2611, "preparation_time": 0, "load_before": [0], "load_after": [0]}, {"type": "service", "id": "1503079000_46", "location_id": "1503079000", "address": {"location_id": "1503079000", "lat": 42.30969522, "lon": -71.06306286}, "arr_time": 1676290125, "arr_date_time": "2023-02-13T07:08:45-05:00", "end_time": 1676290425, "end_date_time": "2023-02-13T07:13:45-05:00", "waiting_time": 0, "distance": 2736, "driving_time": 2625, "preparation_time": 0, "load_before": [0], "load_after": [0]}, {"type": "service", "id": "1503060020_44", "location_id": "1503060020", "address": {"location_id": "1503060020", "lat": 42.30945646, "lon": -71.06297934}, "arr_time": 1676290428, "arr_date_time": "2023-02-13T07:13:48-05:00", "end_time": 1676290728, "end_date_time": "2023-02-13T07:18:48-05:00", "waiting_time": 0, "distance": 2739, "driving_time": 2628, "preparation_time": 0, "load_before": [0], "load_after": [0]}, {"type": "service", "id": "1503036000_39", "location_id": "1503036000", "address": {"location_id": "1503036000", "lat": 42.30982614, "lon": -71.0624161}, "arr_time": 1676290784, "arr_date_time": "2023-02-13T07:19:44-05:00", "end_time": 1676291084, "end_date_time": "2023-02-13T07:24:44-05:00", "waiting_time": 0, "distance": 2797, "driving_time": 2684, "preparation_time": 0, "load_before": [0], "load_after": [0]}, {"type": "service", "id": "1503037000_40", "location_id": "1503037000", "address": {"location_id": "1503037000", "lat": 42.30994476, "lon": -71.06237504}, "arr_time": 1676291135, "arr_date_time": "2023-02-13T07:25:35-05:00", "end_time": 1676291435, "end_date_time": "2023-02-13T07:30:35-05:00", "waiting_time": 0, "distance": 2850, "driving_time": 2735, "preparation_time": 0, "load_before": [0], "load_after": [0]}, {"type": "service", "id": "1503069000_45", "location_id": "1503069000", "address": {"location_id": "1503069000", "lat": 42.3092187, "lon": -71.0637352}, "arr_time": 1676291636, "arr_date_time": "2023-02-13T07:33:56-05:00", "end_time": 1676291936, "end_date_time": "2023-02-13T07:38:56-05:00", "waiting_time": 0, "distance": 3059, "driving_time": 2936, "preparation_time": 0, "load_before": [0], "load_after": [0]}, {"type": "service", "id": "1503053000_41", "location_id": "1503053000", "address": {"location_id": "1503053000", "lat": 42.31028179, "lon": -71.06151045}, "arr_time": 1676292208, "arr_date_time": "2023-02-13T07:43:28-05:00", "end_time": 1676292508, "end_date_time": "2023-02-13T07:48:28-05:00", "waiting_time": 0, "distance": 3342, "driving_time": 3208, "preparation_time": 0, "load_before": [0], "load_after": [0]}, {"type": "service", "id": "1301612000_22", "location_id": "1301612000", "address": {"location_id": "1301612000", "lat": 42.31103777, "lon": -71.06017901}, "arr_time": 1676292645, "arr_date_time": "2023-02-13T07:50:45-05:00", "end_time": 1676292945, "end_date_time": "2023-02-13T07:55:45-05:00", "waiting_time": 0, "distance": 3486, "driving_time": 3345, "preparation_time": 0, "load_before": [0], "load_after": [0]}, {"type": "service", "id": "1301614000_23", "location_id": "1301614000", "address": {"location_id": "1301614000", "lat": 42.31097837, "lon": -71.05994994}, "arr_time": 1676293001, "arr_date_time": "2023-02-13T07:56:41-05:00", "end_time": 1676293301, "end_date_time": "2023-02-13T08:01:41-05:00", "waiting_time": 0, "distance": 3544, "driving_time": 3401, "preparation_time": 0, "load_before": [0], "load_after": [0]}, {"type": "service", "id": "1301573001_17", "location_id": "1301573001", "address": {"location_id": "1301573001", "lat": 42.311609, "lon": -71.06084011}, "arr_time": 1676293389, "arr_date_time": "2023-02-13T08:03:09-05:00", "end_time": 1676293689, "end_date_time": "2023-02-13T08:08:09-05:00", "waiting_time": 0, "distance": 3636, "driving_time": 3489, "preparation_time": 0, "load_before": [0], "load_after": [0]}, {"type": "service", "id": "1301580000_18", "location_id": "1301580000", "address": {"location_id": "1301580000", "lat": 42.31204348, "lon": -71.06177215}, "arr_time": 1676293783, "arr_date_time": "2023-02-13T08:09:43-05:00", "end_time": 1676294083, "end_date_time": "2023-02-13T08:14:43-05:00", "waiting_time": 0, "distance": 3733, "driving_time": 3583, "preparation_time": 0, "load_before": [0], "load_after": [0]}, {"type": "service", "id": "1301671000_25", "location_id": "1301671000", "address": {"location_id": "1301671000", "lat": 42.31219675, "lon": -71.06265774}, "arr_time": 1676294136, "arr_date_time": "2023-02-13T08:15:36-05:00", "end_time": 1676294436, "end_date_time": "2023-02-13T08:20:36-05:00", "waiting_time": 0, "distance": 3788, "driving_time": 3636, "preparation_time": 0, "load_before": [0], "load_after": [0]}, {"type": "service", "id": "1301539000_15", "location_id": "1301539000", "address": {"location_id": "1301539000", "lat": 42.31227777, "lon": -71.0607961}, "arr_time": 1676294589, "arr_date_time": "2023-02-13T08:23:09-05:00", "end_time": 1676294889, "end_date_time": "2023-02-13T08:28:09-05:00", "waiting_time": 0, "distance": 3948, "driving_time": 3789, "preparation_time": 0, "load_before": [0], "load_after": [0]}, {"type": "service", "id": "1301538000_14", "location_id": "1301538000", "address": {"location_id": "1301538000", "lat": 42.31221657, "lon": -71.06062371}, "arr_time": 1676294904, "arr_date_time": "2023-02-13T08:28:24-05:00", "end_time": 1676295204, "end_date_time": "2023-02-13T08:33:24-05:00", "waiting_time": 0, "distance": 3964, "driving_time": 3804, "preparation_time": 0, "load_before": [0], "load_after": [0]}, {"type": "service", "id": "1301593000_19", "location_id": "1301593000", "address": {"location_id": "1301593000", "lat": 42.31190855, "lon": -71.06084983}, "arr_time": 1676295204, "arr_date_time": "2023-02-13T08:33:24-05:00", "end_time": 1676295504, "end_date_time": "2023-02-13T08:38:24-05:00", "waiting_time": 0, "distance": 3964, "driving_time": 3804, "preparation_time": 0, "load_before": [0], "load_after": [0]}, {"type": "service", "id": "1301593001_20", "location_id": "1301593001", "address": {"location_id": "1301593001", "lat": 42.31184594, "lon": -71.06069001}, "arr_time": 1676295519, "arr_date_time": "2023-02-13T08:38:39-05:00", "end_time": 1676295819, "end_date_time": "2023-02-13T08:43:39-05:00", "waiting_time": 0, "distance": 3979, "driving_time": 3819, "preparation_time": 0, "load_before": [0], "load_after": [0]}, {"type": "service", "id": "1301531000_13", "location_id": "1301531000", "address": {"location_id": "1301531000", "lat": 42.31285558, "lon": -71.06163477}, "arr_time": 1676296032, "arr_date_time": "2023-02-13T08:47:12-05:00", "end_time": 1676296332, "end_date_time": "2023-02-13T08:52:12-05:00", "waiting_time": 0, "distance": 4201, "driving_time": 4032, "preparation_time": 0, "load_before": [0], "load_after": [0]}, {"type": "service", "id": "1301478000_04", "location_id": "1301478000", "address": {"location_id": "1301478000", "lat": 42.31325897, "lon": -71.06159364}, "arr_time": 1676296349, "arr_date_time": "2023-02-13T08:52:29-05:00", "end_time": 1676296649, "end_date_time": "2023-02-13T08:57:29-05:00", "waiting_time": 0, "distance": 4219, "driving_time": 4049, "preparation_time": 0, "load_before": [0], "load_after": [0]}, {"type": "service", "id": "1301479000_05", "location_id": "1301479000", "address": {"location_id": "1301479000", "lat": 42.31330368, "lon": -71.06185341}, "arr_time": 1676296669, "arr_date_time": "2023-02-13T08:57:49-05:00", "end_time": 1676296969, "end_date_time": "2023-02-13T09:02:49-05:00", "waiting_time": 0, "distance": 4240, "driving_time": 4069, "preparation_time": 0, "load_before": [0], "load_after": [0]}, {"type": "service", "id": "1301528000_12", "location_id": "1301528000", "address": {"location_id": "1301528000", "lat": 42.31314193, "lon": -71.06236066}, "arr_time": 1676296996, "arr_date_time": "2023-02-13T09:03:16-05:00", "end_time": 1676297296, "end_date_time": "2023-02-13T09:08:16-05:00", "waiting_time": 0, "distance": 4268, "driving_time": 4096, "preparation_time": 0, "load_before": [0], "load_after": [0]}, {"type": "service", "id": "1301460000_02", "location_id": "1301460000", "address": {"location_id": "1301460000", "lat": 42.31345675, "lon": -71.06209573}, "arr_time": 1676297329, "arr_date_time": "2023-02-13T09:08:49-05:00", "end_time": 1676297629, "end_date_time": "2023-02-13T09:13:49-05:00", "waiting_time": 0, "distance": 4303, "driving_time": 4129, "preparation_time": 0, "load_before": [0], "load_after": [0]}, {"type": "end", "location_id": "1301483000", "address": {"location_id": "1301483000", "lat": 42.31439945, "lon": -71.0612204}, "arr_time": 1676297753, "arr_date_time": "2023-02-13T09:15:53-05:00", "end_time": 1676297753, "end_date_time": "2023-02-13T09:15:53-05:00", "waiting_time": 0, "distance": 4432, "driving_time": 4253, "preparation_time": 0, "load_before": [0]}]}], "unassigned": {"services": [], "shipments": [], "breaks": [], "details": []}}}