{"copyrights": ["GraphHopper", "OpenStreetMap contributors"], "job_id": "7cb28047-62b7-4ab9-8b10-62deb5a896c6", "status": "finished", "waiting_time_in_queue": 0, "processing_time": 116, "solution": {"costs": 335, "distance": 3332, "time": 3201, "transport_time": 3201, "completion_time": 16701, "max_operation_time": 16701, "waiting_time": 0, "service_duration": 13500, "preparation_time": 0, "no_vehicles": 1, "no_unassigned": 0, "routes": [{"vehicle_id": "my_vehicle", "shift_id": "default-shift", "distance": 3332, "transport_time": 3201, "completion_time": 16701, "waiting_time": 0, "service_duration": 13500, "preparation_time": 0, "activities": [{"type": "start", "location_id": "1600565000", "address": {"location_id": "1600565000", "lat": 42.2993519, "lon": -71.0574978}, "arr_time": 1676278800, "arr_date_time": "2023-02-13T04:00:00-05:00", "end_time": 1676278800, "end_date_time": "2023-02-13T04:00:00-05:00", "waiting_time": 0, "distance": 0, "driving_time": 0, "preparation_time": 0, "load_after": [0]}, {"type": "service", "id": "1600671001_15", "location_id": "1600671001", "address": {"location_id": "1600671001", "lat": 42.29877681, "lon": -71.05903023}, "arr_time": 1676278944, "arr_date_time": "2023-02-13T04:02:24-05:00", "end_time": 1676279244, "end_date_time": "2023-02-13T04:07:24-05:00", "waiting_time": 0, "distance": 150, "driving_time": 144, "preparation_time": 0, "load_before": [0], "load_after": [0]}, {"type": "service", "id": "1600686000_17", "location_id": "1600686000", "address": {"location_id": "1600686000", "lat": 42.29796856, "lon": -71.0602737}, "arr_time": 1676279480, "arr_date_time": "2023-02-13T04:11:20-05:00", "end_time": 1676279780, "end_date_time": "2023-02-13T04:16:20-05:00", "waiting_time": 0, "distance": 395, "driving_time": 380, "preparation_time": 0, "load_before": [0], "load_after": [0]}, {"type": "service", "id": "1600676000_16", "location_id": "1600676000", "address": {"location_id": "1600676000", "lat": 42.29769881, "lon": -71.06002907}, "arr_time": 1676280023, "arr_date_time": "2023-02-13T04:20:23-05:00", "end_time": 1676280323, "end_date_time": "2023-02-13T04:25:23-05:00", "waiting_time": 0, "distance": 647, "driving_time": 623, "preparation_time": 0, "load_before": [0], "load_after": [0]}, {"type": "service", "id": "1600705000_18", "location_id": "1600705000", "address": {"location_id": "1600705000", "lat": 42.29769343, "lon": -71.05803889}, "arr_time": 1676280471, "arr_date_time": "2023-02-13T04:27:51-05:00", "end_time": 1676280771, "end_date_time": "2023-02-13T04:32:51-05:00", "waiting_time": 0, "distance": 802, "driving_time": 771, "preparation_time": 0, "load_before": [0], "load_after": [0]}, {"type": "service", "id": "1600706000_19", "location_id": "1600706000", "address": {"location_id": "1600706000", "lat": 42.29773683, "lon": -71.05787176}, "arr_time": 1676280784, "arr_date_time": "2023-02-13T04:33:04-05:00", "end_time": 1676281084, "end_date_time": "2023-02-13T04:38:04-05:00", "waiting_time": 0, "distance": 817, "driving_time": 784, "preparation_time": 0, "load_before": [0], "load_after": [0]}, {"type": "service", "id": "1600709000_20", "location_id": "1600709000", "address": {"location_id": "1600709000", "lat": 42.29789167, "lon": -71.05738071}, "arr_time": 1676281127, "arr_date_time": "2023-02-13T04:38:47-05:00", "end_time": 1676281427, "end_date_time": "2023-02-13T04:43:47-05:00", "waiting_time": 0, "distance": 861, "driving_time": 827, "preparation_time": 0, "load_before": [0], "load_after": [0]}, {"type": "service", "id": "1600716000_21", "location_id": "1600716000", "address": {"location_id": "1600716000", "lat": 42.2973326, "lon": -71.05709754}, "arr_time": 1676281603, "arr_date_time": "2023-02-13T04:46:43-05:00", "end_time": 1676281903, "end_date_time": "2023-02-13T04:51:43-05:00", "waiting_time": 0, "distance": 1044, "driving_time": 1003, "preparation_time": 0, "load_before": [0], "load_after": [0]}, {"type": "service", "id": "1600717000_22", "location_id": "1600717000", "address": {"location_id": "1600717000", "lat": 42.29747067, "lon": -71.05730714}, "arr_time": 1676281913, "arr_date_time": "2023-02-13T04:51:53-05:00", "end_time": 1676282213, "end_date_time": "2023-02-13T04:56:53-05:00", "waiting_time": 0, "distance": 1055, "driving_time": 1013, "preparation_time": 0, "load_before": [0], "load_after": [0]}, {"type": "service", "id": "1600899000_35", "location_id": "1600899000", "address": {"location_id": "1600899000", "lat": 42.29675496, "lon": -71.05736108}, "arr_time": 1676282243, "arr_date_time": "2023-02-13T04:57:23-05:00", "end_time": 1676282543, "end_date_time": "2023-02-13T05:02:23-05:00", "waiting_time": 0, "distance": 1085, "driving_time": 1043, "preparation_time": 0, "load_before": [0], "load_after": [0]}, {"type": "service", "id": "1600897000_34", "location_id": "1600897000", "address": {"location_id": "1600897000", "lat": 42.29674914, "lon": -71.05765487}, "arr_time": 1676282565, "arr_date_time": "2023-02-13T05:02:45-05:00", "end_time": 1676282865, "end_date_time": "2023-02-13T05:07:45-05:00", "waiting_time": 0, "distance": 1108, "driving_time": 1065, "preparation_time": 0, "load_before": [0], "load_after": [0]}, {"type": "service", "id": "1600721000_23", "location_id": "1600721000", "address": {"location_id": "1600721000", "lat": 42.29718559, "lon": -71.05797993}, "arr_time": 1676282911, "arr_date_time": "2023-02-13T05:08:31-05:00", "end_time": 1676283211, "end_date_time": "2023-02-13T05:13:31-05:00", "waiting_time": 0, "distance": 1155, "driving_time": 1111, "preparation_time": 0, "load_before": [0], "load_after": [0]}, {"type": "service", "id": "1600722000_24", "location_id": "1600722000", "address": {"location_id": "1600722000", "lat": 42.29733717, "lon": -71.05833077}, "arr_time": 1676283232, "arr_date_time": "2023-02-13T05:13:52-05:00", "end_time": 1676283532, "end_date_time": "2023-02-13T05:18:52-05:00", "waiting_time": 0, "distance": 1177, "driving_time": 1132, "preparation_time": 0, "load_before": [0], "load_after": [0]}, {"type": "service", "id": "1600895000_33", "location_id": "1600895000", "address": {"location_id": "1600895000", "lat": 42.29666789, "lon": -71.05795764}, "arr_time": 1676283584, "arr_date_time": "2023-02-13T05:19:44-05:00", "end_time": 1676283884, "end_date_time": "2023-02-13T05:24:44-05:00", "waiting_time": 0, "distance": 1231, "driving_time": 1184, "preparation_time": 0, "load_before": [0], "load_after": [0]}, {"type": "service", "id": "1600894000_32", "location_id": "1600894000", "address": {"location_id": "1600894000", "lat": 42.29662187, "lon": -71.05812623}, "arr_time": 1676283899, "arr_date_time": "2023-02-13T05:24:59-05:00", "end_time": 1676284199, "end_date_time": "2023-02-13T05:29:59-05:00", "waiting_time": 0, "distance": 1246, "driving_time": 1199, "preparation_time": 0, "load_before": [0], "load_after": [0]}, {"type": "service", "id": "1600893000_31", "location_id": "1600893000", "address": {"location_id": "1600893000", "lat": 42.29657756, "lon": -71.05829531}, "arr_time": 1676284213, "arr_date_time": "2023-02-13T05:30:13-05:00", "end_time": 1676284513, "end_date_time": "2023-02-13T05:35:13-05:00", "waiting_time": 0, "distance": 1261, "driving_time": 1213, "preparation_time": 0, "load_before": [0], "load_after": [0]}, {"type": "service", "id": "1600726000_25", "location_id": "1600726000", "address": {"location_id": "1600726000", "lat": 42.29699364, "lon": -71.05863494}, "arr_time": 1676284523, "arr_date_time": "2023-02-13T05:35:23-05:00", "end_time": 1676284823, "end_date_time": "2023-02-13T05:40:23-05:00", "waiting_time": 0, "distance": 1271, "driving_time": 1223, "preparation_time": 0, "load_before": [0], "load_after": [0]}, {"type": "service", "id": "1600729000_26", "location_id": "1600729000", "address": {"location_id": "1600729000", "lat": 42.29683573, "lon": -71.0593337}, "arr_time": 1676284881, "arr_date_time": "2023-02-13T05:41:21-05:00", "end_time": 1676285181, "end_date_time": "2023-02-13T05:46:21-05:00", "waiting_time": 0, "distance": 1332, "driving_time": 1281, "preparation_time": 0, "load_before": [0], "load_after": [0]}, {"type": "service", "id": "1600730000_27", "location_id": "1600730000", "address": {"location_id": "1600730000", "lat": 42.29683807, "lon": -71.05953565}, "arr_time": 1676285196, "arr_date_time": "2023-02-13T05:46:36-05:00", "end_time": 1676285496, "end_date_time": "2023-02-13T05:51:36-05:00", "waiting_time": 0, "distance": 1348, "driving_time": 1296, "preparation_time": 0, "load_before": [0], "load_after": [0]}, {"type": "service", "id": "1600732000_28", "location_id": "1600732000", "address": {"location_id": "1600732000", "lat": 42.29671184, "lon": -71.06002087}, "arr_time": 1676285540, "arr_date_time": "2023-02-13T05:52:20-05:00", "end_time": 1676285840, "end_date_time": "2023-02-13T05:57:20-05:00", "waiting_time": 0, "distance": 1394, "driving_time": 1340, "preparation_time": 0, "load_before": [0], "load_after": [0]}, {"type": "service", "id": "1600882000_30", "location_id": "1600882000", "address": {"location_id": "1600882000", "lat": 42.29615105, "lon": -71.06019965}, "arr_time": 1676285867, "arr_date_time": "2023-02-13T05:57:47-05:00", "end_time": 1676286167, "end_date_time": "2023-02-13T06:02:47-05:00", "waiting_time": 0, "distance": 1422, "driving_time": 1367, "preparation_time": 0, "load_before": [0], "load_after": [0]}, {"type": "service", "id": "1600734000_29", "location_id": "1600734000", "address": {"location_id": "1600734000", "lat": 42.29663676, "lon": -71.06037693}, "arr_time": 1676286169, "arr_date_time": "2023-02-13T06:02:49-05:00", "end_time": 1676286469, "end_date_time": "2023-02-13T06:07:49-05:00", "waiting_time": 0, "distance": 1424, "driving_time": 1369, "preparation_time": 0, "load_before": [0], "load_after": [0]}, {"type": "service", "id": "1600931000_42", "location_id": "1600931000", "address": {"location_id": "1600931000", "lat": 42.29555525, "lon": -71.0612083}, "arr_time": 1676286612, "arr_date_time": "2023-02-13T06:10:12-05:00", "end_time": 1676286912, "end_date_time": "2023-02-13T06:15:12-05:00", "waiting_time": 0, "distance": 1573, "driving_time": 1512, "preparation_time": 0, "load_before": [0], "load_after": [0]}, {"type": "service", "id": "1600929000_41", "location_id": "1600929000", "address": {"location_id": "1600929000", "lat": 42.29533072, "lon": -71.06100317}, "arr_time": 1676287056, "arr_date_time": "2023-02-13T06:17:36-05:00", "end_time": 1676287356, "end_date_time": "2023-02-13T06:22:36-05:00", "waiting_time": 0, "distance": 1722, "driving_time": 1656, "preparation_time": 0, "load_before": [0], "load_after": [0]}, {"type": "service", "id": "1600923000_40", "location_id": "1600923000", "address": {"location_id": "1600923000", "lat": 42.29566252, "lon": -71.05986558}, "arr_time": 1676287459, "arr_date_time": "2023-02-13T06:24:19-05:00", "end_time": 1676287759, "end_date_time": "2023-02-13T06:29:19-05:00", "waiting_time": 0, "distance": 1828, "driving_time": 1759, "preparation_time": 0, "load_before": [0], "load_after": [0]}, {"type": "service", "id": "1600982000_43", "location_id": "1600982000", "address": {"location_id": "1600982000", "lat": 42.29531567, "lon": -71.05948897}, "arr_time": 1676287783, "arr_date_time": "2023-02-13T06:29:43-05:00", "end_time": 1676288083, "end_date_time": "2023-02-13T06:34:43-05:00", "waiting_time": 0, "distance": 1853, "driving_time": 1783, "preparation_time": 0, "load_before": [0], "load_after": [0]}, {"type": "service", "id": "1600922000_39", "location_id": "1600922000", "address": {"location_id": "1600922000", "lat": 42.29569305, "lon": -71.05974265}, "arr_time": 1676288107, "arr_date_time": "2023-02-13T06:35:07-05:00", "end_time": 1676288407, "end_date_time": "2023-02-13T06:40:07-05:00", "waiting_time": 0, "distance": 1878, "driving_time": 1807, "preparation_time": 0, "load_before": [0], "load_after": [0]}, {"type": "service", "id": "1600983000_44", "location_id": "1600983000", "address": {"location_id": "1600983000", "lat": 42.29535534, "lon": -71.05934754}, "arr_time": 1676288420, "arr_date_time": "2023-02-13T06:40:20-05:00", "end_time": 1676288720, "end_date_time": "2023-02-13T06:45:20-05:00", "waiting_time": 0, "distance": 1893, "driving_time": 1820, "preparation_time": 0, "load_before": [0], "load_after": [0]}, {"type": "service", "id": "1600917000_38", "location_id": "1600917000", "address": {"location_id": "1600917000", "lat": 42.29585634, "lon": -71.05904697}, "arr_time": 1676288761, "arr_date_time": "2023-02-13T06:46:01-05:00", "end_time": 1676289061, "end_date_time": "2023-02-13T06:51:01-05:00", "waiting_time": 0, "distance": 1936, "driving_time": 1861, "preparation_time": 0, "load_before": [0], "load_after": [0]}, {"type": "service", "id": "1601004000_45", "location_id": "1601004000", "address": {"location_id": "1601004000", "lat": 42.29562843, "lon": -71.0583814}, "arr_time": 1676289103, "arr_date_time": "2023-02-13T06:51:43-05:00", "end_time": 1676289403, "end_date_time": "2023-02-13T06:56:43-05:00", "waiting_time": 0, "distance": 1980, "driving_time": 1903, "preparation_time": 0, "load_before": [0], "load_after": [0]}, {"type": "service", "id": "1600910000_37", "location_id": "1600910000", "address": {"location_id": "1600910000", "lat": 42.29620324, "lon": -71.0580229}, "arr_time": 1676289451, "arr_date_time": "2023-02-13T06:57:31-05:00", "end_time": 1676289751, "end_date_time": "2023-02-13T07:02:31-05:00", "waiting_time": 0, "distance": 2030, "driving_time": 1951, "preparation_time": 0, "load_before": [0], "load_after": [0]}, {"type": "service", "id": "1600906000_36", "location_id": "1600906000", "address": {"location_id": "1600906000", "lat": 42.2963801, "lon": -71.05716499}, "arr_time": 1676289821, "arr_date_time": "2023-02-13T07:03:41-05:00", "end_time": 1676290121, "end_date_time": "2023-02-13T07:08:41-05:00", "waiting_time": 0, "distance": 2103, "driving_time": 2021, "preparation_time": 0, "load_before": [0], "load_after": [0]}, {"type": "service", "id": "1600487000_07", "location_id": "1600487000", "address": {"location_id": "1600487000", "lat": 42.29638521, "lon": -71.0561837}, "arr_time": 1676290176, "arr_date_time": "2023-02-13T07:09:36-05:00", "end_time": 1676290476, "end_date_time": "2023-02-13T07:14:36-05:00", "waiting_time": 0, "distance": 2161, "driving_time": 2076, "preparation_time": 0, "load_before": [0], "load_after": [0]}, {"type": "service", "id": "1600485000_06", "location_id": "1600485000", "address": {"location_id": "1600485000", "lat": 42.29615244, "lon": -71.05601418}, "arr_time": 1676290503, "arr_date_time": "2023-02-13T07:15:03-05:00", "end_time": 1676290803, "end_date_time": "2023-02-13T07:20:03-05:00", "waiting_time": 0, "distance": 2189, "driving_time": 2103, "preparation_time": 0, "load_before": [0], "load_after": [0]}, {"type": "service", "id": "1600483000_05", "location_id": "1600483000", "address": {"location_id": "1600483000", "lat": 42.29599438, "lon": -71.05567342}, "arr_time": 1676290888, "arr_date_time": "2023-02-13T07:21:28-05:00", "end_time": 1676291188, "end_date_time": "2023-02-13T07:26:28-05:00", "waiting_time": 0, "distance": 2278, "driving_time": 2188, "preparation_time": 0, "load_before": [0], "load_after": [0]}, {"type": "service", "id": "1600524000_12", "location_id": "1600524000", "address": {"location_id": "1600524000", "lat": 42.29667625, "lon": -71.05419775}, "arr_time": 1676291397, "arr_date_time": "2023-02-13T07:29:57-05:00", "end_time": 1676291697, "end_date_time": "2023-02-13T07:34:57-05:00", "waiting_time": 0, "distance": 2496, "driving_time": 2397, "preparation_time": 0, "load_before": [0], "load_after": [0]}, {"type": "service", "id": "1600526000_13", "location_id": "1600526000", "address": {"location_id": "1600526000", "lat": 42.29687047, "lon": -71.05469851}, "arr_time": 1676291727, "arr_date_time": "2023-02-13T07:35:27-05:00", "end_time": 1676292027, "end_date_time": "2023-02-13T07:40:27-05:00", "waiting_time": 0, "distance": 2527, "driving_time": 2427, "preparation_time": 0, "load_before": [0], "load_after": [0]}, {"type": "service", "id": "1600501000_08", "location_id": "1600501000", "address": {"location_id": "1600501000", "lat": 42.29666631, "lon": -71.05512159}, "arr_time": 1676292067, "arr_date_time": "2023-02-13T07:41:07-05:00", "end_time": 1676292367, "end_date_time": "2023-02-13T07:46:07-05:00", "waiting_time": 0, "distance": 2568, "driving_time": 2467, "preparation_time": 0, "load_before": [0], "load_after": [0]}, {"type": "service", "id": "1600476000_03", "location_id": "1600476000", "address": {"location_id": "1600476000", "lat": 42.29623571, "lon": -71.05530277}, "arr_time": 1676292403, "arr_date_time": "2023-02-13T07:46:43-05:00", "end_time": 1676292703, "end_date_time": "2023-02-13T07:51:43-05:00", "waiting_time": 0, "distance": 2605, "driving_time": 2503, "preparation_time": 0, "load_before": [0], "load_after": [0]}, {"type": "service", "id": "1600477000_04", "location_id": "1600477000", "address": {"location_id": "1600477000", "lat": 42.29617813, "lon": -71.05518321}, "arr_time": 1676292713, "arr_date_time": "2023-02-13T07:51:53-05:00", "end_time": 1676293013, "end_date_time": "2023-02-13T07:56:53-05:00", "waiting_time": 0, "distance": 2616, "driving_time": 2513, "preparation_time": 0, "load_before": [0], "load_after": [0]}, {"type": "service", "id": "1600502000_09", "location_id": "1600502000", "address": {"location_id": "1600502000", "lat": 42.29675414, "lon": -71.05521981}, "arr_time": 1676293059, "arr_date_time": "2023-02-13T07:57:39-05:00", "end_time": 1676293359, "end_date_time": "2023-02-13T08:02:39-05:00", "waiting_time": 0, "distance": 2663, "driving_time": 2559, "preparation_time": 0, "load_before": [0], "load_after": [0]}, {"type": "service", "id": "1600505000_10", "location_id": "1600505000", "address": {"location_id": "1600505000", "lat": 42.29694632, "lon": -71.05520063}, "arr_time": 1676293452, "arr_date_time": "2023-02-13T08:04:12-05:00", "end_time": 1676293752, "end_date_time": "2023-02-13T08:09:12-05:00", "waiting_time": 0, "distance": 2760, "driving_time": 2652, "preparation_time": 0, "load_before": [0], "load_after": [0]}, {"type": "service", "id": "1600508000_11", "location_id": "1600508000", "address": {"location_id": "1600508000", "lat": 42.29710729, "lon": -71.05463526}, "arr_time": 1676293795, "arr_date_time": "2023-02-13T08:09:55-05:00", "end_time": 1676294095, "end_date_time": "2023-02-13T08:14:55-05:00", "waiting_time": 0, "distance": 2805, "driving_time": 2695, "preparation_time": 0, "load_before": [0], "load_after": [0]}, {"type": "service", "id": "1600472000_02", "location_id": "1600472000", "address": {"location_id": "1600472000", "lat": 42.2967958, "lon": -71.05598933}, "arr_time": 1676294188, "arr_date_time": "2023-02-13T08:16:28-05:00", "end_time": 1676294488, "end_date_time": "2023-02-13T08:21:28-05:00", "waiting_time": 0, "distance": 2902, "driving_time": 2788, "preparation_time": 0, "load_before": [0], "load_after": [0]}, {"type": "service", "id": "1600471000_01", "location_id": "1600471000", "address": {"location_id": "1600471000", "lat": 42.29695564, "lon": -71.05620422}, "arr_time": 1676294512, "arr_date_time": "2023-02-13T08:21:52-05:00", "end_time": 1676294812, "end_date_time": "2023-02-13T08:26:52-05:00", "waiting_time": 0, "distance": 2927, "driving_time": 2812, "preparation_time": 0, "load_before": [0], "load_after": [0]}, {"type": "service", "id": "1600662000_14", "location_id": "1600662000", "address": {"location_id": "1600662000", "lat": 42.29890839, "lon": -71.05805685}, "arr_time": 1676295073, "arr_date_time": "2023-02-13T08:31:13-05:00", "end_time": 1676295373, "end_date_time": "2023-02-13T08:36:13-05:00", "waiting_time": 0, "distance": 3199, "driving_time": 3073, "preparation_time": 0, "load_before": [0], "load_after": [0]}, {"type": "end", "location_id": "1600565000", "address": {"location_id": "1600565000", "lat": 42.2993519, "lon": -71.0574978}, "arr_time": 1676295501, "arr_date_time": "2023-02-13T08:38:21-05:00", "end_time": 1676295501, "end_date_time": "2023-02-13T08:38:21-05:00", "waiting_time": 0, "distance": 3332, "driving_time": 3201, "preparation_time": 0, "load_before": [0]}]}], "unassigned": {"services": [], "shipments": [], "breaks": [], "details": []}}}