{"copyrights": ["GraphHopper", "OpenStreetMap contributors"], "job_id": "64fc86fd-8a1c-40f0-8f97-f62fd92d93bb", "status": "finished", "waiting_time_in_queue": 0, "processing_time": 207, "solution": {"costs": 366, "distance": 3335, "time": 3204, "transport_time": 3204, "completion_time": 20604, "max_operation_time": 20604, "waiting_time": 0, "service_duration": 17400, "preparation_time": 0, "no_vehicles": 1, "no_unassigned": 0, "routes": [{"vehicle_id": "my_vehicle", "shift_id": "default-shift", "distance": 3335, "transport_time": 3204, "completion_time": 20604, "waiting_time": 0, "service_duration": 17400, "preparation_time": 0, "activities": [{"type": "start", "location_id": "1702365000", "address": {"location_id": "1702365000", "lat": 42.30002759, "lon": -71.06669083}, "arr_time": 1676278800, "arr_date_time": "2023-02-13T04:00:00-05:00", "end_time": 1676278800, "end_date_time": "2023-02-13T04:00:00-05:00", "waiting_time": 0, "distance": 0, "driving_time": 0, "preparation_time": 0, "load_after": [0]}, {"type": "service", "id": "1702358000_58", "location_id": "1702358000", "address": {"location_id": "1702358000", "lat": 42.29976297, "lon": -71.06768441}, "arr_time": 1676278884, "arr_date_time": "2023-02-13T04:01:24-05:00", "end_time": 1676279184, "end_date_time": "2023-02-13T04:06:24-05:00", "waiting_time": 0, "distance": 87, "driving_time": 84, "preparation_time": 0, "load_before": [0], "load_after": [0]}, {"type": "service", "id": "1702354000_57", "location_id": "1702354000", "address": {"location_id": "1702354000", "lat": 42.29967884, "lon": -71.06826652}, "arr_time": 1676279233, "arr_date_time": "2023-02-13T04:07:13-05:00", "end_time": 1676279533, "end_date_time": "2023-02-13T04:12:13-05:00", "waiting_time": 0, "distance": 139, "driving_time": 133, "preparation_time": 0, "load_before": [0], "load_after": [0]}, {"type": "service", "id": "1702345000_56", "location_id": "1702345000", "address": {"location_id": "1702345000", "lat": 42.2992662, "lon": -71.06945727}, "arr_time": 1676279660, "arr_date_time": "2023-02-13T04:14:20-05:00", "end_time": 1676279960, "end_date_time": "2023-02-13T04:19:20-05:00", "waiting_time": 0, "distance": 271, "driving_time": 260, "preparation_time": 0, "load_before": [0], "load_after": [0]}, {"type": "service", "id": "1702341000_55", "location_id": "1702341000", "address": {"location_id": "1702341000", "lat": 42.29907825, "lon": -71.07012165}, "arr_time": 1676280016, "arr_date_time": "2023-02-13T04:20:16-05:00", "end_time": 1676280316, "end_date_time": "2023-02-13T04:25:16-05:00", "waiting_time": 0, "distance": 330, "driving_time": 316, "preparation_time": 0, "load_before": [0], "load_after": [0]}, {"type": "service", "id": "1702328000_54", "location_id": "1702328000", "address": {"location_id": "1702328000", "lat": 42.29870004, "lon": -71.07036563}, "arr_time": 1676280555, "arr_date_time": "2023-02-13T04:29:15-05:00", "end_time": 1676280855, "end_date_time": "2023-02-13T04:34:15-05:00", "waiting_time": 0, "distance": 578, "driving_time": 555, "preparation_time": 0, "load_before": [0], "load_after": [0]}, {"type": "service", "id": "1702281000_39", "location_id": "1702281000", "address": {"location_id": "1702281000", "lat": 42.29858622, "lon": -71.06936594}, "arr_time": 1676280929, "arr_date_time": "2023-02-13T04:35:29-05:00", "end_time": 1676281229, "end_date_time": "2023-02-13T04:40:29-05:00", "waiting_time": 0, "distance": 656, "driving_time": 629, "preparation_time": 0, "load_before": [0], "load_after": [0]}, {"type": "service", "id": "1702320000_53", "location_id": "1702320000", "address": {"location_id": "1702320000", "lat": 42.29908824, "lon": -71.06902878}, "arr_time": 1676281275, "arr_date_time": "2023-02-13T04:41:15-05:00", "end_time": 1676281575, "end_date_time": "2023-02-13T04:46:15-05:00", "waiting_time": 0, "distance": 703, "driving_time": 675, "preparation_time": 0, "load_before": [0], "load_after": [0]}, {"type": "service", "id": "1702285000_40", "location_id": "1702285000", "address": {"location_id": "1702285000", "lat": 42.29879037, "lon": -71.06866888}, "arr_time": 1676281589, "arr_date_time": "2023-02-13T04:46:29-05:00", "end_time": 1676281889, "end_date_time": "2023-02-13T04:51:29-05:00", "waiting_time": 0, "distance": 718, "driving_time": 689, "preparation_time": 0, "load_before": [0], "load_after": [0]}, {"type": "service", "id": "1702289000_41", "location_id": "1702289000", "address": {"location_id": "1702289000", "lat": 42.29898689, "lon": -71.06799789}, "arr_time": 1676281947, "arr_date_time": "2023-02-13T04:52:27-05:00", "end_time": 1676282247, "end_date_time": "2023-02-13T04:57:27-05:00", "waiting_time": 0, "distance": 777, "driving_time": 747, "preparation_time": 0, "load_before": [0], "load_after": [0]}, {"type": "service", "id": "1702313000_52", "location_id": "1702313000", "address": {"location_id": "1702313000", "lat": 42.29940877, "lon": -71.06792966}, "arr_time": 1676282268, "arr_date_time": "2023-02-13T04:57:48-05:00", "end_time": 1676282568, "end_date_time": "2023-02-13T05:02:48-05:00", "waiting_time": 0, "distance": 800, "driving_time": 768, "preparation_time": 0, "load_before": [0], "load_after": [0]}, {"type": "service", "id": "1702312000_51", "location_id": "1702312000", "address": {"location_id": "1702312000", "lat": 42.29946761, "lon": -71.06772199}, "arr_time": 1676282585, "arr_date_time": "2023-02-13T05:03:05-05:00", "end_time": 1676282885, "end_date_time": "2023-02-13T05:08:05-05:00", "waiting_time": 0, "distance": 818, "driving_time": 785, "preparation_time": 0, "load_before": [0], "load_after": [0]}, {"type": "service", "id": "1702292000_42", "location_id": "1702292000", "address": {"location_id": "1702292000", "lat": 42.29916035, "lon": -71.0674177}, "arr_time": 1676282895, "arr_date_time": "2023-02-13T05:08:15-05:00", "end_time": 1676283195, "end_date_time": "2023-02-13T05:13:15-05:00", "waiting_time": 0, "distance": 828, "driving_time": 795, "preparation_time": 0, "load_before": [0], "load_after": [0]}, {"type": "service", "id": "1702311000_50", "location_id": "1702311000", "address": {"location_id": "1702311000", "lat": 42.29951457, "lon": -71.06755774}, "arr_time": 1676283199, "arr_date_time": "2023-02-13T05:13:19-05:00", "end_time": 1676283499, "end_date_time": "2023-02-13T05:18:19-05:00", "waiting_time": 0, "distance": 832, "driving_time": 799, "preparation_time": 0, "load_before": [0], "load_after": [0]}, {"type": "service", "id": "1702310000_49", "location_id": "1702310000", "address": {"location_id": "1702310000", "lat": 42.29956651, "lon": -71.06737751}, "arr_time": 1676283513, "arr_date_time": "2023-02-13T05:18:33-05:00", "end_time": 1676283813, "end_date_time": "2023-02-13T05:23:33-05:00", "waiting_time": 0, "distance": 848, "driving_time": 813, "preparation_time": 0, "load_before": [0], "load_after": [0]}, {"type": "service", "id": "1702309000_48", "location_id": "1702309000", "address": {"location_id": "1702309000", "lat": 42.29961683, "lon": -71.06720308}, "arr_time": 1676283828, "arr_date_time": "2023-02-13T05:23:48-05:00", "end_time": 1676284128, "end_date_time": "2023-02-13T05:28:48-05:00", "waiting_time": 0, "distance": 863, "driving_time": 828, "preparation_time": 0, "load_before": [0], "load_after": [0]}, {"type": "service", "id": "1702307000_47", "location_id": "1702307000", "address": {"location_id": "1702307000", "lat": 42.2997172, "lon": -71.06685911}, "arr_time": 1676284157, "arr_date_time": "2023-02-13T05:29:17-05:00", "end_time": 1676284457, "end_date_time": "2023-02-13T05:34:17-05:00", "waiting_time": 0, "distance": 893, "driving_time": 857, "preparation_time": 0, "load_before": [0], "load_after": [0]}, {"type": "service", "id": "1702297000_43", "location_id": "1702297000", "address": {"location_id": "1702297000", "lat": 42.2994196, "lon": -71.06653447}, "arr_time": 1676284469, "arr_date_time": "2023-02-13T05:34:29-05:00", "end_time": 1676284769, "end_date_time": "2023-02-13T05:39:29-05:00", "waiting_time": 0, "distance": 905, "driving_time": 869, "preparation_time": 0, "load_before": [0], "load_after": [0]}, {"type": "service", "id": "1702306000_46", "location_id": "1702306000", "address": {"location_id": "1702306000", "lat": 42.29976491, "lon": -71.06669145}, "arr_time": 1676284772, "arr_date_time": "2023-02-13T05:39:32-05:00", "end_time": 1676285072, "end_date_time": "2023-02-13T05:44:32-05:00", "waiting_time": 0, "distance": 908, "driving_time": 872, "preparation_time": 0, "load_before": [0], "load_after": [0]}, {"type": "service", "id": "1702298000_44", "location_id": "1702298000", "address": {"location_id": "1702298000", "lat": 42.29947094, "lon": -71.06636027}, "arr_time": 1676285084, "arr_date_time": "2023-02-13T05:44:44-05:00", "end_time": 1676285384, "end_date_time": "2023-02-13T05:49:44-05:00", "waiting_time": 0, "distance": 921, "driving_time": 884, "preparation_time": 0, "load_before": [0], "load_after": [0]}, {"type": "service", "id": "1702305000_45", "location_id": "1702305000", "address": {"location_id": "1702305000", "lat": 42.29981347, "lon": -71.06652519}, "arr_time": 1676285385, "arr_date_time": "2023-02-13T05:49:45-05:00", "end_time": 1676285685, "end_date_time": "2023-02-13T05:54:45-05:00", "waiting_time": 0, "distance": 923, "driving_time": 885, "preparation_time": 0, "load_before": [0], "load_after": [0]}, {"type": "service", "id": "1701232000_22", "location_id": "1701232000", "address": {"location_id": "1701232000", "lat": 42.29858222, "lon": -71.06619125}, "arr_time": 1676285985, "arr_date_time": "2023-02-13T05:59:45-05:00", "end_time": 1676286285, "end_date_time": "2023-02-13T06:04:45-05:00", "waiting_time": 0, "distance": 1235, "driving_time": 1185, "preparation_time": 0, "load_before": [0], "load_after": [0]}, {"type": "service", "id": "1701238000_23", "location_id": "1701238000", "address": {"location_id": "1701238000", "lat": 42.298249, "lon": -71.06715356}, "arr_time": 1676286389, "arr_date_time": "2023-02-13T06:06:29-05:00", "end_time": 1676286689, "end_date_time": "2023-02-13T06:11:29-05:00", "waiting_time": 0, "distance": 1343, "driving_time": 1289, "preparation_time": 0, "load_before": [0], "load_after": [0]}, {"type": "service", "id": "1701229000_21", "location_id": "1701229000", "address": {"location_id": "1701229000", "lat": 42.29790333, "lon": -71.06714127}, "arr_time": 1676286703, "arr_date_time": "2023-02-13T06:11:43-05:00", "end_time": 1676287003, "end_date_time": "2023-02-13T06:16:43-05:00", "waiting_time": 0, "distance": 1356, "driving_time": 1303, "preparation_time": 0, "load_before": [0], "load_after": [0]}, {"type": "service", "id": "1701228000_20", "location_id": "1701228000", "address": {"location_id": "1701228000", "lat": 42.29782847, "lon": -71.06733706}, "arr_time": 1676287020, "arr_date_time": "2023-02-13T06:17:00-05:00", "end_time": 1676287320, "end_date_time": "2023-02-13T06:22:00-05:00", "waiting_time": 0, "distance": 1374, "driving_time": 1320, "preparation_time": 0, "load_before": [0], "load_after": [0]}, {"type": "service", "id": "1701241000_24", "location_id": "1701241000", "address": {"location_id": "1701241000", "lat": 42.29809269, "lon": -71.06768776}, "arr_time": 1676287335, "arr_date_time": "2023-02-13T06:22:15-05:00", "end_time": 1676287635, "end_date_time": "2023-02-13T06:27:15-05:00", "waiting_time": 0, "distance": 1390, "driving_time": 1335, "preparation_time": 0, "load_before": [0], "load_after": [0]}, {"type": "service", "id": "1701242000_25", "location_id": "1701242000", "address": {"location_id": "1701242000", "lat": 42.29803593, "lon": -71.0678789}, "arr_time": 1676287651, "arr_date_time": "2023-02-13T06:27:31-05:00", "end_time": 1676287951, "end_date_time": "2023-02-13T06:32:31-05:00", "waiting_time": 0, "distance": 1407, "driving_time": 1351, "preparation_time": 0, "load_before": [0], "load_after": [0]}, {"type": "service", "id": "1701244000_26", "location_id": "1701244000", "address": {"location_id": "1701244000", "lat": 42.29792663, "lon": -71.06824892}, "arr_time": 1676287983, "arr_date_time": "2023-02-13T06:33:03-05:00", "end_time": 1676288283, "end_date_time": "2023-02-13T06:38:03-05:00", "waiting_time": 0, "distance": 1440, "driving_time": 1383, "preparation_time": 0, "load_before": [0], "load_after": [0]}, {"type": "service", "id": "1701247000_27", "location_id": "1701247000", "address": {"location_id": "1701247000", "lat": 42.29774999, "lon": -71.06883893}, "arr_time": 1676288333, "arr_date_time": "2023-02-13T06:38:53-05:00", "end_time": 1676288633, "end_date_time": "2023-02-13T06:43:53-05:00", "waiting_time": 0, "distance": 1492, "driving_time": 1433, "preparation_time": 0, "load_before": [0], "load_after": [0]}, {"type": "service", "id": "1701248000_28", "location_id": "1701248000", "address": {"location_id": "1701248000", "lat": 42.29770057, "lon": -71.0690114}, "arr_time": 1676288649, "arr_date_time": "2023-02-13T06:44:09-05:00", "end_time": 1676288949, "end_date_time": "2023-02-13T06:49:09-05:00", "waiting_time": 0, "distance": 1509, "driving_time": 1449, "preparation_time": 0, "load_before": [0], "load_after": [0]}, {"type": "service", "id": "1701249000_29", "location_id": "1701249000", "address": {"location_id": "1701249000", "lat": 42.29764767, "lon": -71.06919862}, "arr_time": 1676288965, "arr_date_time": "2023-02-13T06:49:25-05:00", "end_time": 1676289265, "end_date_time": "2023-02-13T06:54:25-05:00", "waiting_time": 0, "distance": 1525, "driving_time": 1465, "preparation_time": 0, "load_before": [0], "load_after": [0]}, {"type": "service", "id": "1701252000_30", "location_id": "1701252000", "address": {"location_id": "1701252000", "lat": 42.29748087, "lon": -71.06976332}, "arr_time": 1676289313, "arr_date_time": "2023-02-13T06:55:13-05:00", "end_time": 1676289613, "end_date_time": "2023-02-13T07:00:13-05:00", "waiting_time": 0, "distance": 1575, "driving_time": 1513, "preparation_time": 0, "load_before": [0], "load_after": [0]}, {"type": "service", "id": "1701210000_19", "location_id": "1701210000", "address": {"location_id": "1701210000", "lat": 42.29686915, "lon": -71.07003777}, "arr_time": 1676289743, "arr_date_time": "2023-02-13T07:02:23-05:00", "end_time": 1676290043, "end_date_time": "2023-02-13T07:07:23-05:00", "waiting_time": 0, "distance": 1709, "driving_time": 1643, "preparation_time": 0, "load_before": [0], "load_after": [0]}, {"type": "service", "id": "1701176000_08", "location_id": "1701176000", "address": {"location_id": "1701176000", "lat": 42.29657804, "lon": -71.06979296}, "arr_time": 1676290063, "arr_date_time": "2023-02-13T07:07:43-05:00", "end_time": 1676290363, "end_date_time": "2023-02-13T07:12:43-05:00", "waiting_time": 0, "distance": 1730, "driving_time": 1663, "preparation_time": 0, "load_before": [0], "load_after": [0]}, {"type": "service", "id": "1701209000_18", "location_id": "1701209000", "address": {"location_id": "1701209000", "lat": 42.29688267, "lon": -71.06976408}, "arr_time": 1676290367, "arr_date_time": "2023-02-13T07:12:47-05:00", "end_time": 1676290667, "end_date_time": "2023-02-13T07:17:47-05:00", "waiting_time": 0, "distance": 1734, "driving_time": 1667, "preparation_time": 0, "load_before": [0], "load_after": [0]}, {"type": "service", "id": "1701208000_17", "location_id": "1701208000", "address": {"location_id": "1701208000", "lat": 42.29693653, "lon": -71.06956357}, "arr_time": 1676290687, "arr_date_time": "2023-02-13T07:18:07-05:00", "end_time": 1676290987, "end_date_time": "2023-02-13T07:23:07-05:00", "waiting_time": 0, "distance": 1754, "driving_time": 1687, "preparation_time": 0, "load_before": [0], "load_after": [0]}, {"type": "service", "id": "1701204000_16", "location_id": "1701204000", "address": {"location_id": "1701204000", "lat": 42.29712561, "lon": -71.06891332}, "arr_time": 1676291045, "arr_date_time": "2023-02-13T07:24:05-05:00", "end_time": 1676291345, "end_date_time": "2023-02-13T07:29:05-05:00", "waiting_time": 0, "distance": 1815, "driving_time": 1745, "preparation_time": 0, "load_before": [0], "load_after": [0]}, {"type": "service", "id": "1701183000_09", "location_id": "1701183000", "address": {"location_id": "1701183000", "lat": 42.29686322, "lon": -71.06854671}, "arr_time": 1676291361, "arr_date_time": "2023-02-13T07:29:21-05:00", "end_time": 1676291661, "end_date_time": "2023-02-13T07:34:21-05:00", "waiting_time": 0, "distance": 1832, "driving_time": 1761, "preparation_time": 0, "load_before": [0], "load_after": [0]}, {"type": "service", "id": "1701186000_10", "location_id": "1701186000", "address": {"location_id": "1701186000", "lat": 42.29703283, "lon": -71.0680348}, "arr_time": 1676291705, "arr_date_time": "2023-02-13T07:35:05-05:00", "end_time": 1676292005, "end_date_time": "2023-02-13T07:40:05-05:00", "waiting_time": 0, "distance": 1878, "driving_time": 1805, "preparation_time": 0, "load_before": [0], "load_after": [0]}, {"type": "service", "id": "1701187000_11", "location_id": "1701187000", "address": {"location_id": "1701187000", "lat": 42.29708998, "lon": -71.06784271}, "arr_time": 1676292021, "arr_date_time": "2023-02-13T07:40:21-05:00", "end_time": 1676292321, "end_date_time": "2023-02-13T07:45:21-05:00", "waiting_time": 0, "distance": 1895, "driving_time": 1821, "preparation_time": 0, "load_before": [0], "load_after": [0]}, {"type": "service", "id": "1701197000_15", "location_id": "1701197000", "address": {"location_id": "1701197000", "lat": 42.29748895, "lon": -71.06768014}, "arr_time": 1676292349, "arr_date_time": "2023-02-13T07:45:49-05:00", "end_time": 1676292649, "end_date_time": "2023-02-13T07:50:49-05:00", "waiting_time": 0, "distance": 1924, "driving_time": 1849, "preparation_time": 0, "load_before": [0], "load_after": [0]}, {"type": "service", "id": "1701195000_14", "location_id": "1701195000", "address": {"location_id": "1701195000", "lat": 42.29759155, "lon": -71.06733416}, "arr_time": 1676292679, "arr_date_time": "2023-02-13T07:51:19-05:00", "end_time": 1676292979, "end_date_time": "2023-02-13T07:56:19-05:00", "waiting_time": 0, "distance": 1955, "driving_time": 1879, "preparation_time": 0, "load_before": [0], "load_after": [0]}, {"type": "service", "id": "1701194000_13", "location_id": "1701194000", "address": {"location_id": "1701194000", "lat": 42.29763922, "lon": -71.06717067}, "arr_time": 1676292992, "arr_date_time": "2023-02-13T07:56:32-05:00", "end_time": 1676293292, "end_date_time": "2023-02-13T08:01:32-05:00", "waiting_time": 0, "distance": 1969, "driving_time": 1892, "preparation_time": 0, "load_before": [0], "load_after": [0]}, {"type": "service", "id": "1701133000_02", "location_id": "1701133000", "address": {"location_id": "1701133000", "lat": 42.29761793, "lon": -71.06639963}, "arr_time": 1676293340, "arr_date_time": "2023-02-13T08:02:20-05:00", "end_time": 1676293640, "end_date_time": "2023-02-13T08:07:20-05:00", "waiting_time": 0, "distance": 2019, "driving_time": 1940, "preparation_time": 0, "load_before": [0], "load_after": [0]}, {"type": "service", "id": "1701192000_12", "location_id": "1701192000", "address": {"location_id": "1701192000", "lat": 42.29775919, "lon": -71.06681034}, "arr_time": 1676293641, "arr_date_time": "2023-02-13T08:07:21-05:00", "end_time": 1676293941, "end_date_time": "2023-02-13T08:12:21-05:00", "waiting_time": 0, "distance": 2020, "driving_time": 1941, "preparation_time": 0, "load_before": [0], "load_after": [0]}, {"type": "service", "id": "1701130000_01", "location_id": "1701130000", "address": {"location_id": "1701130000", "lat": 42.29721557, "lon": -71.06654778}, "arr_time": 1676293989, "arr_date_time": "2023-02-13T08:13:09-05:00", "end_time": 1676294289, "end_date_time": "2023-02-13T08:18:09-05:00", "waiting_time": 0, "distance": 2070, "driving_time": 1989, "preparation_time": 0, "load_before": [0], "load_after": [0]}, {"type": "service", "id": "1701155000_03", "location_id": "1701155000", "address": {"location_id": "1701155000", "lat": 42.29699022, "lon": -71.0672909}, "arr_time": 1676294353, "arr_date_time": "2023-02-13T08:19:13-05:00", "end_time": 1676294653, "end_date_time": "2023-02-13T08:24:13-05:00", "waiting_time": 0, "distance": 2137, "driving_time": 2053, "preparation_time": 0, "load_before": [0], "load_after": [0]}, {"type": "service", "id": "1701157000_04", "location_id": "1701157000", "address": {"location_id": "1701157000", "lat": 42.29689615, "lon": -71.0676264}, "arr_time": 1676294681, "arr_date_time": "2023-02-13T08:24:41-05:00", "end_time": 1676294981, "end_date_time": "2023-02-13T08:29:41-05:00", "waiting_time": 0, "distance": 2167, "driving_time": 2081, "preparation_time": 0, "load_before": [0], "load_after": [0]}, {"type": "service", "id": "1701158000_05", "location_id": "1701158000", "address": {"location_id": "1701158000", "lat": 42.29684751, "lon": -71.06779923}, "arr_time": 1676294996, "arr_date_time": "2023-02-13T08:29:56-05:00", "end_time": 1676295296, "end_date_time": "2023-02-13T08:34:56-05:00", "waiting_time": 0, "distance": 2182, "driving_time": 2096, "preparation_time": 0, "load_before": [0], "load_after": [0]}, {"type": "service", "id": "1701159000_06", "location_id": "1701159000", "address": {"location_id": "1701159000", "lat": 42.29679458, "lon": -71.067963}, "arr_time": 1676295311, "arr_date_time": "2023-02-13T08:35:11-05:00", "end_time": 1676295611, "end_date_time": "2023-02-13T08:40:11-05:00", "waiting_time": 0, "distance": 2197, "driving_time": 2111, "preparation_time": 0, "load_before": [0], "load_after": [0]}, {"type": "service", "id": "1701168000_07", "location_id": "1701168000", "address": {"location_id": "1701168000", "lat": 42.29633491, "lon": -71.06971792}, "arr_time": 1676295759, "arr_date_time": "2023-02-13T08:42:39-05:00", "end_time": 1676296059, "end_date_time": "2023-02-13T08:47:39-05:00", "waiting_time": 0, "distance": 2351, "driving_time": 2259, "preparation_time": 0, "load_before": [0], "load_after": [0]}, {"type": "service", "id": "1702265000_38", "location_id": "1702265000", "address": {"location_id": "1702265000", "lat": 42.29813545, "lon": -71.06989351}, "arr_time": 1676296375, "arr_date_time": "2023-02-13T08:52:55-05:00", "end_time": 1676296675, "end_date_time": "2023-02-13T08:57:55-05:00", "waiting_time": 0, "distance": 2680, "driving_time": 2575, "preparation_time": 0, "load_before": [0], "load_after": [0]}, {"type": "service", "id": "1702264000_37", "location_id": "1702264000", "address": {"location_id": "1702264000", "lat": 42.29818136, "lon": -71.06974039}, "arr_time": 1676296688, "arr_date_time": "2023-02-13T08:58:08-05:00", "end_time": 1676296988, "end_date_time": "2023-02-13T09:03:08-05:00", "waiting_time": 0, "distance": 2694, "driving_time": 2588, "preparation_time": 0, "load_before": [0], "load_after": [0]}, {"type": "service", "id": "1702261000_36", "location_id": "1702261000", "address": {"location_id": "1702261000", "lat": 42.29834362, "lon": -71.06919137}, "arr_time": 1676297035, "arr_date_time": "2023-02-13T09:03:55-05:00", "end_time": 1676297335, "end_date_time": "2023-02-13T09:08:55-05:00", "waiting_time": 0, "distance": 2743, "driving_time": 2635, "preparation_time": 0, "load_before": [0], "load_after": [0]}, {"type": "service", "id": "1701266000_31", "location_id": "1701266000", "address": {"location_id": "1701266000", "lat": 42.2980049, "lon": -71.06887053}, "arr_time": 1676297349, "arr_date_time": "2023-02-13T09:09:09-05:00", "end_time": 1676297649, "end_date_time": "2023-02-13T09:14:09-05:00", "waiting_time": 0, "distance": 2758, "driving_time": 2649, "preparation_time": 0, "load_before": [0], "load_after": [0]}, {"type": "service", "id": "1701269000_32", "location_id": "1701269000", "address": {"location_id": "1701269000", "lat": 42.29816132, "lon": -71.06835604}, "arr_time": 1676297693, "arr_date_time": "2023-02-13T09:14:53-05:00", "end_time": 1676297993, "end_date_time": "2023-02-13T09:19:53-05:00", "waiting_time": 0, "distance": 2804, "driving_time": 2693, "preparation_time": 0, "load_before": [0], "load_after": [0]}, {"type": "service", "id": "1702254000_35", "location_id": "1702254000", "address": {"location_id": "1702254000", "lat": 42.29869977, "lon": -71.06797692}, "arr_time": 1676298043, "arr_date_time": "2023-02-13T09:20:43-05:00", "end_time": 1676298343, "end_date_time": "2023-02-13T09:25:43-05:00", "waiting_time": 0, "distance": 2855, "driving_time": 2743, "preparation_time": 0, "load_before": [0], "load_after": [0]}, {"type": "service", "id": "1701276000_33", "location_id": "1701276000", "address": {"location_id": "1701276000", "lat": 42.29850974, "lon": -71.06717033}, "arr_time": 1676298395, "arr_date_time": "2023-02-13T09:26:35-05:00", "end_time": 1676298695, "end_date_time": "2023-02-13T09:31:35-05:00", "waiting_time": 0, "distance": 2909, "driving_time": 2795, "preparation_time": 0, "load_before": [0], "load_after": [0]}, {"type": "service", "id": "1701280000_34", "location_id": "1701280000", "address": {"location_id": "1701280000", "lat": 42.29871739, "lon": -71.06651802}, "arr_time": 1676298751, "arr_date_time": "2023-02-13T09:32:31-05:00", "end_time": 1676299051, "end_date_time": "2023-02-13T09:37:31-05:00", "waiting_time": 0, "distance": 2967, "driving_time": 2851, "preparation_time": 0, "load_before": [0], "load_after": [0]}, {"type": "end", "location_id": "1702365000", "address": {"location_id": "1702365000", "lat": 42.30002759, "lon": -71.06669083}, "arr_time": 1676299404, "arr_date_time": "2023-02-13T09:43:24-05:00", "end_time": 1676299404, "end_date_time": "2023-02-13T09:43:24-05:00", "waiting_time": 0, "distance": 3335, "driving_time": 3204, "preparation_time": 0, "load_before": [0]}]}], "unassigned": {"services": [], "shipments": [], "breaks": [], "details": []}}}