{"copyrights": ["GraphHopper", "OpenStreetMap contributors"], "job_id": "3fb97950-7108-4e3e-8a41-d6c52358b259", "status": "finished", "waiting_time_in_queue": 0, "processing_time": 106, "solution": {"costs": 351, "distance": 2445, "time": 2345, "transport_time": 2345, "completion_time": 18845, "max_operation_time": 18845, "waiting_time": 0, "service_duration": 16500, "preparation_time": 0, "no_vehicles": 1, "no_unassigned": 0, "routes": [{"vehicle_id": "my_vehicle", "shift_id": "default-shift", "distance": 2445, "transport_time": 2345, "completion_time": 18845, "waiting_time": 0, "service_duration": 16500, "preparation_time": 0, "activities": [{"type": "start", "location_id": "1800758000", "address": {"location_id": "1800758000", "lat": 42.27904961, "lon": -71.08478167}, "arr_time": 1676278800, "arr_date_time": "2023-02-13T04:00:00-05:00", "end_time": 1676278800, "end_date_time": "2023-02-13T04:00:00-05:00", "waiting_time": 0, "distance": 0, "driving_time": 0, "preparation_time": 0, "load_after": [0]}, {"type": "service", "id": "1800761000_49", "location_id": "1800761000", "address": {"location_id": "1800761000", "lat": 42.27877486, "lon": -71.0851528}, "arr_time": 1676278839, "arr_date_time": "2023-02-13T04:00:39-05:00", "end_time": 1676279139, "end_date_time": "2023-02-13T04:05:39-05:00", "waiting_time": 0, "distance": 40, "driving_time": 39, "preparation_time": 0, "load_before": [0], "load_after": [0]}, {"type": "service", "id": "1800759000_48", "location_id": "1800759000", "address": {"location_id": "1800759000", "lat": 42.27893628, "lon": -71.08488548}, "arr_time": 1676279172, "arr_date_time": "2023-02-13T04:06:12-05:00", "end_time": 1676279472, "end_date_time": "2023-02-13T04:11:12-05:00", "waiting_time": 0, "distance": 74, "driving_time": 72, "preparation_time": 0, "load_before": [0], "load_after": [0]}, {"type": "service", "id": "1800762000_50", "location_id": "1800762000", "address": {"location_id": "1800762000", "lat": 42.27869018, "lon": -71.08498224}, "arr_time": 1676279480, "arr_date_time": "2023-02-13T04:11:20-05:00", "end_time": 1676279780, "end_date_time": "2023-02-13T04:16:20-05:00", "waiting_time": 0, "distance": 83, "driving_time": 80, "preparation_time": 0, "load_before": [0], "load_after": [0]}, {"type": "service", "id": "1800772000_51", "location_id": "1800772000", "address": {"location_id": "1800772000", "lat": 42.27767073, "lon": -71.08601907}, "arr_time": 1676279944, "arr_date_time": "2023-02-13T04:19:04-05:00", "end_time": 1676280244, "end_date_time": "2023-02-13T04:24:04-05:00", "waiting_time": 0, "distance": 254, "driving_time": 244, "preparation_time": 0, "load_before": [0], "load_after": [0]}, {"type": "service", "id": "1800774000_52", "location_id": "1800774000", "address": {"location_id": "1800774000", "lat": 42.2774677, "lon": -71.08619723}, "arr_time": 1676280269, "arr_date_time": "2023-02-13T04:24:29-05:00", "end_time": 1676280569, "end_date_time": "2023-02-13T04:29:29-05:00", "waiting_time": 0, "distance": 281, "driving_time": 269, "preparation_time": 0, "load_before": [0], "load_after": [0]}, {"type": "service", "id": "1800776000_53", "location_id": "1800776000", "address": {"location_id": "1800776000", "lat": 42.27725852, "lon": -71.08637986}, "arr_time": 1676280596, "arr_date_time": "2023-02-13T04:29:56-05:00", "end_time": 1676280896, "end_date_time": "2023-02-13T04:34:56-05:00", "waiting_time": 0, "distance": 309, "driving_time": 296, "preparation_time": 0, "load_before": [0], "load_after": [0]}, {"type": "service", "id": "1800779000_54", "location_id": "1800779000", "address": {"location_id": "1800779000", "lat": 42.27693853, "lon": -71.08666373}, "arr_time": 1676280937, "arr_date_time": "2023-02-13T04:35:37-05:00", "end_time": 1676281237, "end_date_time": "2023-02-13T04:40:37-05:00", "waiting_time": 0, "distance": 352, "driving_time": 337, "preparation_time": 0, "load_before": [0], "load_after": [0]}, {"type": "service", "id": "1800783000_55", "location_id": "1800783000", "address": {"location_id": "1800783000", "lat": 42.27654583, "lon": -71.0870153}, "arr_time": 1676281288, "arr_date_time": "2023-02-13T04:41:28-05:00", "end_time": 1676281588, "end_date_time": "2023-02-13T04:46:28-05:00", "waiting_time": 0, "distance": 404, "driving_time": 388, "preparation_time": 0, "load_before": [0], "load_after": [0]}, {"type": "service", "id": "1800666000_29", "location_id": "1800666000", "address": {"location_id": "1800666000", "lat": 42.27615896, "lon": -71.08725517}, "arr_time": 1676281633, "arr_date_time": "2023-02-13T04:47:13-05:00", "end_time": 1676281933, "end_date_time": "2023-02-13T04:52:13-05:00", "waiting_time": 0, "distance": 451, "driving_time": 433, "preparation_time": 0, "load_before": [0], "load_after": [0]}, {"type": "service", "id": "1800655010_22", "location_id": "1800655010", "address": {"location_id": "1800655010", "lat": 42.27589984, "lon": -71.08760541}, "arr_time": 1676281977, "arr_date_time": "2023-02-13T04:52:57-05:00", "end_time": 1676282277, "end_date_time": "2023-02-13T04:57:57-05:00", "waiting_time": 0, "distance": 496, "driving_time": 477, "preparation_time": 0, "load_before": [0], "load_after": [0]}, {"type": "service", "id": "1800666001_30", "location_id": "1800666001", "address": {"location_id": "1800666001", "lat": 42.27624473, "lon": -71.08743032}, "arr_time": 1676282285, "arr_date_time": "2023-02-13T04:58:05-05:00", "end_time": 1676282585, "end_date_time": "2023-02-13T05:03:05-05:00", "waiting_time": 0, "distance": 504, "driving_time": 485, "preparation_time": 0, "load_before": [0], "load_after": [0]}, {"type": "service", "id": "1800667000_31", "location_id": "1800667000", "address": {"location_id": "1800667000", "lat": 42.2763248, "lon": -71.08758971}, "arr_time": 1676282600, "arr_date_time": "2023-02-13T05:03:20-05:00", "end_time": 1676282900, "end_date_time": "2023-02-13T05:08:20-05:00", "waiting_time": 0, "distance": 520, "driving_time": 500, "preparation_time": 0, "load_before": [0], "load_after": [0]}, {"type": "service", "id": "1800653000_21", "location_id": "1800653000", "address": {"location_id": "1800653000", "lat": 42.27608938, "lon": -71.08798757}, "arr_time": 1676282913, "arr_date_time": "2023-02-13T05:08:33-05:00", "end_time": 1676283213, "end_date_time": "2023-02-13T05:13:33-05:00", "waiting_time": 0, "distance": 534, "driving_time": 513, "preparation_time": 0, "load_before": [0], "load_after": [0]}, {"type": "service", "id": "1800685000_39", "location_id": "1800685000", "address": {"location_id": "1800685000", "lat": 42.27657715, "lon": -71.08809022}, "arr_time": 1676283255, "arr_date_time": "2023-02-13T05:14:15-05:00", "end_time": 1676283555, "end_date_time": "2023-02-13T05:19:15-05:00", "waiting_time": 0, "distance": 576, "driving_time": 555, "preparation_time": 0, "load_before": [0], "load_after": [0]}, {"type": "service", "id": "1800683000_38", "location_id": "1800683000", "address": {"location_id": "1800683000", "lat": 42.27676385, "lon": -71.08803474}, "arr_time": 1676283573, "arr_date_time": "2023-02-13T05:19:33-05:00", "end_time": 1676283873, "end_date_time": "2023-02-13T05:24:33-05:00", "waiting_time": 0, "distance": 595, "driving_time": 573, "preparation_time": 0, "load_before": [0], "load_after": [0]}, {"type": "service", "id": "1800669000_32", "location_id": "1800669000", "address": {"location_id": "1800669000", "lat": 42.27652624, "lon": -71.08754972}, "arr_time": 1676283875, "arr_date_time": "2023-02-13T05:24:35-05:00", "end_time": 1676284175, "end_date_time": "2023-02-13T05:29:35-05:00", "waiting_time": 0, "distance": 597, "driving_time": 575, "preparation_time": 0, "load_before": [0], "load_after": [0]}, {"type": "service", "id": "1800673000_33", "location_id": "1800673000", "address": {"location_id": "1800673000", "lat": 42.27686023, "lon": -71.08724108}, "arr_time": 1676284217, "arr_date_time": "2023-02-13T05:30:17-05:00", "end_time": 1676284517, "end_date_time": "2023-02-13T05:35:17-05:00", "waiting_time": 0, "distance": 642, "driving_time": 617, "preparation_time": 0, "load_before": [0], "load_after": [0]}, {"type": "service", "id": "1800678000_37", "location_id": "1800678000", "address": {"location_id": "1800678000", "lat": 42.27729897, "lon": -71.08750965}, "arr_time": 1676284543, "arr_date_time": "2023-02-13T05:35:43-05:00", "end_time": 1676284843, "end_date_time": "2023-02-13T05:40:43-05:00", "waiting_time": 0, "distance": 669, "driving_time": 643, "preparation_time": 0, "load_before": [0], "load_after": [0]}, {"type": "service", "id": "1800675000_34", "location_id": "1800675000", "address": {"location_id": "1800675000", "lat": 42.27708372, "lon": -71.08703626}, "arr_time": 1676284845, "arr_date_time": "2023-02-13T05:40:45-05:00", "end_time": 1676285145, "end_date_time": "2023-02-13T05:45:45-05:00", "waiting_time": 0, "distance": 672, "driving_time": 645, "preparation_time": 0, "load_before": [0], "load_after": [0]}, {"type": "service", "id": "1800677000_36", "location_id": "1800677000", "address": {"location_id": "1800677000", "lat": 42.27740582, "lon": -71.08740853}, "arr_time": 1676285156, "arr_date_time": "2023-02-13T05:45:56-05:00", "end_time": 1676285456, "end_date_time": "2023-02-13T05:50:56-05:00", "waiting_time": 0, "distance": 683, "driving_time": 656, "preparation_time": 0, "load_before": [0], "load_after": [0]}, {"type": "service", "id": "1800676000_35", "location_id": "1800676000", "address": {"location_id": "1800676000", "lat": 42.27719912, "lon": -71.08693352}, "arr_time": 1676285460, "arr_date_time": "2023-02-13T05:51:00-05:00", "end_time": 1676285760, "end_date_time": "2023-02-13T05:56:00-05:00", "waiting_time": 0, "distance": 687, "driving_time": 660, "preparation_time": 0, "load_before": [0], "load_after": [0]}, {"type": "service", "id": "1800650000_20", "location_id": "1800650000", "address": {"location_id": "1800650000", "lat": 42.27629503, "lon": -71.08839993}, "arr_time": 1676285905, "arr_date_time": "2023-02-13T05:58:25-05:00", "end_time": 1676286205, "end_date_time": "2023-02-13T06:03:25-05:00", "waiting_time": 0, "distance": 839, "driving_time": 805, "preparation_time": 0, "load_before": [0], "load_after": [0]}, {"type": "service", "id": "1800689000_40", "location_id": "1800689000", "address": {"location_id": "1800689000", "lat": 42.27696344, "lon": -71.0883673}, "arr_time": 1676286312, "arr_date_time": "2023-02-13T06:05:12-05:00", "end_time": 1676286612, "end_date_time": "2023-02-13T06:10:12-05:00", "waiting_time": 0, "distance": 950, "driving_time": 912, "preparation_time": 0, "load_before": [0], "load_after": [0]}, {"type": "service", "id": "1800694000_43", "location_id": "1800694000", "address": {"location_id": "1800694000", "lat": 42.27745585, "lon": -71.08786268}, "arr_time": 1676286677, "arr_date_time": "2023-02-13T06:11:17-05:00", "end_time": 1676286977, "end_date_time": "2023-02-13T06:16:17-05:00", "waiting_time": 0, "distance": 1019, "driving_time": 977, "preparation_time": 0, "load_before": [0], "load_after": [0]}, {"type": "service", "id": "1800695000_44", "location_id": "1800695000", "address": {"location_id": "1800695000", "lat": 42.27755522, "lon": -71.08775212}, "arr_time": 1676286991, "arr_date_time": "2023-02-13T06:16:31-05:00", "end_time": 1676287291, "end_date_time": "2023-02-13T06:21:31-05:00", "waiting_time": 0, "distance": 1033, "driving_time": 991, "preparation_time": 0, "load_before": [0], "load_after": [0]}, {"type": "service", "id": "1800692000_42", "location_id": "1800692000", "address": {"location_id": "1800692000", "lat": 42.27725916, "lon": -71.08806516}, "arr_time": 1676287331, "arr_date_time": "2023-02-13T06:22:11-05:00", "end_time": 1676287631, "end_date_time": "2023-02-13T06:27:11-05:00", "waiting_time": 0, "distance": 1075, "driving_time": 1031, "preparation_time": 0, "load_before": [0], "load_after": [0]}, {"type": "service", "id": "1800690000_41", "location_id": "1800690000", "address": {"location_id": "1800690000", "lat": 42.27706051, "lon": -71.08826828}, "arr_time": 1676287657, "arr_date_time": "2023-02-13T06:27:37-05:00", "end_time": 1676287957, "end_date_time": "2023-02-13T06:32:37-05:00", "waiting_time": 0, "distance": 1103, "driving_time": 1057, "preparation_time": 0, "load_before": [0], "load_after": [0]}, {"type": "service", "id": "1800622000_08", "location_id": "1800622000", "address": {"location_id": "1800622000", "lat": 42.2761056, "lon": -71.08941485}, "arr_time": 1676288093, "arr_date_time": "2023-02-13T06:34:53-05:00", "end_time": 1676288393, "end_date_time": "2023-02-13T06:39:53-05:00", "waiting_time": 0, "distance": 1244, "driving_time": 1193, "preparation_time": 0, "load_before": [0], "load_after": [0]}, {"type": "service", "id": "1800621000_07", "location_id": "1800621000", "address": {"location_id": "1800621000", "lat": 42.27593182, "lon": -71.0895816}, "arr_time": 1676288416, "arr_date_time": "2023-02-13T06:40:16-05:00", "end_time": 1676288716, "end_date_time": "2023-02-13T06:45:16-05:00", "waiting_time": 0, "distance": 1268, "driving_time": 1216, "preparation_time": 0, "load_before": [0], "load_after": [0]}, {"type": "service", "id": "1800719000_45", "location_id": "1800719000", "address": {"location_id": "1800719000", "lat": 42.27593634, "lon": -71.0901024}, "arr_time": 1676288741, "arr_date_time": "2023-02-13T06:45:41-05:00", "end_time": 1676289041, "end_date_time": "2023-02-13T06:50:41-05:00", "waiting_time": 0, "distance": 1294, "driving_time": 1241, "preparation_time": 0, "load_before": [0], "load_after": [0]}, {"type": "service", "id": "1800720000_46", "location_id": "1800720000", "address": {"location_id": "1800720000", "lat": 42.27583837, "lon": -71.09020339}, "arr_time": 1676289055, "arr_date_time": "2023-02-13T06:50:55-05:00", "end_time": 1676289355, "end_date_time": "2023-02-13T06:55:55-05:00", "waiting_time": 0, "distance": 1308, "driving_time": 1255, "preparation_time": 0, "load_before": [0], "load_after": [0]}, {"type": "service", "id": "1800721000_47", "location_id": "1800721000", "address": {"location_id": "1800721000", "lat": 42.27574783, "lon": -71.09029935}, "arr_time": 1676289367, "arr_date_time": "2023-02-13T06:56:07-05:00", "end_time": 1676289667, "end_date_time": "2023-02-13T07:01:07-05:00", "waiting_time": 0, "distance": 1321, "driving_time": 1267, "preparation_time": 0, "load_before": [0], "load_after": [0]}, {"type": "service", "id": "1800558000_01", "location_id": "1800558000", "address": {"location_id": "1800558000", "lat": 42.27551182, "lon": -71.08966974}, "arr_time": 1676289727, "arr_date_time": "2023-02-13T07:02:07-05:00", "end_time": 1676290027, "end_date_time": "2023-02-13T07:07:07-05:00", "waiting_time": 0, "distance": 1383, "driving_time": 1327, "preparation_time": 0, "load_before": [0], "load_after": [0]}, {"type": "service", "id": "1800643000_18", "location_id": "1800643000", "address": {"location_id": "1800643000", "lat": 42.27577177, "lon": -71.08930881}, "arr_time": 1676290035, "arr_date_time": "2023-02-13T07:07:15-05:00", "end_time": 1676290335, "end_date_time": "2023-02-13T07:12:15-05:00", "waiting_time": 0, "distance": 1392, "driving_time": 1335, "preparation_time": 0, "load_before": [0], "load_after": [0]}, {"type": "service", "id": "1800559000_02", "location_id": "1800559000", "address": {"location_id": "1800559000", "lat": 42.27546522, "lon": -71.08952556}, "arr_time": 1676290339, "arr_date_time": "2023-02-13T07:12:19-05:00", "end_time": 1676290639, "end_date_time": "2023-02-13T07:17:19-05:00", "waiting_time": 0, "distance": 1396, "driving_time": 1339, "preparation_time": 0, "load_before": [0], "load_after": [0]}, {"type": "service", "id": "1800560000_03", "location_id": "1800560000", "address": {"location_id": "1800560000", "lat": 42.27540215, "lon": -71.08939857}, "arr_time": 1676290651, "arr_date_time": "2023-02-13T07:17:31-05:00", "end_time": 1676290951, "end_date_time": "2023-02-13T07:22:31-05:00", "waiting_time": 0, "distance": 1409, "driving_time": 1351, "preparation_time": 0, "load_before": [0], "load_after": [0]}, {"type": "service", "id": "1800560002_04", "location_id": "1800560002", "address": {"location_id": "1800560002", "lat": 42.27527073, "lon": -71.08913493}, "arr_time": 1676290976, "arr_date_time": "2023-02-13T07:22:56-05:00", "end_time": 1676291276, "end_date_time": "2023-02-13T07:27:56-05:00", "waiting_time": 0, "distance": 1435, "driving_time": 1376, "preparation_time": 0, "load_before": [0], "load_after": [0]}, {"type": "service", "id": "1800560005_05", "location_id": "1800560005", "address": {"location_id": "1800560005", "lat": 42.2750648, "lon": -71.08871727}, "arr_time": 1676291316, "arr_date_time": "2023-02-13T07:28:36-05:00", "end_time": 1676291616, "end_date_time": "2023-02-13T07:33:36-05:00", "waiting_time": 0, "distance": 1476, "driving_time": 1416, "preparation_time": 0, "load_before": [0], "load_after": [0]}, {"type": "service", "id": "1800636000_17", "location_id": "1800636000", "address": {"location_id": "1800636000", "lat": 42.27518629, "lon": -71.08826141}, "arr_time": 1676291639, "arr_date_time": "2023-02-13T07:33:59-05:00", "end_time": 1676291939, "end_date_time": "2023-02-13T07:38:59-05:00", "waiting_time": 0, "distance": 1500, "driving_time": 1439, "preparation_time": 0, "load_before": [0], "load_after": [0]}, {"type": "service", "id": "1800560007_06", "location_id": "1800560007", "address": {"location_id": "1800560007", "lat": 42.27494796, "lon": -71.08837631}, "arr_time": 1676291945, "arr_date_time": "2023-02-13T07:39:05-05:00", "end_time": 1676292245, "end_date_time": "2023-02-13T07:44:05-05:00", "waiting_time": 0, "distance": 1507, "driving_time": 1445, "preparation_time": 0, "load_before": [0], "load_after": [0]}, {"type": "service", "id": "1800635000_16", "location_id": "1800635000", "address": {"location_id": "1800635000", "lat": 42.27528037, "lon": -71.08817443}, "arr_time": 1676292287, "arr_date_time": "2023-02-13T07:44:47-05:00", "end_time": 1676292587, "end_date_time": "2023-02-13T07:49:47-05:00", "waiting_time": 0, "distance": 1550, "driving_time": 1487, "preparation_time": 0, "load_before": [0], "load_after": [0]}, {"type": "service", "id": "1800633000_15", "location_id": "1800633000", "address": {"location_id": "1800633000", "lat": 42.27538809, "lon": -71.0879441}, "arr_time": 1676292607, "arr_date_time": "2023-02-13T07:50:07-05:00", "end_time": 1676292907, "end_date_time": "2023-02-13T07:55:07-05:00", "waiting_time": 0, "distance": 1571, "driving_time": 1507, "preparation_time": 0, "load_before": [0], "load_after": [0]}, {"type": "service", "id": "1800655030_23", "location_id": "1800655030", "address": {"location_id": "1800655030", "lat": 42.27575788, "lon": -71.08773845}, "arr_time": 1676292948, "arr_date_time": "2023-02-13T07:55:48-05:00", "end_time": 1676293248, "end_date_time": "2023-02-13T08:00:48-05:00", "waiting_time": 0, "distance": 1614, "driving_time": 1548, "preparation_time": 0, "load_before": [0], "load_after": [0]}, {"type": "service", "id": "1800655040_24", "location_id": "1800655040", "address": {"location_id": "1800655040", "lat": 42.27566169, "lon": -71.08782917}, "arr_time": 1676293297, "arr_date_time": "2023-02-13T08:01:37-05:00", "end_time": 1676293597, "end_date_time": "2023-02-13T08:06:37-05:00", "waiting_time": 0, "distance": 1665, "driving_time": 1597, "preparation_time": 0, "load_before": [0], "load_after": [0]}, {"type": "service", "id": "1800632000_14", "location_id": "1800632000", "address": {"location_id": "1800632000", "lat": 42.27546609, "lon": -71.08812563}, "arr_time": 1676293607, "arr_date_time": "2023-02-13T08:06:47-05:00", "end_time": 1676293907, "end_date_time": "2023-02-13T08:11:47-05:00", "waiting_time": 0, "distance": 1674, "driving_time": 1607, "preparation_time": 0, "load_before": [0], "load_after": [0]}, {"type": "service", "id": "1800660000_25", "location_id": "1800660000", "address": {"location_id": "1800660000", "lat": 42.27589825, "lon": -71.08816785}, "arr_time": 1676293933, "arr_date_time": "2023-02-13T08:12:13-05:00", "end_time": 1676294233, "end_date_time": "2023-02-13T08:17:13-05:00", "waiting_time": 0, "distance": 1702, "driving_time": 1633, "preparation_time": 0, "load_before": [0], "load_after": [0]}, {"type": "service", "id": "1800630000_13", "location_id": "1800630000", "address": {"location_id": "1800630000", "lat": 42.27564639, "lon": -71.08849022}, "arr_time": 1676294241, "arr_date_time": "2023-02-13T08:17:21-05:00", "end_time": 1676294541, "end_date_time": "2023-02-13T08:22:21-05:00", "waiting_time": 0, "distance": 1710, "driving_time": 1641, "preparation_time": 0, "load_before": [0], "load_after": [0]}, {"type": "service", "id": "1800661000_26", "location_id": "1800661000", "address": {"location_id": "1800661000", "lat": 42.27596643, "lon": -71.08830554}, "arr_time": 1676294547, "arr_date_time": "2023-02-13T08:22:27-05:00", "end_time": 1676294847, "end_date_time": "2023-02-13T08:27:27-05:00", "waiting_time": 0, "distance": 1716, "driving_time": 1647, "preparation_time": 0, "load_before": [0], "load_after": [0]}, {"type": "service", "id": "1800628000_12", "location_id": "1800628000", "address": {"location_id": "1800628000", "lat": 42.27575051, "lon": -71.08870024}, "arr_time": 1676294860, "arr_date_time": "2023-02-13T08:27:40-05:00", "end_time": 1676295160, "end_date_time": "2023-02-13T08:32:40-05:00", "waiting_time": 0, "distance": 1730, "driving_time": 1660, "preparation_time": 0, "load_before": [0], "load_after": [0]}, {"type": "service", "id": "1800663000_27", "location_id": "1800663000", "address": {"location_id": "1800663000", "lat": 42.2761032, "lon": -71.0885819}, "arr_time": 1676295173, "arr_date_time": "2023-02-13T08:32:53-05:00", "end_time": 1676295473, "end_date_time": "2023-02-13T08:37:53-05:00", "waiting_time": 0, "distance": 1745, "driving_time": 1673, "preparation_time": 0, "load_before": [0], "load_after": [0]}, {"type": "service", "id": "1800664000_28", "location_id": "1800664000", "address": {"location_id": "1800664000", "lat": 42.27617118, "lon": -71.08871968}, "arr_time": 1676295487, "arr_date_time": "2023-02-13T08:38:07-05:00", "end_time": 1676295787, "end_date_time": "2023-02-13T08:43:07-05:00", "waiting_time": 0, "distance": 1759, "driving_time": 1687, "preparation_time": 0, "load_before": [0], "load_after": [0]}, {"type": "service", "id": "1800626000_11", "location_id": "1800626000", "address": {"location_id": "1800626000", "lat": 42.27588912, "lon": -71.08898117}, "arr_time": 1676295787, "arr_date_time": "2023-02-13T08:43:07-05:00", "end_time": 1676296087, "end_date_time": "2023-02-13T08:48:07-05:00", "waiting_time": 0, "distance": 1759, "driving_time": 1687, "preparation_time": 0, "load_before": [0], "load_after": [0]}, {"type": "service", "id": "1800625000_10", "location_id": "1800625000", "address": {"location_id": "1800625000", "lat": 42.27596394, "lon": -71.0891339}, "arr_time": 1676296101, "arr_date_time": "2023-02-13T08:48:21-05:00", "end_time": 1676296401, "end_date_time": "2023-02-13T08:53:21-05:00", "waiting_time": 0, "distance": 1774, "driving_time": 1701, "preparation_time": 0, "load_before": [0], "load_after": [0]}, {"type": "service", "id": "1800644001_19", "location_id": "1800644001", "address": {"location_id": "1800644001", "lat": 42.27631094, "lon": -71.08900039}, "arr_time": 1676296413, "arr_date_time": "2023-02-13T08:53:33-05:00", "end_time": 1676296713, "end_date_time": "2023-02-13T08:58:33-05:00", "waiting_time": 0, "distance": 1787, "driving_time": 1713, "preparation_time": 0, "load_before": [0], "load_after": [0]}, {"type": "service", "id": "1800623000_09", "location_id": "1800623000", "address": {"location_id": "1800623000", "lat": 42.27603609, "lon": -71.08927862}, "arr_time": 1676296715, "arr_date_time": "2023-02-13T08:58:35-05:00", "end_time": 1676297015, "end_date_time": "2023-02-13T09:03:35-05:00", "waiting_time": 0, "distance": 1788, "driving_time": 1715, "preparation_time": 0, "load_before": [0], "load_after": [0]}, {"type": "end", "location_id": "1800758000", "address": {"location_id": "1800758000", "lat": 42.27904961, "lon": -71.08478167}, "arr_time": 1676297645, "arr_date_time": "2023-02-13T09:14:05-05:00", "end_time": 1676297645, "end_date_time": "2023-02-13T09:14:05-05:00", "waiting_time": 0, "distance": 2445, "driving_time": 2345, "preparation_time": 0, "load_before": [0]}]}], "unassigned": {"services": [], "shipments": [], "breaks": [], "details": []}}}