{"copyrights": ["GraphHopper", "OpenStreetMap contributors"], "job_id": "7fc6e735-ecb1-4569-8479-f04623d68ee8", "status": "finished", "waiting_time_in_queue": 0, "processing_time": 133, "solution": {"costs": 334, "distance": 2379, "time": 2287, "transport_time": 2287, "completion_time": 16687, "max_operation_time": 16687, "waiting_time": 0, "service_duration": 14400, "preparation_time": 0, "no_vehicles": 1, "no_unassigned": 0, "routes": [{"vehicle_id": "my_vehicle", "shift_id": "default-shift", "distance": 2379, "transport_time": 2287, "completion_time": 16687, "waiting_time": 0, "service_duration": 14400, "preparation_time": 0, "activities": [{"type": "start", "location_id": "1702904000", "address": {"location_id": "1702904000", "lat": 42.2821341, "lon": -71.07420464}, "arr_time": 1676278800, "arr_date_time": "2023-02-13T04:00:00-05:00", "end_time": 1676278800, "end_date_time": "2023-02-13T04:00:00-05:00", "waiting_time": 0, "distance": 0, "driving_time": 0, "preparation_time": 0, "load_after": [0]}, {"type": "service", "id": "1702906000_06", "location_id": "1702906000", "address": {"location_id": "1702906000", "lat": 42.28205785, "lon": -71.07457868}, "arr_time": 1676278831, "arr_date_time": "2023-02-13T04:00:31-05:00", "end_time": 1676279131, "end_date_time": "2023-02-13T04:05:31-05:00", "waiting_time": 0, "distance": 32, "driving_time": 31, "preparation_time": 0, "load_before": [0], "load_after": [0]}, {"type": "service", "id": "1702909000_07", "location_id": "1702909000", "address": {"location_id": "1702909000", "lat": 42.28196087, "lon": -71.07506964}, "arr_time": 1676279171, "arr_date_time": "2023-02-13T04:06:11-05:00", "end_time": 1676279471, "end_date_time": "2023-02-13T04:11:11-05:00", "waiting_time": 0, "distance": 74, "driving_time": 71, "preparation_time": 0, "load_before": [0], "load_after": [0]}, {"type": "service", "id": "1702915002_10", "location_id": "1702915002", "address": {"location_id": "1702915002", "lat": 42.28167225, "lon": -71.07505022}, "arr_time": 1676279477, "arr_date_time": "2023-02-13T04:11:17-05:00", "end_time": 1676279777, "end_date_time": "2023-02-13T04:16:17-05:00", "waiting_time": 0, "distance": 80, "driving_time": 77, "preparation_time": 0, "load_before": [0], "load_after": [0]}, {"type": "service", "id": "1702910000_08", "location_id": "1702910000", "address": {"location_id": "1702910000", "lat": 42.28193378, "lon": -71.07520833}, "arr_time": 1676279783, "arr_date_time": "2023-02-13T04:16:23-05:00", "end_time": 1676280083, "end_date_time": "2023-02-13T04:21:23-05:00", "waiting_time": 0, "distance": 85, "driving_time": 83, "preparation_time": 0, "load_before": [0], "load_after": [0]}, {"type": "service", "id": "1702915001_09", "location_id": "1702915001", "address": {"location_id": "1702915001", "lat": 42.28162054, "lon": -71.07534218}, "arr_time": 1676280101, "arr_date_time": "2023-02-13T04:21:41-05:00", "end_time": 1676280401, "end_date_time": "2023-02-13T04:26:41-05:00", "waiting_time": 0, "distance": 104, "driving_time": 101, "preparation_time": 0, "load_before": [0], "load_after": [0]}, {"type": "service", "id": "1702662003_02", "location_id": "1702662003", "address": {"location_id": "1702662003", "lat": 42.28154698, "lon": -71.07614135}, "arr_time": 1676280456, "arr_date_time": "2023-02-13T04:27:36-05:00", "end_time": 1676280756, "end_date_time": "2023-02-13T04:32:36-05:00", "waiting_time": 0, "distance": 160, "driving_time": 156, "preparation_time": 0, "load_before": [0], "load_after": [0]}, {"type": "service", "id": "1702662004_03", "location_id": "1702662004", "address": {"location_id": "1702662004", "lat": 42.28142107, "lon": -71.07616317}, "arr_time": 1676280768, "arr_date_time": "2023-02-13T04:32:48-05:00", "end_time": 1676281068, "end_date_time": "2023-02-13T04:37:48-05:00", "waiting_time": 0, "distance": 173, "driving_time": 168, "preparation_time": 0, "load_before": [0], "load_after": [0]}, {"type": "service", "id": "1702663010_04", "location_id": "1702663010", "address": {"location_id": "1702663010", "lat": 42.28130357, "lon": -71.07607092}, "arr_time": 1676281083, "arr_date_time": "2023-02-13T04:38:03-05:00", "end_time": 1676281383, "end_date_time": "2023-02-13T04:43:03-05:00", "waiting_time": 0, "distance": 188, "driving_time": 183, "preparation_time": 0, "load_before": [0], "load_after": [0]}, {"type": "service", "id": "1702663020_05", "location_id": "1702663020", "address": {"location_id": "1702663020", "lat": 42.28115278, "lon": -71.07601439}, "arr_time": 1676281400, "arr_date_time": "2023-02-13T04:43:20-05:00", "end_time": 1676281700, "end_date_time": "2023-02-13T04:48:20-05:00", "waiting_time": 0, "distance": 205, "driving_time": 200, "preparation_time": 0, "load_before": [0], "load_after": [0]}, {"type": "service", "id": "1702647000_01", "location_id": "1702647000", "address": {"location_id": "1702647000", "lat": 42.28076972, "lon": -71.07589637}, "arr_time": 1676281741, "arr_date_time": "2023-02-13T04:49:01-05:00", "end_time": 1676282041, "end_date_time": "2023-02-13T04:54:01-05:00", "waiting_time": 0, "distance": 249, "driving_time": 241, "preparation_time": 0, "load_before": [0], "load_after": [0]}, {"type": "service", "id": "1703009000_34", "location_id": "1703009000", "address": {"location_id": "1703009000", "lat": 42.28081068, "lon": -71.07533734}, "arr_time": 1676282049, "arr_date_time": "2023-02-13T04:54:09-05:00", "end_time": 1676282349, "end_date_time": "2023-02-13T04:59:09-05:00", "waiting_time": 0, "distance": 257, "driving_time": 249, "preparation_time": 0, "load_before": [0], "load_after": [0]}, {"type": "service", "id": "1702957000_21", "location_id": "1702957000", "address": {"location_id": "1702957000", "lat": 42.28096111, "lon": -71.07541313}, "arr_time": 1676282401, "arr_date_time": "2023-02-13T05:00:01-05:00", "end_time": 1676282701, "end_date_time": "2023-02-13T05:05:01-05:00", "waiting_time": 0, "distance": 311, "driving_time": 301, "preparation_time": 0, "load_before": [0], "load_after": [0]}, {"type": "service", "id": "1702954000_20", "location_id": "1702954000", "address": {"location_id": "1702954000", "lat": 42.2813859, "lon": -71.07525882}, "arr_time": 1676282728, "arr_date_time": "2023-02-13T05:05:28-05:00", "end_time": 1676283028, "end_date_time": "2023-02-13T05:10:28-05:00", "waiting_time": 0, "distance": 339, "driving_time": 328, "preparation_time": 0, "load_before": [0], "load_after": [0]}, {"type": "service", "id": "1702953000_19", "location_id": "1702953000", "address": {"location_id": "1702953000", "lat": 42.28142763, "lon": -71.0749651}, "arr_time": 1676283052, "arr_date_time": "2023-02-13T05:10:52-05:00", "end_time": 1676283352, "end_date_time": "2023-02-13T05:15:52-05:00", "waiting_time": 0, "distance": 364, "driving_time": 352, "preparation_time": 0, "load_before": [0], "load_after": [0]}, {"type": "service", "id": "1702962000_22", "location_id": "1702962000", "address": {"location_id": "1702962000", "lat": 42.28113342, "lon": -71.0744693}, "arr_time": 1676283381, "arr_date_time": "2023-02-13T05:16:21-05:00", "end_time": 1676283681, "end_date_time": "2023-02-13T05:21:21-05:00", "waiting_time": 0, "distance": 395, "driving_time": 381, "preparation_time": 0, "load_before": [0], "load_after": [0]}, {"type": "service", "id": "1702951000_18", "location_id": "1702951000", "address": {"location_id": "1702951000", "lat": 42.28151458, "lon": -71.0745692}, "arr_time": 1676283684, "arr_date_time": "2023-02-13T05:21:24-05:00", "end_time": 1676283984, "end_date_time": "2023-02-13T05:26:24-05:00", "waiting_time": 0, "distance": 398, "driving_time": 384, "preparation_time": 0, "load_before": [0], "load_after": [0]}, {"type": "service", "id": "1702948000_17", "location_id": "1702948000", "address": {"location_id": "1702948000", "lat": 42.28162538, "lon": -71.07401518}, "arr_time": 1676284029, "arr_date_time": "2023-02-13T05:27:09-05:00", "end_time": 1676284329, "end_date_time": "2023-02-13T05:32:09-05:00", "waiting_time": 0, "distance": 445, "driving_time": 429, "preparation_time": 0, "load_before": [0], "load_after": [0]}, {"type": "service", "id": "1702966000_23", "location_id": "1702966000", "address": {"location_id": "1702966000", "lat": 42.28126497, "lon": -71.07381781}, "arr_time": 1676284335, "arr_date_time": "2023-02-13T05:32:15-05:00", "end_time": 1676284635, "end_date_time": "2023-02-13T05:37:15-05:00", "waiting_time": 0, "distance": 450, "driving_time": 435, "preparation_time": 0, "load_before": [0], "load_after": [0]}, {"type": "service", "id": "1702947000_16", "location_id": "1702947000", "address": {"location_id": "1702947000", "lat": 42.28164338, "lon": -71.0738314}, "arr_time": 1676284644, "arr_date_time": "2023-02-13T05:37:24-05:00", "end_time": 1676284944, "end_date_time": "2023-02-13T05:42:24-05:00", "waiting_time": 0, "distance": 460, "driving_time": 444, "preparation_time": 0, "load_before": [0], "load_after": [0]}, {"type": "service", "id": "1702967000_24", "location_id": "1702967000", "address": {"location_id": "1702967000", "lat": 42.28129895, "lon": -71.07365153}, "arr_time": 1676284948, "arr_date_time": "2023-02-13T05:42:28-05:00", "end_time": 1676285248, "end_date_time": "2023-02-13T05:47:28-05:00", "waiting_time": 0, "distance": 464, "driving_time": 448, "preparation_time": 0, "load_before": [0], "load_after": [0]}, {"type": "service", "id": "1702946000_15", "location_id": "1702946000", "address": {"location_id": "1702946000", "lat": 42.28167953, "lon": -71.07365391}, "arr_time": 1676285259, "arr_date_time": "2023-02-13T05:47:39-05:00", "end_time": 1676285559, "end_date_time": "2023-02-13T05:52:39-05:00", "waiting_time": 0, "distance": 475, "driving_time": 459, "preparation_time": 0, "load_before": [0], "load_after": [0]}, {"type": "service", "id": "1702968000_25", "location_id": "1702968000", "address": {"location_id": "1702968000", "lat": 42.28133502, "lon": -71.07347954}, "arr_time": 1676285563, "arr_date_time": "2023-02-13T05:52:43-05:00", "end_time": 1676285863, "end_date_time": "2023-02-13T05:57:43-05:00", "waiting_time": 0, "distance": 479, "driving_time": 463, "preparation_time": 0, "load_before": [0], "load_after": [0]}, {"type": "service", "id": "1702969000_26", "location_id": "1702969000", "address": {"location_id": "1702969000", "lat": 42.28137341, "lon": -71.07329286}, "arr_time": 1676285877, "arr_date_time": "2023-02-13T05:57:57-05:00", "end_time": 1676286177, "end_date_time": "2023-02-13T06:02:57-05:00", "waiting_time": 0, "distance": 495, "driving_time": 477, "preparation_time": 0, "load_before": [0], "load_after": [0]}, {"type": "service", "id": "1702970000_27", "location_id": "1702970000", "address": {"location_id": "1702970000", "lat": 42.28141002, "lon": -71.07311228}, "arr_time": 1676286192, "arr_date_time": "2023-02-13T06:03:12-05:00", "end_time": 1676286492, "end_date_time": "2023-02-13T06:08:12-05:00", "waiting_time": 0, "distance": 510, "driving_time": 492, "preparation_time": 0, "load_before": [0], "load_after": [0]}, {"type": "service", "id": "1702972000_28", "location_id": "1702972000", "address": {"location_id": "1702972000", "lat": 42.28148239, "lon": -71.07276149}, "arr_time": 1676286521, "arr_date_time": "2023-02-13T06:08:41-05:00", "end_time": 1676286821, "end_date_time": "2023-02-13T06:13:41-05:00", "waiting_time": 0, "distance": 540, "driving_time": 521, "preparation_time": 0, "load_before": [0], "load_after": [0]}, {"type": "service", "id": "1702940000_14", "location_id": "1702940000", "address": {"location_id": "1702940000", "lat": 42.28191649, "lon": -71.07258725}, "arr_time": 1676286847, "arr_date_time": "2023-02-13T06:14:07-05:00", "end_time": 1676287147, "end_date_time": "2023-02-13T06:19:07-05:00", "waiting_time": 0, "distance": 567, "driving_time": 547, "preparation_time": 0, "load_before": [0], "load_after": [0]}, {"type": "service", "id": "1702974000_29", "location_id": "1702974000", "address": {"location_id": "1702974000", "lat": 42.28155261, "lon": -71.07241214}, "arr_time": 1676287149, "arr_date_time": "2023-02-13T06:19:09-05:00", "end_time": 1676287449, "end_date_time": "2023-02-13T06:24:09-05:00", "waiting_time": 0, "distance": 570, "driving_time": 549, "preparation_time": 0, "load_before": [0], "load_after": [0]}, {"type": "service", "id": "1702982000_30", "location_id": "1702982000", "address": {"location_id": "1702982000", "lat": 42.28145357, "lon": -71.07127997}, "arr_time": 1676287609, "arr_date_time": "2023-02-13T06:26:49-05:00", "end_time": 1676287909, "end_date_time": "2023-02-13T06:31:49-05:00", "waiting_time": 0, "distance": 736, "driving_time": 709, "preparation_time": 0, "load_before": [0], "load_after": [0]}, {"type": "service", "id": "1702987000_31", "location_id": "1702987000", "address": {"location_id": "1702987000", "lat": 42.28126923, "lon": -71.07187315}, "arr_time": 1676288005, "arr_date_time": "2023-02-13T06:33:25-05:00", "end_time": 1676288305, "end_date_time": "2023-02-13T06:38:25-05:00", "waiting_time": 0, "distance": 835, "driving_time": 805, "preparation_time": 0, "load_before": [0], "load_after": [0]}, {"type": "service", "id": "1703021000_37", "location_id": "1703021000", "address": {"location_id": "1703021000", "lat": 42.28067222, "lon": -71.07293395}, "arr_time": 1676288435, "arr_date_time": "2023-02-13T06:40:35-05:00", "end_time": 1676288735, "end_date_time": "2023-02-13T06:45:35-05:00", "waiting_time": 0, "distance": 970, "driving_time": 935, "preparation_time": 0, "load_before": [0], "load_after": [0]}, {"type": "service", "id": "1702999000_32", "location_id": "1702999000", "address": {"location_id": "1702999000", "lat": 42.2809462, "lon": -71.07372161}, "arr_time": 1676288793, "arr_date_time": "2023-02-13T06:46:33-05:00", "end_time": 1676289093, "end_date_time": "2023-02-13T06:51:33-05:00", "waiting_time": 0, "distance": 1031, "driving_time": 993, "preparation_time": 0, "load_before": [0], "load_after": [0]}, {"type": "service", "id": "1703000000_33", "location_id": "1703000000", "address": {"location_id": "1703000000", "lat": 42.28090973, "lon": -71.07389973}, "arr_time": 1676289108, "arr_date_time": "2023-02-13T06:51:48-05:00", "end_time": 1676289408, "end_date_time": "2023-02-13T06:56:48-05:00", "waiting_time": 0, "distance": 1046, "driving_time": 1008, "preparation_time": 0, "load_before": [0], "load_after": [0]}, {"type": "service", "id": "1703044000_41", "location_id": "1703044000", "address": {"location_id": "1703044000", "lat": 42.28034954, "lon": -71.07453873}, "arr_time": 1676289472, "arr_date_time": "2023-02-13T06:57:52-05:00", "end_time": 1676289772, "end_date_time": "2023-02-13T07:02:52-05:00", "waiting_time": 0, "distance": 1113, "driving_time": 1072, "preparation_time": 0, "load_before": [0], "load_after": [0]}, {"type": "service", "id": "1703043000_40", "location_id": "1703043000", "address": {"location_id": "1703043000", "lat": 42.28031274, "lon": -71.07471732}, "arr_time": 1676289787, "arr_date_time": "2023-02-13T07:03:07-05:00", "end_time": 1676290087, "end_date_time": "2023-02-13T07:08:07-05:00", "waiting_time": 0, "distance": 1128, "driving_time": 1087, "preparation_time": 0, "load_before": [0], "load_after": [0]}, {"type": "service", "id": "1703040000_39", "location_id": "1703040000", "address": {"location_id": "1703040000", "lat": 42.28018537, "lon": -71.07524777}, "arr_time": 1676290163, "arr_date_time": "2023-02-13T07:09:23-05:00", "end_time": 1676290463, "end_date_time": "2023-02-13T07:14:23-05:00", "waiting_time": 0, "distance": 1207, "driving_time": 1163, "preparation_time": 0, "load_before": [0], "load_after": [0]}, {"type": "service", "id": "1703052000_42", "location_id": "1703052000", "address": {"location_id": "1703052000", "lat": 42.27991598, "lon": -71.07556106}, "arr_time": 1676290485, "arr_date_time": "2023-02-13T07:14:45-05:00", "end_time": 1676290785, "end_date_time": "2023-02-13T07:19:45-05:00", "waiting_time": 0, "distance": 1230, "driving_time": 1185, "preparation_time": 0, "load_before": [0], "load_after": [0]}, {"type": "service", "id": "1703053000_43", "location_id": "1703053000", "address": {"location_id": "1703053000", "lat": 42.27978613, "lon": -71.07551431}, "arr_time": 1676290833, "arr_date_time": "2023-02-13T07:20:33-05:00", "end_time": 1676291133, "end_date_time": "2023-02-13T07:25:33-05:00", "waiting_time": 0, "distance": 1279, "driving_time": 1233, "preparation_time": 0, "load_before": [0], "load_after": [0]}, {"type": "service", "id": "1703032000_38", "location_id": "1703032000", "address": {"location_id": "1703032000", "lat": 42.28019151, "lon": -71.07391345}, "arr_time": 1676291267, "arr_date_time": "2023-02-13T07:27:47-05:00", "end_time": 1676291567, "end_date_time": "2023-02-13T07:32:47-05:00", "waiting_time": 0, "distance": 1418, "driving_time": 1367, "preparation_time": 0, "load_before": [0], "load_after": [0]}, {"type": "service", "id": "1703016000_36", "location_id": "1703016000", "address": {"location_id": "1703016000", "lat": 42.28045014, "lon": -71.07209606}, "arr_time": 1676291709, "arr_date_time": "2023-02-13T07:35:09-05:00", "end_time": 1676292009, "end_date_time": "2023-02-13T07:40:09-05:00", "waiting_time": 0, "distance": 1567, "driving_time": 1509, "preparation_time": 0, "load_before": [0], "load_after": [0]}, {"type": "service", "id": "1703105000_47", "location_id": "1703105000", "address": {"location_id": "1703105000", "lat": 42.28036079, "lon": -71.07118748}, "arr_time": 1676292064, "arr_date_time": "2023-02-13T07:41:04-05:00", "end_time": 1676292364, "end_date_time": "2023-02-13T07:46:04-05:00", "waiting_time": 0, "distance": 1624, "driving_time": 1564, "preparation_time": 0, "load_before": [0], "load_after": [0]}, {"type": "service", "id": "1703013000_35", "location_id": "1703013000", "address": {"location_id": "1703013000", "lat": 42.28075305, "lon": -71.07174287}, "arr_time": 1676292412, "arr_date_time": "2023-02-13T07:46:52-05:00", "end_time": 1676292712, "end_date_time": "2023-02-13T07:51:52-05:00", "waiting_time": 0, "distance": 1674, "driving_time": 1612, "preparation_time": 0, "load_before": [0], "load_after": [0]}, {"type": "service", "id": "1703108000_48", "location_id": "1703108000", "address": {"location_id": "1703108000", "lat": 42.28078994, "lon": -71.0712609}, "arr_time": 1676292731, "arr_date_time": "2023-02-13T07:52:11-05:00", "end_time": 1676293031, "end_date_time": "2023-02-13T07:57:11-05:00", "waiting_time": 0, "distance": 1694, "driving_time": 1631, "preparation_time": 0, "load_before": [0], "load_after": [0]}, {"type": "service", "id": "1703083000_44", "location_id": "1703083000", "address": {"location_id": "1703083000", "lat": 42.28041894, "lon": -71.0708113}, "arr_time": 1676293167, "arr_date_time": "2023-02-13T07:59:27-05:00", "end_time": 1676293467, "end_date_time": "2023-02-13T08:04:27-05:00", "waiting_time": 0, "distance": 1836, "driving_time": 1767, "preparation_time": 0, "load_before": [0], "load_after": [0]}, {"type": "service", "id": "1703084000_45", "location_id": "1703084000", "address": {"location_id": "1703084000", "lat": 42.28035121, "lon": -71.07066302}, "arr_time": 1676293477, "arr_date_time": "2023-02-13T08:04:37-05:00", "end_time": 1676293777, "end_date_time": "2023-02-13T08:09:37-05:00", "waiting_time": 0, "distance": 1848, "driving_time": 1777, "preparation_time": 0, "load_before": [0], "load_after": [0]}, {"type": "service", "id": "1703085000_46", "location_id": "1703085000", "address": {"location_id": "1703085000", "lat": 42.28017947, "lon": -71.07056941}, "arr_time": 1676293797, "arr_date_time": "2023-02-13T08:09:57-05:00", "end_time": 1676294097, "end_date_time": "2023-02-13T08:14:57-05:00", "waiting_time": 0, "distance": 1869, "driving_time": 1797, "preparation_time": 0, "load_before": [0], "load_after": [0]}, {"type": "service", "id": "1702932000_13", "location_id": "1702932000", "address": {"location_id": "1702932000", "lat": 42.28222229, "lon": -71.07221536}, "arr_time": 1676294432, "arr_date_time": "2023-02-13T08:20:32-05:00", "end_time": 1676294732, "end_date_time": "2023-02-13T08:25:32-05:00", "waiting_time": 0, "distance": 2218, "driving_time": 2132, "preparation_time": 0, "load_before": [0], "load_after": [0]}, {"type": "service", "id": "1702924000_12", "location_id": "1702924000", "address": {"location_id": "1702924000", "lat": 42.28198268, "lon": -71.07338105}, "arr_time": 1676294828, "arr_date_time": "2023-02-13T08:27:08-05:00", "end_time": 1676295128, "end_date_time": "2023-02-13T08:32:08-05:00", "waiting_time": 0, "distance": 2318, "driving_time": 2228, "preparation_time": 0, "load_before": [0], "load_after": [0]}, {"type": "service", "id": "1702922000_11", "location_id": "1702922000", "address": {"location_id": "1702922000", "lat": 42.28190889, "lon": -71.07374004}, "arr_time": 1676295157, "arr_date_time": "2023-02-13T08:32:37-05:00", "end_time": 1676295457, "end_date_time": "2023-02-13T08:37:37-05:00", "waiting_time": 0, "distance": 2349, "driving_time": 2257, "preparation_time": 0, "load_before": [0], "load_after": [0]}, {"type": "end", "location_id": "1702904000", "address": {"location_id": "1702904000", "lat": 42.2821341, "lon": -71.07420464}, "arr_time": 1676295487, "arr_date_time": "2023-02-13T08:38:07-05:00", "end_time": 1676295487, "end_date_time": "2023-02-13T08:38:07-05:00", "waiting_time": 0, "distance": 2379, "driving_time": 2287, "preparation_time": 0, "load_before": [0]}]}], "unassigned": {"services": [], "shipments": [], "breaks": [], "details": []}}}