{"copyrights": ["GraphHopper", "OpenStreetMap contributors"], "job_id": "14d4515c-fe90-4f6c-b28e-c9dac80148f0", "status": "finished", "waiting_time_in_queue": 0, "processing_time": 92, "solution": {"costs": 313, "distance": 1566, "time": 1503, "transport_time": 1503, "completion_time": 14103, "max_operation_time": 14103, "waiting_time": 0, "service_duration": 12600, "preparation_time": 0, "no_vehicles": 1, "no_unassigned": 0, "routes": [{"vehicle_id": "my_vehicle", "shift_id": "default-shift", "distance": 1566, "transport_time": 1503, "completion_time": 14103, "waiting_time": 0, "service_duration": 12600, "preparation_time": 0, "activities": [{"type": "start", "location_id": "1800508000", "address": {"location_id": "1800508000", "lat": 42.27933238, "lon": -71.08241246}, "arr_time": 1676278800, "arr_date_time": "2023-02-13T04:00:00-05:00", "end_time": 1676278800, "end_date_time": "2023-02-13T04:00:00-05:00", "waiting_time": 0, "distance": 0, "driving_time": 0, "preparation_time": 0, "load_after": [0]}, {"type": "service", "id": "1800477000_26", "location_id": "1800477000", "address": {"location_id": "1800477000", "lat": 42.27902145, "lon": -71.08267955}, "arr_time": 1676278804, "arr_date_time": "2023-02-13T04:00:04-05:00", "end_time": 1676279104, "end_date_time": "2023-02-13T04:05:04-05:00", "waiting_time": 0, "distance": 4, "driving_time": 4, "preparation_time": 0, "load_before": [0], "load_after": [0]}, {"type": "service", "id": "1800478000_27", "location_id": "1800478000", "address": {"location_id": "1800478000", "lat": 42.27895467, "lon": -71.08256054}, "arr_time": 1676279116, "arr_date_time": "2023-02-13T04:05:16-05:00", "end_time": 1676279416, "end_date_time": "2023-02-13T04:10:16-05:00", "waiting_time": 0, "distance": 16, "driving_time": 16, "preparation_time": 0, "load_before": [0], "load_after": [0]}, {"type": "service", "id": "1800507000_42", "location_id": "1800507000", "address": {"location_id": "1800507000", "lat": 42.27928754, "lon": -71.08221688}, "arr_time": 1676279416, "arr_date_time": "2023-02-13T04:10:16-05:00", "end_time": 1676279716, "end_date_time": "2023-02-13T04:15:16-05:00", "waiting_time": 0, "distance": 16, "driving_time": 16, "preparation_time": 0, "load_before": [0], "load_after": [0]}, {"type": "service", "id": "1800505000_41", "location_id": "1800505000", "address": {"location_id": "1800505000", "lat": 42.27897968, "lon": -71.08197224}, "arr_time": 1676279751, "arr_date_time": "2023-02-13T04:15:51-05:00", "end_time": 1676280051, "end_date_time": "2023-02-13T04:20:51-05:00", "waiting_time": 0, "distance": 52, "driving_time": 51, "preparation_time": 0, "load_before": [0], "load_after": [0]}, {"type": "service", "id": "1800486000_32", "location_id": "1800486000", "address": {"location_id": "1800486000", "lat": 42.27871094, "lon": -71.08225213}, "arr_time": 1676280085, "arr_date_time": "2023-02-13T04:21:25-05:00", "end_time": 1676280385, "end_date_time": "2023-02-13T04:26:25-05:00", "waiting_time": 0, "distance": 88, "driving_time": 85, "preparation_time": 0, "load_before": [0], "load_after": [0]}, {"type": "service", "id": "1800480000_28", "location_id": "1800480000", "address": {"location_id": "1800480000", "lat": 42.27873849, "lon": -71.08266975}, "arr_time": 1676280401, "arr_date_time": "2023-02-13T04:26:41-05:00", "end_time": 1676280701, "end_date_time": "2023-02-13T04:31:41-05:00", "waiting_time": 0, "distance": 105, "driving_time": 101, "preparation_time": 0, "load_before": [0], "load_after": [0]}, {"type": "service", "id": "1800485000_31", "location_id": "1800485000", "address": {"location_id": "1800485000", "lat": 42.27852099, "lon": -71.08233167}, "arr_time": 1676280705, "arr_date_time": "2023-02-13T04:31:45-05:00", "end_time": 1676281005, "end_date_time": "2023-02-13T04:36:45-05:00", "waiting_time": 0, "distance": 110, "driving_time": 105, "preparation_time": 0, "load_before": [0], "load_after": [0]}, {"type": "service", "id": "1800481000_29", "location_id": "1800481000", "address": {"location_id": "1800481000", "lat": 42.27862447, "lon": -71.08277336}, "arr_time": 1676281016, "arr_date_time": "2023-02-13T04:36:56-05:00", "end_time": 1676281316, "end_date_time": "2023-02-13T04:41:56-05:00", "waiting_time": 0, "distance": 121, "driving_time": 116, "preparation_time": 0, "load_before": [0], "load_after": [0]}, {"type": "service", "id": "1800484000_30", "location_id": "1800484000", "address": {"location_id": "1800484000", "lat": 42.27842922, "lon": -71.08241347}, "arr_time": 1676281317, "arr_date_time": "2023-02-13T04:41:57-05:00", "end_time": 1676281617, "end_date_time": "2023-02-13T04:46:57-05:00", "waiting_time": 0, "distance": 122, "driving_time": 117, "preparation_time": 0, "load_before": [0], "load_after": [0]}, {"type": "service", "id": "1800494000_38", "location_id": "1800494000", "address": {"location_id": "1800494000", "lat": 42.27832321, "lon": -71.08259841}, "arr_time": 1676281635, "arr_date_time": "2023-02-13T04:47:15-05:00", "end_time": 1676281935, "end_date_time": "2023-02-13T04:52:15-05:00", "waiting_time": 0, "distance": 140, "driving_time": 135, "preparation_time": 0, "load_before": [0], "load_after": [0]}, {"type": "service", "id": "1800216000_02", "location_id": "1800216000", "address": {"location_id": "1800216000", "lat": 42.27812374, "lon": -71.08321767}, "arr_time": 1676281980, "arr_date_time": "2023-02-13T04:53:00-05:00", "end_time": 1676282280, "end_date_time": "2023-02-13T04:58:00-05:00", "waiting_time": 0, "distance": 187, "driving_time": 180, "preparation_time": 0, "load_before": [0], "load_after": [0]}, {"type": "service", "id": "1800227000_11", "location_id": "1800227000", "address": {"location_id": "1800227000", "lat": 42.27785948, "lon": -71.08290707}, "arr_time": 1676282289, "arr_date_time": "2023-02-13T04:58:09-05:00", "end_time": 1676282589, "end_date_time": "2023-02-13T05:03:09-05:00", "waiting_time": 0, "distance": 197, "driving_time": 189, "preparation_time": 0, "load_before": [0], "load_after": [0]}, {"type": "service", "id": "1800218000_04", "location_id": "1800218000", "address": {"location_id": "1800218000", "lat": 42.2779425, "lon": -71.08338053}, "arr_time": 1676282603, "arr_date_time": "2023-02-13T05:03:23-05:00", "end_time": 1676282903, "end_date_time": "2023-02-13T05:08:23-05:00", "waiting_time": 0, "distance": 211, "driving_time": 203, "preparation_time": 0, "load_before": [0], "load_after": [0]}, {"type": "service", "id": "1800219000_05", "location_id": "1800219000", "address": {"location_id": "1800219000", "lat": 42.27785356, "lon": -71.08346163}, "arr_time": 1676282915, "arr_date_time": "2023-02-13T05:08:35-05:00", "end_time": 1676283215, "end_date_time": "2023-02-13T05:13:35-05:00", "waiting_time": 0, "distance": 223, "driving_time": 215, "preparation_time": 0, "load_before": [0], "load_after": [0]}, {"type": "service", "id": "1800225000_09", "location_id": "1800225000", "address": {"location_id": "1800225000", "lat": 42.27764719, "lon": -71.08311642}, "arr_time": 1676283217, "arr_date_time": "2023-02-13T05:13:37-05:00", "end_time": 1676283517, "end_date_time": "2023-02-13T05:18:37-05:00", "waiting_time": 0, "distance": 226, "driving_time": 217, "preparation_time": 0, "load_before": [0], "load_after": [0]}, {"type": "service", "id": "1800223000_08", "location_id": "1800223000", "address": {"location_id": "1800223000", "lat": 42.27749807, "lon": -71.08325105}, "arr_time": 1676283536, "arr_date_time": "2023-02-13T05:18:56-05:00", "end_time": 1676283836, "end_date_time": "2023-02-13T05:23:56-05:00", "waiting_time": 0, "distance": 246, "driving_time": 236, "preparation_time": 0, "load_before": [0], "load_after": [0]}, {"type": "service", "id": "1800221000_06", "location_id": "1800221000", "address": {"location_id": "1800221000", "lat": 42.2776062, "lon": -71.08368159}, "arr_time": 1676283845, "arr_date_time": "2023-02-13T05:24:05-05:00", "end_time": 1676284145, "end_date_time": "2023-02-13T05:29:05-05:00", "waiting_time": 0, "distance": 256, "driving_time": 245, "preparation_time": 0, "load_before": [0], "load_after": [0]}, {"type": "service", "id": "1800222000_07", "location_id": "1800222000", "address": {"location_id": "1800222000", "lat": 42.27731312, "lon": -71.08332513}, "arr_time": 1676284155, "arr_date_time": "2023-02-13T05:29:15-05:00", "end_time": 1676284455, "end_date_time": "2023-02-13T05:34:15-05:00", "waiting_time": 0, "distance": 266, "driving_time": 255, "preparation_time": 0, "load_before": [0], "load_after": [0]}, {"type": "service", "id": "1800226000_10", "location_id": "1800226000", "address": {"location_id": "1800226000", "lat": 42.2777636, "lon": -71.08301135}, "arr_time": 1676284508, "arr_date_time": "2023-02-13T05:35:08-05:00", "end_time": 1676284808, "end_date_time": "2023-02-13T05:40:08-05:00", "waiting_time": 0, "distance": 322, "driving_time": 308, "preparation_time": 0, "load_before": [0], "load_after": [0]}, {"type": "service", "id": "1800217000_03", "location_id": "1800217000", "address": {"location_id": "1800217000", "lat": 42.27803192, "lon": -71.08329907}, "arr_time": 1676284819, "arr_date_time": "2023-02-13T05:40:19-05:00", "end_time": 1676285119, "end_date_time": "2023-02-13T05:45:19-05:00", "waiting_time": 0, "distance": 333, "driving_time": 319, "preparation_time": 0, "load_before": [0], "load_after": [0]}, {"type": "service", "id": "1800215000_01", "location_id": "1800215000", "address": {"location_id": "1800215000", "lat": 42.2782195, "lon": -71.08313104}, "arr_time": 1676285175, "arr_date_time": "2023-02-13T05:46:15-05:00", "end_time": 1676285475, "end_date_time": "2023-02-13T05:51:15-05:00", "waiting_time": 0, "distance": 391, "driving_time": 375, "preparation_time": 0, "load_before": [0], "load_after": [0]}, {"type": "service", "id": "1800473000_25", "location_id": "1800473000", "address": {"location_id": "1800473000", "lat": 42.27875194, "lon": -71.08305703}, "arr_time": 1676285560, "arr_date_time": "2023-02-13T05:52:40-05:00", "end_time": 1676285860, "end_date_time": "2023-02-13T05:57:40-05:00", "waiting_time": 0, "distance": 480, "driving_time": 460, "preparation_time": 0, "load_before": [0], "load_after": [0]}, {"type": "service", "id": "1800472000_24", "location_id": "1800472000", "address": {"location_id": "1800472000", "lat": 42.27861396, "lon": -71.08317949}, "arr_time": 1676285920, "arr_date_time": "2023-02-13T05:58:40-05:00", "end_time": 1676286220, "end_date_time": "2023-02-13T06:03:40-05:00", "waiting_time": 0, "distance": 542, "driving_time": 520, "preparation_time": 0, "load_before": [0], "load_after": [0]}, {"type": "service", "id": "1800493000_37", "location_id": "1800493000", "address": {"location_id": "1800493000", "lat": 42.27826418, "lon": -71.0824762}, "arr_time": 1676286287, "arr_date_time": "2023-02-13T06:04:47-05:00", "end_time": 1676286587, "end_date_time": "2023-02-13T06:09:47-05:00", "waiting_time": 0, "distance": 612, "driving_time": 587, "preparation_time": 0, "load_before": [0], "load_after": [0]}, {"type": "service", "id": "1800241000_17", "location_id": "1800241000", "address": {"location_id": "1800241000", "lat": 42.27759389, "lon": -71.08226036}, "arr_time": 1676286656, "arr_date_time": "2023-02-13T06:10:56-05:00", "end_time": 1676286956, "end_date_time": "2023-02-13T06:15:56-05:00", "waiting_time": 0, "distance": 684, "driving_time": 656, "preparation_time": 0, "load_before": [0], "load_after": [0]}, {"type": "service", "id": "1800231000_12", "location_id": "1800231000", "address": {"location_id": "1800231000", "lat": 42.27774369, "lon": -71.08267403}, "arr_time": 1676286961, "arr_date_time": "2023-02-13T06:16:01-05:00", "end_time": 1676287261, "end_date_time": "2023-02-13T06:21:01-05:00", "waiting_time": 0, "distance": 690, "driving_time": 661, "preparation_time": 0, "load_before": [0], "load_after": [0]}, {"type": "service", "id": "1800240000_16", "location_id": "1800240000", "address": {"location_id": "1800240000", "lat": 42.27738618, "lon": -71.08234388}, "arr_time": 1676287277, "arr_date_time": "2023-02-13T06:21:17-05:00", "end_time": 1676287577, "end_date_time": "2023-02-13T06:26:17-05:00", "waiting_time": 0, "distance": 707, "driving_time": 677, "preparation_time": 0, "load_before": [0], "load_after": [0]}, {"type": "service", "id": "1800233000_13", "location_id": "1800233000", "address": {"location_id": "1800233000", "lat": 42.27755371, "lon": -71.0828437}, "arr_time": 1676287585, "arr_date_time": "2023-02-13T06:26:25-05:00", "end_time": 1676287885, "end_date_time": "2023-02-13T06:31:25-05:00", "waiting_time": 0, "distance": 715, "driving_time": 685, "preparation_time": 0, "load_before": [0], "load_after": [0]}, {"type": "service", "id": "1800234000_14", "location_id": "1800234000", "address": {"location_id": "1800234000", "lat": 42.27741957, "lon": -71.0829648}, "arr_time": 1676287903, "arr_date_time": "2023-02-13T06:31:43-05:00", "end_time": 1676288203, "end_date_time": "2023-02-13T06:36:43-05:00", "waiting_time": 0, "distance": 733, "driving_time": 703, "preparation_time": 0, "load_before": [0], "load_after": [0]}, {"type": "service", "id": "1800235000_15", "location_id": "1800235000", "address": {"location_id": "1800235000", "lat": 42.27716597, "lon": -71.0831178}, "arr_time": 1676288232, "arr_date_time": "2023-02-13T06:37:12-05:00", "end_time": 1676288532, "end_date_time": "2023-02-13T06:42:12-05:00", "waiting_time": 0, "distance": 763, "driving_time": 732, "preparation_time": 0, "load_before": [0], "load_after": [0]}, {"type": "service", "id": "1800242000_18", "location_id": "1800242000", "address": {"location_id": "1800242000", "lat": 42.27772183, "lon": -71.08214758}, "arr_time": 1676288653, "arr_date_time": "2023-02-13T06:44:13-05:00", "end_time": 1676288953, "end_date_time": "2023-02-13T06:49:13-05:00", "waiting_time": 0, "distance": 890, "driving_time": 853, "preparation_time": 0, "load_before": [0], "load_after": [0]}, {"type": "service", "id": "1800491000_36", "location_id": "1800491000", "address": {"location_id": "1800491000", "lat": 42.27813967, "lon": -71.0822256}, "arr_time": 1676288988, "arr_date_time": "2023-02-13T06:49:48-05:00", "end_time": 1676289288, "end_date_time": "2023-02-13T06:54:48-05:00", "waiting_time": 0, "distance": 926, "driving_time": 888, "preparation_time": 0, "load_before": [0], "load_after": [0]}, {"type": "service", "id": "1800244000_19", "location_id": "1800244000", "address": {"location_id": "1800244000", "lat": 42.27812431, "lon": -71.08179125}, "arr_time": 1676289305, "arr_date_time": "2023-02-13T06:55:05-05:00", "end_time": 1676289605, "end_date_time": "2023-02-13T07:00:05-05:00", "waiting_time": 0, "distance": 944, "driving_time": 905, "preparation_time": 0, "load_before": [0], "load_after": [0]}, {"type": "service", "id": "1800490000_35", "location_id": "1800490000", "address": {"location_id": "1800490000", "lat": 42.27830928, "lon": -71.08216418}, "arr_time": 1676289607, "arr_date_time": "2023-02-13T07:00:07-05:00", "end_time": 1676289907, "end_date_time": "2023-02-13T07:05:07-05:00", "waiting_time": 0, "distance": 945, "driving_time": 907, "preparation_time": 0, "load_before": [0], "load_after": [0]}, {"type": "service", "id": "1800489000_34", "location_id": "1800489000", "address": {"location_id": "1800489000", "lat": 42.27840188, "lon": -71.08208269}, "arr_time": 1676289919, "arr_date_time": "2023-02-13T07:05:19-05:00", "end_time": 1676290219, "end_date_time": "2023-02-13T07:10:19-05:00", "waiting_time": 0, "distance": 957, "driving_time": 919, "preparation_time": 0, "load_before": [0], "load_after": [0]}, {"type": "service", "id": "1800249000_22", "location_id": "1800249000", "address": {"location_id": "1800249000", "lat": 42.27866983, "lon": -71.08143453}, "arr_time": 1676290261, "arr_date_time": "2023-02-13T07:11:01-05:00", "end_time": 1676290561, "end_date_time": "2023-02-13T07:16:01-05:00", "waiting_time": 0, "distance": 1002, "driving_time": 961, "preparation_time": 0, "load_before": [0], "load_after": [0]}, {"type": "service", "id": "1800247000_20", "location_id": "1800247000", "address": {"location_id": "1800247000", "lat": 42.27839886, "lon": -71.08155387}, "arr_time": 1676290567, "arr_date_time": "2023-02-13T07:16:07-05:00", "end_time": 1676290867, "end_date_time": "2023-02-13T07:21:07-05:00", "waiting_time": 0, "distance": 1008, "driving_time": 967, "preparation_time": 0, "load_before": [0], "load_after": [0]}, {"type": "service", "id": "1800250000_23", "location_id": "1800250000", "address": {"location_id": "1800250000", "lat": 42.2787071, "lon": -71.0815848}, "arr_time": 1676290885, "arr_date_time": "2023-02-13T07:21:25-05:00", "end_time": 1676291185, "end_date_time": "2023-02-13T07:26:25-05:00", "waiting_time": 0, "distance": 1028, "driving_time": 985, "preparation_time": 0, "load_before": [0], "load_after": [0]}, {"type": "service", "id": "1800487000_33", "location_id": "1800487000", "address": {"location_id": "1800487000", "lat": 42.27863836, "lon": -71.08211974}, "arr_time": 1676291212, "arr_date_time": "2023-02-13T07:26:52-05:00", "end_time": 1676291512, "end_date_time": "2023-02-13T07:31:52-05:00", "waiting_time": 0, "distance": 1056, "driving_time": 1012, "preparation_time": 0, "load_before": [0], "load_after": [0]}, {"type": "service", "id": "1800504000_40", "location_id": "1800504000", "address": {"location_id": "1800504000", "lat": 42.27906533, "lon": -71.08186745}, "arr_time": 1676291545, "arr_date_time": "2023-02-13T07:32:25-05:00", "end_time": 1676291845, "end_date_time": "2023-02-13T07:37:25-05:00", "waiting_time": 0, "distance": 1090, "driving_time": 1045, "preparation_time": 0, "load_before": [0], "load_after": [0]}, {"type": "service", "id": "1800503000_39", "location_id": "1800503000", "address": {"location_id": "1800503000", "lat": 42.27914829, "lon": -71.08176832}, "arr_time": 1676291857, "arr_date_time": "2023-02-13T07:37:37-05:00", "end_time": 1676292157, "end_date_time": "2023-02-13T07:42:37-05:00", "waiting_time": 0, "distance": 1102, "driving_time": 1057, "preparation_time": 0, "load_before": [0], "load_after": [0]}, {"type": "service", "id": "1800248000_21", "location_id": "1800248000", "address": {"location_id": "1800248000", "lat": 42.27859631, "lon": -71.08130021}, "arr_time": 1676292325, "arr_date_time": "2023-02-13T07:45:25-05:00", "end_time": 1676292625, "end_date_time": "2023-02-13T07:50:25-05:00", "waiting_time": 0, "distance": 1277, "driving_time": 1225, "preparation_time": 0, "load_before": [0], "load_after": [0]}, {"type": "end", "location_id": "1800508000", "address": {"location_id": "1800508000", "lat": 42.27933238, "lon": -71.08241246}, "arr_time": 1676292903, "arr_date_time": "2023-02-13T07:55:03-05:00", "end_time": 1676292903, "end_date_time": "2023-02-13T07:55:03-05:00", "waiting_time": 0, "distance": 1566, "driving_time": 1503, "preparation_time": 0, "load_before": [0]}]}], "unassigned": {"services": [], "shipments": [], "breaks": [], "details": []}}}