{"copyrights": ["GraphHopper", "OpenStreetMap contributors"], "job_id": "5e289461-97f4-438c-9482-f8af2ef165a3", "status": "finished", "waiting_time_in_queue": 0, "processing_time": 121, "solution": {"costs": 318, "distance": 2749, "time": 2636, "transport_time": 2636, "completion_time": 14636, "max_operation_time": 14636, "waiting_time": 0, "service_duration": 12000, "preparation_time": 0, "no_vehicles": 1, "no_unassigned": 0, "routes": [{"vehicle_id": "my_vehicle", "shift_id": "default-shift", "distance": 2749, "transport_time": 2636, "completion_time": 14636, "waiting_time": 0, "service_duration": 12000, "preparation_time": 0, "activities": [{"type": "start", "location_id": "1100038000", "address": {"location_id": "1100038000", "lat": 42.32986081, "lon": -71.09469272}, "arr_time": 1676278800, "arr_date_time": "2023-02-13T04:00:00-05:00", "end_time": 1676278800, "end_date_time": "2023-02-13T04:00:00-05:00", "waiting_time": 0, "distance": 0, "driving_time": 0, "preparation_time": 0, "load_after": [0]}, {"type": "service", "id": "1100064000_17", "location_id": "1100064000", "address": {"location_id": "1100064000", "lat": 42.32904347, "lon": -71.09505578}, "arr_time": 1676278881, "arr_date_time": "2023-02-13T04:01:21-05:00", "end_time": 1676279181, "end_date_time": "2023-02-13T04:06:21-05:00", "waiting_time": 0, "distance": 85, "driving_time": 81, "preparation_time": 0, "load_before": [0], "load_after": [0]}, {"type": "service", "id": "1100065000_18", "location_id": "1100065000", "address": {"location_id": "1100065000", "lat": 42.32894283, "lon": -71.09521054}, "arr_time": 1676279196, "arr_date_time": "2023-02-13T04:06:36-05:00", "end_time": 1676279496, "end_date_time": "2023-02-13T04:11:36-05:00", "waiting_time": 0, "distance": 101, "driving_time": 96, "preparation_time": 0, "load_before": [0], "load_after": [0]}, {"type": "service", "id": "1100723000_40", "location_id": "1100723000", "address": {"location_id": "1100723000", "lat": 42.32760427, "lon": -71.09620192}, "arr_time": 1676279643, "arr_date_time": "2023-02-13T04:14:03-05:00", "end_time": 1676279943, "end_date_time": "2023-02-13T04:19:03-05:00", "waiting_time": 0, "distance": 253, "driving_time": 243, "preparation_time": 0, "load_before": [0], "load_after": [0]}, {"type": "service", "id": "1100668000_34", "location_id": "1100668000", "address": {"location_id": "1100668000", "lat": 42.32694736, "lon": -71.0953973}, "arr_time": 1676280088, "arr_date_time": "2023-02-13T04:21:28-05:00", "end_time": 1676280388, "end_date_time": "2023-02-13T04:26:28-05:00", "waiting_time": 0, "distance": 405, "driving_time": 388, "preparation_time": 0, "load_before": [0], "load_after": [0]}, {"type": "service", "id": "1100667000_33", "location_id": "1100667000", "address": {"location_id": "1100667000", "lat": 42.32686786, "lon": -71.09528644}, "arr_time": 1676280400, "arr_date_time": "2023-02-13T04:26:40-05:00", "end_time": 1676280700, "end_date_time": "2023-02-13T04:31:40-05:00", "waiting_time": 0, "distance": 418, "driving_time": 400, "preparation_time": 0, "load_before": [0], "load_after": [0]}, {"type": "service", "id": "1100666000_32", "location_id": "1100666000", "address": {"location_id": "1100666000", "lat": 42.3268009, "lon": -71.09515828}, "arr_time": 1676280712, "arr_date_time": "2023-02-13T04:31:52-05:00", "end_time": 1676281012, "end_date_time": "2023-02-13T04:36:52-05:00", "waiting_time": 0, "distance": 431, "driving_time": 412, "preparation_time": 0, "load_before": [0], "load_after": [0]}, {"type": "service", "id": "1100665000_31", "location_id": "1100665000", "address": {"location_id": "1100665000", "lat": 42.32673331, "lon": -71.09502785}, "arr_time": 1676281024, "arr_date_time": "2023-02-13T04:37:04-05:00", "end_time": 1676281324, "end_date_time": "2023-02-13T04:42:04-05:00", "waiting_time": 0, "distance": 444, "driving_time": 424, "preparation_time": 0, "load_before": [0], "load_after": [0]}, {"type": "service", "id": "1100660010_30", "location_id": "1100660010", "address": {"location_id": "1100660010", "lat": 42.32643961, "lon": -71.09446465}, "arr_time": 1676281380, "arr_date_time": "2023-02-13T04:43:00-05:00", "end_time": 1676281680, "end_date_time": "2023-02-13T04:48:00-05:00", "waiting_time": 0, "distance": 503, "driving_time": 480, "preparation_time": 0, "load_before": [0], "load_after": [0]}, {"type": "service", "id": "1100072000_19", "location_id": "1100072000", "address": {"location_id": "1100072000", "lat": 42.3279929, "lon": -71.09572296}, "arr_time": 1676281916, "arr_date_time": "2023-02-13T04:51:56-05:00", "end_time": 1676282216, "end_date_time": "2023-02-13T04:56:56-05:00", "waiting_time": 0, "distance": 749, "driving_time": 716, "preparation_time": 0, "load_before": [0], "load_after": [0]}, {"type": "service", "id": "1100132000_26", "location_id": "1100132000", "address": {"location_id": "1100132000", "lat": 42.32792301, "lon": -71.09516926}, "arr_time": 1676282227, "arr_date_time": "2023-02-13T04:57:07-05:00", "end_time": 1676282527, "end_date_time": "2023-02-13T05:02:07-05:00", "waiting_time": 0, "distance": 760, "driving_time": 727, "preparation_time": 0, "load_before": [0], "load_after": [0]}, {"type": "service", "id": "1100079000_20", "location_id": "1100079000", "address": {"location_id": "1100079000", "lat": 42.32823578, "lon": -71.09508338}, "arr_time": 1676282560, "arr_date_time": "2023-02-13T05:02:40-05:00", "end_time": 1676282860, "end_date_time": "2023-02-13T05:07:40-05:00", "waiting_time": 0, "distance": 795, "driving_time": 760, "preparation_time": 0, "load_before": [0], "load_after": [0]}, {"type": "service", "id": "1100130000_25", "location_id": "1100130000", "address": {"location_id": "1100130000", "lat": 42.32769612, "lon": -71.09537067}, "arr_time": 1676282957, "arr_date_time": "2023-02-13T05:09:17-05:00", "end_time": 1676283257, "end_date_time": "2023-02-13T05:14:17-05:00", "waiting_time": 0, "distance": 897, "driving_time": 857, "preparation_time": 0, "load_before": [0], "load_after": [0]}, {"type": "service", "id": "1100127020_24", "location_id": "1100127020", "address": {"location_id": "1100127020", "lat": 42.32759424, "lon": -71.09470433}, "arr_time": 1676283311, "arr_date_time": "2023-02-13T05:15:11-05:00", "end_time": 1676283611, "end_date_time": "2023-02-13T05:20:11-05:00", "waiting_time": 0, "distance": 952, "driving_time": 911, "preparation_time": 0, "load_before": [0], "load_after": [0]}, {"type": "service", "id": "1100127010_23", "location_id": "1100127010", "address": {"location_id": "1100127010", "lat": 42.3275286, "lon": -71.09446851}, "arr_time": 1676283632, "arr_date_time": "2023-02-13T05:20:32-05:00", "end_time": 1676283932, "end_date_time": "2023-02-13T05:25:32-05:00", "waiting_time": 0, "distance": 974, "driving_time": 932, "preparation_time": 0, "load_before": [0], "load_after": [0]}, {"type": "service", "id": "1100681010_35", "location_id": "1100681010", "address": {"location_id": "1100681010", "lat": 42.32697112, "lon": -71.09416998}, "arr_time": 1676283975, "arr_date_time": "2023-02-13T05:26:15-05:00", "end_time": 1676284275, "end_date_time": "2023-02-13T05:31:15-05:00", "waiting_time": 0, "distance": 1018, "driving_time": 975, "preparation_time": 0, "load_before": [0], "load_after": [0]}, {"type": "service", "id": "1100695000_39", "location_id": "1100695000", "address": {"location_id": "1100695000", "lat": 42.32686904, "lon": -71.09364728}, "arr_time": 1676284329, "arr_date_time": "2023-02-13T05:32:09-05:00", "end_time": 1676284629, "end_date_time": "2023-02-13T05:37:09-05:00", "waiting_time": 0, "distance": 1075, "driving_time": 1029, "preparation_time": 0, "load_before": [0], "load_after": [0]}, {"type": "service", "id": "1100694000_38", "location_id": "1100694000", "address": {"location_id": "1100694000", "lat": 42.32665898, "lon": -71.09366978}, "arr_time": 1676284651, "arr_date_time": "2023-02-13T05:37:31-05:00", "end_time": 1676284951, "end_date_time": "2023-02-13T05:42:31-05:00", "waiting_time": 0, "distance": 1098, "driving_time": 1051, "preparation_time": 0, "load_before": [0], "load_after": [0]}, {"type": "service", "id": "1100691000_37", "location_id": "1100691000", "address": {"location_id": "1100691000", "lat": 42.32654368, "lon": -71.09410155}, "arr_time": 1676284973, "arr_date_time": "2023-02-13T05:42:53-05:00", "end_time": 1676285273, "end_date_time": "2023-02-13T05:47:53-05:00", "waiting_time": 0, "distance": 1122, "driving_time": 1073, "preparation_time": 0, "load_before": [0], "load_after": [0]}, {"type": "service", "id": "1100684010_36", "location_id": "1100684010", "address": {"location_id": "1100684010", "lat": 42.32680384, "lon": -71.09409785}, "arr_time": 1676285283, "arr_date_time": "2023-02-13T05:48:03-05:00", "end_time": 1676285583, "end_date_time": "2023-02-13T05:53:03-05:00", "waiting_time": 0, "distance": 1131, "driving_time": 1083, "preparation_time": 0, "load_before": [0], "load_after": [0]}, {"type": "service", "id": "1100175000_27", "location_id": "1100175000", "address": {"location_id": "1100175000", "lat": 42.32627387, "lon": -71.09287563}, "arr_time": 1676285785, "arr_date_time": "2023-02-13T05:56:25-05:00", "end_time": 1676286085, "end_date_time": "2023-02-13T06:01:25-05:00", "waiting_time": 0, "distance": 1343, "driving_time": 1285, "preparation_time": 0, "load_before": [0], "load_after": [0]}, {"type": "service", "id": "1100176000_28", "location_id": "1100176000", "address": {"location_id": "1100176000", "lat": 42.32640636, "lon": -71.09282669}, "arr_time": 1676286105, "arr_date_time": "2023-02-13T06:01:45-05:00", "end_time": 1676286405, "end_date_time": "2023-02-13T06:06:45-05:00", "waiting_time": 0, "distance": 1363, "driving_time": 1305, "preparation_time": 0, "load_before": [0], "load_after": [0]}, {"type": "service", "id": "1100177000_29", "location_id": "1100177000", "address": {"location_id": "1100177000", "lat": 42.32661032, "lon": -71.09280211}, "arr_time": 1676286427, "arr_date_time": "2023-02-13T06:07:07-05:00", "end_time": 1676286727, "end_date_time": "2023-02-13T06:12:07-05:00", "waiting_time": 0, "distance": 1385, "driving_time": 1327, "preparation_time": 0, "load_before": [0], "load_after": [0]}, {"type": "service", "id": "903540000_10", "location_id": "903540000", "address": {"location_id": "903540000", "lat": 42.32911002, "lon": -71.09189637}, "arr_time": 1676287003, "arr_date_time": "2023-02-13T06:16:43-05:00", "end_time": 1676287303, "end_date_time": "2023-02-13T06:21:43-05:00", "waiting_time": 0, "distance": 1673, "driving_time": 1603, "preparation_time": 0, "load_before": [0], "load_after": [0]}, {"type": "service", "id": "903542000_11", "location_id": "903542000", "address": {"location_id": "903542000", "lat": 42.32916924, "lon": -71.09204353}, "arr_time": 1676287380, "arr_date_time": "2023-02-13T06:23:00-05:00", "end_time": 1676287680, "end_date_time": "2023-02-13T06:28:00-05:00", "waiting_time": 0, "distance": 1754, "driving_time": 1680, "preparation_time": 0, "load_before": [0], "load_after": [0]}, {"type": "service", "id": "903543000_12", "location_id": "903543000", "address": {"location_id": "903543000", "lat": 42.32922533, "lon": -71.09203545}, "arr_time": 1676287685, "arr_date_time": "2023-02-13T06:28:05-05:00", "end_time": 1676287985, "end_date_time": "2023-02-13T06:33:05-05:00", "waiting_time": 0, "distance": 1760, "driving_time": 1685, "preparation_time": 0, "load_before": [0], "load_after": [0]}, {"type": "service", "id": "903544000_13", "location_id": "903544000", "address": {"location_id": "903544000", "lat": 42.32928077, "lon": -71.09203761}, "arr_time": 1676287991, "arr_date_time": "2023-02-13T06:33:11-05:00", "end_time": 1676288291, "end_date_time": "2023-02-13T06:38:11-05:00", "waiting_time": 0, "distance": 1766, "driving_time": 1691, "preparation_time": 0, "load_before": [0], "load_after": [0]}, {"type": "service", "id": "903513000_09", "location_id": "903513000", "address": {"location_id": "903513000", "lat": 42.32854046, "lon": -71.09249768}, "arr_time": 1676288431, "arr_date_time": "2023-02-13T06:40:31-05:00", "end_time": 1676288731, "end_date_time": "2023-02-13T06:45:31-05:00", "waiting_time": 0, "distance": 1912, "driving_time": 1831, "preparation_time": 0, "load_before": [0], "load_after": [0]}, {"type": "service", "id": "903492000_08", "location_id": "903492000", "address": {"location_id": "903492000", "lat": 42.32908963, "lon": -71.09324981}, "arr_time": 1676288801, "arr_date_time": "2023-02-13T06:46:41-05:00", "end_time": 1676289101, "end_date_time": "2023-02-13T06:51:41-05:00", "waiting_time": 0, "distance": 1986, "driving_time": 1901, "preparation_time": 0, "load_before": [0], "load_after": [0]}, {"type": "service", "id": "903471000_03", "location_id": "903471000", "address": {"location_id": "903471000", "lat": 42.32910097, "lon": -71.09372608}, "arr_time": 1676289228, "arr_date_time": "2023-02-13T06:53:48-05:00", "end_time": 1676289528, "end_date_time": "2023-02-13T06:58:48-05:00", "waiting_time": 0, "distance": 2118, "driving_time": 2028, "preparation_time": 0, "load_before": [0], "load_after": [0]}, {"type": "service", "id": "903472010_04", "location_id": "903472010", "address": {"location_id": "903472010", "lat": 42.32892589, "lon": -71.09374018}, "arr_time": 1676289547, "arr_date_time": "2023-02-13T06:59:07-05:00", "end_time": 1676289847, "end_date_time": "2023-02-13T07:04:07-05:00", "waiting_time": 0, "distance": 2138, "driving_time": 2047, "preparation_time": 0, "load_before": [0], "load_after": [0]}, {"type": "service", "id": "903488000_07", "location_id": "903488000", "address": {"location_id": "903488000", "lat": 42.32879858, "lon": -71.09346595}, "arr_time": 1676289856, "arr_date_time": "2023-02-13T07:04:16-05:00", "end_time": 1676290156, "end_date_time": "2023-02-13T07:09:16-05:00", "waiting_time": 0, "distance": 2147, "driving_time": 2056, "preparation_time": 0, "load_before": [0], "load_after": [0]}, {"type": "service", "id": "903486000_06", "location_id": "903486000", "address": {"location_id": "903486000", "lat": 42.32848064, "lon": -71.09346891}, "arr_time": 1676290188, "arr_date_time": "2023-02-13T07:09:48-05:00", "end_time": 1676290488, "end_date_time": "2023-02-13T07:14:48-05:00", "waiting_time": 0, "distance": 2180, "driving_time": 2088, "preparation_time": 0, "load_before": [0], "load_after": [0]}, {"type": "service", "id": "903485000_05", "location_id": "903485000", "address": {"location_id": "903485000", "lat": 42.32838702, "lon": -71.09348738}, "arr_time": 1676290499, "arr_date_time": "2023-02-13T07:14:59-05:00", "end_time": 1676290799, "end_date_time": "2023-02-13T07:19:59-05:00", "waiting_time": 0, "distance": 2190, "driving_time": 2099, "preparation_time": 0, "load_before": [0], "load_after": [0]}, {"type": "service", "id": "903455000_01", "location_id": "903455000", "address": {"location_id": "903455000", "lat": 42.32833685, "lon": -71.09414145}, "arr_time": 1676290857, "arr_date_time": "2023-02-13T07:20:57-05:00", "end_time": 1676291157, "end_date_time": "2023-02-13T07:25:57-05:00", "waiting_time": 0, "distance": 2251, "driving_time": 2157, "preparation_time": 0, "load_before": [0], "load_after": [0]}, {"type": "service", "id": "1100082000_22", "location_id": "1100082000", "address": {"location_id": "1100082000", "lat": 42.32808572, "lon": -71.09451539}, "arr_time": 1676291176, "arr_date_time": "2023-02-13T07:26:16-05:00", "end_time": 1676291476, "end_date_time": "2023-02-13T07:31:16-05:00", "waiting_time": 0, "distance": 2270, "driving_time": 2176, "preparation_time": 0, "load_before": [0], "load_after": [0]}, {"type": "service", "id": "1100080000_21", "location_id": "1100080000", "address": {"location_id": "1100080000", "lat": 42.32820556, "lon": -71.09490638}, "arr_time": 1676291504, "arr_date_time": "2023-02-13T07:31:44-05:00", "end_time": 1676291804, "end_date_time": "2023-02-13T07:36:44-05:00", "waiting_time": 0, "distance": 2299, "driving_time": 2204, "preparation_time": 0, "load_before": [0], "load_after": [0]}, {"type": "service", "id": "1100063000_16", "location_id": "1100063000", "address": {"location_id": "1100063000", "lat": 42.32907088, "lon": -71.09484638}, "arr_time": 1676291915, "arr_date_time": "2023-02-13T07:38:35-05:00", "end_time": 1676292215, "end_date_time": "2023-02-13T07:43:35-05:00", "waiting_time": 0, "distance": 2414, "driving_time": 2315, "preparation_time": 0, "load_before": [0], "load_after": [0]}, {"type": "service", "id": "1100058000_15", "location_id": "1100058000", "address": {"location_id": "1100058000", "lat": 42.3292724, "lon": -71.09503164}, "arr_time": 1676292240, "arr_date_time": "2023-02-13T07:44:00-05:00", "end_time": 1676292540, "end_date_time": "2023-02-13T07:49:00-05:00", "waiting_time": 0, "distance": 2441, "driving_time": 2340, "preparation_time": 0, "load_before": [0], "load_after": [0]}, {"type": "service", "id": "903464000_02", "location_id": "903464000", "address": {"location_id": "903464000", "lat": 42.32906769, "lon": -71.0941214}, "arr_time": 1676292608, "arr_date_time": "2023-02-13T07:50:08-05:00", "end_time": 1676292908, "end_date_time": "2023-02-13T07:55:08-05:00", "waiting_time": 0, "distance": 2512, "driving_time": 2408, "preparation_time": 0, "load_before": [0], "load_after": [0]}, {"type": "service", "id": "1100046000_14", "location_id": "1100046000", "address": {"location_id": "1100046000", "lat": 42.32985974, "lon": -71.09437403}, "arr_time": 1676293001, "arr_date_time": "2023-02-13T07:56:41-05:00", "end_time": 1676293301, "end_date_time": "2023-02-13T08:01:41-05:00", "waiting_time": 0, "distance": 2609, "driving_time": 2501, "preparation_time": 0, "load_before": [0], "load_after": [0]}, {"type": "end", "location_id": "1100038000", "address": {"location_id": "1100038000", "lat": 42.32986081, "lon": -71.09469272}, "arr_time": 1676293436, "arr_date_time": "2023-02-13T08:03:56-05:00", "end_time": 1676293436, "end_date_time": "2023-02-13T08:03:56-05:00", "waiting_time": 0, "distance": 2749, "driving_time": 2636, "preparation_time": 0, "load_before": [0]}]}], "unassigned": {"services": [], "shipments": [], "breaks": [], "details": []}}}