{"copyrights": ["GraphHopper", "OpenStreetMap contributors"], "job_id": "00a65fae-66a9-4528-97b7-a394f1582d7d", "status": "finished", "waiting_time_in_queue": 0, "processing_time": 100, "solution": {"costs": 327, "distance": 2639, "time": 2533, "transport_time": 2533, "completion_time": 15733, "max_operation_time": 15733, "waiting_time": 0, "service_duration": 13200, "preparation_time": 0, "no_vehicles": 1, "no_unassigned": 0, "routes": [{"vehicle_id": "my_vehicle", "shift_id": "default-shift", "distance": 2639, "transport_time": 2533, "completion_time": 15733, "waiting_time": 0, "service_duration": 13200, "preparation_time": 0, "activities": [{"type": "start", "location_id": "1803370605", "address": {"location_id": "1803370605", "lat": 42.27808309, "lon": -71.10734289}, "arr_time": 1676278800, "arr_date_time": "2023-02-13T04:00:00-05:00", "end_time": 1676278800, "end_date_time": "2023-02-13T04:00:00-05:00", "waiting_time": 0, "distance": 0, "driving_time": 0, "preparation_time": 0, "load_after": [0]}, {"type": "service", "id": "1803370750_44", "location_id": "1803370750", "address": {"location_id": "1803370750", "lat": 42.2773097, "lon": -71.1075476}, "arr_time": 1676278883, "arr_date_time": "2023-02-13T04:01:23-05:00", "end_time": 1676279183, "end_date_time": "2023-02-13T04:06:23-05:00", "waiting_time": 0, "distance": 86, "driving_time": 83, "preparation_time": 0, "load_before": [0], "load_after": [0]}, {"type": "service", "id": "1803370610_23", "location_id": "1803370610", "address": {"location_id": "1803370610", "lat": 42.27790931, "lon": -71.10713097}, "arr_time": 1676279271, "arr_date_time": "2023-02-13T04:07:51-05:00", "end_time": 1676279571, "end_date_time": "2023-02-13T04:12:51-05:00", "waiting_time": 0, "distance": 178, "driving_time": 171, "preparation_time": 0, "load_before": [0], "load_after": [0]}, {"type": "service", "id": "1803370725_43", "location_id": "1803370725", "address": {"location_id": "1803370725", "lat": 42.27740221, "lon": -71.10706455}, "arr_time": 1676279607, "arr_date_time": "2023-02-13T04:13:27-05:00", "end_time": 1676279907, "end_date_time": "2023-02-13T04:18:27-05:00", "waiting_time": 0, "distance": 215, "driving_time": 207, "preparation_time": 0, "load_before": [0], "load_after": [0]}, {"type": "service", "id": "1803370615_24", "location_id": "1803370615", "address": {"location_id": "1803370615", "lat": 42.27782389, "lon": -71.10693006}, "arr_time": 1676279943, "arr_date_time": "2023-02-13T04:19:03-05:00", "end_time": 1676280243, "end_date_time": "2023-02-13T04:24:03-05:00", "waiting_time": 0, "distance": 252, "driving_time": 243, "preparation_time": 0, "load_before": [0], "load_after": [0]}, {"type": "service", "id": "1803370720_42", "location_id": "1803370720", "address": {"location_id": "1803370720", "lat": 42.27732338, "lon": -71.10688191}, "arr_time": 1676280276, "arr_date_time": "2023-02-13T04:24:36-05:00", "end_time": 1676280576, "end_date_time": "2023-02-13T04:29:36-05:00", "waiting_time": 0, "distance": 287, "driving_time": 276, "preparation_time": 0, "load_before": [0], "load_after": [0]}, {"type": "service", "id": "1803370625_25", "location_id": "1803370625", "address": {"location_id": "1803370625", "lat": 42.27763041, "lon": -71.10656992}, "arr_time": 1676280577, "arr_date_time": "2023-02-13T04:29:37-05:00", "end_time": 1676280877, "end_date_time": "2023-02-13T04:34:37-05:00", "waiting_time": 0, "distance": 288, "driving_time": 277, "preparation_time": 0, "load_before": [0], "load_after": [0]}, {"type": "service", "id": "1803370715_41", "location_id": "1803370715", "address": {"location_id": "1803370715", "lat": 42.277232, "lon": -71.10670522}, "arr_time": 1676280893, "arr_date_time": "2023-02-13T04:34:53-05:00", "end_time": 1676281193, "end_date_time": "2023-02-13T04:39:53-05:00", "waiting_time": 0, "distance": 304, "driving_time": 293, "preparation_time": 0, "load_before": [0], "load_after": [0]}, {"type": "service", "id": "1803370630_26", "location_id": "1803370630", "address": {"location_id": "1803370630", "lat": 42.27753474, "lon": -71.10638963}, "arr_time": 1676281195, "arr_date_time": "2023-02-13T04:39:55-05:00", "end_time": 1676281495, "end_date_time": "2023-02-13T04:44:55-05:00", "waiting_time": 0, "distance": 306, "driving_time": 295, "preparation_time": 0, "load_before": [0], "load_after": [0]}, {"type": "service", "id": "1803370710_40", "location_id": "1803370710", "address": {"location_id": "1803370710", "lat": 42.2771369, "lon": -71.10652123}, "arr_time": 1676281511, "arr_date_time": "2023-02-13T04:45:11-05:00", "end_time": 1676281811, "end_date_time": "2023-02-13T04:50:11-05:00", "waiting_time": 0, "distance": 323, "driving_time": 311, "preparation_time": 0, "load_before": [0], "load_after": [0]}, {"type": "service", "id": "1803370635_27", "location_id": "1803370635", "address": {"location_id": "1803370635", "lat": 42.27744123, "lon": -71.10620978}, "arr_time": 1676281812, "arr_date_time": "2023-02-13T04:50:12-05:00", "end_time": 1676282112, "end_date_time": "2023-02-13T04:55:12-05:00", "waiting_time": 0, "distance": 325, "driving_time": 312, "preparation_time": 0, "load_before": [0], "load_after": [0]}, {"type": "service", "id": "1803370705_39", "location_id": "1803370705", "address": {"location_id": "1803370705", "lat": 42.2770428, "lon": -71.10633905}, "arr_time": 1676282128, "arr_date_time": "2023-02-13T04:55:28-05:00", "end_time": 1676282428, "end_date_time": "2023-02-13T05:00:28-05:00", "waiting_time": 0, "distance": 342, "driving_time": 328, "preparation_time": 0, "load_before": [0], "load_after": [0]}, {"type": "service", "id": "1803370640_28", "location_id": "1803370640", "address": {"location_id": "1803370640", "lat": 42.27734766, "lon": -71.10602667}, "arr_time": 1676282429, "arr_date_time": "2023-02-13T05:00:29-05:00", "end_time": 1676282729, "end_date_time": "2023-02-13T05:05:29-05:00", "waiting_time": 0, "distance": 344, "driving_time": 329, "preparation_time": 0, "load_before": [0], "load_after": [0]}, {"type": "service", "id": "1803370700_38", "location_id": "1803370700", "address": {"location_id": "1803370700", "lat": 42.27695089, "lon": -71.1061641}, "arr_time": 1676282745, "arr_date_time": "2023-02-13T05:05:45-05:00", "end_time": 1676283045, "end_date_time": "2023-02-13T05:10:45-05:00", "waiting_time": 0, "distance": 360, "driving_time": 345, "preparation_time": 0, "load_before": [0], "load_after": [0]}, {"type": "service", "id": "1803370645_29", "location_id": "1803370645", "address": {"location_id": "1803370645", "lat": 42.27725305, "lon": -71.10584528}, "arr_time": 1676283048, "arr_date_time": "2023-02-13T05:10:48-05:00", "end_time": 1676283348, "end_date_time": "2023-02-13T05:15:48-05:00", "waiting_time": 0, "distance": 362, "driving_time": 348, "preparation_time": 0, "load_before": [0], "load_after": [0]}, {"type": "service", "id": "1803370695_37", "location_id": "1803370695", "address": {"location_id": "1803370695", "lat": 42.27685726, "lon": -71.10598254}, "arr_time": 1676283364, "arr_date_time": "2023-02-13T05:16:04-05:00", "end_time": 1676283664, "end_date_time": "2023-02-13T05:21:04-05:00", "waiting_time": 0, "distance": 378, "driving_time": 364, "preparation_time": 0, "load_before": [0], "load_after": [0]}, {"type": "service", "id": "1803370650_30", "location_id": "1803370650", "address": {"location_id": "1803370650", "lat": 42.27716061, "lon": -71.10566177}, "arr_time": 1676283667, "arr_date_time": "2023-02-13T05:21:07-05:00", "end_time": 1676283967, "end_date_time": "2023-02-13T05:26:07-05:00", "waiting_time": 0, "distance": 380, "driving_time": 367, "preparation_time": 0, "load_before": [0], "load_after": [0]}, {"type": "service", "id": "1803370690_36", "location_id": "1803370690", "address": {"location_id": "1803370690", "lat": 42.27675881, "lon": -71.10579577}, "arr_time": 1676283983, "arr_date_time": "2023-02-13T05:26:23-05:00", "end_time": 1676284283, "end_date_time": "2023-02-13T05:31:23-05:00", "waiting_time": 0, "distance": 397, "driving_time": 383, "preparation_time": 0, "load_before": [0], "load_after": [0]}, {"type": "service", "id": "1803370655_31", "location_id": "1803370655", "address": {"location_id": "1803370655", "lat": 42.27706345, "lon": -71.10547904}, "arr_time": 1676284284, "arr_date_time": "2023-02-13T05:31:24-05:00", "end_time": 1676284584, "end_date_time": "2023-02-13T05:36:24-05:00", "waiting_time": 0, "distance": 399, "driving_time": 384, "preparation_time": 0, "load_before": [0], "load_after": [0]}, {"type": "service", "id": "1803370685_35", "location_id": "1803370685", "address": {"location_id": "1803370685", "lat": 42.27666393, "lon": -71.10561316}, "arr_time": 1676284600, "arr_date_time": "2023-02-13T05:36:40-05:00", "end_time": 1676284900, "end_date_time": "2023-02-13T05:41:40-05:00", "waiting_time": 0, "distance": 416, "driving_time": 400, "preparation_time": 0, "load_before": [0], "load_after": [0]}, {"type": "service", "id": "1803370660_32", "location_id": "1803370660", "address": {"location_id": "1803370660", "lat": 42.27696576, "lon": -71.10528877}, "arr_time": 1676284903, "arr_date_time": "2023-02-13T05:41:43-05:00", "end_time": 1676285203, "end_date_time": "2023-02-13T05:46:43-05:00", "waiting_time": 0, "distance": 419, "driving_time": 403, "preparation_time": 0, "load_before": [0], "load_after": [0]}, {"type": "service", "id": "1803370665_33", "location_id": "1803370665", "address": {"location_id": "1803370665", "lat": 42.27687152, "lon": -71.10510325}, "arr_time": 1676285220, "arr_date_time": "2023-02-13T05:47:00-05:00", "end_time": 1676285520, "end_date_time": "2023-02-13T05:52:00-05:00", "waiting_time": 0, "distance": 438, "driving_time": 420, "preparation_time": 0, "load_before": [0], "load_after": [0]}, {"type": "service", "id": "1803370670_34", "location_id": "1803370670", "address": {"location_id": "1803370670", "lat": 42.27677741, "lon": -71.10492016}, "arr_time": 1676285572, "arr_date_time": "2023-02-13T05:52:52-05:00", "end_time": 1676285872, "end_date_time": "2023-02-13T05:57:52-05:00", "waiting_time": 0, "distance": 492, "driving_time": 472, "preparation_time": 0, "load_before": [0], "load_after": [0]}, {"type": "service", "id": "1802375000_14", "location_id": "1802375000", "address": {"location_id": "1802375000", "lat": 42.27590783, "lon": -71.1051913}, "arr_time": 1676285996, "arr_date_time": "2023-02-13T05:59:56-05:00", "end_time": 1676286296, "end_date_time": "2023-02-13T06:04:56-05:00", "waiting_time": 0, "distance": 621, "driving_time": 596, "preparation_time": 0, "load_before": [0], "load_after": [0]}, {"type": "service", "id": "1802380000_15", "location_id": "1802380000", "address": {"location_id": "1802380000", "lat": 42.27592945, "lon": -71.10480336}, "arr_time": 1676286367, "arr_date_time": "2023-02-13T06:06:07-05:00", "end_time": 1676286667, "end_date_time": "2023-02-13T06:11:07-05:00", "waiting_time": 0, "distance": 694, "driving_time": 667, "preparation_time": 0, "load_before": [0], "load_after": [0]}, {"type": "service", "id": "1802413000_16", "location_id": "1802413000", "address": {"location_id": "1802413000", "lat": 42.27627263, "lon": -71.10437362}, "arr_time": 1676286723, "arr_date_time": "2023-02-13T06:12:03-05:00", "end_time": 1676287023, "end_date_time": "2023-02-13T06:17:03-05:00", "waiting_time": 0, "distance": 752, "driving_time": 723, "preparation_time": 0, "load_before": [0], "load_after": [0]}, {"type": "service", "id": "1802301000_01", "location_id": "1802301000", "address": {"location_id": "1802301000", "lat": 42.27547737, "lon": -71.10236075}, "arr_time": 1676287308, "arr_date_time": "2023-02-13T06:21:48-05:00", "end_time": 1676287608, "end_date_time": "2023-02-13T06:26:48-05:00", "waiting_time": 0, "distance": 1049, "driving_time": 1008, "preparation_time": 0, "load_before": [0], "load_after": [0]}, {"type": "service", "id": "1802884000_18", "location_id": "1802884000", "address": {"location_id": "1802884000", "lat": 42.27617704, "lon": -71.10179166}, "arr_time": 1676287695, "arr_date_time": "2023-02-13T06:28:15-05:00", "end_time": 1676287995, "end_date_time": "2023-02-13T06:33:15-05:00", "waiting_time": 0, "distance": 1140, "driving_time": 1095, "preparation_time": 0, "load_before": [0], "load_after": [0]}, {"type": "service", "id": "1802334010_13", "location_id": "1802334010", "address": {"location_id": "1802334010", "lat": 42.27658057, "lon": -71.10180341}, "arr_time": 1676288028, "arr_date_time": "2023-02-13T06:33:48-05:00", "end_time": 1676288328, "end_date_time": "2023-02-13T06:38:48-05:00", "waiting_time": 0, "distance": 1175, "driving_time": 1128, "preparation_time": 0, "load_before": [0], "load_after": [0]}, {"type": "service", "id": "1802886000_19", "location_id": "1802886000", "address": {"location_id": "1802886000", "lat": 42.276457, "lon": -71.10148498}, "arr_time": 1676288333, "arr_date_time": "2023-02-13T06:38:53-05:00", "end_time": 1676288633, "end_date_time": "2023-02-13T06:43:53-05:00", "waiting_time": 0, "distance": 1180, "driving_time": 1133, "preparation_time": 0, "load_before": [0], "load_after": [0]}, {"type": "service", "id": "1802887000_20", "location_id": "1802887000", "address": {"location_id": "1802887000", "lat": 42.27651108, "lon": -71.10131815}, "arr_time": 1676288645, "arr_date_time": "2023-02-13T06:44:05-05:00", "end_time": 1676288945, "end_date_time": "2023-02-13T06:49:05-05:00", "waiting_time": 0, "distance": 1193, "driving_time": 1145, "preparation_time": 0, "load_before": [0], "load_after": [0]}, {"type": "service", "id": "1802333000_12", "location_id": "1802333000", "address": {"location_id": "1802333000", "lat": 42.2767934, "lon": -71.10156596}, "arr_time": 1676288957, "arr_date_time": "2023-02-13T06:49:17-05:00", "end_time": 1676289257, "end_date_time": "2023-02-13T06:54:17-05:00", "waiting_time": 0, "distance": 1206, "driving_time": 1157, "preparation_time": 0, "load_before": [0], "load_after": [0]}, {"type": "service", "id": "1802892000_21", "location_id": "1802892000", "address": {"location_id": "1802892000", "lat": 42.27702319, "lon": -71.1007974}, "arr_time": 1676289313, "arr_date_time": "2023-02-13T06:55:13-05:00", "end_time": 1676289613, "end_date_time": "2023-02-13T07:00:13-05:00", "waiting_time": 0, "distance": 1265, "driving_time": 1213, "preparation_time": 0, "load_before": [0], "load_after": [0]}, {"type": "service", "id": "1802328000_11", "location_id": "1802328000", "address": {"location_id": "1802328000", "lat": 42.27732688, "lon": -71.10112255}, "arr_time": 1676289624, "arr_date_time": "2023-02-13T07:00:24-05:00", "end_time": 1676289924, "end_date_time": "2023-02-13T07:05:24-05:00", "waiting_time": 0, "distance": 1276, "driving_time": 1224, "preparation_time": 0, "load_before": [0], "load_after": [0]}, {"type": "service", "id": "1802894000_22", "location_id": "1802894000", "address": {"location_id": "1802894000", "lat": 42.27713667, "lon": -71.10068444}, "arr_time": 1676289929, "arr_date_time": "2023-02-13T07:05:29-05:00", "end_time": 1676290229, "end_date_time": "2023-02-13T07:10:29-05:00", "waiting_time": 0, "distance": 1281, "driving_time": 1229, "preparation_time": 0, "load_before": [0], "load_after": [0]}, {"type": "service", "id": "1802327000_10", "location_id": "1802327000", "address": {"location_id": "1802327000", "lat": 42.27741891, "lon": -71.10103081}, "arr_time": 1676290236, "arr_date_time": "2023-02-13T07:10:36-05:00", "end_time": 1676290536, "end_date_time": "2023-02-13T07:15:36-05:00", "waiting_time": 0, "distance": 1289, "driving_time": 1236, "preparation_time": 0, "load_before": [0], "load_after": [0]}, {"type": "service", "id": "1802870000_17", "location_id": "1802870000", "address": {"location_id": "1802870000", "lat": 42.27726721, "lon": -71.10055267}, "arr_time": 1676290576, "arr_date_time": "2023-02-13T07:16:16-05:00", "end_time": 1676290876, "end_date_time": "2023-02-13T07:21:16-05:00", "waiting_time": 0, "distance": 1331, "driving_time": 1276, "preparation_time": 0, "load_before": [0], "load_after": [0]}, {"type": "service", "id": "1802326000_09", "location_id": "1802326000", "address": {"location_id": "1802326000", "lat": 42.27751496, "lon": -71.10095968}, "arr_time": 1676290916, "arr_date_time": "2023-02-13T07:21:56-05:00", "end_time": 1676291216, "end_date_time": "2023-02-13T07:26:56-05:00", "waiting_time": 0, "distance": 1373, "driving_time": 1316, "preparation_time": 0, "load_before": [0], "load_after": [0]}, {"type": "service", "id": "1802322000_08", "location_id": "1802322000", "address": {"location_id": "1802322000", "lat": 42.27748775, "lon": -71.10155393}, "arr_time": 1676291288, "arr_date_time": "2023-02-13T07:28:08-05:00", "end_time": 1676291588, "end_date_time": "2023-02-13T07:33:08-05:00", "waiting_time": 0, "distance": 1448, "driving_time": 1388, "preparation_time": 0, "load_before": [0], "load_after": [0]}, {"type": "service", "id": "1802310000_02", "location_id": "1802310000", "address": {"location_id": "1802310000", "lat": 42.27742844, "lon": -71.10215979}, "arr_time": 1676291623, "arr_date_time": "2023-02-13T07:33:43-05:00", "end_time": 1676291923, "end_date_time": "2023-02-13T07:38:43-05:00", "waiting_time": 0, "distance": 1484, "driving_time": 1423, "preparation_time": 0, "load_before": [0], "load_after": [0]}, {"type": "service", "id": "1802320000_07", "location_id": "1802320000", "address": {"location_id": "1802320000", "lat": 42.27710296, "lon": -71.10167316}, "arr_time": 1676291931, "arr_date_time": "2023-02-13T07:38:51-05:00", "end_time": 1676292231, "end_date_time": "2023-02-13T07:43:51-05:00", "waiting_time": 0, "distance": 1492, "driving_time": 1431, "preparation_time": 0, "load_before": [0], "load_after": [0]}, {"type": "service", "id": "1802319010_06", "location_id": "1802319010", "address": {"location_id": "1802319010", "lat": 42.27702757, "lon": -71.10179075}, "arr_time": 1676292243, "arr_date_time": "2023-02-13T07:44:03-05:00", "end_time": 1676292543, "end_date_time": "2023-02-13T07:49:03-05:00", "waiting_time": 0, "distance": 1504, "driving_time": 1443, "preparation_time": 0, "load_before": [0], "load_after": [0]}, {"type": "service", "id": "1802317000_05", "location_id": "1802317000", "address": {"location_id": "1802317000", "lat": 42.27675933, "lon": -71.10209738}, "arr_time": 1676292577, "arr_date_time": "2023-02-13T07:49:37-05:00", "end_time": 1676292877, "end_date_time": "2023-02-13T07:54:37-05:00", "waiting_time": 0, "distance": 1540, "driving_time": 1477, "preparation_time": 0, "load_before": [0], "load_after": [0]}, {"type": "service", "id": "1802313000_03", "location_id": "1802313000", "address": {"location_id": "1802313000", "lat": 42.27703751, "lon": -71.10255562}, "arr_time": 1676292879, "arr_date_time": "2023-02-13T07:54:39-05:00", "end_time": 1676293179, "end_date_time": "2023-02-13T07:59:39-05:00", "waiting_time": 0, "distance": 1541, "driving_time": 1479, "preparation_time": 0, "load_before": [0], "load_after": [0]}, {"type": "service", "id": "1802316000_04", "location_id": "1802316000", "address": {"location_id": "1802316000", "lat": 42.27679725, "lon": -71.10280229}, "arr_time": 1676293204, "arr_date_time": "2023-02-13T08:00:04-05:00", "end_time": 1676293504, "end_date_time": "2023-02-13T08:05:04-05:00", "waiting_time": 0, "distance": 1567, "driving_time": 1504, "preparation_time": 0, "load_before": [0], "load_after": [0]}, {"type": "end", "location_id": "1803370605", "address": {"location_id": "1803370605", "lat": 42.27808309, "lon": -71.10734289}, "arr_time": 1676294533, "arr_date_time": "2023-02-13T08:22:13-05:00", "end_time": 1676294533, "end_date_time": "2023-02-13T08:22:13-05:00", "waiting_time": 0, "distance": 2639, "driving_time": 2533, "preparation_time": 0, "load_before": [0]}]}], "unassigned": {"services": [], "shipments": [], "breaks": [], "details": []}}}