{"copyrights": ["GraphHopper", "OpenStreetMap contributors"], "job_id": "ab7c7af8-ce88-4086-b0a8-aeacd0ccc6c1", "status": "finished", "waiting_time_in_queue": 0, "processing_time": 99, "solution": {"costs": 329, "distance": 2050, "time": 1961, "transport_time": 1961, "completion_time": 16061, "max_operation_time": 16061, "waiting_time": 0, "service_duration": 14100, "preparation_time": 0, "no_vehicles": 1, "no_unassigned": 0, "routes": [{"vehicle_id": "my_vehicle", "shift_id": "default-shift", "distance": 2050, "transport_time": 1961, "completion_time": 16061, "waiting_time": 0, "service_duration": 14100, "preparation_time": 0, "activities": [{"type": "start", "location_id": "1303074000", "address": {"location_id": "1303074000", "lat": 42.31879876, "lon": -71.05500807}, "arr_time": 1676278800, "arr_date_time": "2023-02-13T04:00:00-05:00", "end_time": 1676278800, "end_date_time": "2023-02-13T04:00:00-05:00", "waiting_time": 0, "distance": 0, "driving_time": 0, "preparation_time": 0, "load_after": [0]}, {"type": "service", "id": "1303078000_18", "location_id": "1303078000", "address": {"location_id": "1303078000", "lat": 42.31858508, "lon": -71.05479788}, "arr_time": 1676278884, "arr_date_time": "2023-02-13T04:01:24-05:00", "end_time": 1676279184, "end_date_time": "2023-02-13T04:06:24-05:00", "waiting_time": 0, "distance": 88, "driving_time": 84, "preparation_time": 0, "load_before": [0], "load_after": [0]}, {"type": "service", "id": "1303083000_21", "location_id": "1303083000", "address": {"location_id": "1303083000", "lat": 42.3181294, "lon": -71.05490742}, "arr_time": 1676279233, "arr_date_time": "2023-02-13T04:07:13-05:00", "end_time": 1676279533, "end_date_time": "2023-02-13T04:12:13-05:00", "waiting_time": 0, "distance": 139, "driving_time": 133, "preparation_time": 0, "load_before": [0], "load_after": [0]}, {"type": "service", "id": "1303086000_22", "location_id": "1303086000", "address": {"location_id": "1303086000", "lat": 42.31788007, "lon": -71.05496771}, "arr_time": 1676279560, "arr_date_time": "2023-02-13T04:12:40-05:00", "end_time": 1676279860, "end_date_time": "2023-02-13T04:17:40-05:00", "waiting_time": 0, "distance": 167, "driving_time": 160, "preparation_time": 0, "load_before": [0], "load_after": [0]}, {"type": "service", "id": "1303082000_20", "location_id": "1303082000", "address": {"location_id": "1303082000", "lat": 42.31822226, "lon": -71.05488514}, "arr_time": 1676279897, "arr_date_time": "2023-02-13T04:18:17-05:00", "end_time": 1676280197, "end_date_time": "2023-02-13T04:23:17-05:00", "waiting_time": 0, "distance": 206, "driving_time": 197, "preparation_time": 0, "load_before": [0], "load_after": [0]}, {"type": "service", "id": "1303080000_19", "location_id": "1303080000", "address": {"location_id": "1303080000", "lat": 42.31840651, "lon": -71.05484084}, "arr_time": 1676280217, "arr_date_time": "2023-02-13T04:23:37-05:00", "end_time": 1676280517, "end_date_time": "2023-02-13T04:28:37-05:00", "waiting_time": 0, "distance": 227, "driving_time": 217, "preparation_time": 0, "load_before": [0], "load_after": [0]}, {"type": "service", "id": "1303100000_23", "location_id": "1303100000", "address": {"location_id": "1303100000", "lat": 42.31880943, "lon": -71.05410001}, "arr_time": 1676280613, "arr_date_time": "2023-02-13T04:30:13-05:00", "end_time": 1676280913, "end_date_time": "2023-02-13T04:35:13-05:00", "waiting_time": 0, "distance": 327, "driving_time": 313, "preparation_time": 0, "load_before": [0], "load_after": [0]}, {"type": "service", "id": "1303131000_27", "location_id": "1303131000", "address": {"location_id": "1303131000", "lat": 42.31837427, "lon": -71.05374664}, "arr_time": 1676280991, "arr_date_time": "2023-02-13T04:36:31-05:00", "end_time": 1676281291, "end_date_time": "2023-02-13T04:41:31-05:00", "waiting_time": 0, "distance": 408, "driving_time": 391, "preparation_time": 0, "load_before": [0], "load_after": [0]}, {"type": "service", "id": "1303190000_45", "location_id": "1303190000", "address": {"location_id": "1303190000", "lat": 42.3188328, "lon": -71.05303623}, "arr_time": 1676281427, "arr_date_time": "2023-02-13T04:43:47-05:00", "end_time": 1676281727, "end_date_time": "2023-02-13T04:48:47-05:00", "waiting_time": 0, "distance": 550, "driving_time": 527, "preparation_time": 0, "load_before": [0], "load_after": [0]}, {"type": "service", "id": "1303140000_28", "location_id": "1303140000", "address": {"location_id": "1303140000", "lat": 42.31844881, "lon": -71.05344543}, "arr_time": 1676281769, "arr_date_time": "2023-02-13T04:49:29-05:00", "end_time": 1676282069, "end_date_time": "2023-02-13T04:54:29-05:00", "waiting_time": 0, "distance": 594, "driving_time": 569, "preparation_time": 0, "load_before": [0], "load_after": [0]}, {"type": "service", "id": "1303185000_44", "location_id": "1303185000", "address": {"location_id": "1303185000", "lat": 42.31835967, "lon": -71.0530585}, "arr_time": 1676282077, "arr_date_time": "2023-02-13T04:54:37-05:00", "end_time": 1676282377, "end_date_time": "2023-02-13T04:59:37-05:00", "waiting_time": 0, "distance": 603, "driving_time": 577, "preparation_time": 0, "load_before": [0], "load_after": [0]}, {"type": "service", "id": "1303184000_43", "location_id": "1303184000", "address": {"location_id": "1303184000", "lat": 42.31825434, "lon": -71.05306075}, "arr_time": 1676282388, "arr_date_time": "2023-02-13T04:59:48-05:00", "end_time": 1676282688, "end_date_time": "2023-02-13T05:04:48-05:00", "waiting_time": 0, "distance": 615, "driving_time": 588, "preparation_time": 0, "load_before": [0], "load_after": [0]}, {"type": "service", "id": "1303145000_29", "location_id": "1303145000", "address": {"location_id": "1303145000", "lat": 42.31801583, "lon": -71.05349051}, "arr_time": 1676282715, "arr_date_time": "2023-02-13T05:05:15-05:00", "end_time": 1676283015, "end_date_time": "2023-02-13T05:10:15-05:00", "waiting_time": 0, "distance": 643, "driving_time": 615, "preparation_time": 0, "load_before": [0], "load_after": [0]}, {"type": "service", "id": "1303181000_42", "location_id": "1303181000", "address": {"location_id": "1303181000", "lat": 42.3179615, "lon": -71.05307103}, "arr_time": 1676283019, "arr_date_time": "2023-02-13T05:10:19-05:00", "end_time": 1676283319, "end_date_time": "2023-02-13T05:15:19-05:00", "waiting_time": 0, "distance": 648, "driving_time": 619, "preparation_time": 0, "load_before": [0], "load_after": [0]}, {"type": "service", "id": "1303146000_30", "location_id": "1303146000", "address": {"location_id": "1303146000", "lat": 42.31789659, "lon": -71.05349999}, "arr_time": 1676283327, "arr_date_time": "2023-02-13T05:15:27-05:00", "end_time": 1676283627, "end_date_time": "2023-02-13T05:20:27-05:00", "waiting_time": 0, "distance": 657, "driving_time": 627, "preparation_time": 0, "load_before": [0], "load_after": [0]}, {"type": "service", "id": "1303179000_41", "location_id": "1303179000", "address": {"location_id": "1303179000", "lat": 42.31784198, "lon": -71.0531556}, "arr_time": 1676283631, "arr_date_time": "2023-02-13T05:20:31-05:00", "end_time": 1676283931, "end_date_time": "2023-02-13T05:25:31-05:00", "waiting_time": 0, "distance": 662, "driving_time": 631, "preparation_time": 0, "load_before": [0], "load_after": [0]}, {"type": "service", "id": "1303147000_31", "location_id": "1303147000", "address": {"location_id": "1303147000", "lat": 42.31778724, "lon": -71.05350702}, "arr_time": 1676283937, "arr_date_time": "2023-02-13T05:25:37-05:00", "end_time": 1676284237, "end_date_time": "2023-02-13T05:30:37-05:00", "waiting_time": 0, "distance": 669, "driving_time": 637, "preparation_time": 0, "load_before": [0], "load_after": [0]}, {"type": "service", "id": "1303178000_40", "location_id": "1303178000", "address": {"location_id": "1303178000", "lat": 42.31772362, "lon": -71.05307943}, "arr_time": 1676284243, "arr_date_time": "2023-02-13T05:30:43-05:00", "end_time": 1676284543, "end_date_time": "2023-02-13T05:35:43-05:00", "waiting_time": 0, "distance": 675, "driving_time": 643, "preparation_time": 0, "load_before": [0], "load_after": [0]}, {"type": "service", "id": "1303148000_32", "location_id": "1303148000", "address": {"location_id": "1303148000", "lat": 42.31766742, "lon": -71.05351466}, "arr_time": 1676284551, "arr_date_time": "2023-02-13T05:35:51-05:00", "end_time": 1676284851, "end_date_time": "2023-02-13T05:40:51-05:00", "waiting_time": 0, "distance": 683, "driving_time": 651, "preparation_time": 0, "load_before": [0], "load_after": [0]}, {"type": "service", "id": "1303175000_39", "location_id": "1303175000", "address": {"location_id": "1303175000", "lat": 42.31743069, "lon": -71.05309725}, "arr_time": 1676284875, "arr_date_time": "2023-02-13T05:41:15-05:00", "end_time": 1676285175, "end_date_time": "2023-02-13T05:46:15-05:00", "waiting_time": 0, "distance": 708, "driving_time": 675, "preparation_time": 0, "load_before": [0], "load_after": [0]}, {"type": "service", "id": "1303173000_38", "location_id": "1303173000", "address": {"location_id": "1303173000", "lat": 42.31715362, "lon": -71.05318678}, "arr_time": 1676285204, "arr_date_time": "2023-02-13T05:46:44-05:00", "end_time": 1676285504, "end_date_time": "2023-02-13T05:51:44-05:00", "waiting_time": 0, "distance": 739, "driving_time": 704, "preparation_time": 0, "load_before": [0], "load_after": [0]}, {"type": "service", "id": "1303153000_33", "location_id": "1303153000", "address": {"location_id": "1303153000", "lat": 42.31714599, "lon": -71.05346243}, "arr_time": 1676285505, "arr_date_time": "2023-02-13T05:51:45-05:00", "end_time": 1676285805, "end_date_time": "2023-02-13T05:56:45-05:00", "waiting_time": 0, "distance": 741, "driving_time": 705, "preparation_time": 0, "load_before": [0], "load_after": [0]}, {"type": "service", "id": "1303014000_06", "location_id": "1303014000", "address": {"location_id": "1303014000", "lat": 42.31679589, "lon": -71.05331835}, "arr_time": 1676285827, "arr_date_time": "2023-02-13T05:57:07-05:00", "end_time": 1676286127, "end_date_time": "2023-02-13T06:02:07-05:00", "waiting_time": 0, "distance": 763, "driving_time": 727, "preparation_time": 0, "load_before": [0], "load_after": [0]}, {"type": "service", "id": "1303172000_37", "location_id": "1303172000", "address": {"location_id": "1303172000", "lat": 42.31708897, "lon": -71.05303503}, "arr_time": 1676286144, "arr_date_time": "2023-02-13T06:02:24-05:00", "end_time": 1676286444, "end_date_time": "2023-02-13T06:07:24-05:00", "waiting_time": 0, "distance": 780, "driving_time": 744, "preparation_time": 0, "load_before": [0], "load_after": [0]}, {"type": "service", "id": "1303016000_07", "location_id": "1303016000", "address": {"location_id": "1303016000", "lat": 42.31680545, "lon": -71.05304086}, "arr_time": 1676286449, "arr_date_time": "2023-02-13T06:07:29-05:00", "end_time": 1676286749, "end_date_time": "2023-02-13T06:12:29-05:00", "waiting_time": 0, "distance": 785, "driving_time": 749, "preparation_time": 0, "load_before": [0], "load_after": [0]}, {"type": "service", "id": "1303204010_46", "location_id": "1303204010", "address": {"location_id": "1303204010", "lat": 42.31689901, "lon": -71.05240398}, "arr_time": 1676286781, "arr_date_time": "2023-02-13T06:13:01-05:00", "end_time": 1676287081, "end_date_time": "2023-02-13T06:18:01-05:00", "waiting_time": 0, "distance": 818, "driving_time": 781, "preparation_time": 0, "load_before": [0], "load_after": [0]}, {"type": "service", "id": "1303210000_47", "location_id": "1303210000", "address": {"location_id": "1303210000", "lat": 42.31740891, "lon": -71.05240228}, "arr_time": 1676287136, "arr_date_time": "2023-02-13T06:18:56-05:00", "end_time": 1676287436, "end_date_time": "2023-02-13T06:23:56-05:00", "waiting_time": 0, "distance": 875, "driving_time": 836, "preparation_time": 0, "load_before": [0], "load_after": [0]}, {"type": "service", "id": "1303167000_36", "location_id": "1303167000", "address": {"location_id": "1303167000", "lat": 42.31741991, "lon": -71.05280112}, "arr_time": 1676287436, "arr_date_time": "2023-02-13T06:23:56-05:00", "end_time": 1676287736, "end_date_time": "2023-02-13T06:28:56-05:00", "waiting_time": 0, "distance": 875, "driving_time": 836, "preparation_time": 0, "load_before": [0], "load_after": [0]}, {"type": "service", "id": "1303166000_35", "location_id": "1303166000", "address": {"location_id": "1303166000", "lat": 42.31752415, "lon": -71.05279469}, "arr_time": 1676287747, "arr_date_time": "2023-02-13T06:29:07-05:00", "end_time": 1676288047, "end_date_time": "2023-02-13T06:34:07-05:00", "waiting_time": 0, "distance": 887, "driving_time": 847, "preparation_time": 0, "load_before": [0], "load_after": [0]}, {"type": "service", "id": "1303165000_34", "location_id": "1303165000", "address": {"location_id": "1303165000", "lat": 42.31763605, "lon": -71.05278794}, "arr_time": 1676288059, "arr_date_time": "2023-02-13T06:34:19-05:00", "end_time": 1676288359, "end_date_time": "2023-02-13T06:39:19-05:00", "waiting_time": 0, "distance": 899, "driving_time": 859, "preparation_time": 0, "load_before": [0], "load_after": [0]}, {"type": "service", "id": "1303030000_08", "location_id": "1303030000", "address": {"location_id": "1303030000", "lat": 42.31667542, "lon": -71.05434866}, "arr_time": 1676288653, "arr_date_time": "2023-02-13T06:44:13-05:00", "end_time": 1676288953, "end_date_time": "2023-02-13T06:49:13-05:00", "waiting_time": 0, "distance": 1206, "driving_time": 1153, "preparation_time": 0, "load_before": [0], "load_after": [0]}, {"type": "service", "id": "1303031000_09", "location_id": "1303031000", "address": {"location_id": "1303031000", "lat": 42.316706, "lon": -71.05447733}, "arr_time": 1676288964, "arr_date_time": "2023-02-13T06:49:24-05:00", "end_time": 1676289264, "end_date_time": "2023-02-13T06:54:24-05:00", "waiting_time": 0, "distance": 1217, "driving_time": 1164, "preparation_time": 0, "load_before": [0], "load_after": [0]}, {"type": "service", "id": "1303012000_05", "location_id": "1303012000", "address": {"location_id": "1303012000", "lat": 42.31682778, "lon": -71.05356508}, "arr_time": 1676289563, "arr_date_time": "2023-02-13T06:59:23-05:00", "end_time": 1676289863, "end_date_time": "2023-02-13T07:04:23-05:00", "waiting_time": 0, "distance": 1528, "driving_time": 1463, "preparation_time": 0, "load_before": [0], "load_after": [0]}, {"type": "service", "id": "1303010000_04", "location_id": "1303010000", "address": {"location_id": "1303010000", "lat": 42.31686057, "lon": -71.05381687}, "arr_time": 1676289883, "arr_date_time": "2023-02-13T07:04:43-05:00", "end_time": 1676290183, "end_date_time": "2023-02-13T07:09:43-05:00", "waiting_time": 0, "distance": 1549, "driving_time": 1483, "preparation_time": 0, "load_before": [0], "load_after": [0]}, {"type": "service", "id": "1303008000_03", "location_id": "1303008000", "address": {"location_id": "1303008000", "lat": 42.31689627, "lon": -71.05408822}, "arr_time": 1676290204, "arr_date_time": "2023-02-13T07:10:04-05:00", "end_time": 1676290504, "end_date_time": "2023-02-13T07:15:04-05:00", "waiting_time": 0, "distance": 1572, "driving_time": 1504, "preparation_time": 0, "load_before": [0], "load_after": [0]}, {"type": "service", "id": "1303121000_25", "location_id": "1303121000", "address": {"location_id": "1303121000", "lat": 42.31719837, "lon": -71.05404541}, "arr_time": 1676290507, "arr_date_time": "2023-02-13T07:15:07-05:00", "end_time": 1676290807, "end_date_time": "2023-02-13T07:20:07-05:00", "waiting_time": 0, "distance": 1575, "driving_time": 1507, "preparation_time": 0, "load_before": [0], "load_after": [0]}, {"type": "service", "id": "1303007000_02", "location_id": "1303007000", "address": {"location_id": "1303007000", "lat": 42.3169164, "lon": -71.05423698}, "arr_time": 1676290816, "arr_date_time": "2023-02-13T07:20:16-05:00", "end_time": 1676291116, "end_date_time": "2023-02-13T07:25:16-05:00", "waiting_time": 0, "distance": 1585, "driving_time": 1516, "preparation_time": 0, "load_before": [0], "load_after": [0]}, {"type": "service", "id": "1303124000_26", "location_id": "1303124000", "address": {"location_id": "1303124000", "lat": 42.31754845, "lon": -71.05389858}, "arr_time": 1676291179, "arr_date_time": "2023-02-13T07:26:19-05:00", "end_time": 1676291479, "end_date_time": "2023-02-13T07:31:19-05:00", "waiting_time": 0, "distance": 1651, "driving_time": 1579, "preparation_time": 0, "load_before": [0], "load_after": [0]}, {"type": "service", "id": "1303006000_01", "location_id": "1303006000", "address": {"location_id": "1303006000", "lat": 42.31695634, "lon": -71.05439231}, "arr_time": 1676291531, "arr_date_time": "2023-02-13T07:32:11-05:00", "end_time": 1676291831, "end_date_time": "2023-02-13T07:37:11-05:00", "waiting_time": 0, "distance": 1705, "driving_time": 1631, "preparation_time": 0, "load_before": [0], "load_after": [0]}, {"type": "service", "id": "1303117000_24", "location_id": "1303117000", "address": {"location_id": "1303117000", "lat": 42.31744212, "lon": -71.05494041}, "arr_time": 1676291885, "arr_date_time": "2023-02-13T07:38:05-05:00", "end_time": 1676292185, "end_date_time": "2023-02-13T07:43:05-05:00", "waiting_time": 0, "distance": 1762, "driving_time": 1685, "preparation_time": 0, "load_before": [0], "load_after": [0]}, {"type": "service", "id": "1303062000_13", "location_id": "1303062000", "address": {"location_id": "1303062000", "lat": 42.31756034, "lon": -71.05584276}, "arr_time": 1676292257, "arr_date_time": "2023-02-13T07:44:17-05:00", "end_time": 1676292557, "end_date_time": "2023-02-13T07:49:17-05:00", "waiting_time": 0, "distance": 1837, "driving_time": 1757, "preparation_time": 0, "load_before": [0], "load_after": [0]}, {"type": "service", "id": "1303068010_14", "location_id": "1303068010", "address": {"location_id": "1303068010", "lat": 42.3180404, "lon": -71.0552045}, "arr_time": 1676292656, "arr_date_time": "2023-02-13T07:50:56-05:00", "end_time": 1676292956, "end_date_time": "2023-02-13T07:55:56-05:00", "waiting_time": 0, "distance": 1940, "driving_time": 1856, "preparation_time": 0, "load_before": [0], "load_after": [0]}, {"type": "service", "id": "1303055000_12", "location_id": "1303055000", "address": {"location_id": "1303055000", "lat": 42.3181706, "lon": -71.05561576}, "arr_time": 1676292963, "arr_date_time": "2023-02-13T07:56:03-05:00", "end_time": 1676293263, "end_date_time": "2023-02-13T08:01:03-05:00", "waiting_time": 0, "distance": 1947, "driving_time": 1863, "preparation_time": 0, "load_before": [0], "load_after": [0]}, {"type": "service", "id": "1303070000_15", "location_id": "1303070000", "address": {"location_id": "1303070000", "lat": 42.31831367, "lon": -71.05513372}, "arr_time": 1676293285, "arr_date_time": "2023-02-13T08:01:25-05:00", "end_time": 1676293585, "end_date_time": "2023-02-13T08:06:25-05:00", "waiting_time": 0, "distance": 1971, "driving_time": 1885, "preparation_time": 0, "load_before": [0], "load_after": [0]}, {"type": "service", "id": "1303053000_11", "location_id": "1303053000", "address": {"location_id": "1303053000", "lat": 42.31842157, "lon": -71.0555416}, "arr_time": 1676293591, "arr_date_time": "2023-02-13T08:06:31-05:00", "end_time": 1676293891, "end_date_time": "2023-02-13T08:11:31-05:00", "waiting_time": 0, "distance": 1976, "driving_time": 1891, "preparation_time": 0, "load_before": [0], "load_after": [0]}, {"type": "service", "id": "1303052000_10", "location_id": "1303052000", "address": {"location_id": "1303052000", "lat": 42.31854855, "lon": -71.05550457}, "arr_time": 1676293904, "arr_date_time": "2023-02-13T08:11:44-05:00", "end_time": 1676294204, "end_date_time": "2023-02-13T08:16:44-05:00", "waiting_time": 0, "distance": 1990, "driving_time": 1904, "preparation_time": 0, "load_before": [0], "load_after": [0]}, {"type": "service", "id": "1303072000_16", "location_id": "1303072000", "address": {"location_id": "1303072000", "lat": 42.31850595, "lon": -71.05508391}, "arr_time": 1676294207, "arr_date_time": "2023-02-13T08:16:47-05:00", "end_time": 1676294507, "end_date_time": "2023-02-13T08:21:47-05:00", "waiting_time": 0, "distance": 1992, "driving_time": 1907, "preparation_time": 0, "load_before": [0], "load_after": [0]}, {"type": "service", "id": "1303073000_17", "location_id": "1303073000", "address": {"location_id": "1303073000", "lat": 42.31860821, "lon": -71.05505742}, "arr_time": 1676294517, "arr_date_time": "2023-02-13T08:21:57-05:00", "end_time": 1676294817, "end_date_time": "2023-02-13T08:26:57-05:00", "waiting_time": 0, "distance": 2004, "driving_time": 1917, "preparation_time": 0, "load_before": [0], "load_after": [0]}, {"type": "end", "location_id": "1303074000", "address": {"location_id": "1303074000", "lat": 42.31879876, "lon": -71.05500807}, "arr_time": 1676294861, "arr_date_time": "2023-02-13T08:27:41-05:00", "end_time": 1676294861, "end_date_time": "2023-02-13T08:27:41-05:00", "waiting_time": 0, "distance": 2050, "driving_time": 1961, "preparation_time": 0, "load_before": [0]}]}], "unassigned": {"services": [], "shipments": [], "breaks": [], "details": []}}}