{"copyrights": ["GraphHopper", "OpenStreetMap contributors"], "job_id": "ce81782a-140c-4bce-ae40-8d10b280bd56", "status": "finished", "waiting_time_in_queue": 0, "processing_time": 159, "solution": {"costs": 357, "distance": 6474, "time": 6219, "transport_time": 6219, "completion_time": 19419, "max_operation_time": 19419, "waiting_time": 0, "service_duration": 13200, "preparation_time": 0, "no_vehicles": 1, "no_unassigned": 0, "routes": [{"vehicle_id": "my_vehicle", "shift_id": "default-shift", "distance": 6474, "transport_time": 6219, "completion_time": 19419, "waiting_time": 0, "service_duration": 13200, "preparation_time": 0, "activities": [{"type": "start", "location_id": "1201989000", "address": {"location_id": "1201989000", "lat": 42.31537733, "lon": -71.08535561}, "arr_time": 1676278800, "arr_date_time": "2023-02-13T04:00:00-05:00", "end_time": 1676278800, "end_date_time": "2023-02-13T04:00:00-05:00", "waiting_time": 0, "distance": 0, "driving_time": 0, "preparation_time": 0, "load_after": [0]}, {"type": "service", "id": "1201988000_01", "location_id": "1201988000", "address": {"location_id": "1201988000", "lat": 42.31533603, "lon": -71.08517775}, "arr_time": 1676278815, "arr_date_time": "2023-02-13T04:00:15-05:00", "end_time": 1676279115, "end_date_time": "2023-02-13T04:05:15-05:00", "waiting_time": 0, "distance": 15, "driving_time": 15, "preparation_time": 0, "load_before": [0], "load_after": [0]}, {"type": "service", "id": "1202059000_08", "location_id": "1202059000", "address": {"location_id": "1202059000", "lat": 42.31479978, "lon": -71.08469581}, "arr_time": 1676279168, "arr_date_time": "2023-02-13T04:06:08-05:00", "end_time": 1676279468, "end_date_time": "2023-02-13T04:11:08-05:00", "waiting_time": 0, "distance": 70, "driving_time": 68, "preparation_time": 0, "load_before": [0], "load_after": [0]}, {"type": "service", "id": "1202051000_07", "location_id": "1202051000", "address": {"location_id": "1202051000", "lat": 42.31509171, "lon": -71.08600108}, "arr_time": 1676279575, "arr_date_time": "2023-02-13T04:12:55-05:00", "end_time": 1676279875, "end_date_time": "2023-02-13T04:17:55-05:00", "waiting_time": 0, "distance": 180, "driving_time": 175, "preparation_time": 0, "load_before": [0], "load_after": [0]}, {"type": "service", "id": "1202050000_06", "location_id": "1202050000", "address": {"location_id": "1202050000", "lat": 42.31515544, "lon": -71.08616347}, "arr_time": 1676279889, "arr_date_time": "2023-02-13T04:18:09-05:00", "end_time": 1676280189, "end_date_time": "2023-02-13T04:23:09-05:00", "waiting_time": 0, "distance": 195, "driving_time": 189, "preparation_time": 0, "load_before": [0], "load_after": [0]}, {"type": "service", "id": "1202039000_05", "location_id": "1202039000", "address": {"location_id": "1202039000", "lat": 42.31469275, "lon": -71.08558189}, "arr_time": 1676280413, "arr_date_time": "2023-02-13T04:26:53-05:00", "end_time": 1676280713, "end_date_time": "2023-02-13T04:31:53-05:00", "waiting_time": 0, "distance": 428, "driving_time": 413, "preparation_time": 0, "load_before": [0], "load_after": [0]}, {"type": "service", "id": "1202036000_04", "location_id": "1202036000", "address": {"location_id": "1202036000", "lat": 42.31458967, "lon": -71.08510307}, "arr_time": 1676280753, "arr_date_time": "2023-02-13T04:32:33-05:00", "end_time": 1676281053, "end_date_time": "2023-02-13T04:37:33-05:00", "waiting_time": 0, "distance": 469, "driving_time": 453, "preparation_time": 0, "load_before": [0], "load_after": [0]}, {"type": "service", "id": "1202030000_03", "location_id": "1202030000", "address": {"location_id": "1202030000", "lat": 42.31446107, "lon": -71.08425133}, "arr_time": 1676281121, "arr_date_time": "2023-02-13T04:38:41-05:00", "end_time": 1676281421, "end_date_time": "2023-02-13T04:43:41-05:00", "waiting_time": 0, "distance": 540, "driving_time": 521, "preparation_time": 0, "load_before": [0], "load_after": [0]}, {"type": "service", "id": "1202070000_09", "location_id": "1202070000", "address": {"location_id": "1202070000", "lat": 42.31375398, "lon": -71.08462435}, "arr_time": 1676281645, "arr_date_time": "2023-02-13T04:47:25-05:00", "end_time": 1676281945, "end_date_time": "2023-02-13T04:52:25-05:00", "waiting_time": 0, "distance": 774, "driving_time": 745, "preparation_time": 0, "load_before": [0], "load_after": [0]}, {"type": "service", "id": "1202072000_10", "location_id": "1202072000", "address": {"location_id": "1202072000", "lat": 42.31382876, "lon": -71.08495948}, "arr_time": 1676281973, "arr_date_time": "2023-02-13T04:52:53-05:00", "end_time": 1676282273, "end_date_time": "2023-02-13T04:57:53-05:00", "waiting_time": 0, "distance": 803, "driving_time": 773, "preparation_time": 0, "load_before": [0], "load_after": [0]}, {"type": "service", "id": "1202078000_11", "location_id": "1202078000", "address": {"location_id": "1202078000", "lat": 42.31417439, "lon": -71.08619119}, "arr_time": 1676282377, "arr_date_time": "2023-02-13T04:59:37-05:00", "end_time": 1676282677, "end_date_time": "2023-02-13T05:04:37-05:00", "waiting_time": 0, "distance": 911, "driving_time": 877, "preparation_time": 0, "load_before": [0], "load_after": [0]}, {"type": "service", "id": "1202079000_12", "location_id": "1202079000", "address": {"location_id": "1202079000", "lat": 42.31422266, "lon": -71.08636474}, "arr_time": 1676282692, "arr_date_time": "2023-02-13T05:04:52-05:00", "end_time": 1676282992, "end_date_time": "2023-02-13T05:09:52-05:00", "waiting_time": 0, "distance": 926, "driving_time": 892, "preparation_time": 0, "load_before": [0], "load_after": [0]}, {"type": "service", "id": "1202083000_13", "location_id": "1202083000", "address": {"location_id": "1202083000", "lat": 42.31457388, "lon": -71.08678773}, "arr_time": 1676283076, "arr_date_time": "2023-02-13T05:11:16-05:00", "end_time": 1676283376, "end_date_time": "2023-02-13T05:16:16-05:00", "waiting_time": 0, "distance": 1014, "driving_time": 976, "preparation_time": 0, "load_before": [0], "load_after": [0]}, {"type": "service", "id": "1202085000_14", "location_id": "1202085000", "address": {"location_id": "1202085000", "lat": 42.31449266, "lon": -71.08643207}, "arr_time": 1676283425, "arr_date_time": "2023-02-13T05:17:05-05:00", "end_time": 1676283725, "end_date_time": "2023-02-13T05:22:05-05:00", "waiting_time": 0, "distance": 1066, "driving_time": 1025, "preparation_time": 0, "load_before": [0], "load_after": [0]}, {"type": "service", "id": "1202086000_15", "location_id": "1202086000", "address": {"location_id": "1202086000", "lat": 42.31445311, "lon": -71.08626162}, "arr_time": 1676283740, "arr_date_time": "2023-02-13T05:22:20-05:00", "end_time": 1676284040, "end_date_time": "2023-02-13T05:27:20-05:00", "waiting_time": 0, "distance": 1081, "driving_time": 1040, "preparation_time": 0, "load_before": [0], "load_after": [0]}, {"type": "service", "id": "1202011000_02", "location_id": "1202011000", "address": {"location_id": "1202011000", "lat": 42.31517565, "lon": -71.08699499}, "arr_time": 1676284243, "arr_date_time": "2023-02-13T05:30:43-05:00", "end_time": 1676284543, "end_date_time": "2023-02-13T05:35:43-05:00", "waiting_time": 0, "distance": 1292, "driving_time": 1243, "preparation_time": 0, "load_before": [0], "load_after": [0]}, {"type": "service", "id": "1202125000_18", "location_id": "1202125000", "address": {"location_id": "1202125000", "lat": 42.31380462, "lon": -71.0865427}, "arr_time": 1676284915, "arr_date_time": "2023-02-13T05:41:55-05:00", "end_time": 1676285215, "end_date_time": "2023-02-13T05:46:55-05:00", "waiting_time": 0, "distance": 1679, "driving_time": 1615, "preparation_time": 0, "load_before": [0], "load_after": [0]}, {"type": "service", "id": "1202126000_19", "location_id": "1202126000", "address": {"location_id": "1202126000", "lat": 42.31374894, "lon": -71.08639307}, "arr_time": 1676285228, "arr_date_time": "2023-02-13T05:47:08-05:00", "end_time": 1676285528, "end_date_time": "2023-02-13T05:52:08-05:00", "waiting_time": 0, "distance": 1693, "driving_time": 1628, "preparation_time": 0, "load_before": [0], "load_after": [0]}, {"type": "service", "id": "1202135000_20", "location_id": "1202135000", "address": {"location_id": "1202135000", "lat": 42.312895, "lon": -71.08509256}, "arr_time": 1676285689, "arr_date_time": "2023-02-13T05:54:49-05:00", "end_time": 1676285989, "end_date_time": "2023-02-13T05:59:49-05:00", "waiting_time": 0, "distance": 1861, "driving_time": 1789, "preparation_time": 0, "load_before": [0], "load_after": [0]}, {"type": "service", "id": "1202137000_21", "location_id": "1202137000", "address": {"location_id": "1202137000", "lat": 42.312751, "lon": -71.08478071}, "arr_time": 1676286017, "arr_date_time": "2023-02-13T06:00:17-05:00", "end_time": 1676286317, "end_date_time": "2023-02-13T06:05:17-05:00", "waiting_time": 0, "distance": 1891, "driving_time": 1817, "preparation_time": 0, "load_before": [0], "load_after": [0]}, {"type": "service", "id": "1202140000_22", "location_id": "1202140000", "address": {"location_id": "1202140000", "lat": 42.31282996, "lon": -71.08554772}, "arr_time": 1676286451, "arr_date_time": "2023-02-13T06:07:31-05:00", "end_time": 1676286751, "end_date_time": "2023-02-13T06:12:31-05:00", "waiting_time": 0, "distance": 2030, "driving_time": 1951, "preparation_time": 0, "load_before": [0], "load_after": [0]}, {"type": "service", "id": "1202156000_23", "location_id": "1202156000", "address": {"location_id": "1202156000", "lat": 42.3135411, "lon": -71.0887483}, "arr_time": 1676287203, "arr_date_time": "2023-02-13T06:20:03-05:00", "end_time": 1676287503, "end_date_time": "2023-02-13T06:25:03-05:00", "waiting_time": 0, "distance": 2500, "driving_time": 2403, "preparation_time": 0, "load_before": [0], "load_after": [0]}, {"type": "service", "id": "1202195000_24", "location_id": "1202195000", "address": {"location_id": "1202195000", "lat": 42.3126973, "lon": -71.08843975}, "arr_time": 1676287652, "arr_date_time": "2023-02-13T06:27:32-05:00", "end_time": 1676287952, "end_date_time": "2023-02-13T06:32:32-05:00", "waiting_time": 0, "distance": 2656, "driving_time": 2552, "preparation_time": 0, "load_before": [0], "load_after": [0]}, {"type": "service", "id": "1202227000_26", "location_id": "1202227000", "address": {"location_id": "1202227000", "lat": 42.31210838, "lon": -71.08932601}, "arr_time": 1676288200, "arr_date_time": "2023-02-13T06:36:40-05:00", "end_time": 1676288500, "end_date_time": "2023-02-13T06:41:40-05:00", "waiting_time": 0, "distance": 2914, "driving_time": 2800, "preparation_time": 0, "load_before": [0], "load_after": [0]}, {"type": "service", "id": "1202230000_27", "location_id": "1202230000", "address": {"location_id": "1202230000", "lat": 42.31189652, "lon": -71.0888466}, "arr_time": 1676288544, "arr_date_time": "2023-02-13T06:42:24-05:00", "end_time": 1676288844, "end_date_time": "2023-02-13T06:47:24-05:00", "waiting_time": 0, "distance": 2960, "driving_time": 2844, "preparation_time": 0, "load_before": [0], "load_after": [0]}, {"type": "service", "id": "1202213000_25", "location_id": "1202213000", "address": {"location_id": "1202213000", "lat": 42.31196135, "lon": -71.08781246}, "arr_time": 1676288909, "arr_date_time": "2023-02-13T06:48:29-05:00", "end_time": 1676289209, "end_date_time": "2023-02-13T06:53:29-05:00", "waiting_time": 0, "distance": 3028, "driving_time": 2909, "preparation_time": 0, "load_before": [0], "load_after": [0]}, {"type": "service", "id": "1202234010_28", "location_id": "1202234010", "address": {"location_id": "1202234010", "lat": 42.31152989, "lon": -71.08810192}, "arr_time": 1676289216, "arr_date_time": "2023-02-13T06:53:36-05:00", "end_time": 1676289516, "end_date_time": "2023-02-13T06:58:36-05:00", "waiting_time": 0, "distance": 3035, "driving_time": 2916, "preparation_time": 0, "load_before": [0], "load_after": [0]}, {"type": "service", "id": "1202234020_29", "location_id": "1202234020", "address": {"location_id": "1202234020", "lat": 42.31144116, "lon": -71.08800346}, "arr_time": 1676289528, "arr_date_time": "2023-02-13T06:58:48-05:00", "end_time": 1676289828, "end_date_time": "2023-02-13T07:03:48-05:00", "waiting_time": 0, "distance": 3047, "driving_time": 2928, "preparation_time": 0, "load_before": [0], "load_after": [0]}, {"type": "service", "id": "1202283000_30", "location_id": "1202283000", "address": {"location_id": "1202283000", "lat": 42.30971414, "lon": -71.08816715}, "arr_time": 1676290244, "arr_date_time": "2023-02-13T07:10:44-05:00", "end_time": 1676290544, "end_date_time": "2023-02-13T07:15:44-05:00", "waiting_time": 0, "distance": 3480, "driving_time": 3344, "preparation_time": 0, "load_before": [0], "load_after": [0]}, {"type": "service", "id": "1202385000_31", "location_id": "1202385000", "address": {"location_id": "1202385000", "lat": 42.30666868, "lon": -71.08628066}, "arr_time": 1676290979, "arr_date_time": "2023-02-13T07:22:59-05:00", "end_time": 1676291279, "end_date_time": "2023-02-13T07:27:59-05:00", "waiting_time": 0, "distance": 3933, "driving_time": 3779, "preparation_time": 0, "load_before": [0], "load_after": [0]}, {"type": "service", "id": "1202439000_33", "location_id": "1202439000", "address": {"location_id": "1202439000", "lat": 42.3076147, "lon": -71.08587585}, "arr_time": 1676291476, "arr_date_time": "2023-02-13T07:31:16-05:00", "end_time": 1676291776, "end_date_time": "2023-02-13T07:36:16-05:00", "waiting_time": 0, "distance": 4139, "driving_time": 3976, "preparation_time": 0, "load_before": [0], "load_after": [0]}, {"type": "service", "id": "1202405000_32", "location_id": "1202405000", "address": {"location_id": "1202405000", "lat": 42.30719489, "lon": -71.08591022}, "arr_time": 1676291795, "arr_date_time": "2023-02-13T07:36:35-05:00", "end_time": 1676292095, "end_date_time": "2023-02-13T07:41:35-05:00", "waiting_time": 0, "distance": 4159, "driving_time": 3995, "preparation_time": 0, "load_before": [0], "load_after": [0]}, {"type": "service", "id": "1202469000_39", "location_id": "1202469000", "address": {"location_id": "1202469000", "lat": 42.30860548, "lon": -71.08549582}, "arr_time": 1676292308, "arr_date_time": "2023-02-13T07:45:08-05:00", "end_time": 1676292608, "end_date_time": "2023-02-13T07:50:08-05:00", "waiting_time": 0, "distance": 4382, "driving_time": 4208, "preparation_time": 0, "load_before": [0], "load_after": [0]}, {"type": "service", "id": "1202467000_38", "location_id": "1202467000", "address": {"location_id": "1202467000", "lat": 42.30846402, "lon": -71.08524329}, "arr_time": 1676292633, "arr_date_time": "2023-02-13T07:50:33-05:00", "end_time": 1676292933, "end_date_time": "2023-02-13T07:55:33-05:00", "waiting_time": 0, "distance": 4408, "driving_time": 4233, "preparation_time": 0, "load_before": [0], "load_after": [0]}, {"type": "service", "id": "1202444000_34", "location_id": "1202444000", "address": {"location_id": "1202444000", "lat": 42.30813358, "lon": -71.08471156}, "arr_time": 1676292995, "arr_date_time": "2023-02-13T07:56:35-05:00", "end_time": 1676293295, "end_date_time": "2023-02-13T08:01:35-05:00", "waiting_time": 0, "distance": 4472, "driving_time": 4295, "preparation_time": 0, "load_before": [0], "load_after": [0]}, {"type": "service", "id": "1202466000_37", "location_id": "1202466000", "address": {"location_id": "1202466000", "lat": 42.30839658, "lon": -71.08513284}, "arr_time": 1676293356, "arr_date_time": "2023-02-13T08:02:36-05:00", "end_time": 1676293656, "end_date_time": "2023-02-13T08:07:36-05:00", "waiting_time": 0, "distance": 4535, "driving_time": 4356, "preparation_time": 0, "load_before": [0], "load_after": [0]}, {"type": "service", "id": "1202465000_36", "location_id": "1202465000", "address": {"location_id": "1202465000", "lat": 42.30863295, "lon": -71.08509461}, "arr_time": 1676293679, "arr_date_time": "2023-02-13T08:07:59-05:00", "end_time": 1676293979, "end_date_time": "2023-02-13T08:12:59-05:00", "waiting_time": 0, "distance": 4558, "driving_time": 4379, "preparation_time": 0, "load_before": [0], "load_after": [0]}, {"type": "service", "id": "1202449000_35", "location_id": "1202449000", "address": {"location_id": "1202449000", "lat": 42.30849202, "lon": -71.08457905}, "arr_time": 1676293989, "arr_date_time": "2023-02-13T08:13:09-05:00", "end_time": 1676294289, "end_date_time": "2023-02-13T08:18:09-05:00", "waiting_time": 0, "distance": 4569, "driving_time": 4389, "preparation_time": 0, "load_before": [0], "load_after": [0]}, {"type": "service", "id": "1202505000_40", "location_id": "1202505000", "address": {"location_id": "1202505000", "lat": 42.30962718, "lon": -71.08484054}, "arr_time": 1676294457, "arr_date_time": "2023-02-13T08:20:57-05:00", "end_time": 1676294757, "end_date_time": "2023-02-13T08:25:57-05:00", "waiting_time": 0, "distance": 4743, "driving_time": 4557, "preparation_time": 0, "load_before": [0], "load_after": [0]}, {"type": "service", "id": "1202576000_42", "location_id": "1202576000", "address": {"location_id": "1202576000", "lat": 42.31134636, "lon": -71.08473646}, "arr_time": 1676295164, "arr_date_time": "2023-02-13T08:32:44-05:00", "end_time": 1676295464, "end_date_time": "2023-02-13T08:37:44-05:00", "waiting_time": 0, "distance": 5167, "driving_time": 4964, "preparation_time": 0, "load_before": [0], "load_after": [0]}, {"type": "service", "id": "1202573020_41", "location_id": "1202573020", "address": {"location_id": "1202573020", "lat": 42.3111156, "lon": -71.08432934}, "arr_time": 1676295504, "arr_date_time": "2023-02-13T08:38:24-05:00", "end_time": 1676295804, "end_date_time": "2023-02-13T08:43:24-05:00", "waiting_time": 0, "distance": 5209, "driving_time": 5004, "preparation_time": 0, "load_before": [0], "load_after": [0]}, {"type": "service", "id": "1202577000_43", "location_id": "1202577000", "address": {"location_id": "1202577000", "lat": 42.31145953, "lon": -71.0849132}, "arr_time": 1676295865, "arr_date_time": "2023-02-13T08:44:25-05:00", "end_time": 1676296165, "end_date_time": "2023-02-13T08:49:25-05:00", "waiting_time": 0, "distance": 5273, "driving_time": 5065, "preparation_time": 0, "load_before": [0], "load_after": [0]}, {"type": "service", "id": "1202604000_44", "location_id": "1202604000", "address": {"location_id": "1202604000", "lat": 42.31206759, "lon": -71.08447187}, "arr_time": 1676296516, "arr_date_time": "2023-02-13T08:55:16-05:00", "end_time": 1676296816, "end_date_time": "2023-02-13T09:00:16-05:00", "waiting_time": 0, "distance": 5639, "driving_time": 5416, "preparation_time": 0, "load_before": [0], "load_after": [0]}, {"type": "service", "id": "1202106000_16", "location_id": "1202106000", "address": {"location_id": "1202106000", "lat": 42.31327475, "lon": -71.08500274}, "arr_time": 1676297051, "arr_date_time": "2023-02-13T09:04:11-05:00", "end_time": 1676297351, "end_date_time": "2023-02-13T09:09:11-05:00", "waiting_time": 0, "distance": 5883, "driving_time": 5651, "preparation_time": 0, "load_before": [0], "load_after": [0]}, {"type": "service", "id": "1202108000_17", "location_id": "1202108000", "address": {"location_id": "1202108000", "lat": 42.31350649, "lon": -71.08523258}, "arr_time": 1676297460, "arr_date_time": "2023-02-13T09:11:00-05:00", "end_time": 1676297760, "end_date_time": "2023-02-13T09:16:00-05:00", "waiting_time": 0, "distance": 5997, "driving_time": 5760, "preparation_time": 0, "load_before": [0], "load_after": [0]}, {"type": "end", "location_id": "1201989000", "address": {"location_id": "1201989000", "lat": 42.31537733, "lon": -71.08535561}, "arr_time": 1676298219, "arr_date_time": "2023-02-13T09:23:39-05:00", "end_time": 1676298219, "end_date_time": "2023-02-13T09:23:39-05:00", "waiting_time": 0, "distance": 6474, "driving_time": 6219, "preparation_time": 0, "load_before": [0]}]}], "unassigned": {"services": [], "shipments": [], "breaks": [], "details": []}}}