{"copyrights": ["GraphHopper", "OpenStreetMap contributors"], "job_id": "7ab99740-76d8-4f71-9c2d-b511ba1427f3", "status": "finished", "waiting_time_in_queue": 0, "processing_time": 126, "solution": {"costs": 313, "distance": 2453, "time": 2352, "transport_time": 2352, "completion_time": 14052, "max_operation_time": 14052, "waiting_time": 0, "service_duration": 11700, "preparation_time": 0, "no_vehicles": 1, "no_unassigned": 0, "routes": [{"vehicle_id": "my_vehicle", "shift_id": "default-shift", "distance": 2453, "transport_time": 2352, "completion_time": 14052, "waiting_time": 0, "service_duration": 11700, "preparation_time": 0, "activities": [{"type": "start", "location_id": "1701571000", "address": {"location_id": "1701571000", "lat": 42.29081019, "lon": -71.07719953}, "arr_time": 1676278800, "arr_date_time": "2023-02-13T04:00:00-05:00", "end_time": 1676278800, "end_date_time": "2023-02-13T04:00:00-05:00", "waiting_time": 0, "distance": 0, "driving_time": 0, "preparation_time": 0, "load_after": [0]}, {"type": "service", "id": "1701538000_15", "location_id": "1701538000", "address": {"location_id": "1701538000", "lat": 42.29011562, "lon": -71.07745121}, "arr_time": 1676278981, "arr_date_time": "2023-02-13T04:03:01-05:00", "end_time": 1676279281, "end_date_time": "2023-02-13T04:08:01-05:00", "waiting_time": 0, "distance": 188, "driving_time": 181, "preparation_time": 0, "load_before": [0], "load_after": [0]}, {"type": "service", "id": "1701539000_16", "location_id": "1701539000", "address": {"location_id": "1701539000", "lat": 42.29015673, "lon": -71.077283}, "arr_time": 1676279295, "arr_date_time": "2023-02-13T04:08:15-05:00", "end_time": 1676279595, "end_date_time": "2023-02-13T04:13:15-05:00", "waiting_time": 0, "distance": 203, "driving_time": 195, "preparation_time": 0, "load_before": [0], "load_after": [0]}, {"type": "service", "id": "1701540000_17", "location_id": "1701540000", "address": {"location_id": "1701540000", "lat": 42.29019929, "lon": -71.07709968}, "arr_time": 1676279609, "arr_date_time": "2023-02-13T04:13:29-05:00", "end_time": 1676279909, "end_date_time": "2023-02-13T04:18:29-05:00", "waiting_time": 0, "distance": 219, "driving_time": 209, "preparation_time": 0, "load_before": [0], "load_after": [0]}, {"type": "service", "id": "1701546000_18", "location_id": "1701546000", "address": {"location_id": "1701546000", "lat": 42.29041355, "lon": -71.07620174}, "arr_time": 1676279984, "arr_date_time": "2023-02-13T04:19:44-05:00", "end_time": 1676280284, "end_date_time": "2023-02-13T04:24:44-05:00", "waiting_time": 0, "distance": 296, "driving_time": 284, "preparation_time": 0, "load_before": [0], "load_after": [0]}, {"type": "service", "id": "1701559000_21", "location_id": "1701559000", "address": {"location_id": "1701559000", "lat": 42.29074438, "lon": -71.07620558}, "arr_time": 1676280295, "arr_date_time": "2023-02-13T04:24:55-05:00", "end_time": 1676280595, "end_date_time": "2023-02-13T04:29:55-05:00", "waiting_time": 0, "distance": 308, "driving_time": 295, "preparation_time": 0, "load_before": [0], "load_after": [0]}, {"type": "service", "id": "1701558000_20", "location_id": "1701558000", "address": {"location_id": "1701558000", "lat": 42.2907699, "lon": -71.07600492}, "arr_time": 1676280611, "arr_date_time": "2023-02-13T04:30:11-05:00", "end_time": 1676280911, "end_date_time": "2023-02-13T04:35:11-05:00", "waiting_time": 0, "distance": 325, "driving_time": 311, "preparation_time": 0, "load_before": [0], "load_after": [0]}, {"type": "service", "id": "1701548000_19", "location_id": "1701548000", "address": {"location_id": "1701548000", "lat": 42.29049477, "lon": -71.07586084}, "arr_time": 1676280944, "arr_date_time": "2023-02-13T04:35:44-05:00", "end_time": 1676281244, "end_date_time": "2023-02-13T04:40:44-05:00", "waiting_time": 0, "distance": 360, "driving_time": 344, "preparation_time": 0, "load_before": [0], "load_after": [0]}, {"type": "service", "id": "1701529001_11", "location_id": "1701529001", "address": {"location_id": "1701529001", "lat": 42.29004057, "lon": -71.07661437}, "arr_time": 1676281377, "arr_date_time": "2023-02-13T04:42:57-05:00", "end_time": 1676281677, "end_date_time": "2023-02-13T04:47:57-05:00", "waiting_time": 0, "distance": 499, "driving_time": 477, "preparation_time": 0, "load_before": [0], "load_after": [0]}, {"type": "service", "id": "1701531020_12", "location_id": "1701531020", "address": {"location_id": "1701531020", "lat": 42.28989237, "lon": -71.07723977}, "arr_time": 1676281729, "arr_date_time": "2023-02-13T04:48:49-05:00", "end_time": 1676282029, "end_date_time": "2023-02-13T04:53:49-05:00", "waiting_time": 0, "distance": 553, "driving_time": 529, "preparation_time": 0, "load_before": [0], "load_after": [0]}, {"type": "service", "id": "1701532010_13", "location_id": "1701532010", "address": {"location_id": "1701532010", "lat": 42.28986579, "lon": -71.07734946}, "arr_time": 1676282039, "arr_date_time": "2023-02-13T04:53:59-05:00", "end_time": 1676282339, "end_date_time": "2023-02-13T04:58:59-05:00", "waiting_time": 0, "distance": 562, "driving_time": 539, "preparation_time": 0, "load_before": [0], "load_after": [0]}, {"type": "service", "id": "1701532020_14", "location_id": "1701532020", "address": {"location_id": "1701532020", "lat": 42.28983953, "lon": -71.07746287}, "arr_time": 1676282348, "arr_date_time": "2023-02-13T04:59:08-05:00", "end_time": 1676282648, "end_date_time": "2023-02-13T05:04:08-05:00", "waiting_time": 0, "distance": 572, "driving_time": 548, "preparation_time": 0, "load_before": [0], "load_after": [0]}, {"type": "service", "id": "1701471000_09", "location_id": "1701471000", "address": {"location_id": "1701471000", "lat": 42.28907182, "lon": -71.07683929}, "arr_time": 1676282760, "arr_date_time": "2023-02-13T05:06:00-05:00", "end_time": 1676283060, "end_date_time": "2023-02-13T05:11:00-05:00", "waiting_time": 0, "distance": 689, "driving_time": 660, "preparation_time": 0, "load_before": [0], "load_after": [0]}, {"type": "service", "id": "1701443000_05", "location_id": "1701443000", "address": {"location_id": "1701443000", "lat": 42.28908988, "lon": -71.07632968}, "arr_time": 1676283071, "arr_date_time": "2023-02-13T05:11:11-05:00", "end_time": 1676283371, "end_date_time": "2023-02-13T05:16:11-05:00", "waiting_time": 0, "distance": 700, "driving_time": 671, "preparation_time": 0, "load_before": [0], "load_after": [0]}, {"type": "service", "id": "1701442000_04", "location_id": "1701442000", "address": {"location_id": "1701442000", "lat": 42.28898149, "lon": -71.07628314}, "arr_time": 1676283383, "arr_date_time": "2023-02-13T05:16:23-05:00", "end_time": 1676283683, "end_date_time": "2023-02-13T05:21:23-05:00", "waiting_time": 0, "distance": 713, "driving_time": 683, "preparation_time": 0, "load_before": [0], "load_after": [0]}, {"type": "service", "id": "1701475000_10", "location_id": "1701475000", "address": {"location_id": "1701475000", "lat": 42.28863654, "lon": -71.07664842}, "arr_time": 1676283709, "arr_date_time": "2023-02-13T05:21:49-05:00", "end_time": 1676284009, "end_date_time": "2023-02-13T05:26:49-05:00", "waiting_time": 0, "distance": 740, "driving_time": 709, "preparation_time": 0, "load_before": [0], "load_after": [0]}, {"type": "service", "id": "1701872000_39", "location_id": "1701872000", "address": {"location_id": "1701872000", "lat": 42.28814118, "lon": -71.07621003}, "arr_time": 1676284049, "arr_date_time": "2023-02-13T05:27:29-05:00", "end_time": 1676284349, "end_date_time": "2023-02-13T05:32:29-05:00", "waiting_time": 0, "distance": 782, "driving_time": 749, "preparation_time": 0, "load_before": [0], "load_after": [0]}, {"type": "service", "id": "1701871000_38", "location_id": "1701871000", "address": {"location_id": "1701871000", "lat": 42.28811336, "lon": -71.07638628}, "arr_time": 1676284364, "arr_date_time": "2023-02-13T05:32:44-05:00", "end_time": 1676284664, "end_date_time": "2023-02-13T05:37:44-05:00", "waiting_time": 0, "distance": 797, "driving_time": 764, "preparation_time": 0, "load_before": [0], "load_after": [0]}, {"type": "service", "id": "1701838000_29", "location_id": "1701838000", "address": {"location_id": "1701838000", "lat": 42.28742033, "lon": -71.07700737}, "arr_time": 1676284825, "arr_date_time": "2023-02-13T05:40:25-05:00", "end_time": 1676285125, "end_date_time": "2023-02-13T05:45:25-05:00", "waiting_time": 0, "distance": 966, "driving_time": 925, "preparation_time": 0, "load_before": [0], "load_after": [0]}, {"type": "service", "id": "1701837000_28", "location_id": "1701837000", "address": {"location_id": "1701837000", "lat": 42.28725181, "lon": -71.0769392}, "arr_time": 1676285144, "arr_date_time": "2023-02-13T05:45:44-05:00", "end_time": 1676285444, "end_date_time": "2023-02-13T05:50:44-05:00", "waiting_time": 0, "distance": 986, "driving_time": 944, "preparation_time": 0, "load_before": [0], "load_after": [0]}, {"type": "service", "id": "1701817000_27", "location_id": "1701817000", "address": {"location_id": "1701817000", "lat": 42.28739216, "lon": -71.07744646}, "arr_time": 1676285469, "arr_date_time": "2023-02-13T05:51:09-05:00", "end_time": 1676285769, "end_date_time": "2023-02-13T05:56:09-05:00", "waiting_time": 0, "distance": 1012, "driving_time": 969, "preparation_time": 0, "load_before": [0], "load_after": [0]}, {"type": "service", "id": "1701846000_30", "location_id": "1701846000", "address": {"location_id": "1701846000", "lat": 42.28777657, "lon": -71.07686028}, "arr_time": 1676285941, "arr_date_time": "2023-02-13T05:59:01-05:00", "end_time": 1676286241, "end_date_time": "2023-02-13T06:04:01-05:00", "waiting_time": 0, "distance": 1192, "driving_time": 1141, "preparation_time": 0, "load_before": [0], "load_after": [0]}, {"type": "service", "id": "1701847000_31", "location_id": "1701847000", "address": {"location_id": "1701847000", "lat": 42.28764843, "lon": -71.07680303}, "arr_time": 1676286256, "arr_date_time": "2023-02-13T06:04:16-05:00", "end_time": 1676286556, "end_date_time": "2023-02-13T06:09:16-05:00", "waiting_time": 0, "distance": 1207, "driving_time": 1156, "preparation_time": 0, "load_before": [0], "load_after": [0]}, {"type": "service", "id": "1701851000_32", "location_id": "1701851000", "address": {"location_id": "1701851000", "lat": 42.28700393, "lon": -71.07652338}, "arr_time": 1676286628, "arr_date_time": "2023-02-13T06:10:28-05:00", "end_time": 1676286928, "end_date_time": "2023-02-13T06:15:28-05:00", "waiting_time": 0, "distance": 1282, "driving_time": 1228, "preparation_time": 0, "load_before": [0], "load_after": [0]}, {"type": "service", "id": "1701852000_33", "location_id": "1701852000", "address": {"location_id": "1701852000", "lat": 42.28684109, "lon": -71.0764541}, "arr_time": 1676286947, "arr_date_time": "2023-02-13T06:15:47-05:00", "end_time": 1676287247, "end_date_time": "2023-02-13T06:20:47-05:00", "waiting_time": 0, "distance": 1301, "driving_time": 1247, "preparation_time": 0, "load_before": [0], "load_after": [0]}, {"type": "service", "id": "1701853000_34", "location_id": "1701853000", "address": {"location_id": "1701853000", "lat": 42.28650302, "lon": -71.07631127}, "arr_time": 1676287284, "arr_date_time": "2023-02-13T06:21:24-05:00", "end_time": 1676287584, "end_date_time": "2023-02-13T06:26:24-05:00", "waiting_time": 0, "distance": 1340, "driving_time": 1284, "preparation_time": 0, "load_before": [0], "load_after": [0]}, {"type": "service", "id": "1701854000_35", "location_id": "1701854000", "address": {"location_id": "1701854000", "lat": 42.28637271, "lon": -71.07624142}, "arr_time": 1676287599, "arr_date_time": "2023-02-13T06:26:39-05:00", "end_time": 1676287899, "end_date_time": "2023-02-13T06:31:39-05:00", "waiting_time": 0, "distance": 1356, "driving_time": 1299, "preparation_time": 0, "load_before": [0], "load_after": [0]}, {"type": "service", "id": "1701704000_26", "location_id": "1701704000", "address": {"location_id": "1701704000", "lat": 42.28629798, "lon": -71.07517522}, "arr_time": 1676288005, "arr_date_time": "2023-02-13T06:33:25-05:00", "end_time": 1676288305, "end_date_time": "2023-02-13T06:38:25-05:00", "waiting_time": 0, "distance": 1467, "driving_time": 1405, "preparation_time": 0, "load_before": [0], "load_after": [0]}, {"type": "service", "id": "1701703000_25", "location_id": "1701703000", "address": {"location_id": "1701703000", "lat": 42.28642495, "lon": -71.07522691}, "arr_time": 1676288352, "arr_date_time": "2023-02-13T06:39:12-05:00", "end_time": 1676288652, "end_date_time": "2023-02-13T06:44:12-05:00", "waiting_time": 0, "distance": 1516, "driving_time": 1452, "preparation_time": 0, "load_before": [0], "load_after": [0]}, {"type": "service", "id": "1701384000_01", "location_id": "1701384000", "address": {"location_id": "1701384000", "lat": 42.28720961, "lon": -71.07495341}, "arr_time": 1676288729, "arr_date_time": "2023-02-13T06:45:29-05:00", "end_time": 1676289029, "end_date_time": "2023-02-13T06:50:29-05:00", "waiting_time": 0, "distance": 1596, "driving_time": 1529, "preparation_time": 0, "load_before": [0], "load_after": [0]}, {"type": "service", "id": "1701863000_36", "location_id": "1701863000", "address": {"location_id": "1701863000", "lat": 42.28702636, "lon": -71.075959}, "arr_time": 1676289096, "arr_date_time": "2023-02-13T06:51:36-05:00", "end_time": 1676289396, "end_date_time": "2023-02-13T06:56:36-05:00", "waiting_time": 0, "distance": 1665, "driving_time": 1596, "preparation_time": 0, "load_before": [0], "load_after": [0]}, {"type": "service", "id": "1701389000_02", "location_id": "1701389000", "address": {"location_id": "1701389000", "lat": 42.28781473, "lon": -71.07507525}, "arr_time": 1676289501, "arr_date_time": "2023-02-13T06:58:21-05:00", "end_time": 1676289801, "end_date_time": "2023-02-13T07:03:21-05:00", "waiting_time": 0, "distance": 1775, "driving_time": 1701, "preparation_time": 0, "load_before": [0], "load_after": [0]}, {"type": "service", "id": "1701689000_24", "location_id": "1701689000", "address": {"location_id": "1701689000", "lat": 42.2877424, "lon": -71.07555437}, "arr_time": 1676289831, "arr_date_time": "2023-02-13T07:03:51-05:00", "end_time": 1676290131, "end_date_time": "2023-02-13T07:08:51-05:00", "waiting_time": 0, "distance": 1806, "driving_time": 1731, "preparation_time": 0, "load_before": [0], "load_after": [0]}, {"type": "service", "id": "1701684000_22", "location_id": "1701684000", "address": {"location_id": "1701684000", "lat": 42.28794672, "lon": -71.07589167}, "arr_time": 1676290152, "arr_date_time": "2023-02-13T07:09:12-05:00", "end_time": 1676290452, "end_date_time": "2023-02-13T07:14:12-05:00", "waiting_time": 0, "distance": 1828, "driving_time": 1752, "preparation_time": 0, "load_before": [0], "load_after": [0]}, {"type": "service", "id": "1701686000_23", "location_id": "1701686000", "address": {"location_id": "1701686000", "lat": 42.28794606, "lon": -71.07615801}, "arr_time": 1676290472, "arr_date_time": "2023-02-13T07:14:32-05:00", "end_time": 1676290772, "end_date_time": "2023-02-13T07:19:32-05:00", "waiting_time": 0, "distance": 1849, "driving_time": 1772, "preparation_time": 0, "load_before": [0], "load_after": [0]}, {"type": "service", "id": "1701868000_37", "location_id": "1701868000", "address": {"location_id": "1701868000", "lat": 42.28776448, "lon": -71.07633463}, "arr_time": 1676290775, "arr_date_time": "2023-02-13T07:19:35-05:00", "end_time": 1676291075, "end_date_time": "2023-02-13T07:24:35-05:00", "waiting_time": 0, "distance": 1852, "driving_time": 1775, "preparation_time": 0, "load_before": [0], "load_after": [0]}, {"type": "service", "id": "1701392000_03", "location_id": "1701392000", "address": {"location_id": "1701392000", "lat": 42.28821653, "lon": -71.07519154}, "arr_time": 1676291171, "arr_date_time": "2023-02-13T07:26:11-05:00", "end_time": 1676291471, "end_date_time": "2023-02-13T07:31:11-05:00", "waiting_time": 0, "distance": 1952, "driving_time": 1871, "preparation_time": 0, "load_before": [0], "load_after": [0]}, {"type": "service", "id": "1701458000_08", "location_id": "1701458000", "address": {"location_id": "1701458000", "lat": 42.28889931, "lon": -71.07589942}, "arr_time": 1676291556, "arr_date_time": "2023-02-13T07:32:36-05:00", "end_time": 1676291856, "end_date_time": "2023-02-13T07:37:36-05:00", "waiting_time": 0, "distance": 2040, "driving_time": 1956, "preparation_time": 0, "load_before": [0], "load_after": [0]}, {"type": "service", "id": "1701456000_07", "location_id": "1701456000", "address": {"location_id": "1701456000", "lat": 42.28915454, "lon": -71.07600726}, "arr_time": 1676291884, "arr_date_time": "2023-02-13T07:38:04-05:00", "end_time": 1676292184, "end_date_time": "2023-02-13T07:43:04-05:00", "waiting_time": 0, "distance": 2070, "driving_time": 1984, "preparation_time": 0, "load_before": [0], "load_after": [0]}, {"type": "service", "id": "1701455000_06", "location_id": "1701455000", "address": {"location_id": "1701455000", "lat": 42.28932217, "lon": -71.07607845}, "arr_time": 1676292203, "arr_date_time": "2023-02-13T07:43:23-05:00", "end_time": 1676292503, "end_date_time": "2023-02-13T07:48:23-05:00", "waiting_time": 0, "distance": 2090, "driving_time": 2003, "preparation_time": 0, "load_before": [0], "load_after": [0]}, {"type": "end", "location_id": "1701571000", "address": {"location_id": "1701571000", "lat": 42.29081019, "lon": -71.07719953}, "arr_time": 1676292852, "arr_date_time": "2023-02-13T07:54:12-05:00", "end_time": 1676292852, "end_date_time": "2023-02-13T07:54:12-05:00", "waiting_time": 0, "distance": 2453, "driving_time": 2352, "preparation_time": 0, "load_before": [0]}]}], "unassigned": {"services": [], "shipments": [], "breaks": [], "details": []}}}