{"copyrights": ["GraphHopper", "OpenStreetMap contributors"], "job_id": "e1a4163f-ab7b-4a33-99af-26c2250b4963", "status": "finished", "waiting_time_in_queue": 1, "processing_time": 105, "solution": {"costs": 332, "distance": 2440, "time": 2343, "transport_time": 2343, "completion_time": 16443, "max_operation_time": 16443, "waiting_time": 0, "service_duration": 14100, "preparation_time": 0, "no_vehicles": 1, "no_unassigned": 0, "routes": [{"vehicle_id": "my_vehicle", "shift_id": "default-shift", "distance": 2440, "transport_time": 2343, "completion_time": 16443, "waiting_time": 0, "service_duration": 14100, "preparation_time": 0, "activities": [{"type": "start", "location_id": "1200628000", "address": {"location_id": "1200628000", "lat": 42.32330951, "lon": -71.08546762}, "arr_time": 1676278800, "arr_date_time": "2023-02-13T04:00:00-05:00", "end_time": 1676278800, "end_date_time": "2023-02-13T04:00:00-05:00", "waiting_time": 0, "distance": 0, "driving_time": 0, "preparation_time": 0, "load_after": [0]}, {"type": "service", "id": "1200629000_03", "location_id": "1200629000", "address": {"location_id": "1200629000", "lat": 42.32329294, "lon": -71.08527476}, "arr_time": 1676278800, "arr_date_time": "2023-02-13T04:00:00-05:00", "end_time": 1676279100, "end_date_time": "2023-02-13T04:05:00-05:00", "waiting_time": 0, "distance": 0, "driving_time": 0, "preparation_time": 0, "load_before": [0], "load_after": [0]}, {"type": "service", "id": "1200591000_01", "location_id": "1200591000", "address": {"location_id": "1200591000", "lat": 42.32291859, "lon": -71.08506752}, "arr_time": 1676279123, "arr_date_time": "2023-02-13T04:05:23-05:00", "end_time": 1676279423, "end_date_time": "2023-02-13T04:10:23-05:00", "waiting_time": 0, "distance": 24, "driving_time": 23, "preparation_time": 0, "load_before": [0], "load_after": [0]}, {"type": "service", "id": "1200597000_02", "location_id": "1200597000", "address": {"location_id": "1200597000", "lat": 42.32281834, "lon": -71.08540836}, "arr_time": 1676279559, "arr_date_time": "2023-02-13T04:12:39-05:00", "end_time": 1676279859, "end_date_time": "2023-02-13T04:17:39-05:00", "waiting_time": 0, "distance": 166, "driving_time": 159, "preparation_time": 0, "load_before": [0], "load_after": [0]}, {"type": "service", "id": "1200713000_14", "location_id": "1200713000", "address": {"location_id": "1200713000", "lat": 42.32143601, "lon": -71.0845902}, "arr_time": 1676280052, "arr_date_time": "2023-02-13T04:20:52-05:00", "end_time": 1676280352, "end_date_time": "2023-02-13T04:25:52-05:00", "waiting_time": 0, "distance": 368, "driving_time": 352, "preparation_time": 0, "load_before": [0], "load_after": [0]}, {"type": "service", "id": "1200714000_15", "location_id": "1200714000", "address": {"location_id": "1200714000", "lat": 42.32175755, "lon": -71.08437582}, "arr_time": 1676280355, "arr_date_time": "2023-02-13T04:25:55-05:00", "end_time": 1676280655, "end_date_time": "2023-02-13T04:30:55-05:00", "waiting_time": 0, "distance": 370, "driving_time": 355, "preparation_time": 0, "load_before": [0], "load_after": [0]}, {"type": "service", "id": "1200716000_16", "location_id": "1200716000", "address": {"location_id": "1200716000", "lat": 42.32183117, "lon": -71.0846729}, "arr_time": 1676280679, "arr_date_time": "2023-02-13T04:31:19-05:00", "end_time": 1676280979, "end_date_time": "2023-02-13T04:36:19-05:00", "waiting_time": 0, "distance": 395, "driving_time": 379, "preparation_time": 0, "load_before": [0], "load_after": [0]}, {"type": "service", "id": "1200709000_12", "location_id": "1200709000", "address": {"location_id": "1200709000", "lat": 42.32170209, "lon": -71.08507672}, "arr_time": 1676281000, "arr_date_time": "2023-02-13T04:36:40-05:00", "end_time": 1676281300, "end_date_time": "2023-02-13T04:41:40-05:00", "waiting_time": 0, "distance": 417, "driving_time": 400, "preparation_time": 0, "load_before": [0], "load_after": [0]}, {"type": "service", "id": "1200674000_08", "location_id": "1200674000", "address": {"location_id": "1200674000", "lat": 42.32171363, "lon": -71.08569987}, "arr_time": 1676281371, "arr_date_time": "2023-02-13T04:42:51-05:00", "end_time": 1676281671, "end_date_time": "2023-02-13T04:47:51-05:00", "waiting_time": 0, "distance": 491, "driving_time": 471, "preparation_time": 0, "load_before": [0], "load_after": [0]}, {"type": "service", "id": "1200670000_04", "location_id": "1200670000", "address": {"location_id": "1200670000", "lat": 42.3218297, "lon": -71.08561072}, "arr_time": 1676281671, "arr_date_time": "2023-02-13T04:47:51-05:00", "end_time": 1676281971, "end_date_time": "2023-02-13T04:52:51-05:00", "waiting_time": 0, "distance": 491, "driving_time": 471, "preparation_time": 0, "load_before": [0], "load_after": [0]}, {"type": "service", "id": "1200672000_06", "location_id": "1200672000", "address": {"location_id": "1200672000", "lat": 42.32198492, "lon": -71.08589481}, "arr_time": 1676281999, "arr_date_time": "2023-02-13T04:53:19-05:00", "end_time": 1676282299, "end_date_time": "2023-02-13T04:58:19-05:00", "waiting_time": 0, "distance": 520, "driving_time": 499, "preparation_time": 0, "load_before": [0], "load_after": [0]}, {"type": "service", "id": "1200678000_10", "location_id": "1200678000", "address": {"location_id": "1200678000", "lat": 42.32172734, "lon": -71.08609427}, "arr_time": 1676282300, "arr_date_time": "2023-02-13T04:58:20-05:00", "end_time": 1676282600, "end_date_time": "2023-02-13T05:03:20-05:00", "waiting_time": 0, "distance": 521, "driving_time": 500, "preparation_time": 0, "load_before": [0], "load_after": [0]}, {"type": "service", "id": "1200673000_07", "location_id": "1200673000", "address": {"location_id": "1200673000", "lat": 42.32203483, "lon": -71.0860282}, "arr_time": 1676282611, "arr_date_time": "2023-02-13T05:03:31-05:00", "end_time": 1676282911, "end_date_time": "2023-02-13T05:08:31-05:00", "waiting_time": 0, "distance": 532, "driving_time": 511, "preparation_time": 0, "load_before": [0], "load_after": [0]}, {"type": "service", "id": "1200671000_05", "location_id": "1200671000", "address": {"location_id": "1200671000", "lat": 42.32195763, "lon": -71.08576436}, "arr_time": 1676282933, "arr_date_time": "2023-02-13T05:08:53-05:00", "end_time": 1676283233, "end_date_time": "2023-02-13T05:13:53-05:00", "waiting_time": 0, "distance": 555, "driving_time": 533, "preparation_time": 0, "load_before": [0], "load_after": [0]}, {"type": "service", "id": "1200710000_13", "location_id": "1200710000", "address": {"location_id": "1200710000", "lat": 42.32154991, "lon": -71.0849127}, "arr_time": 1676283309, "arr_date_time": "2023-02-13T05:15:09-05:00", "end_time": 1676283609, "end_date_time": "2023-02-13T05:20:09-05:00", "waiting_time": 0, "distance": 635, "driving_time": 609, "preparation_time": 0, "load_before": [0], "load_after": [0]}, {"type": "service", "id": "1200677000_09", "location_id": "1200677000", "address": {"location_id": "1200677000", "lat": 42.32166985, "lon": -71.08599065}, "arr_time": 1676283723, "arr_date_time": "2023-02-13T05:22:03-05:00", "end_time": 1676284023, "end_date_time": "2023-02-13T05:27:03-05:00", "waiting_time": 0, "distance": 754, "driving_time": 723, "preparation_time": 0, "load_before": [0], "load_after": [0]}, {"type": "service", "id": "1201584000_40", "location_id": "1201584000", "address": {"location_id": "1201584000", "lat": 42.32084151, "lon": -71.0849476}, "arr_time": 1676284137, "arr_date_time": "2023-02-13T05:28:57-05:00", "end_time": 1676284437, "end_date_time": "2023-02-13T05:33:57-05:00", "waiting_time": 0, "distance": 873, "driving_time": 837, "preparation_time": 0, "load_before": [0], "load_after": [0]}, {"type": "service", "id": "1200702000_11", "location_id": "1200702000", "address": {"location_id": "1200702000", "lat": 42.32105621, "lon": -71.08456292}, "arr_time": 1676284453, "arr_date_time": "2023-02-13T05:34:13-05:00", "end_time": 1676284753, "end_date_time": "2023-02-13T05:39:13-05:00", "waiting_time": 0, "distance": 889, "driving_time": 853, "preparation_time": 0, "load_before": [0], "load_after": [0]}, {"type": "service", "id": "1201585000_41", "location_id": "1201585000", "address": {"location_id": "1201585000", "lat": 42.32080234, "lon": -71.08479203}, "arr_time": 1676284779, "arr_date_time": "2023-02-13T05:39:39-05:00", "end_time": 1676285079, "end_date_time": "2023-02-13T05:44:39-05:00", "waiting_time": 0, "distance": 915, "driving_time": 879, "preparation_time": 0, "load_before": [0], "load_after": [0]}, {"type": "service", "id": "1201161000_37", "location_id": "1201161000", "address": {"location_id": "1201161000", "lat": 42.32048296, "lon": -71.08458987}, "arr_time": 1676285100, "arr_date_time": "2023-02-13T05:45:00-05:00", "end_time": 1676285400, "end_date_time": "2023-02-13T05:50:00-05:00", "waiting_time": 0, "distance": 938, "driving_time": 900, "preparation_time": 0, "load_before": [0], "load_after": [0]}, {"type": "service", "id": "1201160000_36", "location_id": "1201160000", "address": {"location_id": "1201160000", "lat": 42.32040214, "lon": -71.08464082}, "arr_time": 1676285409, "arr_date_time": "2023-02-13T05:50:09-05:00", "end_time": 1676285709, "end_date_time": "2023-02-13T05:55:09-05:00", "waiting_time": 0, "distance": 948, "driving_time": 909, "preparation_time": 0, "load_before": [0], "load_after": [0]}, {"type": "service", "id": "1201587000_42", "location_id": "1201587000", "address": {"location_id": "1201587000", "lat": 42.32057983, "lon": -71.08508169}, "arr_time": 1676285711, "arr_date_time": "2023-02-13T05:55:11-05:00", "end_time": 1676286011, "end_date_time": "2023-02-13T06:00:11-05:00", "waiting_time": 0, "distance": 949, "driving_time": 911, "preparation_time": 0, "load_before": [0], "load_after": [0]}, {"type": "service", "id": "1201158000_35", "location_id": "1201158000", "address": {"location_id": "1201158000", "lat": 42.32033087, "lon": -71.08441953}, "arr_time": 1676286073, "arr_date_time": "2023-02-13T06:01:13-05:00", "end_time": 1676286373, "end_date_time": "2023-02-13T06:06:13-05:00", "waiting_time": 0, "distance": 1015, "driving_time": 973, "preparation_time": 0, "load_before": [0], "load_after": [0]}, {"type": "service", "id": "1201157000_34", "location_id": "1201157000", "address": {"location_id": "1201157000", "lat": 42.32032014, "lon": -71.08427984}, "arr_time": 1676286384, "arr_date_time": "2023-02-13T06:06:24-05:00", "end_time": 1676286684, "end_date_time": "2023-02-13T06:11:24-05:00", "waiting_time": 0, "distance": 1026, "driving_time": 984, "preparation_time": 0, "load_before": [0], "load_after": [0]}, {"type": "service", "id": "1201156000_33", "location_id": "1201156000", "address": {"location_id": "1201156000", "lat": 42.32028962, "lon": -71.08415875}, "arr_time": 1676286695, "arr_date_time": "2023-02-13T06:11:35-05:00", "end_time": 1676286995, "end_date_time": "2023-02-13T06:16:35-05:00", "waiting_time": 0, "distance": 1037, "driving_time": 995, "preparation_time": 0, "load_before": [0], "load_after": [0]}, {"type": "service", "id": "1201605000_45", "location_id": "1201605000", "address": {"location_id": "1201605000", "lat": 42.31987449, "lon": -71.08414657}, "arr_time": 1676287011, "arr_date_time": "2023-02-13T06:16:51-05:00", "end_time": 1676287311, "end_date_time": "2023-02-13T06:21:51-05:00", "waiting_time": 0, "distance": 1054, "driving_time": 1011, "preparation_time": 0, "load_before": [0], "load_after": [0]}, {"type": "service", "id": "1201152000_32", "location_id": "1201152000", "address": {"location_id": "1201152000", "lat": 42.32016863, "lon": -71.08368758}, "arr_time": 1676287333, "arr_date_time": "2023-02-13T06:22:13-05:00", "end_time": 1676287633, "end_date_time": "2023-02-13T06:27:13-05:00", "waiting_time": 0, "distance": 1078, "driving_time": 1033, "preparation_time": 0, "load_before": [0], "load_after": [0]}, {"type": "service", "id": "1201148000_31", "location_id": "1201148000", "address": {"location_id": "1201148000", "lat": 42.32007191, "lon": -71.08331151}, "arr_time": 1676287665, "arr_date_time": "2023-02-13T06:27:45-05:00", "end_time": 1676287965, "end_date_time": "2023-02-13T06:32:45-05:00", "waiting_time": 0, "distance": 1111, "driving_time": 1065, "preparation_time": 0, "load_before": [0], "load_after": [0]}, {"type": "service", "id": "1201607000_47", "location_id": "1201607000", "address": {"location_id": "1201607000", "lat": 42.31980609, "lon": -71.08388796}, "arr_time": 1676288155, "arr_date_time": "2023-02-13T06:35:55-05:00", "end_time": 1676288455, "end_date_time": "2023-02-13T06:40:55-05:00", "waiting_time": 0, "distance": 1309, "driving_time": 1255, "preparation_time": 0, "load_before": [0], "load_after": [0]}, {"type": "service", "id": "1201605005_46", "location_id": "1201605005", "address": {"location_id": "1201605005", "lat": 42.31985197, "lon": -71.08406042}, "arr_time": 1676288455, "arr_date_time": "2023-02-13T06:40:55-05:00", "end_time": 1676288755, "end_date_time": "2023-02-13T06:45:55-05:00", "waiting_time": 0, "distance": 1309, "driving_time": 1255, "preparation_time": 0, "load_before": [0], "load_after": [0]}, {"type": "service", "id": "1201593000_43", "location_id": "1201593000", "address": {"location_id": "1201593000", "lat": 42.32005482, "lon": -71.08554141}, "arr_time": 1676288937, "arr_date_time": "2023-02-13T06:48:57-05:00", "end_time": 1676289237, "end_date_time": "2023-02-13T06:53:57-05:00", "waiting_time": 0, "distance": 1499, "driving_time": 1437, "preparation_time": 0, "load_before": [0], "load_after": [0]}, {"type": "service", "id": "1201599000_44", "location_id": "1201599000", "address": {"location_id": "1201599000", "lat": 42.32000784, "lon": -71.08503082}, "arr_time": 1676289257, "arr_date_time": "2023-02-13T06:54:17-05:00", "end_time": 1676289557, "end_date_time": "2023-02-13T06:59:17-05:00", "waiting_time": 0, "distance": 1519, "driving_time": 1457, "preparation_time": 0, "load_before": [0], "load_after": [0]}, {"type": "service", "id": "1201163000_38", "location_id": "1201163000", "address": {"location_id": "1201163000", "lat": 42.32070743, "lon": -71.08447641}, "arr_time": 1676289665, "arr_date_time": "2023-02-13T07:01:05-05:00", "end_time": 1676289965, "end_date_time": "2023-02-13T07:06:05-05:00", "waiting_time": 0, "distance": 1631, "driving_time": 1565, "preparation_time": 0, "load_before": [0], "load_after": [0]}, {"type": "service", "id": "1201167000_39", "location_id": "1201167000", "address": {"location_id": "1201167000", "lat": 42.32054465, "lon": -71.08392962}, "arr_time": 1676290009, "arr_date_time": "2023-02-13T07:06:49-05:00", "end_time": 1676290309, "end_date_time": "2023-02-13T07:11:49-05:00", "waiting_time": 0, "distance": 1677, "driving_time": 1609, "preparation_time": 0, "load_before": [0], "load_after": [0]}, {"type": "service", "id": "1200755000_24", "location_id": "1200755000", "address": {"location_id": "1200755000", "lat": 42.32077942, "lon": -71.08308526}, "arr_time": 1676290373, "arr_date_time": "2023-02-13T07:12:53-05:00", "end_time": 1676290673, "end_date_time": "2023-02-13T07:17:53-05:00", "waiting_time": 0, "distance": 1744, "driving_time": 1673, "preparation_time": 0, "load_before": [0], "load_after": [0]}, {"type": "service", "id": "1200750000_21", "location_id": "1200750000", "address": {"location_id": "1200750000", "lat": 42.32125921, "lon": -71.08307806}, "arr_time": 1676290757, "arr_date_time": "2023-02-13T07:19:17-05:00", "end_time": 1676291057, "end_date_time": "2023-02-13T07:24:17-05:00", "waiting_time": 0, "distance": 1832, "driving_time": 1757, "preparation_time": 0, "load_before": [0], "load_after": [0]}, {"type": "service", "id": "1200753000_22", "location_id": "1200753000", "address": {"location_id": "1200753000", "lat": 42.32094417, "lon": -71.08305312}, "arr_time": 1676291088, "arr_date_time": "2023-02-13T07:24:48-05:00", "end_time": 1676291388, "end_date_time": "2023-02-13T07:29:48-05:00", "waiting_time": 0, "distance": 1864, "driving_time": 1788, "preparation_time": 0, "load_before": [0], "load_after": [0]}, {"type": "service", "id": "1200754000_23", "location_id": "1200754000", "address": {"location_id": "1200754000", "lat": 42.3208291, "lon": -71.0829652}, "arr_time": 1676291401, "arr_date_time": "2023-02-13T07:30:01-05:00", "end_time": 1676291701, "end_date_time": "2023-02-13T07:35:01-05:00", "waiting_time": 0, "distance": 1878, "driving_time": 1801, "preparation_time": 0, "load_before": [0], "load_after": [0]}, {"type": "service", "id": "1200758000_25", "location_id": "1200758000", "address": {"location_id": "1200758000", "lat": 42.32096607, "lon": -71.08334979}, "arr_time": 1676291823, "arr_date_time": "2023-02-13T07:37:03-05:00", "end_time": 1676292123, "end_date_time": "2023-02-13T07:42:03-05:00", "waiting_time": 0, "distance": 2004, "driving_time": 1923, "preparation_time": 0, "load_before": [0], "load_after": [0]}, {"type": "service", "id": "1200759000_26", "location_id": "1200759000", "address": {"location_id": "1200759000", "lat": 42.3210371, "lon": -71.08334407}, "arr_time": 1676292131, "arr_date_time": "2023-02-13T07:42:11-05:00", "end_time": 1676292431, "end_date_time": "2023-02-13T07:47:11-05:00", "waiting_time": 0, "distance": 2012, "driving_time": 1931, "preparation_time": 0, "load_before": [0], "load_after": [0]}, {"type": "service", "id": "1200760000_27", "location_id": "1200760000", "address": {"location_id": "1200760000", "lat": 42.32111116, "lon": -71.08333776}, "arr_time": 1676292439, "arr_date_time": "2023-02-13T07:47:19-05:00", "end_time": 1676292739, "end_date_time": "2023-02-13T07:52:19-05:00", "waiting_time": 0, "distance": 2020, "driving_time": 1939, "preparation_time": 0, "load_before": [0], "load_after": [0]}, {"type": "service", "id": "1200729000_19", "location_id": "1200729000", "address": {"location_id": "1200729000", "lat": 42.32129831, "lon": -71.08360887}, "arr_time": 1676292753, "arr_date_time": "2023-02-13T07:52:33-05:00", "end_time": 1676293053, "end_date_time": "2023-02-13T07:57:33-05:00", "waiting_time": 0, "distance": 2035, "driving_time": 1953, "preparation_time": 0, "load_before": [0], "load_after": [0]}, {"type": "service", "id": "1200763000_28", "location_id": "1200763000", "address": {"location_id": "1200763000", "lat": 42.32131319, "lon": -71.08328983}, "arr_time": 1676293061, "arr_date_time": "2023-02-13T07:57:41-05:00", "end_time": 1676293361, "end_date_time": "2023-02-13T08:02:41-05:00", "waiting_time": 0, "distance": 2043, "driving_time": 1961, "preparation_time": 0, "load_before": [0], "load_after": [0]}, {"type": "service", "id": "1200728000_18", "location_id": "1200728000", "address": {"location_id": "1200728000", "lat": 42.32138803, "lon": -71.08355619}, "arr_time": 1676293364, "arr_date_time": "2023-02-13T08:02:44-05:00", "end_time": 1676293664, "end_date_time": "2023-02-13T08:07:44-05:00", "waiting_time": 0, "distance": 2046, "driving_time": 1964, "preparation_time": 0, "load_before": [0], "load_after": [0]}, {"type": "service", "id": "1200764000_29", "location_id": "1200764000", "address": {"location_id": "1200764000", "lat": 42.32138625, "lon": -71.08326498}, "arr_time": 1676293669, "arr_date_time": "2023-02-13T08:07:49-05:00", "end_time": 1676293969, "end_date_time": "2023-02-13T08:12:49-05:00", "waiting_time": 0, "distance": 2052, "driving_time": 1969, "preparation_time": 0, "load_before": [0], "load_after": [0]}, {"type": "service", "id": "1200765000_30", "location_id": "1200765000", "address": {"location_id": "1200765000", "lat": 42.32145118, "lon": -71.08324248}, "arr_time": 1676293976, "arr_date_time": "2023-02-13T08:12:56-05:00", "end_time": 1676294276, "end_date_time": "2023-02-13T08:17:56-05:00", "waiting_time": 0, "distance": 2059, "driving_time": 1976, "preparation_time": 0, "load_before": [0], "load_after": [0]}, {"type": "service", "id": "1200725000_17", "location_id": "1200725000", "address": {"location_id": "1200725000", "lat": 42.32176638, "lon": -71.08347078}, "arr_time": 1676294304, "arr_date_time": "2023-02-13T08:18:24-05:00", "end_time": 1676294604, "end_date_time": "2023-02-13T08:23:24-05:00", "waiting_time": 0, "distance": 2088, "driving_time": 2004, "preparation_time": 0, "load_before": [0], "load_after": [0]}, {"type": "service", "id": "1200744000_20", "location_id": "1200744000", "address": {"location_id": "1200744000", "lat": 42.32166907, "lon": -71.08377459}, "arr_time": 1676294701, "arr_date_time": "2023-02-13T08:25:01-05:00", "end_time": 1676295001, "end_date_time": "2023-02-13T08:30:01-05:00", "waiting_time": 0, "distance": 2189, "driving_time": 2101, "preparation_time": 0, "load_before": [0], "load_after": [0]}, {"type": "end", "location_id": "1200628000", "address": {"location_id": "1200628000", "lat": 42.32330951, "lon": -71.08546762}, "arr_time": 1676295243, "arr_date_time": "2023-02-13T08:34:03-05:00", "end_time": 1676295243, "end_date_time": "2023-02-13T08:34:03-05:00", "waiting_time": 0, "distance": 2440, "driving_time": 2343, "preparation_time": 0, "load_before": [0]}]}], "unassigned": {"services": [], "shipments": [], "breaks": [], "details": []}}}