{"copyrights": ["GraphHopper", "OpenStreetMap contributors"], "job_id": "ebc13f36-3cea-4551-8e30-2812ff1055b7", "status": "finished", "waiting_time_in_queue": 0, "processing_time": 168, "solution": {"costs": 380, "distance": 3566, "time": 3413, "transport_time": 3413, "completion_time": 22313, "max_operation_time": 22313, "waiting_time": 0, "service_duration": 18900, "preparation_time": 0, "no_vehicles": 1, "no_unassigned": 0, "routes": [{"vehicle_id": "my_vehicle", "shift_id": "default-shift", "distance": 3566, "transport_time": 3413, "completion_time": 22313, "waiting_time": 0, "service_duration": 18900, "preparation_time": 0, "activities": [{"type": "start", "location_id": "1501706000", "address": {"location_id": "1501706000", "lat": 42.3079631, "lon": -71.06387407}, "arr_time": 1676278800, "arr_date_time": "2023-02-13T04:00:00-05:00", "end_time": 1676278800, "end_date_time": "2023-02-13T04:00:00-05:00", "waiting_time": 0, "distance": 0, "driving_time": 0, "preparation_time": 0, "load_after": [0]}, {"type": "service", "id": "1501707000_55", "location_id": "1501707000", "address": {"location_id": "1501707000", "lat": 42.3077936, "lon": -71.06368274}, "arr_time": 1676278824, "arr_date_time": "2023-02-13T04:00:24-05:00", "end_time": 1676279124, "end_date_time": "2023-02-13T04:05:24-05:00", "waiting_time": 0, "distance": 25, "driving_time": 24, "preparation_time": 0, "load_before": [0], "load_after": [0]}, {"type": "service", "id": "1501708000_56", "location_id": "1501708000", "address": {"location_id": "1501708000", "lat": 42.30764719, "lon": -71.06366246}, "arr_time": 1676279132, "arr_date_time": "2023-02-13T04:05:32-05:00", "end_time": 1676279432, "end_date_time": "2023-02-13T04:10:32-05:00", "waiting_time": 0, "distance": 33, "driving_time": 32, "preparation_time": 0, "load_before": [0], "load_after": [0]}, {"type": "service", "id": "1501710000_57", "location_id": "1501710000", "address": {"location_id": "1501710000", "lat": 42.30753944, "lon": -71.06334204}, "arr_time": 1676279455, "arr_date_time": "2023-02-13T04:10:55-05:00", "end_time": 1676279755, "end_date_time": "2023-02-13T04:15:55-05:00", "waiting_time": 0, "distance": 57, "driving_time": 55, "preparation_time": 0, "load_before": [0], "load_after": [0]}, {"type": "service", "id": "1501712000_58", "location_id": "1501712000", "address": {"location_id": "1501712000", "lat": 42.30742013, "lon": -71.06309885}, "arr_time": 1676279777, "arr_date_time": "2023-02-13T04:16:17-05:00", "end_time": 1676280077, "end_date_time": "2023-02-13T04:21:17-05:00", "waiting_time": 0, "distance": 81, "driving_time": 77, "preparation_time": 0, "load_before": [0], "load_after": [0]}, {"type": "service", "id": "1501714000_59", "location_id": "1501714000", "address": {"location_id": "1501714000", "lat": 42.3071755, "lon": -71.06281291}, "arr_time": 1676280129, "arr_date_time": "2023-02-13T04:22:09-05:00", "end_time": 1676280429, "end_date_time": "2023-02-13T04:27:09-05:00", "waiting_time": 0, "distance": 134, "driving_time": 129, "preparation_time": 0, "load_before": [0], "load_after": [0]}, {"type": "service", "id": "1501612000_47", "location_id": "1501612000", "address": {"location_id": "1501612000", "lat": 42.30615438, "lon": -71.06211259}, "arr_time": 1676280555, "arr_date_time": "2023-02-13T04:29:15-05:00", "end_time": 1676280855, "end_date_time": "2023-02-13T04:34:15-05:00", "waiting_time": 0, "distance": 265, "driving_time": 255, "preparation_time": 0, "load_before": [0], "load_after": [0]}, {"type": "service", "id": "1501608000_46", "location_id": "1501608000", "address": {"location_id": "1501608000", "lat": 42.30665946, "lon": -71.06231977}, "arr_time": 1676280937, "arr_date_time": "2023-02-13T04:35:37-05:00", "end_time": 1676281237, "end_date_time": "2023-02-13T04:40:37-05:00", "waiting_time": 0, "distance": 352, "driving_time": 337, "preparation_time": 0, "load_before": [0], "load_after": [0]}, {"type": "service", "id": "1501644000_49", "location_id": "1501644000", "address": {"location_id": "1501644000", "lat": 42.30634407, "lon": -71.06300321}, "arr_time": 1676281300, "arr_date_time": "2023-02-13T04:41:40-05:00", "end_time": 1676281600, "end_date_time": "2023-02-13T04:46:40-05:00", "waiting_time": 0, "distance": 418, "driving_time": 400, "preparation_time": 0, "load_before": [0], "load_after": [0]}, {"type": "service", "id": "1501645000_50", "location_id": "1501645000", "address": {"location_id": "1501645000", "lat": 42.3061954, "lon": -71.06302394}, "arr_time": 1676281615, "arr_date_time": "2023-02-13T04:46:55-05:00", "end_time": 1676281915, "end_date_time": "2023-02-13T04:51:55-05:00", "waiting_time": 0, "distance": 433, "driving_time": 415, "preparation_time": 0, "load_before": [0], "load_after": [0]}, {"type": "service", "id": "1501651000_52", "location_id": "1501651000", "address": {"location_id": "1501651000", "lat": 42.30562204, "lon": -71.06276682}, "arr_time": 1676281979, "arr_date_time": "2023-02-13T04:52:59-05:00", "end_time": 1676282279, "end_date_time": "2023-02-13T04:57:59-05:00", "waiting_time": 0, "distance": 500, "driving_time": 479, "preparation_time": 0, "load_before": [0], "load_after": [0]}, {"type": "service", "id": "1501623000_48", "location_id": "1501623000", "address": {"location_id": "1501623000", "lat": 42.30564972, "lon": -71.06226262}, "arr_time": 1676282288, "arr_date_time": "2023-02-13T04:58:08-05:00", "end_time": 1676282588, "end_date_time": "2023-02-13T05:03:08-05:00", "waiting_time": 0, "distance": 510, "driving_time": 488, "preparation_time": 0, "load_before": [0], "load_after": [0]}, {"type": "service", "id": "1501649000_51", "location_id": "1501649000", "address": {"location_id": "1501649000", "lat": 42.30581662, "lon": -71.06285812}, "arr_time": 1676282620, "arr_date_time": "2023-02-13T05:03:40-05:00", "end_time": 1676282920, "end_date_time": "2023-02-13T05:08:40-05:00", "waiting_time": 0, "distance": 543, "driving_time": 520, "preparation_time": 0, "load_before": [0], "load_after": [0]}, {"type": "service", "id": "1501719001_60", "location_id": "1501719001", "address": {"location_id": "1501719001", "lat": 42.30672763, "lon": -71.0630967}, "arr_time": 1676282997, "arr_date_time": "2023-02-13T05:09:57-05:00", "end_time": 1676283297, "end_date_time": "2023-02-13T05:14:57-05:00", "waiting_time": 0, "distance": 624, "driving_time": 597, "preparation_time": 0, "load_before": [0], "load_after": [0]}, {"type": "service", "id": "1501720000_61", "location_id": "1501720000", "address": {"location_id": "1501720000", "lat": 42.30672761, "lon": -71.06330106}, "arr_time": 1676283312, "arr_date_time": "2023-02-13T05:15:12-05:00", "end_time": 1676283612, "end_date_time": "2023-02-13T05:20:12-05:00", "waiting_time": 0, "distance": 639, "driving_time": 612, "preparation_time": 0, "load_before": [0], "load_after": [0]}, {"type": "service", "id": "1501720001_62", "location_id": "1501720001", "address": {"location_id": "1501720001", "lat": 42.30648987, "lon": -71.0634728}, "arr_time": 1676283635, "arr_date_time": "2023-02-13T05:20:35-05:00", "end_time": 1676283935, "end_date_time": "2023-02-13T05:25:35-05:00", "waiting_time": 0, "distance": 663, "driving_time": 635, "preparation_time": 0, "load_before": [0], "load_after": [0]}, {"type": "service", "id": "1501656000_53", "location_id": "1501656000", "address": {"location_id": "1501656000", "lat": 42.30606578, "lon": -71.06373083}, "arr_time": 1676283973, "arr_date_time": "2023-02-13T05:26:13-05:00", "end_time": 1676284273, "end_date_time": "2023-02-13T05:31:13-05:00", "waiting_time": 0, "distance": 704, "driving_time": 673, "preparation_time": 0, "load_before": [0], "load_after": [0]}, {"type": "service", "id": "1501720002_63", "location_id": "1501720002", "address": {"location_id": "1501720002", "lat": 42.30667764, "lon": -71.06357143}, "arr_time": 1676284332, "arr_date_time": "2023-02-13T05:32:12-05:00", "end_time": 1676284632, "end_date_time": "2023-02-13T05:37:12-05:00", "waiting_time": 0, "distance": 765, "driving_time": 732, "preparation_time": 0, "load_before": [0], "load_after": [0]}, {"type": "service", "id": "1501388000_36", "location_id": "1501388000", "address": {"location_id": "1501388000", "lat": 42.30598019, "lon": -71.06518999}, "arr_time": 1676284793, "arr_date_time": "2023-02-13T05:39:53-05:00", "end_time": 1676285093, "end_date_time": "2023-02-13T05:44:53-05:00", "waiting_time": 0, "distance": 934, "driving_time": 893, "preparation_time": 0, "load_before": [0], "load_after": [0]}, {"type": "service", "id": "1501684000_54", "location_id": "1501684000", "address": {"location_id": "1501684000", "lat": 42.30619265, "lon": -71.06481693}, "arr_time": 1676285101, "arr_date_time": "2023-02-13T05:45:01-05:00", "end_time": 1676285401, "end_date_time": "2023-02-13T05:50:01-05:00", "waiting_time": 0, "distance": 942, "driving_time": 901, "preparation_time": 0, "load_before": [0], "load_after": [0]}, {"type": "service", "id": "1501387000_35", "location_id": "1501387000", "address": {"location_id": "1501387000", "lat": 42.30606969, "lon": -71.06524635}, "arr_time": 1676285404, "arr_date_time": "2023-02-13T05:50:04-05:00", "end_time": 1676285704, "end_date_time": "2023-02-13T05:55:04-05:00", "waiting_time": 0, "distance": 945, "driving_time": 904, "preparation_time": 0, "load_before": [0], "load_after": [0]}, {"type": "service", "id": "1501392000_37", "location_id": "1501392000", "address": {"location_id": "1501392000", "lat": 42.30554161, "lon": -71.06490965}, "arr_time": 1676285767, "arr_date_time": "2023-02-13T05:56:07-05:00", "end_time": 1676286067, "end_date_time": "2023-02-13T06:01:07-05:00", "waiting_time": 0, "distance": 1010, "driving_time": 967, "preparation_time": 0, "load_before": [0], "load_after": [0]}, {"type": "service", "id": "1501393000_38", "location_id": "1501393000", "address": {"location_id": "1501393000", "lat": 42.30548408, "lon": -71.06478385}, "arr_time": 1676286076, "arr_date_time": "2023-02-13T06:01:16-05:00", "end_time": 1676286376, "end_date_time": "2023-02-13T06:06:16-05:00", "waiting_time": 0, "distance": 1020, "driving_time": 976, "preparation_time": 0, "load_before": [0], "load_after": [0]}, {"type": "service", "id": "1501408000_39", "location_id": "1501408000", "address": {"location_id": "1501408000", "lat": 42.30443763, "lon": -71.06460663}, "arr_time": 1676286629, "arr_date_time": "2023-02-13T06:10:29-05:00", "end_time": 1676286929, "end_date_time": "2023-02-13T06:15:29-05:00", "waiting_time": 0, "distance": 1284, "driving_time": 1229, "preparation_time": 0, "load_before": [0], "load_after": [0]}, {"type": "service", "id": "1501350000_27", "location_id": "1501350000", "address": {"location_id": "1501350000", "lat": 42.30451233, "lon": -71.06515521}, "arr_time": 1676286955, "arr_date_time": "2023-02-13T06:15:55-05:00", "end_time": 1676287255, "end_date_time": "2023-02-13T06:20:55-05:00", "waiting_time": 0, "distance": 1310, "driving_time": 1255, "preparation_time": 0, "load_before": [0], "load_after": [0]}, {"type": "service", "id": "1501412000_40", "location_id": "1501412000", "address": {"location_id": "1501412000", "lat": 42.30472489, "lon": -71.06476777}, "arr_time": 1676287263, "arr_date_time": "2023-02-13T06:21:03-05:00", "end_time": 1676287563, "end_date_time": "2023-02-13T06:26:03-05:00", "waiting_time": 0, "distance": 1319, "driving_time": 1263, "preparation_time": 0, "load_before": [0], "load_after": [0]}, {"type": "service", "id": "1501349000_26", "location_id": "1501349000", "address": {"location_id": "1501349000", "lat": 42.30464253, "lon": -71.06523738}, "arr_time": 1676287571, "arr_date_time": "2023-02-13T06:26:11-05:00", "end_time": 1676287871, "end_date_time": "2023-02-13T06:31:11-05:00", "waiting_time": 0, "distance": 1328, "driving_time": 1271, "preparation_time": 0, "load_before": [0], "load_after": [0]}, {"type": "service", "id": "1501415000_41", "location_id": "1501415000", "address": {"location_id": "1501415000", "lat": 42.30499639, "lon": -71.06493366}, "arr_time": 1676287893, "arr_date_time": "2023-02-13T06:31:33-05:00", "end_time": 1676288193, "end_date_time": "2023-02-13T06:36:33-05:00", "waiting_time": 0, "distance": 1352, "driving_time": 1293, "preparation_time": 0, "load_before": [0], "load_after": [0]}, {"type": "service", "id": "1501347000_25", "location_id": "1501347000", "address": {"location_id": "1501347000", "lat": 42.30487735, "lon": -71.06538559}, "arr_time": 1676288197, "arr_date_time": "2023-02-13T06:36:37-05:00", "end_time": 1676288497, "end_date_time": "2023-02-13T06:41:37-05:00", "waiting_time": 0, "distance": 1357, "driving_time": 1297, "preparation_time": 0, "load_before": [0], "load_after": [0]}, {"type": "service", "id": "1501418000_42", "location_id": "1501418000", "address": {"location_id": "1501418000", "lat": 42.30526685, "lon": -71.06509972}, "arr_time": 1676288525, "arr_date_time": "2023-02-13T06:42:05-05:00", "end_time": 1676288825, "end_date_time": "2023-02-13T06:47:05-05:00", "waiting_time": 0, "distance": 1386, "driving_time": 1325, "preparation_time": 0, "load_before": [0], "load_after": [0]}, {"type": "service", "id": "1501419000_43", "location_id": "1501419000", "address": {"location_id": "1501419000", "lat": 42.30540464, "lon": -71.06517642}, "arr_time": 1676288841, "arr_date_time": "2023-02-13T06:47:21-05:00", "end_time": 1676289141, "end_date_time": "2023-02-13T06:52:21-05:00", "waiting_time": 0, "distance": 1403, "driving_time": 1341, "preparation_time": 0, "load_before": [0], "load_after": [0]}, {"type": "service", "id": "1501230000_01", "location_id": "1501230000", "address": {"location_id": "1501230000", "lat": 42.30389202, "lon": -71.06568344}, "arr_time": 1676289383, "arr_date_time": "2023-02-13T06:56:23-05:00", "end_time": 1676289683, "end_date_time": "2023-02-13T07:01:23-05:00", "waiting_time": 0, "distance": 1655, "driving_time": 1583, "preparation_time": 0, "load_before": [0], "load_after": [0]}, {"type": "service", "id": "1501232020_02", "location_id": "1501232020", "address": {"location_id": "1501232020", "lat": 42.30385537, "lon": -71.06598265}, "arr_time": 1676289721, "arr_date_time": "2023-02-13T07:02:01-05:00", "end_time": 1676290021, "end_date_time": "2023-02-13T07:07:01-05:00", "waiting_time": 0, "distance": 1695, "driving_time": 1621, "preparation_time": 0, "load_before": [0], "load_after": [0]}, {"type": "service", "id": "1501234000_03", "location_id": "1501234000", "address": {"location_id": "1501234000", "lat": 42.30384561, "lon": -71.06629288}, "arr_time": 1676290072, "arr_date_time": "2023-02-13T07:07:52-05:00", "end_time": 1676290372, "end_date_time": "2023-02-13T07:12:52-05:00", "waiting_time": 0, "distance": 1748, "driving_time": 1672, "preparation_time": 0, "load_before": [0], "load_after": [0]}, {"type": "service", "id": "1501239000_04", "location_id": "1501239000", "address": {"location_id": "1501239000", "lat": 42.30364737, "lon": -71.0667613}, "arr_time": 1676290413, "arr_date_time": "2023-02-13T07:13:33-05:00", "end_time": 1676290713, "end_date_time": "2023-02-13T07:18:33-05:00", "waiting_time": 0, "distance": 1792, "driving_time": 1713, "preparation_time": 0, "load_before": [0], "load_after": [0]}, {"type": "service", "id": "1501241000_05", "location_id": "1501241000", "address": {"location_id": "1501241000", "lat": 42.30367662, "lon": -71.06706141}, "arr_time": 1676290735, "arr_date_time": "2023-02-13T07:18:55-05:00", "end_time": 1676291035, "end_date_time": "2023-02-13T07:23:55-05:00", "waiting_time": 0, "distance": 1814, "driving_time": 1735, "preparation_time": 0, "load_before": [0], "load_after": [0]}, {"type": "service", "id": "1501248000_06", "location_id": "1501248000", "address": {"location_id": "1501248000", "lat": 42.30323016, "lon": -71.06802376}, "arr_time": 1676291123, "arr_date_time": "2023-02-13T07:25:23-05:00", "end_time": 1676291423, "end_date_time": "2023-02-13T07:30:23-05:00", "waiting_time": 0, "distance": 1906, "driving_time": 1823, "preparation_time": 0, "load_before": [0], "load_after": [0]}, {"type": "service", "id": "1501274000_12", "location_id": "1501274000", "address": {"location_id": "1501274000", "lat": 42.3041551, "lon": -71.06781388}, "arr_time": 1676291577, "arr_date_time": "2023-02-13T07:32:57-05:00", "end_time": 1676291877, "end_date_time": "2023-02-13T07:37:57-05:00", "waiting_time": 0, "distance": 2068, "driving_time": 1977, "preparation_time": 0, "load_before": [0], "load_after": [0]}, {"type": "service", "id": "1501257000_07", "location_id": "1501257000", "address": {"location_id": "1501257000", "lat": 42.30393116, "lon": -71.06748447}, "arr_time": 1676291895, "arr_date_time": "2023-02-13T07:38:15-05:00", "end_time": 1676292195, "end_date_time": "2023-02-13T07:43:15-05:00", "waiting_time": 0, "distance": 2086, "driving_time": 1995, "preparation_time": 0, "load_before": [0], "load_after": [0]}, {"type": "service", "id": "1501258000_08", "location_id": "1501258000", "address": {"location_id": "1501258000", "lat": 42.30396605, "lon": -71.06735421}, "arr_time": 1676292205, "arr_date_time": "2023-02-13T07:43:25-05:00", "end_time": 1676292505, "end_date_time": "2023-02-13T07:48:25-05:00", "waiting_time": 0, "distance": 2097, "driving_time": 2005, "preparation_time": 0, "load_before": [0], "load_after": [0]}, {"type": "service", "id": "1501262000_09", "location_id": "1501262000", "address": {"location_id": "1501262000", "lat": 42.30413291, "lon": -71.06672113}, "arr_time": 1676292559, "arr_date_time": "2023-02-13T07:49:19-05:00", "end_time": 1676292859, "end_date_time": "2023-02-13T07:54:19-05:00", "waiting_time": 0, "distance": 2152, "driving_time": 2059, "preparation_time": 0, "load_before": [0], "load_after": [0]}, {"type": "service", "id": "1501263000_10", "location_id": "1501263000", "address": {"location_id": "1501263000", "lat": 42.30417949, "lon": -71.06654665}, "arr_time": 1676292873, "arr_date_time": "2023-02-13T07:54:33-05:00", "end_time": 1676293173, "end_date_time": "2023-02-13T07:59:33-05:00", "waiting_time": 0, "distance": 2167, "driving_time": 2073, "preparation_time": 0, "load_before": [0], "load_after": [0]}, {"type": "service", "id": "1501361000_28", "location_id": "1501361000", "address": {"location_id": "1501361000", "lat": 42.304615, "lon": -71.0655665}, "arr_time": 1676293247, "arr_date_time": "2023-02-13T08:00:47-05:00", "end_time": 1676293547, "end_date_time": "2023-02-13T08:05:47-05:00", "waiting_time": 0, "distance": 2244, "driving_time": 2147, "preparation_time": 0, "load_before": [0], "load_after": [0]}, {"type": "service", "id": "1501331000_22", "location_id": "1501331000", "address": {"location_id": "1501331000", "lat": 42.30467702, "lon": -71.06608591}, "arr_time": 1676293571, "arr_date_time": "2023-02-13T08:06:11-05:00", "end_time": 1676293871, "end_date_time": "2023-02-13T08:11:11-05:00", "waiting_time": 0, "distance": 2270, "driving_time": 2171, "preparation_time": 0, "load_before": [0], "load_after": [0]}, {"type": "service", "id": "1501364000_29", "location_id": "1501364000", "address": {"location_id": "1501364000", "lat": 42.30498832, "lon": -71.0658001}, "arr_time": 1676293891, "arr_date_time": "2023-02-13T08:11:31-05:00", "end_time": 1676294191, "end_date_time": "2023-02-13T08:16:31-05:00", "waiting_time": 0, "distance": 2291, "driving_time": 2191, "preparation_time": 0, "load_before": [0], "load_after": [0]}, {"type": "service", "id": "1501366000_30", "location_id": "1501366000", "address": {"location_id": "1501366000", "lat": 42.30523135, "lon": -71.0659519}, "arr_time": 1676294219, "arr_date_time": "2023-02-13T08:16:59-05:00", "end_time": 1676294519, "end_date_time": "2023-02-13T08:21:59-05:00", "waiting_time": 0, "distance": 2321, "driving_time": 2219, "preparation_time": 0, "load_before": [0], "load_after": [0]}, {"type": "service", "id": "1501367000_31", "location_id": "1501367000", "address": {"location_id": "1501367000", "lat": 42.30535307, "lon": -71.06602852}, "arr_time": 1676294533, "arr_date_time": "2023-02-13T08:22:13-05:00", "end_time": 1676294833, "end_date_time": "2023-02-13T08:27:13-05:00", "waiting_time": 0, "distance": 2336, "driving_time": 2233, "preparation_time": 0, "load_before": [0], "load_after": [0]}, {"type": "service", "id": "1501368000_32", "location_id": "1501368000", "address": {"location_id": "1501368000", "lat": 42.30547853, "lon": -71.06610865}, "arr_time": 1676294848, "arr_date_time": "2023-02-13T08:27:28-05:00", "end_time": 1676295148, "end_date_time": "2023-02-13T08:32:28-05:00", "waiting_time": 0, "distance": 2351, "driving_time": 2248, "preparation_time": 0, "load_before": [0], "load_after": [0]}, {"type": "service", "id": "1501369000_33", "location_id": "1501369000", "address": {"location_id": "1501369000", "lat": 42.30559215, "lon": -71.0661811}, "arr_time": 1676295161, "arr_date_time": "2023-02-13T08:32:41-05:00", "end_time": 1676295461, "end_date_time": "2023-02-13T08:37:41-05:00", "waiting_time": 0, "distance": 2365, "driving_time": 2261, "preparation_time": 0, "load_before": [0], "load_after": [0]}, {"type": "service", "id": "1501371000_34", "location_id": "1501371000", "address": {"location_id": "1501371000", "lat": 42.30578441, "lon": -71.06630369}, "arr_time": 1676295484, "arr_date_time": "2023-02-13T08:38:04-05:00", "end_time": 1676295784, "end_date_time": "2023-02-13T08:43:04-05:00", "waiting_time": 0, "distance": 2389, "driving_time": 2284, "preparation_time": 0, "load_before": [0], "load_after": [0]}, {"type": "service", "id": "1501325000_21", "location_id": "1501325000", "address": {"location_id": "1501325000", "lat": 42.30521342, "lon": -71.06657236}, "arr_time": 1676295841, "arr_date_time": "2023-02-13T08:44:01-05:00", "end_time": 1676296141, "end_date_time": "2023-02-13T08:49:01-05:00", "waiting_time": 0, "distance": 2449, "driving_time": 2341, "preparation_time": 0, "load_before": [0], "load_after": [0]}, {"type": "service", "id": "1501287000_17", "location_id": "1501287000", "address": {"location_id": "1501287000", "lat": 42.30476295, "lon": -71.06766182}, "arr_time": 1676296244, "arr_date_time": "2023-02-13T08:50:44-05:00", "end_time": 1676296544, "end_date_time": "2023-02-13T08:55:44-05:00", "waiting_time": 0, "distance": 2556, "driving_time": 2444, "preparation_time": 0, "load_before": [0], "load_after": [0]}, {"type": "service", "id": "1501278000_13", "location_id": "1501278000", "address": {"location_id": "1501278000", "lat": 42.30440053, "lon": -71.06754365}, "arr_time": 1676296563, "arr_date_time": "2023-02-13T08:56:03-05:00", "end_time": 1676296863, "end_date_time": "2023-02-13T09:01:03-05:00", "waiting_time": 0, "distance": 2576, "driving_time": 2463, "preparation_time": 0, "load_before": [0], "load_after": [0]}, {"type": "service", "id": "1501286000_16", "location_id": "1501286000", "address": {"location_id": "1501286000", "lat": 42.30483518, "lon": -71.06751253}, "arr_time": 1676296896, "arr_date_time": "2023-02-13T09:01:36-05:00", "end_time": 1676297196, "end_date_time": "2023-02-13T09:06:36-05:00", "waiting_time": 0, "distance": 2611, "driving_time": 2496, "preparation_time": 0, "load_before": [0], "load_after": [0]}, {"type": "service", "id": "1501322000_20", "location_id": "1501322000", "address": {"location_id": "1501322000", "lat": 42.30485437, "lon": -71.06674224}, "arr_time": 1676297241, "arr_date_time": "2023-02-13T09:07:21-05:00", "end_time": 1676297541, "end_date_time": "2023-02-13T09:12:21-05:00", "waiting_time": 0, "distance": 2658, "driving_time": 2541, "preparation_time": 0, "load_before": [0], "load_after": [0]}, {"type": "service", "id": "1501268000_11", "location_id": "1501268000", "address": {"location_id": "1501268000", "lat": 42.30460688, "lon": -71.06709169}, "arr_time": 1676297556, "arr_date_time": "2023-02-13T09:12:36-05:00", "end_time": 1676297856, "end_date_time": "2023-02-13T09:17:36-05:00", "waiting_time": 0, "distance": 2673, "driving_time": 2556, "preparation_time": 0, "load_before": [0], "load_after": [0]}, {"type": "service", "id": "1501320000_19", "location_id": "1501320000", "address": {"location_id": "1501320000", "lat": 42.30468036, "lon": -71.06665985}, "arr_time": 1676297860, "arr_date_time": "2023-02-13T09:17:40-05:00", "end_time": 1676298160, "end_date_time": "2023-02-13T09:22:40-05:00", "waiting_time": 0, "distance": 2677, "driving_time": 2560, "preparation_time": 0, "load_before": [0], "load_after": [0]}, {"type": "service", "id": "1501284000_15", "location_id": "1501284000", "address": {"location_id": "1501284000", "lat": 42.30500642, "lon": -71.0675791}, "arr_time": 1676298228, "arr_date_time": "2023-02-13T09:23:48-05:00", "end_time": 1676298528, "end_date_time": "2023-02-13T09:28:48-05:00", "waiting_time": 0, "distance": 2749, "driving_time": 2628, "preparation_time": 0, "load_before": [0], "load_after": [0]}, {"type": "service", "id": "1501309000_18", "location_id": "1501309000", "address": {"location_id": "1501309000", "lat": 42.3052677, "lon": -71.06724565}, "arr_time": 1676298531, "arr_date_time": "2023-02-13T09:28:51-05:00", "end_time": 1676298831, "end_date_time": "2023-02-13T09:33:51-05:00", "waiting_time": 0, "distance": 2751, "driving_time": 2631, "preparation_time": 0, "load_before": [0], "load_after": [0]}, {"type": "service", "id": "1501282000_14", "location_id": "1501282000", "address": {"location_id": "1501282000", "lat": 42.30523905, "lon": -71.06773357}, "arr_time": 1676298855, "arr_date_time": "2023-02-13T09:34:15-05:00", "end_time": 1676299155, "end_date_time": "2023-02-13T09:39:15-05:00", "waiting_time": 0, "distance": 2776, "driving_time": 2655, "preparation_time": 0, "load_before": [0], "load_after": [0]}, {"type": "service", "id": "1501431000_45", "location_id": "1501431000", "address": {"location_id": "1501431000", "lat": 42.30675826, "lon": -71.06610497}, "arr_time": 1676299376, "arr_date_time": "2023-02-13T09:42:56-05:00", "end_time": 1676299676, "end_date_time": "2023-02-13T09:47:56-05:00", "waiting_time": 0, "distance": 3007, "driving_time": 2876, "preparation_time": 0, "load_before": [0], "load_after": [0]}, {"type": "service", "id": "1501429000_44", "location_id": "1501429000", "address": {"location_id": "1501429000", "lat": 42.30661829, "lon": -71.06598552}, "arr_time": 1676299733, "arr_date_time": "2023-02-13T09:48:53-05:00", "end_time": 1676300033, "end_date_time": "2023-02-13T09:53:53-05:00", "waiting_time": 0, "distance": 3067, "driving_time": 2933, "preparation_time": 0, "load_before": [0], "load_after": [0]}, {"type": "service", "id": "1501334000_23", "location_id": "1501334000", "address": {"location_id": "1501334000", "lat": 42.30638135, "lon": -71.06625507}, "arr_time": 1676300039, "arr_date_time": "2023-02-13T09:53:59-05:00", "end_time": 1676300339, "end_date_time": "2023-02-13T09:58:59-05:00", "waiting_time": 0, "distance": 3072, "driving_time": 2939, "preparation_time": 0, "load_before": [0], "load_after": [0]}, {"type": "service", "id": "1501338000_24", "location_id": "1501338000", "address": {"location_id": "1501338000", "lat": 42.30588599, "lon": -71.06602222}, "arr_time": 1676300399, "arr_date_time": "2023-02-13T09:59:59-05:00", "end_time": 1676300699, "end_date_time": "2023-02-13T10:04:59-05:00", "waiting_time": 0, "distance": 3134, "driving_time": 2999, "preparation_time": 0, "load_before": [0], "load_after": [0]}, {"type": "end", "location_id": "1501706000", "address": {"location_id": "1501706000", "lat": 42.3079631, "lon": -71.06387407}, "arr_time": 1676301113, "arr_date_time": "2023-02-13T10:11:53-05:00", "end_time": 1676301113, "end_date_time": "2023-02-13T10:11:53-05:00", "waiting_time": 0, "distance": 3566, "driving_time": 3413, "preparation_time": 0, "load_before": [0]}]}], "unassigned": {"services": [], "shipments": [], "breaks": [], "details": []}}}