{"copyrights": ["GraphHopper", "OpenStreetMap contributors"], "job_id": "c9b12367-3623-4dec-b1c6-538b180ec36d", "status": "finished", "waiting_time_in_queue": 0, "processing_time": 171, "solution": {"costs": 357, "distance": 2839, "time": 2731, "transport_time": 2731, "completion_time": 19531, "max_operation_time": 19531, "waiting_time": 0, "service_duration": 16800, "preparation_time": 0, "no_vehicles": 1, "no_unassigned": 0, "routes": [{"vehicle_id": "my_vehicle", "shift_id": "default-shift", "distance": 2839, "transport_time": 2731, "completion_time": 19531, "waiting_time": 0, "service_duration": 16800, "preparation_time": 0, "activities": [{"type": "start", "location_id": "1603141000", "address": {"location_id": "1603141000", "lat": 42.28887858, "lon": -71.05614566}, "arr_time": 1676278800, "arr_date_time": "2023-02-13T04:00:00-05:00", "end_time": 1676278800, "end_date_time": "2023-02-13T04:00:00-05:00", "waiting_time": 0, "distance": 0, "driving_time": 0, "preparation_time": 0, "load_after": [0]}, {"type": "service", "id": "1603142000_45", "location_id": "1603142000", "address": {"location_id": "1603142000", "lat": 42.28893888, "lon": -71.05601286}, "arr_time": 1676278812, "arr_date_time": "2023-02-13T04:00:12-05:00", "end_time": 1676279112, "end_date_time": "2023-02-13T04:05:12-05:00", "waiting_time": 0, "distance": 12, "driving_time": 12, "preparation_time": 0, "load_before": [0], "load_after": [0]}, {"type": "service", "id": "1603143000_46", "location_id": "1603143000", "address": {"location_id": "1603143000", "lat": 42.28896327, "lon": -71.05583735}, "arr_time": 1676279160, "arr_date_time": "2023-02-13T04:06:00-05:00", "end_time": 1676279460, "end_date_time": "2023-02-13T04:11:00-05:00", "waiting_time": 0, "distance": 62, "driving_time": 60, "preparation_time": 0, "load_before": [0], "load_after": [0]}, {"type": "service", "id": "1603144000_47", "location_id": "1603144000", "address": {"location_id": "1603144000", "lat": 42.28880445, "lon": -71.05583106}, "arr_time": 1676279476, "arr_date_time": "2023-02-13T04:11:16-05:00", "end_time": 1676279776, "end_date_time": "2023-02-13T04:16:16-05:00", "waiting_time": 0, "distance": 79, "driving_time": 76, "preparation_time": 0, "load_before": [0], "load_after": [0]}, {"type": "service", "id": "1603140000_44", "location_id": "1603140000", "address": {"location_id": "1603140000", "lat": 42.28880821, "lon": -71.05626965}, "arr_time": 1676279864, "arr_date_time": "2023-02-13T04:17:44-05:00", "end_time": 1676280164, "end_date_time": "2023-02-13T04:22:44-05:00", "waiting_time": 0, "distance": 170, "driving_time": 164, "preparation_time": 0, "load_before": [0], "load_after": [0]}, {"type": "service", "id": "1603139000_43", "location_id": "1603139000", "address": {"location_id": "1603139000", "lat": 42.28877518, "lon": -71.05641203}, "arr_time": 1676280176, "arr_date_time": "2023-02-13T04:22:56-05:00", "end_time": 1676280476, "end_date_time": "2023-02-13T04:27:56-05:00", "waiting_time": 0, "distance": 182, "driving_time": 176, "preparation_time": 0, "load_before": [0], "load_after": [0]}, {"type": "service", "id": "1603138000_42", "location_id": "1603138000", "address": {"location_id": "1603138000", "lat": 42.28874577, "lon": -71.05655146}, "arr_time": 1676280488, "arr_date_time": "2023-02-13T04:28:08-05:00", "end_time": 1676280788, "end_date_time": "2023-02-13T04:33:08-05:00", "waiting_time": 0, "distance": 194, "driving_time": 188, "preparation_time": 0, "load_before": [0], "load_after": [0]}, {"type": "service", "id": "1603132002_41", "location_id": "1603132002", "address": {"location_id": "1603132002", "lat": 42.28858241, "lon": -71.0574301}, "arr_time": 1676280861, "arr_date_time": "2023-02-13T04:34:21-05:00", "end_time": 1676281161, "end_date_time": "2023-02-13T04:39:21-05:00", "waiting_time": 0, "distance": 270, "driving_time": 261, "preparation_time": 0, "load_before": [0], "load_after": [0]}, {"type": "service", "id": "1603130000_40", "location_id": "1603130000", "address": {"location_id": "1603130000", "lat": 42.28842856, "lon": -71.05798655}, "arr_time": 1676281207, "arr_date_time": "2023-02-13T04:40:07-05:00", "end_time": 1676281507, "end_date_time": "2023-02-13T04:45:07-05:00", "waiting_time": 0, "distance": 318, "driving_time": 307, "preparation_time": 0, "load_before": [0], "load_after": [0]}, {"type": "service", "id": "1603129000_39", "location_id": "1603129000", "address": {"location_id": "1603129000", "lat": 42.28834432, "lon": -71.05810642}, "arr_time": 1676281519, "arr_date_time": "2023-02-13T04:45:19-05:00", "end_time": 1676281819, "end_date_time": "2023-02-13T04:50:19-05:00", "waiting_time": 0, "distance": 330, "driving_time": 319, "preparation_time": 0, "load_before": [0], "load_after": [0]}, {"type": "service", "id": "1603127000_38", "location_id": "1603127000", "address": {"location_id": "1603127000", "lat": 42.28831371, "lon": -71.05832177}, "arr_time": 1676281875, "arr_date_time": "2023-02-13T04:51:15-05:00", "end_time": 1676282175, "end_date_time": "2023-02-13T04:56:15-05:00", "waiting_time": 0, "distance": 388, "driving_time": 375, "preparation_time": 0, "load_before": [0], "load_after": [0]}, {"type": "service", "id": "1603146000_49", "location_id": "1603146000", "address": {"location_id": "1603146000", "lat": 42.28820187, "lon": -71.05875252}, "arr_time": 1676282176, "arr_date_time": "2023-02-13T04:56:16-05:00", "end_time": 1676282476, "end_date_time": "2023-02-13T05:01:16-05:00", "waiting_time": 0, "distance": 390, "driving_time": 376, "preparation_time": 0, "load_before": [0], "load_after": [0]}, {"type": "service", "id": "1603145000_48", "location_id": "1603145000", "address": {"location_id": "1603145000", "lat": 42.28831183, "lon": -71.05879613}, "arr_time": 1676282513, "arr_date_time": "2023-02-13T05:01:53-05:00", "end_time": 1676282813, "end_date_time": "2023-02-13T05:06:53-05:00", "waiting_time": 0, "distance": 430, "driving_time": 413, "preparation_time": 0, "load_before": [0], "load_after": [0]}, {"type": "service", "id": "1603163001_56", "location_id": "1603163001", "address": {"location_id": "1603163001", "lat": 42.28810386, "lon": -71.0593167}, "arr_time": 1676282857, "arr_date_time": "2023-02-13T05:07:37-05:00", "end_time": 1676283157, "end_date_time": "2023-02-13T05:12:37-05:00", "waiting_time": 0, "distance": 475, "driving_time": 457, "preparation_time": 0, "load_before": [0], "load_after": [0]}, {"type": "service", "id": "1603163000_55", "location_id": "1603163000", "address": {"location_id": "1603163000", "lat": 42.28817611, "lon": -71.05987965}, "arr_time": 1676283200, "arr_date_time": "2023-02-13T05:13:20-05:00", "end_time": 1676283500, "end_date_time": "2023-02-13T05:18:20-05:00", "waiting_time": 0, "distance": 519, "driving_time": 500, "preparation_time": 0, "load_before": [0], "load_after": [0]}, {"type": "service", "id": "1603022000_06", "location_id": "1603022000", "address": {"location_id": "1603022000", "lat": 42.28818562, "lon": -71.06032077}, "arr_time": 1676283536, "arr_date_time": "2023-02-13T05:18:56-05:00", "end_time": 1676283836, "end_date_time": "2023-02-13T05:23:56-05:00", "waiting_time": 0, "distance": 556, "driving_time": 536, "preparation_time": 0, "load_before": [0], "load_after": [0]}, {"type": "service", "id": "1603020000_05", "location_id": "1603020000", "address": {"location_id": "1603020000", "lat": 42.2880885, "lon": -71.06069108}, "arr_time": 1676283871, "arr_date_time": "2023-02-13T05:24:31-05:00", "end_time": 1676284171, "end_date_time": "2023-02-13T05:29:31-05:00", "waiting_time": 0, "distance": 592, "driving_time": 571, "preparation_time": 0, "load_before": [0], "load_after": [0]}, {"type": "service", "id": "1603015000_04", "location_id": "1603015000", "address": {"location_id": "1603015000", "lat": 42.28786532, "lon": -71.06156682}, "arr_time": 1676284244, "arr_date_time": "2023-02-13T05:30:44-05:00", "end_time": 1676284544, "end_date_time": "2023-02-13T05:35:44-05:00", "waiting_time": 0, "distance": 669, "driving_time": 644, "preparation_time": 0, "load_before": [0], "load_after": [0]}, {"type": "service", "id": "1603011000_03", "location_id": "1603011000", "address": {"location_id": "1603011000", "lat": 42.28769943, "lon": -71.06222211}, "arr_time": 1676284597, "arr_date_time": "2023-02-13T05:36:37-05:00", "end_time": 1676284897, "end_date_time": "2023-02-13T05:41:37-05:00", "waiting_time": 0, "distance": 725, "driving_time": 697, "preparation_time": 0, "load_before": [0], "load_after": [0]}, {"type": "service", "id": "1603010000_02", "location_id": "1603010000", "address": {"location_id": "1603010000", "lat": 42.28765999, "lon": -71.06238018}, "arr_time": 1676284911, "arr_date_time": "2023-02-13T05:41:51-05:00", "end_time": 1676285211, "end_date_time": "2023-02-13T05:46:51-05:00", "waiting_time": 0, "distance": 739, "driving_time": 711, "preparation_time": 0, "load_before": [0], "load_after": [0]}, {"type": "service", "id": "1603009000_01", "location_id": "1603009000", "address": {"location_id": "1603009000", "lat": 42.28762153, "lon": -71.0625345}, "arr_time": 1676285224, "arr_date_time": "2023-02-13T05:47:04-05:00", "end_time": 1676285524, "end_date_time": "2023-02-13T05:52:04-05:00", "waiting_time": 0, "distance": 752, "driving_time": 724, "preparation_time": 0, "load_before": [0], "load_after": [0]}, {"type": "service", "id": "1603162000_54", "location_id": "1603162000", "address": {"location_id": "1603162000", "lat": 42.28812234, "lon": -71.05974569}, "arr_time": 1676285760, "arr_date_time": "2023-02-13T05:56:00-05:00", "end_time": 1676286060, "end_date_time": "2023-02-13T06:01:00-05:00", "waiting_time": 0, "distance": 998, "driving_time": 960, "preparation_time": 0, "load_before": [0], "load_after": [0]}, {"type": "service", "id": "1603160000_53", "location_id": "1603160000", "address": {"location_id": "1603160000", "lat": 42.28797036, "lon": -71.05957111}, "arr_time": 1676286083, "arr_date_time": "2023-02-13T06:01:23-05:00", "end_time": 1676286383, "end_date_time": "2023-02-13T06:06:23-05:00", "waiting_time": 0, "distance": 1021, "driving_time": 983, "preparation_time": 0, "load_before": [0], "load_after": [0]}, {"type": "service", "id": "1603159000_52", "location_id": "1603159000", "address": {"location_id": "1603159000", "lat": 42.28789065, "lon": -71.0594806}, "arr_time": 1676286393, "arr_date_time": "2023-02-13T06:06:33-05:00", "end_time": 1676286693, "end_date_time": "2023-02-13T06:11:33-05:00", "waiting_time": 0, "distance": 1033, "driving_time": 993, "preparation_time": 0, "load_before": [0], "load_after": [0]}, {"type": "service", "id": "1603064000_28", "location_id": "1603064000", "address": {"location_id": "1603064000", "lat": 42.28760057, "lon": -71.05984769}, "arr_time": 1676286697, "arr_date_time": "2023-02-13T06:11:37-05:00", "end_time": 1676286997, "end_date_time": "2023-02-13T06:16:37-05:00", "waiting_time": 0, "distance": 1038, "driving_time": 997, "preparation_time": 0, "load_before": [0], "load_after": [0]}, {"type": "service", "id": "1603065000_29", "location_id": "1603065000", "address": {"location_id": "1603065000", "lat": 42.28751467, "lon": -71.05971332}, "arr_time": 1676287011, "arr_date_time": "2023-02-13T06:16:51-05:00", "end_time": 1676287311, "end_date_time": "2023-02-13T06:21:51-05:00", "waiting_time": 0, "distance": 1052, "driving_time": 1011, "preparation_time": 0, "load_before": [0], "load_after": [0]}, {"type": "service", "id": "1603157000_51", "location_id": "1603157000", "address": {"location_id": "1603157000", "lat": 42.28767297, "lon": -71.05923192}, "arr_time": 1676287323, "arr_date_time": "2023-02-13T06:22:03-05:00", "end_time": 1676287623, "end_date_time": "2023-02-13T06:27:03-05:00", "waiting_time": 0, "distance": 1064, "driving_time": 1023, "preparation_time": 0, "load_before": [0], "load_after": [0]}, {"type": "service", "id": "1603061000_27", "location_id": "1603061000", "address": {"location_id": "1603061000", "lat": 42.28766191, "lon": -71.06014621}, "arr_time": 1676287711, "arr_date_time": "2023-02-13T06:28:31-05:00", "end_time": 1676288011, "end_date_time": "2023-02-13T06:33:31-05:00", "waiting_time": 0, "distance": 1155, "driving_time": 1111, "preparation_time": 0, "load_before": [0], "load_after": [0]}, {"type": "service", "id": "1603024000_07", "location_id": "1603024000", "address": {"location_id": "1603024000", "lat": 42.28797706, "lon": -71.06035963}, "arr_time": 1676288016, "arr_date_time": "2023-02-13T06:33:36-05:00", "end_time": 1676288316, "end_date_time": "2023-02-13T06:38:36-05:00", "waiting_time": 0, "distance": 1160, "driving_time": 1116, "preparation_time": 0, "load_before": [0], "load_after": [0]}, {"type": "service", "id": "1603059000_26", "location_id": "1603059000", "address": {"location_id": "1603059000", "lat": 42.28756752, "lon": -71.06063846}, "arr_time": 1676288351, "arr_date_time": "2023-02-13T06:39:11-05:00", "end_time": 1676288651, "end_date_time": "2023-02-13T06:44:11-05:00", "waiting_time": 0, "distance": 1196, "driving_time": 1151, "preparation_time": 0, "load_before": [0], "load_after": [0]}, {"type": "service", "id": "1603057000_25", "location_id": "1603057000", "address": {"location_id": "1603057000", "lat": 42.28746828, "lon": -71.06109875}, "arr_time": 1676288688, "arr_date_time": "2023-02-13T06:44:48-05:00", "end_time": 1676288988, "end_date_time": "2023-02-13T06:49:48-05:00", "waiting_time": 0, "distance": 1235, "driving_time": 1188, "preparation_time": 0, "load_before": [0], "load_after": [0]}, {"type": "service", "id": "1603028000_08", "location_id": "1603028000", "address": {"location_id": "1603028000", "lat": 42.28771737, "lon": -71.06137804}, "arr_time": 1676289000, "arr_date_time": "2023-02-13T06:50:00-05:00", "end_time": 1676289300, "end_date_time": "2023-02-13T06:55:00-05:00", "waiting_time": 0, "distance": 1248, "driving_time": 1200, "preparation_time": 0, "load_before": [0], "load_after": [0]}, {"type": "service", "id": "1603056000_24", "location_id": "1603056000", "address": {"location_id": "1603056000", "lat": 42.28741847, "lon": -71.06129228}, "arr_time": 1676289304, "arr_date_time": "2023-02-13T06:55:04-05:00", "end_time": 1676289604, "end_date_time": "2023-02-13T07:00:04-05:00", "waiting_time": 0, "distance": 1252, "driving_time": 1204, "preparation_time": 0, "load_before": [0], "load_after": [0]}, {"type": "service", "id": "1603030000_09", "location_id": "1603030000", "address": {"location_id": "1603030000", "lat": 42.28760512, "lon": -71.06182402}, "arr_time": 1676289637, "arr_date_time": "2023-02-13T07:00:37-05:00", "end_time": 1676289937, "end_date_time": "2023-02-13T07:05:37-05:00", "waiting_time": 0, "distance": 1287, "driving_time": 1237, "preparation_time": 0, "load_before": [0], "load_after": [0]}, {"type": "service", "id": "1603051000_23", "location_id": "1603051000", "address": {"location_id": "1603051000", "lat": 42.28724038, "lon": -71.06200504}, "arr_time": 1676289964, "arr_date_time": "2023-02-13T07:06:04-05:00", "end_time": 1676290264, "end_date_time": "2023-02-13T07:11:04-05:00", "waiting_time": 0, "distance": 1314, "driving_time": 1264, "preparation_time": 0, "load_before": [0], "load_after": [0]}, {"type": "service", "id": "1603032000_10", "location_id": "1603032000", "address": {"location_id": "1603032000", "lat": 42.2875254, "lon": -71.06213998}, "arr_time": 1676290264, "arr_date_time": "2023-02-13T07:11:04-05:00", "end_time": 1676290564, "end_date_time": "2023-02-13T07:16:04-05:00", "waiting_time": 0, "distance": 1314, "driving_time": 1264, "preparation_time": 0, "load_before": [0], "load_after": [0]}, {"type": "service", "id": "1603050000_22", "location_id": "1603050000", "address": {"location_id": "1603050000", "lat": 42.28719888, "lon": -71.06216548}, "arr_time": 1676290577, "arr_date_time": "2023-02-13T07:16:17-05:00", "end_time": 1676290877, "end_date_time": "2023-02-13T07:21:17-05:00", "waiting_time": 0, "distance": 1328, "driving_time": 1277, "preparation_time": 0, "load_before": [0], "load_after": [0]}, {"type": "service", "id": "1603033000_11", "location_id": "1603033000", "address": {"location_id": "1603033000", "lat": 42.28748588, "lon": -71.06229788}, "arr_time": 1676290877, "arr_date_time": "2023-02-13T07:21:17-05:00", "end_time": 1676291177, "end_date_time": "2023-02-13T07:26:17-05:00", "waiting_time": 0, "distance": 1328, "driving_time": 1277, "preparation_time": 0, "load_before": [0], "load_after": [0]}, {"type": "service", "id": "1603034000_12", "location_id": "1603034000", "address": {"location_id": "1603034000", "lat": 42.2874467, "lon": -71.06245472}, "arr_time": 1676291191, "arr_date_time": "2023-02-13T07:26:31-05:00", "end_time": 1676291491, "end_date_time": "2023-02-13T07:31:31-05:00", "waiting_time": 0, "distance": 1342, "driving_time": 1291, "preparation_time": 0, "load_before": [0], "load_after": [0]}, {"type": "service", "id": "1603036000_13", "location_id": "1603036000", "address": {"location_id": "1603036000", "lat": 42.28736779, "lon": -71.06276777}, "arr_time": 1676291517, "arr_date_time": "2023-02-13T07:31:57-05:00", "end_time": 1676291817, "end_date_time": "2023-02-13T07:36:57-05:00", "waiting_time": 0, "distance": 1369, "driving_time": 1317, "preparation_time": 0, "load_before": [0], "load_after": [0]}, {"type": "service", "id": "1603046000_21", "location_id": "1603046000", "address": {"location_id": "1603046000", "lat": 42.28703951, "lon": -71.06279283}, "arr_time": 1676291831, "arr_date_time": "2023-02-13T07:37:11-05:00", "end_time": 1676292131, "end_date_time": "2023-02-13T07:42:11-05:00", "waiting_time": 0, "distance": 1383, "driving_time": 1331, "preparation_time": 0, "load_before": [0], "load_after": [0]}, {"type": "service", "id": "1603037000_14", "location_id": "1603037000", "address": {"location_id": "1603037000", "lat": 42.28732758, "lon": -71.0629265}, "arr_time": 1676292131, "arr_date_time": "2023-02-13T07:42:11-05:00", "end_time": 1676292431, "end_date_time": "2023-02-13T07:47:11-05:00", "waiting_time": 0, "distance": 1383, "driving_time": 1331, "preparation_time": 0, "load_before": [0], "load_after": [0]}, {"type": "service", "id": "1603038000_15", "location_id": "1603038000", "address": {"location_id": "1603038000", "lat": 42.28728768, "lon": -71.06308526}, "arr_time": 1676292444, "arr_date_time": "2023-02-13T07:47:24-05:00", "end_time": 1676292744, "end_date_time": "2023-02-13T07:52:24-05:00", "waiting_time": 0, "distance": 1397, "driving_time": 1344, "preparation_time": 0, "load_before": [0], "load_after": [0]}, {"type": "service", "id": "1603045000_20", "location_id": "1603045000", "address": {"location_id": "1603045000", "lat": 42.28699613, "lon": -71.06294837}, "arr_time": 1676292745, "arr_date_time": "2023-02-13T07:52:25-05:00", "end_time": 1676293045, "end_date_time": "2023-02-13T07:57:25-05:00", "waiting_time": 0, "distance": 1398, "driving_time": 1345, "preparation_time": 0, "load_before": [0], "load_after": [0]}, {"type": "service", "id": "1603044000_19", "location_id": "1603044000", "address": {"location_id": "1603044000", "lat": 42.28695177, "lon": -71.06310752}, "arr_time": 1676293059, "arr_date_time": "2023-02-13T07:57:39-05:00", "end_time": 1676293359, "end_date_time": "2023-02-13T08:02:39-05:00", "waiting_time": 0, "distance": 1412, "driving_time": 1359, "preparation_time": 0, "load_before": [0], "load_after": [0]}, {"type": "service", "id": "1603040000_16", "location_id": "1603040000", "address": {"location_id": "1603040000", "lat": 42.28717785, "lon": -71.06339489}, "arr_time": 1676293372, "arr_date_time": "2023-02-13T08:02:52-05:00", "end_time": 1676293672, "end_date_time": "2023-02-13T08:07:52-05:00", "waiting_time": 0, "distance": 1425, "driving_time": 1372, "preparation_time": 0, "load_before": [0], "load_after": [0]}, {"type": "service", "id": "1603043000_18", "location_id": "1603043000", "address": {"location_id": "1603043000", "lat": 42.28689957, "lon": -71.0632999}, "arr_time": 1676293675, "arr_date_time": "2023-02-13T08:07:55-05:00", "end_time": 1676293975, "end_date_time": "2023-02-13T08:12:55-05:00", "waiting_time": 0, "distance": 1428, "driving_time": 1375, "preparation_time": 0, "load_before": [0], "load_after": [0]}, {"type": "service", "id": "1603042000_17", "location_id": "1603042000", "address": {"location_id": "1603042000", "lat": 42.28684914, "lon": -71.06347723}, "arr_time": 1676294269, "arr_date_time": "2023-02-13T08:17:49-05:00", "end_time": 1676294569, "end_date_time": "2023-02-13T08:22:49-05:00", "waiting_time": 0, "distance": 1736, "driving_time": 1669, "preparation_time": 0, "load_before": [0], "load_after": [0]}, {"type": "service", "id": "1603092000_36", "location_id": "1603092000", "address": {"location_id": "1603092000", "lat": 42.28642855, "lon": -71.06354965}, "arr_time": 1676294595, "arr_date_time": "2023-02-13T08:23:15-05:00", "end_time": 1676294895, "end_date_time": "2023-02-13T08:28:15-05:00", "waiting_time": 0, "distance": 1762, "driving_time": 1695, "preparation_time": 0, "load_before": [0], "load_after": [0]}, {"type": "service", "id": "1603088000_35", "location_id": "1603088000", "address": {"location_id": "1603088000", "lat": 42.28651796, "lon": -71.06312959}, "arr_time": 1676294899, "arr_date_time": "2023-02-13T08:28:19-05:00", "end_time": 1676295199, "end_date_time": "2023-02-13T08:33:19-05:00", "waiting_time": 0, "distance": 1766, "driving_time": 1699, "preparation_time": 0, "load_before": [0], "load_after": [0]}, {"type": "service", "id": "1603086000_34", "location_id": "1603086000", "address": {"location_id": "1603086000", "lat": 42.28637324, "lon": -71.0629409}, "arr_time": 1676295265, "arr_date_time": "2023-02-13T08:34:25-05:00", "end_time": 1676295565, "end_date_time": "2023-02-13T08:39:25-05:00", "waiting_time": 0, "distance": 1835, "driving_time": 1765, "preparation_time": 0, "load_before": [0], "load_after": [0]}, {"type": "service", "id": "1603081000_33", "location_id": "1603081000", "address": {"location_id": "1603081000", "lat": 42.28681159, "lon": -71.06143209}, "arr_time": 1676295691, "arr_date_time": "2023-02-13T08:41:31-05:00", "end_time": 1676295991, "end_date_time": "2023-02-13T08:46:31-05:00", "waiting_time": 0, "distance": 1966, "driving_time": 1891, "preparation_time": 0, "load_before": [0], "load_after": [0]}, {"type": "service", "id": "1603072000_31", "location_id": "1603072000", "address": {"location_id": "1603072000", "lat": 42.28688066, "lon": -71.06091847}, "arr_time": 1676296040, "arr_date_time": "2023-02-13T08:47:20-05:00", "end_time": 1676296340, "end_date_time": "2023-02-13T08:52:20-05:00", "waiting_time": 0, "distance": 2017, "driving_time": 1940, "preparation_time": 0, "load_before": [0], "load_after": [0]}, {"type": "service", "id": "1603080000_32", "location_id": "1603080000", "address": {"location_id": "1603080000", "lat": 42.28684549, "lon": -71.06125633}, "arr_time": 1676296344, "arr_date_time": "2023-02-13T08:52:24-05:00", "end_time": 1676296644, "end_date_time": "2023-02-13T08:57:24-05:00", "waiting_time": 0, "distance": 2021, "driving_time": 1944, "preparation_time": 0, "load_before": [0], "load_after": [0]}, {"type": "service", "id": "1603067000_30", "location_id": "1603067000", "address": {"location_id": "1603067000", "lat": 42.28725589, "lon": -71.05958654}, "arr_time": 1676296795, "arr_date_time": "2023-02-13T08:59:55-05:00", "end_time": 1676297095, "end_date_time": "2023-02-13T09:04:55-05:00", "waiting_time": 0, "distance": 2177, "driving_time": 2095, "preparation_time": 0, "load_before": [0], "load_after": [0]}, {"type": "service", "id": "1603150000_50", "location_id": "1603150000", "address": {"location_id": "1603150000", "lat": 42.28771021, "lon": -71.05874195}, "arr_time": 1676297253, "arr_date_time": "2023-02-13T09:07:33-05:00", "end_time": 1676297553, "end_date_time": "2023-02-13T09:12:33-05:00", "waiting_time": 0, "distance": 2342, "driving_time": 2253, "preparation_time": 0, "load_before": [0], "load_after": [0]}, {"type": "service", "id": "1603119000_37", "location_id": "1603119000", "address": {"location_id": "1603119000", "lat": 42.28778679, "lon": -71.05739322}, "arr_time": 1676297720, "arr_date_time": "2023-02-13T09:15:20-05:00", "end_time": 1676298020, "end_date_time": "2023-02-13T09:20:20-05:00", "waiting_time": 0, "distance": 2516, "driving_time": 2420, "preparation_time": 0, "load_before": [0], "load_after": [0]}, {"type": "end", "location_id": "1603141000", "address": {"location_id": "1603141000", "lat": 42.28887858, "lon": -71.05614566}, "arr_time": 1676298331, "arr_date_time": "2023-02-13T09:25:31-05:00", "end_time": 1676298331, "end_date_time": "2023-02-13T09:25:31-05:00", "waiting_time": 0, "distance": 2839, "driving_time": 2731, "preparation_time": 0, "load_before": [0]}]}], "unassigned": {"services": [], "shipments": [], "breaks": [], "details": []}}}