{"copyrights": ["GraphHopper", "OpenStreetMap contributors"], "job_id": "b0866647-6b80-4820-9b6d-d17c4a2cac37", "status": "finished", "waiting_time_in_queue": 0, "processing_time": 126, "solution": {"costs": 338, "distance": 2876, "time": 2759, "transport_time": 2759, "completion_time": 17159, "max_operation_time": 17159, "waiting_time": 0, "service_duration": 14400, "preparation_time": 0, "no_vehicles": 1, "no_unassigned": 0, "routes": [{"vehicle_id": "my_vehicle", "shift_id": "default-shift", "distance": 2876, "transport_time": 2759, "completion_time": 17159, "waiting_time": 0, "service_duration": 14400, "preparation_time": 0, "activities": [{"type": "start", "location_id": "1701092000", "address": {"location_id": "1701092000", "lat": 42.29648772, "lon": -71.06679949}, "arr_time": 1676278800, "arr_date_time": "2023-02-13T04:00:00-05:00", "end_time": 1676278800, "end_date_time": "2023-02-13T04:00:00-05:00", "waiting_time": 0, "distance": 0, "driving_time": 0, "preparation_time": 0, "load_after": [0]}, {"type": "service", "id": "1701052000_35", "location_id": "1701052000", "address": {"location_id": "1701052000", "lat": 42.2960228, "lon": -71.06735771}, "arr_time": 1676278855, "arr_date_time": "2023-02-13T04:00:55-05:00", "end_time": 1676279155, "end_date_time": "2023-02-13T04:05:55-05:00", "waiting_time": 0, "distance": 57, "driving_time": 55, "preparation_time": 0, "load_before": [0], "load_after": [0]}, {"type": "service", "id": "1701053000_36", "location_id": "1701053000", "address": {"location_id": "1701053000", "lat": 42.29587175, "lon": -71.06738399}, "arr_time": 1676279171, "arr_date_time": "2023-02-13T04:06:11-05:00", "end_time": 1676279471, "end_date_time": "2023-02-13T04:11:11-05:00", "waiting_time": 0, "distance": 74, "driving_time": 71, "preparation_time": 0, "load_before": [0], "load_after": [0]}, {"type": "service", "id": "1701086000_40", "location_id": "1701086000", "address": {"location_id": "1701086000", "lat": 42.29574465, "lon": -71.06679758}, "arr_time": 1676279489, "arr_date_time": "2023-02-13T04:11:29-05:00", "end_time": 1676279789, "end_date_time": "2023-02-13T04:16:29-05:00", "waiting_time": 0, "distance": 93, "driving_time": 89, "preparation_time": 0, "load_before": [0], "load_after": [0]}, {"type": "service", "id": "1701085000_39", "location_id": "1701085000", "address": {"location_id": "1701085000", "lat": 42.29560995, "lon": -71.06677051}, "arr_time": 1676279804, "arr_date_time": "2023-02-13T04:16:44-05:00", "end_time": 1676280104, "end_date_time": "2023-02-13T04:21:44-05:00", "waiting_time": 0, "distance": 108, "driving_time": 104, "preparation_time": 0, "load_before": [0], "load_after": [0]}, {"type": "service", "id": "1701010000_24", "location_id": "1701010000", "address": {"location_id": "1701010000", "lat": 42.29566869, "lon": -71.0675853}, "arr_time": 1676280147, "arr_date_time": "2023-02-13T04:22:27-05:00", "end_time": 1676280447, "end_date_time": "2023-02-13T04:27:27-05:00", "waiting_time": 0, "distance": 153, "driving_time": 147, "preparation_time": 0, "load_before": [0], "load_after": [0]}, {"type": "service", "id": "1700995000_16", "location_id": "1700995000", "address": {"location_id": "1700995000", "lat": 42.29508143, "lon": -71.06761011}, "arr_time": 1676280495, "arr_date_time": "2023-02-13T04:28:15-05:00", "end_time": 1676280795, "end_date_time": "2023-02-13T04:33:15-05:00", "waiting_time": 0, "distance": 203, "driving_time": 195, "preparation_time": 0, "load_before": [0], "load_after": [0]}, {"type": "service", "id": "1700996000_17", "location_id": "1700996000", "address": {"location_id": "1700996000", "lat": 42.29519645, "lon": -71.06740591}, "arr_time": 1676280813, "arr_date_time": "2023-02-13T04:33:33-05:00", "end_time": 1676281113, "end_date_time": "2023-02-13T04:38:33-05:00", "waiting_time": 0, "distance": 223, "driving_time": 213, "preparation_time": 0, "load_before": [0], "load_after": [0]}, {"type": "service", "id": "1700993000_15", "location_id": "1700993000", "address": {"location_id": "1700993000", "lat": 42.29497468, "lon": -71.06803653}, "arr_time": 1676281167, "arr_date_time": "2023-02-13T04:39:27-05:00", "end_time": 1676281467, "end_date_time": "2023-02-13T04:44:27-05:00", "waiting_time": 0, "distance": 279, "driving_time": 267, "preparation_time": 0, "load_before": [0], "load_after": [0]}, {"type": "service", "id": "1701013000_25", "location_id": "1701013000", "address": {"location_id": "1701013000", "lat": 42.29552387, "lon": -71.06827217}, "arr_time": 1676281524, "arr_date_time": "2023-02-13T04:45:24-05:00", "end_time": 1676281824, "end_date_time": "2023-02-13T04:50:24-05:00", "waiting_time": 0, "distance": 338, "driving_time": 324, "preparation_time": 0, "load_before": [0], "load_after": [0]}, {"type": "service", "id": "1701018000_26", "location_id": "1701018000", "address": {"location_id": "1701018000", "lat": 42.29525141, "lon": -71.06931686}, "arr_time": 1676281913, "arr_date_time": "2023-02-13T04:51:53-05:00", "end_time": 1676282213, "end_date_time": "2023-02-13T04:56:53-05:00", "waiting_time": 0, "distance": 432, "driving_time": 413, "preparation_time": 0, "load_before": [0], "load_after": [0]}, {"type": "service", "id": "1701019010_27", "location_id": "1701019010", "address": {"location_id": "1701019010", "lat": 42.29517725, "lon": -71.06951134}, "arr_time": 1676282231, "arr_date_time": "2023-02-13T04:57:11-05:00", "end_time": 1676282531, "end_date_time": "2023-02-13T05:02:11-05:00", "waiting_time": 0, "distance": 450, "driving_time": 431, "preparation_time": 0, "load_before": [0], "load_after": [0]}, {"type": "service", "id": "1700986000_12", "location_id": "1700986000", "address": {"location_id": "1700986000", "lat": 42.29480352, "lon": -71.06948633}, "arr_time": 1676282540, "arr_date_time": "2023-02-13T05:02:20-05:00", "end_time": 1676282840, "end_date_time": "2023-02-13T05:07:20-05:00", "waiting_time": 0, "distance": 459, "driving_time": 440, "preparation_time": 0, "load_before": [0], "load_after": [0]}, {"type": "service", "id": "1701019020_28", "location_id": "1701019020", "address": {"location_id": "1701019020", "lat": 42.29512935, "lon": -71.06972042}, "arr_time": 1676282848, "arr_date_time": "2023-02-13T05:07:28-05:00", "end_time": 1676283148, "end_date_time": "2023-02-13T05:12:28-05:00", "waiting_time": 0, "distance": 468, "driving_time": 448, "preparation_time": 0, "load_before": [0], "load_after": [0]}, {"type": "service", "id": "1700985000_11", "location_id": "1700985000", "address": {"location_id": "1700985000", "lat": 42.29457801, "lon": -71.06963506}, "arr_time": 1676283157, "arr_date_time": "2023-02-13T05:12:37-05:00", "end_time": 1676283457, "end_date_time": "2023-02-13T05:17:37-05:00", "waiting_time": 0, "distance": 478, "driving_time": 457, "preparation_time": 0, "load_before": [0], "load_after": [0]}, {"type": "service", "id": "1701020000_29", "location_id": "1701020000", "address": {"location_id": "1701020000", "lat": 42.29508949, "lon": -71.07001155}, "arr_time": 1676283471, "arr_date_time": "2023-02-13T05:17:51-05:00", "end_time": 1676283771, "end_date_time": "2023-02-13T05:22:51-05:00", "waiting_time": 0, "distance": 492, "driving_time": 471, "preparation_time": 0, "load_before": [0], "load_after": [0]}, {"type": "service", "id": "1700981000_10", "location_id": "1700981000", "address": {"location_id": "1700981000", "lat": 42.29451531, "lon": -71.07063293}, "arr_time": 1676283835, "arr_date_time": "2023-02-13T05:23:55-05:00", "end_time": 1676284135, "end_date_time": "2023-02-13T05:28:55-05:00", "waiting_time": 0, "distance": 559, "driving_time": 535, "preparation_time": 0, "load_before": [0], "load_after": [0]}, {"type": "service", "id": "1701022000_30", "location_id": "1701022000", "address": {"location_id": "1701022000", "lat": 42.2949437, "lon": -71.07064293}, "arr_time": 1676284148, "arr_date_time": "2023-02-13T05:29:08-05:00", "end_time": 1676284448, "end_date_time": "2023-02-13T05:34:08-05:00", "waiting_time": 0, "distance": 572, "driving_time": 548, "preparation_time": 0, "load_before": [0], "load_after": [0]}, {"type": "service", "id": "1700987000_13", "location_id": "1700987000", "address": {"location_id": "1700987000", "lat": 42.29485114, "lon": -71.06929217}, "arr_time": 1676284575, "arr_date_time": "2023-02-13T05:36:15-05:00", "end_time": 1676284875, "end_date_time": "2023-02-13T05:41:15-05:00", "waiting_time": 0, "distance": 704, "driving_time": 675, "preparation_time": 0, "load_before": [0], "load_after": [0]}, {"type": "service", "id": "1700988000_14", "location_id": "1700988000", "address": {"location_id": "1700988000", "lat": 42.2946188, "lon": -71.06929934}, "arr_time": 1676284897, "arr_date_time": "2023-02-13T05:41:37-05:00", "end_time": 1676285197, "end_date_time": "2023-02-13T05:46:37-05:00", "waiting_time": 0, "distance": 728, "driving_time": 697, "preparation_time": 0, "load_before": [0], "load_after": [0]}, {"type": "service", "id": "1701008000_23", "location_id": "1701008000", "address": {"location_id": "1701008000", "lat": 42.29478806, "lon": -71.06867201}, "arr_time": 1676285197, "arr_date_time": "2023-02-13T05:46:37-05:00", "end_time": 1676285497, "end_date_time": "2023-02-13T05:51:37-05:00", "waiting_time": 0, "distance": 729, "driving_time": 697, "preparation_time": 0, "load_before": [0], "load_after": [0]}, {"type": "service", "id": "1701007000_22", "location_id": "1701007000", "address": {"location_id": "1701007000", "lat": 42.29466559, "lon": -71.06864679}, "arr_time": 1676285511, "arr_date_time": "2023-02-13T05:51:51-05:00", "end_time": 1676285811, "end_date_time": "2023-02-13T05:56:51-05:00", "waiting_time": 0, "distance": 743, "driving_time": 711, "preparation_time": 0, "load_before": [0], "load_after": [0]}, {"type": "service", "id": "1701006000_21", "location_id": "1701006000", "address": {"location_id": "1701006000", "lat": 42.2944204, "lon": -71.06866129}, "arr_time": 1676285835, "arr_date_time": "2023-02-13T05:57:15-05:00", "end_time": 1676286135, "end_date_time": "2023-02-13T06:02:15-05:00", "waiting_time": 0, "distance": 768, "driving_time": 735, "preparation_time": 0, "load_before": [0], "load_after": [0]}, {"type": "service", "id": "1700962000_08", "location_id": "1700962000", "address": {"location_id": "1700962000", "lat": 42.29380556, "lon": -71.06873576}, "arr_time": 1676286245, "arr_date_time": "2023-02-13T06:04:05-05:00", "end_time": 1676286545, "end_date_time": "2023-02-13T06:09:05-05:00", "waiting_time": 0, "distance": 883, "driving_time": 845, "preparation_time": 0, "load_before": [0], "load_after": [0]}, {"type": "service", "id": "1700969000_09", "location_id": "1700969000", "address": {"location_id": "1700969000", "lat": 42.29427436, "lon": -71.06940925}, "arr_time": 1676286605, "arr_date_time": "2023-02-13T06:10:05-05:00", "end_time": 1676286905, "end_date_time": "2023-02-13T06:15:05-05:00", "waiting_time": 0, "distance": 945, "driving_time": 905, "preparation_time": 0, "load_before": [0], "load_after": [0]}, {"type": "service", "id": "1700956000_07", "location_id": "1700956000", "address": {"location_id": "1700956000", "lat": 42.29335585, "lon": -71.07080058}, "arr_time": 1676287084, "arr_date_time": "2023-02-13T06:18:04-05:00", "end_time": 1676287384, "end_date_time": "2023-02-13T06:23:04-05:00", "waiting_time": 0, "distance": 1131, "driving_time": 1084, "preparation_time": 0, "load_before": [0], "load_after": [0]}, {"type": "service", "id": "1700951000_04", "location_id": "1700951000", "address": {"location_id": "1700951000", "lat": 42.29316751, "lon": -71.07128194}, "arr_time": 1676287449, "arr_date_time": "2023-02-13T06:24:09-05:00", "end_time": 1676287749, "end_date_time": "2023-02-13T06:29:09-05:00", "waiting_time": 0, "distance": 1199, "driving_time": 1149, "preparation_time": 0, "load_before": [0], "load_after": [0]}, {"type": "service", "id": "1700952000_05", "location_id": "1700952000", "address": {"location_id": "1700952000", "lat": 42.29304497, "lon": -71.07129063}, "arr_time": 1676287761, "arr_date_time": "2023-02-13T06:29:21-05:00", "end_time": 1676288061, "end_date_time": "2023-02-13T06:34:21-05:00", "waiting_time": 0, "distance": 1212, "driving_time": 1161, "preparation_time": 0, "load_before": [0], "load_after": [0]}, {"type": "service", "id": "1700953000_06", "location_id": "1700953000", "address": {"location_id": "1700953000", "lat": 42.29286464, "lon": -71.07122126}, "arr_time": 1676288072, "arr_date_time": "2023-02-13T06:34:32-05:00", "end_time": 1676288372, "end_date_time": "2023-02-13T06:39:32-05:00", "waiting_time": 0, "distance": 1223, "driving_time": 1172, "preparation_time": 0, "load_before": [0], "load_after": [0]}, {"type": "service", "id": "1700941000_03", "location_id": "1700941000", "address": {"location_id": "1700941000", "lat": 42.29279916, "lon": -71.0705123}, "arr_time": 1676288705, "arr_date_time": "2023-02-13T06:45:05-05:00", "end_time": 1676289005, "end_date_time": "2023-02-13T06:50:05-05:00", "waiting_time": 0, "distance": 1571, "driving_time": 1505, "preparation_time": 0, "load_before": [0], "load_after": [0]}, {"type": "service", "id": "1700933000_02", "location_id": "1700933000", "address": {"location_id": "1700933000", "lat": 42.29331602, "lon": -71.06893193}, "arr_time": 1676289140, "arr_date_time": "2023-02-13T06:52:20-05:00", "end_time": 1676289440, "end_date_time": "2023-02-13T06:57:20-05:00", "waiting_time": 0, "distance": 1711, "driving_time": 1640, "preparation_time": 0, "load_before": [0], "load_after": [0]}, {"type": "service", "id": "1700931000_01", "location_id": "1700931000", "address": {"location_id": "1700931000", "lat": 42.29344032, "lon": -71.06851954}, "arr_time": 1676289475, "arr_date_time": "2023-02-13T06:57:55-05:00", "end_time": 1676289775, "end_date_time": "2023-02-13T07:02:55-05:00", "waiting_time": 0, "distance": 1748, "driving_time": 1675, "preparation_time": 0, "load_before": [0], "load_after": [0]}, {"type": "service", "id": "1701001000_20", "location_id": "1701001000", "address": {"location_id": "1701001000", "lat": 42.29475207, "lon": -71.06740885}, "arr_time": 1676289985, "arr_date_time": "2023-02-13T07:06:25-05:00", "end_time": 1676290285, "end_date_time": "2023-02-13T07:11:25-05:00", "waiting_time": 0, "distance": 1968, "driving_time": 1885, "preparation_time": 0, "load_before": [0], "load_after": [0]}, {"type": "service", "id": "1701079000_37", "location_id": "1701079000", "address": {"location_id": "1701079000", "lat": 42.29490773, "lon": -71.06646465}, "arr_time": 1676290361, "arr_date_time": "2023-02-13T07:12:41-05:00", "end_time": 1676290661, "end_date_time": "2023-02-13T07:17:41-05:00", "waiting_time": 0, "distance": 2047, "driving_time": 1961, "preparation_time": 0, "load_before": [0], "load_after": [0]}, {"type": "service", "id": "1700999000_19", "location_id": "1700999000", "address": {"location_id": "1700999000", "lat": 42.29486226, "lon": -71.06699833}, "arr_time": 1676290715, "arr_date_time": "2023-02-13T07:18:35-05:00", "end_time": 1676291015, "end_date_time": "2023-02-13T07:23:35-05:00", "waiting_time": 0, "distance": 2102, "driving_time": 2015, "preparation_time": 0, "load_before": [0], "load_after": [0]}, {"type": "service", "id": "1701083000_38", "location_id": "1701083000", "address": {"location_id": "1701083000", "lat": 42.29535778, "lon": -71.06670587}, "arr_time": 1676291059, "arr_date_time": "2023-02-13T07:24:19-05:00", "end_time": 1676291359, "end_date_time": "2023-02-13T07:29:19-05:00", "waiting_time": 0, "distance": 2148, "driving_time": 2059, "preparation_time": 0, "load_before": [0], "load_after": [0]}, {"type": "service", "id": "1700997000_18", "location_id": "1700997000", "address": {"location_id": "1700997000", "lat": 42.29525237, "lon": -71.06717793}, "arr_time": 1676291359, "arr_date_time": "2023-02-13T07:29:19-05:00", "end_time": 1676291659, "end_date_time": "2023-02-13T07:34:19-05:00", "waiting_time": 0, "distance": 2148, "driving_time": 2059, "preparation_time": 0, "load_before": [0], "load_after": [0]}, {"type": "service", "id": "1701096000_41", "location_id": "1701096000", "address": {"location_id": "1701096000", "lat": 42.2963244, "lon": -71.06757336}, "arr_time": 1676291788, "arr_date_time": "2023-02-13T07:36:28-05:00", "end_time": 1676292088, "end_date_time": "2023-02-13T07:41:28-05:00", "waiting_time": 0, "distance": 2283, "driving_time": 2188, "preparation_time": 0, "load_before": [0], "load_after": [0]}, {"type": "service", "id": "1701051000_34", "location_id": "1701051000", "address": {"location_id": "1701051000", "lat": 42.29599455, "lon": -71.067585}, "arr_time": 1676292100, "arr_date_time": "2023-02-13T07:41:40-05:00", "end_time": 1676292400, "end_date_time": "2023-02-13T07:46:40-05:00", "waiting_time": 0, "distance": 2295, "driving_time": 2200, "preparation_time": 0, "load_before": [0], "load_after": [0]}, {"type": "service", "id": "1701050000_33", "location_id": "1701050000", "address": {"location_id": "1701050000", "lat": 42.29593786, "lon": -71.06779282}, "arr_time": 1676292417, "arr_date_time": "2023-02-13T07:46:57-05:00", "end_time": 1676292717, "end_date_time": "2023-02-13T07:51:57-05:00", "waiting_time": 0, "distance": 2313, "driving_time": 2217, "preparation_time": 0, "load_before": [0], "load_after": [0]}, {"type": "service", "id": "1701099000_42", "location_id": "1701099000", "address": {"location_id": "1701099000", "lat": 42.29621414, "lon": -71.06798372}, "arr_time": 1676292723, "arr_date_time": "2023-02-13T07:52:03-05:00", "end_time": 1676293023, "end_date_time": "2023-02-13T07:57:03-05:00", "waiting_time": 0, "distance": 2318, "driving_time": 2223, "preparation_time": 0, "load_before": [0], "load_after": [0]}, {"type": "service", "id": "1701101000_43", "location_id": "1701101000", "address": {"location_id": "1701101000", "lat": 42.29611569, "lon": -71.06834884}, "arr_time": 1676293052, "arr_date_time": "2023-02-13T07:57:32-05:00", "end_time": 1676293352, "end_date_time": "2023-02-13T08:02:32-05:00", "waiting_time": 0, "distance": 2349, "driving_time": 2252, "preparation_time": 0, "load_before": [0], "load_after": [0]}, {"type": "service", "id": "1701105000_44", "location_id": "1701105000", "address": {"location_id": "1701105000", "lat": 42.29598484, "lon": -71.06883542}, "arr_time": 1676293393, "arr_date_time": "2023-02-13T08:03:13-05:00", "end_time": 1676293693, "end_date_time": "2023-02-13T08:08:13-05:00", "waiting_time": 0, "distance": 2392, "driving_time": 2293, "preparation_time": 0, "load_before": [0], "load_after": [0]}, {"type": "service", "id": "1701043000_32", "location_id": "1701043000", "address": {"location_id": "1701043000", "lat": 42.29561719, "lon": -71.06900301}, "arr_time": 1676293721, "arr_date_time": "2023-02-13T08:08:41-05:00", "end_time": 1676294021, "end_date_time": "2023-02-13T08:13:41-05:00", "waiting_time": 0, "distance": 2421, "driving_time": 2321, "preparation_time": 0, "load_before": [0], "load_after": [0]}, {"type": "service", "id": "1701042000_31", "location_id": "1701042000", "address": {"location_id": "1701042000", "lat": 42.29558391, "lon": -71.06913322}, "arr_time": 1676294032, "arr_date_time": "2023-02-13T08:13:52-05:00", "end_time": 1676294332, "end_date_time": "2023-02-13T08:18:52-05:00", "waiting_time": 0, "distance": 2432, "driving_time": 2332, "preparation_time": 0, "load_before": [0], "load_after": [0]}, {"type": "service", "id": "1701111000_45", "location_id": "1701111000", "address": {"location_id": "1701111000", "lat": 42.29577126, "lon": -71.0696286}, "arr_time": 1676294363, "arr_date_time": "2023-02-13T08:19:23-05:00", "end_time": 1676294663, "end_date_time": "2023-02-13T08:24:23-05:00", "waiting_time": 0, "distance": 2464, "driving_time": 2363, "preparation_time": 0, "load_before": [0], "load_after": [0]}, {"type": "service", "id": "1701116000_46", "location_id": "1701116000", "address": {"location_id": "1701116000", "lat": 42.29598858, "lon": -71.0696261}, "arr_time": 1676294793, "arr_date_time": "2023-02-13T08:26:33-05:00", "end_time": 1676295093, "end_date_time": "2023-02-13T08:31:33-05:00", "waiting_time": 0, "distance": 2600, "driving_time": 2493, "preparation_time": 0, "load_before": [0], "load_after": [0]}, {"type": "service", "id": "1701123000_47", "location_id": "1701123000", "address": {"location_id": "1701123000", "lat": 42.2963226, "lon": -71.06838237}, "arr_time": 1676295197, "arr_date_time": "2023-02-13T08:33:17-05:00", "end_time": 1676295497, "end_date_time": "2023-02-13T08:38:17-05:00", "waiting_time": 0, "distance": 2709, "driving_time": 2597, "preparation_time": 0, "load_before": [0], "load_after": [0]}, {"type": "service", "id": "1701124000_48", "location_id": "1701124000", "address": {"location_id": "1701124000", "lat": 42.29635933, "lon": -71.06824607}, "arr_time": 1676295509, "arr_date_time": "2023-02-13T08:38:29-05:00", "end_time": 1676295809, "end_date_time": "2023-02-13T08:43:29-05:00", "waiting_time": 0, "distance": 2721, "driving_time": 2609, "preparation_time": 0, "load_before": [0], "load_after": [0]}, {"type": "end", "location_id": "1701092000", "address": {"location_id": "1701092000", "lat": 42.29648772, "lon": -71.06679949}, "arr_time": 1676295959, "arr_date_time": "2023-02-13T08:45:59-05:00", "end_time": 1676295959, "end_date_time": "2023-02-13T08:45:59-05:00", "waiting_time": 0, "distance": 2876, "driving_time": 2759, "preparation_time": 0, "load_before": [0]}]}], "unassigned": {"services": [], "shipments": [], "breaks": [], "details": []}}}