{"copyrights": ["GraphHopper", "OpenStreetMap contributors"], "job_id": "afa84bb7-f52a-4814-8d59-eb930ab08f5a", "status": "finished", "waiting_time_in_queue": 0, "processing_time": 142, "solution": {"costs": 345, "distance": 2204, "time": 2116, "transport_time": 2116, "completion_time": 18016, "max_operation_time": 18016, "waiting_time": 0, "service_duration": 15900, "preparation_time": 0, "no_vehicles": 1, "no_unassigned": 0, "routes": [{"vehicle_id": "my_vehicle", "shift_id": "default-shift", "distance": 2204, "transport_time": 2116, "completion_time": 18016, "waiting_time": 0, "service_duration": 15900, "preparation_time": 0, "activities": [{"type": "start", "location_id": "1402848020", "address": {"location_id": "1402848020", "lat": 42.28889597, "lon": -71.08167716}, "arr_time": 1676278800, "arr_date_time": "2023-02-13T04:00:00-05:00", "end_time": 1676278800, "end_date_time": "2023-02-13T04:00:00-05:00", "waiting_time": 0, "distance": 0, "driving_time": 0, "preparation_time": 0, "load_after": [0]}, {"type": "service", "id": "1402991000_20", "location_id": "1402991000", "address": {"location_id": "1402991000", "lat": 42.28848443, "lon": -71.08169477}, "arr_time": 1676278823, "arr_date_time": "2023-02-13T04:00:23-05:00", "end_time": 1676279123, "end_date_time": "2023-02-13T04:05:23-05:00", "waiting_time": 0, "distance": 23, "driving_time": 23, "preparation_time": 0, "load_before": [0], "load_after": [0]}, {"type": "service", "id": "1402961000_06", "location_id": "1402961000", "address": {"location_id": "1402961000", "lat": 42.28851588, "lon": -71.08124814}, "arr_time": 1676279128, "arr_date_time": "2023-02-13T04:05:28-05:00", "end_time": 1676279428, "end_date_time": "2023-02-13T04:10:28-05:00", "waiting_time": 0, "distance": 29, "driving_time": 28, "preparation_time": 0, "load_before": [0], "load_after": [0]}, {"type": "service", "id": "1403014000_28", "location_id": "1403014000", "address": {"location_id": "1403014000", "lat": 42.28809609, "lon": -71.08150051}, "arr_time": 1676279467, "arr_date_time": "2023-02-13T04:11:07-05:00", "end_time": 1676279767, "end_date_time": "2023-02-13T04:16:07-05:00", "waiting_time": 0, "distance": 69, "driving_time": 67, "preparation_time": 0, "load_before": [0], "load_after": [0]}, {"type": "service", "id": "1402993000_22", "location_id": "1402993000", "address": {"location_id": "1402993000", "lat": 42.28791749, "lon": -71.08143976}, "arr_time": 1676279787, "arr_date_time": "2023-02-13T04:16:27-05:00", "end_time": 1676280087, "end_date_time": "2023-02-13T04:21:27-05:00", "waiting_time": 0, "distance": 89, "driving_time": 87, "preparation_time": 0, "load_before": [0], "load_after": [0]}, {"type": "service", "id": "1402992000_21", "location_id": "1402992000", "address": {"location_id": "1402992000", "lat": 42.28835984, "lon": -71.08164786}, "arr_time": 1676280137, "arr_date_time": "2023-02-13T04:22:17-05:00", "end_time": 1676280437, "end_date_time": "2023-02-13T04:27:17-05:00", "waiting_time": 0, "distance": 141, "driving_time": 137, "preparation_time": 0, "load_before": [0], "load_after": [0]}, {"type": "service", "id": "1403013000_27", "location_id": "1403013000", "address": {"location_id": "1403013000", "lat": 42.28806678, "lon": -71.08163926}, "arr_time": 1676280445, "arr_date_time": "2023-02-13T04:27:25-05:00", "end_time": 1676280745, "end_date_time": "2023-02-13T04:32:25-05:00", "waiting_time": 0, "distance": 150, "driving_time": 145, "preparation_time": 0, "load_before": [0], "load_after": [0]}, {"type": "service", "id": "1402970000_10", "location_id": "1402970000", "address": {"location_id": "1402970000", "lat": 42.28831015, "lon": -71.08186964}, "arr_time": 1676280756, "arr_date_time": "2023-02-13T04:32:36-05:00", "end_time": 1676281056, "end_date_time": "2023-02-13T04:37:36-05:00", "waiting_time": 0, "distance": 161, "driving_time": 156, "preparation_time": 0, "load_before": [0], "load_after": [0]}, {"type": "service", "id": "1402996000_23", "location_id": "1402996000", "address": {"location_id": "1402996000", "lat": 42.28790988, "lon": -71.08190474}, "arr_time": 1676281071, "arr_date_time": "2023-02-13T04:37:51-05:00", "end_time": 1676281371, "end_date_time": "2023-02-13T04:42:51-05:00", "waiting_time": 0, "distance": 176, "driving_time": 171, "preparation_time": 0, "load_before": [0], "load_after": [0]}, {"type": "service", "id": "1402973000_11", "location_id": "1402973000", "address": {"location_id": "1402973000", "lat": 42.28819015, "lon": -71.08240544}, "arr_time": 1676281400, "arr_date_time": "2023-02-13T04:43:20-05:00", "end_time": 1676281700, "end_date_time": "2023-02-13T04:48:20-05:00", "waiting_time": 0, "distance": 207, "driving_time": 200, "preparation_time": 0, "load_before": [0], "load_after": [0]}, {"type": "service", "id": "1402974000_12", "location_id": "1402974000", "address": {"location_id": "1402974000", "lat": 42.28815183, "lon": -71.08257636}, "arr_time": 1676281715, "arr_date_time": "2023-02-13T04:48:35-05:00", "end_time": 1676282015, "end_date_time": "2023-02-13T04:53:35-05:00", "waiting_time": 0, "distance": 222, "driving_time": 215, "preparation_time": 0, "load_before": [0], "load_after": [0]}, {"type": "service", "id": "1403009000_26", "location_id": "1403009000", "address": {"location_id": "1403009000", "lat": 42.2878601, "lon": -71.08263897}, "arr_time": 1676282028, "arr_date_time": "2023-02-13T04:53:48-05:00", "end_time": 1676282328, "end_date_time": "2023-02-13T04:58:48-05:00", "waiting_time": 0, "distance": 236, "driving_time": 228, "preparation_time": 0, "load_before": [0], "load_after": [0]}, {"type": "service", "id": "1402976000_13", "location_id": "1402976000", "address": {"location_id": "1402976000", "lat": 42.28807275, "lon": -71.08293161}, "arr_time": 1676282344, "arr_date_time": "2023-02-13T04:59:04-05:00", "end_time": 1676282644, "end_date_time": "2023-02-13T05:04:04-05:00", "waiting_time": 0, "distance": 252, "driving_time": 244, "preparation_time": 0, "load_before": [0], "load_after": [0]}, {"type": "service", "id": "1403007000_25", "location_id": "1403007000", "address": {"location_id": "1403007000", "lat": 42.28778399, "lon": -71.08291497}, "arr_time": 1676282652, "arr_date_time": "2023-02-13T05:04:12-05:00", "end_time": 1676282952, "end_date_time": "2023-02-13T05:09:12-05:00", "waiting_time": 0, "distance": 260, "driving_time": 252, "preparation_time": 0, "load_before": [0], "load_after": [0]}, {"type": "service", "id": "1402977000_14", "location_id": "1402977000", "address": {"location_id": "1402977000", "lat": 42.28803316, "lon": -71.08310889}, "arr_time": 1676282959, "arr_date_time": "2023-02-13T05:09:19-05:00", "end_time": 1676283259, "end_date_time": "2023-02-13T05:14:19-05:00", "waiting_time": 0, "distance": 267, "driving_time": 259, "preparation_time": 0, "load_before": [0], "load_after": [0]}, {"type": "service", "id": "1402978000_15", "location_id": "1402978000", "address": {"location_id": "1402978000", "lat": 42.28798945, "lon": -71.08330488}, "arr_time": 1676283304, "arr_date_time": "2023-02-13T05:15:04-05:00", "end_time": 1676283604, "end_date_time": "2023-02-13T05:20:04-05:00", "waiting_time": 0, "distance": 315, "driving_time": 304, "preparation_time": 0, "load_before": [0], "load_after": [0]}, {"type": "service", "id": "1403041000_38", "location_id": "1403041000", "address": {"location_id": "1403041000", "lat": 42.28770448, "lon": -71.08367253}, "arr_time": 1676283625, "arr_date_time": "2023-02-13T05:20:25-05:00", "end_time": 1676283925, "end_date_time": "2023-02-13T05:25:25-05:00", "waiting_time": 0, "distance": 337, "driving_time": 325, "preparation_time": 0, "load_before": [0], "load_after": [0]}, {"type": "service", "id": "1403005000_24", "location_id": "1403005000", "address": {"location_id": "1403005000", "lat": 42.28771538, "lon": -71.08321425}, "arr_time": 1676283933, "arr_date_time": "2023-02-13T05:25:33-05:00", "end_time": 1676284233, "end_date_time": "2023-02-13T05:30:33-05:00", "waiting_time": 0, "distance": 346, "driving_time": 333, "preparation_time": 0, "load_before": [0], "load_after": [0]}, {"type": "service", "id": "1403016000_29", "location_id": "1403016000", "address": {"location_id": "1403016000", "lat": 42.28744874, "lon": -71.08357097}, "arr_time": 1676284289, "arr_date_time": "2023-02-13T05:31:29-05:00", "end_time": 1676284589, "end_date_time": "2023-02-13T05:36:29-05:00", "waiting_time": 0, "distance": 404, "driving_time": 389, "preparation_time": 0, "load_before": [0], "load_after": [0]}, {"type": "service", "id": "1403019010_30", "location_id": "1403019010", "address": {"location_id": "1403019010", "lat": 42.28737537, "lon": -71.08384136}, "arr_time": 1676284612, "arr_date_time": "2023-02-13T05:36:52-05:00", "end_time": 1676284912, "end_date_time": "2023-02-13T05:41:52-05:00", "waiting_time": 0, "distance": 428, "driving_time": 412, "preparation_time": 0, "load_before": [0], "load_after": [0]}, {"type": "service", "id": "1403020010_31", "location_id": "1403020010", "address": {"location_id": "1403020010", "lat": 42.28744264, "lon": -71.08399165}, "arr_time": 1676284921, "arr_date_time": "2023-02-13T05:42:01-05:00", "end_time": 1676285221, "end_date_time": "2023-02-13T05:47:01-05:00", "waiting_time": 0, "distance": 438, "driving_time": 421, "preparation_time": 0, "load_before": [0], "load_after": [0]}, {"type": "service", "id": "1403020100_32", "location_id": "1403020100", "address": {"location_id": "1403020100", "lat": 42.28744653, "lon": -71.08406932}, "arr_time": 1676285227, "arr_date_time": "2023-02-13T05:47:07-05:00", "end_time": 1676285527, "end_date_time": "2023-02-13T05:52:07-05:00", "waiting_time": 0, "distance": 444, "driving_time": 427, "preparation_time": 0, "load_before": [0], "load_after": [0]}, {"type": "service", "id": "1403021100_34", "location_id": "1403021100", "address": {"location_id": "1403021100", "lat": 42.28740423, "lon": -71.08417778}, "arr_time": 1676285536, "arr_date_time": "2023-02-13T05:52:16-05:00", "end_time": 1676285836, "end_date_time": "2023-02-13T05:57:16-05:00", "waiting_time": 0, "distance": 454, "driving_time": 436, "preparation_time": 0, "load_before": [0], "load_after": [0]}, {"type": "service", "id": "1403021010_33", "location_id": "1403021010", "address": {"location_id": "1403021010", "lat": 42.2872893, "lon": -71.08412907}, "arr_time": 1676285836, "arr_date_time": "2023-02-13T05:57:16-05:00", "end_time": 1676286136, "end_date_time": "2023-02-13T06:02:16-05:00", "waiting_time": 0, "distance": 454, "driving_time": 436, "preparation_time": 0, "load_before": [0], "load_after": [0]}, {"type": "service", "id": "1403044000_39", "location_id": "1403044000", "address": {"location_id": "1403044000", "lat": 42.28701924, "lon": -71.0855227}, "arr_time": 1676286249, "arr_date_time": "2023-02-13T06:04:09-05:00", "end_time": 1676286549, "end_date_time": "2023-02-13T06:09:09-05:00", "waiting_time": 0, "distance": 572, "driving_time": 549, "preparation_time": 0, "load_before": [0], "load_after": [0]}, {"type": "service", "id": "1403046000_40", "location_id": "1403046000", "address": {"location_id": "1403046000", "lat": 42.28695468, "lon": -71.08588708}, "arr_time": 1676286615, "arr_date_time": "2023-02-13T06:10:15-05:00", "end_time": 1676286915, "end_date_time": "2023-02-13T06:15:15-05:00", "waiting_time": 0, "distance": 640, "driving_time": 615, "preparation_time": 0, "load_before": [0], "load_after": [0]}, {"type": "service", "id": "1403047000_41", "location_id": "1403047000", "address": {"location_id": "1403047000", "lat": 42.28714395, "lon": -71.08586566}, "arr_time": 1676286933, "arr_date_time": "2023-02-13T06:15:33-05:00", "end_time": 1676287233, "end_date_time": "2023-02-13T06:20:33-05:00", "waiting_time": 0, "distance": 660, "driving_time": 633, "preparation_time": 0, "load_before": [0], "load_after": [0]}, {"type": "service", "id": "1403049000_42", "location_id": "1403049000", "address": {"location_id": "1403049000", "lat": 42.28735499, "lon": -71.08595164}, "arr_time": 1676287257, "arr_date_time": "2023-02-13T06:20:57-05:00", "end_time": 1676287557, "end_date_time": "2023-02-13T06:25:57-05:00", "waiting_time": 0, "distance": 684, "driving_time": 657, "preparation_time": 0, "load_before": [0], "load_after": [0]}, {"type": "service", "id": "1403050020_44", "location_id": "1403050020", "address": {"location_id": "1403050020", "lat": 42.28752502, "lon": -71.08602272}, "arr_time": 1676287576, "arr_date_time": "2023-02-13T06:26:16-05:00", "end_time": 1676287876, "end_date_time": "2023-02-13T06:31:16-05:00", "waiting_time": 0, "distance": 704, "driving_time": 676, "preparation_time": 0, "load_before": [0], "load_after": [0]}, {"type": "service", "id": "1403050010_43", "location_id": "1403050010", "address": {"location_id": "1403050010", "lat": 42.28749907, "lon": -71.08613671}, "arr_time": 1676287876, "arr_date_time": "2023-02-13T06:31:16-05:00", "end_time": 1676288176, "end_date_time": "2023-02-13T06:36:16-05:00", "waiting_time": 0, "distance": 704, "driving_time": 676, "preparation_time": 0, "load_before": [0], "load_after": [0]}, {"type": "service", "id": "1403179000_53", "location_id": "1403179000", "address": {"location_id": "1403179000", "lat": 42.28843459, "lon": -71.08769706}, "arr_time": 1676288371, "arr_date_time": "2023-02-13T06:39:31-05:00", "end_time": 1676288671, "end_date_time": "2023-02-13T06:44:31-05:00", "waiting_time": 0, "distance": 907, "driving_time": 871, "preparation_time": 0, "load_before": [0], "load_after": [0]}, {"type": "service", "id": "1403051010_45", "location_id": "1403051010", "address": {"location_id": "1403051010", "lat": 42.28755003, "lon": -71.08590579}, "arr_time": 1676288869, "arr_date_time": "2023-02-13T06:47:49-05:00", "end_time": 1676289169, "end_date_time": "2023-02-13T06:52:49-05:00", "waiting_time": 0, "distance": 1114, "driving_time": 1069, "preparation_time": 0, "load_before": [0], "load_after": [0]}, {"type": "service", "id": "1403051020_46", "location_id": "1403051020", "address": {"location_id": "1403051020", "lat": 42.28757693, "lon": -71.08578586}, "arr_time": 1676289177, "arr_date_time": "2023-02-13T06:52:57-05:00", "end_time": 1676289477, "end_date_time": "2023-02-13T06:57:57-05:00", "waiting_time": 0, "distance": 1122, "driving_time": 1077, "preparation_time": 0, "load_before": [0], "load_after": [0]}, {"type": "service", "id": "1403051030_47", "location_id": "1403051030", "address": {"location_id": "1403051030", "lat": 42.2876028, "lon": -71.08566895}, "arr_time": 1676289487, "arr_date_time": "2023-02-13T06:58:07-05:00", "end_time": 1676289787, "end_date_time": "2023-02-13T07:03:07-05:00", "waiting_time": 0, "distance": 1131, "driving_time": 1087, "preparation_time": 0, "load_before": [0], "load_after": [0]}, {"type": "service", "id": "1403167000_52", "location_id": "1403167000", "address": {"location_id": "1403167000", "lat": 42.28793991, "lon": -71.08576176}, "arr_time": 1676289789, "arr_date_time": "2023-02-13T07:03:09-05:00", "end_time": 1676290089, "end_date_time": "2023-02-13T07:08:09-05:00", "waiting_time": 0, "distance": 1134, "driving_time": 1089, "preparation_time": 0, "load_before": [0], "load_after": [0]}, {"type": "service", "id": "1403051040_48", "location_id": "1403051040", "address": {"location_id": "1403051040", "lat": 42.28762988, "lon": -71.08555118}, "arr_time": 1676290125, "arr_date_time": "2023-02-13T07:08:45-05:00", "end_time": 1676290425, "end_date_time": "2023-02-13T07:13:45-05:00", "waiting_time": 0, "distance": 1172, "driving_time": 1125, "preparation_time": 0, "load_before": [0], "load_after": [0]}, {"type": "service", "id": "1403052000_49", "location_id": "1403052000", "address": {"location_id": "1403052000", "lat": 42.28743309, "lon": -71.0855979}, "arr_time": 1676290444, "arr_date_time": "2023-02-13T07:14:04-05:00", "end_time": 1676290744, "end_date_time": "2023-02-13T07:19:04-05:00", "waiting_time": 0, "distance": 1192, "driving_time": 1144, "preparation_time": 0, "load_before": [0], "load_after": [0]}, {"type": "service", "id": "1403029000_36", "location_id": "1403029000", "address": {"location_id": "1403029000", "lat": 42.28741981, "lon": -71.08501915}, "arr_time": 1676290759, "arr_date_time": "2023-02-13T07:19:19-05:00", "end_time": 1676291059, "end_date_time": "2023-02-13T07:24:19-05:00", "waiting_time": 0, "distance": 1207, "driving_time": 1159, "preparation_time": 0, "load_before": [0], "load_after": [0]}, {"type": "service", "id": "1403028000_35", "location_id": "1403028000", "address": {"location_id": "1403028000", "lat": 42.28730292, "lon": -71.08501117}, "arr_time": 1676291071, "arr_date_time": "2023-02-13T07:24:31-05:00", "end_time": 1676291371, "end_date_time": "2023-02-13T07:29:31-05:00", "waiting_time": 0, "distance": 1220, "driving_time": 1171, "preparation_time": 0, "load_before": [0], "load_after": [0]}, {"type": "service", "id": "1403035000_37", "location_id": "1403035000", "address": {"location_id": "1403035000", "lat": 42.28785848, "lon": -71.08441142}, "arr_time": 1676291517, "arr_date_time": "2023-02-13T07:31:57-05:00", "end_time": 1676291817, "end_date_time": "2023-02-13T07:36:57-05:00", "waiting_time": 0, "distance": 1373, "driving_time": 1317, "preparation_time": 0, "load_before": [0], "load_after": [0]}, {"type": "service", "id": "1403080000_51", "location_id": "1403080000", "address": {"location_id": "1403080000", "lat": 42.28824813, "lon": -71.0845549}, "arr_time": 1676291819, "arr_date_time": "2023-02-13T07:36:59-05:00", "end_time": 1676292119, "end_date_time": "2023-02-13T07:41:59-05:00", "waiting_time": 0, "distance": 1375, "driving_time": 1319, "preparation_time": 0, "load_before": [0], "load_after": [0]}, {"type": "service", "id": "1403078000_50", "location_id": "1403078000", "address": {"location_id": "1403078000", "lat": 42.28829594, "lon": -71.08425382}, "arr_time": 1676292143, "arr_date_time": "2023-02-13T07:42:23-05:00", "end_time": 1676292443, "end_date_time": "2023-02-13T07:47:23-05:00", "waiting_time": 0, "distance": 1400, "driving_time": 1343, "preparation_time": 0, "load_before": [0], "load_after": [0]}, {"type": "service", "id": "1402855000_03", "location_id": "1402855000", "address": {"location_id": "1402855000", "lat": 42.28866583, "lon": -71.08275365}, "arr_time": 1676292567, "arr_date_time": "2023-02-13T07:49:27-05:00", "end_time": 1676292867, "end_date_time": "2023-02-13T07:54:27-05:00", "waiting_time": 0, "distance": 1529, "driving_time": 1467, "preparation_time": 0, "load_before": [0], "load_after": [0]}, {"type": "service", "id": "1402985000_16", "location_id": "1402985000", "address": {"location_id": "1402985000", "lat": 42.2883589, "lon": -71.08247515}, "arr_time": 1676292879, "arr_date_time": "2023-02-13T07:54:39-05:00", "end_time": 1676293179, "end_date_time": "2023-02-13T07:59:39-05:00", "waiting_time": 0, "distance": 1542, "driving_time": 1479, "preparation_time": 0, "load_before": [0], "load_after": [0]}, {"type": "service", "id": "1402986000_17", "location_id": "1402986000", "address": {"location_id": "1402986000", "lat": 42.28839884, "lon": -71.08229741}, "arr_time": 1676293193, "arr_date_time": "2023-02-13T07:59:53-05:00", "end_time": 1676293493, "end_date_time": "2023-02-13T08:04:53-05:00", "waiting_time": 0, "distance": 1557, "driving_time": 1493, "preparation_time": 0, "load_before": [0], "load_after": [0]}, {"type": "service", "id": "1402852000_02", "location_id": "1402852000", "address": {"location_id": "1402852000", "lat": 42.2887672, "lon": -71.08224561}, "arr_time": 1676293508, "arr_date_time": "2023-02-13T08:05:08-05:00", "end_time": 1676293808, "end_date_time": "2023-02-13T08:10:08-05:00", "waiting_time": 0, "distance": 1572, "driving_time": 1508, "preparation_time": 0, "load_before": [0], "load_after": [0]}, {"type": "service", "id": "1402989000_18", "location_id": "1402989000", "address": {"location_id": "1402989000", "lat": 42.28855809, "lon": -71.08179269}, "arr_time": 1676293836, "arr_date_time": "2023-02-13T08:10:36-05:00", "end_time": 1676294136, "end_date_time": "2023-02-13T08:15:36-05:00", "waiting_time": 0, "distance": 1601, "driving_time": 1536, "preparation_time": 0, "load_before": [0], "load_after": [0]}, {"type": "service", "id": "1402990000_19", "location_id": "1402990000", "address": {"location_id": "1402990000", "lat": 42.28858926, "lon": -71.08165937}, "arr_time": 1676294147, "arr_date_time": "2023-02-13T08:15:47-05:00", "end_time": 1676294447, "end_date_time": "2023-02-13T08:20:47-05:00", "waiting_time": 0, "distance": 1612, "driving_time": 1547, "preparation_time": 0, "load_before": [0], "load_after": [0]}, {"type": "service", "id": "1402962000_07", "location_id": "1402962000", "address": {"location_id": "1402962000", "lat": 42.28863176, "lon": -71.08136357}, "arr_time": 1676294471, "arr_date_time": "2023-02-13T08:21:11-05:00", "end_time": 1676294771, "end_date_time": "2023-02-13T08:26:11-05:00", "waiting_time": 0, "distance": 1636, "driving_time": 1571, "preparation_time": 0, "load_before": [0], "load_after": [0]}, {"type": "service", "id": "1402964000_08", "location_id": "1402964000", "address": {"location_id": "1402964000", "lat": 42.2886797, "lon": -71.08106856}, "arr_time": 1676294795, "arr_date_time": "2023-02-13T08:26:35-05:00", "end_time": 1676295095, "end_date_time": "2023-02-13T08:31:35-05:00", "waiting_time": 0, "distance": 1661, "driving_time": 1595, "preparation_time": 0, "load_before": [0], "load_after": [0]}, {"type": "service", "id": "1402940020_05", "location_id": "1402940020", "address": {"location_id": "1402940020", "lat": 42.2888491, "lon": -71.08035983}, "arr_time": 1676295153, "arr_date_time": "2023-02-13T08:32:33-05:00", "end_time": 1676295453, "end_date_time": "2023-02-13T08:37:33-05:00", "waiting_time": 0, "distance": 1722, "driving_time": 1653, "preparation_time": 0, "load_before": [0], "load_after": [0]}, {"type": "service", "id": "1402966000_09", "location_id": "1402966000", "address": {"location_id": "1402966000", "lat": 42.28869947, "lon": -71.08075684}, "arr_time": 1676295491, "arr_date_time": "2023-02-13T08:38:11-05:00", "end_time": 1676295791, "end_date_time": "2023-02-13T08:43:11-05:00", "waiting_time": 0, "distance": 1761, "driving_time": 1691, "preparation_time": 0, "load_before": [0], "load_after": [0]}, {"type": "service", "id": "1402935000_04", "location_id": "1402935000", "address": {"location_id": "1402935000", "lat": 42.28831247, "lon": -71.08020376}, "arr_time": 1676295843, "arr_date_time": "2023-02-13T08:44:03-05:00", "end_time": 1676296143, "end_date_time": "2023-02-13T08:49:03-05:00", "waiting_time": 0, "distance": 1815, "driving_time": 1743, "preparation_time": 0, "load_before": [0], "load_after": [0]}, {"type": "service", "id": "1402827000_01", "location_id": "1402827000", "address": {"location_id": "1402827000", "lat": 42.28836455, "lon": -71.07948534}, "arr_time": 1676296244, "arr_date_time": "2023-02-13T08:50:44-05:00", "end_time": 1676296544, "end_date_time": "2023-02-13T08:55:44-05:00", "waiting_time": 0, "distance": 1921, "driving_time": 1844, "preparation_time": 0, "load_before": [0], "load_after": [0]}, {"type": "end", "location_id": "1402848020", "address": {"location_id": "1402848020", "lat": 42.28889597, "lon": -71.08167716}, "arr_time": 1676296816, "arr_date_time": "2023-02-13T09:00:16-05:00", "end_time": 1676296816, "end_date_time": "2023-02-13T09:00:16-05:00", "waiting_time": 0, "distance": 2204, "driving_time": 2116, "preparation_time": 0, "load_before": [0]}]}], "unassigned": {"services": [], "shipments": [], "breaks": [], "details": []}}}