{"copyrights": ["GraphHopper", "OpenStreetMap contributors"], "job_id": "86dcc50d-bf37-456a-8c3d-4d44c53396c0", "status": "finished", "waiting_time_in_queue": 0, "processing_time": 92, "solution": {"costs": 304, "distance": 1356, "time": 1300, "transport_time": 1300, "completion_time": 13000, "max_operation_time": 13000, "waiting_time": 0, "service_duration": 11700, "preparation_time": 0, "no_vehicles": 1, "no_unassigned": 0, "routes": [{"vehicle_id": "my_vehicle", "shift_id": "default-shift", "distance": 1356, "transport_time": 1300, "completion_time": 13000, "waiting_time": 0, "service_duration": 11700, "preparation_time": 0, "activities": [{"type": "start", "location_id": "1403666000", "address": {"location_id": "1403666000", "lat": 42.28709866, "lon": -71.08352586}, "arr_time": 1676278800, "arr_date_time": "2023-02-13T04:00:00-05:00", "end_time": 1676278800, "end_date_time": "2023-02-13T04:00:00-05:00", "waiting_time": 0, "distance": 0, "driving_time": 0, "preparation_time": 0, "load_after": [0]}, {"type": "service", "id": "1403664020_21", "location_id": "1403664020", "address": {"location_id": "1403664020", "lat": 42.28700217, "lon": -71.08363228}, "arr_time": 1676278811, "arr_date_time": "2023-02-13T04:00:11-05:00", "end_time": 1676279111, "end_date_time": "2023-02-13T04:05:11-05:00", "waiting_time": 0, "distance": 11, "driving_time": 11, "preparation_time": 0, "load_before": [0], "load_after": [0]}, {"type": "service", "id": "1403664010_20", "location_id": "1403664010", "address": {"location_id": "1403664010", "lat": 42.28694108, "lon": -71.08370857}, "arr_time": 1676279119, "arr_date_time": "2023-02-13T04:05:19-05:00", "end_time": 1676279419, "end_date_time": "2023-02-13T04:10:19-05:00", "waiting_time": 0, "distance": 19, "driving_time": 19, "preparation_time": 0, "load_before": [0], "load_after": [0]}, {"type": "service", "id": "1403663000_19", "location_id": "1403663000", "address": {"location_id": "1403663000", "lat": 42.28690616, "lon": -71.08386765}, "arr_time": 1676279432, "arr_date_time": "2023-02-13T04:10:32-05:00", "end_time": 1676279732, "end_date_time": "2023-02-13T04:15:32-05:00", "waiting_time": 0, "distance": 33, "driving_time": 32, "preparation_time": 0, "load_before": [0], "load_after": [0]}, {"type": "service", "id": "1403661020_18", "location_id": "1403661020", "address": {"location_id": "1403661020", "lat": 42.28680365, "lon": -71.08422999}, "arr_time": 1676279763, "arr_date_time": "2023-02-13T04:16:03-05:00", "end_time": 1676280063, "end_date_time": "2023-02-13T04:21:03-05:00", "waiting_time": 0, "distance": 65, "driving_time": 63, "preparation_time": 0, "load_before": [0], "load_after": [0]}, {"type": "service", "id": "1403660000_17", "location_id": "1403660000", "address": {"location_id": "1403660000", "lat": 42.28678122, "lon": -71.08450085}, "arr_time": 1676280084, "arr_date_time": "2023-02-13T04:21:24-05:00", "end_time": 1676280384, "end_date_time": "2023-02-13T04:26:24-05:00", "waiting_time": 0, "distance": 87, "driving_time": 84, "preparation_time": 0, "load_before": [0], "load_after": [0]}, {"type": "service", "id": "1403659010_16", "location_id": "1403659010", "address": {"location_id": "1403659010", "lat": 42.28677028, "lon": -71.08466332}, "arr_time": 1676280396, "arr_date_time": "2023-02-13T04:26:36-05:00", "end_time": 1676280696, "end_date_time": "2023-02-13T04:31:36-05:00", "waiting_time": 0, "distance": 100, "driving_time": 96, "preparation_time": 0, "load_before": [0], "load_after": [0]}, {"type": "service", "id": "1403657000_15", "location_id": "1403657000", "address": {"location_id": "1403657000", "lat": 42.28673602, "lon": -71.08502159}, "arr_time": 1676280724, "arr_date_time": "2023-02-13T04:32:04-05:00", "end_time": 1676281024, "end_date_time": "2023-02-13T04:37:04-05:00", "waiting_time": 0, "distance": 129, "driving_time": 124, "preparation_time": 0, "load_before": [0], "load_after": [0]}, {"type": "service", "id": "1403655000_14", "location_id": "1403655000", "address": {"location_id": "1403655000", "lat": 42.28668338, "lon": -71.08537737}, "arr_time": 1676281052, "arr_date_time": "2023-02-13T04:37:32-05:00", "end_time": 1676281352, "end_date_time": "2023-02-13T04:42:32-05:00", "waiting_time": 0, "distance": 159, "driving_time": 152, "preparation_time": 0, "load_before": [0], "load_after": [0]}, {"type": "service", "id": "1403635000_09", "location_id": "1403635000", "address": {"location_id": "1403635000", "lat": 42.28588887, "lon": -71.08524907}, "arr_time": 1676281479, "arr_date_time": "2023-02-13T04:44:39-05:00", "end_time": 1676281779, "end_date_time": "2023-02-13T04:49:39-05:00", "waiting_time": 0, "distance": 290, "driving_time": 279, "preparation_time": 0, "load_before": [0], "load_after": [0]}, {"type": "service", "id": "1403632000_08", "location_id": "1403632000", "address": {"location_id": "1403632000", "lat": 42.28555876, "lon": -71.08522015}, "arr_time": 1676281813, "arr_date_time": "2023-02-13T04:50:13-05:00", "end_time": 1676282113, "end_date_time": "2023-02-13T04:55:13-05:00", "waiting_time": 0, "distance": 327, "driving_time": 313, "preparation_time": 0, "load_before": [0], "load_after": [0]}, {"type": "service", "id": "1403630000_07", "location_id": "1403630000", "address": {"location_id": "1403630000", "lat": 42.2853368, "lon": -71.08520103}, "arr_time": 1676282137, "arr_date_time": "2023-02-13T04:55:37-05:00", "end_time": 1676282437, "end_date_time": "2023-02-13T05:00:37-05:00", "waiting_time": 0, "distance": 352, "driving_time": 337, "preparation_time": 0, "load_before": [0], "load_after": [0]}, {"type": "service", "id": "1403629000_06", "location_id": "1403629000", "address": {"location_id": "1403629000", "lat": 42.28522671, "lon": -71.08519025}, "arr_time": 1676282449, "arr_date_time": "2023-02-13T05:00:49-05:00", "end_time": 1676282749, "end_date_time": "2023-02-13T05:05:49-05:00", "waiting_time": 0, "distance": 364, "driving_time": 349, "preparation_time": 0, "load_before": [0], "load_after": [0]}, {"type": "service", "id": "1403626000_05", "location_id": "1403626000", "address": {"location_id": "1403626000", "lat": 42.28485017, "lon": -71.08521246}, "arr_time": 1676282789, "arr_date_time": "2023-02-13T05:06:29-05:00", "end_time": 1676283089, "end_date_time": "2023-02-13T05:11:29-05:00", "waiting_time": 0, "distance": 406, "driving_time": 389, "preparation_time": 0, "load_before": [0], "load_after": [0]}, {"type": "service", "id": "1403617000_02", "location_id": "1403617000", "address": {"location_id": "1403617000", "lat": 42.28446511, "lon": -71.08517037}, "arr_time": 1676283140, "arr_date_time": "2023-02-13T05:12:20-05:00", "end_time": 1676283440, "end_date_time": "2023-02-13T05:17:20-05:00", "waiting_time": 0, "distance": 459, "driving_time": 440, "preparation_time": 0, "load_before": [0], "load_after": [0]}, {"type": "service", "id": "1403616000_01", "location_id": "1403616000", "address": {"location_id": "1403616000", "lat": 42.28433604, "lon": -71.08512519}, "arr_time": 1676283479, "arr_date_time": "2023-02-13T05:17:59-05:00", "end_time": 1676283779, "end_date_time": "2023-02-13T05:22:59-05:00", "waiting_time": 0, "distance": 499, "driving_time": 479, "preparation_time": 0, "load_before": [0], "load_after": [0]}, {"type": "service", "id": "1403793000_39", "location_id": "1403793000", "address": {"location_id": "1403793000", "lat": 42.28369717, "lon": -71.08400691}, "arr_time": 1676283952, "arr_date_time": "2023-02-13T05:25:52-05:00", "end_time": 1676284252, "end_date_time": "2023-02-13T05:30:52-05:00", "waiting_time": 0, "distance": 680, "driving_time": 652, "preparation_time": 0, "load_before": [0], "load_after": [0]}, {"type": "service", "id": "1403623000_04", "location_id": "1403623000", "address": {"location_id": "1403623000", "lat": 42.28386177, "lon": -71.08455496}, "arr_time": 1676284291, "arr_date_time": "2023-02-13T05:31:31-05:00", "end_time": 1676284591, "end_date_time": "2023-02-13T05:36:31-05:00", "waiting_time": 0, "distance": 720, "driving_time": 691, "preparation_time": 0, "load_before": [0], "load_after": [0]}, {"type": "service", "id": "1403739000_38", "location_id": "1403739000", "address": {"location_id": "1403739000", "lat": 42.28409224, "lon": -71.08424312}, "arr_time": 1676284609, "arr_date_time": "2023-02-13T05:36:49-05:00", "end_time": 1676284909, "end_date_time": "2023-02-13T05:41:49-05:00", "waiting_time": 0, "distance": 739, "driving_time": 709, "preparation_time": 0, "load_before": [0], "load_after": [0]}, {"type": "service", "id": "1403619000_03", "location_id": "1403619000", "address": {"location_id": "1403619000", "lat": 42.28439585, "lon": -71.08482128}, "arr_time": 1676284952, "arr_date_time": "2023-02-13T05:42:32-05:00", "end_time": 1676285252, "end_date_time": "2023-02-13T05:47:32-05:00", "waiting_time": 0, "distance": 783, "driving_time": 752, "preparation_time": 0, "load_before": [0], "load_after": [0]}, {"type": "service", "id": "1403648000_13", "location_id": "1403648000", "address": {"location_id": "1403648000", "lat": 42.28522816, "lon": -71.08481988}, "arr_time": 1676285341, "arr_date_time": "2023-02-13T05:49:01-05:00", "end_time": 1676285641, "end_date_time": "2023-02-13T05:54:01-05:00", "waiting_time": 0, "distance": 876, "driving_time": 841, "preparation_time": 0, "load_before": [0], "load_after": [0]}, {"type": "service", "id": "1403646000_12", "location_id": "1403646000", "address": {"location_id": "1403646000", "lat": 42.28545126, "lon": -71.08484087}, "arr_time": 1676285667, "arr_date_time": "2023-02-13T05:54:27-05:00", "end_time": 1676285967, "end_date_time": "2023-02-13T05:59:27-05:00", "waiting_time": 0, "distance": 902, "driving_time": 867, "preparation_time": 0, "load_before": [0], "load_after": [0]}, {"type": "service", "id": "1403679000_29", "location_id": "1403679000", "address": {"location_id": "1403679000", "lat": 42.28648349, "lon": -71.08463828}, "arr_time": 1676286061, "arr_date_time": "2023-02-13T06:01:01-05:00", "end_time": 1676286361, "end_date_time": "2023-02-13T06:06:01-05:00", "waiting_time": 0, "distance": 1001, "driving_time": 961, "preparation_time": 0, "load_before": [0], "load_after": [0]}, {"type": "service", "id": "1403680000_30", "location_id": "1403680000", "address": {"location_id": "1403680000", "lat": 42.28650741, "lon": -71.08487503}, "arr_time": 1676286365, "arr_date_time": "2023-02-13T06:06:05-05:00", "end_time": 1676286665, "end_date_time": "2023-02-13T06:11:05-05:00", "waiting_time": 0, "distance": 1005, "driving_time": 965, "preparation_time": 0, "load_before": [0], "load_after": [0]}, {"type": "service", "id": "1403639000_10", "location_id": "1403639000", "address": {"location_id": "1403639000", "lat": 42.28616855, "lon": -71.08506952}, "arr_time": 1676286677, "arr_date_time": "2023-02-13T06:11:17-05:00", "end_time": 1676286977, "end_date_time": "2023-02-13T06:16:17-05:00", "waiting_time": 0, "distance": 1018, "driving_time": 977, "preparation_time": 0, "load_before": [0], "load_after": [0]}, {"type": "service", "id": "1403681000_31", "location_id": "1403681000", "address": {"location_id": "1403681000", "lat": 42.28650094, "lon": -71.08510228}, "arr_time": 1676286981, "arr_date_time": "2023-02-13T06:16:21-05:00", "end_time": 1676287281, "end_date_time": "2023-02-13T06:21:21-05:00", "waiting_time": 0, "distance": 1023, "driving_time": 981, "preparation_time": 0, "load_before": [0], "load_after": [0]}, {"type": "service", "id": "1403640000_11", "location_id": "1403640000", "address": {"location_id": "1403640000", "lat": 42.28617054, "lon": -71.08486703}, "arr_time": 1676287309, "arr_date_time": "2023-02-13T06:21:49-05:00", "end_time": 1676287609, "end_date_time": "2023-02-13T06:26:49-05:00", "waiting_time": 0, "distance": 1053, "driving_time": 1009, "preparation_time": 0, "load_before": [0], "load_after": [0]}, {"type": "service", "id": "1403678000_28", "location_id": "1403678000", "address": {"location_id": "1403678000", "lat": 42.28649196, "lon": -71.08439695}, "arr_time": 1676287616, "arr_date_time": "2023-02-13T06:26:56-05:00", "end_time": 1676287916, "end_date_time": "2023-02-13T06:31:56-05:00", "waiting_time": 0, "distance": 1060, "driving_time": 1016, "preparation_time": 0, "load_before": [0], "load_after": [0]}, {"type": "service", "id": "1403677010_27", "location_id": "1403677010", "address": {"location_id": "1403677010", "lat": 42.28629151, "lon": -71.08436872}, "arr_time": 1676287960, "arr_date_time": "2023-02-13T06:32:40-05:00", "end_time": 1676288260, "end_date_time": "2023-02-13T06:37:40-05:00", "waiting_time": 0, "distance": 1106, "driving_time": 1060, "preparation_time": 0, "load_before": [0], "load_after": [0]}, {"type": "service", "id": "1403719010_32", "location_id": "1403719010", "address": {"location_id": "1403719010", "lat": 42.28596683, "lon": -71.08422412}, "arr_time": 1676288263, "arr_date_time": "2023-02-13T06:37:43-05:00", "end_time": 1676288563, "end_date_time": "2023-02-13T06:42:43-05:00", "waiting_time": 0, "distance": 1109, "driving_time": 1063, "preparation_time": 0, "load_before": [0], "load_after": [0]}, {"type": "service", "id": "1403676020_26", "location_id": "1403676020", "address": {"location_id": "1403676020", "lat": 42.28631687, "lon": -71.08418811}, "arr_time": 1676288575, "arr_date_time": "2023-02-13T06:42:55-05:00", "end_time": 1676288875, "end_date_time": "2023-02-13T06:47:55-05:00", "waiting_time": 0, "distance": 1122, "driving_time": 1075, "preparation_time": 0, "load_before": [0], "load_after": [0]}, {"type": "service", "id": "1403720010_33", "location_id": "1403720010", "address": {"location_id": "1403720010", "lat": 42.28600697, "lon": -71.08403794}, "arr_time": 1676288877, "arr_date_time": "2023-02-13T06:47:57-05:00", "end_time": 1676289177, "end_date_time": "2023-02-13T06:52:57-05:00", "waiting_time": 0, "distance": 1124, "driving_time": 1077, "preparation_time": 0, "load_before": [0], "load_after": [0]}, {"type": "service", "id": "1403676010_25", "location_id": "1403676010", "address": {"location_id": "1403676010", "lat": 42.28642339, "lon": -71.08403938}, "arr_time": 1676289189, "arr_date_time": "2023-02-13T06:53:09-05:00", "end_time": 1676289489, "end_date_time": "2023-02-13T06:58:09-05:00", "waiting_time": 0, "distance": 1137, "driving_time": 1089, "preparation_time": 0, "load_before": [0], "load_after": [0]}, {"type": "service", "id": "1403675020_24", "location_id": "1403675020", "address": {"location_id": "1403675020", "lat": 42.28643018, "lon": -71.08387443}, "arr_time": 1676289503, "arr_date_time": "2023-02-13T06:58:23-05:00", "end_time": 1676289803, "end_date_time": "2023-02-13T07:03:23-05:00", "waiting_time": 0, "distance": 1150, "driving_time": 1103, "preparation_time": 0, "load_before": [0], "load_after": [0]}, {"type": "service", "id": "1403722010_34", "location_id": "1403722010", "address": {"location_id": "1403722010", "lat": 42.28607892, "lon": -71.08367833}, "arr_time": 1676289807, "arr_date_time": "2023-02-13T07:03:27-05:00", "end_time": 1676290107, "end_date_time": "2023-02-13T07:08:27-05:00", "waiting_time": 0, "distance": 1155, "driving_time": 1107, "preparation_time": 0, "load_before": [0], "load_after": [0]}, {"type": "service", "id": "1403675010_23", "location_id": "1403675010", "address": {"location_id": "1403675010", "lat": 42.28643873, "lon": -71.08378056}, "arr_time": 1676290109, "arr_date_time": "2023-02-13T07:08:29-05:00", "end_time": 1676290409, "end_date_time": "2023-02-13T07:13:29-05:00", "waiting_time": 0, "distance": 1158, "driving_time": 1109, "preparation_time": 0, "load_before": [0], "load_after": [0]}, {"type": "service", "id": "1403723010_35", "location_id": "1403723010", "address": {"location_id": "1403723010", "lat": 42.28611818, "lon": -71.08353161}, "arr_time": 1676290419, "arr_date_time": "2023-02-13T07:13:39-05:00", "end_time": 1676290719, "end_date_time": "2023-02-13T07:18:39-05:00", "waiting_time": 0, "distance": 1168, "driving_time": 1119, "preparation_time": 0, "load_before": [0], "load_after": [0]}, {"type": "service", "id": "1403723020_36", "location_id": "1403723020", "address": {"location_id": "1403723020", "lat": 42.28615906, "lon": -71.08336637}, "arr_time": 1676290732, "arr_date_time": "2023-02-13T07:18:52-05:00", "end_time": 1676291032, "end_date_time": "2023-02-13T07:23:52-05:00", "waiting_time": 0, "distance": 1182, "driving_time": 1132, "preparation_time": 0, "load_before": [0], "load_after": [0]}, {"type": "service", "id": "1403673010_22", "location_id": "1403673010", "address": {"location_id": "1403673010", "lat": 42.28656183, "lon": -71.0834942}, "arr_time": 1676291035, "arr_date_time": "2023-02-13T07:23:55-05:00", "end_time": 1676291335, "end_date_time": "2023-02-13T07:28:55-05:00", "waiting_time": 0, "distance": 1184, "driving_time": 1135, "preparation_time": 0, "load_before": [0], "load_after": [0]}, {"type": "service", "id": "1403724010_37", "location_id": "1403724010", "address": {"location_id": "1403724010", "lat": 42.28618949, "lon": -71.08320316}, "arr_time": 1676291345, "arr_date_time": "2023-02-13T07:29:05-05:00", "end_time": 1676291645, "end_date_time": "2023-02-13T07:34:05-05:00", "waiting_time": 0, "distance": 1195, "driving_time": 1145, "preparation_time": 0, "load_before": [0], "load_after": [0]}, {"type": "end", "location_id": "1403666000", "address": {"location_id": "1403666000", "lat": 42.28709866, "lon": -71.08352586}, "arr_time": 1676291800, "arr_date_time": "2023-02-13T07:36:40-05:00", "end_time": 1676291800, "end_date_time": "2023-02-13T07:36:40-05:00", "waiting_time": 0, "distance": 1356, "driving_time": 1300, "preparation_time": 0, "load_before": [0]}]}], "unassigned": {"services": [], "shipments": [], "breaks": [], "details": []}}}