{"copyrights": ["GraphHopper", "OpenStreetMap contributors"], "job_id": "e6cc78c7-6fec-4b9e-bb96-3a5e4887ae3f", "status": "finished", "waiting_time_in_queue": 0, "processing_time": 119, "solution": {"costs": 335, "distance": 3149, "time": 3024, "transport_time": 3024, "completion_time": 16824, "max_operation_time": 16824, "waiting_time": 0, "service_duration": 13800, "preparation_time": 0, "no_vehicles": 1, "no_unassigned": 0, "routes": [{"vehicle_id": "my_vehicle", "shift_id": "default-shift", "distance": 3149, "transport_time": 3024, "completion_time": 16824, "waiting_time": 0, "service_duration": 13800, "preparation_time": 0, "activities": [{"type": "start", "location_id": "1403493000", "address": {"location_id": "1403493000", "lat": 42.28627623, "lon": -71.08716937}, "arr_time": 1676278800, "arr_date_time": "2023-02-13T04:00:00-05:00", "end_time": 1676278800, "end_date_time": "2023-02-13T04:00:00-05:00", "waiting_time": 0, "distance": 0, "driving_time": 0, "preparation_time": 0, "load_after": [0]}, {"type": "service", "id": "1403494000_31", "location_id": "1403494000", "address": {"location_id": "1403494000", "lat": 42.28631597, "lon": -71.08698919}, "arr_time": 1676278815, "arr_date_time": "2023-02-13T04:00:15-05:00", "end_time": 1676279115, "end_date_time": "2023-02-13T04:05:15-05:00", "waiting_time": 0, "distance": 15, "driving_time": 15, "preparation_time": 0, "load_before": [0], "load_after": [0]}, {"type": "service", "id": "1403550000_36", "location_id": "1403550000", "address": {"location_id": "1403550000", "lat": 42.28629183, "lon": -71.08583119}, "arr_time": 1676279269, "arr_date_time": "2023-02-13T04:07:49-05:00", "end_time": 1676279569, "end_date_time": "2023-02-13T04:12:49-05:00", "waiting_time": 0, "distance": 175, "driving_time": 169, "preparation_time": 0, "load_before": [0], "load_after": [0]}, {"type": "service", "id": "1403552000_37", "location_id": "1403552000", "address": {"location_id": "1403552000", "lat": 42.28605156, "lon": -71.08575608}, "arr_time": 1676279600, "arr_date_time": "2023-02-13T04:13:20-05:00", "end_time": 1676279900, "end_date_time": "2023-02-13T04:18:20-05:00", "waiting_time": 0, "distance": 207, "driving_time": 200, "preparation_time": 0, "load_before": [0], "load_after": [0]}, {"type": "service", "id": "1403553000_38", "location_id": "1403553000", "address": {"location_id": "1403553000", "lat": 42.28594946, "lon": -71.08574}, "arr_time": 1676279911, "arr_date_time": "2023-02-13T04:18:31-05:00", "end_time": 1676280211, "end_date_time": "2023-02-13T04:23:31-05:00", "waiting_time": 0, "distance": 218, "driving_time": 211, "preparation_time": 0, "load_before": [0], "load_after": [0]}, {"type": "service", "id": "1403558000_39", "location_id": "1403558000", "address": {"location_id": "1403558000", "lat": 42.28523283, "lon": -71.08572131}, "arr_time": 1676280287, "arr_date_time": "2023-02-13T04:24:47-05:00", "end_time": 1676280587, "end_date_time": "2023-02-13T04:29:47-05:00", "waiting_time": 0, "distance": 298, "driving_time": 287, "preparation_time": 0, "load_before": [0], "load_after": [0]}, {"type": "service", "id": "1403579000_41", "location_id": "1403579000", "address": {"location_id": "1403579000", "lat": 42.28411104, "lon": -71.08552346}, "arr_time": 1676280705, "arr_date_time": "2023-02-13T04:31:45-05:00", "end_time": 1676281005, "end_date_time": "2023-02-13T04:36:45-05:00", "waiting_time": 0, "distance": 421, "driving_time": 405, "preparation_time": 0, "load_before": [0], "load_after": [0]}, {"type": "service", "id": "1403410000_12", "location_id": "1403410000", "address": {"location_id": "1403410000", "lat": 42.28424247, "lon": -71.08837072}, "arr_time": 1676281328, "arr_date_time": "2023-02-13T04:42:08-05:00", "end_time": 1676281628, "end_date_time": "2023-02-13T04:47:08-05:00", "waiting_time": 0, "distance": 757, "driving_time": 728, "preparation_time": 0, "load_before": [0], "load_after": [0]}, {"type": "service", "id": "1403411000_13", "location_id": "1403411000", "address": {"location_id": "1403411000", "lat": 42.28419175, "lon": -71.08850364}, "arr_time": 1676281640, "arr_date_time": "2023-02-13T04:47:20-05:00", "end_time": 1676281940, "end_date_time": "2023-02-13T04:52:20-05:00", "waiting_time": 0, "distance": 769, "driving_time": 740, "preparation_time": 0, "load_before": [0], "load_after": [0]}, {"type": "service", "id": "1403478000_26", "location_id": "1403478000", "address": {"location_id": "1403478000", "lat": 42.28384783, "lon": -71.08824485}, "arr_time": 1676281943, "arr_date_time": "2023-02-13T04:52:23-05:00", "end_time": 1676282243, "end_date_time": "2023-02-13T04:57:23-05:00", "waiting_time": 0, "distance": 772, "driving_time": 743, "preparation_time": 0, "load_before": [0], "load_after": [0]}, {"type": "service", "id": "1403469000_25", "location_id": "1403469000", "address": {"location_id": "1403469000", "lat": 42.28332953, "lon": -71.08866465}, "arr_time": 1676282431, "arr_date_time": "2023-02-13T05:00:31-05:00", "end_time": 1676282731, "end_date_time": "2023-02-13T05:05:31-05:00", "waiting_time": 0, "distance": 967, "driving_time": 931, "preparation_time": 0, "load_before": [0], "load_after": [0]}, {"type": "service", "id": "1403439000_18", "location_id": "1403439000", "address": {"location_id": "1403439000", "lat": 42.28305052, "lon": -71.08828132}, "arr_time": 1676282741, "arr_date_time": "2023-02-13T05:05:41-05:00", "end_time": 1676283041, "end_date_time": "2023-02-13T05:10:41-05:00", "waiting_time": 0, "distance": 978, "driving_time": 941, "preparation_time": 0, "load_before": [0], "load_after": [0]}, {"type": "service", "id": "1403466010_24", "location_id": "1403466010", "address": {"location_id": "1403466010", "lat": 42.28348169, "lon": -71.08834573}, "arr_time": 1676283060, "arr_date_time": "2023-02-13T05:11:00-05:00", "end_time": 1676283360, "end_date_time": "2023-02-13T05:16:00-05:00", "waiting_time": 0, "distance": 998, "driving_time": 960, "preparation_time": 0, "load_before": [0], "load_after": [0]}, {"type": "service", "id": "1403463000_23", "location_id": "1403463000", "address": {"location_id": "1403463000", "lat": 42.2836739, "lon": -71.08792155}, "arr_time": 1676283399, "arr_date_time": "2023-02-13T05:16:39-05:00", "end_time": 1676283699, "end_date_time": "2023-02-13T05:21:39-05:00", "waiting_time": 0, "distance": 1039, "driving_time": 999, "preparation_time": 0, "load_before": [0], "load_after": [0]}, {"type": "service", "id": "1403462000_22", "location_id": "1403462000", "address": {"location_id": "1403462000", "lat": 42.283732, "lon": -71.08779362}, "arr_time": 1676283711, "arr_date_time": "2023-02-13T05:21:51-05:00", "end_time": 1676284011, "end_date_time": "2023-02-13T05:26:51-05:00", "waiting_time": 0, "distance": 1051, "driving_time": 1011, "preparation_time": 0, "load_before": [0], "load_after": [0]}, {"type": "service", "id": "1403447000_19", "location_id": "1403447000", "address": {"location_id": "1403447000", "lat": 42.28301403, "lon": -71.08744869}, "arr_time": 1676284087, "arr_date_time": "2023-02-13T05:28:07-05:00", "end_time": 1676284387, "end_date_time": "2023-02-13T05:33:07-05:00", "waiting_time": 0, "distance": 1130, "driving_time": 1087, "preparation_time": 0, "load_before": [0], "load_after": [0]}, {"type": "service", "id": "1403453000_21", "location_id": "1403453000", "address": {"location_id": "1403453000", "lat": 42.28307391, "lon": -71.08696504}, "arr_time": 1676284389, "arr_date_time": "2023-02-13T05:33:09-05:00", "end_time": 1676284689, "end_date_time": "2023-02-13T05:38:09-05:00", "waiting_time": 0, "distance": 1133, "driving_time": 1089, "preparation_time": 0, "load_before": [0], "load_after": [0]}, {"type": "service", "id": "1403452000_20", "location_id": "1403452000", "address": {"location_id": "1403452000", "lat": 42.28292339, "lon": -71.08690936}, "arr_time": 1676284705, "arr_date_time": "2023-02-13T05:38:25-05:00", "end_time": 1676285005, "end_date_time": "2023-02-13T05:43:25-05:00", "waiting_time": 0, "distance": 1150, "driving_time": 1105, "preparation_time": 0, "load_before": [0], "load_after": [0]}, {"type": "service", "id": "1403419000_14", "location_id": "1403419000", "address": {"location_id": "1403419000", "lat": 42.28349017, "lon": -71.08680748}, "arr_time": 1676285205, "arr_date_time": "2023-02-13T05:46:45-05:00", "end_time": 1676285505, "end_date_time": "2023-02-13T05:51:45-05:00", "waiting_time": 0, "distance": 1358, "driving_time": 1305, "preparation_time": 0, "load_before": [0], "load_after": [0]}, {"type": "service", "id": "1403420000_15", "location_id": "1403420000", "address": {"location_id": "1403420000", "lat": 42.28336728, "lon": -71.08679218}, "arr_time": 1676285519, "arr_date_time": "2023-02-13T05:51:59-05:00", "end_time": 1676285819, "end_date_time": "2023-02-13T05:56:59-05:00", "waiting_time": 0, "distance": 1371, "driving_time": 1319, "preparation_time": 0, "load_before": [0], "load_after": [0]}, {"type": "service", "id": "1403422000_16", "location_id": "1403422000", "address": {"location_id": "1403422000", "lat": 42.28313008, "lon": -71.08670514}, "arr_time": 1676285845, "arr_date_time": "2023-02-13T05:57:25-05:00", "end_time": 1676286145, "end_date_time": "2023-02-13T06:02:25-05:00", "waiting_time": 0, "distance": 1398, "driving_time": 1345, "preparation_time": 0, "load_before": [0], "load_after": [0]}, {"type": "service", "id": "1403427000_17", "location_id": "1403427000", "address": {"location_id": "1403427000", "lat": 42.28259902, "lon": -71.08651101}, "arr_time": 1676286204, "arr_date_time": "2023-02-13T06:03:24-05:00", "end_time": 1676286504, "end_date_time": "2023-02-13T06:08:24-05:00", "waiting_time": 0, "distance": 1459, "driving_time": 1404, "preparation_time": 0, "load_before": [0], "load_after": [0]}, {"type": "service", "id": "1403847000_46", "location_id": "1403847000", "address": {"location_id": "1403847000", "lat": 42.28188584, "lon": -71.08521277}, "arr_time": 1676286687, "arr_date_time": "2023-02-13T06:11:27-05:00", "end_time": 1676286987, "end_date_time": "2023-02-13T06:16:27-05:00", "waiting_time": 0, "distance": 1649, "driving_time": 1587, "preparation_time": 0, "load_before": [0], "load_after": [0]}, {"type": "service", "id": "1403595000_45", "location_id": "1403595000", "address": {"location_id": "1403595000", "lat": 42.28321469, "lon": -71.08532666}, "arr_time": 1676287155, "arr_date_time": "2023-02-13T06:19:15-05:00", "end_time": 1676287455, "end_date_time": "2023-02-13T06:24:15-05:00", "waiting_time": 0, "distance": 1824, "driving_time": 1755, "preparation_time": 0, "load_before": [0], "load_after": [0]}, {"type": "service", "id": "1403586000_42", "location_id": "1403586000", "address": {"location_id": "1403586000", "lat": 42.28352571, "lon": -71.08564485}, "arr_time": 1676287509, "arr_date_time": "2023-02-13T06:25:09-05:00", "end_time": 1676287809, "end_date_time": "2023-02-13T06:30:09-05:00", "waiting_time": 0, "distance": 1881, "driving_time": 1809, "preparation_time": 0, "load_before": [0], "load_after": [0]}, {"type": "service", "id": "1403380000_11", "location_id": "1403380000", "address": {"location_id": "1403380000", "lat": 42.28360832, "lon": -71.08617828}, "arr_time": 1676287828, "arr_date_time": "2023-02-13T06:30:28-05:00", "end_time": 1676288128, "end_date_time": "2023-02-13T06:35:28-05:00", "waiting_time": 0, "distance": 1901, "driving_time": 1828, "preparation_time": 0, "load_before": [0], "load_after": [0]}, {"type": "service", "id": "1403588000_43", "location_id": "1403588000", "address": {"location_id": "1403588000", "lat": 42.28374979, "lon": -71.0857226}, "arr_time": 1676288133, "arr_date_time": "2023-02-13T06:35:33-05:00", "end_time": 1676288433, "end_date_time": "2023-02-13T06:40:33-05:00", "waiting_time": 0, "distance": 1907, "driving_time": 1833, "preparation_time": 0, "load_before": [0], "load_after": [0]}, {"type": "service", "id": "1403377000_10", "location_id": "1403377000", "address": {"location_id": "1403377000", "lat": 42.28393041, "lon": -71.08627517}, "arr_time": 1676288463, "arr_date_time": "2023-02-13T06:41:03-05:00", "end_time": 1676288763, "end_date_time": "2023-02-13T06:46:03-05:00", "waiting_time": 0, "distance": 1938, "driving_time": 1863, "preparation_time": 0, "load_before": [0], "load_after": [0]}, {"type": "service", "id": "1403593000_44", "location_id": "1403593000", "address": {"location_id": "1403593000", "lat": 42.28431639, "lon": -71.08591741}, "arr_time": 1676288796, "arr_date_time": "2023-02-13T06:46:36-05:00", "end_time": 1676289096, "end_date_time": "2023-02-13T06:51:36-05:00", "waiting_time": 0, "distance": 1972, "driving_time": 1896, "preparation_time": 0, "load_before": [0], "load_after": [0]}, {"type": "service", "id": "1403374000_09", "location_id": "1403374000", "address": {"location_id": "1403374000", "lat": 42.28424248, "lon": -71.0863948}, "arr_time": 1676289097, "arr_date_time": "2023-02-13T06:51:37-05:00", "end_time": 1676289397, "end_date_time": "2023-02-13T06:56:37-05:00", "waiting_time": 0, "distance": 1974, "driving_time": 1897, "preparation_time": 0, "load_before": [0], "load_after": [0]}, {"type": "service", "id": "1403368000_05", "location_id": "1403368000", "address": {"location_id": "1403368000", "lat": 42.28499532, "lon": -71.08675719}, "arr_time": 1676289492, "arr_date_time": "2023-02-13T06:58:12-05:00", "end_time": 1676289792, "end_date_time": "2023-02-13T07:03:12-05:00", "waiting_time": 0, "distance": 2073, "driving_time": 1992, "preparation_time": 0, "load_before": [0], "load_after": [0]}, {"type": "service", "id": "1403369000_06", "location_id": "1403369000", "address": {"location_id": "1403369000", "lat": 42.28495035, "lon": -71.08695706}, "arr_time": 1676289808, "arr_date_time": "2023-02-13T07:03:28-05:00", "end_time": 1676290108, "end_date_time": "2023-02-13T07:08:28-05:00", "waiting_time": 0, "distance": 2090, "driving_time": 2008, "preparation_time": 0, "load_before": [0], "load_after": [0]}, {"type": "service", "id": "1403370000_07", "location_id": "1403370000", "address": {"location_id": "1403370000", "lat": 42.28491164, "lon": -71.08713079}, "arr_time": 1676290123, "arr_date_time": "2023-02-13T07:08:43-05:00", "end_time": 1676290423, "end_date_time": "2023-02-13T07:13:43-05:00", "waiting_time": 0, "distance": 2105, "driving_time": 2023, "preparation_time": 0, "load_before": [0], "load_after": [0]}, {"type": "service", "id": "1403372010_08", "location_id": "1403372010", "address": {"location_id": "1403372010", "lat": 42.28467033, "lon": -71.08752224}, "arr_time": 1676290445, "arr_date_time": "2023-02-13T07:14:05-05:00", "end_time": 1676290745, "end_date_time": "2023-02-13T07:19:05-05:00", "waiting_time": 0, "distance": 2128, "driving_time": 2045, "preparation_time": 0, "load_before": [0], "load_after": [0]}, {"type": "service", "id": "1403367000_04", "location_id": "1403367000", "address": {"location_id": "1403367000", "lat": 42.28505634, "lon": -71.08656}, "arr_time": 1676290844, "arr_date_time": "2023-02-13T07:20:44-05:00", "end_time": 1676291144, "end_date_time": "2023-02-13T07:25:44-05:00", "waiting_time": 0, "distance": 2231, "driving_time": 2144, "preparation_time": 0, "load_before": [0], "load_after": [0]}, {"type": "service", "id": "1403365000_03", "location_id": "1403365000", "address": {"location_id": "1403365000", "lat": 42.28523704, "lon": -71.08671463}, "arr_time": 1676291224, "arr_date_time": "2023-02-13T07:27:04-05:00", "end_time": 1676291524, "end_date_time": "2023-02-13T07:32:04-05:00", "waiting_time": 0, "distance": 2314, "driving_time": 2224, "preparation_time": 0, "load_before": [0], "load_after": [0]}, {"type": "service", "id": "1403363000_02", "location_id": "1403363000", "address": {"location_id": "1403363000", "lat": 42.2851543, "lon": -71.08707387}, "arr_time": 1676291555, "arr_date_time": "2023-02-13T07:32:35-05:00", "end_time": 1676291855, "end_date_time": "2023-02-13T07:37:35-05:00", "waiting_time": 0, "distance": 2346, "driving_time": 2255, "preparation_time": 0, "load_before": [0], "load_after": [0]}, {"type": "service", "id": "1403362000_01", "location_id": "1403362000", "address": {"location_id": "1403362000", "lat": 42.2851176, "lon": -71.08724236}, "arr_time": 1676291868, "arr_date_time": "2023-02-13T07:37:48-05:00", "end_time": 1676292168, "end_date_time": "2023-02-13T07:42:48-05:00", "waiting_time": 0, "distance": 2360, "driving_time": 2268, "preparation_time": 0, "load_before": [0], "load_after": [0]}, {"type": "service", "id": "1403539000_35", "location_id": "1403539000", "address": {"location_id": "1403539000", "lat": 42.28509756, "lon": -71.08843007}, "arr_time": 1676292255, "arr_date_time": "2023-02-13T07:44:15-05:00", "end_time": 1676292555, "end_date_time": "2023-02-13T07:49:15-05:00", "waiting_time": 0, "distance": 2450, "driving_time": 2355, "preparation_time": 0, "load_before": [0], "load_after": [0]}, {"type": "service", "id": "1403572000_40", "location_id": "1403572000", "address": {"location_id": "1403572000", "lat": 42.28595669, "lon": -71.08606021}, "arr_time": 1676292773, "arr_date_time": "2023-02-13T07:52:53-05:00", "end_time": 1676293073, "end_date_time": "2023-02-13T07:57:53-05:00", "waiting_time": 0, "distance": 2677, "driving_time": 2573, "preparation_time": 0, "load_before": [0], "load_after": [0]}, {"type": "service", "id": "1403497000_32", "location_id": "1403497000", "address": {"location_id": "1403497000", "lat": 42.28614953, "lon": -71.08653822}, "arr_time": 1676293097, "arr_date_time": "2023-02-13T07:58:17-05:00", "end_time": 1676293397, "end_date_time": "2023-02-13T08:03:17-05:00", "waiting_time": 0, "distance": 2703, "driving_time": 2597, "preparation_time": 0, "load_before": [0], "load_after": [0]}, {"type": "service", "id": "1403499000_33", "location_id": "1403499000", "address": {"location_id": "1403499000", "lat": 42.28610688, "lon": -71.08690106}, "arr_time": 1676293456, "arr_date_time": "2023-02-13T08:04:16-05:00", "end_time": 1676293756, "end_date_time": "2023-02-13T08:09:16-05:00", "waiting_time": 0, "distance": 2764, "driving_time": 2656, "preparation_time": 0, "load_before": [0], "load_after": [0]}, {"type": "service", "id": "1403513000_34", "location_id": "1403513000", "address": {"location_id": "1403513000", "lat": 42.28532775, "lon": -71.08869823}, "arr_time": 1676293912, "arr_date_time": "2023-02-13T08:11:52-05:00", "end_time": 1676294212, "end_date_time": "2023-02-13T08:16:52-05:00", "waiting_time": 0, "distance": 2927, "driving_time": 2812, "preparation_time": 0, "load_before": [0], "load_after": [0]}, {"type": "service", "id": "1403486010_27", "location_id": "1403486010", "address": {"location_id": "1403486010", "lat": 42.28603106, "lon": -71.08844022}, "arr_time": 1676294321, "arr_date_time": "2023-02-13T08:18:41-05:00", "end_time": 1676294621, "end_date_time": "2023-02-13T08:23:41-05:00", "waiting_time": 0, "distance": 3041, "driving_time": 2921, "preparation_time": 0, "load_before": [0], "load_after": [0]}, {"type": "service", "id": "1403487010_28", "location_id": "1403487010", "address": {"location_id": "1403487010", "lat": 42.28602991, "lon": -71.08826325}, "arr_time": 1676294635, "arr_date_time": "2023-02-13T08:23:55-05:00", "end_time": 1676294935, "end_date_time": "2023-02-13T08:28:55-05:00", "waiting_time": 0, "distance": 3055, "driving_time": 2935, "preparation_time": 0, "load_before": [0], "load_after": [0]}, {"type": "service", "id": "1403488010_29", "location_id": "1403488010", "address": {"location_id": "1403488010", "lat": 42.28606393, "lon": -71.08811225}, "arr_time": 1676294947, "arr_date_time": "2023-02-13T08:29:07-05:00", "end_time": 1676295247, "end_date_time": "2023-02-13T08:34:07-05:00", "waiting_time": 0, "distance": 3068, "driving_time": 2947, "preparation_time": 0, "load_before": [0], "load_after": [0]}, {"type": "service", "id": "1403489010_30", "location_id": "1403489010", "address": {"location_id": "1403489010", "lat": 42.28609664, "lon": -71.0879633}, "arr_time": 1676295259, "arr_date_time": "2023-02-13T08:34:19-05:00", "end_time": 1676295559, "end_date_time": "2023-02-13T08:39:19-05:00", "waiting_time": 0, "distance": 3081, "driving_time": 2959, "preparation_time": 0, "load_before": [0], "load_after": [0]}, {"type": "end", "location_id": "1403493000", "address": {"location_id": "1403493000", "lat": 42.28627623, "lon": -71.08716937}, "arr_time": 1676295624, "arr_date_time": "2023-02-13T08:40:24-05:00", "end_time": 1676295624, "end_date_time": "2023-02-13T08:40:24-05:00", "waiting_time": 0, "distance": 3149, "driving_time": 3024, "preparation_time": 0, "load_before": [0]}]}], "unassigned": {"services": [], "shipments": [], "breaks": [], "details": []}}}