{"copyrights": ["GraphHopper", "OpenStreetMap contributors"], "job_id": "e6ca3402-7926-41ea-a232-e5a06f47208f", "status": "finished", "waiting_time_in_queue": 0, "processing_time": 137, "solution": {"costs": 315, "distance": 2387, "time": 2291, "transport_time": 2291, "completion_time": 14291, "max_operation_time": 14291, "waiting_time": 0, "service_duration": 12000, "preparation_time": 0, "no_vehicles": 1, "no_unassigned": 0, "routes": [{"vehicle_id": "my_vehicle", "shift_id": "default-shift", "distance": 2387, "transport_time": 2291, "completion_time": 14291, "waiting_time": 0, "service_duration": 12000, "preparation_time": 0, "activities": [{"type": "start", "location_id": "1300001000", "address": {"location_id": "1300001000", "lat": 42.32067589, "lon": -71.07383642}, "arr_time": 1676278800, "arr_date_time": "2023-02-13T04:00:00-05:00", "end_time": 1676278800, "end_date_time": "2023-02-13T04:00:00-05:00", "waiting_time": 0, "distance": 0, "driving_time": 0, "preparation_time": 0, "load_after": [0]}, {"type": "service", "id": "1300055010_16", "location_id": "1300055010", "address": {"location_id": "1300055010", "lat": 42.3200837, "lon": -71.07332961}, "arr_time": 1676278929, "arr_date_time": "2023-02-13T04:02:09-05:00", "end_time": 1676279229, "end_date_time": "2023-02-13T04:07:09-05:00", "waiting_time": 0, "distance": 134, "driving_time": 129, "preparation_time": 0, "load_before": [0], "load_after": [0]}, {"type": "service", "id": "1300050010_13", "location_id": "1300050010", "address": {"location_id": "1300050010", "lat": 42.31984673, "lon": -71.07354522}, "arr_time": 1676279249, "arr_date_time": "2023-02-13T04:07:29-05:00", "end_time": 1676279549, "end_date_time": "2023-02-13T04:12:29-05:00", "waiting_time": 0, "distance": 154, "driving_time": 149, "preparation_time": 0, "load_before": [0], "load_after": [0]}, {"type": "service", "id": "1300082000_21", "location_id": "1300082000", "address": {"location_id": "1300082000", "lat": 42.31965281, "lon": -71.07328033}, "arr_time": 1676279557, "arr_date_time": "2023-02-13T04:12:37-05:00", "end_time": 1676279857, "end_date_time": "2023-02-13T04:17:37-05:00", "waiting_time": 0, "distance": 162, "driving_time": 157, "preparation_time": 0, "load_before": [0], "load_after": [0]}, {"type": "service", "id": "1300051010_14", "location_id": "1300051010", "address": {"location_id": "1300051010", "lat": 42.31972912, "lon": -71.07351774}, "arr_time": 1676279857, "arr_date_time": "2023-02-13T04:17:37-05:00", "end_time": 1676280157, "end_date_time": "2023-02-13T04:22:37-05:00", "waiting_time": 0, "distance": 162, "driving_time": 157, "preparation_time": 0, "load_before": [0], "load_after": [0]}, {"type": "service", "id": "1300029010_05", "location_id": "1300029010", "address": {"location_id": "1300029010", "lat": 42.32043432, "lon": -71.07348992}, "arr_time": 1676280215, "arr_date_time": "2023-02-13T04:23:35-05:00", "end_time": 1676280515, "end_date_time": "2023-02-13T04:28:35-05:00", "waiting_time": 0, "distance": 221, "driving_time": 215, "preparation_time": 0, "load_before": [0], "load_after": [0]}, {"type": "service", "id": "1300057010_17", "location_id": "1300057010", "address": {"location_id": "1300057010", "lat": 42.32013838, "lon": -71.07316943}, "arr_time": 1676280523, "arr_date_time": "2023-02-13T04:28:43-05:00", "end_time": 1676280823, "end_date_time": "2023-02-13T04:33:43-05:00", "waiting_time": 0, "distance": 230, "driving_time": 223, "preparation_time": 0, "load_before": [0], "load_after": [0]}, {"type": "service", "id": "1300027010_04", "location_id": "1300027010", "address": {"location_id": "1300027010", "lat": 42.3204991, "lon": -71.07330338}, "arr_time": 1676280831, "arr_date_time": "2023-02-13T04:33:51-05:00", "end_time": 1676281131, "end_date_time": "2023-02-13T04:38:51-05:00", "waiting_time": 0, "distance": 238, "driving_time": 231, "preparation_time": 0, "load_before": [0], "load_after": [0]}, {"type": "service", "id": "1300025010_03", "location_id": "1300025010", "address": {"location_id": "1300025010", "lat": 42.32056426, "lon": -71.07311759}, "arr_time": 1676281147, "arr_date_time": "2023-02-13T04:39:07-05:00", "end_time": 1676281447, "end_date_time": "2023-02-13T04:44:07-05:00", "waiting_time": 0, "distance": 255, "driving_time": 247, "preparation_time": 0, "load_before": [0], "load_after": [0]}, {"type": "service", "id": "1300060000_19", "location_id": "1300060000", "address": {"location_id": "1300060000", "lat": 42.32028779, "lon": -71.07275012}, "arr_time": 1676281460, "arr_date_time": "2023-02-13T04:44:20-05:00", "end_time": 1676281760, "end_date_time": "2023-02-13T04:49:20-05:00", "waiting_time": 0, "distance": 268, "driving_time": 260, "preparation_time": 0, "load_before": [0], "load_after": [0]}, {"type": "service", "id": "1300024000_02", "location_id": "1300024000", "address": {"location_id": "1300024000", "lat": 42.32061786, "lon": -71.07296769}, "arr_time": 1676281760, "arr_date_time": "2023-02-13T04:49:20-05:00", "end_time": 1676282060, "end_date_time": "2023-02-13T04:54:20-05:00", "waiting_time": 0, "distance": 268, "driving_time": 260, "preparation_time": 0, "load_before": [0], "load_after": [0]}, {"type": "service", "id": "1300023000_01", "location_id": "1300023000", "address": {"location_id": "1300023000", "lat": 42.32065843, "lon": -71.07285044}, "arr_time": 1676282071, "arr_date_time": "2023-02-13T04:54:31-05:00", "end_time": 1676282371, "end_date_time": "2023-02-13T04:59:31-05:00", "waiting_time": 0, "distance": 279, "driving_time": 271, "preparation_time": 0, "load_before": [0], "load_after": [0]}, {"type": "service", "id": "1300058010_18", "location_id": "1300058010", "address": {"location_id": "1300058010", "lat": 42.32020405, "lon": -71.07305468}, "arr_time": 1676282407, "arr_date_time": "2023-02-13T05:00:07-05:00", "end_time": 1676282707, "end_date_time": "2023-02-13T05:05:07-05:00", "waiting_time": 0, "distance": 317, "driving_time": 307, "preparation_time": 0, "load_before": [0], "load_after": [0]}, {"type": "service", "id": "1300045010_12", "location_id": "1300045010", "address": {"location_id": "1300045010", "lat": 42.31981995, "lon": -71.07378727}, "arr_time": 1676282801, "arr_date_time": "2023-02-13T05:06:41-05:00", "end_time": 1676283101, "end_date_time": "2023-02-13T05:11:41-05:00", "waiting_time": 0, "distance": 415, "driving_time": 401, "preparation_time": 0, "load_before": [0], "load_after": [0]}, {"type": "service", "id": "1300043010_10", "location_id": "1300043010", "address": {"location_id": "1300043010", "lat": 42.31957612, "lon": -71.07379797}, "arr_time": 1676283127, "arr_date_time": "2023-02-13T05:12:07-05:00", "end_time": 1676283427, "end_date_time": "2023-02-13T05:17:07-05:00", "waiting_time": 0, "distance": 442, "driving_time": 427, "preparation_time": 0, "load_before": [0], "load_after": [0]}, {"type": "service", "id": "1300044010_11", "location_id": "1300044010", "address": {"location_id": "1300044010", "lat": 42.31957519, "lon": -71.07392699}, "arr_time": 1676283429, "arr_date_time": "2023-02-13T05:17:09-05:00", "end_time": 1676283729, "end_date_time": "2023-02-13T05:22:09-05:00", "waiting_time": 0, "distance": 444, "driving_time": 429, "preparation_time": 0, "load_before": [0], "load_after": [0]}, {"type": "service", "id": "1300140010_27", "location_id": "1300140010", "address": {"location_id": "1300140010", "lat": 42.31933209, "lon": -71.07416423}, "arr_time": 1676283744, "arr_date_time": "2023-02-13T05:22:24-05:00", "end_time": 1676284044, "end_date_time": "2023-02-13T05:27:24-05:00", "waiting_time": 0, "distance": 459, "driving_time": 444, "preparation_time": 0, "load_before": [0], "load_after": [0]}, {"type": "service", "id": "1300141010_28", "location_id": "1300141010", "address": {"location_id": "1300141010", "lat": 42.31925116, "lon": -71.074015}, "arr_time": 1676284065, "arr_date_time": "2023-02-13T05:27:45-05:00", "end_time": 1676284365, "end_date_time": "2023-02-13T05:32:45-05:00", "waiting_time": 0, "distance": 482, "driving_time": 465, "preparation_time": 0, "load_before": [0], "load_after": [0]}, {"type": "service", "id": "1300042010_09", "location_id": "1300042010", "address": {"location_id": "1300042010", "lat": 42.31953206, "lon": -71.07365816}, "arr_time": 1676284368, "arr_date_time": "2023-02-13T05:32:48-05:00", "end_time": 1676284668, "end_date_time": "2023-02-13T05:37:48-05:00", "waiting_time": 0, "distance": 485, "driving_time": 468, "preparation_time": 0, "load_before": [0], "load_after": [0]}, {"type": "service", "id": "1300142010_29", "location_id": "1300142010", "address": {"location_id": "1300142010", "lat": 42.3191656, "lon": -71.07387028}, "arr_time": 1676284680, "arr_date_time": "2023-02-13T05:38:00-05:00", "end_time": 1676284980, "end_date_time": "2023-02-13T05:43:00-05:00", "waiting_time": 0, "distance": 497, "driving_time": 480, "preparation_time": 0, "load_before": [0], "load_after": [0]}, {"type": "service", "id": "1300041000_08", "location_id": "1300041000", "address": {"location_id": "1300041000", "lat": 42.31946407, "lon": -71.07354091}, "arr_time": 1676284980, "arr_date_time": "2023-02-13T05:43:00-05:00", "end_time": 1676285280, "end_date_time": "2023-02-13T05:48:00-05:00", "waiting_time": 0, "distance": 497, "driving_time": 480, "preparation_time": 0, "load_before": [0], "load_after": [0]}, {"type": "service", "id": "1300040000_07", "location_id": "1300040000", "address": {"location_id": "1300040000", "lat": 42.31944265, "lon": -71.07342192}, "arr_time": 1676285289, "arr_date_time": "2023-02-13T05:48:09-05:00", "end_time": 1676285589, "end_date_time": "2023-02-13T05:53:09-05:00", "waiting_time": 0, "distance": 506, "driving_time": 489, "preparation_time": 0, "load_before": [0], "load_after": [0]}, {"type": "service", "id": "1300039000_06", "location_id": "1300039000", "address": {"location_id": "1300039000", "lat": 42.31923089, "lon": -71.07336497}, "arr_time": 1676285607, "arr_date_time": "2023-02-13T05:53:27-05:00", "end_time": 1676285907, "end_date_time": "2023-02-13T05:58:27-05:00", "waiting_time": 0, "distance": 524, "driving_time": 507, "preparation_time": 0, "load_before": [0], "load_after": [0]}, {"type": "service", "id": "1300159010_32", "location_id": "1300159010", "address": {"location_id": "1300159010", "lat": 42.31904626, "lon": -71.07304466}, "arr_time": 1676285937, "arr_date_time": "2023-02-13T05:58:57-05:00", "end_time": 1676286237, "end_date_time": "2023-02-13T06:03:57-05:00", "waiting_time": 0, "distance": 557, "driving_time": 537, "preparation_time": 0, "load_before": [0], "load_after": [0]}, {"type": "service", "id": "1300088010_26", "location_id": "1300088010", "address": {"location_id": "1300088010", "lat": 42.31939036, "lon": -71.0732286}, "arr_time": 1676286248, "arr_date_time": "2023-02-13T06:04:08-05:00", "end_time": 1676286548, "end_date_time": "2023-02-13T06:09:08-05:00", "waiting_time": 0, "distance": 569, "driving_time": 548, "preparation_time": 0, "load_before": [0], "load_after": [0]}, {"type": "service", "id": "1300086010_25", "location_id": "1300086010", "address": {"location_id": "1300086010", "lat": 42.31943492, "lon": -71.07268111}, "arr_time": 1676286585, "arr_date_time": "2023-02-13T06:09:45-05:00", "end_time": 1676286885, "end_date_time": "2023-02-13T06:14:45-05:00", "waiting_time": 0, "distance": 608, "driving_time": 585, "preparation_time": 0, "load_before": [0], "load_after": [0]}, {"type": "service", "id": "1300083000_22", "location_id": "1300083000", "address": {"location_id": "1300083000", "lat": 42.31962247, "lon": -71.07311761}, "arr_time": 1676286967, "arr_date_time": "2023-02-13T06:16:07-05:00", "end_time": 1676287267, "end_date_time": "2023-02-13T06:21:07-05:00", "waiting_time": 0, "distance": 693, "driving_time": 667, "preparation_time": 0, "load_before": [0], "load_after": [0]}, {"type": "service", "id": "1300053010_15", "location_id": "1300053010", "address": {"location_id": "1300053010", "lat": 42.3198763, "lon": -71.07320494}, "arr_time": 1676287277, "arr_date_time": "2023-02-13T06:21:17-05:00", "end_time": 1676287577, "end_date_time": "2023-02-13T06:26:17-05:00", "waiting_time": 0, "distance": 704, "driving_time": 677, "preparation_time": 0, "load_before": [0], "load_after": [0]}, {"type": "service", "id": "1300084000_23", "location_id": "1300084000", "address": {"location_id": "1300084000", "lat": 42.3195631, "lon": -71.0730184}, "arr_time": 1676287599, "arr_date_time": "2023-02-13T06:26:39-05:00", "end_time": 1676287899, "end_date_time": "2023-02-13T06:31:39-05:00", "waiting_time": 0, "distance": 726, "driving_time": 699, "preparation_time": 0, "load_before": [0], "load_after": [0]}, {"type": "service", "id": "1300085010_24", "location_id": "1300085010", "address": {"location_id": "1300085010", "lat": 42.31949274, "lon": -71.07289828}, "arr_time": 1676287911, "arr_date_time": "2023-02-13T06:31:51-05:00", "end_time": 1676288211, "end_date_time": "2023-02-13T06:36:51-05:00", "waiting_time": 0, "distance": 739, "driving_time": 711, "preparation_time": 0, "load_before": [0], "load_after": [0]}, {"type": "service", "id": "1300077000_20", "location_id": "1300077000", "address": {"location_id": "1300077000", "lat": 42.3201561, "lon": -71.07248151}, "arr_time": 1676288356, "arr_date_time": "2023-02-13T06:39:16-05:00", "end_time": 1676288656, "end_date_time": "2023-02-13T06:44:16-05:00", "waiting_time": 0, "distance": 891, "driving_time": 856, "preparation_time": 0, "load_before": [0], "load_after": [0]}, {"type": "service", "id": "1300191010_33", "location_id": "1300191010", "address": {"location_id": "1300191010", "lat": 42.31875053, "lon": -71.07337862}, "arr_time": 1676288881, "arr_date_time": "2023-02-13T06:48:01-05:00", "end_time": 1676289181, "end_date_time": "2023-02-13T06:53:01-05:00", "waiting_time": 0, "distance": 1126, "driving_time": 1081, "preparation_time": 0, "load_before": [0], "load_after": [0]}, {"type": "service", "id": "1300193010_34", "location_id": "1300193010", "address": {"location_id": "1300193010", "lat": 42.31867152, "lon": -71.07321862}, "arr_time": 1676289233, "arr_date_time": "2023-02-13T06:53:53-05:00", "end_time": 1676289533, "end_date_time": "2023-02-13T06:58:53-05:00", "waiting_time": 0, "distance": 1180, "driving_time": 1133, "preparation_time": 0, "load_before": [0], "load_after": [0]}, {"type": "service", "id": "1300155010_31", "location_id": "1300155010", "address": {"location_id": "1300155010", "lat": 42.31889248, "lon": -71.07268327}, "arr_time": 1676289552, "arr_date_time": "2023-02-13T06:59:12-05:00", "end_time": 1676289852, "end_date_time": "2023-02-13T07:04:12-05:00", "waiting_time": 0, "distance": 1200, "driving_time": 1152, "preparation_time": 0, "load_before": [0], "load_after": [0]}, {"type": "service", "id": "1300195000_35", "location_id": "1300195000", "address": {"location_id": "1300195000", "lat": 42.31858021, "lon": -71.07291745}, "arr_time": 1676289857, "arr_date_time": "2023-02-13T07:04:17-05:00", "end_time": 1676290157, "end_date_time": "2023-02-13T07:09:17-05:00", "waiting_time": 0, "distance": 1206, "driving_time": 1157, "preparation_time": 0, "load_before": [0], "load_after": [0]}, {"type": "service", "id": "1300153010_30", "location_id": "1300153010", "address": {"location_id": "1300153010", "lat": 42.31881138, "lon": -71.07254621}, "arr_time": 1676290165, "arr_date_time": "2023-02-13T07:09:25-05:00", "end_time": 1676290465, "end_date_time": "2023-02-13T07:14:25-05:00", "waiting_time": 0, "distance": 1214, "driving_time": 1165, "preparation_time": 0, "load_before": [0], "load_after": [0]}, {"type": "service", "id": "1300215000_37", "location_id": "1300215000", "address": {"location_id": "1300215000", "lat": 42.31793634, "lon": -71.07183427}, "arr_time": 1676290621, "arr_date_time": "2023-02-13T07:17:01-05:00", "end_time": 1676290921, "end_date_time": "2023-02-13T07:22:01-05:00", "waiting_time": 0, "distance": 1377, "driving_time": 1321, "preparation_time": 0, "load_before": [0], "load_after": [0]}, {"type": "service", "id": "1300213000_36", "location_id": "1300213000", "address": {"location_id": "1300213000", "lat": 42.31790847, "lon": -71.07146748}, "arr_time": 1676290945, "arr_date_time": "2023-02-13T07:22:25-05:00", "end_time": 1676291245, "end_date_time": "2023-02-13T07:27:25-05:00", "waiting_time": 0, "distance": 1402, "driving_time": 1345, "preparation_time": 0, "load_before": [0], "load_after": [0]}, {"type": "service", "id": "1300251000_39", "location_id": "1300251000", "address": {"location_id": "1300251000", "lat": 42.31781198, "lon": -71.07046232}, "arr_time": 1676291379, "arr_date_time": "2023-02-13T07:29:39-05:00", "end_time": 1676291679, "end_date_time": "2023-02-13T07:34:39-05:00", "waiting_time": 0, "distance": 1540, "driving_time": 1479, "preparation_time": 0, "load_before": [0], "load_after": [0]}, {"type": "service", "id": "1300241000_38", "location_id": "1300241000", "address": {"location_id": "1300241000", "lat": 42.31844013, "lon": -71.07123307}, "arr_time": 1676291799, "arr_date_time": "2023-02-13T07:36:39-05:00", "end_time": 1676292099, "end_date_time": "2023-02-13T07:41:39-05:00", "waiting_time": 0, "distance": 1666, "driving_time": 1599, "preparation_time": 0, "load_before": [0], "load_after": [0]}, {"type": "service", "id": "1301061000_40", "location_id": "1301061000", "address": {"location_id": "1301061000", "lat": 42.31854223, "lon": -71.06967914}, "arr_time": 1676292232, "arr_date_time": "2023-02-13T07:43:52-05:00", "end_time": 1676292532, "end_date_time": "2023-02-13T07:48:52-05:00", "waiting_time": 0, "distance": 1805, "driving_time": 1732, "preparation_time": 0, "load_before": [0], "load_after": [0]}, {"type": "end", "location_id": "1300001000", "address": {"location_id": "1300001000", "lat": 42.32067589, "lon": -71.07383642}, "arr_time": 1676293091, "arr_date_time": "2023-02-13T07:58:11-05:00", "end_time": 1676293091, "end_date_time": "2023-02-13T07:58:11-05:00", "waiting_time": 0, "distance": 2387, "driving_time": 2291, "preparation_time": 0, "load_before": [0]}]}], "unassigned": {"services": [], "shipments": [], "breaks": [], "details": []}}}