{"copyrights": ["GraphHopper", "OpenStreetMap contributors"], "job_id": "f3c5be56-c161-4023-a52b-43cb6a7dc1af", "status": "finished", "waiting_time_in_queue": 0, "processing_time": 199, "solution": {"costs": 371, "distance": 3428, "time": 3284, "transport_time": 3284, "completion_time": 21284, "max_operation_time": 21284, "waiting_time": 0, "service_duration": 18000, "preparation_time": 0, "no_vehicles": 1, "no_unassigned": 0, "routes": [{"vehicle_id": "my_vehicle", "shift_id": "default-shift", "distance": 3428, "transport_time": 3284, "completion_time": 21284, "waiting_time": 0, "service_duration": 18000, "preparation_time": 0, "activities": [{"type": "start", "location_id": "1501967000", "address": {"location_id": "1501967000", "lat": 42.31100439, "lon": -71.069803}, "arr_time": 1676278800, "arr_date_time": "2023-02-13T04:00:00-05:00", "end_time": 1676278800, "end_date_time": "2023-02-13T04:00:00-05:00", "waiting_time": 0, "distance": 0, "driving_time": 0, "preparation_time": 0, "load_after": [0]}, {"type": "service", "id": "1501968000_51", "location_id": "1501968000", "address": {"location_id": "1501968000", "lat": 42.31085398, "lon": -71.06990921}, "arr_time": 1676278819, "arr_date_time": "2023-02-13T04:00:19-05:00", "end_time": 1676279119, "end_date_time": "2023-02-13T04:05:19-05:00", "waiting_time": 0, "distance": 19, "driving_time": 19, "preparation_time": 0, "load_before": [0], "load_after": [0]}, {"type": "service", "id": "1501945010_45", "location_id": "1501945010", "address": {"location_id": "1501945010", "lat": 42.3106886, "lon": -71.06957571}, "arr_time": 1676279121, "arr_date_time": "2023-02-13T04:05:21-05:00", "end_time": 1676279421, "end_date_time": "2023-02-13T04:10:21-05:00", "waiting_time": 0, "distance": 22, "driving_time": 21, "preparation_time": 0, "load_before": [0], "load_after": [0]}, {"type": "service", "id": "1501970000_52", "location_id": "1501970000", "address": {"location_id": "1501970000", "lat": 42.31073328, "lon": -71.07016667}, "arr_time": 1676279439, "arr_date_time": "2023-02-13T04:10:39-05:00", "end_time": 1676279739, "end_date_time": "2023-02-13T04:15:39-05:00", "waiting_time": 0, "distance": 40, "driving_time": 39, "preparation_time": 0, "load_before": [0], "load_after": [0]}, {"type": "service", "id": "1501973010_53", "location_id": "1501973010", "address": {"location_id": "1501973010", "lat": 42.31047877, "lon": -71.07040046}, "arr_time": 1676279772, "arr_date_time": "2023-02-13T04:16:12-05:00", "end_time": 1676280072, "end_date_time": "2023-02-13T04:21:12-05:00", "waiting_time": 0, "distance": 75, "driving_time": 72, "preparation_time": 0, "load_before": [0], "load_after": [0]}, {"type": "service", "id": "1501940000_44", "location_id": "1501940000", "address": {"location_id": "1501940000", "lat": 42.31004893, "lon": -71.07005655}, "arr_time": 1676280099, "arr_date_time": "2023-02-13T04:21:39-05:00", "end_time": 1676280399, "end_date_time": "2023-02-13T04:26:39-05:00", "waiting_time": 0, "distance": 103, "driving_time": 99, "preparation_time": 0, "load_before": [0], "load_after": [0]}, {"type": "service", "id": "1501978000_54", "location_id": "1501978000", "address": {"location_id": "1501978000", "lat": 42.31003823, "lon": -71.07079041}, "arr_time": 1676280428, "arr_date_time": "2023-02-13T04:27:08-05:00", "end_time": 1676280728, "end_date_time": "2023-02-13T04:32:08-05:00", "waiting_time": 0, "distance": 134, "driving_time": 128, "preparation_time": 0, "load_before": [0], "load_after": [0]}, {"type": "service", "id": "1501979000_55", "location_id": "1501979000", "address": {"location_id": "1501979000", "lat": 42.30997658, "lon": -71.07092224}, "arr_time": 1676280739, "arr_date_time": "2023-02-13T04:32:19-05:00", "end_time": 1676281039, "end_date_time": "2023-02-13T04:37:19-05:00", "waiting_time": 0, "distance": 145, "driving_time": 139, "preparation_time": 0, "load_before": [0], "load_after": [0]}, {"type": "service", "id": "1501981000_56", "location_id": "1501981000", "address": {"location_id": "1501981000", "lat": 42.30969021, "lon": -71.07088229}, "arr_time": 1676281064, "arr_date_time": "2023-02-13T04:37:44-05:00", "end_time": 1676281364, "end_date_time": "2023-02-13T04:42:44-05:00", "waiting_time": 0, "distance": 171, "driving_time": 164, "preparation_time": 0, "load_before": [0], "load_after": [0]}, {"type": "service", "id": "1501935000_43", "location_id": "1501935000", "address": {"location_id": "1501935000", "lat": 42.30934632, "lon": -71.07047998}, "arr_time": 1676281380, "arr_date_time": "2023-02-13T04:43:00-05:00", "end_time": 1676281680, "end_date_time": "2023-02-13T04:48:00-05:00", "waiting_time": 0, "distance": 188, "driving_time": 180, "preparation_time": 0, "load_before": [0], "load_after": [0]}, {"type": "service", "id": "1501987000_57", "location_id": "1501987000", "address": {"location_id": "1501987000", "lat": 42.30988917, "lon": -71.07144702}, "arr_time": 1676281791, "arr_date_time": "2023-02-13T04:49:51-05:00", "end_time": 1676282091, "end_date_time": "2023-02-13T04:54:51-05:00", "waiting_time": 0, "distance": 304, "driving_time": 291, "preparation_time": 0, "load_before": [0], "load_after": [0]}, {"type": "service", "id": "1501988000_58", "location_id": "1501988000", "address": {"location_id": "1501988000", "lat": 42.30994649, "lon": -71.0716279}, "arr_time": 1676282105, "arr_date_time": "2023-02-13T04:55:05-05:00", "end_time": 1676282405, "end_date_time": "2023-02-13T05:00:05-05:00", "waiting_time": 0, "distance": 319, "driving_time": 305, "preparation_time": 0, "load_before": [0], "load_after": [0]}, {"type": "service", "id": "1501931000_42", "location_id": "1501931000", "address": {"location_id": "1501931000", "lat": 42.30889236, "lon": -71.07025469}, "arr_time": 1676282560, "arr_date_time": "2023-02-13T05:02:40-05:00", "end_time": 1676282860, "end_date_time": "2023-02-13T05:07:40-05:00", "waiting_time": 0, "distance": 480, "driving_time": 460, "preparation_time": 0, "load_before": [0], "load_after": [0]}, {"type": "service", "id": "1501930000_41", "location_id": "1501930000", "address": {"location_id": "1501930000", "lat": 42.30873025, "lon": -71.06997866}, "arr_time": 1676282888, "arr_date_time": "2023-02-13T05:08:08-05:00", "end_time": 1676283188, "end_date_time": "2023-02-13T05:13:08-05:00", "waiting_time": 0, "distance": 509, "driving_time": 488, "preparation_time": 0, "load_before": [0], "load_after": [0]}, {"type": "service", "id": "1501845000_24", "location_id": "1501845000", "address": {"location_id": "1501845000", "lat": 42.30822816, "lon": -71.06866245}, "arr_time": 1676283335, "arr_date_time": "2023-02-13T05:15:35-05:00", "end_time": 1676283635, "end_date_time": "2023-02-13T05:20:35-05:00", "waiting_time": 0, "distance": 661, "driving_time": 635, "preparation_time": 0, "load_before": [0], "load_after": [0]}, {"type": "service", "id": "1501847000_25", "location_id": "1501847000", "address": {"location_id": "1501847000", "lat": 42.30845015, "lon": -71.06836262}, "arr_time": 1676283668, "arr_date_time": "2023-02-13T05:21:08-05:00", "end_time": 1676283968, "end_date_time": "2023-02-13T05:26:08-05:00", "waiting_time": 0, "distance": 696, "driving_time": 668, "preparation_time": 0, "load_before": [0], "load_after": [0]}, {"type": "service", "id": "1501848000_26", "location_id": "1501848000", "address": {"location_id": "1501848000", "lat": 42.30852755, "lon": -71.06825746}, "arr_time": 1676283980, "arr_date_time": "2023-02-13T05:26:20-05:00", "end_time": 1676284280, "end_date_time": "2023-02-13T05:31:20-05:00", "waiting_time": 0, "distance": 708, "driving_time": 680, "preparation_time": 0, "load_before": [0], "load_after": [0]}, {"type": "service", "id": "1501850000_27", "location_id": "1501850000", "address": {"location_id": "1501850000", "lat": 42.3087108, "lon": -71.06800592}, "arr_time": 1676284308, "arr_date_time": "2023-02-13T05:31:48-05:00", "end_time": 1676284608, "end_date_time": "2023-02-13T05:36:48-05:00", "waiting_time": 0, "distance": 737, "driving_time": 708, "preparation_time": 0, "load_before": [0], "load_after": [0]}, {"type": "service", "id": "1501853000_28", "location_id": "1501853000", "address": {"location_id": "1501853000", "lat": 42.30897696, "lon": -71.06764398}, "arr_time": 1676284648, "arr_date_time": "2023-02-13T05:37:28-05:00", "end_time": 1676284948, "end_date_time": "2023-02-13T05:42:28-05:00", "waiting_time": 0, "distance": 779, "driving_time": 748, "preparation_time": 0, "load_before": [0], "load_after": [0]}, {"type": "service", "id": "1501857010_29", "location_id": "1501857010", "address": {"location_id": "1501857010", "lat": 42.30907381, "lon": -71.06731737}, "arr_time": 1676285027, "arr_date_time": "2023-02-13T05:43:47-05:00", "end_time": 1676285327, "end_date_time": "2023-02-13T05:48:47-05:00", "waiting_time": 0, "distance": 861, "driving_time": 827, "preparation_time": 0, "load_before": [0], "load_after": [0]}, {"type": "service", "id": "1501822000_19", "location_id": "1501822000", "address": {"location_id": "1501822000", "lat": 42.30884054, "lon": -71.06713197}, "arr_time": 1676285341, "arr_date_time": "2023-02-13T05:49:01-05:00", "end_time": 1676285641, "end_date_time": "2023-02-13T05:54:01-05:00", "waiting_time": 0, "distance": 877, "driving_time": 841, "preparation_time": 0, "load_before": [0], "load_after": [0]}, {"type": "service", "id": "1501861010_30", "location_id": "1501861010", "address": {"location_id": "1501861010", "lat": 42.30941708, "lon": -71.0672189}, "arr_time": 1676285707, "arr_date_time": "2023-02-13T05:55:07-05:00", "end_time": 1676286007, "end_date_time": "2023-02-13T06:00:07-05:00", "waiting_time": 0, "distance": 945, "driving_time": 907, "preparation_time": 0, "load_before": [0], "load_after": [0]}, {"type": "service", "id": "1501864000_31", "location_id": "1501864000", "address": {"location_id": "1501864000", "lat": 42.30952514, "lon": -71.06695346}, "arr_time": 1676286068, "arr_date_time": "2023-02-13T06:01:08-05:00", "end_time": 1676286368, "end_date_time": "2023-02-13T06:06:08-05:00", "waiting_time": 0, "distance": 1009, "driving_time": 968, "preparation_time": 0, "load_before": [0], "load_after": [0]}, {"type": "service", "id": "1501865000_32", "location_id": "1501865000", "address": {"location_id": "1501865000", "lat": 42.30943771, "lon": -71.0668778}, "arr_time": 1676286379, "arr_date_time": "2023-02-13T06:06:19-05:00", "end_time": 1676286679, "end_date_time": "2023-02-13T06:11:19-05:00", "waiting_time": 0, "distance": 1020, "driving_time": 979, "preparation_time": 0, "load_before": [0], "load_after": [0]}, {"type": "service", "id": "1501866000_33", "location_id": "1501866000", "address": {"location_id": "1501866000", "lat": 42.30936652, "lon": -71.06678363}, "arr_time": 1676286689, "arr_date_time": "2023-02-13T06:11:29-05:00", "end_time": 1676286989, "end_date_time": "2023-02-13T06:16:29-05:00", "waiting_time": 0, "distance": 1031, "driving_time": 989, "preparation_time": 0, "load_before": [0], "load_after": [0]}, {"type": "service", "id": "1501818000_17", "location_id": "1501818000", "address": {"location_id": "1501818000", "lat": 42.30914462, "lon": -71.06658564}, "arr_time": 1676287048, "arr_date_time": "2023-02-13T06:17:28-05:00", "end_time": 1676287348, "end_date_time": "2023-02-13T06:22:28-05:00", "waiting_time": 0, "distance": 1092, "driving_time": 1048, "preparation_time": 0, "load_before": [0], "load_after": [0]}, {"type": "service", "id": "1501819000_18", "location_id": "1501819000", "address": {"location_id": "1501819000", "lat": 42.30907206, "lon": -71.06678185}, "arr_time": 1676287364, "arr_date_time": "2023-02-13T06:22:44-05:00", "end_time": 1676287664, "end_date_time": "2023-02-13T06:27:44-05:00", "waiting_time": 0, "distance": 1109, "driving_time": 1064, "preparation_time": 0, "load_before": [0], "load_after": [0]}, {"type": "service", "id": "1501823000_20", "location_id": "1501823000", "address": {"location_id": "1501823000", "lat": 42.30877078, "lon": -71.06727258}, "arr_time": 1676287715, "arr_date_time": "2023-02-13T06:28:35-05:00", "end_time": 1676288015, "end_date_time": "2023-02-13T06:33:35-05:00", "waiting_time": 0, "distance": 1161, "driving_time": 1115, "preparation_time": 0, "load_before": [0], "load_after": [0]}, {"type": "service", "id": "1501810000_16", "location_id": "1501810000", "address": {"location_id": "1501810000", "lat": 42.30825603, "lon": -71.0671185}, "arr_time": 1676288045, "arr_date_time": "2023-02-13T06:34:05-05:00", "end_time": 1676288345, "end_date_time": "2023-02-13T06:39:05-05:00", "waiting_time": 0, "distance": 1192, "driving_time": 1145, "preparation_time": 0, "load_before": [0], "load_after": [0]}, {"type": "service", "id": "1501809000_15", "location_id": "1501809000", "address": {"location_id": "1501809000", "lat": 42.30817457, "lon": -71.06723361}, "arr_time": 1676288357, "arr_date_time": "2023-02-13T06:39:17-05:00", "end_time": 1676288657, "end_date_time": "2023-02-13T06:44:17-05:00", "waiting_time": 0, "distance": 1205, "driving_time": 1157, "preparation_time": 0, "load_before": [0], "load_after": [0]}, {"type": "service", "id": "1501827000_21", "location_id": "1501827000", "address": {"location_id": "1501827000", "lat": 42.30848752, "lon": -71.06766936}, "arr_time": 1676288659, "arr_date_time": "2023-02-13T06:44:19-05:00", "end_time": 1676288959, "end_date_time": "2023-02-13T06:49:19-05:00", "waiting_time": 0, "distance": 1207, "driving_time": 1159, "preparation_time": 0, "load_before": [0], "load_after": [0]}, {"type": "service", "id": "1501804000_14", "location_id": "1501804000", "address": {"location_id": "1501804000", "lat": 42.30780458, "lon": -71.0677274}, "arr_time": 1676289013, "arr_date_time": "2023-02-13T06:50:13-05:00", "end_time": 1676289313, "end_date_time": "2023-02-13T06:55:13-05:00", "waiting_time": 0, "distance": 1264, "driving_time": 1213, "preparation_time": 0, "load_before": [0], "load_after": [0]}, {"type": "service", "id": "1501832010_22", "location_id": "1501832010", "address": {"location_id": "1501832010", "lat": 42.30805407, "lon": -71.06815743}, "arr_time": 1676289317, "arr_date_time": "2023-02-13T06:55:17-05:00", "end_time": 1676289617, "end_date_time": "2023-02-13T07:00:17-05:00", "waiting_time": 0, "distance": 1269, "driving_time": 1217, "preparation_time": 0, "load_before": [0], "load_after": [0]}, {"type": "service", "id": "1501802000_13", "location_id": "1501802000", "address": {"location_id": "1501802000", "lat": 42.30765932, "lon": -71.06791995}, "arr_time": 1676289635, "arr_date_time": "2023-02-13T07:00:35-05:00", "end_time": 1676289935, "end_date_time": "2023-02-13T07:05:35-05:00", "waiting_time": 0, "distance": 1287, "driving_time": 1235, "preparation_time": 0, "load_before": [0], "load_after": [0]}, {"type": "service", "id": "1501801010_12", "location_id": "1501801010", "address": {"location_id": "1501801010", "lat": 42.30757705, "lon": -71.06807967}, "arr_time": 1676289949, "arr_date_time": "2023-02-13T07:05:49-05:00", "end_time": 1676290249, "end_date_time": "2023-02-13T07:10:49-05:00", "waiting_time": 0, "distance": 1303, "driving_time": 1249, "preparation_time": 0, "load_before": [0], "load_after": [0]}, {"type": "service", "id": "1501840000_23", "location_id": "1501840000", "address": {"location_id": "1501840000", "lat": 42.30778435, "lon": -71.0687229}, "arr_time": 1676290325, "arr_date_time": "2023-02-13T07:12:05-05:00", "end_time": 1676290625, "end_date_time": "2023-02-13T07:17:05-05:00", "waiting_time": 0, "distance": 1382, "driving_time": 1325, "preparation_time": 0, "load_before": [0], "load_after": [0]}, {"type": "service", "id": "1501795010_11", "location_id": "1501795010", "address": {"location_id": "1501795010", "lat": 42.30717541, "lon": -71.06788697}, "arr_time": 1676290755, "arr_date_time": "2023-02-13T07:19:15-05:00", "end_time": 1676291055, "end_date_time": "2023-02-13T07:24:15-05:00", "waiting_time": 0, "distance": 1517, "driving_time": 1455, "preparation_time": 0, "load_before": [0], "load_after": [0]}, {"type": "service", "id": "1501793000_10", "location_id": "1501793000", "address": {"location_id": "1501793000", "lat": 42.30739265, "lon": -71.06771381}, "arr_time": 1676291081, "arr_date_time": "2023-02-13T07:24:41-05:00", "end_time": 1676291381, "end_date_time": "2023-02-13T07:29:41-05:00", "waiting_time": 0, "distance": 1544, "driving_time": 1481, "preparation_time": 0, "load_before": [0], "load_after": [0]}, {"type": "service", "id": "1501753000_01", "location_id": "1501753000", "address": {"location_id": "1501753000", "lat": 42.30718372, "lon": -71.06724227}, "arr_time": 1676291392, "arr_date_time": "2023-02-13T07:29:52-05:00", "end_time": 1676291692, "end_date_time": "2023-02-13T07:34:52-05:00", "waiting_time": 0, "distance": 1555, "driving_time": 1492, "preparation_time": 0, "load_before": [0], "load_after": [0]}, {"type": "service", "id": "1501790000_09", "location_id": "1501790000", "address": {"location_id": "1501790000", "lat": 42.30750416, "lon": -71.06755728}, "arr_time": 1676291699, "arr_date_time": "2023-02-13T07:34:59-05:00", "end_time": 1676291999, "end_date_time": "2023-02-13T07:39:59-05:00", "waiting_time": 0, "distance": 1562, "driving_time": 1499, "preparation_time": 0, "load_before": [0], "load_after": [0]}, {"type": "service", "id": "1501785000_08", "location_id": "1501785000", "address": {"location_id": "1501785000", "lat": 42.30769419, "lon": -71.06730624}, "arr_time": 1676292027, "arr_date_time": "2023-02-13T07:40:27-05:00", "end_time": 1676292327, "end_date_time": "2023-02-13T07:45:27-05:00", "waiting_time": 0, "distance": 1592, "driving_time": 1527, "preparation_time": 0, "load_before": [0], "load_after": [0]}, {"type": "service", "id": "1501783000_07", "location_id": "1501783000", "address": {"location_id": "1501783000", "lat": 42.30776676, "lon": -71.06720615}, "arr_time": 1676292337, "arr_date_time": "2023-02-13T07:45:37-05:00", "end_time": 1676292637, "end_date_time": "2023-02-13T07:50:37-05:00", "waiting_time": 0, "distance": 1604, "driving_time": 1537, "preparation_time": 0, "load_before": [0], "load_after": [0]}, {"type": "service", "id": "1501782000_06", "location_id": "1501782000", "address": {"location_id": "1501782000", "lat": 42.30780538, "lon": -71.0671538}, "arr_time": 1676292643, "arr_date_time": "2023-02-13T07:50:43-05:00", "end_time": 1676292943, "end_date_time": "2023-02-13T07:55:43-05:00", "waiting_time": 0, "distance": 1610, "driving_time": 1543, "preparation_time": 0, "load_before": [0], "load_after": [0]}, {"type": "service", "id": "1501773000_05", "location_id": "1501773000", "address": {"location_id": "1501773000", "lat": 42.30814407, "lon": -71.06670039}, "arr_time": 1676292993, "arr_date_time": "2023-02-13T07:56:33-05:00", "end_time": 1676293293, "end_date_time": "2023-02-13T08:01:33-05:00", "waiting_time": 0, "distance": 1663, "driving_time": 1593, "preparation_time": 0, "load_before": [0], "load_after": [0]}, {"type": "service", "id": "1501772000_04", "location_id": "1501772000", "address": {"location_id": "1501772000", "lat": 42.30818094, "lon": -71.06664879}, "arr_time": 1676293299, "arr_date_time": "2023-02-13T08:01:39-05:00", "end_time": 1676293599, "end_date_time": "2023-02-13T08:06:39-05:00", "waiting_time": 0, "distance": 1669, "driving_time": 1599, "preparation_time": 0, "load_before": [0], "load_after": [0]}, {"type": "service", "id": "1501757000_03", "location_id": "1501757000", "address": {"location_id": "1501757000", "lat": 42.30836047, "lon": -71.06581425}, "arr_time": 1676293659, "arr_date_time": "2023-02-13T08:07:39-05:00", "end_time": 1676293959, "end_date_time": "2023-02-13T08:12:39-05:00", "waiting_time": 0, "distance": 1732, "driving_time": 1659, "preparation_time": 0, "load_before": [0], "load_after": [0]}, {"type": "service", "id": "1501755000_02", "location_id": "1501755000", "address": {"location_id": "1501755000", "lat": 42.30806335, "lon": -71.06607204}, "arr_time": 1676294275, "arr_date_time": "2023-02-13T08:17:55-05:00", "end_time": 1676294575, "end_date_time": "2023-02-13T08:22:55-05:00", "waiting_time": 0, "distance": 2061, "driving_time": 1975, "preparation_time": 0, "load_before": [0], "load_after": [0]}, {"type": "service", "id": "1501910000_37", "location_id": "1501910000", "address": {"location_id": "1501910000", "lat": 42.30995757, "lon": -71.06840729}, "arr_time": 1676295171, "arr_date_time": "2023-02-13T08:32:51-05:00", "end_time": 1676295471, "end_date_time": "2023-02-13T08:37:51-05:00", "waiting_time": 0, "distance": 2682, "driving_time": 2571, "preparation_time": 0, "load_before": [0], "load_after": [0]}, {"type": "service", "id": "1501899000_36", "location_id": "1501899000", "address": {"location_id": "1501899000", "lat": 42.30954426, "lon": -71.06816712}, "arr_time": 1676295500, "arr_date_time": "2023-02-13T08:38:20-05:00", "end_time": 1676295800, "end_date_time": "2023-02-13T08:43:20-05:00", "waiting_time": 0, "distance": 2713, "driving_time": 2600, "preparation_time": 0, "load_before": [0], "load_after": [0]}, {"type": "service", "id": "1501895010_35", "location_id": "1501895010", "address": {"location_id": "1501895010", "lat": 42.30911066, "lon": -71.0685978}, "arr_time": 1676295849, "arr_date_time": "2023-02-13T08:44:09-05:00", "end_time": 1676296149, "end_date_time": "2023-02-13T08:49:09-05:00", "waiting_time": 0, "distance": 2765, "driving_time": 2649, "preparation_time": 0, "load_before": [0], "load_after": [0]}, {"type": "service", "id": "1501894000_34", "location_id": "1501894000", "address": {"location_id": "1501894000", "lat": 42.3090243, "lon": -71.0687464}, "arr_time": 1676296169, "arr_date_time": "2023-02-13T08:49:29-05:00", "end_time": 1676296469, "end_date_time": "2023-02-13T08:54:29-05:00", "waiting_time": 0, "distance": 2786, "driving_time": 2669, "preparation_time": 0, "load_before": [0], "load_after": [0]}, {"type": "service", "id": "1501913000_38", "location_id": "1501913000", "address": {"location_id": "1501913000", "lat": 42.30959865, "lon": -71.06864552}, "arr_time": 1676296533, "arr_date_time": "2023-02-13T08:55:33-05:00", "end_time": 1676296833, "end_date_time": "2023-02-13T09:00:33-05:00", "waiting_time": 0, "distance": 2853, "driving_time": 2733, "preparation_time": 0, "load_before": [0], "load_after": [0]}, {"type": "service", "id": "1501914000_39", "location_id": "1501914000", "address": {"location_id": "1501914000", "lat": 42.30967983, "lon": -71.06888555}, "arr_time": 1676296855, "arr_date_time": "2023-02-13T09:00:55-05:00", "end_time": 1676297155, "end_date_time": "2023-02-13T09:05:55-05:00", "waiting_time": 0, "distance": 2875, "driving_time": 2755, "preparation_time": 0, "load_before": [0], "load_after": [0]}, {"type": "service", "id": "1501954000_50", "location_id": "1501954000", "address": {"location_id": "1501954000", "lat": 42.30991891, "lon": -71.06963146}, "arr_time": 1676297203, "arr_date_time": "2023-02-13T09:06:43-05:00", "end_time": 1676297503, "end_date_time": "2023-02-13T09:11:43-05:00", "waiting_time": 0, "distance": 2926, "driving_time": 2803, "preparation_time": 0, "load_before": [0], "load_after": [0]}, {"type": "service", "id": "1501915000_40", "location_id": "1501915000", "address": {"location_id": "1501915000", "lat": 42.30982433, "lon": -71.0690638}, "arr_time": 1676297512, "arr_date_time": "2023-02-13T09:11:52-05:00", "end_time": 1676297812, "end_date_time": "2023-02-13T09:16:52-05:00", "waiting_time": 0, "distance": 2936, "driving_time": 2812, "preparation_time": 0, "load_before": [0], "load_after": [0]}, {"type": "service", "id": "1501951000_49", "location_id": "1501951000", "address": {"location_id": "1501951000", "lat": 42.31023595, "lon": -71.0693292}, "arr_time": 1676297843, "arr_date_time": "2023-02-13T09:17:23-05:00", "end_time": 1676298143, "end_date_time": "2023-02-13T09:22:23-05:00", "waiting_time": 0, "distance": 2969, "driving_time": 2843, "preparation_time": 0, "load_before": [0], "load_after": [0]}, {"type": "service", "id": "1501950000_48", "location_id": "1501950000", "address": {"location_id": "1501950000", "lat": 42.31038922, "lon": -71.06932934}, "arr_time": 1676298157, "arr_date_time": "2023-02-13T09:22:37-05:00", "end_time": 1676298457, "end_date_time": "2023-02-13T09:27:37-05:00", "waiting_time": 0, "distance": 2984, "driving_time": 2857, "preparation_time": 0, "load_before": [0], "load_after": [0]}, {"type": "service", "id": "1501947001_47", "location_id": "1501947001", "address": {"location_id": "1501947001", "lat": 42.31059874, "lon": -71.06904738}, "arr_time": 1676298487, "arr_date_time": "2023-02-13T09:28:07-05:00", "end_time": 1676298787, "end_date_time": "2023-02-13T09:33:07-05:00", "waiting_time": 0, "distance": 3015, "driving_time": 2887, "preparation_time": 0, "load_before": [0], "load_after": [0]}, {"type": "service", "id": "1501945020_46", "location_id": "1501945020", "address": {"location_id": "1501945020", "lat": 42.31086474, "lon": -71.06946035}, "arr_time": 1676298871, "arr_date_time": "2023-02-13T09:34:31-05:00", "end_time": 1676299171, "end_date_time": "2023-02-13T09:39:31-05:00", "waiting_time": 0, "distance": 3102, "driving_time": 2971, "preparation_time": 0, "load_before": [0], "load_after": [0]}, {"type": "service", "id": "1501998000_60", "location_id": "1501998000", "address": {"location_id": "1501998000", "lat": 42.31065042, "lon": -71.07077435}, "arr_time": 1676299317, "arr_date_time": "2023-02-13T09:41:57-05:00", "end_time": 1676299617, "end_date_time": "2023-02-13T09:46:57-05:00", "waiting_time": 0, "distance": 3255, "driving_time": 3117, "preparation_time": 0, "load_before": [0], "load_after": [0]}, {"type": "service", "id": "1501997000_59", "location_id": "1501997000", "address": {"location_id": "1501997000", "lat": 42.3105725, "lon": -71.07087877}, "arr_time": 1676299629, "arr_date_time": "2023-02-13T09:47:09-05:00", "end_time": 1676299929, "end_date_time": "2023-02-13T09:52:09-05:00", "waiting_time": 0, "distance": 3267, "driving_time": 3129, "preparation_time": 0, "load_before": [0], "load_after": [0]}, {"type": "end", "location_id": "1501967000", "address": {"location_id": "1501967000", "lat": 42.31100439, "lon": -71.069803}, "arr_time": 1676300084, "arr_date_time": "2023-02-13T09:54:44-05:00", "end_time": 1676300084, "end_date_time": "2023-02-13T09:54:44-05:00", "waiting_time": 0, "distance": 3428, "driving_time": 3284, "preparation_time": 0, "load_before": [0]}]}], "unassigned": {"services": [], "shipments": [], "breaks": [], "details": []}}}