{"copyrights": ["GraphHopper", "OpenStreetMap contributors"], "job_id": "992e15ea-0b1b-4e2b-ab61-965ae5ed0d99", "status": "finished", "waiting_time_in_queue": 0, "processing_time": 136, "solution": {"costs": 348, "distance": 1985, "time": 1905, "transport_time": 1905, "completion_time": 18405, "max_operation_time": 18405, "waiting_time": 0, "service_duration": 16500, "preparation_time": 0, "no_vehicles": 1, "no_unassigned": 0, "routes": [{"vehicle_id": "my_vehicle", "shift_id": "default-shift", "distance": 1985, "transport_time": 1905, "completion_time": 18405, "waiting_time": 0, "service_duration": 16500, "preparation_time": 0, "activities": [{"type": "start", "location_id": "1501003000", "address": {"location_id": "1501003000", "lat": 42.3045636, "lon": -71.06888966}, "arr_time": 1676278800, "arr_date_time": "2023-02-13T04:00:00-05:00", "end_time": 1676278800, "end_date_time": "2023-02-13T04:00:00-05:00", "waiting_time": 0, "distance": 0, "driving_time": 0, "preparation_time": 0, "load_after": [0]}, {"type": "service", "id": "1500995000_39", "location_id": "1500995000", "address": {"location_id": "1500995000", "lat": 42.30391691, "lon": -71.06980413}, "arr_time": 1676278960, "arr_date_time": "2023-02-13T04:02:40-05:00", "end_time": 1676279260, "end_date_time": "2023-02-13T04:07:40-05:00", "waiting_time": 0, "distance": 167, "driving_time": 160, "preparation_time": 0, "load_before": [0], "load_after": [0]}, {"type": "service", "id": "1500950000_17", "location_id": "1500950000", "address": {"location_id": "1500950000", "lat": 42.30370656, "lon": -71.070405}, "arr_time": 1676279307, "arr_date_time": "2023-02-13T04:08:27-05:00", "end_time": 1676279607, "end_date_time": "2023-02-13T04:13:27-05:00", "waiting_time": 0, "distance": 215, "driving_time": 207, "preparation_time": 0, "load_before": [0], "load_after": [0]}, {"type": "service", "id": "1500949000_16", "location_id": "1500949000", "address": {"location_id": "1500949000", "lat": 42.30366797, "lon": -71.0705187}, "arr_time": 1676279616, "arr_date_time": "2023-02-13T04:13:36-05:00", "end_time": 1676279916, "end_date_time": "2023-02-13T04:18:36-05:00", "waiting_time": 0, "distance": 225, "driving_time": 216, "preparation_time": 0, "load_before": [0], "load_after": [0]}, {"type": "service", "id": "1500948010_15", "location_id": "1500948010", "address": {"location_id": "1500948010", "lat": 42.30359337, "lon": -71.07067505}, "arr_time": 1676279931, "arr_date_time": "2023-02-13T04:18:51-05:00", "end_time": 1676280231, "end_date_time": "2023-02-13T04:23:51-05:00", "waiting_time": 0, "distance": 240, "driving_time": 231, "preparation_time": 0, "load_before": [0], "load_after": [0]}, {"type": "service", "id": "1500946000_14", "location_id": "1500946000", "address": {"location_id": "1500946000", "lat": 42.30354267, "lon": -71.07085183}, "arr_time": 1676280245, "arr_date_time": "2023-02-13T04:24:05-05:00", "end_time": 1676280545, "end_date_time": "2023-02-13T04:29:05-05:00", "waiting_time": 0, "distance": 256, "driving_time": 245, "preparation_time": 0, "load_before": [0], "load_after": [0]}, {"type": "service", "id": "1500952020_18", "location_id": "1500952020", "address": {"location_id": "1500952020", "lat": 42.3035278, "lon": -71.07021927}, "arr_time": 1676280645, "arr_date_time": "2023-02-13T04:30:45-05:00", "end_time": 1676280945, "end_date_time": "2023-02-13T04:35:45-05:00", "waiting_time": 0, "distance": 361, "driving_time": 345, "preparation_time": 0, "load_before": [0], "load_after": [0]}, {"type": "service", "id": "1500989010_38", "location_id": "1500989010", "address": {"location_id": "1500989010", "lat": 42.30352959, "lon": -71.06976522}, "arr_time": 1676280961, "arr_date_time": "2023-02-13T04:36:01-05:00", "end_time": 1676281261, "end_date_time": "2023-02-13T04:41:01-05:00", "waiting_time": 0, "distance": 377, "driving_time": 361, "preparation_time": 0, "load_before": [0], "load_after": [0]}, {"type": "service", "id": "1500968000_28", "location_id": "1500968000", "address": {"location_id": "1500968000", "lat": 42.30321371, "lon": -71.06969869}, "arr_time": 1676281284, "arr_date_time": "2023-02-13T04:41:24-05:00", "end_time": 1676281584, "end_date_time": "2023-02-13T04:46:24-05:00", "waiting_time": 0, "distance": 401, "driving_time": 384, "preparation_time": 0, "load_before": [0], "load_after": [0]}, {"type": "service", "id": "1500966000_27", "location_id": "1500966000", "address": {"location_id": "1500966000", "lat": 42.30314983, "lon": -71.06998354}, "arr_time": 1676281607, "arr_date_time": "2023-02-13T04:46:47-05:00", "end_time": 1676281907, "end_date_time": "2023-02-13T04:51:47-05:00", "waiting_time": 0, "distance": 425, "driving_time": 407, "preparation_time": 0, "load_before": [0], "load_after": [0]}, {"type": "service", "id": "1500955000_19", "location_id": "1500955000", "address": {"location_id": "1500955000", "lat": 42.30341796, "lon": -71.07036366}, "arr_time": 1676281928, "arr_date_time": "2023-02-13T04:52:08-05:00", "end_time": 1676282228, "end_date_time": "2023-02-13T04:57:08-05:00", "waiting_time": 0, "distance": 447, "driving_time": 428, "preparation_time": 0, "load_before": [0], "load_after": [0]}, {"type": "service", "id": "1500964000_26", "location_id": "1500964000", "address": {"location_id": "1500964000", "lat": 42.30313222, "lon": -71.07030443}, "arr_time": 1676282232, "arr_date_time": "2023-02-13T04:57:12-05:00", "end_time": 1676282532, "end_date_time": "2023-02-13T05:02:12-05:00", "waiting_time": 0, "distance": 451, "driving_time": 432, "preparation_time": 0, "load_before": [0], "load_after": [0]}, {"type": "service", "id": "1500956010_20", "location_id": "1500956010", "address": {"location_id": "1500956010", "lat": 42.30338727, "lon": -71.07048958}, "arr_time": 1676282539, "arr_date_time": "2023-02-13T05:02:19-05:00", "end_time": 1676282839, "end_date_time": "2023-02-13T05:07:19-05:00", "waiting_time": 0, "distance": 458, "driving_time": 439, "preparation_time": 0, "load_before": [0], "load_after": [0]}, {"type": "service", "id": "1500957000_21", "location_id": "1500957000", "address": {"location_id": "1500957000", "lat": 42.30334987, "lon": -71.07064463}, "arr_time": 1676282852, "arr_date_time": "2023-02-13T05:07:32-05:00", "end_time": 1676283152, "end_date_time": "2023-02-13T05:12:32-05:00", "waiting_time": 0, "distance": 471, "driving_time": 452, "preparation_time": 0, "load_before": [0], "load_after": [0]}, {"type": "service", "id": "1500958000_22", "location_id": "1500958000", "address": {"location_id": "1500958000", "lat": 42.30331672, "lon": -71.07077169}, "arr_time": 1676283159, "arr_date_time": "2023-02-13T05:12:39-05:00", "end_time": 1676283459, "end_date_time": "2023-02-13T05:17:39-05:00", "waiting_time": 0, "distance": 478, "driving_time": 459, "preparation_time": 0, "load_before": [0], "load_after": [0]}, {"type": "service", "id": "1500959000_23", "location_id": "1500959000", "address": {"location_id": "1500959000", "lat": 42.30325121, "lon": -71.07092573}, "arr_time": 1676283493, "arr_date_time": "2023-02-13T05:18:13-05:00", "end_time": 1676283793, "end_date_time": "2023-02-13T05:23:13-05:00", "waiting_time": 0, "distance": 515, "driving_time": 493, "preparation_time": 0, "load_before": [0], "load_after": [0]}, {"type": "service", "id": "1500942000_13", "location_id": "1500942000", "address": {"location_id": "1500942000", "lat": 42.30275529, "lon": -71.07076593}, "arr_time": 1676283836, "arr_date_time": "2023-02-13T05:23:56-05:00", "end_time": 1676284136, "end_date_time": "2023-02-13T05:28:56-05:00", "waiting_time": 0, "distance": 560, "driving_time": 536, "preparation_time": 0, "load_before": [0], "load_after": [0]}, {"type": "service", "id": "1500962000_25", "location_id": "1500962000", "address": {"location_id": "1500962000", "lat": 42.30297815, "lon": -71.07042441}, "arr_time": 1676284143, "arr_date_time": "2023-02-13T05:29:03-05:00", "end_time": 1676284443, "end_date_time": "2023-02-13T05:34:03-05:00", "waiting_time": 0, "distance": 566, "driving_time": 543, "preparation_time": 0, "load_before": [0], "load_after": [0]}, {"type": "service", "id": "1500961000_24", "location_id": "1500961000", "address": {"location_id": "1500961000", "lat": 42.30297753, "lon": -71.07016304}, "arr_time": 1676284459, "arr_date_time": "2023-02-13T05:34:19-05:00", "end_time": 1676284759, "end_date_time": "2023-02-13T05:39:19-05:00", "waiting_time": 0, "distance": 583, "driving_time": 559, "preparation_time": 0, "load_before": [0], "load_after": [0]}, {"type": "service", "id": "1500930000_10", "location_id": "1500930000", "address": {"location_id": "1500930000", "lat": 42.3025239, "lon": -71.07023226}, "arr_time": 1676284788, "arr_date_time": "2023-02-13T05:39:48-05:00", "end_time": 1676285088, "end_date_time": "2023-02-13T05:44:48-05:00", "waiting_time": 0, "distance": 613, "driving_time": 588, "preparation_time": 0, "load_before": [0], "load_after": [0]}, {"type": "service", "id": "1500929000_09", "location_id": "1500929000", "address": {"location_id": "1500929000", "lat": 42.30247289, "lon": -71.07043386}, "arr_time": 1676285105, "arr_date_time": "2023-02-13T05:45:05-05:00", "end_time": 1676285405, "end_date_time": "2023-02-13T05:50:05-05:00", "waiting_time": 0, "distance": 630, "driving_time": 605, "preparation_time": 0, "load_before": [0], "load_after": [0]}, {"type": "service", "id": "1500925000_08", "location_id": "1500925000", "address": {"location_id": "1500925000", "lat": 42.30232536, "lon": -71.07114031}, "arr_time": 1676285463, "arr_date_time": "2023-02-13T05:51:03-05:00", "end_time": 1676285763, "end_date_time": "2023-02-13T05:56:03-05:00", "waiting_time": 0, "distance": 690, "driving_time": 663, "preparation_time": 0, "load_before": [0], "load_after": [0]}, {"type": "service", "id": "1500935000_12", "location_id": "1500935000", "address": {"location_id": "1500935000", "lat": 42.30259851, "lon": -71.0712944}, "arr_time": 1676285768, "arr_date_time": "2023-02-13T05:56:08-05:00", "end_time": 1676286068, "end_date_time": "2023-02-13T06:01:08-05:00", "waiting_time": 0, "distance": 696, "driving_time": 668, "preparation_time": 0, "load_before": [0], "load_after": [0]}, {"type": "service", "id": "1500923000_07", "location_id": "1500923000", "address": {"location_id": "1500923000", "lat": 42.30216074, "lon": -71.07143713}, "arr_time": 1676286116, "arr_date_time": "2023-02-13T06:01:56-05:00", "end_time": 1676286416, "end_date_time": "2023-02-13T06:06:56-05:00", "waiting_time": 0, "distance": 746, "driving_time": 716, "preparation_time": 0, "load_before": [0], "load_after": [0]}, {"type": "service", "id": "1500906000_01", "location_id": "1500906000", "address": {"location_id": "1500906000", "lat": 42.30187934, "lon": -71.07078626}, "arr_time": 1676286545, "arr_date_time": "2023-02-13T06:09:05-05:00", "end_time": 1676286845, "end_date_time": "2023-02-13T06:14:05-05:00", "waiting_time": 0, "distance": 880, "driving_time": 845, "preparation_time": 0, "load_before": [0], "load_after": [0]}, {"type": "service", "id": "1500918000_06", "location_id": "1500918000", "address": {"location_id": "1500918000", "lat": 42.3022086, "lon": -71.07071931}, "arr_time": 1676286860, "arr_date_time": "2023-02-13T06:14:20-05:00", "end_time": 1676287160, "end_date_time": "2023-02-13T06:19:20-05:00", "waiting_time": 0, "distance": 895, "driving_time": 860, "preparation_time": 0, "load_before": [0], "load_after": [0]}, {"type": "service", "id": "1500908000_02", "location_id": "1500908000", "address": {"location_id": "1500908000", "lat": 42.30195201, "lon": -71.07043011}, "arr_time": 1676287175, "arr_date_time": "2023-02-13T06:19:35-05:00", "end_time": 1676287475, "end_date_time": "2023-02-13T06:24:35-05:00", "waiting_time": 0, "distance": 910, "driving_time": 875, "preparation_time": 0, "load_before": [0], "load_after": [0]}, {"type": "service", "id": "1500909000_03", "location_id": "1500909000", "address": {"location_id": "1500909000", "lat": 42.30198593, "lon": -71.07026488}, "arr_time": 1676287488, "arr_date_time": "2023-02-13T06:24:48-05:00", "end_time": 1676287788, "end_date_time": "2023-02-13T06:29:48-05:00", "waiting_time": 0, "distance": 924, "driving_time": 888, "preparation_time": 0, "load_before": [0], "load_after": [0]}, {"type": "service", "id": "1500910000_04", "location_id": "1500910000", "address": {"location_id": "1500910000", "lat": 42.30201654, "lon": -71.07012023}, "arr_time": 1676287800, "arr_date_time": "2023-02-13T06:30:00-05:00", "end_time": 1676288100, "end_date_time": "2023-02-13T06:35:00-05:00", "waiting_time": 0, "distance": 936, "driving_time": 900, "preparation_time": 0, "load_before": [0], "load_after": [0]}, {"type": "service", "id": "1500912000_05", "location_id": "1500912000", "address": {"location_id": "1500912000", "lat": 42.30207254, "lon": -71.06985334}, "arr_time": 1676288121, "arr_date_time": "2023-02-13T06:35:21-05:00", "end_time": 1676288421, "end_date_time": "2023-02-13T06:40:21-05:00", "waiting_time": 0, "distance": 959, "driving_time": 921, "preparation_time": 0, "load_before": [0], "load_after": [0]}, {"type": "service", "id": "1501045000_53", "location_id": "1501045000", "address": {"location_id": "1501045000", "lat": 42.30220491, "lon": -71.06914547}, "arr_time": 1676288481, "arr_date_time": "2023-02-13T06:41:21-05:00", "end_time": 1676288781, "end_date_time": "2023-02-13T06:46:21-05:00", "waiting_time": 0, "distance": 1021, "driving_time": 981, "preparation_time": 0, "load_before": [0], "load_after": [0]}, {"type": "service", "id": "1501044000_52", "location_id": "1501044000", "address": {"location_id": "1501044000", "lat": 42.30214005, "lon": -71.06894618}, "arr_time": 1676288797, "arr_date_time": "2023-02-13T06:46:37-05:00", "end_time": 1676289097, "end_date_time": "2023-02-13T06:51:37-05:00", "waiting_time": 0, "distance": 1038, "driving_time": 997, "preparation_time": 0, "load_before": [0], "load_after": [0]}, {"type": "service", "id": "1501043000_51", "location_id": "1501043000", "address": {"location_id": "1501043000", "lat": 42.3020942, "lon": -71.06877894}, "arr_time": 1676289111, "arr_date_time": "2023-02-13T06:51:51-05:00", "end_time": 1676289411, "end_date_time": "2023-02-13T06:56:51-05:00", "waiting_time": 0, "distance": 1052, "driving_time": 1011, "preparation_time": 0, "load_before": [0], "load_after": [0]}, {"type": "service", "id": "1501040000_50", "location_id": "1501040000", "address": {"location_id": "1501040000", "lat": 42.30187659, "lon": -71.06840539}, "arr_time": 1676289448, "arr_date_time": "2023-02-13T06:57:28-05:00", "end_time": 1676289748, "end_date_time": "2023-02-13T07:02:28-05:00", "waiting_time": 0, "distance": 1092, "driving_time": 1048, "preparation_time": 0, "load_before": [0], "load_after": [0]}, {"type": "service", "id": "1501034000_49", "location_id": "1501034000", "address": {"location_id": "1501034000", "lat": 42.30255592, "lon": -71.06904745}, "arr_time": 1676289888, "arr_date_time": "2023-02-13T07:04:48-05:00", "end_time": 1676290188, "end_date_time": "2023-02-13T07:09:48-05:00", "waiting_time": 0, "distance": 1238, "driving_time": 1188, "preparation_time": 0, "load_before": [0], "load_after": [0]}, {"type": "service", "id": "1501047000_54", "location_id": "1501047000", "address": {"location_id": "1501047000", "lat": 42.30230064, "lon": -71.06881051}, "arr_time": 1676290199, "arr_date_time": "2023-02-13T07:09:59-05:00", "end_time": 1676290499, "end_date_time": "2023-02-13T07:14:59-05:00", "waiting_time": 0, "distance": 1249, "driving_time": 1199, "preparation_time": 0, "load_before": [0], "load_after": [0]}, {"type": "service", "id": "1501033000_48", "location_id": "1501033000", "address": {"location_id": "1501033000", "lat": 42.30259406, "lon": -71.06886875}, "arr_time": 1676290503, "arr_date_time": "2023-02-13T07:15:03-05:00", "end_time": 1676290803, "end_date_time": "2023-02-13T07:20:03-05:00", "waiting_time": 0, "distance": 1253, "driving_time": 1203, "preparation_time": 0, "load_before": [0], "load_after": [0]}, {"type": "service", "id": "1501048000_55", "location_id": "1501048000", "address": {"location_id": "1501048000", "lat": 42.30229722, "lon": -71.06863811}, "arr_time": 1676290812, "arr_date_time": "2023-02-13T07:20:12-05:00", "end_time": 1676291112, "end_date_time": "2023-02-13T07:25:12-05:00", "waiting_time": 0, "distance": 1263, "driving_time": 1212, "preparation_time": 0, "load_before": [0], "load_after": [0]}, {"type": "service", "id": "1501032000_47", "location_id": "1501032000", "address": {"location_id": "1501032000", "lat": 42.30263239, "lon": -71.06868919}, "arr_time": 1676291117, "arr_date_time": "2023-02-13T07:25:17-05:00", "end_time": 1676291417, "end_date_time": "2023-02-13T07:30:17-05:00", "waiting_time": 0, "distance": 1269, "driving_time": 1217, "preparation_time": 0, "load_before": [0], "load_after": [0]}, {"type": "service", "id": "1501020000_44", "location_id": "1501020000", "address": {"location_id": "1501020000", "lat": 42.30256742, "lon": -71.06969961}, "arr_time": 1676291520, "arr_date_time": "2023-02-13T07:32:00-05:00", "end_time": 1676291820, "end_date_time": "2023-02-13T07:37:00-05:00", "waiting_time": 0, "distance": 1376, "driving_time": 1320, "preparation_time": 0, "load_before": [0], "load_after": [0]}, {"type": "service", "id": "1500931000_11", "location_id": "1500931000", "address": {"location_id": "1500931000", "lat": 42.30240689, "lon": -71.07003185}, "arr_time": 1676291831, "arr_date_time": "2023-02-13T07:37:11-05:00", "end_time": 1676292131, "end_date_time": "2023-02-13T07:42:11-05:00", "waiting_time": 0, "distance": 1386, "driving_time": 1331, "preparation_time": 0, "load_before": [0], "load_after": [0]}, {"type": "service", "id": "1500987000_37", "location_id": "1500987000", "address": {"location_id": "1500987000", "lat": 42.30295223, "lon": -71.069763}, "arr_time": 1676292196, "arr_date_time": "2023-02-13T07:43:16-05:00", "end_time": 1676292496, "end_date_time": "2023-02-13T07:48:16-05:00", "waiting_time": 0, "distance": 1454, "driving_time": 1396, "preparation_time": 0, "load_before": [0], "load_after": [0]}, {"type": "service", "id": "1500986000_36", "location_id": "1500986000", "address": {"location_id": "1500986000", "lat": 42.30298579, "lon": -71.06960573}, "arr_time": 1676292509, "arr_date_time": "2023-02-13T07:48:29-05:00", "end_time": 1676292809, "end_date_time": "2023-02-13T07:53:29-05:00", "waiting_time": 0, "distance": 1467, "driving_time": 1409, "preparation_time": 0, "load_before": [0], "load_after": [0]}, {"type": "service", "id": "1501026000_45", "location_id": "1501026000", "address": {"location_id": "1501026000", "lat": 42.30281935, "lon": -71.06876584}, "arr_time": 1676292868, "arr_date_time": "2023-02-13T07:54:28-05:00", "end_time": 1676293168, "end_date_time": "2023-02-13T07:59:28-05:00", "waiting_time": 0, "distance": 1528, "driving_time": 1468, "preparation_time": 0, "load_before": [0], "load_after": [0]}, {"type": "service", "id": "1500979000_35", "location_id": "1500979000", "address": {"location_id": "1500979000", "lat": 42.30315872, "lon": -71.0685248}, "arr_time": 1676293196, "arr_date_time": "2023-02-13T07:59:56-05:00", "end_time": 1676293496, "end_date_time": "2023-02-13T08:04:56-05:00", "waiting_time": 0, "distance": 1557, "driving_time": 1496, "preparation_time": 0, "load_before": [0], "load_after": [0]}, {"type": "service", "id": "1501028000_46", "location_id": "1501028000", "address": {"location_id": "1501028000", "lat": 42.30293471, "lon": -71.0683576}, "arr_time": 1676293504, "arr_date_time": "2023-02-13T08:05:04-05:00", "end_time": 1676293804, "end_date_time": "2023-02-13T08:10:04-05:00", "waiting_time": 0, "distance": 1565, "driving_time": 1504, "preparation_time": 0, "load_before": [0], "load_after": [0]}, {"type": "service", "id": "1500978000_34", "location_id": "1500978000", "address": {"location_id": "1500978000", "lat": 42.30321355, "lon": -71.06837603}, "arr_time": 1676293840, "arr_date_time": "2023-02-13T08:10:40-05:00", "end_time": 1676294140, "end_date_time": "2023-02-13T08:15:40-05:00", "waiting_time": 0, "distance": 1603, "driving_time": 1540, "preparation_time": 0, "load_before": [0], "load_after": [0]}, {"type": "service", "id": "1500976000_33", "location_id": "1500976000", "address": {"location_id": "1500976000", "lat": 42.30340995, "lon": -71.06853151}, "arr_time": 1676294163, "arr_date_time": "2023-02-13T08:16:03-05:00", "end_time": 1676294463, "end_date_time": "2023-02-13T08:21:03-05:00", "waiting_time": 0, "distance": 1627, "driving_time": 1563, "preparation_time": 0, "load_before": [0], "load_after": [0]}, {"type": "service", "id": "1501011000_41", "location_id": "1501011000", "address": {"location_id": "1501011000", "lat": 42.30370859, "lon": -71.06871686}, "arr_time": 1676294511, "arr_date_time": "2023-02-13T08:21:51-05:00", "end_time": 1676294811, "end_date_time": "2023-02-13T08:26:51-05:00", "waiting_time": 0, "distance": 1677, "driving_time": 1611, "preparation_time": 0, "load_before": [0], "load_after": [0]}, {"type": "service", "id": "1501013000_43", "location_id": "1501013000", "address": {"location_id": "1501013000", "lat": 42.3036848, "lon": -71.06918428}, "arr_time": 1676294876, "arr_date_time": "2023-02-13T08:27:56-05:00", "end_time": 1676295176, "end_date_time": "2023-02-13T08:32:56-05:00", "waiting_time": 0, "distance": 1746, "driving_time": 1676, "preparation_time": 0, "load_before": [0], "load_after": [0]}, {"type": "service", "id": "1500971000_30", "location_id": "1500971000", "address": {"location_id": "1500971000", "lat": 42.30331803, "lon": -71.06923158}, "arr_time": 1676295199, "arr_date_time": "2023-02-13T08:33:19-05:00", "end_time": 1676295499, "end_date_time": "2023-02-13T08:38:19-05:00", "waiting_time": 0, "distance": 1770, "driving_time": 1699, "preparation_time": 0, "load_before": [0], "load_after": [0]}, {"type": "service", "id": "1500970000_29", "location_id": "1500970000", "address": {"location_id": "1500970000", "lat": 42.30328408, "lon": -71.06938363}, "arr_time": 1676295511, "arr_date_time": "2023-02-13T08:38:31-05:00", "end_time": 1676295811, "end_date_time": "2023-02-13T08:43:31-05:00", "waiting_time": 0, "distance": 1783, "driving_time": 1711, "preparation_time": 0, "load_before": [0], "load_after": [0]}, {"type": "service", "id": "1500972000_31", "location_id": "1500972000", "address": {"location_id": "1500972000", "lat": 42.30334451, "lon": -71.06907752}, "arr_time": 1676295836, "arr_date_time": "2023-02-13T08:43:56-05:00", "end_time": 1676296136, "end_date_time": "2023-02-13T08:48:56-05:00", "waiting_time": 0, "distance": 1810, "driving_time": 1736, "preparation_time": 0, "load_before": [0], "load_after": [0]}, {"type": "service", "id": "1500973000_32", "location_id": "1500973000", "address": {"location_id": "1500973000", "lat": 42.30338064, "lon": -71.06893398}, "arr_time": 1676296148, "arr_date_time": "2023-02-13T08:49:08-05:00", "end_time": 1676296448, "end_date_time": "2023-02-13T08:54:08-05:00", "waiting_time": 0, "distance": 1822, "driving_time": 1748, "preparation_time": 0, "load_before": [0], "load_after": [0]}, {"type": "service", "id": "1501012000_42", "location_id": "1501012000", "address": {"location_id": "1501012000", "lat": 42.30366528, "lon": -71.06902797}, "arr_time": 1676296448, "arr_date_time": "2023-02-13T08:54:08-05:00", "end_time": 1676296748, "end_date_time": "2023-02-13T08:59:08-05:00", "waiting_time": 0, "distance": 1822, "driving_time": 1748, "preparation_time": 0, "load_before": [0], "load_after": [0]}, {"type": "service", "id": "1501009000_40", "location_id": "1501009000", "address": {"location_id": "1501009000", "lat": 42.3039261, "lon": -71.06878814}, "arr_time": 1676296837, "arr_date_time": "2023-02-13T09:00:37-05:00", "end_time": 1676297137, "end_date_time": "2023-02-13T09:05:37-05:00", "waiting_time": 0, "distance": 1915, "driving_time": 1837, "preparation_time": 0, "load_before": [0], "load_after": [0]}, {"type": "end", "location_id": "1501003000", "address": {"location_id": "1501003000", "lat": 42.3045636, "lon": -71.06888966}, "arr_time": 1676297205, "arr_date_time": "2023-02-13T09:06:45-05:00", "end_time": 1676297205, "end_date_time": "2023-02-13T09:06:45-05:00", "waiting_time": 0, "distance": 1985, "driving_time": 1905, "preparation_time": 0, "load_before": [0]}]}], "unassigned": {"services": [], "shipments": [], "breaks": [], "details": []}}}