{"copyrights": ["GraphHopper", "OpenStreetMap contributors"], "job_id": "54df03d2-e7c5-40af-a21a-a4d99faa2bfa", "status": "finished", "waiting_time_in_queue": 0, "processing_time": 128, "solution": {"costs": 348, "distance": 3762, "time": 3613, "transport_time": 3613, "completion_time": 18313, "max_operation_time": 18313, "waiting_time": 0, "service_duration": 14700, "preparation_time": 0, "no_vehicles": 1, "no_unassigned": 0, "routes": [{"vehicle_id": "my_vehicle", "shift_id": "default-shift", "distance": 3762, "transport_time": 3613, "completion_time": 18313, "waiting_time": 0, "service_duration": 14700, "preparation_time": 0, "activities": [{"type": "start", "location_id": "1602349000", "address": {"location_id": "1602349000", "lat": 42.292878, "lon": -71.04971869}, "arr_time": 1676278800, "arr_date_time": "2023-02-13T04:00:00-05:00", "end_time": 1676278800, "end_date_time": "2023-02-13T04:00:00-05:00", "waiting_time": 0, "distance": 0, "driving_time": 0, "preparation_time": 0, "load_after": [0]}, {"type": "service", "id": "1602355000_01", "location_id": "1602355000", "address": {"location_id": "1602355000", "lat": 42.29213598, "lon": -71.04935794}, "arr_time": 1676278884, "arr_date_time": "2023-02-13T04:01:24-05:00", "end_time": 1676279184, "end_date_time": "2023-02-13T04:06:24-05:00", "waiting_time": 0, "distance": 87, "driving_time": 84, "preparation_time": 0, "load_before": [0], "load_after": [0]}, {"type": "service", "id": "1602356000_02", "location_id": "1602356000", "address": {"location_id": "1602356000", "lat": 42.29204551, "lon": -71.0492933}, "arr_time": 1676279195, "arr_date_time": "2023-02-13T04:06:35-05:00", "end_time": 1676279495, "end_date_time": "2023-02-13T04:11:35-05:00", "waiting_time": 0, "distance": 99, "driving_time": 95, "preparation_time": 0, "load_before": [0], "load_after": [0]}, {"type": "service", "id": "1602360000_04", "location_id": "1602360000", "address": {"location_id": "1602360000", "lat": 42.29165654, "lon": -71.04901586}, "arr_time": 1676279541, "arr_date_time": "2023-02-13T04:12:21-05:00", "end_time": 1676279841, "end_date_time": "2023-02-13T04:17:21-05:00", "waiting_time": 0, "distance": 148, "driving_time": 141, "preparation_time": 0, "load_before": [0], "load_after": [0]}, {"type": "service", "id": "1602359000_03", "location_id": "1602359000", "address": {"location_id": "1602359000", "lat": 42.29167654, "lon": -71.0489597}, "arr_time": 1676279841, "arr_date_time": "2023-02-13T04:17:21-05:00", "end_time": 1676280141, "end_date_time": "2023-02-13T04:22:21-05:00", "waiting_time": 0, "distance": 148, "driving_time": 141, "preparation_time": 0, "load_before": [0], "load_after": [0]}, {"type": "service", "id": "1602403000_12", "location_id": "1602403000", "address": {"location_id": "1602403000", "lat": 42.29137403, "lon": -71.04886279}, "arr_time": 1676280173, "arr_date_time": "2023-02-13T04:22:53-05:00", "end_time": 1676280473, "end_date_time": "2023-02-13T04:27:53-05:00", "waiting_time": 0, "distance": 182, "driving_time": 173, "preparation_time": 0, "load_before": [0], "load_after": [0]}, {"type": "service", "id": "1602362000_05", "location_id": "1602362000", "address": {"location_id": "1602362000", "lat": 42.29158162, "lon": -71.04908688}, "arr_time": 1676280477, "arr_date_time": "2023-02-13T04:27:57-05:00", "end_time": 1676280777, "end_date_time": "2023-02-13T04:32:57-05:00", "waiting_time": 0, "distance": 186, "driving_time": 177, "preparation_time": 0, "load_before": [0], "load_after": [0]}, {"type": "service", "id": "1602402000_11", "location_id": "1602402000", "address": {"location_id": "1602402000", "lat": 42.29130888, "lon": -71.04909374}, "arr_time": 1676280792, "arr_date_time": "2023-02-13T04:33:12-05:00", "end_time": 1676281092, "end_date_time": "2023-02-13T04:38:12-05:00", "waiting_time": 0, "distance": 202, "driving_time": 192, "preparation_time": 0, "load_before": [0], "load_after": [0]}, {"type": "service", "id": "1602390000_08", "location_id": "1602390000", "address": {"location_id": "1602390000", "lat": 42.29131269, "lon": -71.04844082}, "arr_time": 1676281229, "arr_date_time": "2023-02-13T04:40:29-05:00", "end_time": 1676281529, "end_date_time": "2023-02-13T04:45:29-05:00", "waiting_time": 0, "distance": 346, "driving_time": 329, "preparation_time": 0, "load_before": [0], "load_after": [0]}, {"type": "service", "id": "1602391005_09", "location_id": "1602391005", "address": {"location_id": "1602391005", "lat": 42.29117789, "lon": -71.04848297}, "arr_time": 1676281544, "arr_date_time": "2023-02-13T04:45:44-05:00", "end_time": 1676281844, "end_date_time": "2023-02-13T04:50:44-05:00", "waiting_time": 0, "distance": 361, "driving_time": 344, "preparation_time": 0, "load_before": [0], "load_after": [0]}, {"type": "service", "id": "1602393000_10", "location_id": "1602393000", "address": {"location_id": "1602393000", "lat": 42.29079659, "lon": -71.04843948}, "arr_time": 1676281884, "arr_date_time": "2023-02-13T04:51:24-05:00", "end_time": 1676282184, "end_date_time": "2023-02-13T04:56:24-05:00", "waiting_time": 0, "distance": 403, "driving_time": 384, "preparation_time": 0, "load_before": [0], "load_after": [0]}, {"type": "service", "id": "1602525000_22", "location_id": "1602525000", "address": {"location_id": "1602525000", "lat": 42.29041111, "lon": -71.04798962}, "arr_time": 1676282220, "arr_date_time": "2023-02-13T04:57:00-05:00", "end_time": 1676282520, "end_date_time": "2023-02-13T05:02:00-05:00", "waiting_time": 0, "distance": 441, "driving_time": 420, "preparation_time": 0, "load_before": [0], "load_after": [0]}, {"type": "service", "id": "1602464000_15", "location_id": "1602464000", "address": {"location_id": "1602464000", "lat": 42.28936323, "lon": -71.04720543}, "arr_time": 1676282697, "arr_date_time": "2023-02-13T05:04:57-05:00", "end_time": 1676282997, "end_date_time": "2023-02-13T05:09:57-05:00", "waiting_time": 0, "distance": 625, "driving_time": 597, "preparation_time": 0, "load_before": [0], "load_after": [0]}, {"type": "service", "id": "1602550000_25", "location_id": "1602550000", "address": {"location_id": "1602550000", "lat": 42.28979303, "lon": -71.04737068}, "arr_time": 1676283009, "arr_date_time": "2023-02-13T05:10:09-05:00", "end_time": 1676283309, "end_date_time": "2023-02-13T05:15:09-05:00", "waiting_time": 0, "distance": 638, "driving_time": 609, "preparation_time": 0, "load_before": [0], "load_after": [0]}, {"type": "service", "id": "1602465000_16", "location_id": "1602465000", "address": {"location_id": "1602465000", "lat": 42.28945512, "lon": -71.04710397}, "arr_time": 1676283309, "arr_date_time": "2023-02-13T05:15:09-05:00", "end_time": 1676283609, "end_date_time": "2023-02-13T05:20:09-05:00", "waiting_time": 0, "distance": 638, "driving_time": 609, "preparation_time": 0, "load_before": [0], "load_after": [0]}, {"type": "service", "id": "1602545000_24", "location_id": "1602545000", "address": {"location_id": "1602545000", "lat": 42.29038634, "lon": -71.04758443}, "arr_time": 1676283707, "arr_date_time": "2023-02-13T05:21:47-05:00", "end_time": 1676284007, "end_date_time": "2023-02-13T05:26:47-05:00", "waiting_time": 0, "distance": 739, "driving_time": 707, "preparation_time": 0, "load_before": [0], "load_after": [0]}, {"type": "service", "id": "1602542000_23", "location_id": "1602542000", "address": {"location_id": "1602542000", "lat": 42.29061916, "lon": -71.04755503}, "arr_time": 1676284032, "arr_date_time": "2023-02-13T05:27:12-05:00", "end_time": 1676284332, "end_date_time": "2023-02-13T05:32:12-05:00", "waiting_time": 0, "distance": 765, "driving_time": 732, "preparation_time": 0, "load_before": [0], "load_after": [0]}, {"type": "service", "id": "1602479000_17", "location_id": "1602479000", "address": {"location_id": "1602479000", "lat": 42.29030127, "lon": -71.04677028}, "arr_time": 1676284536, "arr_date_time": "2023-02-13T05:35:36-05:00", "end_time": 1676284836, "end_date_time": "2023-02-13T05:40:36-05:00", "waiting_time": 0, "distance": 978, "driving_time": 936, "preparation_time": 0, "load_before": [0], "load_after": [0]}, {"type": "service", "id": "1602482000_18", "location_id": "1602482000", "address": {"location_id": "1602482000", "lat": 42.28978125, "lon": -71.04651111}, "arr_time": 1676284880, "arr_date_time": "2023-02-13T05:41:20-05:00", "end_time": 1676285180, "end_date_time": "2023-02-13T05:46:20-05:00", "waiting_time": 0, "distance": 1023, "driving_time": 980, "preparation_time": 0, "load_before": [0], "load_after": [0]}, {"type": "service", "id": "1602495000_21", "location_id": "1602495000", "address": {"location_id": "1602495000", "lat": 42.29056668, "lon": -71.04586112}, "arr_time": 1676285329, "arr_date_time": "2023-02-13T05:48:49-05:00", "end_time": 1676285629, "end_date_time": "2023-02-13T05:53:49-05:00", "waiting_time": 0, "distance": 1178, "driving_time": 1129, "preparation_time": 0, "load_before": [0], "load_after": [0]}, {"type": "service", "id": "1602485000_19", "location_id": "1602485000", "address": {"location_id": "1602485000", "lat": 42.28947605, "lon": -71.04651589}, "arr_time": 1676285780, "arr_date_time": "2023-02-13T05:56:20-05:00", "end_time": 1676286080, "end_date_time": "2023-02-13T06:01:20-05:00", "waiting_time": 0, "distance": 1335, "driving_time": 1280, "preparation_time": 0, "load_before": [0], "load_after": [0]}, {"type": "service", "id": "1602487000_20", "location_id": "1602487000", "address": {"location_id": "1602487000", "lat": 42.28931703, "lon": -71.04670716}, "arr_time": 1676286103, "arr_date_time": "2023-02-13T06:01:43-05:00", "end_time": 1676286403, "end_date_time": "2023-02-13T06:06:43-05:00", "waiting_time": 0, "distance": 1359, "driving_time": 1303, "preparation_time": 0, "load_before": [0], "load_after": [0]}, {"type": "service", "id": "1603904000_35", "location_id": "1603904000", "address": {"location_id": "1603904000", "lat": 42.28890347, "lon": -71.04800751}, "arr_time": 1676286547, "arr_date_time": "2023-02-13T06:09:07-05:00", "end_time": 1676286847, "end_date_time": "2023-02-13T06:14:07-05:00", "waiting_time": 0, "distance": 1509, "driving_time": 1447, "preparation_time": 0, "load_before": [0], "load_after": [0]}, {"type": "service", "id": "1602431000_14", "location_id": "1602431000", "address": {"location_id": "1602431000", "lat": 42.28874942, "lon": -71.04671527}, "arr_time": 1676286953, "arr_date_time": "2023-02-13T06:15:53-05:00", "end_time": 1676287253, "end_date_time": "2023-02-13T06:20:53-05:00", "waiting_time": 0, "distance": 1620, "driving_time": 1553, "preparation_time": 0, "load_before": [0], "load_after": [0]}, {"type": "service", "id": "1602428000_13", "location_id": "1602428000", "address": {"location_id": "1602428000", "lat": 42.28889187, "lon": -71.04634258}, "arr_time": 1676287279, "arr_date_time": "2023-02-13T06:21:19-05:00", "end_time": 1676287579, "end_date_time": "2023-02-13T06:26:19-05:00", "waiting_time": 0, "distance": 1646, "driving_time": 1579, "preparation_time": 0, "load_before": [0], "load_after": [0]}, {"type": "service", "id": "1603908000_36", "location_id": "1603908000", "address": {"location_id": "1603908000", "lat": 42.28818995, "lon": -71.04750323}, "arr_time": 1676287760, "arr_date_time": "2023-02-13T06:29:20-05:00", "end_time": 1676288060, "end_date_time": "2023-02-13T06:34:20-05:00", "waiting_time": 0, "distance": 1834, "driving_time": 1760, "preparation_time": 0, "load_before": [0], "load_after": [0]}, {"type": "service", "id": "1603950000_46", "location_id": "1603950000", "address": {"location_id": "1603950000", "lat": 42.28784876, "lon": -71.0474491}, "arr_time": 1676288064, "arr_date_time": "2023-02-13T06:34:24-05:00", "end_time": 1676288364, "end_date_time": "2023-02-13T06:39:24-05:00", "waiting_time": 0, "distance": 1838, "driving_time": 1764, "preparation_time": 0, "load_before": [0], "load_after": [0]}, {"type": "service", "id": "1603947000_45", "location_id": "1603947000", "address": {"location_id": "1603947000", "lat": 42.28776676, "lon": -71.04794376}, "arr_time": 1676288439, "arr_date_time": "2023-02-13T06:40:39-05:00", "end_time": 1676288739, "end_date_time": "2023-02-13T06:45:39-05:00", "waiting_time": 0, "distance": 1915, "driving_time": 1839, "preparation_time": 0, "load_before": [0], "load_after": [0]}, {"type": "service", "id": "1603962002_49", "location_id": "1603962002", "address": {"location_id": "1603962002", "lat": 42.28669182, "lon": -71.04710239}, "arr_time": 1676288925, "arr_date_time": "2023-02-13T06:48:45-05:00", "end_time": 1676289225, "end_date_time": "2023-02-13T06:53:45-05:00", "waiting_time": 0, "distance": 2110, "driving_time": 2025, "preparation_time": 0, "load_before": [0], "load_after": [0]}, {"type": "service", "id": "1603959000_47", "location_id": "1603959000", "address": {"location_id": "1603959000", "lat": 42.28686365, "lon": -71.04619964}, "arr_time": 1676289299, "arr_date_time": "2023-02-13T06:54:59-05:00", "end_time": 1676289599, "end_date_time": "2023-02-13T06:59:59-05:00", "waiting_time": 0, "distance": 2186, "driving_time": 2099, "preparation_time": 0, "load_before": [0], "load_after": [0]}, {"type": "service", "id": "1603960000_48", "location_id": "1603960000", "address": {"location_id": "1603960000", "lat": 42.28682196, "lon": -71.04636889}, "arr_time": 1676289613, "arr_date_time": "2023-02-13T07:00:13-05:00", "end_time": 1676289913, "end_date_time": "2023-02-13T07:05:13-05:00", "waiting_time": 0, "distance": 2201, "driving_time": 2113, "preparation_time": 0, "load_before": [0], "load_after": [0]}, {"type": "service", "id": "1603939030_40", "location_id": "1603939030", "address": {"location_id": "1603939030", "lat": 42.28821365, "lon": -71.04935643}, "arr_time": 1676290313, "arr_date_time": "2023-02-13T07:11:53-05:00", "end_time": 1676290613, "end_date_time": "2023-02-13T07:16:53-05:00", "waiting_time": 0, "distance": 2618, "driving_time": 2513, "preparation_time": 0, "load_before": [0], "load_after": [0]}, {"type": "service", "id": "1603939020_39", "location_id": "1603939020", "address": {"location_id": "1603939020", "lat": 42.28825498, "lon": -71.04912295}, "arr_time": 1676290632, "arr_date_time": "2023-02-13T07:17:12-05:00", "end_time": 1676290932, "end_date_time": "2023-02-13T07:22:12-05:00", "waiting_time": 0, "distance": 2638, "driving_time": 2532, "preparation_time": 0, "load_before": [0], "load_after": [0]}, {"type": "service", "id": "1603939010_38", "location_id": "1603939010", "address": {"location_id": "1603939010", "lat": 42.2882969, "lon": -71.04888967}, "arr_time": 1676290951, "arr_date_time": "2023-02-13T07:22:31-05:00", "end_time": 1676291251, "end_date_time": "2023-02-13T07:27:31-05:00", "waiting_time": 0, "distance": 2658, "driving_time": 2551, "preparation_time": 0, "load_before": [0], "load_after": [0]}, {"type": "service", "id": "1603938010_37", "location_id": "1603938010", "address": {"location_id": "1603938010", "lat": 42.28833701, "lon": -71.04865586}, "arr_time": 1676291269, "arr_date_time": "2023-02-13T07:27:49-05:00", "end_time": 1676291569, "end_date_time": "2023-02-13T07:32:49-05:00", "waiting_time": 0, "distance": 2678, "driving_time": 2569, "preparation_time": 0, "load_before": [0], "load_after": [0]}, {"type": "service", "id": "1603942000_41", "location_id": "1603942000", "address": {"location_id": "1603942000", "lat": 42.28819362, "lon": -71.04959699}, "arr_time": 1676291647, "arr_date_time": "2023-02-13T07:34:07-05:00", "end_time": 1676291947, "end_date_time": "2023-02-13T07:39:07-05:00", "waiting_time": 0, "distance": 2758, "driving_time": 2647, "preparation_time": 0, "load_before": [0], "load_after": [0]}, {"type": "service", "id": "1603943000_42", "location_id": "1603943000", "address": {"location_id": "1603943000", "lat": 42.28817593, "lon": -71.04979058}, "arr_time": 1676291963, "arr_date_time": "2023-02-13T07:39:23-05:00", "end_time": 1676292263, "end_date_time": "2023-02-13T07:44:23-05:00", "waiting_time": 0, "distance": 2774, "driving_time": 2663, "preparation_time": 0, "load_before": [0], "load_after": [0]}, {"type": "service", "id": "1603945000_43", "location_id": "1603945000", "address": {"location_id": "1603945000", "lat": 42.28812168, "lon": -71.05007707}, "arr_time": 1676292287, "arr_date_time": "2023-02-13T07:44:47-05:00", "end_time": 1676292587, "end_date_time": "2023-02-13T07:49:47-05:00", "waiting_time": 0, "distance": 2798, "driving_time": 2687, "preparation_time": 0, "load_before": [0], "load_after": [0]}, {"type": "service", "id": "1603946001_44", "location_id": "1603946001", "address": {"location_id": "1603946001", "lat": 42.28801544, "lon": -71.05038047}, "arr_time": 1676292612, "arr_date_time": "2023-02-13T07:50:12-05:00", "end_time": 1676292912, "end_date_time": "2023-02-13T07:55:12-05:00", "waiting_time": 0, "distance": 2825, "driving_time": 2712, "preparation_time": 0, "load_before": [0], "load_after": [0]}, {"type": "service", "id": "1603885000_31", "location_id": "1603885000", "address": {"location_id": "1603885000", "lat": 42.28797316, "lon": -71.05060515}, "arr_time": 1676292956, "arr_date_time": "2023-02-13T07:55:56-05:00", "end_time": 1676293256, "end_date_time": "2023-02-13T08:00:56-05:00", "waiting_time": 0, "distance": 2871, "driving_time": 2756, "preparation_time": 0, "load_before": [0], "load_after": [0]}, {"type": "service", "id": "1603885001_32", "location_id": "1603885001", "address": {"location_id": "1603885001", "lat": 42.28824558, "lon": -71.05057737}, "arr_time": 1676293283, "arr_date_time": "2023-02-13T08:01:23-05:00", "end_time": 1676293583, "end_date_time": "2023-02-13T08:06:23-05:00", "waiting_time": 0, "distance": 2898, "driving_time": 2783, "preparation_time": 0, "load_before": [0], "load_after": [0]}, {"type": "service", "id": "1603890000_33", "location_id": "1603890000", "address": {"location_id": "1603890000", "lat": 42.2883583, "lon": -71.05073606}, "arr_time": 1676293599, "arr_date_time": "2023-02-13T08:06:39-05:00", "end_time": 1676293899, "end_date_time": "2023-02-13T08:11:39-05:00", "waiting_time": 0, "distance": 2914, "driving_time": 2799, "preparation_time": 0, "load_before": [0], "load_after": [0]}, {"type": "service", "id": "1603891000_34", "location_id": "1603891000", "address": {"location_id": "1603891000", "lat": 42.28849141, "lon": -71.05080096}, "arr_time": 1676293913, "arr_date_time": "2023-02-13T08:11:53-05:00", "end_time": 1676294213, "end_date_time": "2023-02-13T08:16:53-05:00", "waiting_time": 0, "distance": 2930, "driving_time": 2813, "preparation_time": 0, "load_before": [0], "load_after": [0]}, {"type": "service", "id": "1603883000_30", "location_id": "1603883000", "address": {"location_id": "1603883000", "lat": 42.2890088, "lon": -71.05108696}, "arr_time": 1676294273, "arr_date_time": "2023-02-13T08:17:53-05:00", "end_time": 1676294573, "end_date_time": "2023-02-13T08:22:53-05:00", "waiting_time": 0, "distance": 2992, "driving_time": 2873, "preparation_time": 0, "load_before": [0], "load_after": [0]}, {"type": "service", "id": "1603855000_26", "location_id": "1603855000", "address": {"location_id": "1603855000", "lat": 42.2892148, "lon": -71.05122417}, "arr_time": 1676294597, "arr_date_time": "2023-02-13T08:23:17-05:00", "end_time": 1676294897, "end_date_time": "2023-02-13T08:28:17-05:00", "waiting_time": 0, "distance": 3017, "driving_time": 2897, "preparation_time": 0, "load_before": [0], "load_after": [0]}, {"type": "service", "id": "1603858000_27", "location_id": "1603858000", "address": {"location_id": "1603858000", "lat": 42.28931708, "lon": -71.05067876}, "arr_time": 1676294973, "arr_date_time": "2023-02-13T08:29:33-05:00", "end_time": 1676295273, "end_date_time": "2023-02-13T08:34:33-05:00", "waiting_time": 0, "distance": 3096, "driving_time": 2973, "preparation_time": 0, "load_before": [0], "load_after": [0]}, {"type": "service", "id": "1603862000_28", "location_id": "1603862000", "address": {"location_id": "1603862000", "lat": 42.28949631, "lon": -71.0500107}, "arr_time": 1676295331, "arr_date_time": "2023-02-13T08:35:31-05:00", "end_time": 1676295631, "end_date_time": "2023-02-13T08:40:31-05:00", "waiting_time": 0, "distance": 3155, "driving_time": 3031, "preparation_time": 0, "load_before": [0], "load_after": [0]}, {"type": "service", "id": "1603866000_29", "location_id": "1603866000", "address": {"location_id": "1603866000", "lat": 42.2898161, "lon": -71.04864668}, "arr_time": 1676295744, "arr_date_time": "2023-02-13T08:42:24-05:00", "end_time": 1676296044, "end_date_time": "2023-02-13T08:47:24-05:00", "waiting_time": 0, "distance": 3273, "driving_time": 3144, "preparation_time": 0, "load_before": [0], "load_after": [0]}, {"type": "service", "id": "1602369000_06", "location_id": "1602369000", "address": {"location_id": "1602369000", "lat": 42.29210459, "lon": -71.0497195}, "arr_time": 1676296301, "arr_date_time": "2023-02-13T08:51:41-05:00", "end_time": 1676296601, "end_date_time": "2023-02-13T08:56:41-05:00", "waiting_time": 0, "distance": 3542, "driving_time": 3401, "preparation_time": 0, "load_before": [0], "load_after": [0]}, {"type": "service", "id": "1602373000_07", "location_id": "1602373000", "address": {"location_id": "1602373000", "lat": 42.29249778, "lon": -71.05004002}, "arr_time": 1676296651, "arr_date_time": "2023-02-13T08:57:31-05:00", "end_time": 1676296951, "end_date_time": "2023-02-13T09:02:31-05:00", "waiting_time": 0, "distance": 3593, "driving_time": 3451, "preparation_time": 0, "load_before": [0], "load_after": [0]}, {"type": "end", "location_id": "1602349000", "address": {"location_id": "1602349000", "lat": 42.292878, "lon": -71.04971869}, "arr_time": 1676297113, "arr_date_time": "2023-02-13T09:05:13-05:00", "end_time": 1676297113, "end_date_time": "2023-02-13T09:05:13-05:00", "waiting_time": 0, "distance": 3762, "driving_time": 3613, "preparation_time": 0, "load_before": [0]}]}], "unassigned": {"services": [], "shipments": [], "breaks": [], "details": []}}}