{"copyrights": ["GraphHopper", "OpenStreetMap contributors"], "job_id": "33ecbaf2-9c00-47a7-9d43-9edabd45fc30", "status": "finished", "waiting_time_in_queue": 0, "processing_time": 195, "solution": {"costs": 393, "distance": 2517, "time": 2408, "transport_time": 2408, "completion_time": 24008, "max_operation_time": 24008, "waiting_time": 0, "service_duration": 21600, "preparation_time": 0, "no_vehicles": 1, "no_unassigned": 0, "routes": [{"vehicle_id": "my_vehicle", "shift_id": "default-shift", "distance": 2517, "transport_time": 2408, "completion_time": 24008, "waiting_time": 0, "service_duration": 21600, "preparation_time": 0, "activities": [{"type": "start", "location_id": "1604477000", "address": {"location_id": "1604477000", "lat": 42.28106961, "lon": -71.05096941}, "arr_time": 1676278800, "arr_date_time": "2023-02-13T04:00:00-05:00", "end_time": 1676278800, "end_date_time": "2023-02-13T04:00:00-05:00", "waiting_time": 0, "distance": 0, "driving_time": 0, "preparation_time": 0, "load_after": [0]}, {"type": "service", "id": "1604457000_57", "location_id": "1604457000", "address": {"location_id": "1604457000", "lat": 42.28098709, "lon": -71.05125562}, "arr_time": 1676278801, "arr_date_time": "2023-02-13T04:00:01-05:00", "end_time": 1676279101, "end_date_time": "2023-02-13T04:05:01-05:00", "waiting_time": 0, "distance": 1, "driving_time": 1, "preparation_time": 0, "load_before": [0], "load_after": [0]}, {"type": "service", "id": "1604475000_66", "location_id": "1604475000", "address": {"location_id": "1604475000", "lat": 42.28079059, "lon": -71.05079449}, "arr_time": 1676279132, "arr_date_time": "2023-02-13T04:05:32-05:00", "end_time": 1676279432, "end_date_time": "2023-02-13T04:10:32-05:00", "waiting_time": 0, "distance": 34, "driving_time": 32, "preparation_time": 0, "load_before": [0], "load_after": [0]}, {"type": "service", "id": "1604459000_58", "location_id": "1604459000", "address": {"location_id": "1604459000", "lat": 42.2805693, "lon": -71.05114726}, "arr_time": 1676279445, "arr_date_time": "2023-02-13T04:10:45-05:00", "end_time": 1676279745, "end_date_time": "2023-02-13T04:15:45-05:00", "waiting_time": 0, "distance": 48, "driving_time": 45, "preparation_time": 0, "load_before": [0], "load_after": [0]}, {"type": "service", "id": "1604474000_65", "location_id": "1604474000", "address": {"location_id": "1604474000", "lat": 42.28067251, "lon": -71.05074347}, "arr_time": 1676279745, "arr_date_time": "2023-02-13T04:15:45-05:00", "end_time": 1676280045, "end_date_time": "2023-02-13T04:20:45-05:00", "waiting_time": 0, "distance": 49, "driving_time": 45, "preparation_time": 0, "load_before": [0], "load_after": [0]}, {"type": "service", "id": "1604461000_59", "location_id": "1604461000", "address": {"location_id": "1604461000", "lat": 42.2802834, "lon": -71.05102297}, "arr_time": 1676280077, "arr_date_time": "2023-02-13T04:21:17-05:00", "end_time": 1676280377, "end_date_time": "2023-02-13T04:26:17-05:00", "waiting_time": 0, "distance": 83, "driving_time": 77, "preparation_time": 0, "load_before": [0], "load_after": [0]}, {"type": "service", "id": "1604462000_60", "location_id": "1604462000", "address": {"location_id": "1604462000", "lat": 42.2801546, "lon": -71.05096698}, "arr_time": 1676280392, "arr_date_time": "2023-02-13T04:26:32-05:00", "end_time": 1676280692, "end_date_time": "2023-02-13T04:31:32-05:00", "waiting_time": 0, "distance": 98, "driving_time": 92, "preparation_time": 0, "load_before": [0], "load_after": [0]}, {"type": "service", "id": "1604470000_64", "location_id": "1604470000", "address": {"location_id": "1604470000", "lat": 42.28020527, "lon": -71.05054163}, "arr_time": 1676280697, "arr_date_time": "2023-02-13T04:31:37-05:00", "end_time": 1676280997, "end_date_time": "2023-02-13T04:36:37-05:00", "waiting_time": 0, "distance": 104, "driving_time": 97, "preparation_time": 0, "load_before": [0], "load_after": [0]}, {"type": "service", "id": "1604463000_61", "location_id": "1604463000", "address": {"location_id": "1604463000", "lat": 42.28002623, "lon": -71.05091117}, "arr_time": 1676281007, "arr_date_time": "2023-02-13T04:36:47-05:00", "end_time": 1676281307, "end_date_time": "2023-02-13T04:41:47-05:00", "waiting_time": 0, "distance": 113, "driving_time": 107, "preparation_time": 0, "load_before": [0], "load_after": [0]}, {"type": "service", "id": "1604464000_62", "location_id": "1604464000", "address": {"location_id": "1604464000", "lat": 42.27987453, "lon": -71.05084387}, "arr_time": 1676281324, "arr_date_time": "2023-02-13T04:42:04-05:00", "end_time": 1676281624, "end_date_time": "2023-02-13T04:47:04-05:00", "waiting_time": 0, "distance": 131, "driving_time": 124, "preparation_time": 0, "load_before": [0], "load_after": [0]}, {"type": "service", "id": "1604468000_63", "location_id": "1604468000", "address": {"location_id": "1604468000", "lat": 42.27988669, "lon": -71.05044698}, "arr_time": 1676281632, "arr_date_time": "2023-02-13T04:47:12-05:00", "end_time": 1676281932, "end_date_time": "2023-02-13T04:52:12-05:00", "waiting_time": 0, "distance": 140, "driving_time": 132, "preparation_time": 0, "load_before": [0], "load_after": [0]}, {"type": "service", "id": "1604292000_07", "location_id": "1604292000", "address": {"location_id": "1604292000", "lat": 42.27938843, "lon": -71.05058458}, "arr_time": 1676281973, "arr_date_time": "2023-02-13T04:52:53-05:00", "end_time": 1676282273, "end_date_time": "2023-02-13T04:57:53-05:00", "waiting_time": 0, "distance": 183, "driving_time": 173, "preparation_time": 0, "load_before": [0], "load_after": [0]}, {"type": "service", "id": "1604441000_45", "location_id": "1604441000", "address": {"location_id": "1604441000", "lat": 42.27955002, "lon": -71.05141133}, "arr_time": 1676282336, "arr_date_time": "2023-02-13T04:58:56-05:00", "end_time": 1676282636, "end_date_time": "2023-02-13T05:03:56-05:00", "waiting_time": 0, "distance": 248, "driving_time": 236, "preparation_time": 0, "load_before": [0], "load_after": [0]}, {"type": "service", "id": "1604443000_47", "location_id": "1604443000", "address": {"location_id": "1604443000", "lat": 42.27963858, "lon": -71.0510787}, "arr_time": 1676282637, "arr_date_time": "2023-02-13T05:03:57-05:00", "end_time": 1676282937, "end_date_time": "2023-02-13T05:08:57-05:00", "waiting_time": 0, "distance": 249, "driving_time": 237, "preparation_time": 0, "load_before": [0], "load_after": [0]}, {"type": "service", "id": "1604440000_44", "location_id": "1604440000", "address": {"location_id": "1604440000", "lat": 42.27971675, "lon": -71.05151551}, "arr_time": 1676282956, "arr_date_time": "2023-02-13T05:09:16-05:00", "end_time": 1676283256, "end_date_time": "2023-02-13T05:14:16-05:00", "waiting_time": 0, "distance": 268, "driving_time": 256, "preparation_time": 0, "load_before": [0], "load_after": [0]}, {"type": "service", "id": "1604444000_48", "location_id": "1604444000", "address": {"location_id": "1604444000", "lat": 42.27980956, "lon": -71.05110797}, "arr_time": 1676283256, "arr_date_time": "2023-02-13T05:14:16-05:00", "end_time": 1676283556, "end_date_time": "2023-02-13T05:19:16-05:00", "waiting_time": 0, "distance": 269, "driving_time": 256, "preparation_time": 0, "load_before": [0], "load_after": [0]}, {"type": "service", "id": "1604446000_49", "location_id": "1604446000", "address": {"location_id": "1604446000", "lat": 42.28002048, "lon": -71.05120004}, "arr_time": 1676283580, "arr_date_time": "2023-02-13T05:19:40-05:00", "end_time": 1676283880, "end_date_time": "2023-02-13T05:24:40-05:00", "waiting_time": 0, "distance": 294, "driving_time": 280, "preparation_time": 0, "load_before": [0], "load_after": [0]}, {"type": "service", "id": "1604438000_43", "location_id": "1604438000", "address": {"location_id": "1604438000", "lat": 42.27998978, "lon": -71.05163405}, "arr_time": 1676283888, "arr_date_time": "2023-02-13T05:24:48-05:00", "end_time": 1676284188, "end_date_time": "2023-02-13T05:29:48-05:00", "waiting_time": 0, "distance": 302, "driving_time": 288, "preparation_time": 0, "load_before": [0], "load_after": [0]}, {"type": "service", "id": "1604448000_50", "location_id": "1604448000", "address": {"location_id": "1604448000", "lat": 42.28023093, "lon": -71.05129173}, "arr_time": 1676284204, "arr_date_time": "2023-02-13T05:30:04-05:00", "end_time": 1676284504, "end_date_time": "2023-02-13T05:35:04-05:00", "waiting_time": 0, "distance": 319, "driving_time": 304, "preparation_time": 0, "load_before": [0], "load_after": [0]}, {"type": "service", "id": "1604449000_51", "location_id": "1604449000", "address": {"location_id": "1604449000", "lat": 42.28032799, "lon": -71.05133402}, "arr_time": 1676284515, "arr_date_time": "2023-02-13T05:35:15-05:00", "end_time": 1676284815, "end_date_time": "2023-02-13T05:40:15-05:00", "waiting_time": 0, "distance": 330, "driving_time": 315, "preparation_time": 0, "load_before": [0], "load_after": [0]}, {"type": "service", "id": "1604435000_42", "location_id": "1604435000", "address": {"location_id": "1604435000", "lat": 42.28034353, "lon": -71.05178762}, "arr_time": 1676284828, "arr_date_time": "2023-02-13T05:40:28-05:00", "end_time": 1676285128, "end_date_time": "2023-02-13T05:45:28-05:00", "waiting_time": 0, "distance": 343, "driving_time": 328, "preparation_time": 0, "load_before": [0], "load_after": [0]}, {"type": "service", "id": "1604450000_52", "location_id": "1604450000", "address": {"location_id": "1604450000", "lat": 42.28044114, "lon": -71.0513833}, "arr_time": 1676285128, "arr_date_time": "2023-02-13T05:45:28-05:00", "end_time": 1676285428, "end_date_time": "2023-02-13T05:50:28-05:00", "waiting_time": 0, "distance": 343, "driving_time": 328, "preparation_time": 0, "load_before": [0], "load_after": [0]}, {"type": "service", "id": "1604451000_53", "location_id": "1604451000", "address": {"location_id": "1604451000", "lat": 42.28054634, "lon": -71.05142915}, "arr_time": 1676285440, "arr_date_time": "2023-02-13T05:50:40-05:00", "end_time": 1676285740, "end_date_time": "2023-02-13T05:55:40-05:00", "waiting_time": 0, "distance": 355, "driving_time": 340, "preparation_time": 0, "load_before": [0], "load_after": [0]}, {"type": "service", "id": "1604453000_54", "location_id": "1604453000", "address": {"location_id": "1604453000", "lat": 42.28075432, "lon": -71.05151976}, "arr_time": 1676285763, "arr_date_time": "2023-02-13T05:56:03-05:00", "end_time": 1676286063, "end_date_time": "2023-02-13T06:01:03-05:00", "waiting_time": 0, "distance": 379, "driving_time": 363, "preparation_time": 0, "load_before": [0], "load_after": [0]}, {"type": "service", "id": "1604431000_41", "location_id": "1604431000", "address": {"location_id": "1604431000", "lat": 42.28084194, "lon": -71.05193029}, "arr_time": 1676286081, "arr_date_time": "2023-02-13T06:01:21-05:00", "end_time": 1676286381, "end_date_time": "2023-02-13T06:06:21-05:00", "waiting_time": 0, "distance": 399, "driving_time": 381, "preparation_time": 0, "load_before": [0], "load_after": [0]}, {"type": "service", "id": "1604454000_55", "location_id": "1604454000", "address": {"location_id": "1604454000", "lat": 42.28091442, "lon": -71.05162869}, "arr_time": 1676286381, "arr_date_time": "2023-02-13T06:06:21-05:00", "end_time": 1676286681, "end_date_time": "2023-02-13T06:11:21-05:00", "waiting_time": 0, "distance": 399, "driving_time": 381, "preparation_time": 0, "load_before": [0], "load_after": [0]}, {"type": "service", "id": "1604456000_56", "location_id": "1604456000", "address": {"location_id": "1604456000", "lat": 42.28097101, "lon": -71.05139601}, "arr_time": 1676286735, "arr_date_time": "2023-02-13T06:12:15-05:00", "end_time": 1676287035, "end_date_time": "2023-02-13T06:17:15-05:00", "waiting_time": 0, "distance": 454, "driving_time": 435, "preparation_time": 0, "load_before": [0], "load_after": [0]}, {"type": "service", "id": "1604430000_40", "location_id": "1604430000", "address": {"location_id": "1604430000", "lat": 42.28080939, "lon": -71.05206259}, "arr_time": 1676287091, "arr_date_time": "2023-02-13T06:18:11-05:00", "end_time": 1676287391, "end_date_time": "2023-02-13T06:23:11-05:00", "waiting_time": 0, "distance": 512, "driving_time": 491, "preparation_time": 0, "load_before": [0], "load_after": [0]}, {"type": "service", "id": "1604406000_27", "location_id": "1604406000", "address": {"location_id": "1604406000", "lat": 42.28064519, "lon": -71.05275295}, "arr_time": 1676287448, "arr_date_time": "2023-02-13T06:24:08-05:00", "end_time": 1676287748, "end_date_time": "2023-02-13T06:29:08-05:00", "waiting_time": 0, "distance": 572, "driving_time": 548, "preparation_time": 0, "load_before": [0], "load_after": [0]}, {"type": "service", "id": "1604405000_26", "location_id": "1604405000", "address": {"location_id": "1604405000", "lat": 42.28061151, "lon": -71.05289243}, "arr_time": 1676287760, "arr_date_time": "2023-02-13T06:29:20-05:00", "end_time": 1676288060, "end_date_time": "2023-02-13T06:34:20-05:00", "waiting_time": 0, "distance": 584, "driving_time": 560, "preparation_time": 0, "load_before": [0], "load_after": [0]}, {"type": "service", "id": "1604403000_25", "location_id": "1604403000", "address": {"location_id": "1604403000", "lat": 42.28042391, "lon": -71.05288642}, "arr_time": 1676288121, "arr_date_time": "2023-02-13T06:35:21-05:00", "end_time": 1676288421, "end_date_time": "2023-02-13T06:40:21-05:00", "waiting_time": 0, "distance": 648, "driving_time": 621, "preparation_time": 0, "load_before": [0], "load_after": [0]}, {"type": "service", "id": "1604383000_18", "location_id": "1604383000", "address": {"location_id": "1604383000", "lat": 42.28021334, "lon": -71.05327431}, "arr_time": 1676288433, "arr_date_time": "2023-02-13T06:40:33-05:00", "end_time": 1676288733, "end_date_time": "2023-02-13T06:45:33-05:00", "waiting_time": 0, "distance": 660, "driving_time": 633, "preparation_time": 0, "load_before": [0], "load_after": [0]}, {"type": "service", "id": "1604401000_23", "location_id": "1604401000", "address": {"location_id": "1604401000", "lat": 42.28023959, "lon": -71.05272133}, "arr_time": 1676288744, "arr_date_time": "2023-02-13T06:45:44-05:00", "end_time": 1676289044, "end_date_time": "2023-02-13T06:50:44-05:00", "waiting_time": 0, "distance": 671, "driving_time": 644, "preparation_time": 0, "load_before": [0], "load_after": [0]}, {"type": "service", "id": "1604384000_19", "location_id": "1604384000", "address": {"location_id": "1604384000", "lat": 42.28011048, "lon": -71.05322961}, "arr_time": 1676289044, "arr_date_time": "2023-02-13T06:50:44-05:00", "end_time": 1676289344, "end_date_time": "2023-02-13T06:55:44-05:00", "waiting_time": 0, "distance": 672, "driving_time": 644, "preparation_time": 0, "load_before": [0], "load_after": [0]}, {"type": "service", "id": "1604399000_22", "location_id": "1604399000", "address": {"location_id": "1604399000", "lat": 42.28002525, "lon": -71.0526543}, "arr_time": 1676289367, "arr_date_time": "2023-02-13T06:56:07-05:00", "end_time": 1676289667, "end_date_time": "2023-02-13T07:01:07-05:00", "waiting_time": 0, "distance": 696, "driving_time": 667, "preparation_time": 0, "load_before": [0], "load_after": [0]}, {"type": "service", "id": "1604397000_21", "location_id": "1604397000", "address": {"location_id": "1604397000", "lat": 42.27980815, "lon": -71.0525892}, "arr_time": 1676289691, "arr_date_time": "2023-02-13T07:01:31-05:00", "end_time": 1676289991, "end_date_time": "2023-02-13T07:06:31-05:00", "waiting_time": 0, "distance": 721, "driving_time": 691, "preparation_time": 0, "load_before": [0], "load_after": [0]}, {"type": "service", "id": "1604395000_20", "location_id": "1604395000", "address": {"location_id": "1604395000", "lat": 42.27958875, "lon": -71.05252145}, "arr_time": 1676290015, "arr_date_time": "2023-02-13T07:06:55-05:00", "end_time": 1676290315, "end_date_time": "2023-02-13T07:11:55-05:00", "waiting_time": 0, "distance": 746, "driving_time": 715, "preparation_time": 0, "load_before": [0], "load_after": [0]}, {"type": "service", "id": "1604364000_16", "location_id": "1604364000", "address": {"location_id": "1604364000", "lat": 42.27930743, "lon": -71.05371247}, "arr_time": 1676290456, "arr_date_time": "2023-02-13T07:14:16-05:00", "end_time": 1676290756, "end_date_time": "2023-02-13T07:19:16-05:00", "waiting_time": 0, "distance": 893, "driving_time": 856, "preparation_time": 0, "load_before": [0], "load_after": [0]}, {"type": "service", "id": "1604361000_15", "location_id": "1604361000", "address": {"location_id": "1604361000", "lat": 42.2796626, "lon": -71.05386911}, "arr_time": 1676290796, "arr_date_time": "2023-02-13T07:19:56-05:00", "end_time": 1676291096, "end_date_time": "2023-02-13T07:24:56-05:00", "waiting_time": 0, "distance": 935, "driving_time": 896, "preparation_time": 0, "load_before": [0], "load_after": [0]}, {"type": "service", "id": "1604356000_14", "location_id": "1604356000", "address": {"location_id": "1604356000", "lat": 42.28032361, "lon": -71.05408379}, "arr_time": 1676291168, "arr_date_time": "2023-02-13T07:26:08-05:00", "end_time": 1676291468, "end_date_time": "2023-02-13T07:31:08-05:00", "waiting_time": 0, "distance": 1010, "driving_time": 968, "preparation_time": 0, "load_before": [0], "load_after": [0]}, {"type": "service", "id": "1604355000_13", "location_id": "1604355000", "address": {"location_id": "1604355000", "lat": 42.2803315, "lon": -71.05424292}, "arr_time": 1676291511, "arr_date_time": "2023-02-13T07:31:51-05:00", "end_time": 1676291811, "end_date_time": "2023-02-13T07:36:51-05:00", "waiting_time": 0, "distance": 1054, "driving_time": 1011, "preparation_time": 0, "load_before": [0], "load_after": [0]}, {"type": "service", "id": "1604354000_12", "location_id": "1604354000", "address": {"location_id": "1604354000", "lat": 42.28029821, "lon": -71.05445679}, "arr_time": 1676291828, "arr_date_time": "2023-02-13T07:37:08-05:00", "end_time": 1676292128, "end_date_time": "2023-02-13T07:42:08-05:00", "waiting_time": 0, "distance": 1072, "driving_time": 1028, "preparation_time": 0, "load_before": [0], "load_after": [0]}, {"type": "service", "id": "1604350000_11", "location_id": "1604350000", "address": {"location_id": "1604350000", "lat": 42.27983008, "lon": -71.05425745}, "arr_time": 1676292212, "arr_date_time": "2023-02-13T07:43:32-05:00", "end_time": 1676292512, "end_date_time": "2023-02-13T07:48:32-05:00", "waiting_time": 0, "distance": 1159, "driving_time": 1112, "preparation_time": 0, "load_before": [0], "load_after": [0]}, {"type": "service", "id": "1604349000_10", "location_id": "1604349000", "address": {"location_id": "1604349000", "lat": 42.2797104, "lon": -71.05420594}, "arr_time": 1676292525, "arr_date_time": "2023-02-13T07:48:45-05:00", "end_time": 1676292825, "end_date_time": "2023-02-13T07:53:45-05:00", "waiting_time": 0, "distance": 1173, "driving_time": 1125, "preparation_time": 0, "load_before": [0], "load_after": [0]}, {"type": "service", "id": "1604380000_17", "location_id": "1604380000", "address": {"location_id": "1604380000", "lat": 42.28047314, "lon": -71.0534744}, "arr_time": 1676293001, "arr_date_time": "2023-02-13T07:56:41-05:00", "end_time": 1676293301, "end_date_time": "2023-02-13T08:01:41-05:00", "waiting_time": 0, "distance": 1357, "driving_time": 1301, "preparation_time": 0, "load_before": [0], "load_after": [0]}, {"type": "service", "id": "1604408000_28", "location_id": "1604408000", "address": {"location_id": "1604408000", "lat": 42.28049284, "lon": -71.05260622}, "arr_time": 1676293423, "arr_date_time": "2023-02-13T08:03:43-05:00", "end_time": 1676293723, "end_date_time": "2023-02-13T08:08:43-05:00", "waiting_time": 0, "distance": 1484, "driving_time": 1423, "preparation_time": 0, "load_before": [0], "load_after": [0]}, {"type": "service", "id": "1604427000_39", "location_id": "1604427000", "address": {"location_id": "1604427000", "lat": 42.28058937, "lon": -71.05218546}, "arr_time": 1676293723, "arr_date_time": "2023-02-13T08:08:43-05:00", "end_time": 1676294023, "end_date_time": "2023-02-13T08:13:43-05:00", "waiting_time": 0, "distance": 1485, "driving_time": 1423, "preparation_time": 0, "load_before": [0], "load_after": [0]}, {"type": "service", "id": "1604402000_24", "location_id": "1604402000", "address": {"location_id": "1604402000", "lat": 42.28037648, "lon": -71.05268144}, "arr_time": 1676294032, "arr_date_time": "2023-02-13T08:13:52-05:00", "end_time": 1676294332, "end_date_time": "2023-02-13T08:18:52-05:00", "waiting_time": 0, "distance": 1495, "driving_time": 1432, "preparation_time": 0, "load_before": [0], "load_after": [0]}, {"type": "service", "id": "1604426000_38", "location_id": "1604426000", "address": {"location_id": "1604426000", "lat": 42.28044216, "lon": -71.05212139}, "arr_time": 1676294339, "arr_date_time": "2023-02-13T08:18:59-05:00", "end_time": 1676294639, "end_date_time": "2023-02-13T08:23:59-05:00", "waiting_time": 0, "distance": 1503, "driving_time": 1439, "preparation_time": 0, "load_before": [0], "load_after": [0]}, {"type": "service", "id": "1604410000_29", "location_id": "1604410000", "address": {"location_id": "1604410000", "lat": 42.28010076, "lon": -71.05236836}, "arr_time": 1676294667, "arr_date_time": "2023-02-13T08:24:27-05:00", "end_time": 1676294967, "end_date_time": "2023-02-13T08:29:27-05:00", "waiting_time": 0, "distance": 1533, "driving_time": 1467, "preparation_time": 0, "load_before": [0], "load_after": [0]}, {"type": "service", "id": "1604424000_37", "location_id": "1604424000", "address": {"location_id": "1604424000", "lat": 42.28018011, "lon": -71.05200738}, "arr_time": 1676294968, "arr_date_time": "2023-02-13T08:29:28-05:00", "end_time": 1676295268, "end_date_time": "2023-02-13T08:34:28-05:00", "waiting_time": 0, "distance": 1534, "driving_time": 1468, "preparation_time": 0, "load_before": [0], "load_after": [0]}, {"type": "service", "id": "1604423000_36", "location_id": "1604423000", "address": {"location_id": "1604423000", "lat": 42.28006616, "lon": -71.05195781}, "arr_time": 1676295281, "arr_date_time": "2023-02-13T08:34:41-05:00", "end_time": 1676295581, "end_date_time": "2023-02-13T08:39:41-05:00", "waiting_time": 0, "distance": 1547, "driving_time": 1481, "preparation_time": 0, "load_before": [0], "load_after": [0]}, {"type": "service", "id": "1604422000_35", "location_id": "1604422000", "address": {"location_id": "1604422000", "lat": 42.27996629, "lon": -71.05191435}, "arr_time": 1676295592, "arr_date_time": "2023-02-13T08:39:52-05:00", "end_time": 1676295892, "end_date_time": "2023-02-13T08:44:52-05:00", "waiting_time": 0, "distance": 1559, "driving_time": 1492, "preparation_time": 0, "load_before": [0], "load_after": [0]}, {"type": "service", "id": "1604413000_30", "location_id": "1604413000", "address": {"location_id": "1604413000", "lat": 42.27977174, "lon": -71.05226607}, "arr_time": 1676295903, "arr_date_time": "2023-02-13T08:45:03-05:00", "end_time": 1676296203, "end_date_time": "2023-02-13T08:50:03-05:00", "waiting_time": 0, "distance": 1570, "driving_time": 1503, "preparation_time": 0, "load_before": [0], "load_after": [0]}, {"type": "service", "id": "1604421000_34", "location_id": "1604421000", "address": {"location_id": "1604421000", "lat": 42.27985959, "lon": -71.05186791}, "arr_time": 1676296204, "arr_date_time": "2023-02-13T08:50:04-05:00", "end_time": 1676296504, "end_date_time": "2023-02-13T08:55:04-05:00", "waiting_time": 0, "distance": 1571, "driving_time": 1504, "preparation_time": 0, "load_before": [0], "load_after": [0]}, {"type": "service", "id": "1604414000_31", "location_id": "1604414000", "address": {"location_id": "1604414000", "lat": 42.27966457, "lon": -71.05223268}, "arr_time": 1676296515, "arr_date_time": "2023-02-13T08:55:15-05:00", "end_time": 1676296815, "end_date_time": "2023-02-13T09:00:15-05:00", "waiting_time": 0, "distance": 1582, "driving_time": 1515, "preparation_time": 0, "load_before": [0], "load_after": [0]}, {"type": "service", "id": "1604420000_33", "location_id": "1604420000", "address": {"location_id": "1604420000", "lat": 42.27974654, "lon": -71.05181873}, "arr_time": 1676296816, "arr_date_time": "2023-02-13T09:00:16-05:00", "end_time": 1676297116, "end_date_time": "2023-02-13T09:05:16-05:00", "waiting_time": 0, "distance": 1584, "driving_time": 1516, "preparation_time": 0, "load_before": [0], "load_after": [0]}, {"type": "service", "id": "1604419000_32", "location_id": "1604419000", "address": {"location_id": "1604419000", "lat": 42.27965248, "lon": -71.0517778}, "arr_time": 1676297127, "arr_date_time": "2023-02-13T09:05:27-05:00", "end_time": 1676297427, "end_date_time": "2023-02-13T09:10:27-05:00", "waiting_time": 0, "distance": 1595, "driving_time": 1527, "preparation_time": 0, "load_before": [0], "load_after": [0]}, {"type": "service", "id": "1604442000_46", "location_id": "1604442000", "address": {"location_id": "1604442000", "lat": 42.27950777, "lon": -71.05161365}, "arr_time": 1676297483, "arr_date_time": "2023-02-13T09:11:23-05:00", "end_time": 1676297783, "end_date_time": "2023-02-13T09:16:23-05:00", "waiting_time": 0, "distance": 1654, "driving_time": 1583, "preparation_time": 0, "load_before": [0], "load_after": [0]}, {"type": "service", "id": "1604294000_08", "location_id": "1604294000", "address": {"location_id": "1604294000", "lat": 42.27946745, "lon": -71.0503575}, "arr_time": 1676297877, "arr_date_time": "2023-02-13T09:17:57-05:00", "end_time": 1676298177, "end_date_time": "2023-02-13T09:22:57-05:00", "waiting_time": 0, "distance": 1752, "driving_time": 1677, "preparation_time": 0, "load_before": [0], "load_after": [0]}, {"type": "service", "id": "1604285000_04", "location_id": "1604285000", "address": {"location_id": "1604285000", "lat": 42.28021395, "lon": -71.04967407}, "arr_time": 1676298267, "arr_date_time": "2023-02-13T09:24:27-05:00", "end_time": 1676298567, "end_date_time": "2023-02-13T09:29:27-05:00", "waiting_time": 0, "distance": 1845, "driving_time": 1767, "preparation_time": 0, "load_before": [0], "load_after": [0]}, {"type": "service", "id": "1604304000_09", "location_id": "1604304000", "address": {"location_id": "1604304000", "lat": 42.28032928, "lon": -71.04870139}, "arr_time": 1676298632, "arr_date_time": "2023-02-13T09:30:32-05:00", "end_time": 1676298932, "end_date_time": "2023-02-13T09:35:32-05:00", "waiting_time": 0, "distance": 1913, "driving_time": 1832, "preparation_time": 0, "load_before": [0], "load_after": [0]}, {"type": "service", "id": "1604286000_05", "location_id": "1604286000", "address": {"location_id": "1604286000", "lat": 42.2801463, "lon": -71.04983362}, "arr_time": 1676299060, "arr_date_time": "2023-02-13T09:37:40-05:00", "end_time": 1676299360, "end_date_time": "2023-02-13T09:42:40-05:00", "waiting_time": 0, "distance": 2047, "driving_time": 1960, "preparation_time": 0, "load_before": [0], "load_after": [0]}, {"type": "service", "id": "1604487000_72", "location_id": "1604487000", "address": {"location_id": "1604487000", "lat": 42.28014776, "lon": -71.05022646}, "arr_time": 1676299369, "arr_date_time": "2023-02-13T09:42:49-05:00", "end_time": 1676299669, "end_date_time": "2023-02-13T09:47:49-05:00", "waiting_time": 0, "distance": 2057, "driving_time": 1969, "preparation_time": 0, "load_before": [0], "load_after": [0]}, {"type": "service", "id": "1604287000_06", "location_id": "1604287000", "address": {"location_id": "1604287000", "lat": 42.28034254, "lon": -71.04981663}, "arr_time": 1676299680, "arr_date_time": "2023-02-13T09:48:00-05:00", "end_time": 1676299980, "end_date_time": "2023-02-13T09:53:00-05:00", "waiting_time": 0, "distance": 2068, "driving_time": 1980, "preparation_time": 0, "load_before": [0], "load_after": [0]}, {"type": "service", "id": "1604485000_71", "location_id": "1604485000", "address": {"location_id": "1604485000", "lat": 42.28038173, "lon": -71.05032855}, "arr_time": 1676299996, "arr_date_time": "2023-02-13T09:53:16-05:00", "end_time": 1676300296, "end_date_time": "2023-02-13T09:58:16-05:00", "waiting_time": 0, "distance": 2085, "driving_time": 1996, "preparation_time": 0, "load_before": [0], "load_after": [0]}, {"type": "service", "id": "1604484000_70", "location_id": "1604484000", "address": {"location_id": "1604484000", "lat": 42.28049804, "lon": -71.0503793}, "arr_time": 1676300309, "arr_date_time": "2023-02-13T09:58:29-05:00", "end_time": 1676300609, "end_date_time": "2023-02-13T10:03:29-05:00", "waiting_time": 0, "distance": 2099, "driving_time": 2009, "preparation_time": 0, "load_before": [0], "load_after": [0]}, {"type": "service", "id": "1604482000_69", "location_id": "1604482000", "address": {"location_id": "1604482000", "lat": 42.28073299, "lon": -71.05048183}, "arr_time": 1676300636, "arr_date_time": "2023-02-13T10:03:56-05:00", "end_time": 1676300936, "end_date_time": "2023-02-13T10:08:56-05:00", "waiting_time": 0, "distance": 2127, "driving_time": 2036, "preparation_time": 0, "load_before": [0], "load_after": [0]}, {"type": "service", "id": "1604264000_01", "location_id": "1604264000", "address": {"location_id": "1604264000", "lat": 42.28064495, "lon": -71.04967649}, "arr_time": 1676300976, "arr_date_time": "2023-02-13T10:09:36-05:00", "end_time": 1676301276, "end_date_time": "2023-02-13T10:14:36-05:00", "waiting_time": 0, "distance": 2169, "driving_time": 2076, "preparation_time": 0, "load_before": [0], "load_after": [0]}, {"type": "service", "id": "1604266000_02", "location_id": "1604266000", "address": {"location_id": "1604266000", "lat": 42.28079364, "lon": -71.0494277}, "arr_time": 1676301300, "arr_date_time": "2023-02-13T10:15:00-05:00", "end_time": 1676301600, "end_date_time": "2023-02-13T10:20:00-05:00", "waiting_time": 0, "distance": 2194, "driving_time": 2100, "preparation_time": 0, "load_before": [0], "load_after": [0]}, {"type": "service", "id": "1604270000_03", "location_id": "1604270000", "address": {"location_id": "1604270000", "lat": 42.28099618, "lon": -71.04881909}, "arr_time": 1676301652, "arr_date_time": "2023-02-13T10:20:52-05:00", "end_time": 1676301952, "end_date_time": "2023-02-13T10:25:52-05:00", "waiting_time": 0, "distance": 2249, "driving_time": 2152, "preparation_time": 0, "load_before": [0], "load_after": [0]}, {"type": "service", "id": "1604481000_68", "location_id": "1604481000", "address": {"location_id": "1604481000", "lat": 42.28085216, "lon": -71.05053384}, "arr_time": 1676302081, "arr_date_time": "2023-02-13T10:28:01-05:00", "end_time": 1676302381, "end_date_time": "2023-02-13T10:33:01-05:00", "waiting_time": 0, "distance": 2384, "driving_time": 2281, "preparation_time": 0, "load_before": [0], "load_after": [0]}, {"type": "service", "id": "1604479000_67", "location_id": "1604479000", "address": {"location_id": "1604479000", "lat": 42.28115281, "lon": -71.05062025}, "arr_time": 1676302413, "arr_date_time": "2023-02-13T10:33:33-05:00", "end_time": 1676302713, "end_date_time": "2023-02-13T10:38:33-05:00", "waiting_time": 0, "distance": 2418, "driving_time": 2313, "preparation_time": 0, "load_before": [0], "load_after": [0]}, {"type": "end", "location_id": "1604477000", "address": {"location_id": "1604477000", "lat": 42.28106961, "lon": -71.05096941}, "arr_time": 1676302808, "arr_date_time": "2023-02-13T10:40:08-05:00", "end_time": 1676302808, "end_date_time": "2023-02-13T10:40:08-05:00", "waiting_time": 0, "distance": 2517, "driving_time": 2408, "preparation_time": 0, "load_before": [0]}]}], "unassigned": {"services": [], "shipments": [], "breaks": [], "details": []}}}