{"copyrights": ["GraphHopper", "OpenStreetMap contributors"], "job_id": "698ffc65-deee-425b-ad86-01abcdc23729", "status": "finished", "waiting_time_in_queue": 1, "processing_time": 124, "solution": {"costs": 336, "distance": 2313, "time": 2223, "transport_time": 2223, "completion_time": 16923, "max_operation_time": 16923, "waiting_time": 0, "service_duration": 14700, "preparation_time": 0, "no_vehicles": 1, "no_unassigned": 0, "routes": [{"vehicle_id": "my_vehicle", "shift_id": "default-shift", "distance": 2313, "transport_time": 2223, "completion_time": 16923, "waiting_time": 0, "service_duration": 14700, "preparation_time": 0, "activities": [{"type": "start", "location_id": "1605043000", "address": {"location_id": "1605043000", "lat": 42.28130916, "lon": -71.06048173}, "arr_time": 1676278800, "arr_date_time": "2023-02-13T04:00:00-05:00", "end_time": 1676278800, "end_date_time": "2023-02-13T04:00:00-05:00", "waiting_time": 0, "distance": 0, "driving_time": 0, "preparation_time": 0, "load_after": [0]}, {"type": "service", "id": "1604948000_02", "location_id": "1604948000", "address": {"location_id": "1604948000", "lat": 42.28119578, "lon": -71.06080118}, "arr_time": 1676278801, "arr_date_time": "2023-02-13T04:00:01-05:00", "end_time": 1676279101, "end_date_time": "2023-02-13T04:05:01-05:00", "waiting_time": 0, "distance": 2, "driving_time": 1, "preparation_time": 0, "load_before": [0], "load_after": [0]}, {"type": "service", "id": "1604947000_01", "location_id": "1604947000", "address": {"location_id": "1604947000", "lat": 42.2811526, "lon": -71.06098115}, "arr_time": 1676279155, "arr_date_time": "2023-02-13T04:05:55-05:00", "end_time": 1676279455, "end_date_time": "2023-02-13T04:10:55-05:00", "waiting_time": 0, "distance": 58, "driving_time": 55, "preparation_time": 0, "load_before": [0], "load_after": [0]}, {"type": "service", "id": "1605044000_30", "location_id": "1605044000", "address": {"location_id": "1605044000", "lat": 42.28132719, "lon": -71.06028432}, "arr_time": 1676279512, "arr_date_time": "2023-02-13T04:11:52-05:00", "end_time": 1676279812, "end_date_time": "2023-02-13T04:16:52-05:00", "waiting_time": 0, "distance": 118, "driving_time": 112, "preparation_time": 0, "load_before": [0], "load_after": [0]}, {"type": "service", "id": "1605049002_33", "location_id": "1605049002", "address": {"location_id": "1605049002", "lat": 42.28108961, "lon": -71.05960425}, "arr_time": 1676279907, "arr_date_time": "2023-02-13T04:18:27-05:00", "end_time": 1676280207, "end_date_time": "2023-02-13T04:23:27-05:00", "waiting_time": 0, "distance": 217, "driving_time": 207, "preparation_time": 0, "load_before": [0], "load_after": [0]}, {"type": "service", "id": "1605049001_32", "location_id": "1605049001", "address": {"location_id": "1605049001", "lat": 42.28112377, "lon": -71.05936855}, "arr_time": 1676280217, "arr_date_time": "2023-02-13T04:23:37-05:00", "end_time": 1676280517, "end_date_time": "2023-02-13T04:28:37-05:00", "waiting_time": 0, "distance": 228, "driving_time": 217, "preparation_time": 0, "load_before": [0], "load_after": [0]}, {"type": "service", "id": "1605049000_31", "location_id": "1605049000", "address": {"location_id": "1605049000", "lat": 42.28116353, "lon": -71.05908473}, "arr_time": 1676280596, "arr_date_time": "2023-02-13T04:29:56-05:00", "end_time": 1676280896, "end_date_time": "2023-02-13T04:34:56-05:00", "waiting_time": 0, "distance": 310, "driving_time": 296, "preparation_time": 0, "load_before": [0], "load_after": [0]}, {"type": "service", "id": "1605050000_34", "location_id": "1605050000", "address": {"location_id": "1605050000", "lat": 42.28092889, "lon": -71.05910091}, "arr_time": 1676280951, "arr_date_time": "2023-02-13T04:35:51-05:00", "end_time": 1676281251, "end_date_time": "2023-02-13T04:40:51-05:00", "waiting_time": 0, "distance": 368, "driving_time": 351, "preparation_time": 0, "load_before": [0], "load_after": [0]}, {"type": "service", "id": "1605053001_35", "location_id": "1605053001", "address": {"location_id": "1605053001", "lat": 42.28071188, "lon": -71.05927893}, "arr_time": 1676281269, "arr_date_time": "2023-02-13T04:41:09-05:00", "end_time": 1676281569, "end_date_time": "2023-02-13T04:46:09-05:00", "waiting_time": 0, "distance": 387, "driving_time": 369, "preparation_time": 0, "load_before": [0], "load_after": [0]}, {"type": "service", "id": "1605053007_39", "location_id": "1605053007", "address": {"location_id": "1605053007", "lat": 42.28049858, "lon": -71.05900078}, "arr_time": 1676281655, "arr_date_time": "2023-02-13T04:47:35-05:00", "end_time": 1676281955, "end_date_time": "2023-02-13T04:52:35-05:00", "waiting_time": 0, "distance": 475, "driving_time": 455, "preparation_time": 0, "load_before": [0], "load_after": [0]}, {"type": "service", "id": "1605053005_38", "location_id": "1605053005", "address": {"location_id": "1605053005", "lat": 42.28040477, "lon": -71.05950835}, "arr_time": 1676281997, "arr_date_time": "2023-02-13T04:53:17-05:00", "end_time": 1676282297, "end_date_time": "2023-02-13T04:58:17-05:00", "waiting_time": 0, "distance": 520, "driving_time": 497, "preparation_time": 0, "load_before": [0], "load_after": [0]}, {"type": "service", "id": "1605053004_37", "location_id": "1605053004", "address": {"location_id": "1605053004", "lat": 42.2803369, "lon": -71.05976272}, "arr_time": 1676282319, "arr_date_time": "2023-02-13T04:58:39-05:00", "end_time": 1676282619, "end_date_time": "2023-02-13T05:03:39-05:00", "waiting_time": 0, "distance": 542, "driving_time": 519, "preparation_time": 0, "load_before": [0], "load_after": [0]}, {"type": "service", "id": "1605053003_36", "location_id": "1605053003", "address": {"location_id": "1605053003", "lat": 42.28062897, "lon": -71.0597882}, "arr_time": 1676282624, "arr_date_time": "2023-02-13T05:03:44-05:00", "end_time": 1676282924, "end_date_time": "2023-02-13T05:08:44-05:00", "waiting_time": 0, "distance": 548, "driving_time": 524, "preparation_time": 0, "load_before": [0], "load_after": [0]}, {"type": "service", "id": "1605056000_40", "location_id": "1605056000", "address": {"location_id": "1605056000", "lat": 42.28012401, "lon": -71.05972415}, "arr_time": 1676283125, "arr_date_time": "2023-02-13T05:12:05-05:00", "end_time": 1676283425, "end_date_time": "2023-02-13T05:17:05-05:00", "waiting_time": 0, "distance": 758, "driving_time": 725, "preparation_time": 0, "load_before": [0], "load_after": [0]}, {"type": "service", "id": "1604958000_08", "location_id": "1604958000", "address": {"location_id": "1604958000", "lat": 42.27993745, "lon": -71.06032937}, "arr_time": 1676283476, "arr_date_time": "2023-02-13T05:17:56-05:00", "end_time": 1676283776, "end_date_time": "2023-02-13T05:22:56-05:00", "waiting_time": 0, "distance": 811, "driving_time": 776, "preparation_time": 0, "load_before": [0], "load_after": [0]}, {"type": "service", "id": "1604959000_09", "location_id": "1604959000", "address": {"location_id": "1604959000", "lat": 42.27957976, "lon": -71.06001435}, "arr_time": 1676283813, "arr_date_time": "2023-02-13T05:23:33-05:00", "end_time": 1676284113, "end_date_time": "2023-02-13T05:28:33-05:00", "waiting_time": 0, "distance": 849, "driving_time": 813, "preparation_time": 0, "load_before": [0], "load_after": [0]}, {"type": "service", "id": "1604971000_10", "location_id": "1604971000", "address": {"location_id": "1604971000", "lat": 42.27923356, "lon": -71.05979937}, "arr_time": 1676284153, "arr_date_time": "2023-02-13T05:29:13-05:00", "end_time": 1676284453, "end_date_time": "2023-02-13T05:34:13-05:00", "waiting_time": 0, "distance": 891, "driving_time": 853, "preparation_time": 0, "load_before": [0], "load_after": [0]}, {"type": "service", "id": "1605014000_26", "location_id": "1605014000", "address": {"location_id": "1605014000", "lat": 42.2773881, "lon": -71.06050771}, "arr_time": 1676284673, "arr_date_time": "2023-02-13T05:37:53-05:00", "end_time": 1676284973, "end_date_time": "2023-02-13T05:42:53-05:00", "waiting_time": 0, "distance": 1121, "driving_time": 1073, "preparation_time": 0, "load_before": [0], "load_after": [0]}, {"type": "service", "id": "1605014003_28", "location_id": "1605014003", "address": {"location_id": "1605014003", "lat": 42.2772307, "lon": -71.06123204}, "arr_time": 1676285041, "arr_date_time": "2023-02-13T05:44:01-05:00", "end_time": 1676285341, "end_date_time": "2023-02-13T05:49:01-05:00", "waiting_time": 0, "distance": 1192, "driving_time": 1141, "preparation_time": 0, "load_before": [0], "load_after": [0]}, {"type": "service", "id": "1605014001_27", "location_id": "1605014001", "address": {"location_id": "1605014001", "lat": 42.27737746, "lon": -71.06073304}, "arr_time": 1676285357, "arr_date_time": "2023-02-13T05:49:17-05:00", "end_time": 1676285657, "end_date_time": "2023-02-13T05:54:17-05:00", "waiting_time": 0, "distance": 1208, "driving_time": 1157, "preparation_time": 0, "load_before": [0], "load_after": [0]}, {"type": "service", "id": "1605014004_29", "location_id": "1605014004", "address": {"location_id": "1605014004", "lat": 42.2769921, "lon": -71.06072315}, "arr_time": 1676285707, "arr_date_time": "2023-02-13T05:55:07-05:00", "end_time": 1676286007, "end_date_time": "2023-02-13T06:00:07-05:00", "waiting_time": 0, "distance": 1260, "driving_time": 1207, "preparation_time": 0, "load_before": [0], "load_after": [0]}, {"type": "service", "id": "1605368000_48", "location_id": "1605368000", "address": {"location_id": "1605368000", "lat": 42.27813647, "lon": -71.06035451}, "arr_time": 1676286165, "arr_date_time": "2023-02-13T06:02:45-05:00", "end_time": 1676286465, "end_date_time": "2023-02-13T06:07:45-05:00", "waiting_time": 0, "distance": 1425, "driving_time": 1365, "preparation_time": 0, "load_before": [0], "load_after": [0]}, {"type": "service", "id": "1604976000_11", "location_id": "1604976000", "address": {"location_id": "1604976000", "lat": 42.27841281, "lon": -71.06007289}, "arr_time": 1676286485, "arr_date_time": "2023-02-13T06:08:05-05:00", "end_time": 1676286785, "end_date_time": "2023-02-13T06:13:05-05:00", "waiting_time": 0, "distance": 1445, "driving_time": 1385, "preparation_time": 0, "load_before": [0], "load_after": [0]}, {"type": "service", "id": "1605369000_49", "location_id": "1605369000", "address": {"location_id": "1605369000", "lat": 42.27810821, "lon": -71.06056406}, "arr_time": 1676286852, "arr_date_time": "2023-02-13T06:14:12-05:00", "end_time": 1676287152, "end_date_time": "2023-02-13T06:19:12-05:00", "waiting_time": 0, "distance": 1515, "driving_time": 1452, "preparation_time": 0, "load_before": [0], "load_after": [0]}, {"type": "service", "id": "1605009000_25", "location_id": "1605009000", "address": {"location_id": "1605009000", "lat": 42.27776926, "lon": -71.06057544}, "arr_time": 1676287167, "arr_date_time": "2023-02-13T06:19:27-05:00", "end_time": 1676287467, "end_date_time": "2023-02-13T06:24:27-05:00", "waiting_time": 0, "distance": 1530, "driving_time": 1467, "preparation_time": 0, "load_before": [0], "load_after": [0]}, {"type": "service", "id": "1605008000_24", "location_id": "1605008000", "address": {"location_id": "1605008000", "lat": 42.27770077, "lon": -71.06072548}, "arr_time": 1676287480, "arr_date_time": "2023-02-13T06:24:40-05:00", "end_time": 1676287780, "end_date_time": "2023-02-13T06:29:40-05:00", "waiting_time": 0, "distance": 1544, "driving_time": 1480, "preparation_time": 0, "load_before": [0], "load_after": [0]}, {"type": "service", "id": "1605006000_23", "location_id": "1605006000", "address": {"location_id": "1605006000", "lat": 42.27755722, "lon": -71.0611643}, "arr_time": 1676287817, "arr_date_time": "2023-02-13T06:30:17-05:00", "end_time": 1676288117, "end_date_time": "2023-02-13T06:35:17-05:00", "waiting_time": 0, "distance": 1583, "driving_time": 1517, "preparation_time": 0, "load_before": [0], "load_after": [0]}, {"type": "service", "id": "1605005000_22", "location_id": "1605005000", "address": {"location_id": "1605005000", "lat": 42.27749179, "lon": -71.06135056}, "arr_time": 1676288133, "arr_date_time": "2023-02-13T06:35:33-05:00", "end_time": 1676288433, "end_date_time": "2023-02-13T06:40:33-05:00", "waiting_time": 0, "distance": 1600, "driving_time": 1533, "preparation_time": 0, "load_before": [0], "load_after": [0]}, {"type": "service", "id": "1605004000_21", "location_id": "1605004000", "address": {"location_id": "1605004000", "lat": 42.27742324, "lon": -71.06153149}, "arr_time": 1676288449, "arr_date_time": "2023-02-13T06:40:49-05:00", "end_time": 1676288749, "end_date_time": "2023-02-13T06:45:49-05:00", "waiting_time": 0, "distance": 1617, "driving_time": 1549, "preparation_time": 0, "load_before": [0], "load_after": [0]}, {"type": "service", "id": "1605360000_43", "location_id": "1605360000", "address": {"location_id": "1605360000", "lat": 42.277962, "lon": -71.06186482}, "arr_time": 1676288796, "arr_date_time": "2023-02-13T06:46:36-05:00", "end_time": 1676289096, "end_date_time": "2023-02-13T06:51:36-05:00", "waiting_time": 0, "distance": 1666, "driving_time": 1596, "preparation_time": 0, "load_before": [0], "load_after": [0]}, {"type": "service", "id": "1605361000_44", "location_id": "1605361000", "address": {"location_id": "1605361000", "lat": 42.27808171, "lon": -71.06198456}, "arr_time": 1676289144, "arr_date_time": "2023-02-13T06:52:24-05:00", "end_time": 1676289444, "end_date_time": "2023-02-13T06:57:24-05:00", "waiting_time": 0, "distance": 1716, "driving_time": 1644, "preparation_time": 0, "load_before": [0], "load_after": [0]}, {"type": "service", "id": "1605362000_45", "location_id": "1605362000", "address": {"location_id": "1605362000", "lat": 42.27812143, "lon": -71.06173866}, "arr_time": 1676289464, "arr_date_time": "2023-02-13T06:57:44-05:00", "end_time": 1676289764, "end_date_time": "2023-02-13T07:02:44-05:00", "waiting_time": 0, "distance": 1736, "driving_time": 1664, "preparation_time": 0, "load_before": [0], "load_after": [0]}, {"type": "service", "id": "1605001000_20", "location_id": "1605001000", "address": {"location_id": "1605001000", "lat": 42.27844842, "lon": -71.0618725}, "arr_time": 1676289768, "arr_date_time": "2023-02-13T07:02:48-05:00", "end_time": 1676290068, "end_date_time": "2023-02-13T07:07:48-05:00", "waiting_time": 0, "distance": 1739, "driving_time": 1668, "preparation_time": 0, "load_before": [0], "load_after": [0]}, {"type": "service", "id": "1605000000_19", "location_id": "1605000000", "address": {"location_id": "1605000000", "lat": 42.27849764, "lon": -71.0617037}, "arr_time": 1676290083, "arr_date_time": "2023-02-13T07:08:03-05:00", "end_time": 1676290383, "end_date_time": "2023-02-13T07:13:03-05:00", "waiting_time": 0, "distance": 1754, "driving_time": 1683, "preparation_time": 0, "load_before": [0], "load_after": [0]}, {"type": "service", "id": "1605364000_46", "location_id": "1605364000", "address": {"location_id": "1605364000", "lat": 42.27822977, "lon": -71.06122799}, "arr_time": 1676290407, "arr_date_time": "2023-02-13T07:13:27-05:00", "end_time": 1676290707, "end_date_time": "2023-02-13T07:18:27-05:00", "waiting_time": 0, "distance": 1779, "driving_time": 1707, "preparation_time": 0, "load_before": [0], "load_after": [0]}, {"type": "service", "id": "1605367000_47", "location_id": "1605367000", "address": {"location_id": "1605367000", "lat": 42.27841329, "lon": -71.06061588}, "arr_time": 1676290760, "arr_date_time": "2023-02-13T07:19:20-05:00", "end_time": 1676291060, "end_date_time": "2023-02-13T07:24:20-05:00", "waiting_time": 0, "distance": 1834, "driving_time": 1760, "preparation_time": 0, "load_before": [0], "load_after": [0]}, {"type": "service", "id": "1604981000_12", "location_id": "1604981000", "address": {"location_id": "1604981000", "lat": 42.27900462, "lon": -71.06037573}, "arr_time": 1676291115, "arr_date_time": "2023-02-13T07:25:15-05:00", "end_time": 1676291415, "end_date_time": "2023-02-13T07:30:15-05:00", "waiting_time": 0, "distance": 1890, "driving_time": 1815, "preparation_time": 0, "load_before": [0], "load_after": [0]}, {"type": "service", "id": "1604996000_18", "location_id": "1604996000", "address": {"location_id": "1604996000", "lat": 42.27898918, "lon": -71.06093498}, "arr_time": 1676291429, "arr_date_time": "2023-02-13T07:30:29-05:00", "end_time": 1676291729, "end_date_time": "2023-02-13T07:35:29-05:00", "waiting_time": 0, "distance": 1905, "driving_time": 1829, "preparation_time": 0, "load_before": [0], "load_after": [0]}, {"type": "service", "id": "1604984000_13", "location_id": "1604984000", "address": {"location_id": "1604984000", "lat": 42.27936484, "lon": -71.06065856}, "arr_time": 1676291759, "arr_date_time": "2023-02-13T07:35:59-05:00", "end_time": 1676292059, "end_date_time": "2023-02-13T07:40:59-05:00", "waiting_time": 0, "distance": 1935, "driving_time": 1859, "preparation_time": 0, "load_before": [0], "load_after": [0]}, {"type": "service", "id": "1604991000_17", "location_id": "1604991000", "address": {"location_id": "1604991000", "lat": 42.2797469, "lon": -71.06127764}, "arr_time": 1676292115, "arr_date_time": "2023-02-13T07:41:55-05:00", "end_time": 1676292415, "end_date_time": "2023-02-13T07:46:55-05:00", "waiting_time": 0, "distance": 1993, "driving_time": 1915, "preparation_time": 0, "load_before": [0], "load_after": [0]}, {"type": "service", "id": "1604990000_16", "location_id": "1604990000", "address": {"location_id": "1604990000", "lat": 42.27988651, "lon": -71.0613402}, "arr_time": 1676292431, "arr_date_time": "2023-02-13T07:47:11-05:00", "end_time": 1676292731, "end_date_time": "2023-02-13T07:52:11-05:00", "waiting_time": 0, "distance": 2009, "driving_time": 1931, "preparation_time": 0, "load_before": [0], "load_after": [0]}, {"type": "service", "id": "1604988000_15", "location_id": "1604988000", "address": {"location_id": "1604988000", "lat": 42.27984529, "lon": -71.06082508}, "arr_time": 1676292793, "arr_date_time": "2023-02-13T07:53:13-05:00", "end_time": 1676293093, "end_date_time": "2023-02-13T07:58:13-05:00", "waiting_time": 0, "distance": 2074, "driving_time": 1993, "preparation_time": 0, "load_before": [0], "load_after": [0]}, {"type": "service", "id": "1604986000_14", "location_id": "1604986000", "address": {"location_id": "1604986000", "lat": 42.27963229, "lon": -71.06069981}, "arr_time": 1676293119, "arr_date_time": "2023-02-13T07:58:39-05:00", "end_time": 1676293419, "end_date_time": "2023-02-13T08:03:39-05:00", "waiting_time": 0, "distance": 2100, "driving_time": 2019, "preparation_time": 0, "load_before": [0], "load_after": [0]}, {"type": "service", "id": "1604956000_07", "location_id": "1604956000", "address": {"location_id": "1604956000", "lat": 42.28020261, "lon": -71.06048937}, "arr_time": 1676293511, "arr_date_time": "2023-02-13T08:05:11-05:00", "end_time": 1676293811, "end_date_time": "2023-02-13T08:10:11-05:00", "waiting_time": 0, "distance": 2196, "driving_time": 2111, "preparation_time": 0, "load_before": [0], "load_after": [0]}, {"type": "service", "id": "1604955000_06", "location_id": "1604955000", "address": {"location_id": "1604955000", "lat": 42.28034829, "lon": -71.06056697}, "arr_time": 1676293827, "arr_date_time": "2023-02-13T08:10:27-05:00", "end_time": 1676294127, "end_date_time": "2023-02-13T08:15:27-05:00", "waiting_time": 0, "distance": 2213, "driving_time": 2127, "preparation_time": 0, "load_before": [0], "load_after": [0]}, {"type": "service", "id": "1604954000_05", "location_id": "1604954000", "address": {"location_id": "1604954000", "lat": 42.28046605, "lon": -71.06062653}, "arr_time": 1676294140, "arr_date_time": "2023-02-13T08:15:40-05:00", "end_time": 1676294440, "end_date_time": "2023-02-13T08:20:40-05:00", "waiting_time": 0, "distance": 2227, "driving_time": 2140, "preparation_time": 0, "load_before": [0], "load_after": [0]}, {"type": "service", "id": "1605062000_41", "location_id": "1605062000", "address": {"location_id": "1605062000", "lat": 42.28084798, "lon": -71.06017729}, "arr_time": 1676294469, "arr_date_time": "2023-02-13T08:21:09-05:00", "end_time": 1676294769, "end_date_time": "2023-02-13T08:26:09-05:00", "waiting_time": 0, "distance": 2258, "driving_time": 2169, "preparation_time": 0, "load_before": [0], "load_after": [0]}, {"type": "service", "id": "1604950000_04", "location_id": "1604950000", "address": {"location_id": "1604950000", "lat": 42.28085259, "lon": -71.06082285}, "arr_time": 1676294783, "arr_date_time": "2023-02-13T08:26:23-05:00", "end_time": 1676295083, "end_date_time": "2023-02-13T08:31:23-05:00", "waiting_time": 0, "distance": 2273, "driving_time": 2183, "preparation_time": 0, "load_before": [0], "load_after": [0]}, {"type": "service", "id": "1605063000_42", "location_id": "1605063000", "address": {"location_id": "1605063000", "lat": 42.28098576, "lon": -71.06020965}, "arr_time": 1676295084, "arr_date_time": "2023-02-13T08:31:24-05:00", "end_time": 1676295384, "end_date_time": "2023-02-13T08:36:24-05:00", "waiting_time": 0, "distance": 2274, "driving_time": 2184, "preparation_time": 0, "load_before": [0], "load_after": [0]}, {"type": "service", "id": "1604949000_03", "location_id": "1604949000", "address": {"location_id": "1604949000", "lat": 42.28100322, "lon": -71.06079997}, "arr_time": 1676295399, "arr_date_time": "2023-02-13T08:36:39-05:00", "end_time": 1676295699, "end_date_time": "2023-02-13T08:41:39-05:00", "waiting_time": 0, "distance": 2289, "driving_time": 2199, "preparation_time": 0, "load_before": [0], "load_after": [0]}, {"type": "end", "location_id": "1605043000", "address": {"location_id": "1605043000", "lat": 42.28130916, "lon": -71.06048173}, "arr_time": 1676295723, "arr_date_time": "2023-02-13T08:42:03-05:00", "end_time": 1676295723, "end_date_time": "2023-02-13T08:42:03-05:00", "waiting_time": 0, "distance": 2313, "driving_time": 2223, "preparation_time": 0, "load_before": [0]}]}], "unassigned": {"services": [], "shipments": [], "breaks": [], "details": []}}}