{"copyrights": ["GraphHopper", "OpenStreetMap contributors"], "job_id": "5d9bec92-257a-462a-aff0-7035a2488c2f", "status": "finished", "waiting_time_in_queue": 0, "processing_time": 174, "solution": {"costs": 364, "distance": 4864, "time": 4671, "transport_time": 4671, "completion_time": 20271, "max_operation_time": 20271, "waiting_time": 0, "service_duration": 15600, "preparation_time": 0, "no_vehicles": 1, "no_unassigned": 0, "routes": [{"vehicle_id": "my_vehicle", "shift_id": "default-shift", "distance": 4864, "transport_time": 4671, "completion_time": 20271, "waiting_time": 0, "service_duration": 15600, "preparation_time": 0, "activities": [{"type": "start", "location_id": "1200017000", "address": {"location_id": "1200017000", "lat": 42.32811808, "lon": -71.08244678}, "arr_time": 1676278800, "arr_date_time": "2023-02-13T04:00:00-05:00", "end_time": 1676278800, "end_date_time": "2023-02-13T04:00:00-05:00", "waiting_time": 0, "distance": 0, "driving_time": 0, "preparation_time": 0, "load_after": [0]}, {"type": "service", "id": "1200016000_37", "location_id": "1200016000", "address": {"location_id": "1200016000", "lat": 42.3281053, "lon": -71.08229235}, "arr_time": 1676278812, "arr_date_time": "2023-02-13T04:00:12-05:00", "end_time": 1676279112, "end_date_time": "2023-02-13T04:05:12-05:00", "waiting_time": 0, "distance": 13, "driving_time": 12, "preparation_time": 0, "load_before": [0], "load_after": [0]}, {"type": "service", "id": "1200013000_36", "location_id": "1200013000", "address": {"location_id": "1200013000", "lat": 42.32807088, "lon": -71.08184853}, "arr_time": 1676279147, "arr_date_time": "2023-02-13T04:05:47-05:00", "end_time": 1676279447, "end_date_time": "2023-02-13T04:10:47-05:00", "waiting_time": 0, "distance": 50, "driving_time": 47, "preparation_time": 0, "load_before": [0], "load_after": [0]}, {"type": "service", "id": "1200059000_41", "location_id": "1200059000", "address": {"location_id": "1200059000", "lat": 42.3277615, "lon": -71.08176327}, "arr_time": 1676279457, "arr_date_time": "2023-02-13T04:10:57-05:00", "end_time": 1676279757, "end_date_time": "2023-02-13T04:15:57-05:00", "waiting_time": 0, "distance": 61, "driving_time": 57, "preparation_time": 0, "load_before": [0], "load_after": [0]}, {"type": "service", "id": "1200033000_38", "location_id": "1200033000", "address": {"location_id": "1200033000", "lat": 42.32771647, "lon": -71.08096392}, "arr_time": 1676279972, "arr_date_time": "2023-02-13T04:19:32-05:00", "end_time": 1676280272, "end_date_time": "2023-02-13T04:24:32-05:00", "waiting_time": 0, "distance": 284, "driving_time": 272, "preparation_time": 0, "load_before": [0], "load_after": [0]}, {"type": "service", "id": "802607020_05", "location_id": "802607020", "address": {"location_id": "802607020", "lat": 42.32767556, "lon": -71.08036655}, "arr_time": 1676280285, "arr_date_time": "2023-02-13T04:24:45-05:00", "end_time": 1676280585, "end_date_time": "2023-02-13T04:29:45-05:00", "waiting_time": 0, "distance": 298, "driving_time": 285, "preparation_time": 0, "load_before": [0], "load_after": [0]}, {"type": "service", "id": "802607010_04", "location_id": "802607010", "address": {"location_id": "802607010", "lat": 42.32751209, "lon": -71.08032592}, "arr_time": 1676280603, "arr_date_time": "2023-02-13T04:30:03-05:00", "end_time": 1676280903, "end_date_time": "2023-02-13T04:35:03-05:00", "waiting_time": 0, "distance": 316, "driving_time": 303, "preparation_time": 0, "load_before": [0], "load_after": [0]}, {"type": "service", "id": "1200036010_39", "location_id": "1200036010", "address": {"location_id": "1200036010", "lat": 42.32731998, "lon": -71.08095544}, "arr_time": 1676280913, "arr_date_time": "2023-02-13T04:35:13-05:00", "end_time": 1676281213, "end_date_time": "2023-02-13T04:40:13-05:00", "waiting_time": 0, "distance": 327, "driving_time": 313, "preparation_time": 0, "load_before": [0], "load_after": [0]}, {"type": "service", "id": "1200038000_40", "location_id": "1200038000", "address": {"location_id": "1200038000", "lat": 42.32686033, "lon": -71.08080572}, "arr_time": 1676281264, "arr_date_time": "2023-02-13T04:41:04-05:00", "end_time": 1676281564, "end_date_time": "2023-02-13T04:46:04-05:00", "waiting_time": 0, "distance": 380, "driving_time": 364, "preparation_time": 0, "load_before": [0], "load_after": [0]}, {"type": "service", "id": "802602000_03", "location_id": "802602000", "address": {"location_id": "802602000", "lat": 42.32667014, "lon": -71.08025415}, "arr_time": 1676281592, "arr_date_time": "2023-02-13T04:46:32-05:00", "end_time": 1676281892, "end_date_time": "2023-02-13T04:51:32-05:00", "waiting_time": 0, "distance": 409, "driving_time": 392, "preparation_time": 0, "load_before": [0], "load_after": [0]}, {"type": "service", "id": "802578002_02", "location_id": "802578002", "address": {"location_id": "802578002", "lat": 42.32658764, "lon": -71.07980223}, "arr_time": 1676282117, "arr_date_time": "2023-02-13T04:55:17-05:00", "end_time": 1676282417, "end_date_time": "2023-02-13T05:00:17-05:00", "waiting_time": 0, "distance": 644, "driving_time": 617, "preparation_time": 0, "load_before": [0], "load_after": [0]}, {"type": "service", "id": "802578001_01", "location_id": "802578001", "address": {"location_id": "802578001", "lat": 42.32655028, "lon": -71.0799252}, "arr_time": 1676282427, "arr_date_time": "2023-02-13T05:00:27-05:00", "end_time": 1676282727, "end_date_time": "2023-02-13T05:05:27-05:00", "waiting_time": 0, "distance": 654, "driving_time": 627, "preparation_time": 0, "load_before": [0], "load_after": [0]}, {"type": "service", "id": "802689020_18", "location_id": "802689020", "address": {"location_id": "802689020", "lat": 42.32663932, "lon": -71.07877753}, "arr_time": 1676282837, "arr_date_time": "2023-02-13T05:07:17-05:00", "end_time": 1676283137, "end_date_time": "2023-02-13T05:12:17-05:00", "waiting_time": 0, "distance": 770, "driving_time": 737, "preparation_time": 0, "load_before": [0], "load_after": [0]}, {"type": "service", "id": "802696000_19", "location_id": "802696000", "address": {"location_id": "802696000", "lat": 42.32749316, "lon": -71.07927727}, "arr_time": 1676283264, "arr_date_time": "2023-02-13T05:14:24-05:00", "end_time": 1676283564, "end_date_time": "2023-02-13T05:19:24-05:00", "waiting_time": 0, "distance": 902, "driving_time": 864, "preparation_time": 0, "load_before": [0], "load_after": [0]}, {"type": "service", "id": "802647000_10", "location_id": "802647000", "address": {"location_id": "802647000", "lat": 42.32791615, "lon": -71.07918645}, "arr_time": 1676283613, "arr_date_time": "2023-02-13T05:20:13-05:00", "end_time": 1676283913, "end_date_time": "2023-02-13T05:25:13-05:00", "waiting_time": 0, "distance": 953, "driving_time": 913, "preparation_time": 0, "load_before": [0], "load_after": [0]}, {"type": "service", "id": "802641020_09", "location_id": "802641020", "address": {"location_id": "802641020", "lat": 42.32761789, "lon": -71.07860771}, "arr_time": 1676283969, "arr_date_time": "2023-02-13T05:26:09-05:00", "end_time": 1676284269, "end_date_time": "2023-02-13T05:31:09-05:00", "waiting_time": 0, "distance": 1011, "driving_time": 969, "preparation_time": 0, "load_before": [0], "load_after": [0]}, {"type": "service", "id": "802641010_08", "location_id": "802641010", "address": {"location_id": "802641010", "lat": 42.32754848, "lon": -71.07850628}, "arr_time": 1676284280, "arr_date_time": "2023-02-13T05:31:20-05:00", "end_time": 1676284580, "end_date_time": "2023-02-13T05:36:20-05:00", "waiting_time": 0, "distance": 1022, "driving_time": 980, "preparation_time": 0, "load_before": [0], "load_after": [0]}, {"type": "service", "id": "802670010_13", "location_id": "802670010", "address": {"location_id": "802670010", "lat": 42.32715781, "lon": -71.07866059}, "arr_time": 1676284599, "arr_date_time": "2023-02-13T05:36:39-05:00", "end_time": 1676284899, "end_date_time": "2023-02-13T05:41:39-05:00", "waiting_time": 0, "distance": 1041, "driving_time": 999, "preparation_time": 0, "load_before": [0], "load_after": [0]}, {"type": "service", "id": "802639000_07", "location_id": "802639000", "address": {"location_id": "802639000", "lat": 42.32741551, "lon": -71.07829933}, "arr_time": 1676284903, "arr_date_time": "2023-02-13T05:41:43-05:00", "end_time": 1676285203, "end_date_time": "2023-02-13T05:46:43-05:00", "waiting_time": 0, "distance": 1045, "driving_time": 1003, "preparation_time": 0, "load_before": [0], "load_after": [0]}, {"type": "service", "id": "802670020_14", "location_id": "802670020", "address": {"location_id": "802670020", "lat": 42.32701051, "lon": -71.078688}, "arr_time": 1676285208, "arr_date_time": "2023-02-13T05:46:48-05:00", "end_time": 1676285508, "end_date_time": "2023-02-13T05:51:48-05:00", "waiting_time": 0, "distance": 1051, "driving_time": 1008, "preparation_time": 0, "load_before": [0], "load_after": [0]}, {"type": "service", "id": "802670030_15", "location_id": "802670030", "address": {"location_id": "802670030", "lat": 42.3269831, "lon": -71.0785556}, "arr_time": 1676285517, "arr_date_time": "2023-02-13T05:51:57-05:00", "end_time": 1676285817, "end_date_time": "2023-02-13T05:56:57-05:00", "waiting_time": 0, "distance": 1061, "driving_time": 1017, "preparation_time": 0, "load_before": [0], "load_after": [0]}, {"type": "service", "id": "802671010_16", "location_id": "802671010", "address": {"location_id": "802671010", "lat": 42.32692194, "lon": -71.07841931}, "arr_time": 1676285832, "arr_date_time": "2023-02-13T05:57:12-05:00", "end_time": 1676286132, "end_date_time": "2023-02-13T06:02:12-05:00", "waiting_time": 0, "distance": 1076, "driving_time": 1032, "preparation_time": 0, "load_before": [0], "load_after": [0]}, {"type": "service", "id": "802661000_12", "location_id": "802661000", "address": {"location_id": "802661000", "lat": 42.3270825, "lon": -71.07770611}, "arr_time": 1676286160, "arr_date_time": "2023-02-13T06:02:40-05:00", "end_time": 1676286460, "end_date_time": "2023-02-13T06:07:40-05:00", "waiting_time": 0, "distance": 1106, "driving_time": 1060, "preparation_time": 0, "load_before": [0], "load_after": [0]}, {"type": "service", "id": "802660000_11", "location_id": "802660000", "address": {"location_id": "802660000", "lat": 42.32699776, "lon": -71.07772104}, "arr_time": 1676286465, "arr_date_time": "2023-02-13T06:07:45-05:00", "end_time": 1676286765, "end_date_time": "2023-02-13T06:12:45-05:00", "waiting_time": 0, "distance": 1112, "driving_time": 1065, "preparation_time": 0, "load_before": [0], "load_after": [0]}, {"type": "service", "id": "802674000_17", "location_id": "802674000", "address": {"location_id": "802674000", "lat": 42.32667082, "lon": -71.07806352}, "arr_time": 1676286771, "arr_date_time": "2023-02-13T06:12:51-05:00", "end_time": 1676287071, "end_date_time": "2023-02-13T06:17:51-05:00", "waiting_time": 0, "distance": 1117, "driving_time": 1071, "preparation_time": 0, "load_before": [0], "load_after": [0]}, {"type": "service", "id": "802627000_06", "location_id": "802627000", "address": {"location_id": "802627000", "lat": 42.32793448, "lon": -71.07824303}, "arr_time": 1676287277, "arr_date_time": "2023-02-13T06:21:17-05:00", "end_time": 1676287577, "end_date_time": "2023-02-13T06:26:17-05:00", "waiting_time": 0, "distance": 1333, "driving_time": 1277, "preparation_time": 0, "load_before": [0], "load_after": [0]}, {"type": "service", "id": "802735000_23", "location_id": "802735000", "address": {"location_id": "802735000", "lat": 42.32626081, "lon": -71.07652295}, "arr_time": 1676287847, "arr_date_time": "2023-02-13T06:30:47-05:00", "end_time": 1676288147, "end_date_time": "2023-02-13T06:35:47-05:00", "waiting_time": 0, "distance": 1613, "driving_time": 1547, "preparation_time": 0, "load_before": [0], "load_after": [0]}, {"type": "service", "id": "802765000_26", "location_id": "802765000", "address": {"location_id": "802765000", "lat": 42.32573929, "lon": -71.07765276}, "arr_time": 1676288441, "arr_date_time": "2023-02-13T06:40:41-05:00", "end_time": 1676288741, "end_date_time": "2023-02-13T06:45:41-05:00", "waiting_time": 0, "distance": 1920, "driving_time": 1841, "preparation_time": 0, "load_before": [0], "load_after": [0]}, {"type": "service", "id": "802743000_24", "location_id": "802743000", "address": {"location_id": "802743000", "lat": 42.32582367, "lon": -71.07684504}, "arr_time": 1676288931, "arr_date_time": "2023-02-13T06:48:51-05:00", "end_time": 1676289231, "end_date_time": "2023-02-13T06:53:51-05:00", "waiting_time": 0, "distance": 2118, "driving_time": 2031, "preparation_time": 0, "load_before": [0], "load_after": [0]}, {"type": "service", "id": "802731000_21", "location_id": "802731000", "address": {"location_id": "802731000", "lat": 42.3259697, "lon": -71.07622911}, "arr_time": 1676289261, "arr_date_time": "2023-02-13T06:54:21-05:00", "end_time": 1676289561, "end_date_time": "2023-02-13T06:59:21-05:00", "waiting_time": 0, "distance": 2150, "driving_time": 2061, "preparation_time": 0, "load_before": [0], "load_after": [0]}, {"type": "service", "id": "802733000_22", "location_id": "802733000", "address": {"location_id": "802733000", "lat": 42.32606168, "lon": -71.0760036}, "arr_time": 1676289581, "arr_date_time": "2023-02-13T06:59:41-05:00", "end_time": 1676289881, "end_date_time": "2023-02-13T07:04:41-05:00", "waiting_time": 0, "distance": 2170, "driving_time": 2081, "preparation_time": 0, "load_before": [0], "load_after": [0]}, {"type": "service", "id": "802727000_20", "location_id": "802727000", "address": {"location_id": "802727000", "lat": 42.32579413, "lon": -71.07591479}, "arr_time": 1676289965, "arr_date_time": "2023-02-13T07:06:05-05:00", "end_time": 1676290265, "end_date_time": "2023-02-13T07:11:05-05:00", "waiting_time": 0, "distance": 2257, "driving_time": 2165, "preparation_time": 0, "load_before": [0], "load_after": [0]}, {"type": "service", "id": "802787000_28", "location_id": "802787000", "address": {"location_id": "802787000", "lat": 42.32508252, "lon": -71.07555105}, "arr_time": 1676290340, "arr_date_time": "2023-02-13T07:12:20-05:00", "end_time": 1676290640, "end_date_time": "2023-02-13T07:17:20-05:00", "waiting_time": 0, "distance": 2335, "driving_time": 2240, "preparation_time": 0, "load_before": [0], "load_after": [0]}, {"type": "service", "id": "802783000_27", "location_id": "802783000", "address": {"location_id": "802783000", "lat": 42.32494144, "lon": -71.07752208}, "arr_time": 1676290783, "arr_date_time": "2023-02-13T07:19:43-05:00", "end_time": 1676291083, "end_date_time": "2023-02-13T07:24:43-05:00", "waiting_time": 0, "distance": 2483, "driving_time": 2383, "preparation_time": 0, "load_before": [0], "load_after": [0]}, {"type": "service", "id": "802760000_25", "location_id": "802760000", "address": {"location_id": "802760000", "lat": 42.32546094, "lon": -71.07726347}, "arr_time": 1676291117, "arr_date_time": "2023-02-13T07:25:17-05:00", "end_time": 1676291417, "end_date_time": "2023-02-13T07:30:17-05:00", "waiting_time": 0, "distance": 2519, "driving_time": 2417, "preparation_time": 0, "load_before": [0], "load_after": [0]}, {"type": "service", "id": "802923000_32", "location_id": "802923000", "address": {"location_id": "802923000", "lat": 42.32410956, "lon": -71.07793729}, "arr_time": 1676291673, "arr_date_time": "2023-02-13T07:34:33-05:00", "end_time": 1676291973, "end_date_time": "2023-02-13T07:39:33-05:00", "waiting_time": 0, "distance": 2785, "driving_time": 2673, "preparation_time": 0, "load_before": [0], "load_after": [0]}, {"type": "service", "id": "802807010_30", "location_id": "802807010", "address": {"location_id": "802807010", "lat": 42.32399961, "lon": -71.07636139}, "arr_time": 1676292104, "arr_date_time": "2023-02-13T07:41:44-05:00", "end_time": 1676292404, "end_date_time": "2023-02-13T07:46:44-05:00", "waiting_time": 0, "distance": 2921, "driving_time": 2804, "preparation_time": 0, "load_before": [0], "load_after": [0]}, {"type": "service", "id": "802807040_31", "location_id": "802807040", "address": {"location_id": "802807040", "lat": 42.32413248, "lon": -71.07625453}, "arr_time": 1676292412, "arr_date_time": "2023-02-13T07:46:52-05:00", "end_time": 1676292712, "end_date_time": "2023-02-13T07:51:52-05:00", "waiting_time": 0, "distance": 2929, "driving_time": 2812, "preparation_time": 0, "load_before": [0], "load_after": [0]}, {"type": "service", "id": "802928000_33", "location_id": "802928000", "address": {"location_id": "802928000", "lat": 42.32360314, "lon": -71.07678475}, "arr_time": 1676292749, "arr_date_time": "2023-02-13T07:52:29-05:00", "end_time": 1676293049, "end_date_time": "2023-02-13T07:57:29-05:00", "waiting_time": 0, "distance": 2968, "driving_time": 2849, "preparation_time": 0, "load_before": [0], "load_after": [0]}, {"type": "service", "id": "802797000_29", "location_id": "802797000", "address": {"location_id": "802797000", "lat": 42.32424147, "lon": -71.07620044}, "arr_time": 1676293191, "arr_date_time": "2023-02-13T07:59:51-05:00", "end_time": 1676293491, "end_date_time": "2023-02-13T08:04:51-05:00", "waiting_time": 0, "distance": 3115, "driving_time": 2991, "preparation_time": 0, "load_before": [0], "load_after": [0]}, {"type": "service", "id": "802942000_34", "location_id": "802942000", "address": {"location_id": "802942000", "lat": 42.32327659, "lon": -71.07706677}, "arr_time": 1676293725, "arr_date_time": "2023-02-13T08:08:45-05:00", "end_time": 1676294025, "end_date_time": "2023-02-13T08:13:45-05:00", "waiting_time": 0, "distance": 3360, "driving_time": 3225, "preparation_time": 0, "load_before": [0], "load_after": [0]}, {"type": "service", "id": "802945000_35", "location_id": "802945000", "address": {"location_id": "802945000", "lat": 42.32357123, "lon": -71.07763958}, "arr_time": 1676294080, "arr_date_time": "2023-02-13T08:14:40-05:00", "end_time": 1676294380, "end_date_time": "2023-02-13T08:19:40-05:00", "waiting_time": 0, "distance": 3417, "driving_time": 3280, "preparation_time": 0, "load_before": [0], "load_after": [0]}, {"type": "service", "id": "1200140000_51", "location_id": "1200140000", "address": {"location_id": "1200140000", "lat": 42.32463865, "lon": -71.07932047}, "arr_time": 1676294597, "arr_date_time": "2023-02-13T08:23:17-05:00", "end_time": 1676294897, "end_date_time": "2023-02-13T08:28:17-05:00", "waiting_time": 0, "distance": 3644, "driving_time": 3497, "preparation_time": 0, "load_before": [0], "load_after": [0]}, {"type": "service", "id": "1200144000_52", "location_id": "1200144000", "address": {"location_id": "1200144000", "lat": 42.32457954, "lon": -71.07985317}, "arr_time": 1676295029, "arr_date_time": "2023-02-13T08:30:29-05:00", "end_time": 1676295329, "end_date_time": "2023-02-13T08:35:29-05:00", "waiting_time": 0, "distance": 3781, "driving_time": 3629, "preparation_time": 0, "load_before": [0], "load_after": [0]}, {"type": "service", "id": "1200123000_49", "location_id": "1200123000", "address": {"location_id": "1200123000", "lat": 42.32497038, "lon": -71.08023203}, "arr_time": 1676295384, "arr_date_time": "2023-02-13T08:36:24-05:00", "end_time": 1676295684, "end_date_time": "2023-02-13T08:41:24-05:00", "waiting_time": 0, "distance": 3837, "driving_time": 3684, "preparation_time": 0, "load_before": [0], "load_after": [0]}, {"type": "service", "id": "1200133000_50", "location_id": "1200133000", "address": {"location_id": "1200133000", "lat": 42.32532743, "lon": -71.08049674}, "arr_time": 1676295843, "arr_date_time": "2023-02-13T08:44:03-05:00", "end_time": 1676296143, "end_date_time": "2023-02-13T08:49:03-05:00", "waiting_time": 0, "distance": 4003, "driving_time": 3843, "preparation_time": 0, "load_before": [0], "load_after": [0]}, {"type": "service", "id": "1200114000_48", "location_id": "1200114000", "address": {"location_id": "1200114000", "lat": 42.32568783, "lon": -71.08013888}, "arr_time": 1676296256, "arr_date_time": "2023-02-13T08:50:56-05:00", "end_time": 1676296556, "end_date_time": "2023-02-13T08:55:56-05:00", "waiting_time": 0, "distance": 4121, "driving_time": 3956, "preparation_time": 0, "load_before": [0], "load_after": [0]}, {"type": "service", "id": "1200087000_45", "location_id": "1200087000", "address": {"location_id": "1200087000", "lat": 42.32622063, "lon": -71.08221772}, "arr_time": 1676296740, "arr_date_time": "2023-02-13T08:59:00-05:00", "end_time": 1676297040, "end_date_time": "2023-02-13T09:04:00-05:00", "waiting_time": 0, "distance": 4312, "driving_time": 4140, "preparation_time": 0, "load_before": [0], "load_after": [0]}, {"type": "service", "id": "1200084000_44", "location_id": "1200084000", "address": {"location_id": "1200084000", "lat": 42.32626434, "lon": -71.08241776}, "arr_time": 1676297056, "arr_date_time": "2023-02-13T09:04:16-05:00", "end_time": 1676297356, "end_date_time": "2023-02-13T09:09:16-05:00", "waiting_time": 0, "distance": 4329, "driving_time": 4156, "preparation_time": 0, "load_before": [0], "load_after": [0]}, {"type": "service", "id": "1200082000_43", "location_id": "1200082000", "address": {"location_id": "1200082000", "lat": 42.32634497, "lon": -71.08253905}, "arr_time": 1676297368, "arr_date_time": "2023-02-13T09:09:28-05:00", "end_time": 1676297668, "end_date_time": "2023-02-13T09:14:28-05:00", "waiting_time": 0, "distance": 4341, "driving_time": 4168, "preparation_time": 0, "load_before": [0], "load_after": [0]}, {"type": "service", "id": "1200105000_47", "location_id": "1200105000", "address": {"location_id": "1200105000", "lat": 42.32598115, "lon": -71.08268625}, "arr_time": 1676297843, "arr_date_time": "2023-02-13T09:17:23-05:00", "end_time": 1676298143, "end_date_time": "2023-02-13T09:22:23-05:00", "waiting_time": 0, "distance": 4522, "driving_time": 4343, "preparation_time": 0, "load_before": [0], "load_after": [0]}, {"type": "service", "id": "1200103000_46", "location_id": "1200103000", "address": {"location_id": "1200103000", "lat": 42.32599905, "lon": -71.08252006}, "arr_time": 1676298155, "arr_date_time": "2023-02-13T09:22:35-05:00", "end_time": 1676298455, "end_date_time": "2023-02-13T09:27:35-05:00", "waiting_time": 0, "distance": 4534, "driving_time": 4355, "preparation_time": 0, "load_before": [0], "load_after": [0]}, {"type": "service", "id": "1200078020_42", "location_id": "1200078020", "address": {"location_id": "1200078020", "lat": 42.32715273, "lon": -71.08284705}, "arr_time": 1676298644, "arr_date_time": "2023-02-13T09:30:44-05:00", "end_time": 1676298944, "end_date_time": "2023-02-13T09:35:44-05:00", "waiting_time": 0, "distance": 4732, "driving_time": 4544, "preparation_time": 0, "load_before": [0], "load_after": [0]}, {"type": "end", "location_id": "1200017000", "address": {"location_id": "1200017000", "lat": 42.32811808, "lon": -71.08244678}, "arr_time": 1676299071, "arr_date_time": "2023-02-13T09:37:51-05:00", "end_time": 1676299071, "end_date_time": "2023-02-13T09:37:51-05:00", "waiting_time": 0, "distance": 4864, "driving_time": 4671, "preparation_time": 0, "load_before": [0]}]}], "unassigned": {"services": [], "shipments": [], "breaks": [], "details": []}}}