{"copyrights": ["GraphHopper", "OpenStreetMap contributors"], "job_id": "3cd4df71-6fe7-4186-9b07-22cf42da44c8", "status": "finished", "waiting_time_in_queue": 0, "processing_time": 125, "solution": {"costs": 348, "distance": 2305, "time": 2205, "transport_time": 2205, "completion_time": 18405, "max_operation_time": 18405, "waiting_time": 0, "service_duration": 16200, "preparation_time": 0, "no_vehicles": 1, "no_unassigned": 0, "routes": [{"vehicle_id": "my_vehicle", "shift_id": "default-shift", "distance": 2305, "transport_time": 2205, "completion_time": 18405, "waiting_time": 0, "service_duration": 16200, "preparation_time": 0, "activities": [{"type": "start", "location_id": "1800258000", "address": {"location_id": "1800258000", "lat": 42.27725019, "lon": -71.07792681}, "arr_time": 1676278800, "arr_date_time": "2023-02-13T04:00:00-05:00", "end_time": 1676278800, "end_date_time": "2023-02-13T04:00:00-05:00", "waiting_time": 0, "distance": 0, "driving_time": 0, "preparation_time": 0, "load_after": [0]}, {"type": "service", "id": "1800259000_01", "location_id": "1800259000", "address": {"location_id": "1800259000", "lat": 42.27713279, "lon": -71.0777737}, "arr_time": 1676278817, "arr_date_time": "2023-02-13T04:00:17-05:00", "end_time": 1676279117, "end_date_time": "2023-02-13T04:05:17-05:00", "waiting_time": 0, "distance": 18, "driving_time": 17, "preparation_time": 0, "load_before": [0], "load_after": [0]}, {"type": "service", "id": "1800261000_02", "location_id": "1800261000", "address": {"location_id": "1800261000", "lat": 42.27683386, "lon": -71.07777993}, "arr_time": 1676279204, "arr_date_time": "2023-02-13T04:06:44-05:00", "end_time": 1676279504, "end_date_time": "2023-02-13T04:11:44-05:00", "waiting_time": 0, "distance": 108, "driving_time": 104, "preparation_time": 0, "load_before": [0], "load_after": [0]}, {"type": "service", "id": "1800266000_07", "location_id": "1800266000", "address": {"location_id": "1800266000", "lat": 42.27645864, "lon": -71.07810828}, "arr_time": 1676279553, "arr_date_time": "2023-02-13T04:12:33-05:00", "end_time": 1676279853, "end_date_time": "2023-02-13T04:17:33-05:00", "waiting_time": 0, "distance": 159, "driving_time": 153, "preparation_time": 0, "load_before": [0], "load_after": [0]}, {"type": "service", "id": "1800262000_03", "location_id": "1800262000", "address": {"location_id": "1800262000", "lat": 42.27688191, "lon": -71.07799874}, "arr_time": 1676279868, "arr_date_time": "2023-02-13T04:17:48-05:00", "end_time": 1676280168, "end_date_time": "2023-02-13T04:22:48-05:00", "waiting_time": 0, "distance": 175, "driving_time": 168, "preparation_time": 0, "load_before": [0], "load_after": [0]}, {"type": "service", "id": "1800265000_06", "location_id": "1800265000", "address": {"location_id": "1800265000", "lat": 42.27653571, "lon": -71.07832673}, "arr_time": 1676280172, "arr_date_time": "2023-02-13T04:22:52-05:00", "end_time": 1676280472, "end_date_time": "2023-02-13T04:27:52-05:00", "waiting_time": 0, "distance": 179, "driving_time": 172, "preparation_time": 0, "load_before": [0], "load_after": [0]}, {"type": "service", "id": "1800263000_04", "location_id": "1800263000", "address": {"location_id": "1800263000", "lat": 42.27697125, "lon": -71.07818515}, "arr_time": 1676280485, "arr_date_time": "2023-02-13T04:28:05-05:00", "end_time": 1676280785, "end_date_time": "2023-02-13T04:33:05-05:00", "waiting_time": 0, "distance": 193, "driving_time": 185, "preparation_time": 0, "load_before": [0], "load_after": [0]}, {"type": "service", "id": "1800264000_05", "location_id": "1800264000", "address": {"location_id": "1800264000", "lat": 42.2765917, "lon": -71.07853711}, "arr_time": 1676280789, "arr_date_time": "2023-02-13T04:33:09-05:00", "end_time": 1676281089, "end_date_time": "2023-02-13T04:38:09-05:00", "waiting_time": 0, "distance": 197, "driving_time": 189, "preparation_time": 0, "load_before": [0], "load_after": [0]}, {"type": "service", "id": "1800267000_08", "location_id": "1800267000", "address": {"location_id": "1800267000", "lat": 42.27633874, "lon": -71.07827546}, "arr_time": 1676281179, "arr_date_time": "2023-02-13T04:39:39-05:00", "end_time": 1676281479, "end_date_time": "2023-02-13T04:44:39-05:00", "waiting_time": 0, "distance": 290, "driving_time": 279, "preparation_time": 0, "load_before": [0], "load_after": [0]}, {"type": "service", "id": "1800269000_09", "location_id": "1800269000", "address": {"location_id": "1800269000", "lat": 42.27602831, "lon": -71.07843673}, "arr_time": 1676281564, "arr_date_time": "2023-02-13T04:46:04-05:00", "end_time": 1676281864, "end_date_time": "2023-02-13T04:51:04-05:00", "waiting_time": 0, "distance": 380, "driving_time": 364, "preparation_time": 0, "load_before": [0], "load_after": [0]}, {"type": "service", "id": "1800274000_12", "location_id": "1800274000", "address": {"location_id": "1800274000", "lat": 42.27591059, "lon": -71.07896506}, "arr_time": 1676281880, "arr_date_time": "2023-02-13T04:51:20-05:00", "end_time": 1676282180, "end_date_time": "2023-02-13T04:56:20-05:00", "waiting_time": 0, "distance": 397, "driving_time": 380, "preparation_time": 0, "load_before": [0], "load_after": [0]}, {"type": "service", "id": "1800270000_10", "location_id": "1800270000", "address": {"location_id": "1800270000", "lat": 42.27625315, "lon": -71.07858267}, "arr_time": 1676282189, "arr_date_time": "2023-02-13T04:56:29-05:00", "end_time": 1676282489, "end_date_time": "2023-02-13T05:01:29-05:00", "waiting_time": 0, "distance": 407, "driving_time": 389, "preparation_time": 0, "load_before": [0], "load_after": [0]}, {"type": "service", "id": "1800271000_11", "location_id": "1800271000", "address": {"location_id": "1800271000", "lat": 42.27635647, "lon": -71.07875457}, "arr_time": 1676282507, "arr_date_time": "2023-02-13T05:01:47-05:00", "end_time": 1676282807, "end_date_time": "2023-02-13T05:06:47-05:00", "waiting_time": 0, "distance": 425, "driving_time": 407, "preparation_time": 0, "load_before": [0], "load_after": [0]}, {"type": "service", "id": "1800277000_13", "location_id": "1800277000", "address": {"location_id": "1800277000", "lat": 42.27559052, "lon": -71.07864862}, "arr_time": 1676282884, "arr_date_time": "2023-02-13T05:08:04-05:00", "end_time": 1676283184, "end_date_time": "2023-02-13T05:13:04-05:00", "waiting_time": 0, "distance": 505, "driving_time": 484, "preparation_time": 0, "load_before": [0], "load_after": [0]}, {"type": "service", "id": "1800399000_45", "location_id": "1800399000", "address": {"location_id": "1800399000", "lat": 42.27535839, "lon": -71.07846651}, "arr_time": 1676283212, "arr_date_time": "2023-02-13T05:13:32-05:00", "end_time": 1676283512, "end_date_time": "2023-02-13T05:18:32-05:00", "waiting_time": 0, "distance": 534, "driving_time": 512, "preparation_time": 0, "load_before": [0], "load_after": [0]}, {"type": "service", "id": "1800400000_46", "location_id": "1800400000", "address": {"location_id": "1800400000", "lat": 42.27516815, "lon": -71.07847294}, "arr_time": 1676283531, "arr_date_time": "2023-02-13T05:18:51-05:00", "end_time": 1676283831, "end_date_time": "2023-02-13T05:23:51-05:00", "waiting_time": 0, "distance": 554, "driving_time": 531, "preparation_time": 0, "load_before": [0], "load_after": [0]}, {"type": "service", "id": "1800401000_47", "location_id": "1800401000", "address": {"location_id": "1800401000", "lat": 42.27505846, "lon": -71.07842753}, "arr_time": 1676283845, "arr_date_time": "2023-02-13T05:24:05-05:00", "end_time": 1676284145, "end_date_time": "2023-02-13T05:29:05-05:00", "waiting_time": 0, "distance": 569, "driving_time": 545, "preparation_time": 0, "load_before": [0], "load_after": [0]}, {"type": "service", "id": "1800402000_48", "location_id": "1800402000", "address": {"location_id": "1800402000", "lat": 42.27491693, "lon": -71.07837656}, "arr_time": 1676284161, "arr_date_time": "2023-02-13T05:29:21-05:00", "end_time": 1676284461, "end_date_time": "2023-02-13T05:34:21-05:00", "waiting_time": 0, "distance": 585, "driving_time": 561, "preparation_time": 0, "load_before": [0], "load_after": [0]}, {"type": "service", "id": "1800403000_49", "location_id": "1800403000", "address": {"location_id": "1800403000", "lat": 42.27477697, "lon": -71.07832163}, "arr_time": 1676284477, "arr_date_time": "2023-02-13T05:34:37-05:00", "end_time": 1676284777, "end_date_time": "2023-02-13T05:39:37-05:00", "waiting_time": 0, "distance": 601, "driving_time": 577, "preparation_time": 0, "load_before": [0], "load_after": [0]}, {"type": "service", "id": "1800404000_50", "location_id": "1800404000", "address": {"location_id": "1800404000", "lat": 42.27458559, "lon": -71.0782354}, "arr_time": 1676284799, "arr_date_time": "2023-02-13T05:39:59-05:00", "end_time": 1676285099, "end_date_time": "2023-02-13T05:44:59-05:00", "waiting_time": 0, "distance": 623, "driving_time": 599, "preparation_time": 0, "load_before": [0], "load_after": [0]}, {"type": "service", "id": "1800407000_51", "location_id": "1800407000", "address": {"location_id": "1800407000", "lat": 42.27443891, "lon": -71.07817613}, "arr_time": 1676285115, "arr_date_time": "2023-02-13T05:45:15-05:00", "end_time": 1676285415, "end_date_time": "2023-02-13T05:50:15-05:00", "waiting_time": 0, "distance": 640, "driving_time": 615, "preparation_time": 0, "load_before": [0], "load_after": [0]}, {"type": "service", "id": "1800408000_52", "location_id": "1800408000", "address": {"location_id": "1800408000", "lat": 42.27430073, "lon": -71.07812038}, "arr_time": 1676285432, "arr_date_time": "2023-02-13T05:50:32-05:00", "end_time": 1676285732, "end_date_time": "2023-02-13T05:55:32-05:00", "waiting_time": 0, "distance": 658, "driving_time": 632, "preparation_time": 0, "load_before": [0], "load_after": [0]}, {"type": "service", "id": "1800409000_53", "location_id": "1800409000", "address": {"location_id": "1800409000", "lat": 42.27416366, "lon": -71.07806461}, "arr_time": 1676285747, "arr_date_time": "2023-02-13T05:55:47-05:00", "end_time": 1676286047, "end_date_time": "2023-02-13T06:00:47-05:00", "waiting_time": 0, "distance": 674, "driving_time": 647, "preparation_time": 0, "load_before": [0], "load_after": [0]}, {"type": "service", "id": "1800411000_54", "location_id": "1800411000", "address": {"location_id": "1800411000", "lat": 42.27396729, "lon": -71.07788568}, "arr_time": 1676286069, "arr_date_time": "2023-02-13T06:01:09-05:00", "end_time": 1676286369, "end_date_time": "2023-02-13T06:06:09-05:00", "waiting_time": 0, "distance": 698, "driving_time": 669, "preparation_time": 0, "load_before": [0], "load_after": [0]}, {"type": "service", "id": "1800388000_37", "location_id": "1800388000", "address": {"location_id": "1800388000", "lat": 42.27364296, "lon": -71.07878156}, "arr_time": 1676286485, "arr_date_time": "2023-02-13T06:08:05-05:00", "end_time": 1676286785, "end_date_time": "2023-02-13T06:13:05-05:00", "waiting_time": 0, "distance": 819, "driving_time": 785, "preparation_time": 0, "load_before": [0], "load_after": [0]}, {"type": "service", "id": "1800321000_32", "location_id": "1800321000", "address": {"location_id": "1800321000", "lat": 42.27289651, "lon": -71.07898573}, "arr_time": 1676286863, "arr_date_time": "2023-02-13T06:14:23-05:00", "end_time": 1676287163, "end_date_time": "2023-02-13T06:19:23-05:00", "waiting_time": 0, "distance": 899, "driving_time": 863, "preparation_time": 0, "load_before": [0], "load_after": [0]}, {"type": "service", "id": "1800322000_33", "location_id": "1800322000", "address": {"location_id": "1800322000", "lat": 42.27274886, "lon": -71.07889018}, "arr_time": 1676287181, "arr_date_time": "2023-02-13T06:19:41-05:00", "end_time": 1676287481, "end_date_time": "2023-02-13T06:24:41-05:00", "waiting_time": 0, "distance": 918, "driving_time": 881, "preparation_time": 0, "load_before": [0], "load_after": [0]}, {"type": "service", "id": "1800328000_36", "location_id": "1800328000", "address": {"location_id": "1800328000", "lat": 42.27205323, "lon": -71.07864247}, "arr_time": 1676287564, "arr_date_time": "2023-02-13T06:26:04-05:00", "end_time": 1676287864, "end_date_time": "2023-02-13T06:31:04-05:00", "waiting_time": 0, "distance": 1004, "driving_time": 964, "preparation_time": 0, "load_before": [0], "load_after": [0]}, {"type": "service", "id": "1800323000_34", "location_id": "1800323000", "address": {"location_id": "1800323000", "lat": 42.27263772, "lon": -71.07882934}, "arr_time": 1676287937, "arr_date_time": "2023-02-13T06:32:17-05:00", "end_time": 1676288237, "end_date_time": "2023-02-13T06:37:17-05:00", "waiting_time": 0, "distance": 1080, "driving_time": 1037, "preparation_time": 0, "load_before": [0], "load_after": [0]}, {"type": "service", "id": "1800325000_35", "location_id": "1800325000", "address": {"location_id": "1800325000", "lat": 42.27236079, "lon": -71.07879129}, "arr_time": 1676288240, "arr_date_time": "2023-02-13T06:37:20-05:00", "end_time": 1676288540, "end_date_time": "2023-02-13T06:42:20-05:00", "waiting_time": 0, "distance": 1083, "driving_time": 1040, "preparation_time": 0, "load_before": [0], "load_after": [0]}, {"type": "service", "id": "1800389000_38", "location_id": "1800389000", "address": {"location_id": "1800389000", "lat": 42.27384891, "lon": -71.07874596}, "arr_time": 1676288719, "arr_date_time": "2023-02-13T06:45:19-05:00", "end_time": 1676289019, "end_date_time": "2023-02-13T06:50:19-05:00", "waiting_time": 0, "distance": 1269, "driving_time": 1219, "preparation_time": 0, "load_before": [0], "load_after": [0]}, {"type": "service", "id": "1800391000_39", "location_id": "1800391000", "address": {"location_id": "1800391000", "lat": 42.2741693, "lon": -71.07855455}, "arr_time": 1676289047, "arr_date_time": "2023-02-13T06:50:47-05:00", "end_time": 1676289347, "end_date_time": "2023-02-13T06:55:47-05:00", "waiting_time": 0, "distance": 1299, "driving_time": 1247, "preparation_time": 0, "load_before": [0], "load_after": [0]}, {"type": "service", "id": "1800292000_22", "location_id": "1800292000", "address": {"location_id": "1800292000", "lat": 42.27443736, "lon": -71.07908724}, "arr_time": 1676289376, "arr_date_time": "2023-02-13T06:56:16-05:00", "end_time": 1676289676, "end_date_time": "2023-02-13T07:01:16-05:00", "waiting_time": 0, "distance": 1329, "driving_time": 1276, "preparation_time": 0, "load_before": [0], "load_after": [0]}, {"type": "service", "id": "1800291000_21", "location_id": "1800291000", "address": {"location_id": "1800291000", "lat": 42.27453574, "lon": -71.0791684}, "arr_time": 1676289687, "arr_date_time": "2023-02-13T07:01:27-05:00", "end_time": 1676289987, "end_date_time": "2023-02-13T07:06:27-05:00", "waiting_time": 0, "distance": 1341, "driving_time": 1287, "preparation_time": 0, "load_before": [0], "load_after": [0]}, {"type": "service", "id": "1800395000_41", "location_id": "1800395000", "address": {"location_id": "1800395000", "lat": 42.27476901, "lon": -71.07870351}, "arr_time": 1676290004, "arr_date_time": "2023-02-13T07:06:44-05:00", "end_time": 1676290304, "end_date_time": "2023-02-13T07:11:44-05:00", "waiting_time": 0, "distance": 1360, "driving_time": 1304, "preparation_time": 0, "load_before": [0], "load_after": [0]}, {"type": "service", "id": "1800290000_20", "location_id": "1800290000", "address": {"location_id": "1800290000", "lat": 42.27467811, "lon": -71.07923038}, "arr_time": 1676290305, "arr_date_time": "2023-02-13T07:11:45-05:00", "end_time": 1676290605, "end_date_time": "2023-02-13T07:16:45-05:00", "waiting_time": 0, "distance": 1362, "driving_time": 1305, "preparation_time": 0, "load_before": [0], "load_after": [0]}, {"type": "service", "id": "1800396000_42", "location_id": "1800396000", "address": {"location_id": "1800396000", "lat": 42.27491054, "lon": -71.07875954}, "arr_time": 1676290619, "arr_date_time": "2023-02-13T07:16:59-05:00", "end_time": 1676290919, "end_date_time": "2023-02-13T07:21:59-05:00", "waiting_time": 0, "distance": 1377, "driving_time": 1319, "preparation_time": 0, "load_before": [0], "load_after": [0]}, {"type": "service", "id": "1800288000_19", "location_id": "1800288000", "address": {"location_id": "1800288000", "lat": 42.27479824, "lon": -71.07931043}, "arr_time": 1676290919, "arr_date_time": "2023-02-13T07:21:59-05:00", "end_time": 1676291219, "end_date_time": "2023-02-13T07:26:59-05:00", "waiting_time": 0, "distance": 1377, "driving_time": 1319, "preparation_time": 0, "load_before": [0], "load_after": [0]}, {"type": "service", "id": "1800398000_44", "location_id": "1800398000", "address": {"location_id": "1800398000", "lat": 42.27519023, "lon": -71.07888209}, "arr_time": 1676291248, "arr_date_time": "2023-02-13T07:27:28-05:00", "end_time": 1676291548, "end_date_time": "2023-02-13T07:32:28-05:00", "waiting_time": 0, "distance": 1408, "driving_time": 1348, "preparation_time": 0, "load_before": [0], "load_after": [0]}, {"type": "service", "id": "1800278000_14", "location_id": "1800278000", "address": {"location_id": "1800278000", "lat": 42.27549179, "lon": -71.07895818}, "arr_time": 1676291573, "arr_date_time": "2023-02-13T07:32:53-05:00", "end_time": 1676291873, "end_date_time": "2023-02-13T07:37:53-05:00", "waiting_time": 0, "distance": 1435, "driving_time": 1373, "preparation_time": 0, "load_before": [0], "load_after": [0]}, {"type": "service", "id": "1800279000_15", "location_id": "1800279000", "address": {"location_id": "1800279000", "lat": 42.27552935, "lon": -71.07913201}, "arr_time": 1676291884, "arr_date_time": "2023-02-13T07:38:04-05:00", "end_time": 1676292184, "end_date_time": "2023-02-13T07:43:04-05:00", "waiting_time": 0, "distance": 1446, "driving_time": 1384, "preparation_time": 0, "load_before": [0], "load_after": [0]}, {"type": "service", "id": "1800280000_16", "location_id": "1800280000", "address": {"location_id": "1800280000", "lat": 42.27562812, "lon": -71.07921374}, "arr_time": 1676292196, "arr_date_time": "2023-02-13T07:43:16-05:00", "end_time": 1676292496, "end_date_time": "2023-02-13T07:48:16-05:00", "waiting_time": 0, "distance": 1459, "driving_time": 1396, "preparation_time": 0, "load_before": [0], "load_after": [0]}, {"type": "service", "id": "1800282000_18", "location_id": "1800282000", "address": {"location_id": "1800282000", "lat": 42.2754511, "lon": -71.07960979}, "arr_time": 1676292497, "arr_date_time": "2023-02-13T07:48:17-05:00", "end_time": 1676292797, "end_date_time": "2023-02-13T07:53:17-05:00", "waiting_time": 0, "distance": 1461, "driving_time": 1397, "preparation_time": 0, "load_before": [0], "load_after": [0]}, {"type": "service", "id": "1800281000_17", "location_id": "1800281000", "address": {"location_id": "1800281000", "lat": 42.27577967, "lon": -71.07925224}, "arr_time": 1676292809, "arr_date_time": "2023-02-13T07:53:29-05:00", "end_time": 1676293109, "end_date_time": "2023-02-13T07:58:29-05:00", "waiting_time": 0, "distance": 1474, "driving_time": 1409, "preparation_time": 0, "load_before": [0], "load_after": [0]}, {"type": "service", "id": "1800397000_43", "location_id": "1800397000", "address": {"location_id": "1800397000", "lat": 42.27505647, "lon": -71.07881927}, "arr_time": 1676293188, "arr_date_time": "2023-02-13T07:59:48-05:00", "end_time": 1676293488, "end_date_time": "2023-02-13T08:04:48-05:00", "waiting_time": 0, "distance": 1555, "driving_time": 1488, "preparation_time": 0, "load_before": [0], "load_after": [0]}, {"type": "service", "id": "1800394000_40", "location_id": "1800394000", "address": {"location_id": "1800394000", "lat": 42.27463298, "lon": -71.07867536}, "arr_time": 1676293531, "arr_date_time": "2023-02-13T08:05:31-05:00", "end_time": 1676293831, "end_date_time": "2023-02-13T08:10:31-05:00", "waiting_time": 0, "distance": 1600, "driving_time": 1531, "preparation_time": 0, "load_before": [0], "load_after": [0]}, {"type": "service", "id": "1800310000_31", "location_id": "1800310000", "address": {"location_id": "1800310000", "lat": 42.27375422, "lon": -71.07942985}, "arr_time": 1676293945, "arr_date_time": "2023-02-13T08:12:25-05:00", "end_time": 1676294245, "end_date_time": "2023-02-13T08:17:25-05:00", "waiting_time": 0, "distance": 1719, "driving_time": 1645, "preparation_time": 0, "load_before": [0], "load_after": [0]}, {"type": "service", "id": "1800308000_30", "location_id": "1800308000", "address": {"location_id": "1800308000", "lat": 42.27394783, "lon": -71.07959491}, "arr_time": 1676294269, "arr_date_time": "2023-02-13T08:17:49-05:00", "end_time": 1676294569, "end_date_time": "2023-02-13T08:22:49-05:00", "waiting_time": 0, "distance": 1744, "driving_time": 1669, "preparation_time": 0, "load_before": [0], "load_after": [0]}, {"type": "service", "id": "1800296000_23", "location_id": "1800296000", "address": {"location_id": "1800296000", "lat": 42.27425707, "lon": -71.07932929}, "arr_time": 1676294583, "arr_date_time": "2023-02-13T08:23:03-05:00", "end_time": 1676294883, "end_date_time": "2023-02-13T08:28:03-05:00", "waiting_time": 0, "distance": 1758, "driving_time": 1683, "preparation_time": 0, "load_before": [0], "load_after": [0]}, {"type": "service", "id": "1800307000_29", "location_id": "1800307000", "address": {"location_id": "1800307000", "lat": 42.27403196, "lon": -71.07970014}, "arr_time": 1676294885, "arr_date_time": "2023-02-13T08:28:05-05:00", "end_time": 1676295185, "end_date_time": "2023-02-13T08:33:05-05:00", "waiting_time": 0, "distance": 1761, "driving_time": 1685, "preparation_time": 0, "load_before": [0], "load_after": [0]}, {"type": "service", "id": "1800306000_28", "location_id": "1800306000", "address": {"location_id": "1800306000", "lat": 42.2741155, "lon": -71.07981527}, "arr_time": 1676295200, "arr_date_time": "2023-02-13T08:33:20-05:00", "end_time": 1676295500, "end_date_time": "2023-02-13T08:38:20-05:00", "waiting_time": 0, "distance": 1777, "driving_time": 1700, "preparation_time": 0, "load_before": [0], "load_after": [0]}, {"type": "service", "id": "1800298000_24", "location_id": "1800298000", "address": {"location_id": "1800298000", "lat": 42.2744665, "lon": -71.07954126}, "arr_time": 1676295508, "arr_date_time": "2023-02-13T08:38:28-05:00", "end_time": 1676295808, "end_date_time": "2023-02-13T08:43:28-05:00", "waiting_time": 0, "distance": 1786, "driving_time": 1708, "preparation_time": 0, "load_before": [0], "load_after": [0]}, {"type": "service", "id": "1800300000_25", "location_id": "1800300000", "address": {"location_id": "1800300000", "lat": 42.27460328, "lon": -71.07968561}, "arr_time": 1676295827, "arr_date_time": "2023-02-13T08:43:47-05:00", "end_time": 1676296127, "end_date_time": "2023-02-13T08:48:47-05:00", "waiting_time": 0, "distance": 1805, "driving_time": 1727, "preparation_time": 0, "load_before": [0], "load_after": [0]}, {"type": "service", "id": "1800304000_27", "location_id": "1800304000", "address": {"location_id": "1800304000", "lat": 42.27433069, "lon": -71.08014656}, "arr_time": 1676296135, "arr_date_time": "2023-02-13T08:48:55-05:00", "end_time": 1676296435, "end_date_time": "2023-02-13T08:53:55-05:00", "waiting_time": 0, "distance": 1813, "driving_time": 1735, "preparation_time": 0, "load_before": [0], "load_after": [0]}, {"type": "service", "id": "1800301000_26", "location_id": "1800301000", "address": {"location_id": "1800301000", "lat": 42.2747047, "lon": -71.07982219}, "arr_time": 1676296441, "arr_date_time": "2023-02-13T08:54:01-05:00", "end_time": 1676296741, "end_date_time": "2023-02-13T08:59:01-05:00", "waiting_time": 0, "distance": 1821, "driving_time": 1741, "preparation_time": 0, "load_before": [0], "load_after": [0]}, {"type": "end", "location_id": "1800258000", "address": {"location_id": "1800258000", "lat": 42.27725019, "lon": -71.07792681}, "arr_time": 1676297205, "arr_date_time": "2023-02-13T09:06:45-05:00", "end_time": 1676297205, "end_date_time": "2023-02-13T09:06:45-05:00", "waiting_time": 0, "distance": 2305, "driving_time": 2205, "preparation_time": 0, "load_before": [0]}]}], "unassigned": {"services": [], "shipments": [], "breaks": [], "details": []}}}