{"copyrights": ["GraphHopper", "OpenStreetMap contributors"], "job_id": "76df898c-67ba-4b14-b2ec-409094f4c28c", "status": "finished", "waiting_time_in_queue": 0, "processing_time": 115, "solution": {"costs": 315, "distance": 2737, "time": 2620, "transport_time": 2620, "completion_time": 14320, "max_operation_time": 14320, "waiting_time": 0, "service_duration": 11700, "preparation_time": 0, "no_vehicles": 1, "no_unassigned": 0, "routes": [{"vehicle_id": "my_vehicle", "shift_id": "default-shift", "distance": 2737, "transport_time": 2620, "completion_time": 14320, "waiting_time": 0, "service_duration": 11700, "preparation_time": 0, "activities": [{"type": "start", "location_id": "1701552000", "address": {"location_id": "1701552000", "lat": 42.29085505, "lon": -71.07565555}, "arr_time": 1676278800, "arr_date_time": "2023-02-13T04:00:00-05:00", "end_time": 1676278800, "end_date_time": "2023-02-13T04:00:00-05:00", "waiting_time": 0, "distance": 0, "driving_time": 0, "preparation_time": 0, "load_after": [0]}, {"type": "service", "id": "1701519000_26", "location_id": "1701519000", "address": {"location_id": "1701519000", "lat": 42.29063907, "lon": -71.07524507}, "arr_time": 1676278824, "arr_date_time": "2023-02-13T04:00:24-05:00", "end_time": 1676279124, "end_date_time": "2023-02-13T04:05:24-05:00", "waiting_time": 0, "distance": 25, "driving_time": 24, "preparation_time": 0, "load_before": [0], "load_after": [0]}, {"type": "service", "id": "1701524000_27", "location_id": "1701524000", "address": {"location_id": "1701524000", "lat": 42.29075965, "lon": -71.07450174}, "arr_time": 1676279201, "arr_date_time": "2023-02-13T04:06:41-05:00", "end_time": 1676279501, "end_date_time": "2023-02-13T04:11:41-05:00", "waiting_time": 0, "distance": 106, "driving_time": 101, "preparation_time": 0, "load_before": [0], "load_after": [0]}, {"type": "service", "id": "1701415000_22", "location_id": "1701415000", "address": {"location_id": "1701415000", "lat": 42.29021653, "lon": -71.07330583}, "arr_time": 1676279635, "arr_date_time": "2023-02-13T04:13:55-05:00", "end_time": 1676279935, "end_date_time": "2023-02-13T04:18:55-05:00", "waiting_time": 0, "distance": 244, "driving_time": 235, "preparation_time": 0, "load_before": [0], "load_after": [0]}, {"type": "service", "id": "1701512000_23", "location_id": "1701512000", "address": {"location_id": "1701512000", "lat": 42.29048759, "lon": -71.0747302}, "arr_time": 1676280060, "arr_date_time": "2023-02-13T04:21:00-05:00", "end_time": 1676280360, "end_date_time": "2023-02-13T04:26:00-05:00", "waiting_time": 0, "distance": 374, "driving_time": 360, "preparation_time": 0, "load_before": [0], "load_after": [0]}, {"type": "service", "id": "1701513000_24", "location_id": "1701513000", "address": {"location_id": "1701513000", "lat": 42.29044523, "lon": -71.07490997}, "arr_time": 1676280375, "arr_date_time": "2023-02-13T04:26:15-05:00", "end_time": 1676280675, "end_date_time": "2023-02-13T04:31:15-05:00", "waiting_time": 0, "distance": 390, "driving_time": 375, "preparation_time": 0, "load_before": [0], "load_after": [0]}, {"type": "service", "id": "1701516000_25", "location_id": "1701516000", "address": {"location_id": "1701516000", "lat": 42.29031784, "lon": -71.0754456}, "arr_time": 1676280756, "arr_date_time": "2023-02-13T04:32:36-05:00", "end_time": 1676281056, "end_date_time": "2023-02-13T04:37:36-05:00", "waiting_time": 0, "distance": 475, "driving_time": 456, "preparation_time": 0, "load_before": [0], "load_after": [0]}, {"type": "service", "id": "1701399000_18", "location_id": "1701399000", "address": {"location_id": "1701399000", "lat": 42.28855331, "lon": -71.07482059}, "arr_time": 1676281375, "arr_date_time": "2023-02-13T04:42:55-05:00", "end_time": 1676281675, "end_date_time": "2023-02-13T04:47:55-05:00", "waiting_time": 0, "distance": 807, "driving_time": 775, "preparation_time": 0, "load_before": [0], "load_after": [0]}, {"type": "service", "id": "1701402000_19", "location_id": "1701402000", "address": {"location_id": "1701402000", "lat": 42.28827705, "lon": -71.07483466}, "arr_time": 1676281703, "arr_date_time": "2023-02-13T04:48:23-05:00", "end_time": 1676282003, "end_date_time": "2023-02-13T04:53:23-05:00", "waiting_time": 0, "distance": 837, "driving_time": 803, "preparation_time": 0, "load_before": [0], "load_after": [0]}, {"type": "service", "id": "1701363000_16", "location_id": "1701363000", "address": {"location_id": "1701363000", "lat": 42.28823182, "lon": -71.07429423}, "arr_time": 1676282016, "arr_date_time": "2023-02-13T04:53:36-05:00", "end_time": 1676282316, "end_date_time": "2023-02-13T04:58:36-05:00", "waiting_time": 0, "distance": 851, "driving_time": 816, "preparation_time": 0, "load_before": [0], "load_after": [0]}, {"type": "service", "id": "1701404000_20", "location_id": "1701404000", "address": {"location_id": "1701404000", "lat": 42.28801114, "lon": -71.07475663}, "arr_time": 1676282331, "arr_date_time": "2023-02-13T04:58:51-05:00", "end_time": 1676282631, "end_date_time": "2023-02-13T05:03:51-05:00", "waiting_time": 0, "distance": 867, "driving_time": 831, "preparation_time": 0, "load_before": [0], "load_after": [0]}, {"type": "service", "id": "1701407000_21", "location_id": "1701407000", "address": {"location_id": "1701407000", "lat": 42.28762453, "lon": -71.07464335}, "arr_time": 1676282673, "arr_date_time": "2023-02-13T05:04:33-05:00", "end_time": 1676282973, "end_date_time": "2023-02-13T05:09:33-05:00", "waiting_time": 0, "distance": 911, "driving_time": 873, "preparation_time": 0, "load_before": [0], "load_after": [0]}, {"type": "service", "id": "1701358000_15", "location_id": "1701358000", "address": {"location_id": "1701358000", "lat": 42.28755818, "lon": -71.07409951}, "arr_time": 1676282989, "arr_date_time": "2023-02-13T05:09:49-05:00", "end_time": 1676283289, "end_date_time": "2023-02-13T05:14:49-05:00", "waiting_time": 0, "distance": 928, "driving_time": 889, "preparation_time": 0, "load_before": [0], "load_after": [0]}, {"type": "service", "id": "1701370000_17", "location_id": "1701370000", "address": {"location_id": "1701370000", "lat": 42.28885871, "lon": -71.07400166}, "arr_time": 1676283527, "arr_date_time": "2023-02-13T05:18:47-05:00", "end_time": 1676283827, "end_date_time": "2023-02-13T05:23:47-05:00", "waiting_time": 0, "distance": 1175, "driving_time": 1127, "preparation_time": 0, "load_before": [0], "load_after": [0]}, {"type": "service", "id": "1701339000_11", "location_id": "1701339000", "address": {"location_id": "1701339000", "lat": 42.28878179, "lon": -71.0735427}, "arr_time": 1676283843, "arr_date_time": "2023-02-13T05:24:03-05:00", "end_time": 1676284143, "end_date_time": "2023-02-13T05:29:03-05:00", "waiting_time": 0, "distance": 1192, "driving_time": 1143, "preparation_time": 0, "load_before": [0], "load_after": [0]}, {"type": "service", "id": "1701338000_10", "location_id": "1701338000", "address": {"location_id": "1701338000", "lat": 42.28864657, "lon": -71.07350336}, "arr_time": 1676284157, "arr_date_time": "2023-02-13T05:29:17-05:00", "end_time": 1676284457, "end_date_time": "2023-02-13T05:34:17-05:00", "waiting_time": 0, "distance": 1207, "driving_time": 1157, "preparation_time": 0, "load_before": [0], "load_after": [0]}, {"type": "service", "id": "1701337000_09", "location_id": "1701337000", "address": {"location_id": "1701337000", "lat": 42.28854405, "lon": -71.07347361}, "arr_time": 1676284468, "arr_date_time": "2023-02-13T05:34:28-05:00", "end_time": 1676284768, "end_date_time": "2023-02-13T05:39:28-05:00", "waiting_time": 0, "distance": 1219, "driving_time": 1168, "preparation_time": 0, "load_before": [0], "load_after": [0]}, {"type": "service", "id": "1701334000_08", "location_id": "1701334000", "address": {"location_id": "1701334000", "lat": 42.28825254, "lon": -71.07337007}, "arr_time": 1676284800, "arr_date_time": "2023-02-13T05:40:00-05:00", "end_time": 1676285100, "end_date_time": "2023-02-13T05:45:00-05:00", "waiting_time": 0, "distance": 1252, "driving_time": 1200, "preparation_time": 0, "load_before": [0], "load_after": [0]}, {"type": "service", "id": "1701331000_07", "location_id": "1701331000", "address": {"location_id": "1701331000", "lat": 42.28784516, "lon": -71.07327531}, "arr_time": 1676285144, "arr_date_time": "2023-02-13T05:45:44-05:00", "end_time": 1676285444, "end_date_time": "2023-02-13T05:50:44-05:00", "waiting_time": 0, "distance": 1298, "driving_time": 1244, "preparation_time": 0, "load_before": [0], "load_after": [0]}, {"type": "service", "id": "1701328000_06", "location_id": "1701328000", "address": {"location_id": "1701328000", "lat": 42.28745779, "lon": -71.07328002}, "arr_time": 1676285484, "arr_date_time": "2023-02-13T05:51:24-05:00", "end_time": 1676285784, "end_date_time": "2023-02-13T05:56:24-05:00", "waiting_time": 0, "distance": 1340, "driving_time": 1284, "preparation_time": 0, "load_before": [0], "load_after": [0]}, {"type": "service", "id": "1701723000_36", "location_id": "1701723000", "address": {"location_id": "1701723000", "lat": 42.28702188, "lon": -71.07377966}, "arr_time": 1676285839, "arr_date_time": "2023-02-13T05:57:19-05:00", "end_time": 1676286139, "end_date_time": "2023-02-13T06:02:19-05:00", "waiting_time": 0, "distance": 1397, "driving_time": 1339, "preparation_time": 0, "load_before": [0], "load_after": [0]}, {"type": "service", "id": "1701728000_37", "location_id": "1701728000", "address": {"location_id": "1701728000", "lat": 42.28715, "lon": -71.07290517}, "arr_time": 1676286208, "arr_date_time": "2023-02-13T06:03:28-05:00", "end_time": 1676286508, "end_date_time": "2023-02-13T06:08:28-05:00", "waiting_time": 0, "distance": 1470, "driving_time": 1408, "preparation_time": 0, "load_before": [0], "load_after": [0]}, {"type": "service", "id": "1701326000_05", "location_id": "1701326000", "address": {"location_id": "1701326000", "lat": 42.287508, "lon": -71.07298703}, "arr_time": 1676286512, "arr_date_time": "2023-02-13T06:08:32-05:00", "end_time": 1676286812, "end_date_time": "2023-02-13T06:13:32-05:00", "waiting_time": 0, "distance": 1474, "driving_time": 1412, "preparation_time": 0, "load_before": [0], "load_after": [0]}, {"type": "service", "id": "1701325000_04", "location_id": "1701325000", "address": {"location_id": "1701325000", "lat": 42.28753163, "lon": -71.07284716}, "arr_time": 1676286823, "arr_date_time": "2023-02-13T06:13:43-05:00", "end_time": 1676287123, "end_date_time": "2023-02-13T06:18:43-05:00", "waiting_time": 0, "distance": 1486, "driving_time": 1423, "preparation_time": 0, "load_before": [0], "load_after": [0]}, {"type": "service", "id": "1701729000_38", "location_id": "1701729000", "address": {"location_id": "1701729000", "lat": 42.28718537, "lon": -71.07273023}, "arr_time": 1676287123, "arr_date_time": "2023-02-13T06:18:43-05:00", "end_time": 1676287423, "end_date_time": "2023-02-13T06:23:43-05:00", "waiting_time": 0, "distance": 1487, "driving_time": 1423, "preparation_time": 0, "load_before": [0], "load_after": [0]}, {"type": "service", "id": "1701678000_35", "location_id": "1701678000", "address": {"location_id": "1701678000", "lat": 42.28742015, "lon": -71.07181845}, "arr_time": 1676287499, "arr_date_time": "2023-02-13T06:24:59-05:00", "end_time": 1676287799, "end_date_time": "2023-02-13T06:29:59-05:00", "waiting_time": 0, "distance": 1566, "driving_time": 1499, "preparation_time": 0, "load_before": [0], "load_after": [0]}, {"type": "service", "id": "1701731000_39", "location_id": "1701731000", "address": {"location_id": "1701731000", "lat": 42.28725133, "lon": -71.07231637}, "arr_time": 1676287847, "arr_date_time": "2023-02-13T06:30:47-05:00", "end_time": 1676288147, "end_date_time": "2023-02-13T06:35:47-05:00", "waiting_time": 0, "distance": 1616, "driving_time": 1547, "preparation_time": 0, "load_before": [0], "load_after": [0]}, {"type": "service", "id": "1701676000_34", "location_id": "1701676000", "address": {"location_id": "1701676000", "lat": 42.28722925, "lon": -71.07189924}, "arr_time": 1676288149, "arr_date_time": "2023-02-13T06:35:49-05:00", "end_time": 1676288449, "end_date_time": "2023-02-13T06:40:49-05:00", "waiting_time": 0, "distance": 1619, "driving_time": 1549, "preparation_time": 0, "load_before": [0], "load_after": [0]}, {"type": "service", "id": "1701671000_33", "location_id": "1701671000", "address": {"location_id": "1701671000", "lat": 42.28665025, "lon": -71.07164673}, "arr_time": 1676288568, "arr_date_time": "2023-02-13T06:42:48-05:00", "end_time": 1676288868, "end_date_time": "2023-02-13T06:47:48-05:00", "waiting_time": 0, "distance": 1743, "driving_time": 1668, "preparation_time": 0, "load_before": [0], "load_after": [0]}, {"type": "service", "id": "1701670000_32", "location_id": "1701670000", "address": {"location_id": "1701670000", "lat": 42.28656532, "lon": -71.07143685}, "arr_time": 1676288884, "arr_date_time": "2023-02-13T06:48:04-05:00", "end_time": 1676289184, "end_date_time": "2023-02-13T06:53:04-05:00", "waiting_time": 0, "distance": 1760, "driving_time": 1684, "preparation_time": 0, "load_before": [0], "load_after": [0]}, {"type": "service", "id": "1701669000_31", "location_id": "1701669000", "address": {"location_id": "1701669000", "lat": 42.28665526, "lon": -71.07144143}, "arr_time": 1676289227, "arr_date_time": "2023-02-13T06:53:47-05:00", "end_time": 1676289527, "end_date_time": "2023-02-13T06:58:47-05:00", "waiting_time": 0, "distance": 1805, "driving_time": 1727, "preparation_time": 0, "load_before": [0], "load_after": [0]}, {"type": "service", "id": "1701668000_30", "location_id": "1701668000", "address": {"location_id": "1701668000", "lat": 42.28673908, "lon": -71.07144521}, "arr_time": 1676289536, "arr_date_time": "2023-02-13T06:58:56-05:00", "end_time": 1676289836, "end_date_time": "2023-02-13T07:03:56-05:00", "waiting_time": 0, "distance": 1814, "driving_time": 1736, "preparation_time": 0, "load_before": [0], "load_after": [0]}, {"type": "service", "id": "1701662000_29", "location_id": "1701662000", "address": {"location_id": "1701662000", "lat": 42.2871777, "lon": -71.0715272}, "arr_time": 1676289883, "arr_date_time": "2023-02-13T07:04:43-05:00", "end_time": 1676290183, "end_date_time": "2023-02-13T07:09:43-05:00", "waiting_time": 0, "distance": 1863, "driving_time": 1783, "preparation_time": 0, "load_before": [0], "load_after": [0]}, {"type": "service", "id": "1701660000_28", "location_id": "1701660000", "address": {"location_id": "1701660000", "lat": 42.28733198, "lon": -71.07153375}, "arr_time": 1676290197, "arr_date_time": "2023-02-13T07:09:57-05:00", "end_time": 1676290497, "end_date_time": "2023-02-13T07:14:57-05:00", "waiting_time": 0, "distance": 1879, "driving_time": 1797, "preparation_time": 0, "load_before": [0], "load_after": [0]}, {"type": "service", "id": "1701292000_01", "location_id": "1701292000", "address": {"location_id": "1701292000", "lat": 42.28876235, "lon": -71.07172766}, "arr_time": 1676290685, "arr_date_time": "2023-02-13T07:18:05-05:00", "end_time": 1676290985, "end_date_time": "2023-02-13T07:23:05-05:00", "waiting_time": 0, "distance": 2075, "driving_time": 1985, "preparation_time": 0, "load_before": [0], "load_after": [0]}, {"type": "service", "id": "1701296000_02", "location_id": "1701296000", "address": {"location_id": "1701296000", "lat": 42.28858014, "lon": -71.07227583}, "arr_time": 1676291032, "arr_date_time": "2023-02-13T07:23:52-05:00", "end_time": 1676291332, "end_date_time": "2023-02-13T07:28:52-05:00", "waiting_time": 0, "distance": 2124, "driving_time": 2032, "preparation_time": 0, "load_before": [0], "load_after": [0]}, {"type": "service", "id": "1701351000_14", "location_id": "1701351000", "address": {"location_id": "1701351000", "lat": 42.287907, "lon": -71.07291379}, "arr_time": 1676291413, "arr_date_time": "2023-02-13T07:30:13-05:00", "end_time": 1676291713, "end_date_time": "2023-02-13T07:35:13-05:00", "waiting_time": 0, "distance": 2209, "driving_time": 2113, "preparation_time": 0, "load_before": [0], "load_after": [0]}, {"type": "service", "id": "1701348000_13", "location_id": "1701348000", "address": {"location_id": "1701348000", "lat": 42.2883089, "lon": -71.07300678}, "arr_time": 1676291757, "arr_date_time": "2023-02-13T07:35:57-05:00", "end_time": 1676292057, "end_date_time": "2023-02-13T07:40:57-05:00", "waiting_time": 0, "distance": 2254, "driving_time": 2157, "preparation_time": 0, "load_before": [0], "load_after": [0]}, {"type": "service", "id": "1701346000_12", "location_id": "1701346000", "address": {"location_id": "1701346000", "lat": 42.288576, "lon": -71.07310348}, "arr_time": 1676292087, "arr_date_time": "2023-02-13T07:41:27-05:00", "end_time": 1676292387, "end_date_time": "2023-02-13T07:46:27-05:00", "waiting_time": 0, "distance": 2285, "driving_time": 2187, "preparation_time": 0, "load_before": [0], "load_after": [0]}, {"type": "service", "id": "1701302000_03", "location_id": "1701302000", "address": {"location_id": "1701302000", "lat": 42.28890075, "lon": -71.07266724}, "arr_time": 1676292413, "arr_date_time": "2023-02-13T07:46:53-05:00", "end_time": 1676292713, "end_date_time": "2023-02-13T07:51:53-05:00", "waiting_time": 0, "distance": 2313, "driving_time": 2213, "preparation_time": 0, "load_before": [0], "load_after": [0]}, {"type": "end", "location_id": "1701552000", "address": {"location_id": "1701552000", "lat": 42.29085505, "lon": -71.07565555}, "arr_time": 1676293120, "arr_date_time": "2023-02-13T07:58:40-05:00", "end_time": 1676293120, "end_date_time": "2023-02-13T07:58:40-05:00", "waiting_time": 0, "distance": 2737, "driving_time": 2620, "preparation_time": 0, "load_before": [0]}]}], "unassigned": {"services": [], "shipments": [], "breaks": [], "details": []}}}