{"copyrights": ["GraphHopper", "OpenStreetMap contributors"], "job_id": "7594b00d-faa0-48b1-bf6e-e8418e1d0216", "status": "finished", "waiting_time_in_queue": 0, "processing_time": 162, "solution": {"costs": 352, "distance": 3109, "time": 2984, "transport_time": 2984, "completion_time": 18884, "max_operation_time": 18884, "waiting_time": 0, "service_duration": 15900, "preparation_time": 0, "no_vehicles": 1, "no_unassigned": 0, "routes": [{"vehicle_id": "my_vehicle", "shift_id": "default-shift", "distance": 3109, "transport_time": 2984, "completion_time": 18884, "waiting_time": 0, "service_duration": 15900, "preparation_time": 0, "activities": [{"type": "start", "location_id": "1200841000", "address": {"location_id": "1200841000", "lat": 42.31921548, "lon": -71.08063999}, "arr_time": 1676278800, "arr_date_time": "2023-02-13T04:00:00-05:00", "end_time": 1676278800, "end_date_time": "2023-02-13T04:00:00-05:00", "waiting_time": 0, "distance": 0, "driving_time": 0, "preparation_time": 0, "load_after": [0]}, {"type": "service", "id": "1200842000_01", "location_id": "1200842000", "address": {"location_id": "1200842000", "lat": 42.31917263, "lon": -71.08054835}, "arr_time": 1676278808, "arr_date_time": "2023-02-13T04:00:08-05:00", "end_time": 1676279108, "end_date_time": "2023-02-13T04:05:08-05:00", "waiting_time": 0, "distance": 9, "driving_time": 8, "preparation_time": 0, "load_before": [0], "load_after": [0]}, {"type": "service", "id": "1200844000_02", "location_id": "1200844000", "address": {"location_id": "1200844000", "lat": 42.31906802, "lon": -71.08033171}, "arr_time": 1676279128, "arr_date_time": "2023-02-13T04:05:28-05:00", "end_time": 1676279428, "end_date_time": "2023-02-13T04:10:28-05:00", "waiting_time": 0, "distance": 30, "driving_time": 28, "preparation_time": 0, "load_before": [0], "load_after": [0]}, {"type": "service", "id": "1200845000_03", "location_id": "1200845000", "address": {"location_id": "1200845000", "lat": 42.31901394, "lon": -71.08022297}, "arr_time": 1676279439, "arr_date_time": "2023-02-13T04:10:39-05:00", "end_time": 1676279739, "end_date_time": "2023-02-13T04:15:39-05:00", "waiting_time": 0, "distance": 41, "driving_time": 39, "preparation_time": 0, "load_before": [0], "load_after": [0]}, {"type": "service", "id": "1200846000_04", "location_id": "1200846000", "address": {"location_id": "1200846000", "lat": 42.31896811, "lon": -71.08012855}, "arr_time": 1676279747, "arr_date_time": "2023-02-13T04:15:47-05:00", "end_time": 1676280047, "end_date_time": "2023-02-13T04:20:47-05:00", "waiting_time": 0, "distance": 50, "driving_time": 47, "preparation_time": 0, "load_before": [0], "load_after": [0]}, {"type": "service", "id": "1200849000_05", "location_id": "1200849000", "address": {"location_id": "1200849000", "lat": 42.31881132, "lon": -71.07979644}, "arr_time": 1676280077, "arr_date_time": "2023-02-13T04:21:17-05:00", "end_time": 1676280377, "end_date_time": "2023-02-13T04:26:17-05:00", "waiting_time": 0, "distance": 82, "driving_time": 77, "preparation_time": 0, "load_before": [0], "load_after": [0]}, {"type": "service", "id": "1200851000_06", "location_id": "1200851000", "address": {"location_id": "1200851000", "lat": 42.31872251, "lon": -71.0796043}, "arr_time": 1676280395, "arr_date_time": "2023-02-13T04:26:35-05:00", "end_time": 1676280695, "end_date_time": "2023-02-13T04:31:35-05:00", "waiting_time": 0, "distance": 101, "driving_time": 95, "preparation_time": 0, "load_before": [0], "load_after": [0]}, {"type": "service", "id": "1200855000_07", "location_id": "1200855000", "address": {"location_id": "1200855000", "lat": 42.31854019, "lon": -71.07916274}, "arr_time": 1676280733, "arr_date_time": "2023-02-13T04:32:13-05:00", "end_time": 1676281033, "end_date_time": "2023-02-13T04:37:13-05:00", "waiting_time": 0, "distance": 141, "driving_time": 133, "preparation_time": 0, "load_before": [0], "load_after": [0]}, {"type": "service", "id": "1200902000_10", "location_id": "1200902000", "address": {"location_id": "1200902000", "lat": 42.31795287, "lon": -71.0790396}, "arr_time": 1676281288, "arr_date_time": "2023-02-13T04:41:28-05:00", "end_time": 1676281588, "end_date_time": "2023-02-13T04:46:28-05:00", "waiting_time": 0, "distance": 407, "driving_time": 388, "preparation_time": 0, "load_before": [0], "load_after": [0]}, {"type": "service", "id": "1200867000_08", "location_id": "1200867000", "address": {"location_id": "1200867000", "lat": 42.31826052, "lon": -71.07880743}, "arr_time": 1676281596, "arr_date_time": "2023-02-13T04:46:36-05:00", "end_time": 1676281896, "end_date_time": "2023-02-13T04:51:36-05:00", "waiting_time": 0, "distance": 415, "driving_time": 396, "preparation_time": 0, "load_before": [0], "load_after": [0]}, {"type": "service", "id": "1200903010_11", "location_id": "1200903010", "address": {"location_id": "1200903010", "lat": 42.3180272, "lon": -71.07915304}, "arr_time": 1676281900, "arr_date_time": "2023-02-13T04:51:40-05:00", "end_time": 1676282200, "end_date_time": "2023-02-13T04:56:40-05:00", "waiting_time": 0, "distance": 419, "driving_time": 400, "preparation_time": 0, "load_before": [0], "load_after": [0]}, {"type": "service", "id": "1200904010_12", "location_id": "1200904010", "address": {"location_id": "1200904010", "lat": 42.31811463, "lon": -71.0792833}, "arr_time": 1676282213, "arr_date_time": "2023-02-13T04:56:53-05:00", "end_time": 1676282513, "end_date_time": "2023-02-13T05:01:53-05:00", "waiting_time": 0, "distance": 433, "driving_time": 413, "preparation_time": 0, "load_before": [0], "load_after": [0]}, {"type": "service", "id": "1200917010_18", "location_id": "1200917010", "address": {"location_id": "1200917010", "lat": 42.31793674, "lon": -71.07980119}, "arr_time": 1676282575, "arr_date_time": "2023-02-13T05:02:55-05:00", "end_time": 1676282875, "end_date_time": "2023-02-13T05:07:55-05:00", "waiting_time": 0, "distance": 497, "driving_time": 475, "preparation_time": 0, "load_before": [0], "load_after": [0]}, {"type": "service", "id": "1200917020_19", "location_id": "1200917020", "address": {"location_id": "1200917020", "lat": 42.31787739, "lon": -71.07971744}, "arr_time": 1676282884, "arr_date_time": "2023-02-13T05:08:04-05:00", "end_time": 1676283184, "end_date_time": "2023-02-13T05:13:04-05:00", "waiting_time": 0, "distance": 507, "driving_time": 484, "preparation_time": 0, "load_before": [0], "load_after": [0]}, {"type": "service", "id": "1200916000_17", "location_id": "1200916000", "address": {"location_id": "1200916000", "lat": 42.31800891, "lon": -71.07989154}, "arr_time": 1676283204, "arr_date_time": "2023-02-13T05:13:24-05:00", "end_time": 1676283504, "end_date_time": "2023-02-13T05:18:24-05:00", "waiting_time": 0, "distance": 528, "driving_time": 504, "preparation_time": 0, "load_before": [0], "load_after": [0]}, {"type": "service", "id": "1200915000_16", "location_id": "1200915000", "address": {"location_id": "1200915000", "lat": 42.31806711, "lon": -71.07997861}, "arr_time": 1676283513, "arr_date_time": "2023-02-13T05:18:33-05:00", "end_time": 1676283813, "end_date_time": "2023-02-13T05:23:33-05:00", "waiting_time": 0, "distance": 538, "driving_time": 513, "preparation_time": 0, "load_before": [0], "load_after": [0]}, {"type": "service", "id": "1200914000_15", "location_id": "1200914000", "address": {"location_id": "1200914000", "lat": 42.31812177, "lon": -71.08006124}, "arr_time": 1676283824, "arr_date_time": "2023-02-13T05:23:44-05:00", "end_time": 1676284124, "end_date_time": "2023-02-13T05:28:44-05:00", "waiting_time": 0, "distance": 549, "driving_time": 524, "preparation_time": 0, "load_before": [0], "load_after": [0]}, {"type": "service", "id": "1200913000_14", "location_id": "1200913000", "address": {"location_id": "1200913000", "lat": 42.31818645, "lon": -71.08019445}, "arr_time": 1676284136, "arr_date_time": "2023-02-13T05:28:56-05:00", "end_time": 1676284436, "end_date_time": "2023-02-13T05:33:56-05:00", "waiting_time": 0, "distance": 562, "driving_time": 536, "preparation_time": 0, "load_before": [0], "load_after": [0]}, {"type": "service", "id": "1200878000_09", "location_id": "1200878000", "address": {"location_id": "1200878000", "lat": 42.3186246, "lon": -71.0801569}, "arr_time": 1676284460, "arr_date_time": "2023-02-13T05:34:20-05:00", "end_time": 1676284760, "end_date_time": "2023-02-13T05:39:20-05:00", "waiting_time": 0, "distance": 587, "driving_time": 560, "preparation_time": 0, "load_before": [0], "load_after": [0]}, {"type": "service", "id": "1200908000_13", "location_id": "1200908000", "address": {"location_id": "1200908000", "lat": 42.3184067, "lon": -71.08066346}, "arr_time": 1676284816, "arr_date_time": "2023-02-13T05:40:16-05:00", "end_time": 1676285116, "end_date_time": "2023-02-13T05:45:16-05:00", "waiting_time": 0, "distance": 645, "driving_time": 616, "preparation_time": 0, "load_before": [0], "load_after": [0]}, {"type": "service", "id": "1200970000_27", "location_id": "1200970000", "address": {"location_id": "1200970000", "lat": 42.31773989, "lon": -71.08113418}, "arr_time": 1676285400, "arr_date_time": "2023-02-13T05:50:00-05:00", "end_time": 1676285700, "end_date_time": "2023-02-13T05:55:00-05:00", "waiting_time": 0, "distance": 940, "driving_time": 900, "preparation_time": 0, "load_before": [0], "load_after": [0]}, {"type": "service", "id": "1200944000_26", "location_id": "1200944000", "address": {"location_id": "1200944000", "lat": 42.31758812, "lon": -71.08031743}, "arr_time": 1676285767, "arr_date_time": "2023-02-13T05:56:07-05:00", "end_time": 1676286067, "end_date_time": "2023-02-13T06:01:07-05:00", "waiting_time": 0, "distance": 1010, "driving_time": 967, "preparation_time": 0, "load_before": [0], "load_after": [0]}, {"type": "service", "id": "1200939000_25", "location_id": "1200939000", "address": {"location_id": "1200939000", "lat": 42.31732348, "lon": -71.07995063}, "arr_time": 1676286107, "arr_date_time": "2023-02-13T06:01:47-05:00", "end_time": 1676286407, "end_date_time": "2023-02-13T06:06:47-05:00", "waiting_time": 0, "distance": 1052, "driving_time": 1007, "preparation_time": 0, "load_before": [0], "load_after": [0]}, {"type": "service", "id": "1200937010_24", "location_id": "1200937010", "address": {"location_id": "1200937010", "lat": 42.31721366, "lon": -71.079814}, "arr_time": 1676286423, "arr_date_time": "2023-02-13T06:07:03-05:00", "end_time": 1676286723, "end_date_time": "2023-02-13T06:12:03-05:00", "waiting_time": 0, "distance": 1069, "driving_time": 1023, "preparation_time": 0, "load_before": [0], "load_after": [0]}, {"type": "service", "id": "1200936010_23", "location_id": "1200936010", "address": {"location_id": "1200936010", "lat": 42.31709822, "lon": -71.07967119}, "arr_time": 1676286740, "arr_date_time": "2023-02-13T06:12:20-05:00", "end_time": 1676287040, "end_date_time": "2023-02-13T06:17:20-05:00", "waiting_time": 0, "distance": 1086, "driving_time": 1040, "preparation_time": 0, "load_before": [0], "load_after": [0]}, {"type": "service", "id": "1200985000_28", "location_id": "1200985000", "address": {"location_id": "1200985000", "lat": 42.31677247, "lon": -71.07999845}, "arr_time": 1676287048, "arr_date_time": "2023-02-13T06:17:28-05:00", "end_time": 1676287348, "end_date_time": "2023-02-13T06:22:28-05:00", "waiting_time": 0, "distance": 1095, "driving_time": 1048, "preparation_time": 0, "load_before": [0], "load_after": [0]}, {"type": "service", "id": "1200931010_22", "location_id": "1200931010", "address": {"location_id": "1200931010", "lat": 42.31673409, "lon": -71.07927575}, "arr_time": 1676287389, "arr_date_time": "2023-02-13T06:23:09-05:00", "end_time": 1676287689, "end_date_time": "2023-02-13T06:28:09-05:00", "waiting_time": 0, "distance": 1138, "driving_time": 1089, "preparation_time": 0, "load_before": [0], "load_after": [0]}, {"type": "service", "id": "1200989010_29", "location_id": "1200989010", "address": {"location_id": "1200989010", "lat": 42.3164489, "lon": -71.07957471}, "arr_time": 1676287696, "arr_date_time": "2023-02-13T06:28:16-05:00", "end_time": 1676287996, "end_date_time": "2023-02-13T06:33:16-05:00", "waiting_time": 0, "distance": 1145, "driving_time": 1096, "preparation_time": 0, "load_before": [0], "load_after": [0]}, {"type": "service", "id": "1200930010_21", "location_id": "1200930010", "address": {"location_id": "1200930010", "lat": 42.31661371, "lon": -71.07912431}, "arr_time": 1676288007, "arr_date_time": "2023-02-13T06:33:27-05:00", "end_time": 1676288307, "end_date_time": "2023-02-13T06:38:27-05:00", "waiting_time": 0, "distance": 1156, "driving_time": 1107, "preparation_time": 0, "load_before": [0], "load_after": [0]}, {"type": "service", "id": "1200991000_30", "location_id": "1200991000", "address": {"location_id": "1200991000", "lat": 42.3163306, "lon": -71.07941474}, "arr_time": 1676288313, "arr_date_time": "2023-02-13T06:38:33-05:00", "end_time": 1676288613, "end_date_time": "2023-02-13T06:43:33-05:00", "waiting_time": 0, "distance": 1163, "driving_time": 1113, "preparation_time": 0, "load_before": [0], "load_after": [0]}, {"type": "service", "id": "1200928000_20", "location_id": "1200928000", "address": {"location_id": "1200928000", "lat": 42.31650202, "lon": -71.07897092}, "arr_time": 1676288841, "arr_date_time": "2023-02-13T06:47:21-05:00", "end_time": 1676289141, "end_date_time": "2023-02-13T06:52:21-05:00", "waiting_time": 0, "distance": 1401, "driving_time": 1341, "preparation_time": 0, "load_before": [0], "load_after": [0]}, {"type": "service", "id": "1202930000_46", "location_id": "1202930000", "address": {"location_id": "1202930000", "lat": 42.31553539, "lon": -71.07951277}, "arr_time": 1676289428, "arr_date_time": "2023-02-13T06:57:08-05:00", "end_time": 1676289728, "end_date_time": "2023-02-13T07:02:08-05:00", "waiting_time": 0, "distance": 1699, "driving_time": 1628, "preparation_time": 0, "load_before": [0], "load_after": [0]}, {"type": "service", "id": "1202929000_45", "location_id": "1202929000", "address": {"location_id": "1202929000", "lat": 42.31558182, "lon": -71.07959683}, "arr_time": 1676289736, "arr_date_time": "2023-02-13T07:02:16-05:00", "end_time": 1676290036, "end_date_time": "2023-02-13T07:07:16-05:00", "waiting_time": 0, "distance": 1708, "driving_time": 1636, "preparation_time": 0, "load_before": [0], "load_after": [0]}, {"type": "service", "id": "1202925010_44", "location_id": "1202925010", "address": {"location_id": "1202925010", "lat": 42.31582765, "lon": -71.08002131}, "arr_time": 1676290077, "arr_date_time": "2023-02-13T07:07:57-05:00", "end_time": 1676290377, "end_date_time": "2023-02-13T07:12:57-05:00", "waiting_time": 0, "distance": 1751, "driving_time": 1677, "preparation_time": 0, "load_before": [0], "load_after": [0]}, {"type": "service", "id": "1201005010_31", "location_id": "1201005010", "address": {"location_id": "1201005010", "lat": 42.3162184, "lon": -71.07981363}, "arr_time": 1676290392, "arr_date_time": "2023-02-13T07:13:12-05:00", "end_time": 1676290692, "end_date_time": "2023-02-13T07:18:12-05:00", "waiting_time": 0, "distance": 1766, "driving_time": 1692, "preparation_time": 0, "load_before": [0], "load_after": [0]}, {"type": "service", "id": "1202924010_43", "location_id": "1202924010", "address": {"location_id": "1202924010", "lat": 42.31593971, "lon": -71.08020338}, "arr_time": 1676290696, "arr_date_time": "2023-02-13T07:18:16-05:00", "end_time": 1676290996, "end_date_time": "2023-02-13T07:23:16-05:00", "waiting_time": 0, "distance": 1770, "driving_time": 1696, "preparation_time": 0, "load_before": [0], "load_after": [0]}, {"type": "service", "id": "1201008000_32", "location_id": "1201008000", "address": {"location_id": "1201008000", "lat": 42.31639637, "lon": -71.08007896}, "arr_time": 1676291020, "arr_date_time": "2023-02-13T07:23:40-05:00", "end_time": 1676291320, "end_date_time": "2023-02-13T07:28:40-05:00", "waiting_time": 0, "distance": 1795, "driving_time": 1720, "preparation_time": 0, "load_before": [0], "load_after": [0]}, {"type": "service", "id": "1201009000_33", "location_id": "1201009000", "address": {"location_id": "1201009000", "lat": 42.31648963, "lon": -71.08021317}, "arr_time": 1676291335, "arr_date_time": "2023-02-13T07:28:55-05:00", "end_time": 1676291635, "end_date_time": "2023-02-13T07:33:55-05:00", "waiting_time": 0, "distance": 1810, "driving_time": 1735, "preparation_time": 0, "load_before": [0], "load_after": [0]}, {"type": "service", "id": "1201010000_34", "location_id": "1201010000", "address": {"location_id": "1201010000", "lat": 42.31657878, "lon": -71.08035289}, "arr_time": 1676291649, "arr_date_time": "2023-02-13T07:34:09-05:00", "end_time": 1676291949, "end_date_time": "2023-02-13T07:39:09-05:00", "waiting_time": 0, "distance": 1825, "driving_time": 1749, "preparation_time": 0, "load_before": [0], "load_after": [0]}, {"type": "service", "id": "1202919000_42", "location_id": "1202919000", "address": {"location_id": "1202919000", "lat": 42.31628388, "lon": -71.08075937}, "arr_time": 1676291953, "arr_date_time": "2023-02-13T07:39:13-05:00", "end_time": 1676292253, "end_date_time": "2023-02-13T07:44:13-05:00", "waiting_time": 0, "distance": 1829, "driving_time": 1753, "preparation_time": 0, "load_before": [0], "load_after": [0]}, {"type": "service", "id": "1201011000_35", "location_id": "1201011000", "address": {"location_id": "1201011000", "lat": 42.31667744, "lon": -71.08049176}, "arr_time": 1676292265, "arr_date_time": "2023-02-13T07:44:25-05:00", "end_time": 1676292565, "end_date_time": "2023-02-13T07:49:25-05:00", "waiting_time": 0, "distance": 1841, "driving_time": 1765, "preparation_time": 0, "load_before": [0], "load_after": [0]}, {"type": "service", "id": "1202916000_41", "location_id": "1202916000", "address": {"location_id": "1202916000", "lat": 42.31648037, "lon": -71.08102316}, "arr_time": 1676292583, "arr_date_time": "2023-02-13T07:49:43-05:00", "end_time": 1676292883, "end_date_time": "2023-02-13T07:54:43-05:00", "waiting_time": 0, "distance": 1860, "driving_time": 1783, "preparation_time": 0, "load_before": [0], "load_after": [0]}, {"type": "service", "id": "1201014010_36", "location_id": "1201014010", "address": {"location_id": "1201014010", "lat": 42.3168908, "lon": -71.08080215}, "arr_time": 1676292899, "arr_date_time": "2023-02-13T07:54:59-05:00", "end_time": 1676293199, "end_date_time": "2023-02-13T07:59:59-05:00", "waiting_time": 0, "distance": 1876, "driving_time": 1799, "preparation_time": 0, "load_before": [0], "load_after": [0]}, {"type": "service", "id": "1201016000_37", "location_id": "1201016000", "address": {"location_id": "1201016000", "lat": 42.31697944, "lon": -71.08093045}, "arr_time": 1676293215, "arr_date_time": "2023-02-13T08:00:15-05:00", "end_time": 1676293515, "end_date_time": "2023-02-13T08:05:15-05:00", "waiting_time": 0, "distance": 1893, "driving_time": 1815, "preparation_time": 0, "load_before": [0], "load_after": [0]}, {"type": "service", "id": "1201017000_38", "location_id": "1201017000", "address": {"location_id": "1201017000", "lat": 42.31704933, "lon": -71.08102285}, "arr_time": 1676293525, "arr_date_time": "2023-02-13T08:05:25-05:00", "end_time": 1676293825, "end_date_time": "2023-02-13T08:10:25-05:00", "waiting_time": 0, "distance": 1904, "driving_time": 1825, "preparation_time": 0, "load_before": [0], "load_after": [0]}, {"type": "service", "id": "1202915000_40", "location_id": "1202915000", "address": {"location_id": "1202915000", "lat": 42.31664048, "lon": -71.08115311}, "arr_time": 1676293849, "arr_date_time": "2023-02-13T08:10:49-05:00", "end_time": 1676294149, "end_date_time": "2023-02-13T08:15:49-05:00", "waiting_time": 0, "distance": 1929, "driving_time": 1849, "preparation_time": 0, "load_before": [0], "load_after": [0]}, {"type": "service", "id": "1202973000_51", "location_id": "1202973000", "address": {"location_id": "1202973000", "lat": 42.31671728, "lon": -71.08152953}, "arr_time": 1676294164, "arr_date_time": "2023-02-13T08:16:04-05:00", "end_time": 1676294464, "end_date_time": "2023-02-13T08:21:04-05:00", "waiting_time": 0, "distance": 1944, "driving_time": 1864, "preparation_time": 0, "load_before": [0], "load_after": [0]}, {"type": "service", "id": "1202974000_52", "location_id": "1202974000", "address": {"location_id": "1202974000", "lat": 42.31667599, "lon": -71.08166037}, "arr_time": 1676294473, "arr_date_time": "2023-02-13T08:21:13-05:00", "end_time": 1676294773, "end_date_time": "2023-02-13T08:26:13-05:00", "waiting_time": 0, "distance": 1953, "driving_time": 1873, "preparation_time": 0, "load_before": [0], "load_after": [0]}, {"type": "service", "id": "1202910010_39", "location_id": "1202910010", "address": {"location_id": "1202910010", "lat": 42.31614566, "lon": -71.08157296}, "arr_time": 1676294819, "arr_date_time": "2023-02-13T08:26:59-05:00", "end_time": 1676295119, "end_date_time": "2023-02-13T08:31:59-05:00", "waiting_time": 0, "distance": 2000, "driving_time": 1919, "preparation_time": 0, "load_before": [0], "load_after": [0]}, {"type": "service", "id": "1202962000_50", "location_id": "1202962000", "address": {"location_id": "1202962000", "lat": 42.31602106, "lon": -71.08100976}, "arr_time": 1676295195, "arr_date_time": "2023-02-13T08:33:15-05:00", "end_time": 1676295495, "end_date_time": "2023-02-13T08:38:15-05:00", "waiting_time": 0, "distance": 2079, "driving_time": 1995, "preparation_time": 0, "load_before": [0], "load_after": [0]}, {"type": "service", "id": "1202961000_49", "location_id": "1202961000", "address": {"location_id": "1202961000", "lat": 42.31596057, "lon": -71.0808836}, "arr_time": 1676295507, "arr_date_time": "2023-02-13T08:38:27-05:00", "end_time": 1676295807, "end_date_time": "2023-02-13T08:43:27-05:00", "waiting_time": 0, "distance": 2091, "driving_time": 2007, "preparation_time": 0, "load_before": [0], "load_after": [0]}, {"type": "service", "id": "1202959000_48", "location_id": "1202959000", "address": {"location_id": "1202959000", "lat": 42.31580153, "lon": -71.08060905}, "arr_time": 1676295831, "arr_date_time": "2023-02-13T08:43:51-05:00", "end_time": 1676296131, "end_date_time": "2023-02-13T08:48:51-05:00", "waiting_time": 0, "distance": 2116, "driving_time": 2031, "preparation_time": 0, "load_before": [0], "load_after": [0]}, {"type": "service", "id": "1202950000_47", "location_id": "1202950000", "address": {"location_id": "1202950000", "lat": 42.3152577, "lon": -71.07964316}, "arr_time": 1676296227, "arr_date_time": "2023-02-13T08:50:27-05:00", "end_time": 1676296527, "end_date_time": "2023-02-13T08:55:27-05:00", "waiting_time": 0, "distance": 2217, "driving_time": 2127, "preparation_time": 0, "load_before": [0], "load_after": [0]}, {"type": "service", "id": "1202976000_53", "location_id": "1202976000", "address": {"location_id": "1202976000", "lat": 42.31647378, "lon": -71.08178639}, "arr_time": 1676296889, "arr_date_time": "2023-02-13T09:01:29-05:00", "end_time": 1676297189, "end_date_time": "2023-02-13T09:06:29-05:00", "waiting_time": 0, "distance": 2594, "driving_time": 2489, "preparation_time": 0, "load_before": [0], "load_after": [0]}, {"type": "end", "location_id": "1200841000", "address": {"location_id": "1200841000", "lat": 42.31921548, "lon": -71.08063999}, "arr_time": 1676297684, "arr_date_time": "2023-02-13T09:14:44-05:00", "end_time": 1676297684, "end_date_time": "2023-02-13T09:14:44-05:00", "waiting_time": 0, "distance": 3109, "driving_time": 2984, "preparation_time": 0, "load_before": [0]}]}], "unassigned": {"services": [], "shipments": [], "breaks": [], "details": []}}}