{"copyrights": ["GraphHopper", "OpenStreetMap contributors"], "job_id": "e61ec48e-675c-4867-9801-4d98d3b63362", "status": "finished", "waiting_time_in_queue": 0, "processing_time": 192, "solution": {"costs": 372, "distance": 3183, "time": 3051, "transport_time": 3051, "completion_time": 21351, "max_operation_time": 21351, "waiting_time": 0, "service_duration": 18300, "preparation_time": 0, "no_vehicles": 1, "no_unassigned": 0, "routes": [{"vehicle_id": "my_vehicle", "shift_id": "default-shift", "distance": 3183, "transport_time": 3051, "completion_time": 21351, "waiting_time": 0, "service_duration": 18300, "preparation_time": 0, "activities": [{"type": "start", "location_id": "1301394000", "address": {"location_id": "1301394000", "lat": 42.31645416, "lon": -71.06480893}, "arr_time": 1676278800, "arr_date_time": "2023-02-13T04:00:00-05:00", "end_time": 1676278800, "end_date_time": "2023-02-13T04:00:00-05:00", "waiting_time": 0, "distance": 0, "driving_time": 0, "preparation_time": 0, "load_after": [0]}, {"type": "service", "id": "1301390000_06", "location_id": "1301390000", "address": {"location_id": "1301390000", "lat": 42.31596345, "lon": -71.06366877}, "arr_time": 1676278904, "arr_date_time": "2023-02-13T04:01:44-05:00", "end_time": 1676279204, "end_date_time": "2023-02-13T04:06:44-05:00", "waiting_time": 0, "distance": 109, "driving_time": 104, "preparation_time": 0, "load_before": [0], "load_after": [0]}, {"type": "service", "id": "1301388000_05", "location_id": "1301388000", "address": {"location_id": "1301388000", "lat": 42.31560848, "lon": -71.06355185}, "arr_time": 1676279227, "arr_date_time": "2023-02-13T04:07:07-05:00", "end_time": 1676279527, "end_date_time": "2023-02-13T04:12:07-05:00", "waiting_time": 0, "distance": 133, "driving_time": 127, "preparation_time": 0, "load_before": [0], "load_after": [0]}, {"type": "service", "id": "1301377000_04", "location_id": "1301377000", "address": {"location_id": "1301377000", "lat": 42.31476048, "lon": -71.06365173}, "arr_time": 1676279759, "arr_date_time": "2023-02-13T04:15:59-05:00", "end_time": 1676280059, "end_date_time": "2023-02-13T04:20:59-05:00", "waiting_time": 0, "distance": 375, "driving_time": 359, "preparation_time": 0, "load_before": [0], "load_after": [0]}, {"type": "service", "id": "1301407000_07", "location_id": "1301407000", "address": {"location_id": "1301407000", "lat": 42.3147928, "lon": -71.06300302}, "arr_time": 1676280121, "arr_date_time": "2023-02-13T04:22:01-05:00", "end_time": 1676280421, "end_date_time": "2023-02-13T04:27:01-05:00", "waiting_time": 0, "distance": 440, "driving_time": 421, "preparation_time": 0, "load_before": [0], "load_after": [0]}, {"type": "service", "id": "1301408000_08", "location_id": "1301408000", "address": {"location_id": "1301408000", "lat": 42.31492782, "lon": -71.06294278}, "arr_time": 1676280436, "arr_date_time": "2023-02-13T04:27:16-05:00", "end_time": 1676280736, "end_date_time": "2023-02-13T04:32:16-05:00", "waiting_time": 0, "distance": 456, "driving_time": 436, "preparation_time": 0, "load_before": [0], "load_after": [0]}, {"type": "service", "id": "1301411000_09", "location_id": "1301411000", "address": {"location_id": "1301411000", "lat": 42.3154082, "lon": -71.0627288}, "arr_time": 1676280789, "arr_date_time": "2023-02-13T04:33:09-05:00", "end_time": 1676281089, "end_date_time": "2023-02-13T04:38:09-05:00", "waiting_time": 0, "distance": 512, "driving_time": 489, "preparation_time": 0, "load_before": [0], "load_after": [0]}, {"type": "service", "id": "1301365000_01", "location_id": "1301365000", "address": {"location_id": "1301365000", "lat": 42.31593061, "lon": -71.06346357}, "arr_time": 1676281225, "arr_date_time": "2023-02-13T04:40:25-05:00", "end_time": 1676281525, "end_date_time": "2023-02-13T04:45:25-05:00", "waiting_time": 0, "distance": 654, "driving_time": 625, "preparation_time": 0, "load_before": [0], "load_after": [0]}, {"type": "service", "id": "1301366000_02", "location_id": "1301366000", "address": {"location_id": "1301366000", "lat": 42.31583798, "lon": -71.0634303}, "arr_time": 1676281533, "arr_date_time": "2023-02-13T04:45:33-05:00", "end_time": 1676281833, "end_date_time": "2023-02-13T04:50:33-05:00", "waiting_time": 0, "distance": 663, "driving_time": 633, "preparation_time": 0, "load_before": [0], "load_after": [0]}, {"type": "service", "id": "1301367000_03", "location_id": "1301367000", "address": {"location_id": "1301367000", "lat": 42.31581849, "lon": -71.06353192}, "arr_time": 1676281837, "arr_date_time": "2023-02-13T04:50:37-05:00", "end_time": 1676282137, "end_date_time": "2023-02-13T04:55:37-05:00", "waiting_time": 0, "distance": 668, "driving_time": 637, "preparation_time": 0, "load_before": [0], "load_after": [0]}, {"type": "service", "id": "1301444000_13", "location_id": "1301444000", "address": {"location_id": "1301444000", "lat": 42.31524006, "lon": -71.06169713}, "arr_time": 1676282339, "arr_date_time": "2023-02-13T04:58:59-05:00", "end_time": 1676282639, "end_date_time": "2023-02-13T05:03:59-05:00", "waiting_time": 0, "distance": 878, "driving_time": 839, "preparation_time": 0, "load_before": [0], "load_after": [0]}, {"type": "service", "id": "1301445000_14", "location_id": "1301445000", "address": {"location_id": "1301445000", "lat": 42.31520578, "lon": -71.061621}, "arr_time": 1676282645, "arr_date_time": "2023-02-13T05:04:05-05:00", "end_time": 1676282945, "end_date_time": "2023-02-13T05:09:05-05:00", "waiting_time": 0, "distance": 885, "driving_time": 845, "preparation_time": 0, "load_before": [0], "load_after": [0]}, {"type": "service", "id": "1301448000_15", "location_id": "1301448000", "address": {"location_id": "1301448000", "lat": 42.31514478, "lon": -71.06135754}, "arr_time": 1676282967, "arr_date_time": "2023-02-13T05:09:27-05:00", "end_time": 1676283267, "end_date_time": "2023-02-13T05:14:27-05:00", "waiting_time": 0, "distance": 907, "driving_time": 867, "preparation_time": 0, "load_before": [0], "load_after": [0]}, {"type": "service", "id": "1301442000_12", "location_id": "1301442000", "address": {"location_id": "1301442000", "lat": 42.31531191, "lon": -71.06184556}, "arr_time": 1676283357, "arr_date_time": "2023-02-13T05:15:57-05:00", "end_time": 1676283657, "end_date_time": "2023-02-13T05:20:57-05:00", "waiting_time": 0, "distance": 1001, "driving_time": 957, "preparation_time": 0, "load_before": [0], "load_after": [0]}, {"type": "service", "id": "1301441000_11", "location_id": "1301441000", "address": {"location_id": "1301441000", "lat": 42.31534777, "lon": -71.06191972}, "arr_time": 1676283657, "arr_date_time": "2023-02-13T05:20:57-05:00", "end_time": 1676283957, "end_date_time": "2023-02-13T05:25:57-05:00", "waiting_time": 0, "distance": 1001, "driving_time": 957, "preparation_time": 0, "load_before": [0], "load_after": [0]}, {"type": "service", "id": "1301417000_10", "location_id": "1301417000", "address": {"location_id": "1301417000", "lat": 42.31481722, "lon": -71.06258495}, "arr_time": 1676284024, "arr_date_time": "2023-02-13T05:27:04-05:00", "end_time": 1676284324, "end_date_time": "2023-02-13T05:32:04-05:00", "waiting_time": 0, "distance": 1071, "driving_time": 1024, "preparation_time": 0, "load_before": [0], "load_after": [0]}, {"type": "service", "id": "1301525000_16", "location_id": "1301525000", "address": {"location_id": "1301525000", "lat": 42.3133687, "lon": -71.06293414}, "arr_time": 1676284491, "arr_date_time": "2023-02-13T05:34:51-05:00", "end_time": 1676284791, "end_date_time": "2023-02-13T05:39:51-05:00", "waiting_time": 0, "distance": 1245, "driving_time": 1191, "preparation_time": 0, "load_before": [0], "load_after": [0]}, {"type": "service", "id": "1301656000_23", "location_id": "1301656000", "address": {"location_id": "1301656000", "lat": 42.31350512, "lon": -71.06368433}, "arr_time": 1676284861, "arr_date_time": "2023-02-13T05:41:01-05:00", "end_time": 1676285161, "end_date_time": "2023-02-13T05:46:01-05:00", "waiting_time": 0, "distance": 1319, "driving_time": 1261, "preparation_time": 0, "load_before": [0], "load_after": [0]}, {"type": "service", "id": "1301663000_24", "location_id": "1301663000", "address": {"location_id": "1301663000", "lat": 42.31278388, "lon": -71.06331695}, "arr_time": 1676285221, "arr_date_time": "2023-02-13T05:47:01-05:00", "end_time": 1676285521, "end_date_time": "2023-02-13T05:52:01-05:00", "waiting_time": 0, "distance": 1382, "driving_time": 1321, "preparation_time": 0, "load_before": [0], "load_after": [0]}, {"type": "service", "id": "1301664000_25", "location_id": "1301664000", "address": {"location_id": "1301664000", "lat": 42.31272315, "lon": -71.06313416}, "arr_time": 1676285537, "arr_date_time": "2023-02-13T05:52:17-05:00", "end_time": 1676285837, "end_date_time": "2023-02-13T05:57:17-05:00", "waiting_time": 0, "distance": 1398, "driving_time": 1337, "preparation_time": 0, "load_before": [0], "load_after": [0]}, {"type": "service", "id": "1301551000_17", "location_id": "1301551000", "address": {"location_id": "1301551000", "lat": 42.31304588, "lon": -71.06275066}, "arr_time": 1676285848, "arr_date_time": "2023-02-13T05:57:28-05:00", "end_time": 1676286148, "end_date_time": "2023-02-13T06:02:28-05:00", "waiting_time": 0, "distance": 1409, "driving_time": 1348, "preparation_time": 0, "load_before": [0], "load_after": [0]}, {"type": "service", "id": "1301653000_22", "location_id": "1301653000", "address": {"location_id": "1301653000", "lat": 42.31366529, "lon": -71.06386022}, "arr_time": 1676286308, "arr_date_time": "2023-02-13T06:05:08-05:00", "end_time": 1676286608, "end_date_time": "2023-02-13T06:10:08-05:00", "waiting_time": 0, "distance": 1575, "driving_time": 1508, "preparation_time": 0, "load_before": [0], "load_after": [0]}, {"type": "service", "id": "1301702000_30", "location_id": "1301702000", "address": {"location_id": "1301702000", "lat": 42.31406165, "lon": -71.0646349}, "arr_time": 1676286679, "arr_date_time": "2023-02-13T06:11:19-05:00", "end_time": 1676286979, "end_date_time": "2023-02-13T06:16:19-05:00", "waiting_time": 0, "distance": 1648, "driving_time": 1579, "preparation_time": 0, "load_before": [0], "load_after": [0]}, {"type": "service", "id": "1301706000_31", "location_id": "1301706000", "address": {"location_id": "1301706000", "lat": 42.31359676, "lon": -71.06462619}, "arr_time": 1676287011, "arr_date_time": "2023-02-13T06:16:51-05:00", "end_time": 1676287311, "end_date_time": "2023-02-13T06:21:51-05:00", "waiting_time": 0, "distance": 1681, "driving_time": 1611, "preparation_time": 0, "load_before": [0], "load_after": [0]}, {"type": "service", "id": "1301710000_32", "location_id": "1301710000", "address": {"location_id": "1301710000", "lat": 42.31320248, "lon": -71.06439782}, "arr_time": 1676287356, "arr_date_time": "2023-02-13T06:22:36-05:00", "end_time": 1676287656, "end_date_time": "2023-02-13T06:27:36-05:00", "waiting_time": 0, "distance": 1729, "driving_time": 1656, "preparation_time": 0, "load_before": [0], "load_after": [0]}, {"type": "service", "id": "1301639000_20", "location_id": "1301639000", "address": {"location_id": "1301639000", "lat": 42.31264701, "lon": -71.0639499}, "arr_time": 1676287712, "arr_date_time": "2023-02-13T06:28:32-05:00", "end_time": 1676288012, "end_date_time": "2023-02-13T06:33:32-05:00", "waiting_time": 0, "distance": 1787, "driving_time": 1712, "preparation_time": 0, "load_before": [0], "load_after": [0]}, {"type": "service", "id": "1301640000_21", "location_id": "1301640000", "address": {"location_id": "1301640000", "lat": 42.31267504, "lon": -71.06411292}, "arr_time": 1676288015, "arr_date_time": "2023-02-13T06:33:35-05:00", "end_time": 1676288315, "end_date_time": "2023-02-13T06:38:35-05:00", "waiting_time": 0, "distance": 1789, "driving_time": 1715, "preparation_time": 0, "load_before": [0], "load_after": [0]}, {"type": "service", "id": "1301638000_19", "location_id": "1301638000", "address": {"location_id": "1301638000", "lat": 42.31260063, "lon": -71.06380604}, "arr_time": 1676288371, "arr_date_time": "2023-02-13T06:39:31-05:00", "end_time": 1676288671, "end_date_time": "2023-02-13T06:44:31-05:00", "waiting_time": 0, "distance": 1848, "driving_time": 1771, "preparation_time": 0, "load_before": [0], "load_after": [0]}, {"type": "service", "id": "1301636000_18", "location_id": "1301636000", "address": {"location_id": "1301636000", "lat": 42.31242346, "lon": -71.0635694}, "arr_time": 1676288697, "arr_date_time": "2023-02-13T06:44:57-05:00", "end_time": 1676288997, "end_date_time": "2023-02-13T06:49:57-05:00", "waiting_time": 0, "distance": 1876, "driving_time": 1797, "preparation_time": 0, "load_before": [0], "load_after": [0]}, {"type": "service", "id": "1502740000_61", "location_id": "1502740000", "address": {"location_id": "1502740000", "lat": 42.31258359, "lon": -71.06474629}, "arr_time": 1676289076, "arr_date_time": "2023-02-13T06:51:16-05:00", "end_time": 1676289376, "end_date_time": "2023-02-13T06:56:16-05:00", "waiting_time": 0, "distance": 1958, "driving_time": 1876, "preparation_time": 0, "load_before": [0], "load_after": [0]}, {"type": "service", "id": "1301686000_26", "location_id": "1301686000", "address": {"location_id": "1301686000", "lat": 42.31320254, "lon": -71.06481705}, "arr_time": 1676289435, "arr_date_time": "2023-02-13T06:57:15-05:00", "end_time": 1676289735, "end_date_time": "2023-02-13T07:02:15-05:00", "waiting_time": 0, "distance": 2019, "driving_time": 1935, "preparation_time": 0, "load_before": [0], "load_after": [0]}, {"type": "service", "id": "1502687000_56", "location_id": "1502687000", "address": {"location_id": "1502687000", "lat": 42.31322268, "lon": -71.06528789}, "arr_time": 1676289751, "arr_date_time": "2023-02-13T07:02:31-05:00", "end_time": 1676290051, "end_date_time": "2023-02-13T07:07:31-05:00", "waiting_time": 0, "distance": 2036, "driving_time": 1951, "preparation_time": 0, "load_before": [0], "load_after": [0]}, {"type": "service", "id": "1301690000_27", "location_id": "1301690000", "address": {"location_id": "1301690000", "lat": 42.31365872, "lon": -71.06497788}, "arr_time": 1676290085, "arr_date_time": "2023-02-13T07:08:05-05:00", "end_time": 1676290385, "end_date_time": "2023-02-13T07:13:05-05:00", "waiting_time": 0, "distance": 2071, "driving_time": 1985, "preparation_time": 0, "load_before": [0], "load_after": [0]}, {"type": "service", "id": "1502678000_54", "location_id": "1502678000", "address": {"location_id": "1502678000", "lat": 42.31367418, "lon": -71.06554357}, "arr_time": 1676290404, "arr_date_time": "2023-02-13T07:13:24-05:00", "end_time": 1676290704, "end_date_time": "2023-02-13T07:18:24-05:00", "waiting_time": 0, "distance": 2091, "driving_time": 2004, "preparation_time": 0, "load_before": [0], "load_after": [0]}, {"type": "service", "id": "1301692000_28", "location_id": "1301692000", "address": {"location_id": "1301692000", "lat": 42.31399566, "lon": -71.06508379}, "arr_time": 1676290721, "arr_date_time": "2023-02-13T07:18:41-05:00", "end_time": 1676291021, "end_date_time": "2023-02-13T07:23:41-05:00", "waiting_time": 0, "distance": 2109, "driving_time": 2021, "preparation_time": 0, "load_before": [0], "load_after": [0]}, {"type": "service", "id": "1502674000_52", "location_id": "1502674000", "address": {"location_id": "1502674000", "lat": 42.31367718, "lon": -71.06599059}, "arr_time": 1676291088, "arr_date_time": "2023-02-13T07:24:48-05:00", "end_time": 1676291388, "end_date_time": "2023-02-13T07:29:48-05:00", "waiting_time": 0, "distance": 2179, "driving_time": 2088, "preparation_time": 0, "load_before": [0], "load_after": [0]}, {"type": "service", "id": "1502672000_50", "location_id": "1502672000", "address": {"location_id": "1502672000", "lat": 42.31390242, "lon": -71.06628859}, "arr_time": 1676291399, "arr_date_time": "2023-02-13T07:29:59-05:00", "end_time": 1676291699, "end_date_time": "2023-02-13T07:34:59-05:00", "waiting_time": 0, "distance": 2191, "driving_time": 2099, "preparation_time": 0, "load_before": [0], "load_after": [0]}, {"type": "service", "id": "1502673000_51", "location_id": "1502673000", "address": {"location_id": "1502673000", "lat": 42.31359772, "lon": -71.06609663}, "arr_time": 1676291699, "arr_date_time": "2023-02-13T07:34:59-05:00", "end_time": 1676291999, "end_date_time": "2023-02-13T07:39:59-05:00", "waiting_time": 0, "distance": 2191, "driving_time": 2099, "preparation_time": 0, "load_before": [0], "load_after": [0]}, {"type": "service", "id": "1502654000_47", "location_id": "1502654000", "address": {"location_id": "1502654000", "lat": 42.31365728, "lon": -71.06648049}, "arr_time": 1676292004, "arr_date_time": "2023-02-13T07:40:04-05:00", "end_time": 1676292304, "end_date_time": "2023-02-13T07:45:04-05:00", "waiting_time": 0, "distance": 2196, "driving_time": 2104, "preparation_time": 0, "load_before": [0], "load_after": [0]}, {"type": "service", "id": "1502652000_46", "location_id": "1502652000", "address": {"location_id": "1502652000", "lat": 42.31355617, "lon": -71.06625023}, "arr_time": 1676292304, "arr_date_time": "2023-02-13T07:45:04-05:00", "end_time": 1676292604, "end_date_time": "2023-02-13T07:50:04-05:00", "waiting_time": 0, "distance": 2196, "driving_time": 2104, "preparation_time": 0, "load_before": [0], "load_after": [0]}, {"type": "service", "id": "1502675000_53", "location_id": "1502675000", "address": {"location_id": "1502675000", "lat": 42.31370269, "lon": -71.06584145}, "arr_time": 1676292632, "arr_date_time": "2023-02-13T07:50:32-05:00", "end_time": 1676292932, "end_date_time": "2023-02-13T07:55:32-05:00", "waiting_time": 0, "distance": 2225, "driving_time": 2132, "preparation_time": 0, "load_before": [0], "load_after": [0]}, {"type": "service", "id": "1301693000_29", "location_id": "1301693000", "address": {"location_id": "1301693000", "lat": 42.31420213, "lon": -71.06520499}, "arr_time": 1676292983, "arr_date_time": "2023-02-13T07:56:23-05:00", "end_time": 1676293283, "end_date_time": "2023-02-13T08:01:23-05:00", "waiting_time": 0, "distance": 2278, "driving_time": 2183, "preparation_time": 0, "load_before": [0], "load_after": [0]}, {"type": "service", "id": "1502679000_55", "location_id": "1502679000", "address": {"location_id": "1502679000", "lat": 42.31355181, "lon": -71.06550214}, "arr_time": 1676293367, "arr_date_time": "2023-02-13T08:02:47-05:00", "end_time": 1676293667, "end_date_time": "2023-02-13T08:07:47-05:00", "waiting_time": 0, "distance": 2366, "driving_time": 2267, "preparation_time": 0, "load_before": [0], "load_after": [0]}, {"type": "service", "id": "1502711000_60", "location_id": "1502711000", "address": {"location_id": "1502711000", "lat": 42.31318696, "lon": -71.06562837}, "arr_time": 1676293695, "arr_date_time": "2023-02-13T08:08:15-05:00", "end_time": 1676293995, "end_date_time": "2023-02-13T08:13:15-05:00", "waiting_time": 0, "distance": 2395, "driving_time": 2295, "preparation_time": 0, "load_before": [0], "load_after": [0]}, {"type": "service", "id": "1502710000_59", "location_id": "1502710000", "address": {"location_id": "1502710000", "lat": 42.31308827, "lon": -71.06566192}, "arr_time": 1676294003, "arr_date_time": "2023-02-13T08:13:23-05:00", "end_time": 1676294303, "end_date_time": "2023-02-13T08:18:23-05:00", "waiting_time": 0, "distance": 2403, "driving_time": 2303, "preparation_time": 0, "load_before": [0], "load_after": [0]}, {"type": "service", "id": "1502709000_58", "location_id": "1502709000", "address": {"location_id": "1502709000", "lat": 42.31302039, "lon": -71.06582465}, "arr_time": 1676294317, "arr_date_time": "2023-02-13T08:18:37-05:00", "end_time": 1676294617, "end_date_time": "2023-02-13T08:23:37-05:00", "waiting_time": 0, "distance": 2418, "driving_time": 2317, "preparation_time": 0, "load_before": [0], "load_after": [0]}, {"type": "service", "id": "1502706000_57", "location_id": "1502706000", "address": {"location_id": "1502706000", "lat": 42.31288195, "lon": -71.06615376}, "arr_time": 1676294647, "arr_date_time": "2023-02-13T08:24:07-05:00", "end_time": 1676294947, "end_date_time": "2023-02-13T08:29:07-05:00", "waiting_time": 0, "distance": 2449, "driving_time": 2347, "preparation_time": 0, "load_before": [0], "load_after": [0]}, {"type": "service", "id": "1502651000_45", "location_id": "1502651000", "address": {"location_id": "1502651000", "lat": 42.31321137, "lon": -71.06648241}, "arr_time": 1676294987, "arr_date_time": "2023-02-13T08:29:47-05:00", "end_time": 1676295287, "end_date_time": "2023-02-13T08:34:47-05:00", "waiting_time": 0, "distance": 2491, "driving_time": 2387, "preparation_time": 0, "load_before": [0], "load_after": [0]}, {"type": "service", "id": "1502641000_44", "location_id": "1502641000", "address": {"location_id": "1502641000", "lat": 42.31351547, "lon": -71.06703075}, "arr_time": 1676295329, "arr_date_time": "2023-02-13T08:35:29-05:00", "end_time": 1676295629, "end_date_time": "2023-02-13T08:40:29-05:00", "waiting_time": 0, "distance": 2536, "driving_time": 2429, "preparation_time": 0, "load_before": [0], "load_after": [0]}, {"type": "service", "id": "1502655000_48", "location_id": "1502655000", "address": {"location_id": "1502655000", "lat": 42.31377601, "lon": -71.06661597}, "arr_time": 1676295648, "arr_date_time": "2023-02-13T08:40:48-05:00", "end_time": 1676295948, "end_date_time": "2023-02-13T08:45:48-05:00", "waiting_time": 0, "distance": 2555, "driving_time": 2448, "preparation_time": 0, "load_before": [0], "load_after": [0]}, {"type": "service", "id": "1502640000_43", "location_id": "1502640000", "address": {"location_id": "1502640000", "lat": 42.31373021, "lon": -71.06702526}, "arr_time": 1676295952, "arr_date_time": "2023-02-13T08:45:52-05:00", "end_time": 1676296252, "end_date_time": "2023-02-13T08:50:52-05:00", "waiting_time": 0, "distance": 2559, "driving_time": 2452, "preparation_time": 0, "load_before": [0], "load_after": [0]}, {"type": "service", "id": "1502639002_42", "location_id": "1502639002", "address": {"location_id": "1502639002", "lat": 42.31406994, "lon": -71.06692779}, "arr_time": 1676296280, "arr_date_time": "2023-02-13T08:51:20-05:00", "end_time": 1676296580, "end_date_time": "2023-02-13T08:56:20-05:00", "waiting_time": 0, "distance": 2589, "driving_time": 2480, "preparation_time": 0, "load_before": [0], "load_after": [0]}, {"type": "service", "id": "1502658000_49", "location_id": "1502658000", "address": {"location_id": "1502658000", "lat": 42.31394458, "lon": -71.06659527}, "arr_time": 1676296581, "arr_date_time": "2023-02-13T08:56:21-05:00", "end_time": 1676296881, "end_date_time": "2023-02-13T09:01:21-05:00", "waiting_time": 0, "distance": 2590, "driving_time": 2481, "preparation_time": 0, "load_before": [0], "load_after": [0]}, {"type": "service", "id": "1502639001_41", "location_id": "1502639001", "address": {"location_id": "1502639001", "lat": 42.31425769, "lon": -71.06684274}, "arr_time": 1676296895, "arr_date_time": "2023-02-13T09:01:35-05:00", "end_time": 1676297195, "end_date_time": "2023-02-13T09:06:35-05:00", "waiting_time": 0, "distance": 2604, "driving_time": 2495, "preparation_time": 0, "load_before": [0], "load_after": [0]}, {"type": "service", "id": "1502638000_40", "location_id": "1502638000", "address": {"location_id": "1502638000", "lat": 42.31434192, "lon": -71.06654926}, "arr_time": 1676297216, "arr_date_time": "2023-02-13T09:06:56-05:00", "end_time": 1676297516, "end_date_time": "2023-02-13T09:11:56-05:00", "waiting_time": 0, "distance": 2627, "driving_time": 2516, "preparation_time": 0, "load_before": [0], "load_after": [0]}, {"type": "service", "id": "1502635000_39", "location_id": "1502635000", "address": {"location_id": "1502635000", "lat": 42.31446793, "lon": -71.06615708}, "arr_time": 1676297549, "arr_date_time": "2023-02-13T09:12:29-05:00", "end_time": 1676297849, "end_date_time": "2023-02-13T09:17:29-05:00", "waiting_time": 0, "distance": 2662, "driving_time": 2549, "preparation_time": 0, "load_before": [0], "load_after": [0]}, {"type": "service", "id": "1502627000_38", "location_id": "1502627000", "address": {"location_id": "1502627000", "lat": 42.3145309, "lon": -71.06679574}, "arr_time": 1676297999, "arr_date_time": "2023-02-13T09:19:59-05:00", "end_time": 1676298299, "end_date_time": "2023-02-13T09:24:59-05:00", "waiting_time": 0, "distance": 2818, "driving_time": 2699, "preparation_time": 0, "load_before": [0], "load_after": [0]}, {"type": "service", "id": "1502625000_37", "location_id": "1502625000", "address": {"location_id": "1502625000", "lat": 42.31442317, "lon": -71.06696839}, "arr_time": 1676298315, "arr_date_time": "2023-02-13T09:25:15-05:00", "end_time": 1676298615, "end_date_time": "2023-02-13T09:30:15-05:00", "waiting_time": 0, "distance": 2834, "driving_time": 2715, "preparation_time": 0, "load_before": [0], "load_after": [0]}, {"type": "service", "id": "1301739000_36", "location_id": "1301739000", "address": {"location_id": "1301739000", "lat": 42.31551347, "lon": -71.0657618}, "arr_time": 1676298789, "arr_date_time": "2023-02-13T09:33:09-05:00", "end_time": 1676299089, "end_date_time": "2023-02-13T09:38:09-05:00", "waiting_time": 0, "distance": 3016, "driving_time": 2889, "preparation_time": 0, "load_before": [0], "load_after": [0]}, {"type": "service", "id": "1301731000_34", "location_id": "1301731000", "address": {"location_id": "1301731000", "lat": 42.31552052, "lon": -71.0652929}, "arr_time": 1676299123, "arr_date_time": "2023-02-13T09:38:43-05:00", "end_time": 1676299423, "end_date_time": "2023-02-13T09:43:43-05:00", "waiting_time": 0, "distance": 3050, "driving_time": 2923, "preparation_time": 0, "load_before": [0], "load_after": [0]}, {"type": "service", "id": "1301738000_35", "location_id": "1301738000", "address": {"location_id": "1301738000", "lat": 42.31553447, "lon": -71.06561809}, "arr_time": 1676299448, "arr_date_time": "2023-02-13T09:44:08-05:00", "end_time": 1676299748, "end_date_time": "2023-02-13T09:49:08-05:00", "waiting_time": 0, "distance": 3076, "driving_time": 2948, "preparation_time": 0, "load_before": [0], "load_after": [0]}, {"type": "service", "id": "1301724000_33", "location_id": "1301724000", "address": {"location_id": "1301724000", "lat": 42.31612948, "lon": -71.06496071}, "arr_time": 1676299825, "arr_date_time": "2023-02-13T09:50:25-05:00", "end_time": 1676300125, "end_date_time": "2023-02-13T09:55:25-05:00", "waiting_time": 0, "distance": 3156, "driving_time": 3025, "preparation_time": 0, "load_before": [0], "load_after": [0]}, {"type": "end", "location_id": "1301394000", "address": {"location_id": "1301394000", "lat": 42.31645416, "lon": -71.06480893}, "arr_time": 1676300151, "arr_date_time": "2023-02-13T09:55:51-05:00", "end_time": 1676300151, "end_date_time": "2023-02-13T09:55:51-05:00", "waiting_time": 0, "distance": 3183, "driving_time": 3051, "preparation_time": 0, "load_before": [0]}]}], "unassigned": {"services": [], "shipments": [], "breaks": [], "details": []}}}