{"copyrights": ["GraphHopper", "OpenStreetMap contributors"], "job_id": "d4f0b0d8-2d80-43f5-95e2-5a6e55682bbc", "status": "finished", "waiting_time_in_queue": 0, "processing_time": 157, "solution": {"costs": 386, "distance": 3112, "time": 2989, "transport_time": 2989, "completion_time": 23089, "max_operation_time": 23089, "waiting_time": 0, "service_duration": 20100, "preparation_time": 0, "no_vehicles": 1, "no_unassigned": 0, "routes": [{"vehicle_id": "my_vehicle", "shift_id": "default-shift", "distance": 3112, "transport_time": 2989, "completion_time": 23089, "waiting_time": 0, "service_duration": 20100, "preparation_time": 0, "activities": [{"type": "start", "location_id": "1401605000", "address": {"location_id": "1401605000", "lat": 42.30264714, "lon": -71.0784921}, "arr_time": 1676278800, "arr_date_time": "2023-02-13T04:00:00-05:00", "end_time": 1676278800, "end_date_time": "2023-02-13T04:00:00-05:00", "waiting_time": 0, "distance": 0, "driving_time": 0, "preparation_time": 0, "load_after": [0]}, {"type": "service", "id": "1401553000_13", "location_id": "1401553000", "address": {"location_id": "1401553000", "lat": 42.301312, "lon": -71.07718378}, "arr_time": 1676279023, "arr_date_time": "2023-02-13T04:03:43-05:00", "end_time": 1676279323, "end_date_time": "2023-02-13T04:08:43-05:00", "waiting_time": 0, "distance": 231, "driving_time": 223, "preparation_time": 0, "load_before": [0], "load_after": [0]}, {"type": "service", "id": "1401621000_22", "location_id": "1401621000", "address": {"location_id": "1401621000", "lat": 42.30175053, "lon": -71.0788519}, "arr_time": 1676279539, "arr_date_time": "2023-02-13T04:12:19-05:00", "end_time": 1676279839, "end_date_time": "2023-02-13T04:17:19-05:00", "waiting_time": 0, "distance": 455, "driving_time": 439, "preparation_time": 0, "load_before": [0], "load_after": [0]}, {"type": "service", "id": "1401588000_21", "location_id": "1401588000", "address": {"location_id": "1401588000", "lat": 42.30143019, "lon": -71.07851387}, "arr_time": 1676279860, "arr_date_time": "2023-02-13T04:17:40-05:00", "end_time": 1676280160, "end_date_time": "2023-02-13T04:22:40-05:00", "waiting_time": 0, "distance": 477, "driving_time": 460, "preparation_time": 0, "load_before": [0], "load_after": [0]}, {"type": "service", "id": "1401587000_20", "location_id": "1401587000", "address": {"location_id": "1401587000", "lat": 42.30137028, "lon": -71.07852784}, "arr_time": 1676280167, "arr_date_time": "2023-02-13T04:22:47-05:00", "end_time": 1676280467, "end_date_time": "2023-02-13T04:27:47-05:00", "waiting_time": 0, "distance": 484, "driving_time": 467, "preparation_time": 0, "load_before": [0], "load_after": [0]}, {"type": "service", "id": "1401536000_12", "location_id": "1401536000", "address": {"location_id": "1401536000", "lat": 42.30053309, "lon": -71.07848411}, "arr_time": 1676280568, "arr_date_time": "2023-02-13T04:29:28-05:00", "end_time": 1676280868, "end_date_time": "2023-02-13T04:34:28-05:00", "waiting_time": 0, "distance": 589, "driving_time": 568, "preparation_time": 0, "load_before": [0], "load_after": [0]}, {"type": "service", "id": "1401579000_19", "location_id": "1401579000", "address": {"location_id": "1401579000", "lat": 42.30070824, "lon": -71.07820152}, "arr_time": 1676280879, "arr_date_time": "2023-02-13T04:34:39-05:00", "end_time": 1676281179, "end_date_time": "2023-02-13T04:39:39-05:00", "waiting_time": 0, "distance": 600, "driving_time": 579, "preparation_time": 0, "load_before": [0], "load_after": [0]}, {"type": "service", "id": "1401578000_18", "location_id": "1401578000", "address": {"location_id": "1401578000", "lat": 42.30065919, "lon": -71.07804677}, "arr_time": 1676281192, "arr_date_time": "2023-02-13T04:39:52-05:00", "end_time": 1676281492, "end_date_time": "2023-02-13T04:44:52-05:00", "waiting_time": 0, "distance": 613, "driving_time": 592, "preparation_time": 0, "load_before": [0], "load_after": [0]}, {"type": "service", "id": "1401577000_17", "location_id": "1401577000", "address": {"location_id": "1401577000", "lat": 42.30060483, "lon": -71.07787504}, "arr_time": 1676281507, "arr_date_time": "2023-02-13T04:45:07-05:00", "end_time": 1676281807, "end_date_time": "2023-02-13T04:50:07-05:00", "waiting_time": 0, "distance": 628, "driving_time": 607, "preparation_time": 0, "load_before": [0], "load_after": [0]}, {"type": "service", "id": "1401533000_10", "location_id": "1401533000", "address": {"location_id": "1401533000", "lat": 42.30017818, "lon": -71.07780545}, "arr_time": 1676281835, "arr_date_time": "2023-02-13T04:50:35-05:00", "end_time": 1676282135, "end_date_time": "2023-02-13T04:55:35-05:00", "waiting_time": 0, "distance": 658, "driving_time": 635, "preparation_time": 0, "load_before": [0], "load_after": [0]}, {"type": "service", "id": "1401573000_16", "location_id": "1401573000", "address": {"location_id": "1401573000", "lat": 42.30041289, "lon": -71.0774183}, "arr_time": 1676282148, "arr_date_time": "2023-02-13T04:55:48-05:00", "end_time": 1676282448, "end_date_time": "2023-02-13T05:00:48-05:00", "waiting_time": 0, "distance": 671, "driving_time": 648, "preparation_time": 0, "load_before": [0], "load_after": [0]}, {"type": "service", "id": "1401572000_15", "location_id": "1401572000", "address": {"location_id": "1401572000", "lat": 42.30030998, "lon": -71.07727588}, "arr_time": 1676282464, "arr_date_time": "2023-02-13T05:01:04-05:00", "end_time": 1676282764, "end_date_time": "2023-02-13T05:06:04-05:00", "waiting_time": 0, "distance": 687, "driving_time": 664, "preparation_time": 0, "load_before": [0], "load_after": [0]}, {"type": "service", "id": "1401489000_02", "location_id": "1401489000", "address": {"location_id": "1401489000", "lat": 42.30022681, "lon": -71.07639684}, "arr_time": 1676282852, "arr_date_time": "2023-02-13T05:07:32-05:00", "end_time": 1676283152, "end_date_time": "2023-02-13T05:12:32-05:00", "waiting_time": 0, "distance": 778, "driving_time": 752, "preparation_time": 0, "load_before": [0], "load_after": [0]}, {"type": "service", "id": "1401566000_14", "location_id": "1401566000", "address": {"location_id": "1401566000", "lat": 42.30054651, "lon": -71.07664307}, "arr_time": 1676283164, "arr_date_time": "2023-02-13T05:12:44-05:00", "end_time": 1676283464, "end_date_time": "2023-02-13T05:17:44-05:00", "waiting_time": 0, "distance": 790, "driving_time": 764, "preparation_time": 0, "load_before": [0], "load_after": [0]}, {"type": "service", "id": "1402424000_59", "location_id": "1402424000", "address": {"location_id": "1402424000", "lat": 42.29969569, "lon": -71.07737173}, "arr_time": 1676283573, "arr_date_time": "2023-02-13T05:19:33-05:00", "end_time": 1676283873, "end_date_time": "2023-02-13T05:24:33-05:00", "waiting_time": 0, "distance": 905, "driving_time": 873, "preparation_time": 0, "load_before": [0], "load_after": [0]}, {"type": "service", "id": "1402425000_60", "location_id": "1402425000", "address": {"location_id": "1402425000", "lat": 42.29960943, "lon": -71.07733486}, "arr_time": 1676283883, "arr_date_time": "2023-02-13T05:24:43-05:00", "end_time": 1676284183, "end_date_time": "2023-02-13T05:29:43-05:00", "waiting_time": 0, "distance": 915, "driving_time": 883, "preparation_time": 0, "load_before": [0], "load_after": [0]}, {"type": "service", "id": "1401509000_08", "location_id": "1401509000", "address": {"location_id": "1401509000", "lat": 42.29957804, "lon": -71.07693348}, "arr_time": 1676284196, "arr_date_time": "2023-02-13T05:29:56-05:00", "end_time": 1676284496, "end_date_time": "2023-02-13T05:34:56-05:00", "waiting_time": 0, "distance": 928, "driving_time": 896, "preparation_time": 0, "load_before": [0], "load_after": [0]}, {"type": "service", "id": "1402428000_61", "location_id": "1402428000", "address": {"location_id": "1402428000", "lat": 42.29924222, "lon": -71.07718128}, "arr_time": 1676284524, "arr_date_time": "2023-02-13T05:35:24-05:00", "end_time": 1676284824, "end_date_time": "2023-02-13T05:40:24-05:00", "waiting_time": 0, "distance": 957, "driving_time": 924, "preparation_time": 0, "load_before": [0], "load_after": [0]}, {"type": "service", "id": "1401506000_07", "location_id": "1401506000", "address": {"location_id": "1401506000", "lat": 42.29922773, "lon": -71.07677447}, "arr_time": 1676284836, "arr_date_time": "2023-02-13T05:40:36-05:00", "end_time": 1676285136, "end_date_time": "2023-02-13T05:45:36-05:00", "waiting_time": 0, "distance": 969, "driving_time": 936, "preparation_time": 0, "load_before": [0], "load_after": [0]}, {"type": "service", "id": "1402429000_62", "location_id": "1402429000", "address": {"location_id": "1402429000", "lat": 42.29911457, "lon": -71.07713261}, "arr_time": 1676285139, "arr_date_time": "2023-02-13T05:45:39-05:00", "end_time": 1676285439, "end_date_time": "2023-02-13T05:50:39-05:00", "waiting_time": 0, "distance": 972, "driving_time": 939, "preparation_time": 0, "load_before": [0], "load_after": [0]}, {"type": "service", "id": "1401505000_06", "location_id": "1401505000", "address": {"location_id": "1401505000", "lat": 42.29910151, "lon": -71.07671713}, "arr_time": 1676285449, "arr_date_time": "2023-02-13T05:50:49-05:00", "end_time": 1676285749, "end_date_time": "2023-02-13T05:55:49-05:00", "waiting_time": 0, "distance": 984, "driving_time": 949, "preparation_time": 0, "load_before": [0], "load_after": [0]}, {"type": "service", "id": "1402430000_63", "location_id": "1402430000", "address": {"location_id": "1402430000", "lat": 42.29899093, "lon": -71.07708466}, "arr_time": 1676285753, "arr_date_time": "2023-02-13T05:55:53-05:00", "end_time": 1676286053, "end_date_time": "2023-02-13T06:00:53-05:00", "waiting_time": 0, "distance": 988, "driving_time": 953, "preparation_time": 0, "load_before": [0], "load_after": [0]}, {"type": "service", "id": "1401504000_05", "location_id": "1401504000", "address": {"location_id": "1401504000", "lat": 42.29898626, "lon": -71.07667151}, "arr_time": 1676286063, "arr_date_time": "2023-02-13T06:01:03-05:00", "end_time": 1676286363, "end_date_time": "2023-02-13T06:06:03-05:00", "waiting_time": 0, "distance": 998, "driving_time": 963, "preparation_time": 0, "load_before": [0], "load_after": [0]}, {"type": "service", "id": "1401503000_04", "location_id": "1401503000", "address": {"location_id": "1401503000", "lat": 42.29885043, "lon": -71.07662512}, "arr_time": 1676286377, "arr_date_time": "2023-02-13T06:06:17-05:00", "end_time": 1676286677, "end_date_time": "2023-02-13T06:11:17-05:00", "waiting_time": 0, "distance": 1014, "driving_time": 977, "preparation_time": 0, "load_before": [0], "load_after": [0]}, {"type": "service", "id": "1402433000_64", "location_id": "1402433000", "address": {"location_id": "1402433000", "lat": 42.29867692, "lon": -71.07698412}, "arr_time": 1676286689, "arr_date_time": "2023-02-13T06:11:29-05:00", "end_time": 1676286989, "end_date_time": "2023-02-13T06:16:29-05:00", "waiting_time": 0, "distance": 1027, "driving_time": 989, "preparation_time": 0, "load_before": [0], "load_after": [0]}, {"type": "service", "id": "1402434000_65", "location_id": "1402434000", "address": {"location_id": "1402434000", "lat": 42.298537, "lon": -71.07694603}, "arr_time": 1676287004, "arr_date_time": "2023-02-13T06:16:44-05:00", "end_time": 1676287304, "end_date_time": "2023-02-13T06:21:44-05:00", "waiting_time": 0, "distance": 1043, "driving_time": 1004, "preparation_time": 0, "load_before": [0], "load_after": [0]}, {"type": "service", "id": "1401497000_03", "location_id": "1401497000", "address": {"location_id": "1401497000", "lat": 42.29803745, "lon": -71.07655943}, "arr_time": 1676287359, "arr_date_time": "2023-02-13T06:22:39-05:00", "end_time": 1676287659, "end_date_time": "2023-02-13T06:27:39-05:00", "waiting_time": 0, "distance": 1100, "driving_time": 1059, "preparation_time": 0, "load_before": [0], "load_after": [0]}, {"type": "service", "id": "1401479000_01", "location_id": "1401479000", "address": {"location_id": "1401479000", "lat": 42.29901614, "lon": -71.07535504}, "arr_time": 1676287860, "arr_date_time": "2023-02-13T06:31:00-05:00", "end_time": 1676288160, "end_date_time": "2023-02-13T06:36:00-05:00", "waiting_time": 0, "distance": 1309, "driving_time": 1260, "preparation_time": 0, "load_before": [0], "load_after": [0]}, {"type": "service", "id": "1402442000_67", "location_id": "1402442000", "address": {"location_id": "1402442000", "lat": 42.29772773, "lon": -71.07680791}, "arr_time": 1676288364, "arr_date_time": "2023-02-13T06:39:24-05:00", "end_time": 1676288664, "end_date_time": "2023-02-13T06:44:24-05:00", "waiting_time": 0, "distance": 1521, "driving_time": 1464, "preparation_time": 0, "load_before": [0], "load_after": [0]}, {"type": "service", "id": "1402408000_54", "location_id": "1402408000", "address": {"location_id": "1402408000", "lat": 42.29807342, "lon": -71.07704802}, "arr_time": 1676288708, "arr_date_time": "2023-02-13T06:45:08-05:00", "end_time": 1676289008, "end_date_time": "2023-02-13T06:50:08-05:00", "waiting_time": 0, "distance": 1567, "driving_time": 1508, "preparation_time": 0, "load_before": [0], "load_after": [0]}, {"type": "service", "id": "1402409000_55", "location_id": "1402409000", "address": {"location_id": "1402409000", "lat": 42.29824492, "lon": -71.07712215}, "arr_time": 1676289025, "arr_date_time": "2023-02-13T06:50:25-05:00", "end_time": 1676289325, "end_date_time": "2023-02-13T06:55:25-05:00", "waiting_time": 0, "distance": 1585, "driving_time": 1525, "preparation_time": 0, "load_before": [0], "load_after": [0]}, {"type": "service", "id": "1402402000_53", "location_id": "1402402000", "address": {"location_id": "1402402000", "lat": 42.29822548, "lon": -71.07750966}, "arr_time": 1676289336, "arr_date_time": "2023-02-13T06:55:36-05:00", "end_time": 1676289636, "end_date_time": "2023-02-13T07:00:36-05:00", "waiting_time": 0, "distance": 1596, "driving_time": 1536, "preparation_time": 0, "load_before": [0], "load_after": [0]}, {"type": "service", "id": "1402398000_52", "location_id": "1402398000", "address": {"location_id": "1402398000", "lat": 42.29870982, "lon": -71.07768073}, "arr_time": 1676289687, "arr_date_time": "2023-02-13T07:01:27-05:00", "end_time": 1676289987, "end_date_time": "2023-02-13T07:06:27-05:00", "waiting_time": 0, "distance": 1649, "driving_time": 1587, "preparation_time": 0, "load_before": [0], "load_after": [0]}, {"type": "service", "id": "1402397000_51", "location_id": "1402397000", "address": {"location_id": "1402397000", "lat": 42.29883413, "lon": -71.07771516}, "arr_time": 1676290000, "arr_date_time": "2023-02-13T07:06:40-05:00", "end_time": 1676290300, "end_date_time": "2023-02-13T07:11:40-05:00", "waiting_time": 0, "distance": 1663, "driving_time": 1600, "preparation_time": 0, "load_before": [0], "load_after": [0]}, {"type": "service", "id": "1402415000_56", "location_id": "1402415000", "address": {"location_id": "1402415000", "lat": 42.29890732, "lon": -71.07735242}, "arr_time": 1676290301, "arr_date_time": "2023-02-13T07:11:41-05:00", "end_time": 1676290601, "end_date_time": "2023-02-13T07:16:41-05:00", "waiting_time": 0, "distance": 1665, "driving_time": 1601, "preparation_time": 0, "load_before": [0], "load_after": [0]}, {"type": "service", "id": "1402417000_57", "location_id": "1402417000", "address": {"location_id": "1402417000", "lat": 42.29909072, "lon": -71.07741185}, "arr_time": 1676290621, "arr_date_time": "2023-02-13T07:17:01-05:00", "end_time": 1676290921, "end_date_time": "2023-02-13T07:22:01-05:00", "waiting_time": 0, "distance": 1686, "driving_time": 1621, "preparation_time": 0, "load_before": [0], "load_after": [0]}, {"type": "service", "id": "1402391000_50", "location_id": "1402391000", "address": {"location_id": "1402391000", "lat": 42.2995364, "lon": -71.0779119}, "arr_time": 1676290976, "arr_date_time": "2023-02-13T07:22:56-05:00", "end_time": 1676291276, "end_date_time": "2023-02-13T07:27:56-05:00", "waiting_time": 0, "distance": 1743, "driving_time": 1676, "preparation_time": 0, "load_before": [0], "load_after": [0]}, {"type": "service", "id": "1402421000_58", "location_id": "1402421000", "address": {"location_id": "1402421000", "lat": 42.29965222, "lon": -71.07758822}, "arr_time": 1676291283, "arr_date_time": "2023-02-13T07:28:03-05:00", "end_time": 1676291583, "end_date_time": "2023-02-13T07:33:03-05:00", "waiting_time": 0, "distance": 1750, "driving_time": 1683, "preparation_time": 0, "load_before": [0], "load_after": [0]}, {"type": "service", "id": "1401528000_09", "location_id": "1401528000", "address": {"location_id": "1401528000", "lat": 42.30005056, "lon": -71.07799626}, "arr_time": 1676291623, "arr_date_time": "2023-02-13T07:33:43-05:00", "end_time": 1676291923, "end_date_time": "2023-02-13T07:38:43-05:00", "waiting_time": 0, "distance": 1792, "driving_time": 1723, "preparation_time": 0, "load_before": [0], "load_after": [0]}, {"type": "service", "id": "1402389000_49", "location_id": "1402389000", "address": {"location_id": "1402389000", "lat": 42.29976381, "lon": -71.0779744}, "arr_time": 1676291925, "arr_date_time": "2023-02-13T07:38:45-05:00", "end_time": 1676292225, "end_date_time": "2023-02-13T07:43:45-05:00", "waiting_time": 0, "distance": 1795, "driving_time": 1725, "preparation_time": 0, "load_before": [0], "load_after": [0]}, {"type": "service", "id": "1402350000_32", "location_id": "1402350000", "address": {"location_id": "1402350000", "lat": 42.29969124, "lon": -71.07849555}, "arr_time": 1676292267, "arr_date_time": "2023-02-13T07:44:27-05:00", "end_time": 1676292567, "end_date_time": "2023-02-13T07:49:27-05:00", "waiting_time": 0, "distance": 1838, "driving_time": 1767, "preparation_time": 0, "load_before": [0], "load_after": [0]}, {"type": "service", "id": "1402388000_48", "location_id": "1402388000", "address": {"location_id": "1402388000", "lat": 42.29973907, "lon": -71.07817725}, "arr_time": 1676292592, "arr_date_time": "2023-02-13T07:49:52-05:00", "end_time": 1676292892, "end_date_time": "2023-02-13T07:54:52-05:00", "waiting_time": 0, "distance": 1865, "driving_time": 1792, "preparation_time": 0, "load_before": [0], "load_after": [0]}, {"type": "service", "id": "1402385000_47", "location_id": "1402385000", "address": {"location_id": "1402385000", "lat": 42.29927132, "lon": -71.07808501}, "arr_time": 1676292943, "arr_date_time": "2023-02-13T07:55:43-05:00", "end_time": 1676293243, "end_date_time": "2023-02-13T08:00:43-05:00", "waiting_time": 0, "distance": 1917, "driving_time": 1843, "preparation_time": 0, "load_before": [0], "load_after": [0]}, {"type": "service", "id": "1402353000_33", "location_id": "1402353000", "address": {"location_id": "1402353000", "lat": 42.29919157, "lon": -71.07843524}, "arr_time": 1676293248, "arr_date_time": "2023-02-13T08:00:48-05:00", "end_time": 1676293548, "end_date_time": "2023-02-13T08:05:48-05:00", "waiting_time": 0, "distance": 1923, "driving_time": 1848, "preparation_time": 0, "load_before": [0], "load_after": [0]}, {"type": "service", "id": "1402384000_46", "location_id": "1402384000", "address": {"location_id": "1402384000", "lat": 42.29914707, "lon": -71.07806056}, "arr_time": 1676293556, "arr_date_time": "2023-02-13T08:05:56-05:00", "end_time": 1676293856, "end_date_time": "2023-02-13T08:10:56-05:00", "waiting_time": 0, "distance": 1931, "driving_time": 1856, "preparation_time": 0, "load_before": [0], "load_after": [0]}, {"type": "service", "id": "1402382000_45", "location_id": "1402382000", "address": {"location_id": "1402382000", "lat": 42.29880657, "lon": -71.07799368}, "arr_time": 1676293893, "arr_date_time": "2023-02-13T08:11:33-05:00", "end_time": 1676294193, "end_date_time": "2023-02-13T08:16:33-05:00", "waiting_time": 0, "distance": 1969, "driving_time": 1893, "preparation_time": 0, "load_before": [0], "load_after": [0]}, {"type": "service", "id": "1402377000_44", "location_id": "1402377000", "address": {"location_id": "1402377000", "lat": 42.29820094, "lon": -71.07784234}, "arr_time": 1676294260, "arr_date_time": "2023-02-13T08:17:40-05:00", "end_time": 1676294560, "end_date_time": "2023-02-13T08:22:40-05:00", "waiting_time": 0, "distance": 2039, "driving_time": 1960, "preparation_time": 0, "load_before": [0], "load_after": [0]}, {"type": "service", "id": "1402375000_43", "location_id": "1402375000", "address": {"location_id": "1402375000", "lat": 42.29793532, "lon": -71.07777004}, "arr_time": 1676294589, "arr_date_time": "2023-02-13T08:23:09-05:00", "end_time": 1676294889, "end_date_time": "2023-02-13T08:28:09-05:00", "waiting_time": 0, "distance": 2070, "driving_time": 1989, "preparation_time": 0, "load_before": [0], "load_after": [0]}, {"type": "service", "id": "1402361000_34", "location_id": "1402361000", "address": {"location_id": "1402361000", "lat": 42.29785635, "lon": -71.07819989}, "arr_time": 1676294891, "arr_date_time": "2023-02-13T08:28:11-05:00", "end_time": 1676295191, "end_date_time": "2023-02-13T08:33:11-05:00", "waiting_time": 0, "distance": 2071, "driving_time": 1991, "preparation_time": 0, "load_before": [0], "load_after": [0]}, {"type": "service", "id": "1402374000_42", "location_id": "1402374000", "address": {"location_id": "1402374000", "lat": 42.29780707, "lon": -71.07773505}, "arr_time": 1676295203, "arr_date_time": "2023-02-13T08:33:23-05:00", "end_time": 1676295503, "end_date_time": "2023-02-13T08:38:23-05:00", "waiting_time": 0, "distance": 2084, "driving_time": 2003, "preparation_time": 0, "load_before": [0], "load_after": [0]}, {"type": "service", "id": "1402362000_35", "location_id": "1402362000", "address": {"location_id": "1402362000", "lat": 42.29772299, "lon": -71.07816779}, "arr_time": 1676295504, "arr_date_time": "2023-02-13T08:38:24-05:00", "end_time": 1676295804, "end_date_time": "2023-02-13T08:43:24-05:00", "waiting_time": 0, "distance": 2086, "driving_time": 2004, "preparation_time": 0, "load_before": [0], "load_after": [0]}, {"type": "service", "id": "1402363000_36", "location_id": "1402363000", "address": {"location_id": "1402363000", "lat": 42.29758141, "lon": -71.07813338}, "arr_time": 1676295820, "arr_date_time": "2023-02-13T08:43:40-05:00", "end_time": 1676296120, "end_date_time": "2023-02-13T08:48:40-05:00", "waiting_time": 0, "distance": 2102, "driving_time": 2020, "preparation_time": 0, "load_before": [0], "load_after": [0]}, {"type": "service", "id": "1402372000_41", "location_id": "1402372000", "address": {"location_id": "1402372000", "lat": 42.2975545, "lon": -71.07766672}, "arr_time": 1676296131, "arr_date_time": "2023-02-13T08:48:51-05:00", "end_time": 1676296431, "end_date_time": "2023-02-13T08:53:51-05:00", "waiting_time": 0, "distance": 2113, "driving_time": 2031, "preparation_time": 0, "load_before": [0], "load_after": [0]}, {"type": "service", "id": "1402364000_37", "location_id": "1402364000", "address": {"location_id": "1402364000", "lat": 42.29744363, "lon": -71.07810008}, "arr_time": 1676296436, "arr_date_time": "2023-02-13T08:53:56-05:00", "end_time": 1676296736, "end_date_time": "2023-02-13T08:58:56-05:00", "waiting_time": 0, "distance": 2118, "driving_time": 2036, "preparation_time": 0, "load_before": [0], "load_after": [0]}, {"type": "service", "id": "1402365000_38", "location_id": "1402365000", "address": {"location_id": "1402365000", "lat": 42.29735202, "lon": -71.07807791}, "arr_time": 1676296745, "arr_date_time": "2023-02-13T08:59:05-05:00", "end_time": 1676297045, "end_date_time": "2023-02-13T09:04:05-05:00", "waiting_time": 0, "distance": 2128, "driving_time": 2045, "preparation_time": 0, "load_before": [0], "load_after": [0]}, {"type": "service", "id": "1402366000_39", "location_id": "1402366000", "address": {"location_id": "1402366000", "lat": 42.29722271, "lon": -71.07804661}, "arr_time": 1676297060, "arr_date_time": "2023-02-13T09:04:20-05:00", "end_time": 1676297360, "end_date_time": "2023-02-13T09:09:20-05:00", "waiting_time": 0, "distance": 2143, "driving_time": 2060, "preparation_time": 0, "load_before": [0], "load_after": [0]}, {"type": "service", "id": "1402438000_66", "location_id": "1402438000", "address": {"location_id": "1402438000", "lat": 42.29727101, "lon": -71.0771248}, "arr_time": 1676297451, "arr_date_time": "2023-02-13T09:10:51-05:00", "end_time": 1676297751, "end_date_time": "2023-02-13T09:15:51-05:00", "waiting_time": 0, "distance": 2237, "driving_time": 2151, "preparation_time": 0, "load_before": [0], "load_after": [0]}, {"type": "service", "id": "1402369000_40", "location_id": "1402369000", "address": {"location_id": "1402369000", "lat": 42.29722304, "lon": -71.07749403}, "arr_time": 1676297752, "arr_date_time": "2023-02-13T09:15:52-05:00", "end_time": 1676298052, "end_date_time": "2023-02-13T09:20:52-05:00", "waiting_time": 0, "distance": 2238, "driving_time": 2152, "preparation_time": 0, "load_before": [0], "load_after": [0]}, {"type": "service", "id": "1401653000_28", "location_id": "1401653000", "address": {"location_id": "1401653000", "lat": 42.29721518, "lon": -71.07870019}, "arr_time": 1676298216, "arr_date_time": "2023-02-13T09:23:36-05:00", "end_time": 1676298516, "end_date_time": "2023-02-13T09:28:36-05:00", "waiting_time": 0, "distance": 2408, "driving_time": 2316, "preparation_time": 0, "load_before": [0], "load_after": [0]}, {"type": "service", "id": "1402335000_29", "location_id": "1402335000", "address": {"location_id": "1402335000", "lat": 42.29754872, "lon": -71.07838147}, "arr_time": 1676298548, "arr_date_time": "2023-02-13T09:29:08-05:00", "end_time": 1676298848, "end_date_time": "2023-02-13T09:34:08-05:00", "waiting_time": 0, "distance": 2442, "driving_time": 2348, "preparation_time": 0, "load_before": [0], "load_after": [0]}, {"type": "service", "id": "1402338000_30", "location_id": "1402338000", "address": {"location_id": "1402338000", "lat": 42.29797894, "lon": -71.0784616}, "arr_time": 1676298895, "arr_date_time": "2023-02-13T09:34:55-05:00", "end_time": 1676299195, "end_date_time": "2023-02-13T09:39:55-05:00", "waiting_time": 0, "distance": 2490, "driving_time": 2395, "preparation_time": 0, "load_before": [0], "load_after": [0]}, {"type": "service", "id": "1402342000_31", "location_id": "1402342000", "address": {"location_id": "1402342000", "lat": 42.2985321, "lon": -71.0785627}, "arr_time": 1676299255, "arr_date_time": "2023-02-13T09:40:55-05:00", "end_time": 1676299555, "end_date_time": "2023-02-13T09:45:55-05:00", "waiting_time": 0, "distance": 2553, "driving_time": 2455, "preparation_time": 0, "load_before": [0], "load_after": [0]}, {"type": "service", "id": "1401633060_27", "location_id": "1401633060", "address": {"location_id": "1401633060", "lat": 42.29926197, "lon": -71.07899128}, "arr_time": 1676299635, "arr_date_time": "2023-02-13T09:47:15-05:00", "end_time": 1676299935, "end_date_time": "2023-02-13T09:52:15-05:00", "waiting_time": 0, "distance": 2637, "driving_time": 2535, "preparation_time": 0, "load_before": [0], "load_after": [0]}, {"type": "service", "id": "1401633050_26", "location_id": "1401633050", "address": {"location_id": "1401633050", "lat": 42.29940602, "lon": -71.07900706}, "arr_time": 1676299949, "arr_date_time": "2023-02-13T09:52:29-05:00", "end_time": 1676300249, "end_date_time": "2023-02-13T09:57:29-05:00", "waiting_time": 0, "distance": 2653, "driving_time": 2549, "preparation_time": 0, "load_before": [0], "load_after": [0]}, {"type": "service", "id": "1401633040_25", "location_id": "1401633040", "address": {"location_id": "1401633040", "lat": 42.29963609, "lon": -71.07902608}, "arr_time": 1676300273, "arr_date_time": "2023-02-13T09:57:53-05:00", "end_time": 1676300573, "end_date_time": "2023-02-13T10:02:53-05:00", "waiting_time": 0, "distance": 2679, "driving_time": 2573, "preparation_time": 0, "load_before": [0], "load_after": [0]}, {"type": "service", "id": "1401633030_24", "location_id": "1401633030", "address": {"location_id": "1401633030", "lat": 42.29982926, "lon": -71.07903769}, "arr_time": 1676300595, "arr_date_time": "2023-02-13T10:03:15-05:00", "end_time": 1676300895, "end_date_time": "2023-02-13T10:08:15-05:00", "waiting_time": 0, "distance": 2701, "driving_time": 2595, "preparation_time": 0, "load_before": [0], "load_after": [0]}, {"type": "service", "id": "1401534000_11", "location_id": "1401534000", "address": {"location_id": "1401534000", "lat": 42.29996017, "lon": -71.07869402}, "arr_time": 1676300908, "arr_date_time": "2023-02-13T10:08:28-05:00", "end_time": 1676301208, "end_date_time": "2023-02-13T10:13:28-05:00", "waiting_time": 0, "distance": 2714, "driving_time": 2608, "preparation_time": 0, "load_before": [0], "load_after": [0]}, {"type": "service", "id": "1401633020_23", "location_id": "1401633020", "address": {"location_id": "1401633020", "lat": 42.30009, "lon": -71.0790455}, "arr_time": 1676301223, "arr_date_time": "2023-02-13T10:13:43-05:00", "end_time": 1676301523, "end_date_time": "2023-02-13T10:18:43-05:00", "waiting_time": 0, "distance": 2730, "driving_time": 2623, "preparation_time": 0, "load_before": [0], "load_after": [0]}, {"type": "end", "location_id": "1401605000", "address": {"location_id": "1401605000", "lat": 42.30264714, "lon": -71.0784921}, "arr_time": 1676301889, "arr_date_time": "2023-02-13T10:24:49-05:00", "end_time": 1676301889, "end_date_time": "2023-02-13T10:24:49-05:00", "waiting_time": 0, "distance": 3112, "driving_time": 2989, "preparation_time": 0, "load_before": [0]}]}], "unassigned": {"services": [], "shipments": [], "breaks": [], "details": []}}}