{"copyrights": ["GraphHopper", "OpenStreetMap contributors"], "job_id": "36bc8914-7116-4697-8f13-4bacc2ee7edc", "status": "finished", "waiting_time_in_queue": 0, "processing_time": 182, "solution": {"costs": 389, "distance": 3201, "time": 3075, "transport_time": 3075, "completion_time": 23475, "max_operation_time": 23475, "waiting_time": 0, "service_duration": 20400, "preparation_time": 0, "no_vehicles": 1, "no_unassigned": 0, "routes": [{"vehicle_id": "my_vehicle", "shift_id": "default-shift", "distance": 3201, "transport_time": 3075, "completion_time": 23475, "waiting_time": 0, "service_duration": 20400, "preparation_time": 0, "activities": [{"type": "start", "location_id": "1301215000", "address": {"location_id": "1301215000", "lat": 42.31778977, "lon": -71.06864607}, "arr_time": 1676278800, "arr_date_time": "2023-02-13T04:00:00-05:00", "end_time": 1676278800, "end_date_time": "2023-02-13T04:00:00-05:00", "waiting_time": 0, "distance": 0, "driving_time": 0, "preparation_time": 0, "load_after": [0]}, {"type": "service", "id": "1301217000_03", "location_id": "1301217000", "address": {"location_id": "1301217000", "lat": 42.31768144, "lon": -71.06870258}, "arr_time": 1676278812, "arr_date_time": "2023-02-13T04:00:12-05:00", "end_time": 1676279112, "end_date_time": "2023-02-13T04:05:12-05:00", "waiting_time": 0, "distance": 13, "driving_time": 12, "preparation_time": 0, "load_before": [0], "load_after": [0]}, {"type": "service", "id": "1301228000_07", "location_id": "1301228000", "address": {"location_id": "1301228000", "lat": 42.31750648, "lon": -71.06836921}, "arr_time": 1676279116, "arr_date_time": "2023-02-13T04:05:16-05:00", "end_time": 1676279416, "end_date_time": "2023-02-13T04:10:16-05:00", "waiting_time": 0, "distance": 17, "driving_time": 16, "preparation_time": 0, "load_before": [0], "load_after": [0]}, {"type": "service", "id": "1301220000_04", "location_id": "1301220000", "address": {"location_id": "1301220000", "lat": 42.31751575, "lon": -71.06878738}, "arr_time": 1676279431, "arr_date_time": "2023-02-13T04:10:31-05:00", "end_time": 1676279731, "end_date_time": "2023-02-13T04:15:31-05:00", "waiting_time": 0, "distance": 33, "driving_time": 31, "preparation_time": 0, "load_before": [0], "load_after": [0]}, {"type": "service", "id": "1301225000_06", "location_id": "1301225000", "address": {"location_id": "1301225000", "lat": 42.3173581, "lon": -71.06848799}, "arr_time": 1676279733, "arr_date_time": "2023-02-13T04:15:33-05:00", "end_time": 1676280033, "end_date_time": "2023-02-13T04:20:33-05:00", "waiting_time": 0, "distance": 36, "driving_time": 33, "preparation_time": 0, "load_before": [0], "load_after": [0]}, {"type": "service", "id": "1301221000_05", "location_id": "1301221000", "address": {"location_id": "1301221000", "lat": 42.31744532, "lon": -71.06882221}, "arr_time": 1676280039, "arr_date_time": "2023-02-13T04:20:39-05:00", "end_time": 1676280339, "end_date_time": "2023-02-13T04:25:39-05:00", "waiting_time": 0, "distance": 41, "driving_time": 39, "preparation_time": 0, "load_before": [0], "load_after": [0]}, {"type": "service", "id": "1301216000_02", "location_id": "1301216000", "address": {"location_id": "1301216000", "lat": 42.3177351, "lon": -71.0686739}, "arr_time": 1676280372, "arr_date_time": "2023-02-13T04:26:12-05:00", "end_time": 1676280672, "end_date_time": "2023-02-13T04:31:12-05:00", "waiting_time": 0, "distance": 75, "driving_time": 72, "preparation_time": 0, "load_before": [0], "load_after": [0]}, {"type": "service", "id": "1301214000_01", "location_id": "1301214000", "address": {"location_id": "1301214000", "lat": 42.31784355, "lon": -71.06861593}, "arr_time": 1676280684, "arr_date_time": "2023-02-13T04:31:24-05:00", "end_time": 1676280984, "end_date_time": "2023-02-13T04:36:24-05:00", "waiting_time": 0, "distance": 88, "driving_time": 84, "preparation_time": 0, "load_before": [0], "load_after": [0]}, {"type": "service", "id": "1301293000_19", "location_id": "1301293000", "address": {"location_id": "1301293000", "lat": 42.31698811, "lon": -71.06746261}, "arr_time": 1676281284, "arr_date_time": "2023-02-13T04:41:24-05:00", "end_time": 1676281584, "end_date_time": "2023-02-13T04:46:24-05:00", "waiting_time": 0, "distance": 400, "driving_time": 384, "preparation_time": 0, "load_before": [0], "load_after": [0]}, {"type": "service", "id": "1301330000_28", "location_id": "1301330000", "address": {"location_id": "1301330000", "lat": 42.31652017, "lon": -71.06726415}, "arr_time": 1676281616, "arr_date_time": "2023-02-13T04:46:56-05:00", "end_time": 1676281916, "end_date_time": "2023-02-13T04:51:56-05:00", "waiting_time": 0, "distance": 434, "driving_time": 416, "preparation_time": 0, "load_before": [0], "load_after": [0]}, {"type": "service", "id": "1301329020_27", "location_id": "1301329020", "address": {"location_id": "1301329020", "lat": 42.31638056, "lon": -71.06739643}, "arr_time": 1676281935, "arr_date_time": "2023-02-13T04:52:15-05:00", "end_time": 1676282235, "end_date_time": "2023-02-13T04:57:15-05:00", "waiting_time": 0, "distance": 453, "driving_time": 435, "preparation_time": 0, "load_before": [0], "load_after": [0]}, {"type": "service", "id": "1301329010_26", "location_id": "1301329010", "address": {"location_id": "1301329010", "lat": 42.31630618, "lon": -71.06746527}, "arr_time": 1676282244, "arr_date_time": "2023-02-13T04:57:24-05:00", "end_time": 1676282544, "end_date_time": "2023-02-13T05:02:24-05:00", "waiting_time": 0, "distance": 463, "driving_time": 444, "preparation_time": 0, "load_before": [0], "load_after": [0]}, {"type": "service", "id": "1301351000_29", "location_id": "1301351000", "address": {"location_id": "1301351000", "lat": 42.31625333, "lon": -71.06708216}, "arr_time": 1676282661, "arr_date_time": "2023-02-13T05:04:21-05:00", "end_time": 1676282961, "end_date_time": "2023-02-13T05:09:21-05:00", "waiting_time": 0, "distance": 586, "driving_time": 561, "preparation_time": 0, "load_before": [0], "load_after": [0]}, {"type": "service", "id": "1301313000_25", "location_id": "1301313000", "address": {"location_id": "1301313000", "lat": 42.31571772, "lon": -71.06800546}, "arr_time": 1676283103, "arr_date_time": "2023-02-13T05:11:43-05:00", "end_time": 1676283403, "end_date_time": "2023-02-13T05:16:43-05:00", "waiting_time": 0, "distance": 733, "driving_time": 703, "preparation_time": 0, "load_before": [0], "load_after": [0]}, {"type": "service", "id": "1301301000_20", "location_id": "1301301000", "address": {"location_id": "1301301000", "lat": 42.31577223, "lon": -71.06853992}, "arr_time": 1676283421, "arr_date_time": "2023-02-13T05:17:01-05:00", "end_time": 1676283721, "end_date_time": "2023-02-13T05:22:01-05:00", "waiting_time": 0, "distance": 752, "driving_time": 721, "preparation_time": 0, "load_before": [0], "load_after": [0]}, {"type": "service", "id": "1301312000_24", "location_id": "1301312000", "address": {"location_id": "1301312000", "lat": 42.3155451, "lon": -71.06816445}, "arr_time": 1676283725, "arr_date_time": "2023-02-13T05:22:05-05:00", "end_time": 1676284025, "end_date_time": "2023-02-13T05:27:05-05:00", "waiting_time": 0, "distance": 756, "driving_time": 725, "preparation_time": 0, "load_before": [0], "load_after": [0]}, {"type": "service", "id": "1301303000_21", "location_id": "1301303000", "address": {"location_id": "1301303000", "lat": 42.31541485, "lon": -71.06881498}, "arr_time": 1676284064, "arr_date_time": "2023-02-13T05:27:44-05:00", "end_time": 1676284364, "end_date_time": "2023-02-13T05:32:44-05:00", "waiting_time": 0, "distance": 796, "driving_time": 764, "preparation_time": 0, "load_before": [0], "load_after": [0]}, {"type": "service", "id": "1301309000_23", "location_id": "1301309000", "address": {"location_id": "1301309000", "lat": 42.31510603, "lon": -71.06855675}, "arr_time": 1676284383, "arr_date_time": "2023-02-13T05:33:03-05:00", "end_time": 1676284683, "end_date_time": "2023-02-13T05:38:03-05:00", "waiting_time": 0, "distance": 815, "driving_time": 783, "preparation_time": 0, "load_before": [0], "load_after": [0]}, {"type": "service", "id": "1502471000_61", "location_id": "1502471000", "address": {"location_id": "1502471000", "lat": 42.31417422, "lon": -71.06966065}, "arr_time": 1676284809, "arr_date_time": "2023-02-13T05:40:09-05:00", "end_time": 1676285109, "end_date_time": "2023-02-13T05:45:09-05:00", "waiting_time": 0, "distance": 947, "driving_time": 909, "preparation_time": 0, "load_before": [0], "load_after": [0]}, {"type": "service", "id": "1502474000_62", "location_id": "1502474000", "address": {"location_id": "1502474000", "lat": 42.31390044, "lon": -71.07001228}, "arr_time": 1676285165, "arr_date_time": "2023-02-13T05:46:05-05:00", "end_time": 1676285465, "end_date_time": "2023-02-13T05:51:05-05:00", "waiting_time": 0, "distance": 1005, "driving_time": 965, "preparation_time": 0, "load_before": [0], "load_after": [0]}, {"type": "service", "id": "1502423000_47", "location_id": "1502423000", "address": {"location_id": "1502423000", "lat": 42.31338398, "lon": -71.07006629}, "arr_time": 1676285500, "arr_date_time": "2023-02-13T05:51:40-05:00", "end_time": 1676285800, "end_date_time": "2023-02-13T05:56:40-05:00", "waiting_time": 0, "distance": 1041, "driving_time": 1000, "preparation_time": 0, "load_before": [0], "load_after": [0]}, {"type": "service", "id": "1502478000_63", "location_id": "1502478000", "address": {"location_id": "1502478000", "lat": 42.31359592, "lon": -71.07061193}, "arr_time": 1676285825, "arr_date_time": "2023-02-13T05:57:05-05:00", "end_time": 1676286125, "end_date_time": "2023-02-13T06:02:05-05:00", "waiting_time": 0, "distance": 1068, "driving_time": 1025, "preparation_time": 0, "load_before": [0], "load_after": [0]}, {"type": "service", "id": "1502381000_30", "location_id": "1502381000", "address": {"location_id": "1502381000", "lat": 42.31314051, "lon": -71.07057193}, "arr_time": 1676286151, "arr_date_time": "2023-02-13T06:02:31-05:00", "end_time": 1676286451, "end_date_time": "2023-02-13T06:07:31-05:00", "waiting_time": 0, "distance": 1095, "driving_time": 1051, "preparation_time": 0, "load_before": [0], "load_after": [0]}, {"type": "service", "id": "1502441000_53", "location_id": "1502441000", "address": {"location_id": "1502441000", "lat": 42.31299591, "lon": -71.07003855}, "arr_time": 1676286484, "arr_date_time": "2023-02-13T06:08:04-05:00", "end_time": 1676286784, "end_date_time": "2023-02-13T06:13:04-05:00", "waiting_time": 0, "distance": 1129, "driving_time": 1084, "preparation_time": 0, "load_before": [0], "load_after": [0]}, {"type": "service", "id": "1502383000_31", "location_id": "1502383000", "address": {"location_id": "1502383000", "lat": 42.31286364, "lon": -71.07039336}, "arr_time": 1676286808, "arr_date_time": "2023-02-13T06:13:28-05:00", "end_time": 1676287108, "end_date_time": "2023-02-13T06:18:28-05:00", "waiting_time": 0, "distance": 1154, "driving_time": 1108, "preparation_time": 0, "load_before": [0], "load_after": [0]}, {"type": "service", "id": "1502389000_32", "location_id": "1502389000", "address": {"location_id": "1502389000", "lat": 42.31238677, "lon": -71.07111176}, "arr_time": 1676287179, "arr_date_time": "2023-02-13T06:19:39-05:00", "end_time": 1676287479, "end_date_time": "2023-02-13T06:24:39-05:00", "waiting_time": 0, "distance": 1228, "driving_time": 1179, "preparation_time": 0, "load_before": [0], "load_after": [0]}, {"type": "service", "id": "1502390001_33", "location_id": "1502390001", "address": {"location_id": "1502390001", "lat": 42.3122445, "lon": -71.07127281}, "arr_time": 1676287499, "arr_date_time": "2023-02-13T06:24:59-05:00", "end_time": 1676287799, "end_date_time": "2023-02-13T06:29:59-05:00", "waiting_time": 0, "distance": 1248, "driving_time": 1199, "preparation_time": 0, "load_before": [0], "load_after": [0]}, {"type": "service", "id": "1502391000_34", "location_id": "1502391000", "address": {"location_id": "1502391000", "lat": 42.31209157, "lon": -71.07128442}, "arr_time": 1676287813, "arr_date_time": "2023-02-13T06:30:13-05:00", "end_time": 1676288113, "end_date_time": "2023-02-13T06:35:13-05:00", "waiting_time": 0, "distance": 1263, "driving_time": 1213, "preparation_time": 0, "load_before": [0], "load_after": [0]}, {"type": "service", "id": "1502394040_37", "location_id": "1502394040", "address": {"location_id": "1502394040", "lat": 42.31193464, "lon": -71.07096119}, "arr_time": 1676288116, "arr_date_time": "2023-02-13T06:35:16-05:00", "end_time": 1676288416, "end_date_time": "2023-02-13T06:40:16-05:00", "waiting_time": 0, "distance": 1266, "driving_time": 1216, "preparation_time": 0, "load_before": [0], "load_after": [0]}, {"type": "service", "id": "1502394030_36", "location_id": "1502394030", "address": {"location_id": "1502394030", "lat": 42.31188115, "lon": -71.07099881}, "arr_time": 1676288423, "arr_date_time": "2023-02-13T06:40:23-05:00", "end_time": 1676288723, "end_date_time": "2023-02-13T06:45:23-05:00", "waiting_time": 0, "distance": 1273, "driving_time": 1223, "preparation_time": 0, "load_before": [0], "load_after": [0]}, {"type": "service", "id": "1502394020_35", "location_id": "1502394020", "address": {"location_id": "1502394020", "lat": 42.31182769, "lon": -71.07103641}, "arr_time": 1676288729, "arr_date_time": "2023-02-13T06:45:29-05:00", "end_time": 1676289029, "end_date_time": "2023-02-13T06:50:29-05:00", "waiting_time": 0, "distance": 1280, "driving_time": 1229, "preparation_time": 0, "load_before": [0], "load_after": [0]}, {"type": "service", "id": "1502414010_38", "location_id": "1502414010", "address": {"location_id": "1502414010", "lat": 42.31163804, "lon": -71.0707034}, "arr_time": 1676289093, "arr_date_time": "2023-02-13T06:51:33-05:00", "end_time": 1676289393, "end_date_time": "2023-02-13T06:56:33-05:00", "waiting_time": 0, "distance": 1346, "driving_time": 1293, "preparation_time": 0, "load_before": [0], "load_after": [0]}, {"type": "service", "id": "1502414020_39", "location_id": "1502414020", "address": {"location_id": "1502414020", "lat": 42.31169382, "lon": -71.0706639}, "arr_time": 1676289421, "arr_date_time": "2023-02-13T06:57:01-05:00", "end_time": 1676289721, "end_date_time": "2023-02-13T07:02:01-05:00", "waiting_time": 0, "distance": 1375, "driving_time": 1321, "preparation_time": 0, "load_before": [0], "load_after": [0]}, {"type": "service", "id": "1502414030_40", "location_id": "1502414030", "address": {"location_id": "1502414030", "lat": 42.31175223, "lon": -71.07063923}, "arr_time": 1676289788, "arr_date_time": "2023-02-13T07:03:08-05:00", "end_time": 1676290088, "end_date_time": "2023-02-13T07:08:08-05:00", "waiting_time": 0, "distance": 1444, "driving_time": 1388, "preparation_time": 0, "load_before": [0], "load_after": [0]}, {"type": "service", "id": "1502417000_41", "location_id": "1502417000", "address": {"location_id": "1502417000", "lat": 42.31188488, "lon": -71.07054659}, "arr_time": 1676290105, "arr_date_time": "2023-02-13T07:08:25-05:00", "end_time": 1676290405, "end_date_time": "2023-02-13T07:13:25-05:00", "waiting_time": 0, "distance": 1462, "driving_time": 1405, "preparation_time": 0, "load_before": [0], "load_after": [0]}, {"type": "service", "id": "1502418000_42", "location_id": "1502418000", "address": {"location_id": "1502418000", "lat": 42.31199101, "lon": -71.07047515}, "arr_time": 1676290417, "arr_date_time": "2023-02-13T07:13:37-05:00", "end_time": 1676290717, "end_date_time": "2023-02-13T07:18:37-05:00", "waiting_time": 0, "distance": 1475, "driving_time": 1417, "preparation_time": 0, "load_before": [0], "load_after": [0]}, {"type": "service", "id": "1502419010_43", "location_id": "1502419010", "address": {"location_id": "1502419010", "lat": 42.31206403, "lon": -71.07040585}, "arr_time": 1676290727, "arr_date_time": "2023-02-13T07:18:47-05:00", "end_time": 1676291027, "end_date_time": "2023-02-13T07:23:47-05:00", "waiting_time": 0, "distance": 1485, "driving_time": 1427, "preparation_time": 0, "load_before": [0], "load_after": [0]}, {"type": "service", "id": "1502419020_44", "location_id": "1502419020", "address": {"location_id": "1502419020", "lat": 42.3121159, "lon": -71.0703701}, "arr_time": 1676291033, "arr_date_time": "2023-02-13T07:23:53-05:00", "end_time": 1676291333, "end_date_time": "2023-02-13T07:28:53-05:00", "waiting_time": 0, "distance": 1491, "driving_time": 1433, "preparation_time": 0, "load_before": [0], "load_after": [0]}, {"type": "service", "id": "1502421020_46", "location_id": "1502421020", "address": {"location_id": "1502421020", "lat": 42.31231727, "lon": -71.07005177}, "arr_time": 1676291375, "arr_date_time": "2023-02-13T07:29:35-05:00", "end_time": 1676291675, "end_date_time": "2023-02-13T07:34:35-05:00", "waiting_time": 0, "distance": 1534, "driving_time": 1475, "preparation_time": 0, "load_before": [0], "load_after": [0]}, {"type": "service", "id": "1502421010_45", "location_id": "1502421010", "address": {"location_id": "1502421010", "lat": 42.31237111, "lon": -71.07008868}, "arr_time": 1676291675, "arr_date_time": "2023-02-13T07:34:35-05:00", "end_time": 1676291975, "end_date_time": "2023-02-13T07:39:35-05:00", "waiting_time": 0, "distance": 1535, "driving_time": 1475, "preparation_time": 0, "load_before": [0], "load_after": [0]}, {"type": "service", "id": "1502436000_52", "location_id": "1502436000", "address": {"location_id": "1502436000", "lat": 42.31245526, "lon": -71.06968383}, "arr_time": 1676292008, "arr_date_time": "2023-02-13T07:40:08-05:00", "end_time": 1676292308, "end_date_time": "2023-02-13T07:45:08-05:00", "waiting_time": 0, "distance": 1569, "driving_time": 1508, "preparation_time": 0, "load_before": [0], "load_after": [0]}, {"type": "service", "id": "1502432000_51", "location_id": "1502432000", "address": {"location_id": "1502432000", "lat": 42.31261274, "lon": -71.06898615}, "arr_time": 1676292440, "arr_date_time": "2023-02-13T07:47:20-05:00", "end_time": 1676292740, "end_date_time": "2023-02-13T07:52:20-05:00", "waiting_time": 0, "distance": 1707, "driving_time": 1640, "preparation_time": 0, "load_before": [0], "load_after": [0]}, {"type": "service", "id": "1502431000_50", "location_id": "1502431000", "address": {"location_id": "1502431000", "lat": 42.312701, "lon": -71.06888636}, "arr_time": 1676292803, "arr_date_time": "2023-02-13T07:53:23-05:00", "end_time": 1676293103, "end_date_time": "2023-02-13T07:58:23-05:00", "waiting_time": 0, "distance": 1772, "driving_time": 1703, "preparation_time": 0, "load_before": [0], "load_after": [0]}, {"type": "service", "id": "1502461000_58", "location_id": "1502461000", "address": {"location_id": "1502461000", "lat": 42.31297962, "lon": -71.06881646}, "arr_time": 1676293109, "arr_date_time": "2023-02-13T07:58:29-05:00", "end_time": 1676293409, "end_date_time": "2023-02-13T08:03:29-05:00", "waiting_time": 0, "distance": 1779, "driving_time": 1709, "preparation_time": 0, "load_before": [0], "load_after": [0]}, {"type": "service", "id": "1502428000_49", "location_id": "1502428000", "address": {"location_id": "1502428000", "lat": 42.31287572, "lon": -71.0695143}, "arr_time": 1676293449, "arr_date_time": "2023-02-13T08:04:09-05:00", "end_time": 1676293749, "end_date_time": "2023-02-13T08:09:09-05:00", "waiting_time": 0, "distance": 1820, "driving_time": 1749, "preparation_time": 0, "load_before": [0], "load_after": [0]}, {"type": "service", "id": "1502426000_48", "location_id": "1502426000", "address": {"location_id": "1502426000", "lat": 42.31303961, "lon": -71.06978713}, "arr_time": 1676293773, "arr_date_time": "2023-02-13T08:09:33-05:00", "end_time": 1676294073, "end_date_time": "2023-02-13T08:14:33-05:00", "waiting_time": 0, "distance": 1845, "driving_time": 1773, "preparation_time": 0, "load_before": [0], "load_after": [0]}, {"type": "service", "id": "1502445000_54", "location_id": "1502445000", "address": {"location_id": "1502445000", "lat": 42.3135162, "lon": -71.06964876}, "arr_time": 1676294107, "arr_date_time": "2023-02-13T08:15:07-05:00", "end_time": 1676294407, "end_date_time": "2023-02-13T08:20:07-05:00", "waiting_time": 0, "distance": 1880, "driving_time": 1807, "preparation_time": 0, "load_before": [0], "load_after": [0]}, {"type": "service", "id": "1502448000_56", "location_id": "1502448000", "address": {"location_id": "1502448000", "lat": 42.31389416, "lon": -71.06926855}, "arr_time": 1676294488, "arr_date_time": "2023-02-13T08:21:28-05:00", "end_time": 1676294788, "end_date_time": "2023-02-13T08:26:28-05:00", "waiting_time": 0, "distance": 1965, "driving_time": 1888, "preparation_time": 0, "load_before": [0], "load_after": [0]}, {"type": "service", "id": "1502446010_55", "location_id": "1502446010", "address": {"location_id": "1502446010", "lat": 42.3136351, "lon": -71.06950231}, "arr_time": 1676294789, "arr_date_time": "2023-02-13T08:26:29-05:00", "end_time": 1676295089, "end_date_time": "2023-02-13T08:31:29-05:00", "waiting_time": 0, "distance": 1966, "driving_time": 1889, "preparation_time": 0, "load_before": [0], "load_after": [0]}, {"type": "service", "id": "1502449000_57", "location_id": "1502449000", "address": {"location_id": "1502449000", "lat": 42.3139046, "lon": -71.06905941}, "arr_time": 1676295181, "arr_date_time": "2023-02-13T08:33:01-05:00", "end_time": 1676295481, "end_date_time": "2023-02-13T08:38:01-05:00", "waiting_time": 0, "distance": 2061, "driving_time": 1981, "preparation_time": 0, "load_before": [0], "load_after": [0]}, {"type": "service", "id": "1502492000_68", "location_id": "1502492000", "address": {"location_id": "1502492000", "lat": 42.31421839, "lon": -71.06883939}, "arr_time": 1676295487, "arr_date_time": "2023-02-13T08:38:07-05:00", "end_time": 1676295787, "end_date_time": "2023-02-13T08:43:07-05:00", "waiting_time": 0, "distance": 2067, "driving_time": 1987, "preparation_time": 0, "load_before": [0], "load_after": [0]}, {"type": "service", "id": "1502486000_67", "location_id": "1502486000", "address": {"location_id": "1502486000", "lat": 42.31423039, "lon": -71.06796168}, "arr_time": 1676295915, "arr_date_time": "2023-02-13T08:45:15-05:00", "end_time": 1676296215, "end_date_time": "2023-02-13T08:50:15-05:00", "waiting_time": 0, "distance": 2201, "driving_time": 2115, "preparation_time": 0, "load_before": [0], "load_after": [0]}, {"type": "service", "id": "1502482020_66", "location_id": "1502482020", "address": {"location_id": "1502482020", "lat": 42.3144698, "lon": -71.0684972}, "arr_time": 1676296352, "arr_date_time": "2023-02-13T08:52:32-05:00", "end_time": 1676296652, "end_date_time": "2023-02-13T08:57:32-05:00", "waiting_time": 0, "distance": 2343, "driving_time": 2252, "preparation_time": 0, "load_before": [0], "load_after": [0]}, {"type": "service", "id": "1301308000_22", "location_id": "1301308000", "address": {"location_id": "1301308000", "lat": 42.31488928, "lon": -71.06862052}, "arr_time": 1676296677, "arr_date_time": "2023-02-13T08:57:57-05:00", "end_time": 1676296977, "end_date_time": "2023-02-13T09:02:57-05:00", "waiting_time": 0, "distance": 2369, "driving_time": 2277, "preparation_time": 0, "load_before": [0], "load_after": [0]}, {"type": "service", "id": "1502482010_65", "location_id": "1502482010", "address": {"location_id": "1502482010", "lat": 42.31445678, "lon": -71.06860682}, "arr_time": 1676297011, "arr_date_time": "2023-02-13T09:03:31-05:00", "end_time": 1676297311, "end_date_time": "2023-02-13T09:08:31-05:00", "waiting_time": 0, "distance": 2404, "driving_time": 2311, "preparation_time": 0, "load_before": [0], "load_after": [0]}, {"type": "service", "id": "1502480000_64", "location_id": "1502480000", "address": {"location_id": "1502480000", "lat": 42.31442448, "lon": -71.06903945}, "arr_time": 1676297349, "arr_date_time": "2023-02-13T09:09:09-05:00", "end_time": 1676297649, "end_date_time": "2023-02-13T09:14:09-05:00", "waiting_time": 0, "distance": 2444, "driving_time": 2349, "preparation_time": 0, "load_before": [0], "load_after": [0]}, {"type": "service", "id": "1301256000_15", "location_id": "1301256000", "address": {"location_id": "1301256000", "lat": 42.31455583, "lon": -71.07000582}, "arr_time": 1676297717, "arr_date_time": "2023-02-13T09:15:17-05:00", "end_time": 1676298017, "end_date_time": "2023-02-13T09:20:17-05:00", "waiting_time": 0, "distance": 2515, "driving_time": 2417, "preparation_time": 0, "load_before": [0], "load_after": [0]}, {"type": "service", "id": "1502468000_60", "location_id": "1502468000", "address": {"location_id": "1502468000", "lat": 42.31423188, "lon": -71.07003229}, "arr_time": 1676298029, "arr_date_time": "2023-02-13T09:20:29-05:00", "end_time": 1676298329, "end_date_time": "2023-02-13T09:25:29-05:00", "waiting_time": 0, "distance": 2528, "driving_time": 2429, "preparation_time": 0, "load_before": [0], "load_after": [0]}, {"type": "service", "id": "1502467000_59", "location_id": "1502467000", "address": {"location_id": "1502467000", "lat": 42.31417489, "lon": -71.07019434}, "arr_time": 1676298340, "arr_date_time": "2023-02-13T09:25:40-05:00", "end_time": 1676298640, "end_date_time": "2023-02-13T09:30:40-05:00", "waiting_time": 0, "distance": 2540, "driving_time": 2440, "preparation_time": 0, "load_before": [0], "load_after": [0]}, {"type": "service", "id": "1301253010_14", "location_id": "1301253010", "address": {"location_id": "1301253010", "lat": 42.31506871, "lon": -71.06971378}, "arr_time": 1676298780, "arr_date_time": "2023-02-13T09:33:00-05:00", "end_time": 1676299080, "end_date_time": "2023-02-13T09:38:00-05:00", "waiting_time": 0, "distance": 2686, "driving_time": 2580, "preparation_time": 0, "load_before": [0], "load_after": [0]}, {"type": "service", "id": "1301251010_13", "location_id": "1301251010", "address": {"location_id": "1301251010", "lat": 42.31553895, "lon": -71.06949332}, "arr_time": 1676299128, "arr_date_time": "2023-02-13T09:38:48-05:00", "end_time": 1676299428, "end_date_time": "2023-02-13T09:43:48-05:00", "waiting_time": 0, "distance": 2737, "driving_time": 2628, "preparation_time": 0, "load_before": [0], "load_after": [0]}, {"type": "service", "id": "1301250020_12", "location_id": "1301250020", "address": {"location_id": "1301250020", "lat": 42.31563905, "lon": -71.06944412}, "arr_time": 1676299439, "arr_date_time": "2023-02-13T09:43:59-05:00", "end_time": 1676299739, "end_date_time": "2023-02-13T09:48:59-05:00", "waiting_time": 0, "distance": 2748, "driving_time": 2639, "preparation_time": 0, "load_before": [0], "load_after": [0]}, {"type": "service", "id": "1301250010_11", "location_id": "1301250010", "address": {"location_id": "1301250010", "lat": 42.31574223, "lon": -71.06939314}, "arr_time": 1676299751, "arr_date_time": "2023-02-13T09:49:11-05:00", "end_time": 1676300051, "end_date_time": "2023-02-13T09:54:11-05:00", "waiting_time": 0, "distance": 2760, "driving_time": 2651, "preparation_time": 0, "load_before": [0], "load_after": [0]}, {"type": "service", "id": "1301249000_10", "location_id": "1301249000", "address": {"location_id": "1301249000", "lat": 42.31589816, "lon": -71.06931506}, "arr_time": 1676300068, "arr_date_time": "2023-02-13T09:54:28-05:00", "end_time": 1676300368, "end_date_time": "2023-02-13T09:59:28-05:00", "waiting_time": 0, "distance": 2778, "driving_time": 2668, "preparation_time": 0, "load_before": [0], "load_after": [0]}, {"type": "service", "id": "1301246000_09", "location_id": "1301246000", "address": {"location_id": "1301246000", "lat": 42.31649985, "lon": -71.0690496}, "arr_time": 1676300431, "arr_date_time": "2023-02-13T10:00:31-05:00", "end_time": 1676300731, "end_date_time": "2023-02-13T10:05:31-05:00", "waiting_time": 0, "distance": 2843, "driving_time": 2731, "preparation_time": 0, "load_before": [0], "load_after": [0]}, {"type": "service", "id": "1301275000_16", "location_id": "1301275000", "address": {"location_id": "1301275000", "lat": 42.31664653, "lon": -71.0682272}, "arr_time": 1676300780, "arr_date_time": "2023-02-13T10:06:20-05:00", "end_time": 1676301080, "end_date_time": "2023-02-13T10:11:20-05:00", "waiting_time": 0, "distance": 2894, "driving_time": 2780, "preparation_time": 0, "load_before": [0], "load_after": [0]}, {"type": "service", "id": "1301239000_08", "location_id": "1301239000", "address": {"location_id": "1301239000", "lat": 42.31740489, "lon": -71.06809972}, "arr_time": 1676301152, "arr_date_time": "2023-02-13T10:12:32-05:00", "end_time": 1676301452, "end_date_time": "2023-02-13T10:17:32-05:00", "waiting_time": 0, "distance": 2970, "driving_time": 2852, "preparation_time": 0, "load_before": [0], "load_after": [0]}, {"type": "service", "id": "1301281000_17", "location_id": "1301281000", "address": {"location_id": "1301281000", "lat": 42.31728585, "lon": -71.06763553}, "arr_time": 1676301463, "arr_date_time": "2023-02-13T10:17:43-05:00", "end_time": 1676301763, "end_date_time": "2023-02-13T10:22:43-05:00", "waiting_time": 0, "distance": 2981, "driving_time": 2863, "preparation_time": 0, "load_before": [0], "load_after": [0]}, {"type": "service", "id": "1301283000_18", "location_id": "1301283000", "address": {"location_id": "1301283000", "lat": 42.31755888, "lon": -71.06738512}, "arr_time": 1676301797, "arr_date_time": "2023-02-13T10:23:17-05:00", "end_time": 1676302097, "end_date_time": "2023-02-13T10:28:17-05:00", "waiting_time": 0, "distance": 3017, "driving_time": 2897, "preparation_time": 0, "load_before": [0], "load_after": [0]}, {"type": "end", "location_id": "1301215000", "address": {"location_id": "1301215000", "lat": 42.31778977, "lon": -71.06864607}, "arr_time": 1676302275, "arr_date_time": "2023-02-13T10:31:15-05:00", "end_time": 1676302275, "end_date_time": "2023-02-13T10:31:15-05:00", "waiting_time": 0, "distance": 3201, "driving_time": 3075, "preparation_time": 0, "load_before": [0]}]}], "unassigned": {"services": [], "shipments": [], "breaks": [], "details": []}}}