{"copyrights": ["GraphHopper", "OpenStreetMap contributors"], "job_id": "1ec8a9f3-5f81-4e68-a547-03c66c7c25c2", "status": "finished", "waiting_time_in_queue": 0, "processing_time": 109, "solution": {"costs": 325, "distance": 1783, "time": 1703, "transport_time": 1703, "completion_time": 15503, "max_operation_time": 15503, "waiting_time": 0, "service_duration": 13800, "preparation_time": 0, "no_vehicles": 1, "no_unassigned": 0, "routes": [{"vehicle_id": "my_vehicle", "shift_id": "default-shift", "distance": 1783, "transport_time": 1703, "completion_time": 15503, "waiting_time": 0, "service_duration": 13800, "preparation_time": 0, "activities": [{"type": "start", "location_id": "1703870000", "address": {"location_id": "1703870000", "lat": 42.27387844, "lon": -71.07644989}, "arr_time": 1676278800, "arr_date_time": "2023-02-13T04:00:00-05:00", "end_time": 1676278800, "end_date_time": "2023-02-13T04:00:00-05:00", "waiting_time": 0, "distance": 0, "driving_time": 0, "preparation_time": 0, "load_after": [0]}, {"type": "service", "id": "1703871000_07", "location_id": "1703871000", "address": {"location_id": "1703871000", "lat": 42.27393026, "lon": -71.07607028}, "arr_time": 1676278831, "arr_date_time": "2023-02-13T04:00:31-05:00", "end_time": 1676279131, "end_date_time": "2023-02-13T04:05:31-05:00", "waiting_time": 0, "distance": 32, "driving_time": 31, "preparation_time": 0, "load_before": [0], "load_after": [0]}, {"type": "service", "id": "1703907000_14", "location_id": "1703907000", "address": {"location_id": "1703907000", "lat": 42.27368879, "lon": -71.07691537}, "arr_time": 1676279204, "arr_date_time": "2023-02-13T04:06:44-05:00", "end_time": 1676279504, "end_date_time": "2023-02-13T04:11:44-05:00", "waiting_time": 0, "distance": 109, "driving_time": 104, "preparation_time": 0, "load_before": [0], "load_after": [0]}, {"type": "service", "id": "1703868000_06", "location_id": "1703868000", "address": {"location_id": "1703868000", "lat": 42.27360937, "lon": -71.07635074}, "arr_time": 1676279524, "arr_date_time": "2023-02-13T04:12:04-05:00", "end_time": 1676279824, "end_date_time": "2023-02-13T04:17:04-05:00", "waiting_time": 0, "distance": 130, "driving_time": 124, "preparation_time": 0, "load_before": [0], "load_after": [0]}, {"type": "service", "id": "1703867000_05", "location_id": "1703867000", "address": {"location_id": "1703867000", "lat": 42.27348739, "lon": -71.07630561}, "arr_time": 1676279837, "arr_date_time": "2023-02-13T04:17:17-05:00", "end_time": 1676280137, "end_date_time": "2023-02-13T04:22:17-05:00", "waiting_time": 0, "distance": 144, "driving_time": 137, "preparation_time": 0, "load_before": [0], "load_after": [0]}, {"type": "service", "id": "1703910000_15", "location_id": "1703910000", "address": {"location_id": "1703910000", "lat": 42.27328322, "lon": -71.07676566}, "arr_time": 1676280148, "arr_date_time": "2023-02-13T04:22:28-05:00", "end_time": 1676280448, "end_date_time": "2023-02-13T04:27:28-05:00", "waiting_time": 0, "distance": 156, "driving_time": 148, "preparation_time": 0, "load_before": [0], "load_after": [0]}, {"type": "service", "id": "1703912000_16", "location_id": "1703912000", "address": {"location_id": "1703912000", "lat": 42.2730825, "lon": -71.07669152}, "arr_time": 1676280471, "arr_date_time": "2023-02-13T04:27:51-05:00", "end_time": 1676280771, "end_date_time": "2023-02-13T04:32:51-05:00", "waiting_time": 0, "distance": 179, "driving_time": 171, "preparation_time": 0, "load_before": [0], "load_after": [0]}, {"type": "service", "id": "1703864000_04", "location_id": "1703864000", "address": {"location_id": "1703864000", "lat": 42.27300138, "lon": -71.07612828}, "arr_time": 1676280791, "arr_date_time": "2023-02-13T04:33:11-05:00", "end_time": 1676281091, "end_date_time": "2023-02-13T04:38:11-05:00", "waiting_time": 0, "distance": 200, "driving_time": 191, "preparation_time": 0, "load_before": [0], "load_after": [0]}, {"type": "service", "id": "1703914000_17", "location_id": "1703914000", "address": {"location_id": "1703914000", "lat": 42.27288116, "lon": -71.07661706}, "arr_time": 1676281092, "arr_date_time": "2023-02-13T04:38:12-05:00", "end_time": 1676281392, "end_date_time": "2023-02-13T04:43:12-05:00", "waiting_time": 0, "distance": 202, "driving_time": 192, "preparation_time": 0, "load_before": [0], "load_after": [0]}, {"type": "service", "id": "1703916000_18", "location_id": "1703916000", "address": {"location_id": "1703916000", "lat": 42.2726414, "lon": -71.07653176}, "arr_time": 1676281423, "arr_date_time": "2023-02-13T04:43:43-05:00", "end_time": 1676281723, "end_date_time": "2023-02-13T04:48:43-05:00", "waiting_time": 0, "distance": 234, "driving_time": 223, "preparation_time": 0, "load_before": [0], "load_after": [0]}, {"type": "service", "id": "1703860000_03", "location_id": "1703860000", "address": {"location_id": "1703860000", "lat": 42.27259897, "lon": -71.07599509}, "arr_time": 1676281731, "arr_date_time": "2023-02-13T04:48:51-05:00", "end_time": 1676282031, "end_date_time": "2023-02-13T04:53:51-05:00", "waiting_time": 0, "distance": 242, "driving_time": 231, "preparation_time": 0, "load_before": [0], "load_after": [0]}, {"type": "service", "id": "1703917000_19", "location_id": "1703917000", "address": {"location_id": "1703917000", "lat": 42.27249015, "lon": -71.07650948}, "arr_time": 1676282040, "arr_date_time": "2023-02-13T04:54:00-05:00", "end_time": 1676282340, "end_date_time": "2023-02-13T04:59:00-05:00", "waiting_time": 0, "distance": 251, "driving_time": 240, "preparation_time": 0, "load_before": [0], "load_after": [0]}, {"type": "service", "id": "1703859000_02", "location_id": "1703859000", "address": {"location_id": "1703859000", "lat": 42.2724908, "lon": -71.07598552}, "arr_time": 1676282343, "arr_date_time": "2023-02-13T04:59:03-05:00", "end_time": 1676282643, "end_date_time": "2023-02-13T05:04:03-05:00", "waiting_time": 0, "distance": 254, "driving_time": 243, "preparation_time": 0, "load_before": [0], "load_after": [0]}, {"type": "service", "id": "1703918000_20", "location_id": "1703918000", "address": {"location_id": "1703918000", "lat": 42.27238219, "lon": -71.07651577}, "arr_time": 1676282653, "arr_date_time": "2023-02-13T05:04:13-05:00", "end_time": 1676282953, "end_date_time": "2023-02-13T05:09:13-05:00", "waiting_time": 0, "distance": 266, "driving_time": 253, "preparation_time": 0, "load_before": [0], "load_after": [0]}, {"type": "service", "id": "1703921000_21", "location_id": "1703921000", "address": {"location_id": "1703921000", "lat": 42.27192901, "lon": -71.07653818}, "arr_time": 1676283001, "arr_date_time": "2023-02-13T05:10:01-05:00", "end_time": 1676283301, "end_date_time": "2023-02-13T05:15:01-05:00", "waiting_time": 0, "distance": 316, "driving_time": 301, "preparation_time": 0, "load_before": [0], "load_after": [0]}, {"type": "service", "id": "1703854000_01", "location_id": "1703854000", "address": {"location_id": "1703854000", "lat": 42.27174513, "lon": -71.07611896}, "arr_time": 1676283320, "arr_date_time": "2023-02-13T05:15:20-05:00", "end_time": 1676283620, "end_date_time": "2023-02-13T05:20:20-05:00", "waiting_time": 0, "distance": 335, "driving_time": 320, "preparation_time": 0, "load_before": [0], "load_after": [0]}, {"type": "service", "id": "1800047001_26", "location_id": "1800047001", "address": {"location_id": "1800047001", "lat": 42.27142493, "lon": -71.07628819}, "arr_time": 1676283644, "arr_date_time": "2023-02-13T05:20:44-05:00", "end_time": 1676283944, "end_date_time": "2023-02-13T05:25:44-05:00", "waiting_time": 0, "distance": 361, "driving_time": 344, "preparation_time": 0, "load_before": [0], "load_after": [0]}, {"type": "service", "id": "1800050000_27", "location_id": "1800050000", "address": {"location_id": "1800050000", "lat": 42.27128429, "lon": -71.07550106}, "arr_time": 1676284011, "arr_date_time": "2023-02-13T05:26:51-05:00", "end_time": 1676284311, "end_date_time": "2023-02-13T05:31:51-05:00", "waiting_time": 0, "distance": 431, "driving_time": 411, "preparation_time": 0, "load_before": [0], "load_after": [0]}, {"type": "service", "id": "1800045001_25", "location_id": "1800045001", "address": {"location_id": "1800045001", "lat": 42.27121688, "lon": -71.07625734}, "arr_time": 1676284431, "arr_date_time": "2023-02-13T05:33:51-05:00", "end_time": 1676284731, "end_date_time": "2023-02-13T05:38:51-05:00", "waiting_time": 0, "distance": 556, "driving_time": 531, "preparation_time": 0, "load_before": [0], "load_after": [0]}, {"type": "service", "id": "1800073000_28", "location_id": "1800073000", "address": {"location_id": "1800073000", "lat": 42.27183451, "lon": -71.07766426}, "arr_time": 1676284860, "arr_date_time": "2023-02-13T05:41:00-05:00", "end_time": 1676285160, "end_date_time": "2023-02-13T05:46:00-05:00", "waiting_time": 0, "distance": 691, "driving_time": 660, "preparation_time": 0, "load_before": [0], "load_after": [0]}, {"type": "service", "id": "1800040000_24", "location_id": "1800040000", "address": {"location_id": "1800040000", "lat": 42.2714995, "lon": -71.07805157}, "arr_time": 1676285187, "arr_date_time": "2023-02-13T05:46:27-05:00", "end_time": 1676285487, "end_date_time": "2023-02-13T05:51:27-05:00", "waiting_time": 0, "distance": 719, "driving_time": 687, "preparation_time": 0, "load_before": [0], "load_after": [0]}, {"type": "service", "id": "1800037000_22", "location_id": "1800037000", "address": {"location_id": "1800037000", "lat": 42.27126036, "lon": -71.07882323}, "arr_time": 1676285539, "arr_date_time": "2023-02-13T05:52:19-05:00", "end_time": 1676285839, "end_date_time": "2023-02-13T05:57:19-05:00", "waiting_time": 0, "distance": 774, "driving_time": 739, "preparation_time": 0, "load_before": [0], "load_after": [0]}, {"type": "service", "id": "1800075000_29", "location_id": "1800075000", "address": {"location_id": "1800075000", "lat": 42.27189061, "lon": -71.0779427}, "arr_time": 1676285919, "arr_date_time": "2023-02-13T05:58:39-05:00", "end_time": 1676286219, "end_date_time": "2023-02-13T06:03:39-05:00", "waiting_time": 0, "distance": 857, "driving_time": 819, "preparation_time": 0, "load_before": [0], "load_after": [0]}, {"type": "service", "id": "1800076000_30", "location_id": "1800076000", "address": {"location_id": "1800076000", "lat": 42.2719093, "lon": -71.07812986}, "arr_time": 1676286229, "arr_date_time": "2023-02-13T06:03:49-05:00", "end_time": 1676286529, "end_date_time": "2023-02-13T06:08:49-05:00", "waiting_time": 0, "distance": 868, "driving_time": 829, "preparation_time": 0, "load_before": [0], "load_after": [0]}, {"type": "service", "id": "1800038000_23", "location_id": "1800038000", "address": {"location_id": "1800038000", "lat": 42.27152267, "lon": -71.07847077}, "arr_time": 1676286555, "arr_date_time": "2023-02-13T06:09:15-05:00", "end_time": 1676286855, "end_date_time": "2023-02-13T06:14:15-05:00", "waiting_time": 0, "distance": 895, "driving_time": 855, "preparation_time": 0, "load_before": [0], "load_after": [0]}, {"type": "service", "id": "1800086000_32", "location_id": "1800086000", "address": {"location_id": "1800086000", "lat": 42.27247858, "lon": -71.07773953}, "arr_time": 1676286981, "arr_date_time": "2023-02-13T06:16:21-05:00", "end_time": 1676287281, "end_date_time": "2023-02-13T06:21:21-05:00", "waiting_time": 0, "distance": 1027, "driving_time": 981, "preparation_time": 0, "load_before": [0], "load_after": [0]}, {"type": "service", "id": "1703894000_10", "location_id": "1703894000", "address": {"location_id": "1703894000", "lat": 42.27242342, "lon": -71.07688247}, "arr_time": 1676287325, "arr_date_time": "2023-02-13T06:22:05-05:00", "end_time": 1676287625, "end_date_time": "2023-02-13T06:27:05-05:00", "waiting_time": 0, "distance": 1072, "driving_time": 1025, "preparation_time": 0, "load_before": [0], "load_after": [0]}, {"type": "service", "id": "1703893000_09", "location_id": "1703893000", "address": {"location_id": "1703893000", "lat": 42.27223381, "lon": -71.07689126}, "arr_time": 1676287643, "arr_date_time": "2023-02-13T06:27:23-05:00", "end_time": 1676287943, "end_date_time": "2023-02-13T06:32:23-05:00", "waiting_time": 0, "distance": 1091, "driving_time": 1043, "preparation_time": 0, "load_before": [0], "load_after": [0]}, {"type": "service", "id": "1800083000_31", "location_id": "1800083000", "address": {"location_id": "1800083000", "lat": 42.2721326, "lon": -71.07745046}, "arr_time": 1676287956, "arr_date_time": "2023-02-13T06:32:36-05:00", "end_time": 1676288256, "end_date_time": "2023-02-13T06:37:36-05:00", "waiting_time": 0, "distance": 1105, "driving_time": 1056, "preparation_time": 0, "load_before": [0], "load_after": [0]}, {"type": "service", "id": "1703891000_08", "location_id": "1703891000", "address": {"location_id": "1703891000", "lat": 42.27204088, "lon": -71.07690011}, "arr_time": 1676288264, "arr_date_time": "2023-02-13T06:37:44-05:00", "end_time": 1676288564, "end_date_time": "2023-02-13T06:42:44-05:00", "waiting_time": 0, "distance": 1113, "driving_time": 1064, "preparation_time": 0, "load_before": [0], "load_after": [0]}, {"type": "service", "id": "1703898000_11", "location_id": "1703898000", "address": {"location_id": "1703898000", "lat": 42.27282378, "lon": -71.07698047}, "arr_time": 1676288641, "arr_date_time": "2023-02-13T06:44:01-05:00", "end_time": 1676288941, "end_date_time": "2023-02-13T06:49:01-05:00", "waiting_time": 0, "distance": 1194, "driving_time": 1141, "preparation_time": 0, "load_before": [0], "load_after": [0]}, {"type": "service", "id": "1800096000_36", "location_id": "1800096000", "address": {"location_id": "1800096000", "lat": 42.27273115, "lon": -71.07753388}, "arr_time": 1676288943, "arr_date_time": "2023-02-13T06:49:03-05:00", "end_time": 1676289243, "end_date_time": "2023-02-13T06:54:03-05:00", "waiting_time": 0, "distance": 1196, "driving_time": 1143, "preparation_time": 0, "load_before": [0], "load_after": [0]}, {"type": "service", "id": "1703900000_12", "location_id": "1703900000", "address": {"location_id": "1703900000", "lat": 42.27297632, "lon": -71.07703754}, "arr_time": 1676289259, "arr_date_time": "2023-02-13T06:54:19-05:00", "end_time": 1676289559, "end_date_time": "2023-02-13T06:59:19-05:00", "waiting_time": 0, "distance": 1212, "driving_time": 1159, "preparation_time": 0, "load_before": [0], "load_after": [0]}, {"type": "service", "id": "1800111000_46", "location_id": "1800111000", "address": {"location_id": "1800111000", "lat": 42.27332599, "lon": -71.07775159}, "arr_time": 1676289609, "arr_date_time": "2023-02-13T07:00:09-05:00", "end_time": 1676289909, "end_date_time": "2023-02-13T07:05:09-05:00", "waiting_time": 0, "distance": 1265, "driving_time": 1209, "preparation_time": 0, "load_before": [0], "load_after": [0]}, {"type": "service", "id": "1800098000_37", "location_id": "1800098000", "address": {"location_id": "1800098000", "lat": 42.27319103, "lon": -71.077703}, "arr_time": 1676289960, "arr_date_time": "2023-02-13T07:06:00-05:00", "end_time": 1676290260, "end_date_time": "2023-02-13T07:11:00-05:00", "waiting_time": 0, "distance": 1318, "driving_time": 1260, "preparation_time": 0, "load_before": [0], "load_after": [0]}, {"type": "service", "id": "1800099000_38", "location_id": "1800099000", "address": {"location_id": "1800099000", "lat": 42.27315042, "lon": -71.07797488}, "arr_time": 1676290281, "arr_date_time": "2023-02-13T07:11:21-05:00", "end_time": 1676290581, "end_date_time": "2023-02-13T07:16:21-05:00", "waiting_time": 0, "distance": 1341, "driving_time": 1281, "preparation_time": 0, "load_before": [0], "load_after": [0]}, {"type": "service", "id": "1800093000_35", "location_id": "1800093000", "address": {"location_id": "1800093000", "lat": 42.27278558, "lon": -71.07785305}, "arr_time": 1676290584, "arr_date_time": "2023-02-13T07:16:24-05:00", "end_time": 1676290884, "end_date_time": "2023-02-13T07:21:24-05:00", "waiting_time": 0, "distance": 1344, "driving_time": 1284, "preparation_time": 0, "load_before": [0], "load_after": [0]}, {"type": "service", "id": "1800101000_39", "location_id": "1800101000", "address": {"location_id": "1800101000", "lat": 42.27306965, "lon": -71.07829941}, "arr_time": 1676290908, "arr_date_time": "2023-02-13T07:21:48-05:00", "end_time": 1676291208, "end_date_time": "2023-02-13T07:26:48-05:00", "waiting_time": 0, "distance": 1370, "driving_time": 1308, "preparation_time": 0, "load_before": [0], "load_after": [0]}, {"type": "service", "id": "1800091000_34", "location_id": "1800091000", "address": {"location_id": "1800091000", "lat": 42.27276077, "lon": -71.07822821}, "arr_time": 1676291212, "arr_date_time": "2023-02-13T07:26:52-05:00", "end_time": 1676291512, "end_date_time": "2023-02-13T07:31:52-05:00", "waiting_time": 0, "distance": 1375, "driving_time": 1312, "preparation_time": 0, "load_before": [0], "load_after": [0]}, {"type": "service", "id": "1800090000_33", "location_id": "1800090000", "address": {"location_id": "1800090000", "lat": 42.27270504, "lon": -71.0784188}, "arr_time": 1676291565, "arr_date_time": "2023-02-13T07:32:45-05:00", "end_time": 1676291865, "end_date_time": "2023-02-13T07:37:45-05:00", "waiting_time": 0, "distance": 1430, "driving_time": 1365, "preparation_time": 0, "load_before": [0], "load_after": [0]}, {"type": "service", "id": "1800103000_40", "location_id": "1800103000", "address": {"location_id": "1800103000", "lat": 42.27314155, "lon": -71.07860027}, "arr_time": 1676291913, "arr_date_time": "2023-02-13T07:38:33-05:00", "end_time": 1676292213, "end_date_time": "2023-02-13T07:43:33-05:00", "waiting_time": 0, "distance": 1480, "driving_time": 1413, "preparation_time": 0, "load_before": [0], "load_after": [0]}, {"type": "service", "id": "1800105000_41", "location_id": "1800105000", "address": {"location_id": "1800105000", "lat": 42.27333518, "lon": -71.07855822}, "arr_time": 1676292281, "arr_date_time": "2023-02-13T07:44:41-05:00", "end_time": 1676292581, "end_date_time": "2023-02-13T07:49:41-05:00", "waiting_time": 0, "distance": 1551, "driving_time": 1481, "preparation_time": 0, "load_before": [0], "load_after": [0]}, {"type": "service", "id": "1800106000_42", "location_id": "1800106000", "address": {"location_id": "1800106000", "lat": 42.27338193, "lon": -71.07839818}, "arr_time": 1676292595, "arr_date_time": "2023-02-13T07:49:55-05:00", "end_time": 1676292895, "end_date_time": "2023-02-13T07:54:55-05:00", "waiting_time": 0, "distance": 1565, "driving_time": 1495, "preparation_time": 0, "load_before": [0], "load_after": [0]}, {"type": "service", "id": "1800108000_43", "location_id": "1800108000", "address": {"location_id": "1800108000", "lat": 42.27346946, "lon": -71.07808132}, "arr_time": 1676292924, "arr_date_time": "2023-02-13T07:55:24-05:00", "end_time": 1676293224, "end_date_time": "2023-02-13T08:00:24-05:00", "waiting_time": 0, "distance": 1596, "driving_time": 1524, "preparation_time": 0, "load_before": [0], "load_after": [0]}, {"type": "service", "id": "1800109000_44", "location_id": "1800109000", "address": {"location_id": "1800109000", "lat": 42.27351173, "lon": -71.07791124}, "arr_time": 1676293239, "arr_date_time": "2023-02-13T08:00:39-05:00", "end_time": 1676293539, "end_date_time": "2023-02-13T08:05:39-05:00", "waiting_time": 0, "distance": 1611, "driving_time": 1539, "preparation_time": 0, "load_before": [0], "load_after": [0]}, {"type": "service", "id": "1800110000_45", "location_id": "1800110000", "address": {"location_id": "1800110000", "lat": 42.27355326, "lon": -71.07773505}, "arr_time": 1676293591, "arr_date_time": "2023-02-13T08:06:31-05:00", "end_time": 1676293891, "end_date_time": "2023-02-13T08:11:31-05:00", "waiting_time": 0, "distance": 1665, "driving_time": 1591, "preparation_time": 0, "load_before": [0], "load_after": [0]}, {"type": "service", "id": "1703905000_13", "location_id": "1703905000", "address": {"location_id": "1703905000", "lat": 42.27368879, "lon": -71.07729984}, "arr_time": 1676293933, "arr_date_time": "2023-02-13T08:12:13-05:00", "end_time": 1676294233, "end_date_time": "2023-02-13T08:17:13-05:00", "waiting_time": 0, "distance": 1710, "driving_time": 1633, "preparation_time": 0, "load_before": [0], "load_after": [0]}, {"type": "end", "location_id": "1703870000", "address": {"location_id": "1703870000", "lat": 42.27387844, "lon": -71.07644989}, "arr_time": 1676294303, "arr_date_time": "2023-02-13T08:18:23-05:00", "end_time": 1676294303, "end_date_time": "2023-02-13T08:18:23-05:00", "waiting_time": 0, "distance": 1783, "driving_time": 1703, "preparation_time": 0, "load_before": [0]}]}], "unassigned": {"services": [], "shipments": [], "breaks": [], "details": []}}}