{"copyrights": ["GraphHopper", "OpenStreetMap contributors"], "job_id": "a8d16b8b-05c4-4a85-885e-6e3910d9b0c2", "status": "finished", "waiting_time_in_queue": 0, "processing_time": 75, "solution": {"costs": 324, "distance": 2034, "time": 1951, "transport_time": 1951, "completion_time": 15451, "max_operation_time": 15451, "waiting_time": 0, "service_duration": 13500, "preparation_time": 0, "no_vehicles": 1, "no_unassigned": 0, "routes": [{"vehicle_id": "my_vehicle", "shift_id": "default-shift", "distance": 2034, "transport_time": 1951, "completion_time": 15451, "waiting_time": 0, "service_duration": 13500, "preparation_time": 0, "activities": [{"type": "start", "location_id": "1703195000", "address": {"location_id": "1703195000", "lat": 42.27978637, "lon": -71.07377319}, "arr_time": 1676278800, "arr_date_time": "2023-02-13T04:00:00-05:00", "end_time": 1676278800, "end_date_time": "2023-02-13T04:00:00-05:00", "waiting_time": 0, "distance": 0, "driving_time": 0, "preparation_time": 0, "load_after": [0]}, {"type": "service", "id": "1703193000_12", "location_id": "1703193000", "address": {"location_id": "1703193000", "lat": 42.27975044, "lon": -71.07395231}, "arr_time": 1676278815, "arr_date_time": "2023-02-13T04:00:15-05:00", "end_time": 1676279115, "end_date_time": "2023-02-13T04:05:15-05:00", "waiting_time": 0, "distance": 15, "driving_time": 15, "preparation_time": 0, "load_before": [0], "load_after": [0]}, {"type": "service", "id": "1703189000_11", "location_id": "1703189000", "address": {"location_id": "1703189000", "lat": 42.27966677, "lon": -71.07467614}, "arr_time": 1676279172, "arr_date_time": "2023-02-13T04:06:12-05:00", "end_time": 1676279472, "end_date_time": "2023-02-13T04:11:12-05:00", "waiting_time": 0, "distance": 75, "driving_time": 72, "preparation_time": 0, "load_before": [0], "load_after": [0]}, {"type": "service", "id": "1703188000_10", "location_id": "1703188000", "address": {"location_id": "1703188000", "lat": 42.2795654, "lon": -71.07486532}, "arr_time": 1676279489, "arr_date_time": "2023-02-13T04:11:29-05:00", "end_time": 1676279789, "end_date_time": "2023-02-13T04:16:29-05:00", "waiting_time": 0, "distance": 93, "driving_time": 89, "preparation_time": 0, "load_before": [0], "load_after": [0]}, {"type": "service", "id": "1703265000_45", "location_id": "1703265000", "address": {"location_id": "1703265000", "lat": 42.27933728, "lon": -71.07594226}, "arr_time": 1676279879, "arr_date_time": "2023-02-13T04:17:59-05:00", "end_time": 1676280179, "end_date_time": "2023-02-13T04:22:59-05:00", "waiting_time": 0, "distance": 186, "driving_time": 179, "preparation_time": 0, "load_before": [0], "load_after": [0]}, {"type": "service", "id": "1703261000_42", "location_id": "1703261000", "address": {"location_id": "1703261000", "lat": 42.27918613, "lon": -71.07664142}, "arr_time": 1676280236, "arr_date_time": "2023-02-13T04:23:56-05:00", "end_time": 1676280536, "end_date_time": "2023-02-13T04:28:56-05:00", "waiting_time": 0, "distance": 246, "driving_time": 236, "preparation_time": 0, "load_before": [0], "load_after": [0]}, {"type": "service", "id": "1703258000_40", "location_id": "1703258000", "address": {"location_id": "1703258000", "lat": 42.27906682, "lon": -71.0771821}, "arr_time": 1676280580, "arr_date_time": "2023-02-13T04:29:40-05:00", "end_time": 1676280880, "end_date_time": "2023-02-13T04:34:40-05:00", "waiting_time": 0, "distance": 292, "driving_time": 280, "preparation_time": 0, "load_before": [0], "load_after": [0]}, {"type": "service", "id": "1703256000_39", "location_id": "1703256000", "address": {"location_id": "1703256000", "lat": 42.2789882, "lon": -71.07753886}, "arr_time": 1676280911, "arr_date_time": "2023-02-13T04:35:11-05:00", "end_time": 1676281211, "end_date_time": "2023-02-13T04:40:11-05:00", "waiting_time": 0, "distance": 324, "driving_time": 311, "preparation_time": 0, "load_before": [0], "load_after": [0]}, {"type": "service", "id": "1703255000_38", "location_id": "1703255000", "address": {"location_id": "1703255000", "lat": 42.27893751, "lon": -71.0777654}, "arr_time": 1676281229, "arr_date_time": "2023-02-13T04:40:29-05:00", "end_time": 1676281529, "end_date_time": "2023-02-13T04:45:29-05:00", "waiting_time": 0, "distance": 343, "driving_time": 329, "preparation_time": 0, "load_before": [0], "load_after": [0]}, {"type": "service", "id": "1703252000_37", "location_id": "1703252000", "address": {"location_id": "1703252000", "lat": 42.27879316, "lon": -71.07834829}, "arr_time": 1676281580, "arr_date_time": "2023-02-13T04:46:20-05:00", "end_time": 1676281880, "end_date_time": "2023-02-13T04:51:20-05:00", "waiting_time": 0, "distance": 396, "driving_time": 380, "preparation_time": 0, "load_before": [0], "load_after": [0]}, {"type": "service", "id": "1703251000_36", "location_id": "1703251000", "address": {"location_id": "1703251000", "lat": 42.27869983, "lon": -71.07824127}, "arr_time": 1676281984, "arr_date_time": "2023-02-13T04:53:04-05:00", "end_time": 1676282284, "end_date_time": "2023-02-13T04:58:04-05:00", "waiting_time": 0, "distance": 504, "driving_time": 484, "preparation_time": 0, "load_before": [0], "load_after": [0]}, {"type": "service", "id": "1703248000_35", "location_id": "1703248000", "address": {"location_id": "1703248000", "lat": 42.27871294, "lon": -71.07759814}, "arr_time": 1676282335, "arr_date_time": "2023-02-13T04:58:55-05:00", "end_time": 1676282635, "end_date_time": "2023-02-13T05:03:55-05:00", "waiting_time": 0, "distance": 556, "driving_time": 535, "preparation_time": 0, "load_before": [0], "load_after": [0]}, {"type": "service", "id": "1703247000_34", "location_id": "1703247000", "address": {"location_id": "1703247000", "lat": 42.27867464, "lon": -71.07741968}, "arr_time": 1676282649, "arr_date_time": "2023-02-13T05:04:09-05:00", "end_time": 1676282949, "end_date_time": "2023-02-13T05:09:09-05:00", "waiting_time": 0, "distance": 571, "driving_time": 549, "preparation_time": 0, "load_before": [0], "load_after": [0]}, {"type": "service", "id": "1703246000_33", "location_id": "1703246000", "address": {"location_id": "1703246000", "lat": 42.27865028, "lon": -71.07723505}, "arr_time": 1676282964, "arr_date_time": "2023-02-13T05:09:24-05:00", "end_time": 1676283264, "end_date_time": "2023-02-13T05:14:24-05:00", "waiting_time": 0, "distance": 586, "driving_time": 564, "preparation_time": 0, "load_before": [0], "load_after": [0]}, {"type": "service", "id": "1703237000_24", "location_id": "1703237000", "address": {"location_id": "1703237000", "lat": 42.27852537, "lon": -71.07646296}, "arr_time": 1676283329, "arr_date_time": "2023-02-13T05:15:29-05:00", "end_time": 1676283629, "end_date_time": "2023-02-13T05:20:29-05:00", "waiting_time": 0, "distance": 654, "driving_time": 629, "preparation_time": 0, "load_before": [0], "load_after": [0]}, {"type": "service", "id": "1703245000_32", "location_id": "1703245000", "address": {"location_id": "1703245000", "lat": 42.27855021, "lon": -71.07694228}, "arr_time": 1676283641, "arr_date_time": "2023-02-13T05:20:41-05:00", "end_time": 1676283941, "end_date_time": "2023-02-13T05:25:41-05:00", "waiting_time": 0, "distance": 667, "driving_time": 641, "preparation_time": 0, "load_before": [0], "load_after": [0]}, {"type": "service", "id": "1703238000_25", "location_id": "1703238000", "address": {"location_id": "1703238000", "lat": 42.27866379, "lon": -71.07651463}, "arr_time": 1676283944, "arr_date_time": "2023-02-13T05:25:44-05:00", "end_time": 1676284244, "end_date_time": "2023-02-13T05:30:44-05:00", "waiting_time": 0, "distance": 670, "driving_time": 644, "preparation_time": 0, "load_before": [0], "load_after": [0]}, {"type": "service", "id": "1703244000_31", "location_id": "1703244000", "address": {"location_id": "1703244000", "lat": 42.27868554, "lon": -71.07699367}, "arr_time": 1676284256, "arr_date_time": "2023-02-13T05:30:56-05:00", "end_time": 1676284556, "end_date_time": "2023-02-13T05:35:56-05:00", "waiting_time": 0, "distance": 683, "driving_time": 656, "preparation_time": 0, "load_before": [0], "load_after": [0]}, {"type": "service", "id": "1703239000_26", "location_id": "1703239000", "address": {"location_id": "1703239000", "lat": 42.2787743, "lon": -71.07655562}, "arr_time": 1676284556, "arr_date_time": "2023-02-13T05:35:56-05:00", "end_time": 1676284856, "end_date_time": "2023-02-13T05:40:56-05:00", "waiting_time": 0, "distance": 683, "driving_time": 656, "preparation_time": 0, "load_before": [0], "load_after": [0]}, {"type": "service", "id": "1703243000_30", "location_id": "1703243000", "address": {"location_id": "1703243000", "lat": 42.27879429, "lon": -71.07703677}, "arr_time": 1676284868, "arr_date_time": "2023-02-13T05:41:08-05:00", "end_time": 1676285168, "end_date_time": "2023-02-13T05:46:08-05:00", "waiting_time": 0, "distance": 696, "driving_time": 668, "preparation_time": 0, "load_before": [0], "load_after": [0]}, {"type": "service", "id": "1703240000_27", "location_id": "1703240000", "address": {"location_id": "1703240000", "lat": 42.27888831, "lon": -71.0765975}, "arr_time": 1676285168, "arr_date_time": "2023-02-13T05:46:08-05:00", "end_time": 1676285468, "end_date_time": "2023-02-13T05:51:08-05:00", "waiting_time": 0, "distance": 697, "driving_time": 668, "preparation_time": 0, "load_before": [0], "load_after": [0]}, {"type": "service", "id": "1703242000_29", "location_id": "1703242000", "address": {"location_id": "1703242000", "lat": 42.27890461, "lon": -71.07710027}, "arr_time": 1676285480, "arr_date_time": "2023-02-13T05:51:20-05:00", "end_time": 1676285780, "end_date_time": "2023-02-13T05:56:20-05:00", "waiting_time": 0, "distance": 710, "driving_time": 680, "preparation_time": 0, "load_before": [0], "load_after": [0]}, {"type": "service", "id": "1703260000_41", "location_id": "1703260000", "address": {"location_id": "1703260000", "lat": 42.27914606, "lon": -71.07682233}, "arr_time": 1676285785, "arr_date_time": "2023-02-13T05:56:25-05:00", "end_time": 1676286085, "end_date_time": "2023-02-13T06:01:25-05:00", "waiting_time": 0, "distance": 716, "driving_time": 685, "preparation_time": 0, "load_before": [0], "load_after": [0]}, {"type": "service", "id": "1703241000_28", "location_id": "1703241000", "address": {"location_id": "1703241000", "lat": 42.27900505, "lon": -71.07664038}, "arr_time": 1676286091, "arr_date_time": "2023-02-13T06:01:31-05:00", "end_time": 1676286391, "end_date_time": "2023-02-13T06:06:31-05:00", "waiting_time": 0, "distance": 721, "driving_time": 691, "preparation_time": 0, "load_before": [0], "load_after": [0]}, {"type": "service", "id": "1703235000_23", "location_id": "1703235000", "address": {"location_id": "1703235000", "lat": 42.27852372, "lon": -71.07602799}, "arr_time": 1676286555, "arr_date_time": "2023-02-13T06:09:15-05:00", "end_time": 1676286855, "end_date_time": "2023-02-13T06:14:15-05:00", "waiting_time": 0, "distance": 892, "driving_time": 855, "preparation_time": 0, "load_before": [0], "load_after": [0]}, {"type": "service", "id": "1703233000_22", "location_id": "1703233000", "address": {"location_id": "1703233000", "lat": 42.27882365, "lon": -71.07623232}, "arr_time": 1676286889, "arr_date_time": "2023-02-13T06:14:49-05:00", "end_time": 1676287189, "end_date_time": "2023-02-13T06:19:49-05:00", "waiting_time": 0, "distance": 929, "driving_time": 889, "preparation_time": 0, "load_before": [0], "load_after": [0]}, {"type": "service", "id": "1703228000_20", "location_id": "1703228000", "address": {"location_id": "1703228000", "lat": 42.27893157, "lon": -71.07572911}, "arr_time": 1676287191, "arr_date_time": "2023-02-13T06:19:51-05:00", "end_time": 1676287491, "end_date_time": "2023-02-13T06:24:51-05:00", "waiting_time": 0, "distance": 930, "driving_time": 891, "preparation_time": 0, "load_before": [0], "load_after": [0]}, {"type": "service", "id": "1703229000_21", "location_id": "1703229000", "address": {"location_id": "1703229000", "lat": 42.27905271, "lon": -71.07577188}, "arr_time": 1676287504, "arr_date_time": "2023-02-13T06:25:04-05:00", "end_time": 1676287804, "end_date_time": "2023-02-13T06:30:04-05:00", "waiting_time": 0, "distance": 944, "driving_time": 904, "preparation_time": 0, "load_before": [0], "load_after": [0]}, {"type": "service", "id": "1703264000_44", "location_id": "1703264000", "address": {"location_id": "1703264000", "lat": 42.27929916, "lon": -71.07611961}, "arr_time": 1676287823, "arr_date_time": "2023-02-13T06:30:23-05:00", "end_time": 1676288123, "end_date_time": "2023-02-13T06:35:23-05:00", "waiting_time": 0, "distance": 964, "driving_time": 923, "preparation_time": 0, "load_before": [0], "load_after": [0]}, {"type": "service", "id": "1703263000_43", "location_id": "1703263000", "address": {"location_id": "1703263000", "lat": 42.27926271, "lon": -71.07629829}, "arr_time": 1676288123, "arr_date_time": "2023-02-13T06:35:23-05:00", "end_time": 1676288423, "end_date_time": "2023-02-13T06:40:23-05:00", "waiting_time": 0, "distance": 964, "driving_time": 923, "preparation_time": 0, "load_before": [0], "load_after": [0]}, {"type": "service", "id": "1703224000_19", "location_id": "1703224000", "address": {"location_id": "1703224000", "lat": 42.27845356, "lon": -71.07545383}, "arr_time": 1676288547, "arr_date_time": "2023-02-13T06:42:27-05:00", "end_time": 1676288847, "end_date_time": "2023-02-13T06:47:27-05:00", "waiting_time": 0, "distance": 1094, "driving_time": 1047, "preparation_time": 0, "load_before": [0], "load_after": [0]}, {"type": "service", "id": "1703171000_07", "location_id": "1703171000", "address": {"location_id": "1703171000", "lat": 42.27839585, "lon": -71.0746153}, "arr_time": 1676288929, "arr_date_time": "2023-02-13T06:48:49-05:00", "end_time": 1676289229, "end_date_time": "2023-02-13T06:53:49-05:00", "waiting_time": 0, "distance": 1179, "driving_time": 1129, "preparation_time": 0, "load_before": [0], "load_after": [0]}, {"type": "service", "id": "1703220000_18", "location_id": "1703220000", "address": {"location_id": "1703220000", "lat": 42.27876208, "lon": -71.07524378}, "arr_time": 1676289279, "arr_date_time": "2023-02-13T06:54:39-05:00", "end_time": 1676289579, "end_date_time": "2023-02-13T06:59:39-05:00", "waiting_time": 0, "distance": 1231, "driving_time": 1179, "preparation_time": 0, "load_before": [0], "load_after": [0]}, {"type": "service", "id": "1703219000_17", "location_id": "1703219000", "address": {"location_id": "1703219000", "lat": 42.27888151, "lon": -71.07528539}, "arr_time": 1676289592, "arr_date_time": "2023-02-13T06:59:52-05:00", "end_time": 1676289892, "end_date_time": "2023-02-13T07:04:52-05:00", "waiting_time": 0, "distance": 1245, "driving_time": 1192, "preparation_time": 0, "load_before": [0], "load_after": [0]}, {"type": "service", "id": "1703217000_16", "location_id": "1703217000", "address": {"location_id": "1703217000", "lat": 42.27912079, "lon": -71.075369}, "arr_time": 1676289919, "arr_date_time": "2023-02-13T07:05:19-05:00", "end_time": 1676290219, "end_date_time": "2023-02-13T07:10:19-05:00", "waiting_time": 0, "distance": 1273, "driving_time": 1219, "preparation_time": 0, "load_before": [0], "load_after": [0]}, {"type": "service", "id": "1703210000_15", "location_id": "1703210000", "address": {"location_id": "1703210000", "lat": 42.27938823, "lon": -71.0742052}, "arr_time": 1676290313, "arr_date_time": "2023-02-13T07:11:53-05:00", "end_time": 1676290613, "end_date_time": "2023-02-13T07:16:53-05:00", "waiting_time": 0, "distance": 1371, "driving_time": 1313, "preparation_time": 0, "load_before": [0], "load_after": [0]}, {"type": "service", "id": "1703206000_14", "location_id": "1703206000", "address": {"location_id": "1703206000", "lat": 42.27944049, "lon": -71.07384329}, "arr_time": 1676290643, "arr_date_time": "2023-02-13T07:17:23-05:00", "end_time": 1676290943, "end_date_time": "2023-02-13T07:22:23-05:00", "waiting_time": 0, "distance": 1401, "driving_time": 1343, "preparation_time": 0, "load_before": [0], "load_after": [0]}, {"type": "service", "id": "1703182000_08", "location_id": "1703182000", "address": {"location_id": "1703182000", "lat": 42.27913918, "lon": -71.07316272}, "arr_time": 1676290987, "arr_date_time": "2023-02-13T07:23:07-05:00", "end_time": 1676291287, "end_date_time": "2023-02-13T07:28:07-05:00", "waiting_time": 0, "distance": 1446, "driving_time": 1387, "preparation_time": 0, "load_before": [0], "load_after": [0]}, {"type": "service", "id": "1703185000_09", "location_id": "1703185000", "address": {"location_id": "1703185000", "lat": 42.27898275, "lon": -71.07282015}, "arr_time": 1676291376, "arr_date_time": "2023-02-13T07:29:36-05:00", "end_time": 1676291676, "end_date_time": "2023-02-13T07:34:36-05:00", "waiting_time": 0, "distance": 1539, "driving_time": 1476, "preparation_time": 0, "load_before": [0], "load_after": [0]}, {"type": "service", "id": "1703160000_04", "location_id": "1703160000", "address": {"location_id": "1703160000", "lat": 42.27866256, "lon": -71.07261066}, "arr_time": 1676291713, "arr_date_time": "2023-02-13T07:35:13-05:00", "end_time": 1676292013, "end_date_time": "2023-02-13T07:40:13-05:00", "waiting_time": 0, "distance": 1578, "driving_time": 1513, "preparation_time": 0, "load_before": [0], "load_after": [0]}, {"type": "service", "id": "1703161000_05", "location_id": "1703161000", "address": {"location_id": "1703161000", "lat": 42.27863299, "lon": -71.07279517}, "arr_time": 1676292065, "arr_date_time": "2023-02-13T07:41:05-05:00", "end_time": 1676292365, "end_date_time": "2023-02-13T07:46:05-05:00", "waiting_time": 0, "distance": 1632, "driving_time": 1565, "preparation_time": 0, "load_before": [0], "load_after": [0]}, {"type": "service", "id": "1703158000_02", "location_id": "1703158000", "address": {"location_id": "1703158000", "lat": 42.27827514, "lon": -71.07284101}, "arr_time": 1676292376, "arr_date_time": "2023-02-13T07:46:16-05:00", "end_time": 1676292676, "end_date_time": "2023-02-13T07:51:16-05:00", "waiting_time": 0, "distance": 1643, "driving_time": 1576, "preparation_time": 0, "load_before": [0], "load_after": [0]}, {"type": "service", "id": "1703159000_03", "location_id": "1703159000", "address": {"location_id": "1703159000", "lat": 42.27825774, "lon": -71.07301705}, "arr_time": 1676292691, "arr_date_time": "2023-02-13T07:51:31-05:00", "end_time": 1676292991, "end_date_time": "2023-02-13T07:56:31-05:00", "waiting_time": 0, "distance": 1658, "driving_time": 1591, "preparation_time": 0, "load_before": [0], "load_after": [0]}, {"type": "service", "id": "1703163000_06", "location_id": "1703163000", "address": {"location_id": "1703163000", "lat": 42.27870311, "lon": -71.07320172}, "arr_time": 1676292996, "arr_date_time": "2023-02-13T07:56:36-05:00", "end_time": 1676293296, "end_date_time": "2023-02-13T08:01:36-05:00", "waiting_time": 0, "distance": 1663, "driving_time": 1596, "preparation_time": 0, "load_before": [0], "load_after": [0]}, {"type": "service", "id": "1703156000_01", "location_id": "1703156000", "address": {"location_id": "1703156000", "lat": 42.2783137, "lon": -71.07248916}, "arr_time": 1676293373, "arr_date_time": "2023-02-13T08:02:53-05:00", "end_time": 1676293673, "end_date_time": "2023-02-13T08:07:53-05:00", "waiting_time": 0, "distance": 1744, "driving_time": 1673, "preparation_time": 0, "load_before": [0], "load_after": [0]}, {"type": "service", "id": "1703199000_13", "location_id": "1703199000", "address": {"location_id": "1703199000", "lat": 42.2798744, "lon": -71.07303577}, "arr_time": 1676293845, "arr_date_time": "2023-02-13T08:10:45-05:00", "end_time": 1676294145, "end_date_time": "2023-02-13T08:15:45-05:00", "waiting_time": 0, "distance": 1924, "driving_time": 1845, "preparation_time": 0, "load_before": [0], "load_after": [0]}, {"type": "end", "location_id": "1703195000", "address": {"location_id": "1703195000", "lat": 42.27978637, "lon": -71.07377319}, "arr_time": 1676294251, "arr_date_time": "2023-02-13T08:17:31-05:00", "end_time": 1676294251, "end_date_time": "2023-02-13T08:17:31-05:00", "waiting_time": 0, "distance": 2034, "driving_time": 1951, "preparation_time": 0, "load_before": [0]}]}], "unassigned": {"services": [], "shipments": [], "breaks": [], "details": []}}}