{"copyrights": ["GraphHopper", "OpenStreetMap contributors"], "job_id": "81dbac31-397a-4e69-a2d2-cd5b0c057ce2", "status": "finished", "waiting_time_in_queue": 0, "processing_time": 126, "solution": {"costs": 345, "distance": 2202, "time": 2112, "transport_time": 2112, "completion_time": 18012, "max_operation_time": 18012, "waiting_time": 0, "service_duration": 15900, "preparation_time": 0, "no_vehicles": 1, "no_unassigned": 0, "routes": [{"vehicle_id": "my_vehicle", "shift_id": "default-shift", "distance": 2202, "transport_time": 2112, "completion_time": 18012, "waiting_time": 0, "service_duration": 15900, "preparation_time": 0, "activities": [{"type": "start", "location_id": "1700277040", "address": {"location_id": "1700277040", "lat": 42.29646114, "lon": -71.07413235}, "arr_time": 1676278800, "arr_date_time": "2023-02-13T04:00:00-05:00", "end_time": 1676278800, "end_date_time": "2023-02-13T04:00:00-05:00", "waiting_time": 0, "distance": 0, "driving_time": 0, "preparation_time": 0, "load_after": [0]}, {"type": "service", "id": "1700277008_14", "location_id": "1700277008", "address": {"location_id": "1700277008", "lat": 42.29636919, "lon": -71.07454221}, "arr_time": 1676278836, "arr_date_time": "2023-02-13T04:00:36-05:00", "end_time": 1676279136, "end_date_time": "2023-02-13T04:05:36-05:00", "waiting_time": 0, "distance": 38, "driving_time": 36, "preparation_time": 0, "load_before": [0], "load_after": [0]}, {"type": "service", "id": "1700277032_21", "location_id": "1700277032", "address": {"location_id": "1700277032", "lat": 42.29623102, "lon": -71.07407341}, "arr_time": 1676279152, "arr_date_time": "2023-02-13T04:05:52-05:00", "end_time": 1676279452, "end_date_time": "2023-02-13T04:10:52-05:00", "waiting_time": 0, "distance": 55, "driving_time": 52, "preparation_time": 0, "load_before": [0], "load_after": [0]}, {"type": "service", "id": "1700277012_15", "location_id": "1700277012", "address": {"location_id": "1700277012", "lat": 42.2962056, "lon": -71.07462267}, "arr_time": 1676279459, "arr_date_time": "2023-02-13T04:10:59-05:00", "end_time": 1676279759, "end_date_time": "2023-02-13T04:15:59-05:00", "waiting_time": 0, "distance": 62, "driving_time": 59, "preparation_time": 0, "load_before": [0], "load_after": [0]}, {"type": "service", "id": "1700277026_20", "location_id": "1700277026", "address": {"location_id": "1700277026", "lat": 42.29603012, "lon": -71.0740823}, "arr_time": 1676279759, "arr_date_time": "2023-02-13T04:15:59-05:00", "end_time": 1676280059, "end_date_time": "2023-02-13T04:20:59-05:00", "waiting_time": 0, "distance": 63, "driving_time": 59, "preparation_time": 0, "load_before": [0], "load_after": [0]}, {"type": "service", "id": "1700277014_16", "location_id": "1700277014", "address": {"location_id": "1700277014", "lat": 42.29616036, "lon": -71.07457928}, "arr_time": 1676280059, "arr_date_time": "2023-02-13T04:20:59-05:00", "end_time": 1676280359, "end_date_time": "2023-02-13T04:25:59-05:00", "waiting_time": 0, "distance": 63, "driving_time": 59, "preparation_time": 0, "load_before": [0], "load_after": [0]}, {"type": "service", "id": "1700277016_17", "location_id": "1700277016", "address": {"location_id": "1700277016", "lat": 42.2960865, "lon": -71.07462706}, "arr_time": 1676280359, "arr_date_time": "2023-02-13T04:25:59-05:00", "end_time": 1676280659, "end_date_time": "2023-02-13T04:30:59-05:00", "waiting_time": 0, "distance": 63, "driving_time": 59, "preparation_time": 0, "load_before": [0], "load_after": [0]}, {"type": "service", "id": "1700277024_19", "location_id": "1700277024", "address": {"location_id": "1700277024", "lat": 42.29602166, "lon": -71.07420044}, "arr_time": 1676280659, "arr_date_time": "2023-02-13T04:30:59-05:00", "end_time": 1676280959, "end_date_time": "2023-02-13T04:35:59-05:00", "waiting_time": 0, "distance": 63, "driving_time": 59, "preparation_time": 0, "load_before": [0], "load_after": [0]}, {"type": "service", "id": "1700277038_22", "location_id": "1700277038", "address": {"location_id": "1700277038", "lat": 42.29639901, "lon": -71.07411622}, "arr_time": 1676280979, "arr_date_time": "2023-02-13T04:36:19-05:00", "end_time": 1676281279, "end_date_time": "2023-02-13T04:41:19-05:00", "waiting_time": 0, "distance": 84, "driving_time": 79, "preparation_time": 0, "load_before": [0], "load_after": [0]}, {"type": "service", "id": "1700277004_13", "location_id": "1700277004", "address": {"location_id": "1700277004", "lat": 42.29634075, "lon": -71.07473124}, "arr_time": 1676281339, "arr_date_time": "2023-02-13T04:42:19-05:00", "end_time": 1676281639, "end_date_time": "2023-02-13T04:47:19-05:00", "waiting_time": 0, "distance": 146, "driving_time": 139, "preparation_time": 0, "load_before": [0], "load_after": [0]}, {"type": "service", "id": "1700277002_12", "location_id": "1700277002", "address": {"location_id": "1700277002", "lat": 42.29632006, "lon": -71.07480651}, "arr_time": 1676281644, "arr_date_time": "2023-02-13T04:47:24-05:00", "end_time": 1676281944, "end_date_time": "2023-02-13T04:52:24-05:00", "waiting_time": 0, "distance": 152, "driving_time": 144, "preparation_time": 0, "load_before": [0], "load_after": [0]}, {"type": "service", "id": "1700277000_11", "location_id": "1700277000", "address": {"location_id": "1700277000", "lat": 42.29630571, "lon": -71.07488907}, "arr_time": 1676281948, "arr_date_time": "2023-02-13T04:52:28-05:00", "end_time": 1676282248, "end_date_time": "2023-02-13T04:57:28-05:00", "waiting_time": 0, "distance": 156, "driving_time": 148, "preparation_time": 0, "load_before": [0], "load_after": [0]}, {"type": "service", "id": "1700259000_01", "location_id": "1700259000", "address": {"location_id": "1700259000", "lat": 42.29621213, "lon": -71.07537571}, "arr_time": 1676282289, "arr_date_time": "2023-02-13T04:58:09-05:00", "end_time": 1676282589, "end_date_time": "2023-02-13T05:03:09-05:00", "waiting_time": 0, "distance": 200, "driving_time": 189, "preparation_time": 0, "load_before": [0], "load_after": [0]}, {"type": "service", "id": "1700260000_02", "location_id": "1700260000", "address": {"location_id": "1700260000", "lat": 42.29602543, "lon": -71.0753853}, "arr_time": 1676282611, "arr_date_time": "2023-02-13T05:03:31-05:00", "end_time": 1676282911, "end_date_time": "2023-02-13T05:08:31-05:00", "waiting_time": 0, "distance": 222, "driving_time": 211, "preparation_time": 0, "load_before": [0], "load_after": [0]}, {"type": "service", "id": "1700273000_10", "location_id": "1700273000", "address": {"location_id": "1700273000", "lat": 42.29582959, "lon": -71.07484128}, "arr_time": 1676282939, "arr_date_time": "2023-02-13T05:08:59-05:00", "end_time": 1676283239, "end_date_time": "2023-02-13T05:13:59-05:00", "waiting_time": 0, "distance": 251, "driving_time": 239, "preparation_time": 0, "load_before": [0], "load_after": [0]}, {"type": "service", "id": "1700272000_09", "location_id": "1700272000", "address": {"location_id": "1700272000", "lat": 42.29570239, "lon": -71.07480862}, "arr_time": 1676283252, "arr_date_time": "2023-02-13T05:14:12-05:00", "end_time": 1676283552, "end_date_time": "2023-02-13T05:19:12-05:00", "waiting_time": 0, "distance": 265, "driving_time": 252, "preparation_time": 0, "load_before": [0], "load_after": [0]}, {"type": "service", "id": "1700263000_03", "location_id": "1700263000", "address": {"location_id": "1700263000", "lat": 42.29562986, "lon": -71.0752722}, "arr_time": 1676283553, "arr_date_time": "2023-02-13T05:19:13-05:00", "end_time": 1676283853, "end_date_time": "2023-02-13T05:24:13-05:00", "waiting_time": 0, "distance": 266, "driving_time": 253, "preparation_time": 0, "load_before": [0], "load_after": [0]}, {"type": "service", "id": "1700271000_08", "location_id": "1700271000", "address": {"location_id": "1700271000", "lat": 42.29556184, "lon": -71.07477235}, "arr_time": 1676283868, "arr_date_time": "2023-02-13T05:24:28-05:00", "end_time": 1676284168, "end_date_time": "2023-02-13T05:29:28-05:00", "waiting_time": 0, "distance": 281, "driving_time": 268, "preparation_time": 0, "load_before": [0], "load_after": [0]}, {"type": "service", "id": "1700264000_04", "location_id": "1700264000", "address": {"location_id": "1700264000", "lat": 42.29548891, "lon": -71.07523183}, "arr_time": 1676284169, "arr_date_time": "2023-02-13T05:29:29-05:00", "end_time": 1676284469, "end_date_time": "2023-02-13T05:34:29-05:00", "waiting_time": 0, "distance": 282, "driving_time": 269, "preparation_time": 0, "load_before": [0], "load_after": [0]}, {"type": "service", "id": "1700270000_07", "location_id": "1700270000", "address": {"location_id": "1700270000", "lat": 42.29543125, "lon": -71.0747383}, "arr_time": 1676284483, "arr_date_time": "2023-02-13T05:34:43-05:00", "end_time": 1676284783, "end_date_time": "2023-02-13T05:39:43-05:00", "waiting_time": 0, "distance": 295, "driving_time": 283, "preparation_time": 0, "load_before": [0], "load_after": [0]}, {"type": "service", "id": "1700265000_05", "location_id": "1700265000", "address": {"location_id": "1700265000", "lat": 42.29535212, "lon": -71.07519251}, "arr_time": 1676284785, "arr_date_time": "2023-02-13T05:39:45-05:00", "end_time": 1676285085, "end_date_time": "2023-02-13T05:44:45-05:00", "waiting_time": 0, "distance": 297, "driving_time": 285, "preparation_time": 0, "load_before": [0], "load_after": [0]}, {"type": "service", "id": "1700423000_32", "location_id": "1700423000", "address": {"location_id": "1700423000", "lat": 42.29489532, "lon": -71.07475125}, "arr_time": 1676285127, "arr_date_time": "2023-02-13T05:45:27-05:00", "end_time": 1676285427, "end_date_time": "2023-02-13T05:50:27-05:00", "waiting_time": 0, "distance": 341, "driving_time": 327, "preparation_time": 0, "load_before": [0], "load_after": [0]}, {"type": "service", "id": "1700422000_31", "location_id": "1700422000", "address": {"location_id": "1700422000", "lat": 42.29486603, "lon": -71.07490174}, "arr_time": 1676285439, "arr_date_time": "2023-02-13T05:50:39-05:00", "end_time": 1676285739, "end_date_time": "2023-02-13T05:55:39-05:00", "waiting_time": 0, "distance": 354, "driving_time": 339, "preparation_time": 0, "load_before": [0], "load_after": [0]}, {"type": "service", "id": "1700421000_30", "location_id": "1700421000", "address": {"location_id": "1700421000", "lat": 42.29483714, "lon": -71.07505137}, "arr_time": 1676285751, "arr_date_time": "2023-02-13T05:55:51-05:00", "end_time": 1676286051, "end_date_time": "2023-02-13T06:00:51-05:00", "waiting_time": 0, "distance": 367, "driving_time": 351, "preparation_time": 0, "load_before": [0], "load_after": [0]}, {"type": "service", "id": "1700267000_06", "location_id": "1700267000", "address": {"location_id": "1700267000", "lat": 42.29515052, "lon": -71.07523463}, "arr_time": 1676286056, "arr_date_time": "2023-02-13T06:00:56-05:00", "end_time": 1676286356, "end_date_time": "2023-02-13T06:05:56-05:00", "waiting_time": 0, "distance": 373, "driving_time": 356, "preparation_time": 0, "load_before": [0], "load_after": [0]}, {"type": "service", "id": "1700434000_39", "location_id": "1700434000", "address": {"location_id": "1700434000", "lat": 42.29460637, "lon": -71.07527389}, "arr_time": 1676286432, "arr_date_time": "2023-02-13T06:07:12-05:00", "end_time": 1676286732, "end_date_time": "2023-02-13T06:12:12-05:00", "waiting_time": 0, "distance": 452, "driving_time": 432, "preparation_time": 0, "load_before": [0], "load_after": [0]}, {"type": "service", "id": "1700432000_38", "location_id": "1700432000", "address": {"location_id": "1700432000", "lat": 42.29433818, "lon": -71.07507253}, "arr_time": 1676286764, "arr_date_time": "2023-02-13T06:12:44-05:00", "end_time": 1676287064, "end_date_time": "2023-02-13T06:17:44-05:00", "waiting_time": 0, "distance": 485, "driving_time": 464, "preparation_time": 0, "load_before": [0], "load_after": [0]}, {"type": "service", "id": "1700431000_37", "location_id": "1700431000", "address": {"location_id": "1700431000", "lat": 42.2941979, "lon": -71.07513048}, "arr_time": 1676287077, "arr_date_time": "2023-02-13T06:17:57-05:00", "end_time": 1676287377, "end_date_time": "2023-02-13T06:22:57-05:00", "waiting_time": 0, "distance": 499, "driving_time": 477, "preparation_time": 0, "load_before": [0], "load_after": [0]}, {"type": "service", "id": "1700430020_36", "location_id": "1700430020", "address": {"location_id": "1700430020", "lat": 42.29400734, "lon": -71.07516106}, "arr_time": 1676287396, "arr_date_time": "2023-02-13T06:23:16-05:00", "end_time": 1676287696, "end_date_time": "2023-02-13T06:28:16-05:00", "waiting_time": 0, "distance": 519, "driving_time": 496, "preparation_time": 0, "load_before": [0], "load_after": [0]}, {"type": "service", "id": "1700430010_35", "location_id": "1700430010", "address": {"location_id": "1700430010", "lat": 42.29403973, "lon": -71.07501695}, "arr_time": 1676287733, "arr_date_time": "2023-02-13T06:28:53-05:00", "end_time": 1676288033, "end_date_time": "2023-02-13T06:33:53-05:00", "waiting_time": 0, "distance": 558, "driving_time": 533, "preparation_time": 0, "load_before": [0], "load_after": [0]}, {"type": "service", "id": "1700476000_49", "location_id": "1700476000", "address": {"location_id": "1700476000", "lat": 42.29382139, "lon": -71.07473705}, "arr_time": 1676288048, "arr_date_time": "2023-02-13T06:34:08-05:00", "end_time": 1676288348, "end_date_time": "2023-02-13T06:39:08-05:00", "waiting_time": 0, "distance": 573, "driving_time": 548, "preparation_time": 0, "load_before": [0], "load_after": [0]}, {"type": "service", "id": "1700428000_34", "location_id": "1700428000", "address": {"location_id": "1700428000", "lat": 42.29429089, "lon": -71.0746802}, "arr_time": 1676288367, "arr_date_time": "2023-02-13T06:39:27-05:00", "end_time": 1676288667, "end_date_time": "2023-02-13T06:44:27-05:00", "waiting_time": 0, "distance": 592, "driving_time": 567, "preparation_time": 0, "load_before": [0], "load_after": [0]}, {"type": "service", "id": "1700474000_48", "location_id": "1700474000", "address": {"location_id": "1700474000", "lat": 42.2938141, "lon": -71.07506143}, "arr_time": 1676288709, "arr_date_time": "2023-02-13T06:45:09-05:00", "end_time": 1676289009, "end_date_time": "2023-02-13T06:50:09-05:00", "waiting_time": 0, "distance": 637, "driving_time": 609, "preparation_time": 0, "load_before": [0], "load_after": [0]}, {"type": "service", "id": "1700473000_47", "location_id": "1700473000", "address": {"location_id": "1700473000", "lat": 42.29372915, "lon": -71.07503281}, "arr_time": 1676289041, "arr_date_time": "2023-02-13T06:50:41-05:00", "end_time": 1676289341, "end_date_time": "2023-02-13T06:55:41-05:00", "waiting_time": 0, "distance": 671, "driving_time": 641, "preparation_time": 0, "load_before": [0], "load_after": [0]}, {"type": "service", "id": "1700469000_46", "location_id": "1700469000", "address": {"location_id": "1700469000", "lat": 42.29349886, "lon": -71.07432002}, "arr_time": 1676289471, "arr_date_time": "2023-02-13T06:57:51-05:00", "end_time": 1676289771, "end_date_time": "2023-02-13T07:02:51-05:00", "waiting_time": 0, "distance": 806, "driving_time": 771, "preparation_time": 0, "load_before": [0], "load_after": [0]}, {"type": "service", "id": "1700468020_45", "location_id": "1700468020", "address": {"location_id": "1700468020", "lat": 42.29354619, "lon": -71.07416384}, "arr_time": 1676289784, "arr_date_time": "2023-02-13T07:03:04-05:00", "end_time": 1676290084, "end_date_time": "2023-02-13T07:08:04-05:00", "waiting_time": 0, "distance": 820, "driving_time": 784, "preparation_time": 0, "load_before": [0], "load_after": [0]}, {"type": "service", "id": "1700468010_44", "location_id": "1700468010", "address": {"location_id": "1700468010", "lat": 42.29358822, "lon": -71.07402534}, "arr_time": 1676290096, "arr_date_time": "2023-02-13T07:08:16-05:00", "end_time": 1676290396, "end_date_time": "2023-02-13T07:13:16-05:00", "waiting_time": 0, "distance": 832, "driving_time": 796, "preparation_time": 0, "load_before": [0], "load_after": [0]}, {"type": "service", "id": "1700463000_43", "location_id": "1700463000", "address": {"location_id": "1700463000", "lat": 42.29389982, "lon": -71.0729452}, "arr_time": 1676290488, "arr_date_time": "2023-02-13T07:14:48-05:00", "end_time": 1676290788, "end_date_time": "2023-02-13T07:19:48-05:00", "waiting_time": 0, "distance": 927, "driving_time": 888, "preparation_time": 0, "load_before": [0], "load_after": [0]}, {"type": "service", "id": "1700446010_41", "location_id": "1700446010", "address": {"location_id": "1700446010", "lat": 42.29462462, "lon": -71.07249458}, "arr_time": 1676290975, "arr_date_time": "2023-02-13T07:22:55-05:00", "end_time": 1676291275, "end_date_time": "2023-02-13T07:27:55-05:00", "waiting_time": 0, "distance": 1121, "driving_time": 1075, "preparation_time": 0, "load_before": [0], "load_after": [0]}, {"type": "service", "id": "1700487000_53", "location_id": "1700487000", "address": {"location_id": "1700487000", "lat": 42.29429711, "lon": -71.07265277}, "arr_time": 1676291297, "arr_date_time": "2023-02-13T07:28:17-05:00", "end_time": 1676291597, "end_date_time": "2023-02-13T07:33:17-05:00", "waiting_time": 0, "distance": 1144, "driving_time": 1097, "preparation_time": 0, "load_before": [0], "load_after": [0]}, {"type": "service", "id": "1700482020_52", "location_id": "1700482020", "address": {"location_id": "1700482020", "lat": 42.29407663, "lon": -71.07350471}, "arr_time": 1676291668, "arr_date_time": "2023-02-13T07:34:28-05:00", "end_time": 1676291968, "end_date_time": "2023-02-13T07:39:28-05:00", "waiting_time": 0, "distance": 1218, "driving_time": 1168, "preparation_time": 0, "load_before": [0], "load_after": [0]}, {"type": "service", "id": "1700482010_51", "location_id": "1700482010", "address": {"location_id": "1700482010", "lat": 42.2940249, "lon": -71.07370065}, "arr_time": 1676291984, "arr_date_time": "2023-02-13T07:39:44-05:00", "end_time": 1676292284, "end_date_time": "2023-02-13T07:44:44-05:00", "waiting_time": 0, "distance": 1235, "driving_time": 1184, "preparation_time": 0, "load_before": [0], "load_after": [0]}, {"type": "service", "id": "1700481020_50", "location_id": "1700481020", "address": {"location_id": "1700481020", "lat": 42.29398358, "lon": -71.07386229}, "arr_time": 1676292297, "arr_date_time": "2023-02-13T07:44:57-05:00", "end_time": 1676292597, "end_date_time": "2023-02-13T07:49:57-05:00", "waiting_time": 0, "distance": 1249, "driving_time": 1197, "preparation_time": 0, "load_before": [0], "load_after": [0]}, {"type": "service", "id": "1700427000_33", "location_id": "1700427000", "address": {"location_id": "1700427000", "lat": 42.29418505, "lon": -71.07439057}, "arr_time": 1676292631, "arr_date_time": "2023-02-13T07:50:31-05:00", "end_time": 1676292931, "end_date_time": "2023-02-13T07:55:31-05:00", "waiting_time": 0, "distance": 1284, "driving_time": 1231, "preparation_time": 0, "load_before": [0], "load_after": [0]}, {"type": "service", "id": "1700456000_42", "location_id": "1700456000", "address": {"location_id": "1700456000", "lat": 42.29464176, "lon": -71.07415228}, "arr_time": 1676293003, "arr_date_time": "2023-02-13T07:56:43-05:00", "end_time": 1676293303, "end_date_time": "2023-02-13T08:01:43-05:00", "waiting_time": 0, "distance": 1359, "driving_time": 1303, "preparation_time": 0, "load_before": [0], "load_after": [0]}, {"type": "service", "id": "1700308000_25", "location_id": "1700308000", "address": {"location_id": "1700308000", "lat": 42.29528824, "lon": -71.0745116}, "arr_time": 1676293367, "arr_date_time": "2023-02-13T08:02:47-05:00", "end_time": 1676293667, "end_date_time": "2023-02-13T08:07:47-05:00", "waiting_time": 0, "distance": 1426, "driving_time": 1367, "preparation_time": 0, "load_before": [0], "load_after": [0]}, {"type": "service", "id": "1700312000_27", "location_id": "1700312000", "address": {"location_id": "1700312000", "lat": 42.29536618, "lon": -71.07387004}, "arr_time": 1676293717, "arr_date_time": "2023-02-13T08:08:37-05:00", "end_time": 1676294017, "end_date_time": "2023-02-13T08:13:37-05:00", "waiting_time": 0, "distance": 1479, "driving_time": 1417, "preparation_time": 0, "load_before": [0], "load_after": [0]}, {"type": "service", "id": "1700311000_26", "location_id": "1700311000", "address": {"location_id": "1700311000", "lat": 42.29542082, "lon": -71.07370966}, "arr_time": 1676294031, "arr_date_time": "2023-02-13T08:13:51-05:00", "end_time": 1676294331, "end_date_time": "2023-02-13T08:18:51-05:00", "waiting_time": 0, "distance": 1493, "driving_time": 1431, "preparation_time": 0, "load_before": [0], "load_after": [0]}, {"type": "service", "id": "1700441000_40", "location_id": "1700441000", "address": {"location_id": "1700441000", "lat": 42.29525445, "lon": -71.07281276}, "arr_time": 1676294396, "arr_date_time": "2023-02-13T08:19:56-05:00", "end_time": 1676294696, "end_date_time": "2023-02-13T08:24:56-05:00", "waiting_time": 0, "distance": 1561, "driving_time": 1496, "preparation_time": 0, "load_before": [0], "load_after": [0]}, {"type": "service", "id": "1700313000_28", "location_id": "1700313000", "address": {"location_id": "1700313000", "lat": 42.29533758, "lon": -71.07402628}, "arr_time": 1676294813, "arr_date_time": "2023-02-13T08:26:53-05:00", "end_time": 1676295113, "end_date_time": "2023-02-13T08:31:53-05:00", "waiting_time": 0, "distance": 1683, "driving_time": 1613, "preparation_time": 0, "load_before": [0], "load_after": [0]}, {"type": "service", "id": "1700277022_18", "location_id": "1700277022", "address": {"location_id": "1700277022", "lat": 42.29599151, "lon": -71.07433153}, "arr_time": 1676295177, "arr_date_time": "2023-02-13T08:32:57-05:00", "end_time": 1676295477, "end_date_time": "2023-02-13T08:37:57-05:00", "waiting_time": 0, "distance": 1750, "driving_time": 1677, "preparation_time": 0, "load_before": [0], "load_after": [0]}, {"type": "service", "id": "1700315000_29", "location_id": "1700315000", "address": {"location_id": "1700315000", "lat": 42.29554393, "lon": -71.07403502}, "arr_time": 1676295528, "arr_date_time": "2023-02-13T08:38:48-05:00", "end_time": 1676295828, "end_date_time": "2023-02-13T08:43:48-05:00", "waiting_time": 0, "distance": 1803, "driving_time": 1728, "preparation_time": 0, "load_before": [0], "load_after": [0]}, {"type": "service", "id": "1700296000_24", "location_id": "1700296000", "address": {"location_id": "1700296000", "lat": 42.29591843, "lon": -71.07342563}, "arr_time": 1676295883, "arr_date_time": "2023-02-13T08:44:43-05:00", "end_time": 1676296183, "end_date_time": "2023-02-13T08:49:43-05:00", "waiting_time": 0, "distance": 1860, "driving_time": 1783, "preparation_time": 0, "load_before": [0], "load_after": [0]}, {"type": "service", "id": "1700294000_23", "location_id": "1700294000", "address": {"location_id": "1700294000", "lat": 42.29596526, "lon": -71.07311276}, "arr_time": 1676296208, "arr_date_time": "2023-02-13T08:50:08-05:00", "end_time": 1676296508, "end_date_time": "2023-02-13T08:55:08-05:00", "waiting_time": 0, "distance": 1886, "driving_time": 1808, "preparation_time": 0, "load_before": [0], "load_after": [0]}, {"type": "end", "location_id": "1700277040", "address": {"location_id": "1700277040", "lat": 42.29646114, "lon": -71.07413235}, "arr_time": 1676296812, "arr_date_time": "2023-02-13T09:00:12-05:00", "end_time": 1676296812, "end_date_time": "2023-02-13T09:00:12-05:00", "waiting_time": 0, "distance": 2202, "driving_time": 2112, "preparation_time": 0, "load_before": [0]}]}], "unassigned": {"services": [], "shipments": [], "breaks": [], "details": []}}}