{"copyrights": ["GraphHopper", "OpenStreetMap contributors"], "job_id": "df4870e3-ab08-4d45-879a-caa4b00374c6", "status": "finished", "waiting_time_in_queue": 0, "processing_time": 125, "solution": {"costs": 344, "distance": 2052, "time": 1972, "transport_time": 1972, "completion_time": 17872, "max_operation_time": 17872, "waiting_time": 0, "service_duration": 15900, "preparation_time": 0, "no_vehicles": 1, "no_unassigned": 0, "routes": [{"vehicle_id": "my_vehicle", "shift_id": "default-shift", "distance": 2052, "transport_time": 1972, "completion_time": 17872, "waiting_time": 0, "service_duration": 15900, "preparation_time": 0, "activities": [{"type": "start", "location_id": "1703430000", "address": {"location_id": "1703430000", "lat": 42.27826549, "lon": -71.07820079}, "arr_time": 1676278800, "arr_date_time": "2023-02-13T04:00:00-05:00", "end_time": 1676278800, "end_date_time": "2023-02-13T04:00:00-05:00", "waiting_time": 0, "distance": 0, "driving_time": 0, "preparation_time": 0, "load_after": [0]}, {"type": "service", "id": "1703469000_34", "location_id": "1703469000", "address": {"location_id": "1703469000", "lat": 42.2778179, "lon": -71.07615543}, "arr_time": 1676278995, "arr_date_time": "2023-02-13T04:03:15-05:00", "end_time": 1676279295, "end_date_time": "2023-02-13T04:08:15-05:00", "waiting_time": 0, "distance": 202, "driving_time": 195, "preparation_time": 0, "load_before": [0], "load_after": [0]}, {"type": "service", "id": "1703468000_33", "location_id": "1703468000", "address": {"location_id": "1703468000", "lat": 42.2776416, "lon": -71.07614646}, "arr_time": 1676279307, "arr_date_time": "2023-02-13T04:08:27-05:00", "end_time": 1676279607, "end_date_time": "2023-02-13T04:13:27-05:00", "waiting_time": 0, "distance": 215, "driving_time": 207, "preparation_time": 0, "load_before": [0], "load_after": [0]}, {"type": "service", "id": "1703466000_32", "location_id": "1703466000", "address": {"location_id": "1703466000", "lat": 42.27747581, "lon": -71.07651292}, "arr_time": 1676279627, "arr_date_time": "2023-02-13T04:13:47-05:00", "end_time": 1676279927, "end_date_time": "2023-02-13T04:18:47-05:00", "waiting_time": 0, "distance": 236, "driving_time": 227, "preparation_time": 0, "load_before": [0], "load_after": [0]}, {"type": "service", "id": "1703465000_31", "location_id": "1703465000", "address": {"location_id": "1703465000", "lat": 42.27742913, "lon": -71.07670906}, "arr_time": 1676279939, "arr_date_time": "2023-02-13T04:18:59-05:00", "end_time": 1676280239, "end_date_time": "2023-02-13T04:23:59-05:00", "waiting_time": 0, "distance": 249, "driving_time": 239, "preparation_time": 0, "load_before": [0], "load_after": [0]}, {"type": "service", "id": "1703464000_30", "location_id": "1703464000", "address": {"location_id": "1703464000", "lat": 42.27739058, "lon": -71.07688822}, "arr_time": 1676280252, "arr_date_time": "2023-02-13T04:24:12-05:00", "end_time": 1676280552, "end_date_time": "2023-02-13T04:29:12-05:00", "waiting_time": 0, "distance": 263, "driving_time": 252, "preparation_time": 0, "load_before": [0], "load_after": [0]}, {"type": "service", "id": "1703441000_13", "location_id": "1703441000", "address": {"location_id": "1703441000", "lat": 42.27796428, "lon": -71.07816865}, "arr_time": 1676280731, "arr_date_time": "2023-02-13T04:32:11-05:00", "end_time": 1676281031, "end_date_time": "2023-02-13T04:37:11-05:00", "waiting_time": 0, "distance": 449, "driving_time": 431, "preparation_time": 0, "load_before": [0], "load_after": [0]}, {"type": "service", "id": "1703431000_11", "location_id": "1703431000", "address": {"location_id": "1703431000", "lat": 42.27823422, "lon": -71.07802236}, "arr_time": 1676281031, "arr_date_time": "2023-02-13T04:37:11-05:00", "end_time": 1676281331, "end_date_time": "2023-02-13T04:42:11-05:00", "waiting_time": 0, "distance": 449, "driving_time": 431, "preparation_time": 0, "load_before": [0], "load_after": [0]}, {"type": "service", "id": "1703436000_12", "location_id": "1703436000", "address": {"location_id": "1703436000", "lat": 42.27814866, "lon": -71.07710364}, "arr_time": 1676281388, "arr_date_time": "2023-02-13T04:43:08-05:00", "end_time": 1676281688, "end_date_time": "2023-02-13T04:48:08-05:00", "waiting_time": 0, "distance": 508, "driving_time": 488, "preparation_time": 0, "load_before": [0], "load_after": [0]}, {"type": "service", "id": "1703446000_14", "location_id": "1703446000", "address": {"location_id": "1703446000", "lat": 42.27803732, "lon": -71.0758245}, "arr_time": 1676281863, "arr_date_time": "2023-02-13T04:51:03-05:00", "end_time": 1676282163, "end_date_time": "2023-02-13T04:56:03-05:00", "waiting_time": 0, "distance": 690, "driving_time": 663, "preparation_time": 0, "load_before": [0], "load_after": [0]}, {"type": "service", "id": "1703470000_35", "location_id": "1703470000", "address": {"location_id": "1703470000", "lat": 42.278033, "lon": -71.0754452}, "arr_time": 1676282171, "arr_date_time": "2023-02-13T04:56:11-05:00", "end_time": 1676282471, "end_date_time": "2023-02-13T05:01:11-05:00", "waiting_time": 0, "distance": 699, "driving_time": 671, "preparation_time": 0, "load_before": [0], "load_after": [0]}, {"type": "service", "id": "1703447000_15", "location_id": "1703447000", "address": {"location_id": "1703447000", "lat": 42.27783542, "lon": -71.07580323}, "arr_time": 1676282484, "arr_date_time": "2023-02-13T05:01:24-05:00", "end_time": 1676282784, "end_date_time": "2023-02-13T05:06:24-05:00", "waiting_time": 0, "distance": 712, "driving_time": 684, "preparation_time": 0, "load_before": [0], "load_after": [0]}, {"type": "service", "id": "1703498000_53", "location_id": "1703498000", "address": {"location_id": "1703498000", "lat": 42.27785393, "lon": -71.07537866}, "arr_time": 1676282791, "arr_date_time": "2023-02-13T05:06:31-05:00", "end_time": 1676283091, "end_date_time": "2023-02-13T05:11:31-05:00", "waiting_time": 0, "distance": 719, "driving_time": 691, "preparation_time": 0, "load_before": [0], "load_after": [0]}, {"type": "service", "id": "1703449000_16", "location_id": "1703449000", "address": {"location_id": "1703449000", "lat": 42.27755779, "lon": -71.07577874}, "arr_time": 1676283113, "arr_date_time": "2023-02-13T05:11:53-05:00", "end_time": 1676283413, "end_date_time": "2023-02-13T05:16:53-05:00", "waiting_time": 0, "distance": 742, "driving_time": 713, "preparation_time": 0, "load_before": [0], "load_after": [0]}, {"type": "service", "id": "1703450000_17", "location_id": "1703450000", "address": {"location_id": "1703450000", "lat": 42.27741944, "lon": -71.07579139}, "arr_time": 1676283427, "arr_date_time": "2023-02-13T05:17:07-05:00", "end_time": 1676283727, "end_date_time": "2023-02-13T05:22:07-05:00", "waiting_time": 0, "distance": 757, "driving_time": 727, "preparation_time": 0, "load_before": [0], "load_after": [0]}, {"type": "service", "id": "1703496000_52", "location_id": "1703496000", "address": {"location_id": "1703496000", "lat": 42.27753043, "lon": -71.0751876}, "arr_time": 1676283728, "arr_date_time": "2023-02-13T05:22:08-05:00", "end_time": 1676284028, "end_date_time": "2023-02-13T05:27:08-05:00", "waiting_time": 0, "distance": 758, "driving_time": 728, "preparation_time": 0, "load_before": [0], "load_after": [0]}, {"type": "service", "id": "1703495000_51", "location_id": "1703495000", "address": {"location_id": "1703495000", "lat": 42.27739929, "lon": -71.0751386}, "arr_time": 1676284043, "arr_date_time": "2023-02-13T05:27:23-05:00", "end_time": 1676284343, "end_date_time": "2023-02-13T05:32:23-05:00", "waiting_time": 0, "distance": 773, "driving_time": 743, "preparation_time": 0, "load_before": [0], "load_after": [0]}, {"type": "service", "id": "1703451000_18", "location_id": "1703451000", "address": {"location_id": "1703451000", "lat": 42.27728353, "lon": -71.07572782}, "arr_time": 1676284343, "arr_date_time": "2023-02-13T05:32:23-05:00", "end_time": 1676284643, "end_date_time": "2023-02-13T05:37:23-05:00", "waiting_time": 0, "distance": 773, "driving_time": 743, "preparation_time": 0, "load_before": [0], "load_after": [0]}, {"type": "service", "id": "1703494000_50", "location_id": "1703494000", "address": {"location_id": "1703494000", "lat": 42.27726942, "lon": -71.07509011}, "arr_time": 1676284657, "arr_date_time": "2023-02-13T05:37:37-05:00", "end_time": 1676284957, "end_date_time": "2023-02-13T05:42:37-05:00", "waiting_time": 0, "distance": 788, "driving_time": 757, "preparation_time": 0, "load_before": [0], "load_after": [0]}, {"type": "service", "id": "1703452000_19", "location_id": "1703452000", "address": {"location_id": "1703452000", "lat": 42.27716097, "lon": -71.07563877}, "arr_time": 1676284957, "arr_date_time": "2023-02-13T05:42:37-05:00", "end_time": 1676285257, "end_date_time": "2023-02-13T05:47:37-05:00", "waiting_time": 0, "distance": 788, "driving_time": 757, "preparation_time": 0, "load_before": [0], "load_after": [0]}, {"type": "service", "id": "1703453000_20", "location_id": "1703453000", "address": {"location_id": "1703453000", "lat": 42.27703308, "lon": -71.07554586}, "arr_time": 1676285272, "arr_date_time": "2023-02-13T05:47:52-05:00", "end_time": 1676285572, "end_date_time": "2023-02-13T05:52:52-05:00", "waiting_time": 0, "distance": 804, "driving_time": 772, "preparation_time": 0, "load_before": [0], "load_after": [0]}, {"type": "service", "id": "1703492000_49", "location_id": "1703492000", "address": {"location_id": "1703492000", "lat": 42.27699824, "lon": -71.07498911}, "arr_time": 1676285587, "arr_date_time": "2023-02-13T05:53:07-05:00", "end_time": 1676285887, "end_date_time": "2023-02-13T05:58:07-05:00", "waiting_time": 0, "distance": 820, "driving_time": 787, "preparation_time": 0, "load_before": [0], "load_after": [0]}, {"type": "service", "id": "1703454000_21", "location_id": "1703454000", "address": {"location_id": "1703454000", "lat": 42.27689859, "lon": -71.07544809}, "arr_time": 1676285888, "arr_date_time": "2023-02-13T05:58:08-05:00", "end_time": 1676286188, "end_date_time": "2023-02-13T06:03:08-05:00", "waiting_time": 0, "distance": 821, "driving_time": 788, "preparation_time": 0, "load_before": [0], "load_after": [0]}, {"type": "service", "id": "1703455000_22", "location_id": "1703455000", "address": {"location_id": "1703455000", "lat": 42.27673307, "lon": -71.07539765}, "arr_time": 1676286207, "arr_date_time": "2023-02-13T06:03:27-05:00", "end_time": 1676286507, "end_date_time": "2023-02-13T06:08:27-05:00", "waiting_time": 0, "distance": 840, "driving_time": 807, "preparation_time": 0, "load_before": [0], "load_after": [0]}, {"type": "service", "id": "1703490000_48", "location_id": "1703490000", "address": {"location_id": "1703490000", "lat": 42.27673422, "lon": -71.07489128}, "arr_time": 1676286517, "arr_date_time": "2023-02-13T06:08:37-05:00", "end_time": 1676286817, "end_date_time": "2023-02-13T06:13:37-05:00", "waiting_time": 0, "distance": 851, "driving_time": 817, "preparation_time": 0, "load_before": [0], "load_after": [0]}, {"type": "service", "id": "1703489000_47", "location_id": "1703489000", "address": {"location_id": "1703489000", "lat": 42.27660337, "lon": -71.07484219}, "arr_time": 1676286832, "arr_date_time": "2023-02-13T06:13:52-05:00", "end_time": 1676287132, "end_date_time": "2023-02-13T06:18:52-05:00", "waiting_time": 0, "distance": 866, "driving_time": 832, "preparation_time": 0, "load_before": [0], "load_after": [0]}, {"type": "service", "id": "1703456000_23", "location_id": "1703456000", "address": {"location_id": "1703456000", "lat": 42.27677415, "lon": -71.07566446}, "arr_time": 1676287227, "arr_date_time": "2023-02-13T06:20:27-05:00", "end_time": 1676287527, "end_date_time": "2023-02-13T06:25:27-05:00", "waiting_time": 0, "distance": 965, "driving_time": 927, "preparation_time": 0, "load_before": [0], "load_after": [0]}, {"type": "service", "id": "1703457000_24", "location_id": "1703457000", "address": {"location_id": "1703457000", "lat": 42.27687963, "lon": -71.07582922}, "arr_time": 1676287544, "arr_date_time": "2023-02-13T06:25:44-05:00", "end_time": 1676287844, "end_date_time": "2023-02-13T06:30:44-05:00", "waiting_time": 0, "distance": 982, "driving_time": 944, "preparation_time": 0, "load_before": [0], "load_after": [0]}, {"type": "service", "id": "1703458000_25", "location_id": "1703458000", "address": {"location_id": "1703458000", "lat": 42.27697294, "lon": -71.07597535}, "arr_time": 1676287859, "arr_date_time": "2023-02-13T06:30:59-05:00", "end_time": 1676288159, "end_date_time": "2023-02-13T06:35:59-05:00", "waiting_time": 0, "distance": 997, "driving_time": 959, "preparation_time": 0, "load_before": [0], "load_after": [0]}, {"type": "service", "id": "1703459000_26", "location_id": "1703459000", "address": {"location_id": "1703459000", "lat": 42.27705699, "lon": -71.07611186}, "arr_time": 1676288172, "arr_date_time": "2023-02-13T06:36:12-05:00", "end_time": 1676288472, "end_date_time": "2023-02-13T06:41:12-05:00", "waiting_time": 0, "distance": 1011, "driving_time": 972, "preparation_time": 0, "load_before": [0], "load_after": [0]}, {"type": "service", "id": "1703460000_27", "location_id": "1703460000", "address": {"location_id": "1703460000", "lat": 42.2771495, "lon": -71.07625584}, "arr_time": 1676288488, "arr_date_time": "2023-02-13T06:41:28-05:00", "end_time": 1676288788, "end_date_time": "2023-02-13T06:46:28-05:00", "waiting_time": 0, "distance": 1028, "driving_time": 988, "preparation_time": 0, "load_before": [0], "load_after": [0]}, {"type": "service", "id": "1703462000_28", "location_id": "1703462000", "address": {"location_id": "1703462000", "lat": 42.27718179, "lon": -71.0767186}, "arr_time": 1676288821, "arr_date_time": "2023-02-13T06:47:01-05:00", "end_time": 1676289121, "end_date_time": "2023-02-13T06:52:01-05:00", "waiting_time": 0, "distance": 1063, "driving_time": 1021, "preparation_time": 0, "load_before": [0], "load_after": [0]}, {"type": "service", "id": "1703463000_29", "location_id": "1703463000", "address": {"location_id": "1703463000", "lat": 42.27730383, "lon": -71.07704199}, "arr_time": 1676289152, "arr_date_time": "2023-02-13T06:52:32-05:00", "end_time": 1676289452, "end_date_time": "2023-02-13T06:57:32-05:00", "waiting_time": 0, "distance": 1094, "driving_time": 1052, "preparation_time": 0, "load_before": [0], "load_after": [0]}, {"type": "service", "id": "1703487000_46", "location_id": "1703487000", "address": {"location_id": "1703487000", "lat": 42.27637706, "lon": -71.07466038}, "arr_time": 1676289668, "arr_date_time": "2023-02-13T07:01:08-05:00", "end_time": 1676289968, "end_date_time": "2023-02-13T07:06:08-05:00", "waiting_time": 0, "distance": 1319, "driving_time": 1268, "preparation_time": 0, "load_before": [0], "load_after": [0]}, {"type": "service", "id": "1703373000_03", "location_id": "1703373000", "address": {"location_id": "1703373000", "lat": 42.27597016, "lon": -71.07369116}, "arr_time": 1676290055, "arr_date_time": "2023-02-13T07:07:35-05:00", "end_time": 1676290355, "end_date_time": "2023-02-13T07:12:35-05:00", "waiting_time": 0, "distance": 1410, "driving_time": 1355, "preparation_time": 0, "load_before": [0], "load_after": [0]}, {"type": "service", "id": "1703376000_04", "location_id": "1703376000", "address": {"location_id": "1703376000", "lat": 42.27636944, "lon": -71.0737799}, "arr_time": 1676290415, "arr_date_time": "2023-02-13T07:13:35-05:00", "end_time": 1676290715, "end_date_time": "2023-02-13T07:18:35-05:00", "waiting_time": 0, "distance": 1472, "driving_time": 1415, "preparation_time": 0, "load_before": [0], "load_after": [0]}, {"type": "service", "id": "1703486000_45", "location_id": "1703486000", "address": {"location_id": "1703486000", "lat": 42.2762717, "lon": -71.07433975}, "arr_time": 1676290716, "arr_date_time": "2023-02-13T07:18:36-05:00", "end_time": 1676291016, "end_date_time": "2023-02-13T07:23:36-05:00", "waiting_time": 0, "distance": 1474, "driving_time": 1416, "preparation_time": 0, "load_before": [0], "load_after": [0]}, {"type": "service", "id": "1703377000_05", "location_id": "1703377000", "address": {"location_id": "1703377000", "lat": 42.27651282, "lon": -71.07383272}, "arr_time": 1676291031, "arr_date_time": "2023-02-13T07:23:51-05:00", "end_time": 1676291331, "end_date_time": "2023-02-13T07:28:51-05:00", "waiting_time": 0, "distance": 1489, "driving_time": 1431, "preparation_time": 0, "load_before": [0], "load_after": [0]}, {"type": "service", "id": "1703483000_44", "location_id": "1703483000", "address": {"location_id": "1703483000", "lat": 42.27654351, "lon": -71.07443892}, "arr_time": 1676291347, "arr_date_time": "2023-02-13T07:29:07-05:00", "end_time": 1676291647, "end_date_time": "2023-02-13T07:34:07-05:00", "waiting_time": 0, "distance": 1505, "driving_time": 1447, "preparation_time": 0, "load_before": [0], "load_after": [0]}, {"type": "service", "id": "1703482000_43", "location_id": "1703482000", "address": {"location_id": "1703482000", "lat": 42.27667488, "lon": -71.07448783}, "arr_time": 1676291661, "arr_date_time": "2023-02-13T07:34:21-05:00", "end_time": 1676291961, "end_date_time": "2023-02-13T07:39:21-05:00", "waiting_time": 0, "distance": 1520, "driving_time": 1461, "preparation_time": 0, "load_before": [0], "load_after": [0]}, {"type": "service", "id": "1703481000_42", "location_id": "1703481000", "address": {"location_id": "1703481000", "lat": 42.27680544, "lon": -71.07453667}, "arr_time": 1676291976, "arr_date_time": "2023-02-13T07:39:36-05:00", "end_time": 1676292276, "end_date_time": "2023-02-13T07:44:36-05:00", "waiting_time": 0, "distance": 1535, "driving_time": 1476, "preparation_time": 0, "load_before": [0], "load_after": [0]}, {"type": "service", "id": "1703381000_06", "location_id": "1703381000", "address": {"location_id": "1703381000", "lat": 42.27706322, "lon": -71.07403525}, "arr_time": 1676292292, "arr_date_time": "2023-02-13T07:44:52-05:00", "end_time": 1676292592, "end_date_time": "2023-02-13T07:49:52-05:00", "waiting_time": 0, "distance": 1552, "driving_time": 1492, "preparation_time": 0, "load_before": [0], "load_after": [0]}, {"type": "service", "id": "1703479000_41", "location_id": "1703479000", "address": {"location_id": "1703479000", "lat": 42.27707117, "lon": -71.07463482}, "arr_time": 1676292605, "arr_date_time": "2023-02-13T07:50:05-05:00", "end_time": 1676292905, "end_date_time": "2023-02-13T07:55:05-05:00", "waiting_time": 0, "distance": 1566, "driving_time": 1505, "preparation_time": 0, "load_before": [0], "load_after": [0]}, {"type": "service", "id": "1703382000_07", "location_id": "1703382000", "address": {"location_id": "1703382000", "lat": 42.27719484, "lon": -71.07408366}, "arr_time": 1676292907, "arr_date_time": "2023-02-13T07:55:07-05:00", "end_time": 1676293207, "end_date_time": "2023-02-13T08:00:07-05:00", "waiting_time": 0, "distance": 1567, "driving_time": 1507, "preparation_time": 0, "load_before": [0], "load_after": [0]}, {"type": "service", "id": "1703478000_40", "location_id": "1703478000", "address": {"location_id": "1703478000", "lat": 42.27720812, "lon": -71.07468563}, "arr_time": 1676293220, "arr_date_time": "2023-02-13T08:00:20-05:00", "end_time": 1676293520, "end_date_time": "2023-02-13T08:05:20-05:00", "waiting_time": 0, "distance": 1582, "driving_time": 1520, "preparation_time": 0, "load_before": [0], "load_after": [0]}, {"type": "service", "id": "1703384000_08", "location_id": "1703384000", "address": {"location_id": "1703384000", "lat": 42.27745264, "lon": -71.07417842}, "arr_time": 1676293535, "arr_date_time": "2023-02-13T08:05:35-05:00", "end_time": 1676293835, "end_date_time": "2023-02-13T08:10:35-05:00", "waiting_time": 0, "distance": 1597, "driving_time": 1535, "preparation_time": 0, "load_before": [0], "load_after": [0]}, {"type": "service", "id": "1703476000_39", "location_id": "1703476000", "address": {"location_id": "1703476000", "lat": 42.27743622, "lon": -71.07477033}, "arr_time": 1676293845, "arr_date_time": "2023-02-13T08:10:45-05:00", "end_time": 1676294145, "end_date_time": "2023-02-13T08:15:45-05:00", "waiting_time": 0, "distance": 1608, "driving_time": 1545, "preparation_time": 0, "load_before": [0], "load_after": [0]}, {"type": "service", "id": "1703385000_09", "location_id": "1703385000", "address": {"location_id": "1703385000", "lat": 42.27757015, "lon": -71.07422176}, "arr_time": 1676294148, "arr_date_time": "2023-02-13T08:15:48-05:00", "end_time": 1676294448, "end_date_time": "2023-02-13T08:20:48-05:00", "waiting_time": 0, "distance": 1610, "driving_time": 1548, "preparation_time": 0, "load_before": [0], "load_after": [0]}, {"type": "service", "id": "1703386000_10", "location_id": "1703386000", "address": {"location_id": "1703386000", "lat": 42.27769936, "lon": -71.07426927}, "arr_time": 1676294463, "arr_date_time": "2023-02-13T08:21:03-05:00", "end_time": 1676294763, "end_date_time": "2023-02-13T08:26:03-05:00", "waiting_time": 0, "distance": 1625, "driving_time": 1563, "preparation_time": 0, "load_before": [0], "load_after": [0]}, {"type": "service", "id": "1703475000_38", "location_id": "1703475000", "address": {"location_id": "1703475000", "lat": 42.27760454, "lon": -71.07483313}, "arr_time": 1676294765, "arr_date_time": "2023-02-13T08:26:05-05:00", "end_time": 1676295065, "end_date_time": "2023-02-13T08:31:05-05:00", "waiting_time": 0, "distance": 1627, "driving_time": 1565, "preparation_time": 0, "load_before": [0], "load_after": [0]}, {"type": "service", "id": "1703474000_37", "location_id": "1703474000", "address": {"location_id": "1703474000", "lat": 42.27772321, "lon": -71.07494804}, "arr_time": 1676295080, "arr_date_time": "2023-02-13T08:31:20-05:00", "end_time": 1676295380, "end_date_time": "2023-02-13T08:36:20-05:00", "waiting_time": 0, "distance": 1642, "driving_time": 1580, "preparation_time": 0, "load_before": [0], "load_after": [0]}, {"type": "service", "id": "1703351000_01", "location_id": "1703351000", "address": {"location_id": "1703351000", "lat": 42.27782444, "lon": -71.07442522}, "arr_time": 1676295380, "arr_date_time": "2023-02-13T08:36:20-05:00", "end_time": 1676295680, "end_date_time": "2023-02-13T08:41:20-05:00", "waiting_time": 0, "distance": 1643, "driving_time": 1580, "preparation_time": 0, "load_before": [0], "load_after": [0]}, {"type": "service", "id": "1703473000_36", "location_id": "1703473000", "address": {"location_id": "1703473000", "lat": 42.27792267, "lon": -71.07484775}, "arr_time": 1676295699, "arr_date_time": "2023-02-13T08:41:39-05:00", "end_time": 1676295999, "end_date_time": "2023-02-13T08:46:39-05:00", "waiting_time": 0, "distance": 1663, "driving_time": 1599, "preparation_time": 0, "load_before": [0], "load_after": [0]}, {"type": "service", "id": "1703353000_02", "location_id": "1703353000", "address": {"location_id": "1703353000", "lat": 42.27790397, "lon": -71.07428896}, "arr_time": 1676296061, "arr_date_time": "2023-02-13T08:47:41-05:00", "end_time": 1676296361, "end_date_time": "2023-02-13T08:52:41-05:00", "waiting_time": 0, "distance": 1728, "driving_time": 1661, "preparation_time": 0, "load_before": [0], "load_after": [0]}, {"type": "end", "location_id": "1703430000", "address": {"location_id": "1703430000", "lat": 42.27826549, "lon": -71.07820079}, "arr_time": 1676296672, "arr_date_time": "2023-02-13T08:57:52-05:00", "end_time": 1676296672, "end_date_time": "2023-02-13T08:57:52-05:00", "waiting_time": 0, "distance": 2052, "driving_time": 1972, "preparation_time": 0, "load_before": [0]}]}], "unassigned": {"services": [], "shipments": [], "breaks": [], "details": []}}}