{"copyrights": ["GraphHopper", "OpenStreetMap contributors"], "job_id": "19930b33-566a-4445-b5cb-5844b755f4e1", "status": "finished", "waiting_time_in_queue": 0, "processing_time": 126, "solution": {"costs": 327, "distance": 1485, "time": 1425, "transport_time": 1425, "completion_time": 15825, "max_operation_time": 15825, "waiting_time": 0, "service_duration": 14400, "preparation_time": 0, "no_vehicles": 1, "no_unassigned": 0, "routes": [{"vehicle_id": "my_vehicle", "shift_id": "default-shift", "distance": 1485, "transport_time": 1425, "completion_time": 15825, "waiting_time": 0, "service_duration": 14400, "preparation_time": 0, "activities": [{"type": "start", "location_id": "1603936000", "address": {"location_id": "1603936000", "lat": 42.28794675, "lon": -71.0490065}, "arr_time": 1676278800, "arr_date_time": "2023-02-13T04:00:00-05:00", "end_time": 1676278800, "end_date_time": "2023-02-13T04:00:00-05:00", "waiting_time": 0, "distance": 0, "driving_time": 0, "preparation_time": 0, "load_after": [0]}, {"type": "service", "id": "1603935000_43", "location_id": "1603935000", "address": {"location_id": "1603935000", "lat": 42.28777087, "lon": -71.04892687}, "arr_time": 1676278861, "arr_date_time": "2023-02-13T04:01:01-05:00", "end_time": 1676279161, "end_date_time": "2023-02-13T04:06:01-05:00", "waiting_time": 0, "distance": 64, "driving_time": 61, "preparation_time": 0, "load_before": [0], "load_after": [0]}, {"type": "service", "id": "1603934000_42", "location_id": "1603934000", "address": {"location_id": "1603934000", "lat": 42.2876391, "lon": -71.04886543}, "arr_time": 1676279176, "arr_date_time": "2023-02-13T04:06:16-05:00", "end_time": 1676279476, "end_date_time": "2023-02-13T04:11:16-05:00", "waiting_time": 0, "distance": 79, "driving_time": 76, "preparation_time": 0, "load_before": [0], "load_after": [0]}, {"type": "service", "id": "1603738000_33", "location_id": "1603738000", "address": {"location_id": "1603738000", "lat": 42.28753182, "lon": -71.04929711}, "arr_time": 1676279476, "arr_date_time": "2023-02-13T04:11:16-05:00", "end_time": 1676279776, "end_date_time": "2023-02-13T04:16:16-05:00", "waiting_time": 0, "distance": 79, "driving_time": 76, "preparation_time": 0, "load_before": [0], "load_after": [0]}, {"type": "service", "id": "1603933000_41", "location_id": "1603933000", "address": {"location_id": "1603933000", "lat": 42.28749263, "lon": -71.04896166}, "arr_time": 1676279788, "arr_date_time": "2023-02-13T04:16:28-05:00", "end_time": 1676280088, "end_date_time": "2023-02-13T04:21:28-05:00", "waiting_time": 0, "distance": 92, "driving_time": 88, "preparation_time": 0, "load_before": [0], "load_after": [0]}, {"type": "service", "id": "1603741000_34", "location_id": "1603741000", "address": {"location_id": "1603741000", "lat": 42.2874593, "lon": -71.04980834}, "arr_time": 1676280147, "arr_date_time": "2023-02-13T04:22:27-05:00", "end_time": 1676280447, "end_date_time": "2023-02-13T04:27:27-05:00", "waiting_time": 0, "distance": 153, "driving_time": 147, "preparation_time": 0, "load_before": [0], "load_after": [0]}, {"type": "service", "id": "1603742000_35", "location_id": "1603742000", "address": {"location_id": "1603742000", "lat": 42.28743017, "lon": -71.04995323}, "arr_time": 1676280459, "arr_date_time": "2023-02-13T04:27:39-05:00", "end_time": 1676280759, "end_date_time": "2023-02-13T04:32:39-05:00", "waiting_time": 0, "distance": 165, "driving_time": 159, "preparation_time": 0, "load_before": [0], "load_after": [0]}, {"type": "service", "id": "1603744010_36", "location_id": "1603744010", "address": {"location_id": "1603744010", "lat": 42.28736384, "lon": -71.05028065}, "arr_time": 1676280785, "arr_date_time": "2023-02-13T04:33:05-05:00", "end_time": 1676281085, "end_date_time": "2023-02-13T04:38:05-05:00", "waiting_time": 0, "distance": 193, "driving_time": 185, "preparation_time": 0, "load_before": [0], "load_after": [0]}, {"type": "service", "id": "1603744020_37", "location_id": "1603744020", "address": {"location_id": "1603744020", "lat": 42.28733135, "lon": -71.05044985}, "arr_time": 1676281099, "arr_date_time": "2023-02-13T04:38:19-05:00", "end_time": 1676281399, "end_date_time": "2023-02-13T04:43:19-05:00", "waiting_time": 0, "distance": 207, "driving_time": 199, "preparation_time": 0, "load_before": [0], "load_after": [0]}, {"type": "service", "id": "1603598000_20", "location_id": "1603598000", "address": {"location_id": "1603598000", "lat": 42.28697704, "lon": -71.05033362}, "arr_time": 1676281400, "arr_date_time": "2023-02-13T04:43:20-05:00", "end_time": 1676281700, "end_date_time": "2023-02-13T04:48:20-05:00", "waiting_time": 0, "distance": 209, "driving_time": 200, "preparation_time": 0, "load_before": [0], "load_after": [0]}, {"type": "service", "id": "1603597000_19", "location_id": "1603597000", "address": {"location_id": "1603597000", "lat": 42.28694669, "lon": -71.05047265}, "arr_time": 1676281712, "arr_date_time": "2023-02-13T04:48:32-05:00", "end_time": 1676282012, "end_date_time": "2023-02-13T04:53:32-05:00", "waiting_time": 0, "distance": 221, "driving_time": 212, "preparation_time": 0, "load_before": [0], "load_after": [0]}, {"type": "service", "id": "1603554000_02", "location_id": "1603554000", "address": {"location_id": "1603554000", "lat": 42.28677373, "lon": -71.05124143}, "arr_time": 1676282076, "arr_date_time": "2023-02-13T04:54:36-05:00", "end_time": 1676282376, "end_date_time": "2023-02-13T04:59:36-05:00", "waiting_time": 0, "distance": 287, "driving_time": 276, "preparation_time": 0, "load_before": [0], "load_after": [0]}, {"type": "service", "id": "1603552000_01", "location_id": "1603552000", "address": {"location_id": "1603552000", "lat": 42.28669302, "lon": -71.05157638}, "arr_time": 1676282444, "arr_date_time": "2023-02-13T05:00:44-05:00", "end_time": 1676282744, "end_date_time": "2023-02-13T05:05:44-05:00", "waiting_time": 0, "distance": 359, "driving_time": 344, "preparation_time": 0, "load_before": [0], "load_after": [0]}, {"type": "service", "id": "1603574000_14", "location_id": "1603574000", "address": {"location_id": "1603574000", "lat": 42.28652482, "lon": -71.05137683}, "arr_time": 1676282767, "arr_date_time": "2023-02-13T05:06:07-05:00", "end_time": 1676283067, "end_date_time": "2023-02-13T05:11:07-05:00", "waiting_time": 0, "distance": 382, "driving_time": 367, "preparation_time": 0, "load_before": [0], "load_after": [0]}, {"type": "service", "id": "1603573000_13", "location_id": "1603573000", "address": {"location_id": "1603573000", "lat": 42.28640293, "lon": -71.05131647}, "arr_time": 1676283080, "arr_date_time": "2023-02-13T05:11:20-05:00", "end_time": 1676283380, "end_date_time": "2023-02-13T05:16:20-05:00", "waiting_time": 0, "distance": 396, "driving_time": 380, "preparation_time": 0, "load_before": [0], "load_after": [0]}, {"type": "service", "id": "1603569000_12", "location_id": "1603569000", "address": {"location_id": "1603569000", "lat": 42.28590743, "lon": -71.05107333}, "arr_time": 1676283436, "arr_date_time": "2023-02-13T05:17:16-05:00", "end_time": 1676283736, "end_date_time": "2023-02-13T05:22:16-05:00", "waiting_time": 0, "distance": 455, "driving_time": 436, "preparation_time": 0, "load_before": [0], "load_after": [0]}, {"type": "service", "id": "1603568000_11", "location_id": "1603568000", "address": {"location_id": "1603568000", "lat": 42.2857778, "lon": -71.05106243}, "arr_time": 1676283749, "arr_date_time": "2023-02-13T05:22:29-05:00", "end_time": 1676284049, "end_date_time": "2023-02-13T05:27:29-05:00", "waiting_time": 0, "distance": 469, "driving_time": 449, "preparation_time": 0, "load_before": [0], "load_after": [0]}, {"type": "service", "id": "1604015000_44", "location_id": "1604015000", "address": {"location_id": "1604015000", "lat": 42.28524294, "lon": -71.05076382}, "arr_time": 1676284111, "arr_date_time": "2023-02-13T05:28:31-05:00", "end_time": 1676284411, "end_date_time": "2023-02-13T05:33:31-05:00", "waiting_time": 0, "distance": 533, "driving_time": 511, "preparation_time": 0, "load_before": [0], "load_after": [0]}, {"type": "service", "id": "1603567000_10", "location_id": "1603567000", "address": {"location_id": "1603567000", "lat": 42.28566024, "lon": -71.05100375}, "arr_time": 1676284460, "arr_date_time": "2023-02-13T05:34:20-05:00", "end_time": 1676284760, "end_date_time": "2023-02-13T05:39:20-05:00", "waiting_time": 0, "distance": 584, "driving_time": 560, "preparation_time": 0, "load_before": [0], "load_after": [0]}, {"type": "service", "id": "1603566000_09", "location_id": "1603566000", "address": {"location_id": "1603566000", "lat": 42.28580117, "lon": -71.05087486}, "arr_time": 1676284775, "arr_date_time": "2023-02-13T05:39:35-05:00", "end_time": 1676285075, "end_date_time": "2023-02-13T05:44:35-05:00", "waiting_time": 0, "distance": 599, "driving_time": 575, "preparation_time": 0, "load_before": [0], "load_after": [0]}, {"type": "service", "id": "1603565000_08", "location_id": "1603565000", "address": {"location_id": "1603565000", "lat": 42.28578925, "lon": -71.05071851}, "arr_time": 1676285087, "arr_date_time": "2023-02-13T05:44:47-05:00", "end_time": 1676285387, "end_date_time": "2023-02-13T05:49:47-05:00", "waiting_time": 0, "distance": 611, "driving_time": 587, "preparation_time": 0, "load_before": [0], "load_after": [0]}, {"type": "service", "id": "1604018000_45", "location_id": "1604018000", "address": {"location_id": "1604018000", "lat": 42.28548504, "lon": -71.05025705}, "arr_time": 1676285411, "arr_date_time": "2023-02-13T05:50:11-05:00", "end_time": 1676285711, "end_date_time": "2023-02-13T05:55:11-05:00", "waiting_time": 0, "distance": 637, "driving_time": 611, "preparation_time": 0, "load_before": [0], "load_after": [0]}, {"type": "service", "id": "1603608000_26", "location_id": "1603608000", "address": {"location_id": "1603608000", "lat": 42.28594281, "lon": -71.0501184}, "arr_time": 1676285736, "arr_date_time": "2023-02-13T05:55:36-05:00", "end_time": 1676286036, "end_date_time": "2023-02-13T06:00:36-05:00", "waiting_time": 0, "distance": 664, "driving_time": 636, "preparation_time": 0, "load_before": [0], "load_after": [0]}, {"type": "service", "id": "1604019000_46", "location_id": "1604019000", "address": {"location_id": "1604019000", "lat": 42.28547605, "lon": -71.04998185}, "arr_time": 1676286075, "arr_date_time": "2023-02-13T06:01:15-05:00", "end_time": 1676286375, "end_date_time": "2023-02-13T06:06:15-05:00", "waiting_time": 0, "distance": 704, "driving_time": 675, "preparation_time": 0, "load_before": [0], "load_after": [0]}, {"type": "service", "id": "1603609000_27", "location_id": "1603609000", "address": {"location_id": "1603609000", "lat": 42.28589972, "lon": -71.05029052}, "arr_time": 1676286460, "arr_date_time": "2023-02-13T06:07:40-05:00", "end_time": 1676286760, "end_date_time": "2023-02-13T06:12:40-05:00", "waiting_time": 0, "distance": 793, "driving_time": 760, "preparation_time": 0, "load_before": [0], "load_after": [0]}, {"type": "service", "id": "1603564000_07", "location_id": "1603564000", "address": {"location_id": "1603564000", "lat": 42.2858213, "lon": -71.05058249}, "arr_time": 1676286761, "arr_date_time": "2023-02-13T06:12:41-05:00", "end_time": 1676287061, "end_date_time": "2023-02-13T06:17:41-05:00", "waiting_time": 0, "distance": 794, "driving_time": 761, "preparation_time": 0, "load_before": [0], "load_after": [0]}, {"type": "service", "id": "1603563000_06", "location_id": "1603563000", "address": {"location_id": "1603563000", "lat": 42.28598273, "lon": -71.05075459}, "arr_time": 1676287081, "arr_date_time": "2023-02-13T06:18:01-05:00", "end_time": 1676287381, "end_date_time": "2023-02-13T06:23:01-05:00", "waiting_time": 0, "distance": 815, "driving_time": 781, "preparation_time": 0, "load_before": [0], "load_after": [0]}, {"type": "service", "id": "1603610000_28", "location_id": "1603610000", "address": {"location_id": "1603610000", "lat": 42.28610548, "lon": -71.05028635}, "arr_time": 1676287383, "arr_date_time": "2023-02-13T06:23:03-05:00", "end_time": 1676287683, "end_date_time": "2023-02-13T06:28:03-05:00", "waiting_time": 0, "distance": 816, "driving_time": 783, "preparation_time": 0, "load_before": [0], "load_after": [0]}, {"type": "service", "id": "1603611000_29", "location_id": "1603611000", "address": {"location_id": "1603611000", "lat": 42.28622888, "lon": -71.05034248}, "arr_time": 1676287696, "arr_date_time": "2023-02-13T06:28:16-05:00", "end_time": 1676287996, "end_date_time": "2023-02-13T06:33:16-05:00", "waiting_time": 0, "distance": 830, "driving_time": 796, "preparation_time": 0, "load_before": [0], "load_after": [0]}, {"type": "service", "id": "1603561000_05", "location_id": "1603561000", "address": {"location_id": "1603561000", "lat": 42.28622912, "lon": -71.05086907}, "arr_time": 1676288009, "arr_date_time": "2023-02-13T06:33:29-05:00", "end_time": 1676288309, "end_date_time": "2023-02-13T06:38:29-05:00", "waiting_time": 0, "distance": 843, "driving_time": 809, "preparation_time": 0, "load_before": [0], "load_after": [0]}, {"type": "service", "id": "1603560000_04", "location_id": "1603560000", "address": {"location_id": "1603560000", "lat": 42.28633083, "lon": -71.05091558}, "arr_time": 1676288321, "arr_date_time": "2023-02-13T06:38:41-05:00", "end_time": 1676288621, "end_date_time": "2023-02-13T06:43:41-05:00", "waiting_time": 0, "distance": 855, "driving_time": 821, "preparation_time": 0, "load_before": [0], "load_after": [0]}, {"type": "service", "id": "1603613000_30", "location_id": "1603613000", "address": {"location_id": "1603613000", "lat": 42.28645474, "lon": -71.05044521}, "arr_time": 1676288623, "arr_date_time": "2023-02-13T06:43:43-05:00", "end_time": 1676288923, "end_date_time": "2023-02-13T06:48:43-05:00", "waiting_time": 0, "distance": 856, "driving_time": 823, "preparation_time": 0, "load_before": [0], "load_after": [0]}, {"type": "service", "id": "1603614000_31", "location_id": "1603614000", "address": {"location_id": "1603614000", "lat": 42.28657495, "lon": -71.05049991}, "arr_time": 1676288936, "arr_date_time": "2023-02-13T06:48:56-05:00", "end_time": 1676289236, "end_date_time": "2023-02-13T06:53:56-05:00", "waiting_time": 0, "distance": 870, "driving_time": 836, "preparation_time": 0, "load_before": [0], "load_after": [0]}, {"type": "service", "id": "1603615000_32", "location_id": "1603615000", "address": {"location_id": "1603615000", "lat": 42.28671677, "lon": -71.05056454}, "arr_time": 1676289252, "arr_date_time": "2023-02-13T06:54:12-05:00", "end_time": 1676289552, "end_date_time": "2023-02-13T06:59:12-05:00", "waiting_time": 0, "distance": 887, "driving_time": 852, "preparation_time": 0, "load_before": [0], "load_after": [0]}, {"type": "service", "id": "1603595000_18", "location_id": "1603595000", "address": {"location_id": "1603595000", "lat": 42.28686522, "lon": -71.05073689}, "arr_time": 1676289571, "arr_date_time": "2023-02-13T06:59:31-05:00", "end_time": 1676289871, "end_date_time": "2023-02-13T07:04:31-05:00", "waiting_time": 0, "distance": 907, "driving_time": 871, "preparation_time": 0, "load_before": [0], "load_after": [0]}, {"type": "service", "id": "1603555000_03", "location_id": "1603555000", "address": {"location_id": "1603555000", "lat": 42.28681252, "lon": -71.05106122}, "arr_time": 1676289873, "arr_date_time": "2023-02-13T07:04:33-05:00", "end_time": 1676290173, "end_date_time": "2023-02-13T07:09:33-05:00", "waiting_time": 0, "distance": 910, "driving_time": 873, "preparation_time": 0, "load_before": [0], "load_after": [0]}, {"type": "service", "id": "1603599000_21", "location_id": "1603599000", "address": {"location_id": "1603599000", "lat": 42.28700722, "lon": -71.0501909}, "arr_time": 1676290277, "arr_date_time": "2023-02-13T07:11:17-05:00", "end_time": 1676290577, "end_date_time": "2023-02-13T07:16:17-05:00", "waiting_time": 0, "distance": 1019, "driving_time": 977, "preparation_time": 0, "load_before": [0], "load_after": [0]}, {"type": "service", "id": "1603600000_22", "location_id": "1603600000", "address": {"location_id": "1603600000", "lat": 42.2868049, "lon": -71.05021545}, "arr_time": 1676290597, "arr_date_time": "2023-02-13T07:16:37-05:00", "end_time": 1676290897, "end_date_time": "2023-02-13T07:21:37-05:00", "waiting_time": 0, "distance": 1040, "driving_time": 997, "preparation_time": 0, "load_before": [0], "load_after": [0]}, {"type": "service", "id": "1603592000_17", "location_id": "1603592000", "address": {"location_id": "1603592000", "lat": 42.28673767, "lon": -71.04962371}, "arr_time": 1676290919, "arr_date_time": "2023-02-13T07:21:59-05:00", "end_time": 1676291219, "end_date_time": "2023-02-13T07:26:59-05:00", "waiting_time": 0, "distance": 1062, "driving_time": 1019, "preparation_time": 0, "load_before": [0], "load_after": [0]}, {"type": "service", "id": "1603602000_23", "location_id": "1603602000", "address": {"location_id": "1603602000", "lat": 42.28655174, "lon": -71.05010013}, "arr_time": 1676291225, "arr_date_time": "2023-02-13T07:27:05-05:00", "end_time": 1676291525, "end_date_time": "2023-02-13T07:32:05-05:00", "waiting_time": 0, "distance": 1069, "driving_time": 1025, "preparation_time": 0, "load_before": [0], "load_after": [0]}, {"type": "service", "id": "1603604000_24", "location_id": "1603604000", "address": {"location_id": "1603604000", "lat": 42.28631816, "lon": -71.04999387}, "arr_time": 1676291552, "arr_date_time": "2023-02-13T07:32:32-05:00", "end_time": 1676291852, "end_date_time": "2023-02-13T07:37:32-05:00", "waiting_time": 0, "distance": 1096, "driving_time": 1052, "preparation_time": 0, "load_before": [0], "load_after": [0]}, {"type": "service", "id": "1603605000_25", "location_id": "1603605000", "address": {"location_id": "1603605000", "lat": 42.28621012, "lon": -71.04994486}, "arr_time": 1676291864, "arr_date_time": "2023-02-13T07:37:44-05:00", "end_time": 1676292164, "end_date_time": "2023-02-13T07:42:44-05:00", "waiting_time": 0, "distance": 1109, "driving_time": 1064, "preparation_time": 0, "load_before": [0], "load_after": [0]}, {"type": "service", "id": "1604024000_47", "location_id": "1604024000", "address": {"location_id": "1604024000", "lat": 42.28574859, "lon": -71.04919974}, "arr_time": 1676292225, "arr_date_time": "2023-02-13T07:43:45-05:00", "end_time": 1676292525, "end_date_time": "2023-02-13T07:48:45-05:00", "waiting_time": 0, "distance": 1172, "driving_time": 1125, "preparation_time": 0, "load_before": [0], "load_after": [0]}, {"type": "service", "id": "1604027000_48", "location_id": "1604027000", "address": {"location_id": "1604027000", "lat": 42.2859493, "lon": -71.04870532}, "arr_time": 1676292569, "arr_date_time": "2023-02-13T07:49:29-05:00", "end_time": 1676292869, "end_date_time": "2023-02-13T07:54:29-05:00", "waiting_time": 0, "distance": 1218, "driving_time": 1169, "preparation_time": 0, "load_before": [0], "load_after": [0]}, {"type": "service", "id": "1603582000_16", "location_id": "1603582000", "address": {"location_id": "1603582000", "lat": 42.28644423, "lon": -71.04885399}, "arr_time": 1676292928, "arr_date_time": "2023-02-13T07:55:28-05:00", "end_time": 1676293228, "end_date_time": "2023-02-13T08:00:28-05:00", "waiting_time": 0, "distance": 1279, "driving_time": 1228, "preparation_time": 0, "load_before": [0], "load_after": [0]}, {"type": "service", "id": "1603926000_38", "location_id": "1603926000", "address": {"location_id": "1603926000", "lat": 42.28657865, "lon": -71.04846651}, "arr_time": 1676293232, "arr_date_time": "2023-02-13T08:00:32-05:00", "end_time": 1676293532, "end_date_time": "2023-02-13T08:05:32-05:00", "waiting_time": 0, "distance": 1283, "driving_time": 1232, "preparation_time": 0, "load_before": [0], "load_after": [0]}, {"type": "service", "id": "1603927000_39", "location_id": "1603927000", "address": {"location_id": "1603927000", "lat": 42.28673864, "lon": -71.04853675}, "arr_time": 1676293549, "arr_date_time": "2023-02-13T08:05:49-05:00", "end_time": 1676293849, "end_date_time": "2023-02-13T08:10:49-05:00", "waiting_time": 0, "distance": 1302, "driving_time": 1249, "preparation_time": 0, "load_before": [0], "load_after": [0]}, {"type": "service", "id": "1603928000_40", "location_id": "1603928000", "address": {"location_id": "1603928000", "lat": 42.28697851, "lon": -71.04848714}, "arr_time": 1676293872, "arr_date_time": "2023-02-13T08:11:12-05:00", "end_time": 1676294172, "end_date_time": "2023-02-13T08:16:12-05:00", "waiting_time": 0, "distance": 1326, "driving_time": 1272, "preparation_time": 0, "load_before": [0], "load_after": [0]}, {"type": "service", "id": "1603580000_15", "location_id": "1603580000", "address": {"location_id": "1603580000", "lat": 42.28707721, "lon": -71.04918554}, "arr_time": 1676294200, "arr_date_time": "2023-02-13T08:16:40-05:00", "end_time": 1676294500, "end_date_time": "2023-02-13T08:21:40-05:00", "waiting_time": 0, "distance": 1355, "driving_time": 1300, "preparation_time": 0, "load_before": [0], "load_after": [0]}, {"type": "end", "location_id": "1603936000", "address": {"location_id": "1603936000", "lat": 42.28794675, "lon": -71.0490065}, "arr_time": 1676294625, "arr_date_time": "2023-02-13T08:23:45-05:00", "end_time": 1676294625, "end_date_time": "2023-02-13T08:23:45-05:00", "waiting_time": 0, "distance": 1485, "driving_time": 1425, "preparation_time": 0, "load_before": [0]}]}], "unassigned": {"services": [], "shipments": [], "breaks": [], "details": []}}}