{"copyrights": ["GraphHopper", "OpenStreetMap contributors"], "job_id": "d24cbd32-e2cf-4497-8f74-d516741adf56", "status": "finished", "waiting_time_in_queue": 0, "processing_time": 151, "solution": {"costs": 352, "distance": 2497, "time": 2393, "transport_time": 2393, "completion_time": 18893, "max_operation_time": 18893, "waiting_time": 0, "service_duration": 16500, "preparation_time": 0, "no_vehicles": 1, "no_unassigned": 0, "routes": [{"vehicle_id": "my_vehicle", "shift_id": "default-shift", "distance": 2497, "transport_time": 2393, "completion_time": 18893, "waiting_time": 0, "service_duration": 16500, "preparation_time": 0, "activities": [{"type": "start", "location_id": "1702725000", "address": {"location_id": "1702725000", "lat": 42.28272615, "lon": -71.07758829}, "arr_time": 1676278800, "arr_date_time": "2023-02-13T04:00:00-05:00", "end_time": 1676278800, "end_date_time": "2023-02-13T04:00:00-05:00", "waiting_time": 0, "distance": 0, "driving_time": 0, "preparation_time": 0, "load_after": [0]}, {"type": "service", "id": "1702728000_39", "location_id": "1702728000", "address": {"location_id": "1702728000", "lat": 42.28279369, "lon": -71.07725081}, "arr_time": 1676278828, "arr_date_time": "2023-02-13T04:00:28-05:00", "end_time": 1676279128, "end_date_time": "2023-02-13T04:05:28-05:00", "waiting_time": 0, "distance": 29, "driving_time": 28, "preparation_time": 0, "load_before": [0], "load_after": [0]}, {"type": "service", "id": "1702722000_38", "location_id": "1702722000", "address": {"location_id": "1702722000", "lat": 42.28260154, "lon": -71.07820856}, "arr_time": 1676279207, "arr_date_time": "2023-02-13T04:06:47-05:00", "end_time": 1676279507, "end_date_time": "2023-02-13T04:11:47-05:00", "waiting_time": 0, "distance": 111, "driving_time": 107, "preparation_time": 0, "load_before": [0], "load_after": [0]}, {"type": "service", "id": "1702721000_37", "location_id": "1702721000", "address": {"location_id": "1702721000", "lat": 42.28255405, "lon": -71.07844439}, "arr_time": 1676279527, "arr_date_time": "2023-02-13T04:12:07-05:00", "end_time": 1676279827, "end_date_time": "2023-02-13T04:17:07-05:00", "waiting_time": 0, "distance": 131, "driving_time": 127, "preparation_time": 0, "load_before": [0], "load_after": [0]}, {"type": "service", "id": "1702748000_41", "location_id": "1702748000", "address": {"location_id": "1702748000", "lat": 42.28204681, "lon": -71.07950491}, "arr_time": 1676280056, "arr_date_time": "2023-02-13T04:20:56-05:00", "end_time": 1676280356, "end_date_time": "2023-02-13T04:25:56-05:00", "waiting_time": 0, "distance": 369, "driving_time": 356, "preparation_time": 0, "load_before": [0], "load_after": [0]}, {"type": "service", "id": "1702679000_26", "location_id": "1702679000", "address": {"location_id": "1702679000", "lat": 42.28182586, "lon": -71.07870892}, "arr_time": 1676280411, "arr_date_time": "2023-02-13T04:26:51-05:00", "end_time": 1676280711, "end_date_time": "2023-02-13T04:31:51-05:00", "waiting_time": 0, "distance": 426, "driving_time": 411, "preparation_time": 0, "load_before": [0], "load_after": [0]}, {"type": "service", "id": "1702680000_27", "location_id": "1702680000", "address": {"location_id": "1702680000", "lat": 42.28186278, "lon": -71.07852592}, "arr_time": 1676280725, "arr_date_time": "2023-02-13T04:32:05-05:00", "end_time": 1676281025, "end_date_time": "2023-02-13T04:37:05-05:00", "waiting_time": 0, "distance": 442, "driving_time": 425, "preparation_time": 0, "load_before": [0], "load_after": [0]}, {"type": "service", "id": "1702740000_40", "location_id": "1702740000", "address": {"location_id": "1702740000", "lat": 42.28237261, "lon": -71.07804213}, "arr_time": 1676281076, "arr_date_time": "2023-02-13T04:37:56-05:00", "end_time": 1676281376, "end_date_time": "2023-02-13T04:42:56-05:00", "waiting_time": 0, "distance": 495, "driving_time": 476, "preparation_time": 0, "load_before": [0], "load_after": [0]}, {"type": "service", "id": "1702684000_28", "location_id": "1702684000", "address": {"location_id": "1702684000", "lat": 42.28200892, "lon": -71.07780566}, "arr_time": 1676281384, "arr_date_time": "2023-02-13T04:43:04-05:00", "end_time": 1676281684, "end_date_time": "2023-02-13T04:48:04-05:00", "waiting_time": 0, "distance": 503, "driving_time": 484, "preparation_time": 0, "load_before": [0], "load_after": [0]}, {"type": "service", "id": "1702685000_29", "location_id": "1702685000", "address": {"location_id": "1702685000", "lat": 42.28203091, "lon": -71.0776959}, "arr_time": 1676281693, "arr_date_time": "2023-02-13T04:48:13-05:00", "end_time": 1676281993, "end_date_time": "2023-02-13T04:53:13-05:00", "waiting_time": 0, "distance": 512, "driving_time": 493, "preparation_time": 0, "load_before": [0], "load_after": [0]}, {"type": "service", "id": "1702691000_30", "location_id": "1702691000", "address": {"location_id": "1702691000", "lat": 42.28204925, "lon": -71.07635752}, "arr_time": 1676282175, "arr_date_time": "2023-02-13T04:56:15-05:00", "end_time": 1676282475, "end_date_time": "2023-02-13T05:01:15-05:00", "waiting_time": 0, "distance": 701, "driving_time": 675, "preparation_time": 0, "load_before": [0], "load_after": [0]}, {"type": "service", "id": "1702692000_31", "location_id": "1702692000", "address": {"location_id": "1702692000", "lat": 42.28191259, "lon": -71.07622301}, "arr_time": 1676282491, "arr_date_time": "2023-02-13T05:01:31-05:00", "end_time": 1676282791, "end_date_time": "2023-02-13T05:06:31-05:00", "waiting_time": 0, "distance": 718, "driving_time": 691, "preparation_time": 0, "load_before": [0], "load_after": [0]}, {"type": "service", "id": "1702692001_32", "location_id": "1702692001", "address": {"location_id": "1702692001", "lat": 42.28187582, "lon": -71.076403}, "arr_time": 1676282831, "arr_date_time": "2023-02-13T05:07:11-05:00", "end_time": 1676283131, "end_date_time": "2023-02-13T05:12:11-05:00", "waiting_time": 0, "distance": 760, "driving_time": 731, "preparation_time": 0, "load_before": [0], "load_after": [0]}, {"type": "service", "id": "1702662000_19", "location_id": "1702662000", "address": {"location_id": "1702662000", "lat": 42.28153465, "lon": -71.07649449}, "arr_time": 1676283148, "arr_date_time": "2023-02-13T05:12:28-05:00", "end_time": 1676283448, "end_date_time": "2023-02-13T05:17:28-05:00", "waiting_time": 0, "distance": 778, "driving_time": 748, "preparation_time": 0, "load_before": [0], "load_after": [0]}, {"type": "service", "id": "1702700000_33", "location_id": "1702700000", "address": {"location_id": "1702700000", "lat": 42.28170108, "lon": -71.07765287}, "arr_time": 1676283531, "arr_date_time": "2023-02-13T05:18:51-05:00", "end_time": 1676283831, "end_date_time": "2023-02-13T05:23:51-05:00", "waiting_time": 0, "distance": 865, "driving_time": 831, "preparation_time": 0, "load_before": [0], "load_after": [0]}, {"type": "service", "id": "1702655000_18", "location_id": "1702655000", "address": {"location_id": "1702655000", "lat": 42.28118585, "lon": -71.07787996}, "arr_time": 1676283863, "arr_date_time": "2023-02-13T05:24:23-05:00", "end_time": 1676284163, "end_date_time": "2023-02-13T05:29:23-05:00", "waiting_time": 0, "distance": 899, "driving_time": 863, "preparation_time": 0, "load_before": [0], "load_after": [0]}, {"type": "service", "id": "1702705000_34", "location_id": "1702705000", "address": {"location_id": "1702705000", "lat": 42.28155368, "lon": -71.0783655}, "arr_time": 1676284189, "arr_date_time": "2023-02-13T05:29:49-05:00", "end_time": 1676284489, "end_date_time": "2023-02-13T05:34:49-05:00", "waiting_time": 0, "distance": 926, "driving_time": 889, "preparation_time": 0, "load_before": [0], "load_after": [0]}, {"type": "service", "id": "1702706000_35", "location_id": "1702706000", "address": {"location_id": "1702706000", "lat": 42.28152533, "lon": -71.07850378}, "arr_time": 1676284500, "arr_date_time": "2023-02-13T05:35:00-05:00", "end_time": 1676284800, "end_date_time": "2023-02-13T05:40:00-05:00", "waiting_time": 0, "distance": 938, "driving_time": 900, "preparation_time": 0, "load_before": [0], "load_after": [0]}, {"type": "service", "id": "1702708000_36", "location_id": "1702708000", "address": {"location_id": "1702708000", "lat": 42.28141123, "lon": -71.07877174}, "arr_time": 1676284824, "arr_date_time": "2023-02-13T05:40:24-05:00", "end_time": 1676285124, "end_date_time": "2023-02-13T05:45:24-05:00", "waiting_time": 0, "distance": 963, "driving_time": 924, "preparation_time": 0, "load_before": [0], "load_after": [0]}, {"type": "service", "id": "1702674000_25", "location_id": "1702674000", "address": {"location_id": "1702674000", "lat": 42.28078526, "lon": -71.07846176}, "arr_time": 1676285217, "arr_date_time": "2023-02-13T05:46:57-05:00", "end_time": 1676285517, "end_date_time": "2023-02-13T05:51:57-05:00", "waiting_time": 0, "distance": 1061, "driving_time": 1017, "preparation_time": 0, "load_before": [0], "load_after": [0]}, {"type": "service", "id": "1702630000_10", "location_id": "1702630000", "address": {"location_id": "1702630000", "lat": 42.27999832, "lon": -71.07809262}, "arr_time": 1676285601, "arr_date_time": "2023-02-13T05:53:21-05:00", "end_time": 1676285901, "end_date_time": "2023-02-13T05:58:21-05:00", "waiting_time": 0, "distance": 1148, "driving_time": 1101, "preparation_time": 0, "load_before": [0], "load_after": [0]}, {"type": "service", "id": "1703065000_49", "location_id": "1703065000", "address": {"location_id": "1703065000", "lat": 42.27932679, "lon": -71.07767051}, "arr_time": 1676286031, "arr_date_time": "2023-02-13T06:00:31-05:00", "end_time": 1676286331, "end_date_time": "2023-02-13T06:05:31-05:00", "waiting_time": 0, "distance": 1283, "driving_time": 1231, "preparation_time": 0, "load_before": [0], "load_after": [0]}, {"type": "service", "id": "1703064000_48", "location_id": "1703064000", "address": {"location_id": "1703064000", "lat": 42.27937432, "lon": -71.07748602}, "arr_time": 1676286345, "arr_date_time": "2023-02-13T06:05:45-05:00", "end_time": 1676286645, "end_date_time": "2023-02-13T06:10:45-05:00", "waiting_time": 0, "distance": 1299, "driving_time": 1245, "preparation_time": 0, "load_before": [0], "load_after": [0]}, {"type": "service", "id": "1703063000_47", "location_id": "1703063000", "address": {"location_id": "1703063000", "lat": 42.27942055, "lon": -71.07730552}, "arr_time": 1676286660, "arr_date_time": "2023-02-13T06:11:00-05:00", "end_time": 1676286960, "end_date_time": "2023-02-13T06:16:00-05:00", "waiting_time": 0, "distance": 1315, "driving_time": 1260, "preparation_time": 0, "load_before": [0], "load_after": [0]}, {"type": "service", "id": "1703061000_46", "location_id": "1703061000", "address": {"location_id": "1703061000", "lat": 42.27950116, "lon": -71.07697125}, "arr_time": 1676286988, "arr_date_time": "2023-02-13T06:16:28-05:00", "end_time": 1676287288, "end_date_time": "2023-02-13T06:21:28-05:00", "waiting_time": 0, "distance": 1344, "driving_time": 1288, "preparation_time": 0, "load_before": [0], "load_after": [0]}, {"type": "service", "id": "1703060000_45", "location_id": "1703060000", "address": {"location_id": "1703060000", "lat": 42.27954352, "lon": -71.07679751}, "arr_time": 1676287303, "arr_date_time": "2023-02-13T06:21:43-05:00", "end_time": 1676287603, "end_date_time": "2023-02-13T06:26:43-05:00", "waiting_time": 0, "distance": 1359, "driving_time": 1303, "preparation_time": 0, "load_before": [0], "load_after": [0]}, {"type": "service", "id": "1703059000_44", "location_id": "1703059000", "address": {"location_id": "1703059000", "lat": 42.27958773, "lon": -71.07661771}, "arr_time": 1676287617, "arr_date_time": "2023-02-13T06:26:57-05:00", "end_time": 1676287917, "end_date_time": "2023-02-13T06:31:57-05:00", "waiting_time": 0, "distance": 1375, "driving_time": 1317, "preparation_time": 0, "load_before": [0], "load_after": [0]}, {"type": "service", "id": "1703056000_43", "location_id": "1703056000", "address": {"location_id": "1703056000", "lat": 42.27971623, "lon": -71.07608956}, "arr_time": 1676287961, "arr_date_time": "2023-02-13T06:32:41-05:00", "end_time": 1676288261, "end_date_time": "2023-02-13T06:37:41-05:00", "waiting_time": 0, "distance": 1421, "driving_time": 1361, "preparation_time": 0, "load_before": [0], "load_after": [0]}, {"type": "service", "id": "1703054000_42", "location_id": "1703054000", "address": {"location_id": "1703054000", "lat": 42.27975992, "lon": -71.07572011}, "arr_time": 1676288291, "arr_date_time": "2023-02-13T06:38:11-05:00", "end_time": 1676288591, "end_date_time": "2023-02-13T06:43:11-05:00", "waiting_time": 0, "distance": 1452, "driving_time": 1391, "preparation_time": 0, "load_before": [0], "load_after": [0]}, {"type": "service", "id": "1703079000_55", "location_id": "1703079000", "address": {"location_id": "1703079000", "lat": 42.2800592, "lon": -71.07583247}, "arr_time": 1676288733, "arr_date_time": "2023-02-13T06:45:33-05:00", "end_time": 1676289033, "end_date_time": "2023-02-13T06:50:33-05:00", "waiting_time": 0, "distance": 1600, "driving_time": 1533, "preparation_time": 0, "load_before": [0], "load_after": [0]}, {"type": "service", "id": "1702616000_01", "location_id": "1702616000", "address": {"location_id": "1702616000", "lat": 42.28037675, "lon": -71.0760192}, "arr_time": 1676289036, "arr_date_time": "2023-02-13T06:50:36-05:00", "end_time": 1676289336, "end_date_time": "2023-02-13T06:55:36-05:00", "waiting_time": 0, "distance": 1602, "driving_time": 1536, "preparation_time": 0, "load_before": [0], "load_after": [0]}, {"type": "service", "id": "1702617000_02", "location_id": "1702617000", "address": {"location_id": "1702617000", "lat": 42.28038736, "lon": -71.07618278}, "arr_time": 1676289348, "arr_date_time": "2023-02-13T06:55:48-05:00", "end_time": 1676289648, "end_date_time": "2023-02-13T07:00:48-05:00", "waiting_time": 0, "distance": 1614, "driving_time": 1548, "preparation_time": 0, "load_before": [0], "load_after": [0]}, {"type": "service", "id": "1702619000_03", "location_id": "1702619000", "address": {"location_id": "1702619000", "lat": 42.28031079, "lon": -71.07647783}, "arr_time": 1676289673, "arr_date_time": "2023-02-13T07:01:13-05:00", "end_time": 1676289973, "end_date_time": "2023-02-13T07:06:13-05:00", "waiting_time": 0, "distance": 1640, "driving_time": 1573, "preparation_time": 0, "load_before": [0], "load_after": [0]}, {"type": "service", "id": "1702620000_04", "location_id": "1702620000", "address": {"location_id": "1702620000", "lat": 42.28027233, "lon": -71.07662499}, "arr_time": 1676289985, "arr_date_time": "2023-02-13T07:06:25-05:00", "end_time": 1676290285, "end_date_time": "2023-02-13T07:11:25-05:00", "waiting_time": 0, "distance": 1653, "driving_time": 1585, "preparation_time": 0, "load_before": [0], "load_after": [0]}, {"type": "service", "id": "1703075000_54", "location_id": "1703075000", "address": {"location_id": "1703075000", "lat": 42.2798723, "lon": -71.07653467}, "arr_time": 1676290293, "arr_date_time": "2023-02-13T07:11:33-05:00", "end_time": 1676290593, "end_date_time": "2023-02-13T07:16:33-05:00", "waiting_time": 0, "distance": 1661, "driving_time": 1593, "preparation_time": 0, "load_before": [0], "load_after": [0]}, {"type": "service", "id": "1702621000_05", "location_id": "1702621000", "address": {"location_id": "1702621000", "lat": 42.28023203, "lon": -71.07677502}, "arr_time": 1676290599, "arr_date_time": "2023-02-13T07:16:39-05:00", "end_time": 1676290899, "end_date_time": "2023-02-13T07:21:39-05:00", "waiting_time": 0, "distance": 1666, "driving_time": 1599, "preparation_time": 0, "load_before": [0], "load_after": [0]}, {"type": "service", "id": "1703073000_53", "location_id": "1703073000", "address": {"location_id": "1703073000", "lat": 42.27977928, "lon": -71.07688674}, "arr_time": 1676290924, "arr_date_time": "2023-02-13T07:22:04-05:00", "end_time": 1676291224, "end_date_time": "2023-02-13T07:27:04-05:00", "waiting_time": 0, "distance": 1692, "driving_time": 1624, "preparation_time": 0, "load_before": [0], "load_after": [0]}, {"type": "service", "id": "1702623000_06", "location_id": "1702623000", "address": {"location_id": "1702623000", "lat": 42.28014634, "lon": -71.07711297}, "arr_time": 1676291228, "arr_date_time": "2023-02-13T07:27:08-05:00", "end_time": 1676291528, "end_date_time": "2023-02-13T07:32:08-05:00", "waiting_time": 0, "distance": 1696, "driving_time": 1628, "preparation_time": 0, "load_before": [0], "load_after": [0]}, {"type": "service", "id": "1702624000_07", "location_id": "1702624000", "address": {"location_id": "1702624000", "lat": 42.28010164, "lon": -71.07728486}, "arr_time": 1676291543, "arr_date_time": "2023-02-13T07:32:23-05:00", "end_time": 1676291843, "end_date_time": "2023-02-13T07:37:23-05:00", "waiting_time": 0, "distance": 1711, "driving_time": 1643, "preparation_time": 0, "load_before": [0], "load_after": [0]}, {"type": "service", "id": "1703071000_52", "location_id": "1703071000", "address": {"location_id": "1703071000", "lat": 42.27968827, "lon": -71.07722955}, "arr_time": 1676291853, "arr_date_time": "2023-02-13T07:37:33-05:00", "end_time": 1676292153, "end_date_time": "2023-02-13T07:42:33-05:00", "waiting_time": 0, "distance": 1722, "driving_time": 1653, "preparation_time": 0, "load_before": [0], "load_after": [0]}, {"type": "service", "id": "1702625000_08", "location_id": "1702625000", "address": {"location_id": "1702625000", "lat": 42.28005761, "lon": -71.07745268}, "arr_time": 1676292156, "arr_date_time": "2023-02-13T07:42:36-05:00", "end_time": 1676292456, "end_date_time": "2023-02-13T07:47:36-05:00", "waiting_time": 0, "distance": 1725, "driving_time": 1656, "preparation_time": 0, "load_before": [0], "load_after": [0]}, {"type": "service", "id": "1703070000_51", "location_id": "1703070000", "address": {"location_id": "1703070000", "lat": 42.27964252, "lon": -71.07740209}, "arr_time": 1676292467, "arr_date_time": "2023-02-13T07:47:47-05:00", "end_time": 1676292767, "end_date_time": "2023-02-13T07:52:47-05:00", "waiting_time": 0, "distance": 1737, "driving_time": 1667, "preparation_time": 0, "load_before": [0], "load_after": [0]}, {"type": "service", "id": "1703068000_50", "location_id": "1703068000", "address": {"location_id": "1703068000", "lat": 42.27954456, "lon": -71.07776457}, "arr_time": 1676292797, "arr_date_time": "2023-02-13T07:53:17-05:00", "end_time": 1676293097, "end_date_time": "2023-02-13T07:58:17-05:00", "waiting_time": 0, "distance": 1769, "driving_time": 1697, "preparation_time": 0, "load_before": [0], "load_after": [0]}, {"type": "service", "id": "1702628000_09", "location_id": "1702628000", "address": {"location_id": "1702628000", "lat": 42.27978203, "lon": -71.07800957}, "arr_time": 1676293107, "arr_date_time": "2023-02-13T07:58:27-05:00", "end_time": 1676293407, "end_date_time": "2023-02-13T08:03:27-05:00", "waiting_time": 0, "distance": 1779, "driving_time": 1707, "preparation_time": 0, "load_before": [0], "load_after": [0]}, {"type": "service", "id": "1702635000_11", "location_id": "1702635000", "address": {"location_id": "1702635000", "lat": 42.28034573, "lon": -71.07779218}, "arr_time": 1676293573, "arr_date_time": "2023-02-13T08:06:13-05:00", "end_time": 1676293873, "end_date_time": "2023-02-13T08:11:13-05:00", "waiting_time": 0, "distance": 1952, "driving_time": 1873, "preparation_time": 0, "load_before": [0], "load_after": [0]}, {"type": "service", "id": "1702636000_12", "location_id": "1702636000", "address": {"location_id": "1702636000", "lat": 42.28038046, "lon": -71.07764448}, "arr_time": 1676293885, "arr_date_time": "2023-02-13T08:11:25-05:00", "end_time": 1676294185, "end_date_time": "2023-02-13T08:16:25-05:00", "waiting_time": 0, "distance": 1965, "driving_time": 1885, "preparation_time": 0, "load_before": [0], "load_after": [0]}, {"type": "service", "id": "1702669000_24", "location_id": "1702669000", "address": {"location_id": "1702669000", "lat": 42.28084297, "lon": -71.0777455}, "arr_time": 1676294192, "arr_date_time": "2023-02-13T08:16:32-05:00", "end_time": 1676294492, "end_date_time": "2023-02-13T08:21:32-05:00", "waiting_time": 0, "distance": 1972, "driving_time": 1892, "preparation_time": 0, "load_before": [0], "load_after": [0]}, {"type": "service", "id": "1702668000_23", "location_id": "1702668000", "address": {"location_id": "1702668000", "lat": 42.2808813, "lon": -71.07756905}, "arr_time": 1676294507, "arr_date_time": "2023-02-13T08:21:47-05:00", "end_time": 1676294807, "end_date_time": "2023-02-13T08:26:47-05:00", "waiting_time": 0, "distance": 1987, "driving_time": 1907, "preparation_time": 0, "load_before": [0], "load_after": [0]}, {"type": "service", "id": "1702639000_13", "location_id": "1702639000", "address": {"location_id": "1702639000", "lat": 42.28048385, "lon": -71.07719447}, "arr_time": 1676294823, "arr_date_time": "2023-02-13T08:27:03-05:00", "end_time": 1676295123, "end_date_time": "2023-02-13T08:32:03-05:00", "waiting_time": 0, "distance": 2004, "driving_time": 1923, "preparation_time": 0, "load_before": [0], "load_after": [0]}, {"type": "service", "id": "1702666000_22", "location_id": "1702666000", "address": {"location_id": "1702666000", "lat": 42.28095756, "lon": -71.07721461}, "arr_time": 1676295136, "arr_date_time": "2023-02-13T08:32:16-05:00", "end_time": 1676295436, "end_date_time": "2023-02-13T08:37:16-05:00", "waiting_time": 0, "distance": 2018, "driving_time": 1936, "preparation_time": 0, "load_before": [0], "load_after": [0]}, {"type": "service", "id": "1702640000_14", "location_id": "1702640000", "address": {"location_id": "1702640000", "lat": 42.28052286, "lon": -71.07702752}, "arr_time": 1676295437, "arr_date_time": "2023-02-13T08:37:17-05:00", "end_time": 1676295737, "end_date_time": "2023-02-13T08:42:17-05:00", "waiting_time": 0, "distance": 2019, "driving_time": 1937, "preparation_time": 0, "load_before": [0], "load_after": [0]}, {"type": "service", "id": "1702665000_21", "location_id": "1702665000", "address": {"location_id": "1702665000", "lat": 42.28099616, "lon": -71.07703514}, "arr_time": 1676295751, "arr_date_time": "2023-02-13T08:42:31-05:00", "end_time": 1676296051, "end_date_time": "2023-02-13T08:47:31-05:00", "waiting_time": 0, "distance": 2034, "driving_time": 1951, "preparation_time": 0, "load_before": [0], "load_after": [0]}, {"type": "service", "id": "1702641000_15", "location_id": "1702641000", "address": {"location_id": "1702641000", "lat": 42.28056442, "lon": -71.07685161}, "arr_time": 1676296051, "arr_date_time": "2023-02-13T08:47:31-05:00", "end_time": 1676296351, "end_date_time": "2023-02-13T08:52:31-05:00", "waiting_time": 0, "distance": 2035, "driving_time": 1951, "preparation_time": 0, "load_before": [0], "load_after": [0]}, {"type": "service", "id": "1702643000_16", "location_id": "1702643000", "address": {"location_id": "1702643000", "lat": 42.28064782, "lon": -71.0764949}, "arr_time": 1676296380, "arr_date_time": "2023-02-13T08:53:00-05:00", "end_time": 1676296680, "end_date_time": "2023-02-13T08:58:00-05:00", "waiting_time": 0, "distance": 2066, "driving_time": 1980, "preparation_time": 0, "load_before": [0], "load_after": [0]}, {"type": "service", "id": "1702645000_17", "location_id": "1702645000", "address": {"location_id": "1702645000", "lat": 42.28073043, "lon": -71.07615436}, "arr_time": 1676296708, "arr_date_time": "2023-02-13T08:58:28-05:00", "end_time": 1676297008, "end_date_time": "2023-02-13T09:03:28-05:00", "waiting_time": 0, "distance": 2095, "driving_time": 2008, "preparation_time": 0, "load_before": [0], "load_after": [0]}, {"type": "service", "id": "1702663030_20", "location_id": "1702663030", "address": {"location_id": "1702663030", "lat": 42.28113508, "lon": -71.07629277}, "arr_time": 1676297009, "arr_date_time": "2023-02-13T09:03:29-05:00", "end_time": 1676297309, "end_date_time": "2023-02-13T09:08:29-05:00", "waiting_time": 0, "distance": 2097, "driving_time": 2009, "preparation_time": 0, "load_before": [0], "load_after": [0]}, {"type": "end", "location_id": "1702725000", "address": {"location_id": "1702725000", "lat": 42.28272615, "lon": -71.07758829}, "arr_time": 1676297693, "arr_date_time": "2023-02-13T09:14:53-05:00", "end_time": 1676297693, "end_date_time": "2023-02-13T09:14:53-05:00", "waiting_time": 0, "distance": 2497, "driving_time": 2393, "preparation_time": 0, "load_before": [0]}]}], "unassigned": {"services": [], "shipments": [], "breaks": [], "details": []}}}