{"copyrights": ["GraphHopper", "OpenStreetMap contributors"], "job_id": "1c0391d8-61cc-49d2-962d-878c8be75f36", "status": "finished", "waiting_time_in_queue": 0, "processing_time": 199, "solution": {"costs": 365, "distance": 2380, "time": 2281, "transport_time": 2281, "completion_time": 20581, "max_operation_time": 20581, "waiting_time": 0, "service_duration": 18300, "preparation_time": 0, "no_vehicles": 1, "no_unassigned": 0, "routes": [{"vehicle_id": "my_vehicle", "shift_id": "default-shift", "distance": 2380, "transport_time": 2281, "completion_time": 20581, "waiting_time": 0, "service_duration": 18300, "preparation_time": 0, "activities": [{"type": "start", "location_id": "1501438000", "address": {"location_id": "1501438000", "lat": 42.30372754, "lon": -71.06361633}, "arr_time": 1676278800, "arr_date_time": "2023-02-13T04:00:00-05:00", "end_time": 1676278800, "end_date_time": "2023-02-13T04:00:00-05:00", "waiting_time": 0, "distance": 0, "driving_time": 0, "preparation_time": 0, "load_after": [0]}, {"type": "service", "id": "1501443000_59", "location_id": "1501443000", "address": {"location_id": "1501443000", "lat": 42.30342964, "lon": -71.06377225}, "arr_time": 1676278897, "arr_date_time": "2023-02-13T04:01:37-05:00", "end_time": 1676279197, "end_date_time": "2023-02-13T04:06:37-05:00", "waiting_time": 0, "distance": 101, "driving_time": 97, "preparation_time": 0, "load_before": [0], "load_after": [0]}, {"type": "service", "id": "1501165000_30", "location_id": "1501165000", "address": {"location_id": "1501165000", "lat": 42.30292169, "lon": -71.0642362}, "arr_time": 1676279260, "arr_date_time": "2023-02-13T04:07:40-05:00", "end_time": 1676279560, "end_date_time": "2023-02-13T04:12:40-05:00", "waiting_time": 0, "distance": 166, "driving_time": 160, "preparation_time": 0, "load_before": [0], "load_after": [0]}, {"type": "service", "id": "1501173000_33", "location_id": "1501173000", "address": {"location_id": "1501173000", "lat": 42.30324483, "lon": -71.06475204}, "arr_time": 1676279625, "arr_date_time": "2023-02-13T04:13:45-05:00", "end_time": 1676279925, "end_date_time": "2023-02-13T04:18:45-05:00", "waiting_time": 0, "distance": 234, "driving_time": 225, "preparation_time": 0, "load_before": [0], "load_after": [0]}, {"type": "service", "id": "1501175000_34", "location_id": "1501175000", "address": {"location_id": "1501175000", "lat": 42.30318018, "lon": -71.06504862}, "arr_time": 1676279949, "arr_date_time": "2023-02-13T04:19:09-05:00", "end_time": 1676280249, "end_date_time": "2023-02-13T04:24:09-05:00", "waiting_time": 0, "distance": 259, "driving_time": 249, "preparation_time": 0, "load_before": [0], "load_after": [0]}, {"type": "service", "id": "1501176000_35", "location_id": "1501176000", "address": {"location_id": "1501176000", "lat": 42.30314406, "lon": -71.06519238}, "arr_time": 1676280261, "arr_date_time": "2023-02-13T04:24:21-05:00", "end_time": 1676280561, "end_date_time": "2023-02-13T04:29:21-05:00", "waiting_time": 0, "distance": 271, "driving_time": 261, "preparation_time": 0, "load_before": [0], "load_after": [0]}, {"type": "service", "id": "1501177000_36", "location_id": "1501177000", "address": {"location_id": "1501177000", "lat": 42.30310747, "lon": -71.06533257}, "arr_time": 1676280573, "arr_date_time": "2023-02-13T04:29:33-05:00", "end_time": 1676280873, "end_date_time": "2023-02-13T04:34:33-05:00", "waiting_time": 0, "distance": 283, "driving_time": 273, "preparation_time": 0, "load_before": [0], "load_after": [0]}, {"type": "service", "id": "1501178000_37", "location_id": "1501178000", "address": {"location_id": "1501178000", "lat": 42.30307034, "lon": -71.06547099}, "arr_time": 1676280885, "arr_date_time": "2023-02-13T04:34:45-05:00", "end_time": 1676281185, "end_date_time": "2023-02-13T04:39:45-05:00", "waiting_time": 0, "distance": 295, "driving_time": 285, "preparation_time": 0, "load_before": [0], "load_after": [0]}, {"type": "service", "id": "1501157000_29", "location_id": "1501157000", "address": {"location_id": "1501157000", "lat": 42.30268624, "lon": -71.06528489}, "arr_time": 1676281185, "arr_date_time": "2023-02-13T04:39:45-05:00", "end_time": 1676281485, "end_date_time": "2023-02-13T04:44:45-05:00", "waiting_time": 0, "distance": 295, "driving_time": 285, "preparation_time": 0, "load_before": [0], "load_after": [0]}, {"type": "service", "id": "1501179000_38", "location_id": "1501179000", "address": {"location_id": "1501179000", "lat": 42.30303115, "lon": -71.06561346}, "arr_time": 1676281497, "arr_date_time": "2023-02-13T04:44:57-05:00", "end_time": 1676281797, "end_date_time": "2023-02-13T04:49:57-05:00", "waiting_time": 0, "distance": 308, "driving_time": 297, "preparation_time": 0, "load_before": [0], "load_after": [0]}, {"type": "service", "id": "1501156000_28", "location_id": "1501156000", "address": {"location_id": "1501156000", "lat": 42.30264773, "lon": -71.06542691}, "arr_time": 1676281797, "arr_date_time": "2023-02-13T04:49:57-05:00", "end_time": 1676282097, "end_date_time": "2023-02-13T04:54:57-05:00", "waiting_time": 0, "distance": 308, "driving_time": 297, "preparation_time": 0, "load_before": [0], "load_after": [0]}, {"type": "service", "id": "1501154000_27", "location_id": "1501154000", "address": {"location_id": "1501154000", "lat": 42.30257432, "lon": -71.06570207}, "arr_time": 1676282120, "arr_date_time": "2023-02-13T04:55:20-05:00", "end_time": 1676282420, "end_date_time": "2023-02-13T05:00:20-05:00", "waiting_time": 0, "distance": 332, "driving_time": 320, "preparation_time": 0, "load_before": [0], "load_after": [0]}, {"type": "service", "id": "1501181000_39", "location_id": "1501181000", "address": {"location_id": "1501181000", "lat": 42.30295715, "lon": -71.06589433}, "arr_time": 1676282420, "arr_date_time": "2023-02-13T05:00:20-05:00", "end_time": 1676282720, "end_date_time": "2023-02-13T05:05:20-05:00", "waiting_time": 0, "distance": 333, "driving_time": 320, "preparation_time": 0, "load_before": [0], "load_after": [0]}, {"type": "service", "id": "1501184000_42", "location_id": "1501184000", "address": {"location_id": "1501184000", "lat": 42.30284777, "lon": -71.06630426}, "arr_time": 1676282755, "arr_date_time": "2023-02-13T05:05:55-05:00", "end_time": 1676283055, "end_date_time": "2023-02-13T05:10:55-05:00", "waiting_time": 0, "distance": 369, "driving_time": 355, "preparation_time": 0, "load_before": [0], "load_after": [0]}, {"type": "service", "id": "1501150000_26", "location_id": "1501150000", "address": {"location_id": "1501150000", "lat": 42.30242582, "lon": -71.0662609}, "arr_time": 1676283067, "arr_date_time": "2023-02-13T05:11:07-05:00", "end_time": 1676283367, "end_date_time": "2023-02-13T05:16:07-05:00", "waiting_time": 0, "distance": 381, "driving_time": 367, "preparation_time": 0, "load_before": [0], "load_after": [0]}, {"type": "service", "id": "1501186000_43", "location_id": "1501186000", "address": {"location_id": "1501186000", "lat": 42.30277407, "lon": -71.06658067}, "arr_time": 1676283377, "arr_date_time": "2023-02-13T05:16:17-05:00", "end_time": 1676283677, "end_date_time": "2023-02-13T05:21:17-05:00", "waiting_time": 0, "distance": 393, "driving_time": 377, "preparation_time": 0, "load_before": [0], "load_after": [0]}, {"type": "service", "id": "1501148000_25", "location_id": "1501148000", "address": {"location_id": "1501148000", "lat": 42.30235474, "lon": -71.06653034}, "arr_time": 1676283688, "arr_date_time": "2023-02-13T05:21:28-05:00", "end_time": 1676283988, "end_date_time": "2023-02-13T05:26:28-05:00", "waiting_time": 0, "distance": 405, "driving_time": 388, "preparation_time": 0, "load_before": [0], "load_after": [0]}, {"type": "service", "id": "1501187000_44", "location_id": "1501187000", "address": {"location_id": "1501187000", "lat": 42.3027373, "lon": -71.06671983}, "arr_time": 1676283988, "arr_date_time": "2023-02-13T05:26:28-05:00", "end_time": 1676284288, "end_date_time": "2023-02-13T05:31:28-05:00", "waiting_time": 0, "distance": 405, "driving_time": 388, "preparation_time": 0, "load_before": [0], "load_after": [0]}, {"type": "service", "id": "1501147000_24", "location_id": "1501147000", "address": {"location_id": "1501147000", "lat": 42.30231768, "lon": -71.06666899}, "arr_time": 1676284299, "arr_date_time": "2023-02-13T05:31:39-05:00", "end_time": 1676284599, "end_date_time": "2023-02-13T05:36:39-05:00", "waiting_time": 0, "distance": 417, "driving_time": 399, "preparation_time": 0, "load_before": [0], "load_after": [0]}, {"type": "service", "id": "1501188000_45", "location_id": "1501188000", "address": {"location_id": "1501188000", "lat": 42.30269755, "lon": -71.06686333}, "arr_time": 1676284600, "arr_date_time": "2023-02-13T05:36:40-05:00", "end_time": 1676284900, "end_date_time": "2023-02-13T05:41:40-05:00", "waiting_time": 0, "distance": 418, "driving_time": 400, "preparation_time": 0, "load_before": [0], "load_after": [0]}, {"type": "service", "id": "1501146000_23", "location_id": "1501146000", "address": {"location_id": "1501146000", "lat": 42.30228146, "lon": -71.06680551}, "arr_time": 1676284911, "arr_date_time": "2023-02-13T05:41:51-05:00", "end_time": 1676285211, "end_date_time": "2023-02-13T05:46:51-05:00", "waiting_time": 0, "distance": 429, "driving_time": 411, "preparation_time": 0, "load_before": [0], "load_after": [0]}, {"type": "service", "id": "1501189000_46", "location_id": "1501189000", "address": {"location_id": "1501189000", "lat": 42.30265892, "lon": -71.06701712}, "arr_time": 1676285213, "arr_date_time": "2023-02-13T05:46:53-05:00", "end_time": 1676285513, "end_date_time": "2023-02-13T05:51:53-05:00", "waiting_time": 0, "distance": 431, "driving_time": 413, "preparation_time": 0, "load_before": [0], "load_after": [0]}, {"type": "service", "id": "1501190000_47", "location_id": "1501190000", "address": {"location_id": "1501190000", "lat": 42.302617, "lon": -71.06717097}, "arr_time": 1676285527, "arr_date_time": "2023-02-13T05:52:07-05:00", "end_time": 1676285827, "end_date_time": "2023-02-13T05:57:07-05:00", "waiting_time": 0, "distance": 444, "driving_time": 427, "preparation_time": 0, "load_before": [0], "load_after": [0]}, {"type": "service", "id": "1501191000_48", "location_id": "1501191000", "address": {"location_id": "1501191000", "lat": 42.30257585, "lon": -71.06732446}, "arr_time": 1676285840, "arr_date_time": "2023-02-13T05:57:20-05:00", "end_time": 1676286140, "end_date_time": "2023-02-13T06:02:20-05:00", "waiting_time": 0, "distance": 457, "driving_time": 440, "preparation_time": 0, "load_before": [0], "load_after": [0]}, {"type": "service", "id": "1501143000_22", "location_id": "1501143000", "address": {"location_id": "1501143000", "lat": 42.3021784, "lon": -71.06723889}, "arr_time": 1676286148, "arr_date_time": "2023-02-13T06:02:28-05:00", "end_time": 1676286448, "end_date_time": "2023-02-13T06:07:28-05:00", "waiting_time": 0, "distance": 465, "driving_time": 448, "preparation_time": 0, "load_before": [0], "load_after": [0]}, {"type": "service", "id": "1501192000_49", "location_id": "1501192000", "address": {"location_id": "1501192000", "lat": 42.3025649, "lon": -71.06749894}, "arr_time": 1676286453, "arr_date_time": "2023-02-13T06:07:33-05:00", "end_time": 1676286753, "end_date_time": "2023-02-13T06:12:33-05:00", "waiting_time": 0, "distance": 471, "driving_time": 453, "preparation_time": 0, "load_before": [0], "load_after": [0]}, {"type": "service", "id": "1501088000_10", "location_id": "1501088000", "address": {"location_id": "1501088000", "lat": 42.30153921, "lon": -71.06743338}, "arr_time": 1676286876, "arr_date_time": "2023-02-13T06:14:36-05:00", "end_time": 1676287176, "end_date_time": "2023-02-13T06:19:36-05:00", "waiting_time": 0, "distance": 599, "driving_time": 576, "preparation_time": 0, "load_before": [0], "load_after": [0]}, {"type": "service", "id": "1501138000_21", "location_id": "1501138000", "address": {"location_id": "1501138000", "lat": 42.30176627, "lon": -71.06751784}, "arr_time": 1676287177, "arr_date_time": "2023-02-13T06:19:37-05:00", "end_time": 1676287477, "end_date_time": "2023-02-13T06:24:37-05:00", "waiting_time": 0, "distance": 601, "driving_time": 577, "preparation_time": 0, "load_before": [0], "load_after": [0]}, {"type": "service", "id": "1501137000_20", "location_id": "1501137000", "address": {"location_id": "1501137000", "lat": 42.30191237, "lon": -71.06737252}, "arr_time": 1676287493, "arr_date_time": "2023-02-13T06:24:53-05:00", "end_time": 1676287793, "end_date_time": "2023-02-13T06:29:53-05:00", "waiting_time": 0, "distance": 618, "driving_time": 593, "preparation_time": 0, "load_before": [0], "load_after": [0]}, {"type": "service", "id": "1501134000_19", "location_id": "1501134000", "address": {"location_id": "1501134000", "lat": 42.30198159, "lon": -71.06695606}, "arr_time": 1676287827, "arr_date_time": "2023-02-13T06:30:27-05:00", "end_time": 1676288127, "end_date_time": "2023-02-13T06:35:27-05:00", "waiting_time": 0, "distance": 653, "driving_time": 627, "preparation_time": 0, "load_before": [0], "load_after": [0]}, {"type": "service", "id": "1501096000_11", "location_id": "1501096000", "address": {"location_id": "1501096000", "lat": 42.30177681, "lon": -71.06622804}, "arr_time": 1676288173, "arr_date_time": "2023-02-13T06:36:13-05:00", "end_time": 1676288473, "end_date_time": "2023-02-13T06:41:13-05:00", "waiting_time": 0, "distance": 702, "driving_time": 673, "preparation_time": 0, "load_before": [0], "load_after": [0]}, {"type": "service", "id": "1501100000_12", "location_id": "1501100000", "address": {"location_id": "1501100000", "lat": 42.30192161, "lon": -71.06567485}, "arr_time": 1676288520, "arr_date_time": "2023-02-13T06:42:00-05:00", "end_time": 1676288820, "end_date_time": "2023-02-13T06:47:00-05:00", "waiting_time": 0, "distance": 750, "driving_time": 720, "preparation_time": 0, "load_before": [0], "load_after": [0]}, {"type": "service", "id": "1501102000_13", "location_id": "1501102000", "address": {"location_id": "1501102000", "lat": 42.3019961, "lon": -71.06539149}, "arr_time": 1676288844, "arr_date_time": "2023-02-13T06:47:24-05:00", "end_time": 1676289144, "end_date_time": "2023-02-13T06:52:24-05:00", "waiting_time": 0, "distance": 775, "driving_time": 744, "preparation_time": 0, "load_before": [0], "load_after": [0]}, {"type": "service", "id": "1501123000_18", "location_id": "1501123000", "address": {"location_id": "1501123000", "lat": 42.30239107, "lon": -71.06540208}, "arr_time": 1676289157, "arr_date_time": "2023-02-13T06:52:37-05:00", "end_time": 1676289457, "end_date_time": "2023-02-13T06:57:37-05:00", "waiting_time": 0, "distance": 789, "driving_time": 757, "preparation_time": 0, "load_before": [0], "load_after": [0]}, {"type": "service", "id": "1501104000_14", "location_id": "1501104000", "address": {"location_id": "1501104000", "lat": 42.30206943, "lon": -71.06511274}, "arr_time": 1676289468, "arr_date_time": "2023-02-13T06:57:48-05:00", "end_time": 1676289768, "end_date_time": "2023-02-13T07:02:48-05:00", "waiting_time": 0, "distance": 800, "driving_time": 768, "preparation_time": 0, "load_before": [0], "load_after": [0]}, {"type": "service", "id": "1501121000_17", "location_id": "1501121000", "address": {"location_id": "1501121000", "lat": 42.30246804, "lon": -71.06511527}, "arr_time": 1676289781, "arr_date_time": "2023-02-13T07:03:01-05:00", "end_time": 1676290081, "end_date_time": "2023-02-13T07:08:01-05:00", "waiting_time": 0, "distance": 815, "driving_time": 781, "preparation_time": 0, "load_before": [0], "load_after": [0]}, {"type": "service", "id": "1501106000_15", "location_id": "1501106000", "address": {"location_id": "1501106000", "lat": 42.30214299, "lon": -71.06483409}, "arr_time": 1676290091, "arr_date_time": "2023-02-13T07:08:11-05:00", "end_time": 1676290391, "end_date_time": "2023-02-13T07:13:11-05:00", "waiting_time": 0, "distance": 825, "driving_time": 791, "preparation_time": 0, "load_before": [0], "load_after": [0]}, {"type": "service", "id": "1501118000_16", "location_id": "1501118000", "address": {"location_id": "1501118000", "lat": 42.30258064, "lon": -71.0646886}, "arr_time": 1676290417, "arr_date_time": "2023-02-13T07:13:37-05:00", "end_time": 1676290717, "end_date_time": "2023-02-13T07:18:37-05:00", "waiting_time": 0, "distance": 852, "driving_time": 817, "preparation_time": 0, "load_before": [0], "load_after": [0]}, {"type": "service", "id": "1501167000_31", "location_id": "1501167000", "address": {"location_id": "1501167000", "lat": 42.30266825, "lon": -71.06423678}, "arr_time": 1676290755, "arr_date_time": "2023-02-13T07:19:15-05:00", "end_time": 1676291055, "end_date_time": "2023-02-13T07:24:15-05:00", "waiting_time": 0, "distance": 891, "driving_time": 855, "preparation_time": 0, "load_before": [0], "load_after": [0]}, {"type": "service", "id": "1501470000_61", "location_id": "1501470000", "address": {"location_id": "1501470000", "lat": 42.30283973, "lon": -71.06364003}, "arr_time": 1676291099, "arr_date_time": "2023-02-13T07:24:59-05:00", "end_time": 1676291399, "end_date_time": "2023-02-13T07:29:59-05:00", "waiting_time": 0, "distance": 937, "driving_time": 899, "preparation_time": 0, "load_before": [0], "load_after": [0]}, {"type": "service", "id": "1501466000_60", "location_id": "1501466000", "address": {"location_id": "1501466000", "lat": 42.30265191, "lon": -71.06338302}, "arr_time": 1676291480, "arr_date_time": "2023-02-13T07:31:20-05:00", "end_time": 1676291780, "end_date_time": "2023-02-13T07:36:20-05:00", "waiting_time": 0, "distance": 1022, "driving_time": 980, "preparation_time": 0, "load_before": [0], "load_after": [0]}, {"type": "service", "id": "1501060000_01", "location_id": "1501060000", "address": {"location_id": "1501060000", "lat": 42.30201103, "lon": -71.06400848}, "arr_time": 1676291895, "arr_date_time": "2023-02-13T07:38:15-05:00", "end_time": 1676292195, "end_date_time": "2023-02-13T07:43:15-05:00", "waiting_time": 0, "distance": 1142, "driving_time": 1095, "preparation_time": 0, "load_before": [0], "load_after": [0]}, {"type": "service", "id": "1501067000_02", "location_id": "1501067000", "address": {"location_id": "1501067000", "lat": 42.30184651, "lon": -71.06486425}, "arr_time": 1676292264, "arr_date_time": "2023-02-13T07:44:24-05:00", "end_time": 1676292564, "end_date_time": "2023-02-13T07:49:24-05:00", "waiting_time": 0, "distance": 1214, "driving_time": 1164, "preparation_time": 0, "load_before": [0], "load_after": [0]}, {"type": "service", "id": "1501069000_03", "location_id": "1501069000", "address": {"location_id": "1501069000", "lat": 42.30175362, "lon": -71.06512722}, "arr_time": 1676292587, "arr_date_time": "2023-02-13T07:49:47-05:00", "end_time": 1676292887, "end_date_time": "2023-02-13T07:54:47-05:00", "waiting_time": 0, "distance": 1238, "driving_time": 1187, "preparation_time": 0, "load_before": [0], "load_after": [0]}, {"type": "service", "id": "1501070000_04", "location_id": "1501070000", "address": {"location_id": "1501070000", "lat": 42.301739, "lon": -71.0652756}, "arr_time": 1676292899, "arr_date_time": "2023-02-13T07:54:59-05:00", "end_time": 1676293199, "end_date_time": "2023-02-13T07:59:59-05:00", "waiting_time": 0, "distance": 1250, "driving_time": 1199, "preparation_time": 0, "load_before": [0], "load_after": [0]}, {"type": "service", "id": "1501071010_05", "location_id": "1501071010", "address": {"location_id": "1501071010", "lat": 42.30168377, "lon": -71.06548755}, "arr_time": 1676293217, "arr_date_time": "2023-02-13T08:00:17-05:00", "end_time": 1676293517, "end_date_time": "2023-02-13T08:05:17-05:00", "waiting_time": 0, "distance": 1269, "driving_time": 1217, "preparation_time": 0, "load_before": [0], "load_after": [0]}, {"type": "service", "id": "1501076000_06", "location_id": "1501076000", "address": {"location_id": "1501076000", "lat": 42.30152349, "lon": -71.06610995}, "arr_time": 1676293569, "arr_date_time": "2023-02-13T08:06:09-05:00", "end_time": 1676293869, "end_date_time": "2023-02-13T08:11:09-05:00", "waiting_time": 0, "distance": 1323, "driving_time": 1269, "preparation_time": 0, "load_before": [0], "load_after": [0]}, {"type": "service", "id": "1501079000_07", "location_id": "1501079000", "address": {"location_id": "1501079000", "lat": 42.30141444, "lon": -71.06652811}, "arr_time": 1676293904, "arr_date_time": "2023-02-13T08:11:44-05:00", "end_time": 1676294204, "end_date_time": "2023-02-13T08:16:44-05:00", "waiting_time": 0, "distance": 1359, "driving_time": 1304, "preparation_time": 0, "load_before": [0], "load_after": [0]}, {"type": "service", "id": "1501081000_08", "location_id": "1501081000", "address": {"location_id": "1501081000", "lat": 42.30134153, "lon": -71.06680849}, "arr_time": 1676294228, "arr_date_time": "2023-02-13T08:17:08-05:00", "end_time": 1676294528, "end_date_time": "2023-02-13T08:22:08-05:00", "waiting_time": 0, "distance": 1383, "driving_time": 1328, "preparation_time": 0, "load_before": [0], "load_after": [0]}, {"type": "service", "id": "1501086000_09", "location_id": "1501086000", "address": {"location_id": "1501086000", "lat": 42.30131788, "lon": -71.06735672}, "arr_time": 1676294620, "arr_date_time": "2023-02-13T08:23:40-05:00", "end_time": 1676294920, "end_date_time": "2023-02-13T08:28:40-05:00", "waiting_time": 0, "distance": 1478, "driving_time": 1420, "preparation_time": 0, "load_before": [0], "load_after": [0]}, {"type": "service", "id": "1501197000_50", "location_id": "1501197000", "address": {"location_id": "1501197000", "lat": 42.30286774, "lon": -71.06787604}, "arr_time": 1676295089, "arr_date_time": "2023-02-13T08:31:29-05:00", "end_time": 1676295389, "end_date_time": "2023-02-13T08:36:29-05:00", "waiting_time": 0, "distance": 1655, "driving_time": 1589, "preparation_time": 0, "load_before": [0], "load_after": [0]}, {"type": "service", "id": "1501198000_51", "location_id": "1501198000", "address": {"location_id": "1501198000", "lat": 42.30299652, "lon": -71.06791901}, "arr_time": 1676295432, "arr_date_time": "2023-02-13T08:37:12-05:00", "end_time": 1676295732, "end_date_time": "2023-02-13T08:42:12-05:00", "waiting_time": 0, "distance": 1700, "driving_time": 1632, "preparation_time": 0, "load_before": [0], "load_after": [0]}, {"type": "service", "id": "1501203010_52", "location_id": "1501203010", "address": {"location_id": "1501203010", "lat": 42.30307579, "lon": -71.06708536}, "arr_time": 1676295796, "arr_date_time": "2023-02-13T08:43:16-05:00", "end_time": 1676296096, "end_date_time": "2023-02-13T08:48:16-05:00", "waiting_time": 0, "distance": 1767, "driving_time": 1696, "preparation_time": 0, "load_before": [0], "load_after": [0]}, {"type": "service", "id": "1501204010_53", "location_id": "1501204010", "address": {"location_id": "1501204010", "lat": 42.30312735, "lon": -71.06685066}, "arr_time": 1676296115, "arr_date_time": "2023-02-13T08:48:35-05:00", "end_time": 1676296415, "end_date_time": "2023-02-13T08:53:35-05:00", "waiting_time": 0, "distance": 1787, "driving_time": 1715, "preparation_time": 0, "load_before": [0], "load_after": [0]}, {"type": "service", "id": "1501204020_54", "location_id": "1501204020", "address": {"location_id": "1501204020", "lat": 42.30322382, "lon": -71.06677933}, "arr_time": 1676296424, "arr_date_time": "2023-02-13T08:53:44-05:00", "end_time": 1676296724, "end_date_time": "2023-02-13T08:58:44-05:00", "waiting_time": 0, "distance": 1796, "driving_time": 1724, "preparation_time": 0, "load_before": [0], "load_after": [0]}, {"type": "service", "id": "1501182000_40", "location_id": "1501182000", "address": {"location_id": "1501182000", "lat": 42.302939, "lon": -71.06604019}, "arr_time": 1676296813, "arr_date_time": "2023-02-13T09:00:13-05:00", "end_time": 1676297113, "end_date_time": "2023-02-13T09:05:13-05:00", "waiting_time": 0, "distance": 1890, "driving_time": 1813, "preparation_time": 0, "load_before": [0], "load_after": [0]}, {"type": "service", "id": "1501183000_41", "location_id": "1501183000", "address": {"location_id": "1501183000", "lat": 42.30292026, "lon": -71.06618228}, "arr_time": 1676297113, "arr_date_time": "2023-02-13T09:05:13-05:00", "end_time": 1676297413, "end_date_time": "2023-02-13T09:10:13-05:00", "waiting_time": 0, "distance": 1890, "driving_time": 1813, "preparation_time": 0, "load_before": [0], "load_after": [0]}, {"type": "service", "id": "1501223000_57", "location_id": "1501223000", "address": {"location_id": "1501223000", "lat": 42.30354713, "lon": -71.06513642}, "arr_time": 1676297493, "arr_date_time": "2023-02-13T09:11:33-05:00", "end_time": 1676297793, "end_date_time": "2023-02-13T09:16:33-05:00", "waiting_time": 0, "distance": 1974, "driving_time": 1893, "preparation_time": 0, "load_before": [0], "load_after": [0]}, {"type": "service", "id": "1501220000_55", "location_id": "1501220000", "address": {"location_id": "1501220000", "lat": 42.30358658, "lon": -71.06557542}, "arr_time": 1676297891, "arr_date_time": "2023-02-13T09:18:11-05:00", "end_time": 1676298191, "end_date_time": "2023-02-13T09:23:11-05:00", "waiting_time": 0, "distance": 2076, "driving_time": 1991, "preparation_time": 0, "load_before": [0], "load_after": [0]}, {"type": "service", "id": "1501221010_56", "location_id": "1501221010", "address": {"location_id": "1501221010", "lat": 42.30363584, "lon": -71.06538372}, "arr_time": 1676298207, "arr_date_time": "2023-02-13T09:23:27-05:00", "end_time": 1676298507, "end_date_time": "2023-02-13T09:28:27-05:00", "waiting_time": 0, "distance": 2093, "driving_time": 2007, "preparation_time": 0, "load_before": [0], "load_after": [0]}, {"type": "service", "id": "1501225000_58", "location_id": "1501225000", "address": {"location_id": "1501225000", "lat": 42.30362187, "lon": -71.06493921}, "arr_time": 1676298540, "arr_date_time": "2023-02-13T09:29:00-05:00", "end_time": 1676298840, "end_date_time": "2023-02-13T09:34:00-05:00", "waiting_time": 0, "distance": 2128, "driving_time": 2040, "preparation_time": 0, "load_before": [0], "load_after": [0]}, {"type": "service", "id": "1501170000_32", "location_id": "1501170000", "address": {"location_id": "1501170000", "lat": 42.30360173, "lon": -71.06467161}, "arr_time": 1676298920, "arr_date_time": "2023-02-13T09:35:20-05:00", "end_time": 1676299220, "end_date_time": "2023-02-13T09:40:20-05:00", "waiting_time": 0, "distance": 2212, "driving_time": 2120, "preparation_time": 0, "load_before": [0], "load_after": [0]}, {"type": "end", "location_id": "1501438000", "address": {"location_id": "1501438000", "lat": 42.30372754, "lon": -71.06361633}, "arr_time": 1676299381, "arr_date_time": "2023-02-13T09:43:01-05:00", "end_time": 1676299381, "end_date_time": "2023-02-13T09:43:01-05:00", "waiting_time": 0, "distance": 2380, "driving_time": 2281, "preparation_time": 0, "load_before": [0]}]}], "unassigned": {"services": [], "shipments": [], "breaks": [], "details": []}}}