{"copyrights": ["GraphHopper", "OpenStreetMap contributors"], "job_id": "855510c6-992a-4022-9a57-300bd13c51c5", "status": "finished", "waiting_time_in_queue": 0, "processing_time": 158, "solution": {"costs": 366, "distance": 2198, "time": 2107, "transport_time": 2107, "completion_time": 20707, "max_operation_time": 20707, "waiting_time": 0, "service_duration": 18600, "preparation_time": 0, "no_vehicles": 1, "no_unassigned": 0, "routes": [{"vehicle_id": "my_vehicle", "shift_id": "default-shift", "distance": 2198, "transport_time": 2107, "completion_time": 20707, "waiting_time": 0, "service_duration": 18600, "preparation_time": 0, "activities": [{"type": "start", "location_id": "1403121000", "address": {"location_id": "1403121000", "lat": 42.28970928, "lon": -71.08836338}, "arr_time": 1676278800, "arr_date_time": "2023-02-13T04:00:00-05:00", "end_time": 1676278800, "end_date_time": "2023-02-13T04:00:00-05:00", "waiting_time": 0, "distance": 0, "driving_time": 0, "preparation_time": 0, "load_after": [0]}, {"type": "service", "id": "1403113000_01", "location_id": "1403113000", "address": {"location_id": "1403113000", "lat": 42.28912607, "lon": -71.08748194}, "arr_time": 1676278935, "arr_date_time": "2023-02-13T04:02:15-05:00", "end_time": 1676279235, "end_date_time": "2023-02-13T04:07:15-05:00", "waiting_time": 0, "distance": 141, "driving_time": 135, "preparation_time": 0, "load_before": [0], "load_after": [0]}, {"type": "service", "id": "1403145000_02", "location_id": "1403145000", "address": {"location_id": "1403145000", "lat": 42.28865963, "lon": -71.08810065}, "arr_time": 1676279352, "arr_date_time": "2023-02-13T04:09:12-05:00", "end_time": 1676279652, "end_date_time": "2023-02-13T04:14:12-05:00", "waiting_time": 0, "distance": 264, "driving_time": 252, "preparation_time": 0, "load_before": [0], "load_after": [0]}, {"type": "service", "id": "1403202020_13", "location_id": "1403202020", "address": {"location_id": "1403202020", "lat": 42.28847218, "lon": -71.08857171}, "arr_time": 1676279669, "arr_date_time": "2023-02-13T04:14:29-05:00", "end_time": 1676279969, "end_date_time": "2023-02-13T04:19:29-05:00", "waiting_time": 0, "distance": 281, "driving_time": 269, "preparation_time": 0, "load_before": [0], "load_after": [0]}, {"type": "service", "id": "1403184010_03", "location_id": "1403184010", "address": {"location_id": "1403184010", "lat": 42.28878462, "lon": -71.08907367}, "arr_time": 1676280021, "arr_date_time": "2023-02-13T04:20:21-05:00", "end_time": 1676280321, "end_date_time": "2023-02-13T04:25:21-05:00", "waiting_time": 0, "distance": 335, "driving_time": 321, "preparation_time": 0, "load_before": [0], "load_after": [0]}, {"type": "service", "id": "1403185010_04", "location_id": "1403185010", "address": {"location_id": "1403185010", "lat": 42.28869234, "lon": -71.0889677}, "arr_time": 1676280355, "arr_date_time": "2023-02-13T04:25:55-05:00", "end_time": 1676280655, "end_date_time": "2023-02-13T04:30:55-05:00", "waiting_time": 0, "distance": 370, "driving_time": 355, "preparation_time": 0, "load_before": [0], "load_after": [0]}, {"type": "service", "id": "1403202010_12", "location_id": "1403202010", "address": {"location_id": "1403202010", "lat": 42.2885319, "lon": -71.0887177}, "arr_time": 1676280667, "arr_date_time": "2023-02-13T04:31:07-05:00", "end_time": 1676280967, "end_date_time": "2023-02-13T04:36:07-05:00", "waiting_time": 0, "distance": 382, "driving_time": 367, "preparation_time": 0, "load_before": [0], "load_after": [0]}, {"type": "service", "id": "1403190010_05", "location_id": "1403190010", "address": {"location_id": "1403190010", "lat": 42.2879306, "lon": -71.08921542}, "arr_time": 1676281039, "arr_date_time": "2023-02-13T04:37:19-05:00", "end_time": 1676281339, "end_date_time": "2023-02-13T04:42:19-05:00", "waiting_time": 0, "distance": 457, "driving_time": 439, "preparation_time": 0, "load_before": [0], "load_after": [0]}, {"type": "service", "id": "1403190030_07", "location_id": "1403190030", "address": {"location_id": "1403190030", "lat": 42.28794253, "lon": -71.08932944}, "arr_time": 1676281340, "arr_date_time": "2023-02-13T04:42:20-05:00", "end_time": 1676281640, "end_date_time": "2023-02-13T04:47:20-05:00", "waiting_time": 0, "distance": 458, "driving_time": 440, "preparation_time": 0, "load_before": [0], "load_after": [0]}, {"type": "service", "id": "1403190020_06", "location_id": "1403190020", "address": {"location_id": "1403190020", "lat": 42.28780285, "lon": -71.08925767}, "arr_time": 1676281653, "arr_date_time": "2023-02-13T04:47:33-05:00", "end_time": 1676281953, "end_date_time": "2023-02-13T04:52:33-05:00", "waiting_time": 0, "distance": 472, "driving_time": 453, "preparation_time": 0, "load_before": [0], "load_after": [0]}, {"type": "service", "id": "1403190040_08", "location_id": "1403190040", "address": {"location_id": "1403190040", "lat": 42.28790612, "lon": -71.08944209}, "arr_time": 1676281995, "arr_date_time": "2023-02-13T04:53:15-05:00", "end_time": 1676282295, "end_date_time": "2023-02-13T04:58:15-05:00", "waiting_time": 0, "distance": 516, "driving_time": 495, "preparation_time": 0, "load_before": [0], "load_after": [0]}, {"type": "service", "id": "1403190050_09", "location_id": "1403190050", "address": {"location_id": "1403190050", "lat": 42.28792467, "lon": -71.08954296}, "arr_time": 1676282303, "arr_date_time": "2023-02-13T04:58:23-05:00", "end_time": 1676282603, "end_date_time": "2023-02-13T05:03:23-05:00", "waiting_time": 0, "distance": 525, "driving_time": 503, "preparation_time": 0, "load_before": [0], "load_after": [0]}, {"type": "service", "id": "1403190060_10", "location_id": "1403190060", "address": {"location_id": "1403190060", "lat": 42.28794983, "lon": -71.08963988}, "arr_time": 1676282611, "arr_date_time": "2023-02-13T05:03:31-05:00", "end_time": 1676282911, "end_date_time": "2023-02-13T05:08:31-05:00", "waiting_time": 0, "distance": 533, "driving_time": 511, "preparation_time": 0, "load_before": [0], "load_after": [0]}, {"type": "service", "id": "1403194000_11", "location_id": "1403194000", "address": {"location_id": "1403194000", "lat": 42.28797038, "lon": -71.08975198}, "arr_time": 1676282920, "arr_date_time": "2023-02-13T05:08:40-05:00", "end_time": 1676283220, "end_date_time": "2023-02-13T05:13:40-05:00", "waiting_time": 0, "distance": 543, "driving_time": 520, "preparation_time": 0, "load_before": [0], "load_after": [0]}, {"type": "service", "id": "1403236050_29", "location_id": "1403236050", "address": {"location_id": "1403236050", "lat": 42.28743262, "lon": -71.08905705}, "arr_time": 1676283297, "arr_date_time": "2023-02-13T05:14:57-05:00", "end_time": 1676283597, "end_date_time": "2023-02-13T05:19:57-05:00", "waiting_time": 0, "distance": 623, "driving_time": 597, "preparation_time": 0, "load_before": [0], "load_after": [0]}, {"type": "service", "id": "1403236030_28", "location_id": "1403236030", "address": {"location_id": "1403236030", "lat": 42.2872562, "lon": -71.08902802}, "arr_time": 1676283615, "arr_date_time": "2023-02-13T05:20:15-05:00", "end_time": 1676283915, "end_date_time": "2023-02-13T05:25:15-05:00", "waiting_time": 0, "distance": 641, "driving_time": 615, "preparation_time": 0, "load_before": [0], "load_after": [0]}, {"type": "service", "id": "1403236020_27", "location_id": "1403236020", "address": {"location_id": "1403236020", "lat": 42.28719202, "lon": -71.08912267}, "arr_time": 1676283923, "arr_date_time": "2023-02-13T05:25:23-05:00", "end_time": 1676284223, "end_date_time": "2023-02-13T05:30:23-05:00", "waiting_time": 0, "distance": 650, "driving_time": 623, "preparation_time": 0, "load_before": [0], "load_after": [0]}, {"type": "service", "id": "1403258040_43", "location_id": "1403258040", "address": {"location_id": "1403258040", "lat": 42.28694387, "lon": -71.08965942}, "arr_time": 1676284265, "arr_date_time": "2023-02-13T05:31:05-05:00", "end_time": 1676284565, "end_date_time": "2023-02-13T05:36:05-05:00", "waiting_time": 0, "distance": 695, "driving_time": 665, "preparation_time": 0, "load_before": [0], "load_after": [0]}, {"type": "service", "id": "1403258030_42", "location_id": "1403258030", "address": {"location_id": "1403258030", "lat": 42.28690185, "lon": -71.08977739}, "arr_time": 1676284573, "arr_date_time": "2023-02-13T05:36:13-05:00", "end_time": 1676284873, "end_date_time": "2023-02-13T05:41:13-05:00", "waiting_time": 0, "distance": 703, "driving_time": 673, "preparation_time": 0, "load_before": [0], "load_after": [0]}, {"type": "service", "id": "1403258020_41", "location_id": "1403258020", "address": {"location_id": "1403258020", "lat": 42.28691979, "lon": -71.08987508}, "arr_time": 1676284881, "arr_date_time": "2023-02-13T05:41:21-05:00", "end_time": 1676285181, "end_date_time": "2023-02-13T05:46:21-05:00", "waiting_time": 0, "distance": 711, "driving_time": 681, "preparation_time": 0, "load_before": [0], "load_after": [0]}, {"type": "service", "id": "1403258010_40", "location_id": "1403258010", "address": {"location_id": "1403258010", "lat": 42.28688429, "lon": -71.08999438}, "arr_time": 1676285189, "arr_date_time": "2023-02-13T05:46:29-05:00", "end_time": 1676285489, "end_date_time": "2023-02-13T05:51:29-05:00", "waiting_time": 0, "distance": 720, "driving_time": 689, "preparation_time": 0, "load_before": [0], "load_after": [0]}, {"type": "service", "id": "1403258050_44", "location_id": "1403258050", "address": {"location_id": "1403258050", "lat": 42.28693244, "lon": -71.08954385}, "arr_time": 1676285547, "arr_date_time": "2023-02-13T05:52:27-05:00", "end_time": 1676285847, "end_date_time": "2023-02-13T05:57:27-05:00", "waiting_time": 0, "distance": 780, "driving_time": 747, "preparation_time": 0, "load_before": [0], "load_after": [0]}, {"type": "service", "id": "1403258060_45", "location_id": "1403258060", "address": {"location_id": "1403258060", "lat": 42.28679787, "lon": -71.08958781}, "arr_time": 1676285861, "arr_date_time": "2023-02-13T05:57:41-05:00", "end_time": 1676286161, "end_date_time": "2023-02-13T06:02:41-05:00", "waiting_time": 0, "distance": 795, "driving_time": 761, "preparation_time": 0, "load_before": [0], "load_after": [0]}, {"type": "service", "id": "1403236010_26", "location_id": "1403236010", "address": {"location_id": "1403236010", "lat": 42.28709873, "lon": -71.08915335}, "arr_time": 1676286203, "arr_date_time": "2023-02-13T06:03:23-05:00", "end_time": 1676286503, "end_date_time": "2023-02-13T06:08:23-05:00", "waiting_time": 0, "distance": 838, "driving_time": 803, "preparation_time": 0, "load_before": [0], "load_after": [0]}, {"type": "service", "id": "1403241060_39", "location_id": "1403241060", "address": {"location_id": "1403241060", "lat": 42.28707875, "lon": -71.08899287}, "arr_time": 1676286516, "arr_date_time": "2023-02-13T06:08:36-05:00", "end_time": 1676286816, "end_date_time": "2023-02-13T06:13:36-05:00", "waiting_time": 0, "distance": 851, "driving_time": 816, "preparation_time": 0, "load_before": [0], "load_after": [0]}, {"type": "service", "id": "1403241040_38", "location_id": "1403241040", "address": {"location_id": "1403241040", "lat": 42.28705885, "lon": -71.08876976}, "arr_time": 1676286833, "arr_date_time": "2023-02-13T06:13:53-05:00", "end_time": 1676287133, "end_date_time": "2023-02-13T06:18:53-05:00", "waiting_time": 0, "distance": 869, "driving_time": 833, "preparation_time": 0, "load_before": [0], "load_after": [0]}, {"type": "service", "id": "1403282030_47", "location_id": "1403282030", "address": {"location_id": "1403282030", "lat": 42.2867187, "lon": -71.08842101}, "arr_time": 1676287172, "arr_date_time": "2023-02-13T06:19:32-05:00", "end_time": 1676287472, "end_date_time": "2023-02-13T06:24:32-05:00", "waiting_time": 0, "distance": 909, "driving_time": 872, "preparation_time": 0, "load_before": [0], "load_after": [0]}, {"type": "service", "id": "1403282020_46", "location_id": "1403282020", "address": {"location_id": "1403282020", "lat": 42.28659799, "lon": -71.08838436}, "arr_time": 1676287484, "arr_date_time": "2023-02-13T06:24:44-05:00", "end_time": 1676287784, "end_date_time": "2023-02-13T06:29:44-05:00", "waiting_time": 0, "distance": 921, "driving_time": 884, "preparation_time": 0, "load_before": [0], "load_after": [0]}, {"type": "service", "id": "1403241030_37", "location_id": "1403241030", "address": {"location_id": "1403241030", "lat": 42.28703142, "lon": -71.08862014}, "arr_time": 1676287824, "arr_date_time": "2023-02-13T06:30:24-05:00", "end_time": 1676288124, "end_date_time": "2023-02-13T06:35:24-05:00", "waiting_time": 0, "distance": 963, "driving_time": 924, "preparation_time": 0, "load_before": [0], "load_after": [0]}, {"type": "service", "id": "1403241020_36", "location_id": "1403241020", "address": {"location_id": "1403241020", "lat": 42.28716346, "lon": -71.08864474}, "arr_time": 1676288137, "arr_date_time": "2023-02-13T06:35:37-05:00", "end_time": 1676288437, "end_date_time": "2023-02-13T06:40:37-05:00", "waiting_time": 0, "distance": 977, "driving_time": 937, "preparation_time": 0, "load_before": [0], "load_after": [0]}, {"type": "service", "id": "1403241010_35", "location_id": "1403241010", "address": {"location_id": "1403241010", "lat": 42.2872528, "lon": -71.08864771}, "arr_time": 1676288447, "arr_date_time": "2023-02-13T06:40:47-05:00", "end_time": 1676288747, "end_date_time": "2023-02-13T06:45:47-05:00", "waiting_time": 0, "distance": 987, "driving_time": 947, "preparation_time": 0, "load_before": [0], "load_after": [0]}, {"type": "service", "id": "1403228000_25", "location_id": "1403228000", "address": {"location_id": "1403228000", "lat": 42.28717294, "lon": -71.08814037}, "arr_time": 1676288748, "arr_date_time": "2023-02-13T06:45:48-05:00", "end_time": 1676289048, "end_date_time": "2023-02-13T06:50:48-05:00", "waiting_time": 0, "distance": 988, "driving_time": 948, "preparation_time": 0, "load_before": [0], "load_after": [0]}, {"type": "service", "id": "1403236100_34", "location_id": "1403236100", "address": {"location_id": "1403236100", "lat": 42.28740934, "lon": -71.08849337}, "arr_time": 1676289065, "arr_date_time": "2023-02-13T06:51:05-05:00", "end_time": 1676289365, "end_date_time": "2023-02-13T06:56:05-05:00", "waiting_time": 0, "distance": 1006, "driving_time": 965, "preparation_time": 0, "load_before": [0], "load_after": [0]}, {"type": "service", "id": "1403206050_17", "location_id": "1403206050", "address": {"location_id": "1403206050", "lat": 42.28764926, "lon": -71.08841783}, "arr_time": 1676289392, "arr_date_time": "2023-02-13T06:56:32-05:00", "end_time": 1676289692, "end_date_time": "2023-02-13T07:01:32-05:00", "waiting_time": 0, "distance": 1034, "driving_time": 992, "preparation_time": 0, "load_before": [0], "load_after": [0]}, {"type": "service", "id": "1403236090_33", "location_id": "1403236090", "address": {"location_id": "1403236090", "lat": 42.2874583, "lon": -71.08866244}, "arr_time": 1676289705, "arr_date_time": "2023-02-13T07:01:45-05:00", "end_time": 1676290005, "end_date_time": "2023-02-13T07:06:45-05:00", "waiting_time": 0, "distance": 1048, "driving_time": 1005, "preparation_time": 0, "load_before": [0], "load_after": [0]}, {"type": "service", "id": "1403236080_32", "location_id": "1403236080", "address": {"location_id": "1403236080", "lat": 42.28747573, "lon": -71.08879874}, "arr_time": 1676290016, "arr_date_time": "2023-02-13T07:06:56-05:00", "end_time": 1676290316, "end_date_time": "2023-02-13T07:11:56-05:00", "waiting_time": 0, "distance": 1059, "driving_time": 1016, "preparation_time": 0, "load_before": [0], "load_after": [0]}, {"type": "service", "id": "1403210010_18", "location_id": "1403210010", "address": {"location_id": "1403210010", "lat": 42.28780396, "lon": -71.08870522}, "arr_time": 1676290317, "arr_date_time": "2023-02-13T07:11:57-05:00", "end_time": 1676290617, "end_date_time": "2023-02-13T07:16:57-05:00", "waiting_time": 0, "distance": 1060, "driving_time": 1017, "preparation_time": 0, "load_before": [0], "load_after": [0]}, {"type": "service", "id": "1403236070_31", "location_id": "1403236070", "address": {"location_id": "1403236070", "lat": 42.28750155, "lon": -71.08888299}, "arr_time": 1676290623, "arr_date_time": "2023-02-13T07:17:03-05:00", "end_time": 1676290923, "end_date_time": "2023-02-13T07:22:03-05:00", "waiting_time": 0, "distance": 1066, "driving_time": 1023, "preparation_time": 0, "load_before": [0], "load_after": [0]}, {"type": "service", "id": "1403210020_19", "location_id": "1403210020", "address": {"location_id": "1403210020", "lat": 42.2877692, "lon": -71.08881828}, "arr_time": 1676290924, "arr_date_time": "2023-02-13T07:22:04-05:00", "end_time": 1676291224, "end_date_time": "2023-02-13T07:27:04-05:00", "waiting_time": 0, "distance": 1068, "driving_time": 1024, "preparation_time": 0, "load_before": [0], "load_after": [0]}, {"type": "service", "id": "1403236060_30", "location_id": "1403236060", "address": {"location_id": "1403236060", "lat": 42.28752782, "lon": -71.0890257}, "arr_time": 1676291233, "arr_date_time": "2023-02-13T07:27:13-05:00", "end_time": 1676291533, "end_date_time": "2023-02-13T07:32:13-05:00", "waiting_time": 0, "distance": 1078, "driving_time": 1033, "preparation_time": 0, "load_before": [0], "load_after": [0]}, {"type": "service", "id": "1403224010_23", "location_id": "1403224010", "address": {"location_id": "1403224010", "lat": 42.28771226, "lon": -71.08795782}, "arr_time": 1676291617, "arr_date_time": "2023-02-13T07:33:37-05:00", "end_time": 1676291917, "end_date_time": "2023-02-13T07:38:37-05:00", "waiting_time": 0, "distance": 1166, "driving_time": 1117, "preparation_time": 0, "load_before": [0], "load_after": [0]}, {"type": "service", "id": "1403206030_16", "location_id": "1403206030", "address": {"location_id": "1403206030", "lat": 42.28784996, "lon": -71.08844852}, "arr_time": 1676291923, "arr_date_time": "2023-02-13T07:38:43-05:00", "end_time": 1676292223, "end_date_time": "2023-02-13T07:43:43-05:00", "waiting_time": 0, "distance": 1171, "driving_time": 1123, "preparation_time": 0, "load_before": [0], "load_after": [0]}, {"type": "service", "id": "1403224020_24", "location_id": "1403224020", "address": {"location_id": "1403224020", "lat": 42.28776527, "lon": -71.08793983}, "arr_time": 1676292224, "arr_date_time": "2023-02-13T07:43:44-05:00", "end_time": 1676292524, "end_date_time": "2023-02-13T07:48:44-05:00", "waiting_time": 0, "distance": 1172, "driving_time": 1124, "preparation_time": 0, "load_before": [0], "load_after": [0]}, {"type": "service", "id": "1403206020_15", "location_id": "1403206020", "address": {"location_id": "1403206020", "lat": 42.28793123, "lon": -71.08842108}, "arr_time": 1676292532, "arr_date_time": "2023-02-13T07:48:52-05:00", "end_time": 1676292832, "end_date_time": "2023-02-13T07:53:52-05:00", "waiting_time": 0, "distance": 1180, "driving_time": 1132, "preparation_time": 0, "load_before": [0], "load_after": [0]}, {"type": "service", "id": "1403206010_14", "location_id": "1403206010", "address": {"location_id": "1403206010", "lat": 42.28801436, "lon": -71.08839316}, "arr_time": 1676292841, "arr_date_time": "2023-02-13T07:54:01-05:00", "end_time": 1676293141, "end_date_time": "2023-02-13T07:59:01-05:00", "waiting_time": 0, "distance": 1190, "driving_time": 1141, "preparation_time": 0, "load_before": [0], "load_after": [0]}, {"type": "service", "id": "1403222010_21", "location_id": "1403222010", "address": {"location_id": "1403222010", "lat": 42.28757352, "lon": -71.08811275}, "arr_time": 1676293204, "arr_date_time": "2023-02-13T08:00:04-05:00", "end_time": 1676293504, "end_date_time": "2023-02-13T08:05:04-05:00", "waiting_time": 0, "distance": 1255, "driving_time": 1204, "preparation_time": 0, "load_before": [0], "load_after": [0]}, {"type": "service", "id": "1403222020_22", "location_id": "1403222020", "address": {"location_id": "1403222020", "lat": 42.28753991, "lon": -71.08792896}, "arr_time": 1676293519, "arr_date_time": "2023-02-13T08:05:19-05:00", "end_time": 1676293819, "end_date_time": "2023-02-13T08:10:19-05:00", "waiting_time": 0, "distance": 1271, "driving_time": 1219, "preparation_time": 0, "load_before": [0], "load_after": [0]}, {"type": "service", "id": "1403220000_20", "location_id": "1403220000", "address": {"location_id": "1403220000", "lat": 42.28749649, "lon": -71.08755801}, "arr_time": 1676293848, "arr_date_time": "2023-02-13T08:10:48-05:00", "end_time": 1676294148, "end_date_time": "2023-02-13T08:15:48-05:00", "waiting_time": 0, "distance": 1302, "driving_time": 1248, "preparation_time": 0, "load_before": [0], "load_after": [0]}, {"type": "service", "id": "1403296000_57", "location_id": "1403296000", "address": {"location_id": "1403296000", "lat": 42.28728387, "lon": -71.0870543}, "arr_time": 1676294161, "arr_date_time": "2023-02-13T08:16:01-05:00", "end_time": 1676294461, "end_date_time": "2023-02-13T08:21:01-05:00", "waiting_time": 0, "distance": 1317, "driving_time": 1261, "preparation_time": 0, "load_before": [0], "load_after": [0]}, {"type": "service", "id": "1403294000_56", "location_id": "1403294000", "address": {"location_id": "1403294000", "lat": 42.28713251, "lon": -71.08727822}, "arr_time": 1676294481, "arr_date_time": "2023-02-13T08:21:21-05:00", "end_time": 1676294781, "end_date_time": "2023-02-13T08:26:21-05:00", "waiting_time": 0, "distance": 1338, "driving_time": 1281, "preparation_time": 0, "load_before": [0], "load_after": [0]}, {"type": "service", "id": "1403282070_51", "location_id": "1403282070", "address": {"location_id": "1403282070", "lat": 42.28663997, "lon": -71.0879475}, "arr_time": 1676294853, "arr_date_time": "2023-02-13T08:27:33-05:00", "end_time": 1676295153, "end_date_time": "2023-02-13T08:32:33-05:00", "waiting_time": 0, "distance": 1413, "driving_time": 1353, "preparation_time": 0, "load_before": [0], "load_after": [0]}, {"type": "service", "id": "1403282060_50", "location_id": "1403282060", "address": {"location_id": "1403282060", "lat": 42.28663102, "lon": -71.08807729}, "arr_time": 1676295163, "arr_date_time": "2023-02-13T08:32:43-05:00", "end_time": 1676295463, "end_date_time": "2023-02-13T08:37:43-05:00", "waiting_time": 0, "distance": 1423, "driving_time": 1363, "preparation_time": 0, "load_before": [0], "load_after": [0]}, {"type": "service", "id": "1403282050_49", "location_id": "1403282050", "address": {"location_id": "1403282050", "lat": 42.28667197, "lon": -71.08816908}, "arr_time": 1676295471, "arr_date_time": "2023-02-13T08:37:51-05:00", "end_time": 1676295771, "end_date_time": "2023-02-13T08:42:51-05:00", "waiting_time": 0, "distance": 1431, "driving_time": 1371, "preparation_time": 0, "load_before": [0], "load_after": [0]}, {"type": "service", "id": "1403282040_48", "location_id": "1403282040", "address": {"location_id": "1403282040", "lat": 42.28669375, "lon": -71.08828997}, "arr_time": 1676295780, "arr_date_time": "2023-02-13T08:43:00-05:00", "end_time": 1676296080, "end_date_time": "2023-02-13T08:48:00-05:00", "waiting_time": 0, "distance": 1441, "driving_time": 1380, "preparation_time": 0, "load_before": [0], "load_after": [0]}, {"type": "service", "id": "1403282080_52", "location_id": "1403282080", "address": {"location_id": "1403282080", "lat": 42.28662142, "lon": -71.08781705}, "arr_time": 1676296141, "arr_date_time": "2023-02-13T08:49:01-05:00", "end_time": 1676296441, "end_date_time": "2023-02-13T08:54:01-05:00", "waiting_time": 0, "distance": 1504, "driving_time": 1441, "preparation_time": 0, "load_before": [0], "load_after": [0]}, {"type": "service", "id": "1403282090_53", "location_id": "1403282090", "address": {"location_id": "1403282090", "lat": 42.28648568, "lon": -71.08784657}, "arr_time": 1676296456, "arr_date_time": "2023-02-13T08:54:16-05:00", "end_time": 1676296756, "end_date_time": "2023-02-13T08:59:16-05:00", "waiting_time": 0, "distance": 1519, "driving_time": 1456, "preparation_time": 0, "load_before": [0], "load_after": [0]}, {"type": "service", "id": "1403287000_55", "location_id": "1403287000", "address": {"location_id": "1403287000", "lat": 42.28639923, "lon": -71.08812204}, "arr_time": 1676296795, "arr_date_time": "2023-02-13T08:59:55-05:00", "end_time": 1676297095, "end_date_time": "2023-02-13T09:04:55-05:00", "waiting_time": 0, "distance": 1560, "driving_time": 1495, "preparation_time": 0, "load_before": [0], "load_after": [0]}, {"type": "service", "id": "1403282100_54", "location_id": "1403282100", "address": {"location_id": "1403282100", "lat": 42.28644211, "lon": -71.08796523}, "arr_time": 1676297108, "arr_date_time": "2023-02-13T09:05:08-05:00", "end_time": 1676297408, "end_date_time": "2023-02-13T09:10:08-05:00", "waiting_time": 0, "distance": 1574, "driving_time": 1508, "preparation_time": 0, "load_before": [0], "load_after": [0]}, {"type": "service", "id": "1403314000_62", "location_id": "1403314000", "address": {"location_id": "1403314000", "lat": 42.28671806, "lon": -71.0869567}, "arr_time": 1676297493, "arr_date_time": "2023-02-13T09:11:33-05:00", "end_time": 1676297793, "end_date_time": "2023-02-13T09:16:33-05:00", "waiting_time": 0, "distance": 1662, "driving_time": 1593, "preparation_time": 0, "load_before": [0], "load_after": [0]}, {"type": "service", "id": "1403312000_61", "location_id": "1403312000", "address": {"location_id": "1403312000", "lat": 42.28679428, "lon": -71.08667477}, "arr_time": 1676297817, "arr_date_time": "2023-02-13T09:16:57-05:00", "end_time": 1676298117, "end_date_time": "2023-02-13T09:21:57-05:00", "waiting_time": 0, "distance": 1687, "driving_time": 1617, "preparation_time": 0, "load_before": [0], "load_after": [0]}, {"type": "service", "id": "1403309000_60", "location_id": "1403309000", "address": {"location_id": "1403309000", "lat": 42.28688369, "lon": -71.08619693}, "arr_time": 1676298187, "arr_date_time": "2023-02-13T09:23:07-05:00", "end_time": 1676298487, "end_date_time": "2023-02-13T09:28:07-05:00", "waiting_time": 0, "distance": 1760, "driving_time": 1687, "preparation_time": 0, "load_before": [0], "load_after": [0]}, {"type": "service", "id": "1403307000_59", "location_id": "1403307000", "address": {"location_id": "1403307000", "lat": 42.28709033, "lon": -71.08659503}, "arr_time": 1676298516, "arr_date_time": "2023-02-13T09:28:36-05:00", "end_time": 1676298816, "end_date_time": "2023-02-13T09:33:36-05:00", "waiting_time": 0, "distance": 1791, "driving_time": 1716, "preparation_time": 0, "load_before": [0], "load_after": [0]}, {"type": "service", "id": "1403306000_58", "location_id": "1403306000", "address": {"location_id": "1403306000", "lat": 42.28720128, "lon": -71.08656328}, "arr_time": 1676298827, "arr_date_time": "2023-02-13T09:33:47-05:00", "end_time": 1676299127, "end_date_time": "2023-02-13T09:38:47-05:00", "waiting_time": 0, "distance": 1802, "driving_time": 1727, "preparation_time": 0, "load_before": [0], "load_after": [0]}, {"type": "end", "location_id": "1403121000", "address": {"location_id": "1403121000", "lat": 42.28970928, "lon": -71.08836338}, "arr_time": 1676299507, "arr_date_time": "2023-02-13T09:45:07-05:00", "end_time": 1676299507, "end_date_time": "2023-02-13T09:45:07-05:00", "waiting_time": 0, "distance": 2198, "driving_time": 2107, "preparation_time": 0, "load_before": [0]}]}], "unassigned": {"services": [], "shipments": [], "breaks": [], "details": []}}}