{"copyrights": ["GraphHopper", "OpenStreetMap contributors"], "job_id": "ef31b8f1-f602-483a-a0c9-1717ffcf78b2", "status": "finished", "waiting_time_in_queue": 0, "processing_time": 124, "solution": {"costs": 330, "distance": 2146, "time": 2065, "transport_time": 2065, "completion_time": 16165, "max_operation_time": 16165, "waiting_time": 0, "service_duration": 14100, "preparation_time": 0, "no_vehicles": 1, "no_unassigned": 0, "routes": [{"vehicle_id": "my_vehicle", "shift_id": "default-shift", "distance": 2146, "transport_time": 2065, "completion_time": 16165, "waiting_time": 0, "service_duration": 14100, "preparation_time": 0, "activities": [{"type": "start", "location_id": "1302976000", "address": {"location_id": "1302976000", "lat": 42.31632686, "lon": -71.05393751}, "arr_time": 1676278800, "arr_date_time": "2023-02-13T04:00:00-05:00", "end_time": 1676278800, "end_date_time": "2023-02-13T04:00:00-05:00", "waiting_time": 0, "distance": 0, "driving_time": 0, "preparation_time": 0, "load_after": [0]}, {"type": "service", "id": "1302975000_47", "location_id": "1302975000", "address": {"location_id": "1302975000", "lat": 42.31620965, "lon": -71.05397376}, "arr_time": 1676278841, "arr_date_time": "2023-02-13T04:00:41-05:00", "end_time": 1676279141, "end_date_time": "2023-02-13T04:05:41-05:00", "waiting_time": 0, "distance": 43, "driving_time": 41, "preparation_time": 0, "load_before": [0], "load_after": [0]}, {"type": "service", "id": "1302929000_46", "location_id": "1302929000", "address": {"location_id": "1302929000", "lat": 42.3157527, "lon": -71.05413372}, "arr_time": 1676279195, "arr_date_time": "2023-02-13T04:06:35-05:00", "end_time": 1676279495, "end_date_time": "2023-02-13T04:11:35-05:00", "waiting_time": 0, "distance": 99, "driving_time": 95, "preparation_time": 0, "load_before": [0], "load_after": [0]}, {"type": "service", "id": "1302928000_45", "location_id": "1302928000", "address": {"location_id": "1302928000", "lat": 42.31562321, "lon": -71.0541743}, "arr_time": 1676279539, "arr_date_time": "2023-02-13T04:12:19-05:00", "end_time": 1676279839, "end_date_time": "2023-02-13T04:17:19-05:00", "waiting_time": 0, "distance": 145, "driving_time": 139, "preparation_time": 0, "load_before": [0], "load_after": [0]}, {"type": "service", "id": "1302927000_44", "location_id": "1302927000", "address": {"location_id": "1302927000", "lat": 42.31551695, "lon": -71.05420773}, "arr_time": 1676279851, "arr_date_time": "2023-02-13T04:17:31-05:00", "end_time": 1676280151, "end_date_time": "2023-02-13T04:22:31-05:00", "waiting_time": 0, "distance": 157, "driving_time": 151, "preparation_time": 0, "load_before": [0], "load_after": [0]}, {"type": "service", "id": "1302925000_43", "location_id": "1302925000", "address": {"location_id": "1302925000", "lat": 42.31525442, "lon": -71.05428989}, "arr_time": 1676280180, "arr_date_time": "2023-02-13T04:23:00-05:00", "end_time": 1676280480, "end_date_time": "2023-02-13T04:28:00-05:00", "waiting_time": 0, "distance": 187, "driving_time": 180, "preparation_time": 0, "load_before": [0], "load_after": [0]}, {"type": "service", "id": "1302753000_38", "location_id": "1302753000", "address": {"location_id": "1302753000", "lat": 42.31427925, "lon": -71.05456381}, "arr_time": 1676280587, "arr_date_time": "2023-02-13T04:29:47-05:00", "end_time": 1676280887, "end_date_time": "2023-02-13T04:34:47-05:00", "waiting_time": 0, "distance": 298, "driving_time": 287, "preparation_time": 0, "load_before": [0], "load_after": [0]}, {"type": "service", "id": "1302748000_37", "location_id": "1302748000", "address": {"location_id": "1302748000", "lat": 42.31367229, "lon": -71.054795}, "arr_time": 1676280953, "arr_date_time": "2023-02-13T04:35:53-05:00", "end_time": 1676281253, "end_date_time": "2023-02-13T04:40:53-05:00", "waiting_time": 0, "distance": 368, "driving_time": 353, "preparation_time": 0, "load_before": [0], "load_after": [0]}, {"type": "service", "id": "1302741000_36", "location_id": "1302741000", "address": {"location_id": "1302741000", "lat": 42.31282701, "lon": -71.05511946}, "arr_time": 1676281347, "arr_date_time": "2023-02-13T04:42:27-05:00", "end_time": 1676281647, "end_date_time": "2023-02-13T04:47:27-05:00", "waiting_time": 0, "distance": 465, "driving_time": 447, "preparation_time": 0, "load_before": [0], "load_after": [0]}, {"type": "service", "id": "1302692000_25", "location_id": "1302692000", "address": {"location_id": "1302692000", "lat": 42.3126414, "lon": -71.05454797}, "arr_time": 1676281764, "arr_date_time": "2023-02-13T04:49:24-05:00", "end_time": 1676282064, "end_date_time": "2023-02-13T04:54:24-05:00", "waiting_time": 0, "distance": 587, "driving_time": 564, "preparation_time": 0, "load_before": [0], "load_after": [0]}, {"type": "service", "id": "1302694000_26", "location_id": "1302694000", "address": {"location_id": "1302694000", "lat": 42.31285421, "lon": -71.05441074}, "arr_time": 1676282089, "arr_date_time": "2023-02-13T04:54:49-05:00", "end_time": 1676282389, "end_date_time": "2023-02-13T04:59:49-05:00", "waiting_time": 0, "distance": 613, "driving_time": 589, "preparation_time": 0, "load_before": [0], "load_after": [0]}, {"type": "service", "id": "1302779000_41", "location_id": "1302779000", "address": {"location_id": "1302779000", "lat": 42.31303737, "lon": -71.05477466}, "arr_time": 1676282395, "arr_date_time": "2023-02-13T04:59:55-05:00", "end_time": 1676282695, "end_date_time": "2023-02-13T05:04:55-05:00", "waiting_time": 0, "distance": 619, "driving_time": 595, "preparation_time": 0, "load_before": [0], "load_after": [0]}, {"type": "service", "id": "1302778000_40", "location_id": "1302778000", "address": {"location_id": "1302778000", "lat": 42.31315077, "lon": -71.05472305}, "arr_time": 1676282709, "arr_date_time": "2023-02-13T05:05:09-05:00", "end_time": 1676283009, "end_date_time": "2023-02-13T05:10:09-05:00", "waiting_time": 0, "distance": 634, "driving_time": 609, "preparation_time": 0, "load_before": [0], "load_after": [0]}, {"type": "service", "id": "1302698000_27", "location_id": "1302698000", "address": {"location_id": "1302698000", "lat": 42.31330799, "lon": -71.05417284}, "arr_time": 1676283039, "arr_date_time": "2023-02-13T05:10:39-05:00", "end_time": 1676283339, "end_date_time": "2023-02-13T05:15:39-05:00", "waiting_time": 0, "distance": 664, "driving_time": 639, "preparation_time": 0, "load_before": [0], "load_after": [0]}, {"type": "service", "id": "1302775000_39", "location_id": "1302775000", "address": {"location_id": "1302775000", "lat": 42.31347839, "lon": -71.05458487}, "arr_time": 1676283348, "arr_date_time": "2023-02-13T05:15:48-05:00", "end_time": 1676283648, "end_date_time": "2023-02-13T05:20:48-05:00", "waiting_time": 0, "distance": 673, "driving_time": 648, "preparation_time": 0, "load_before": [0], "load_after": [0]}, {"type": "service", "id": "1302702000_28", "location_id": "1302702000", "address": {"location_id": "1302702000", "lat": 42.31368051, "lon": -71.05403625}, "arr_time": 1676283680, "arr_date_time": "2023-02-13T05:21:20-05:00", "end_time": 1676283980, "end_date_time": "2023-02-13T05:26:20-05:00", "waiting_time": 0, "distance": 706, "driving_time": 680, "preparation_time": 0, "load_before": [0], "load_after": [0]}, {"type": "service", "id": "1302705000_29", "location_id": "1302705000", "address": {"location_id": "1302705000", "lat": 42.31394943, "lon": -71.05394738}, "arr_time": 1676284009, "arr_date_time": "2023-02-13T05:26:49-05:00", "end_time": 1676284309, "end_date_time": "2023-02-13T05:31:49-05:00", "waiting_time": 0, "distance": 737, "driving_time": 709, "preparation_time": 0, "load_before": [0], "load_after": [0]}, {"type": "service", "id": "1302716000_30", "location_id": "1302716000", "address": {"location_id": "1302716000", "lat": 42.315126, "lon": -71.05357552}, "arr_time": 1676284469, "arr_date_time": "2023-02-13T05:34:29-05:00", "end_time": 1676284769, "end_date_time": "2023-02-13T05:39:29-05:00", "waiting_time": 0, "distance": 903, "driving_time": 869, "preparation_time": 0, "load_before": [0], "load_after": [0]}, {"type": "service", "id": "1302794000_42", "location_id": "1302794000", "address": {"location_id": "1302794000", "lat": 42.31531672, "lon": -71.05276481}, "arr_time": 1676284881, "arr_date_time": "2023-02-13T05:41:21-05:00", "end_time": 1676285181, "end_date_time": "2023-02-13T05:46:21-05:00", "waiting_time": 0, "distance": 1020, "driving_time": 981, "preparation_time": 0, "load_before": [0], "load_after": [0]}, {"type": "service", "id": "1302647000_10", "location_id": "1302647000", "address": {"location_id": "1302647000", "lat": 42.31498787, "lon": -71.05236373}, "arr_time": 1676285215, "arr_date_time": "2023-02-13T05:46:55-05:00", "end_time": 1676285515, "end_date_time": "2023-02-13T05:51:55-05:00", "waiting_time": 0, "distance": 1054, "driving_time": 1015, "preparation_time": 0, "load_before": [0], "load_after": [0]}, {"type": "service", "id": "1302665000_20", "location_id": "1302665000", "address": {"location_id": "1302665000", "lat": 42.31491811, "lon": -71.05274666}, "arr_time": 1676285527, "arr_date_time": "2023-02-13T05:52:07-05:00", "end_time": 1676285827, "end_date_time": "2023-02-13T05:57:07-05:00", "waiting_time": 0, "distance": 1066, "driving_time": 1027, "preparation_time": 0, "load_before": [0], "load_after": [0]}, {"type": "service", "id": "1302646000_09", "location_id": "1302646000", "address": {"location_id": "1302646000", "lat": 42.31486982, "lon": -71.0523764}, "arr_time": 1676285828, "arr_date_time": "2023-02-13T05:57:08-05:00", "end_time": 1676286128, "end_date_time": "2023-02-13T06:02:08-05:00", "waiting_time": 0, "distance": 1067, "driving_time": 1028, "preparation_time": 0, "load_before": [0], "load_after": [0]}, {"type": "service", "id": "1302669000_21", "location_id": "1302669000", "address": {"location_id": "1302669000", "lat": 42.31438528, "lon": -71.05286201}, "arr_time": 1676286184, "arr_date_time": "2023-02-13T06:03:04-05:00", "end_time": 1676286484, "end_date_time": "2023-02-13T06:08:04-05:00", "waiting_time": 0, "distance": 1126, "driving_time": 1084, "preparation_time": 0, "load_before": [0], "load_after": [0]}, {"type": "service", "id": "1302637000_08", "location_id": "1302637000", "address": {"location_id": "1302637000", "lat": 42.31384654, "lon": -71.05254374}, "arr_time": 1676286537, "arr_date_time": "2023-02-13T06:08:57-05:00", "end_time": 1676286837, "end_date_time": "2023-02-13T06:13:57-05:00", "waiting_time": 0, "distance": 1181, "driving_time": 1137, "preparation_time": 0, "load_before": [0], "load_after": [0]}, {"type": "service", "id": "1302674000_22", "location_id": "1302674000", "address": {"location_id": "1302674000", "lat": 42.31383608, "lon": -71.05298938}, "arr_time": 1676286845, "arr_date_time": "2023-02-13T06:14:05-05:00", "end_time": 1676287145, "end_date_time": "2023-02-13T06:19:05-05:00", "waiting_time": 0, "distance": 1189, "driving_time": 1145, "preparation_time": 0, "load_before": [0], "load_after": [0]}, {"type": "service", "id": "1302635000_07", "location_id": "1302635000", "address": {"location_id": "1302635000", "lat": 42.31371029, "lon": -71.05257728}, "arr_time": 1676287152, "arr_date_time": "2023-02-13T06:19:12-05:00", "end_time": 1676287452, "end_date_time": "2023-02-13T06:24:12-05:00", "waiting_time": 0, "distance": 1197, "driving_time": 1152, "preparation_time": 0, "load_before": [0], "load_after": [0]}, {"type": "service", "id": "1302675000_23", "location_id": "1302675000", "address": {"location_id": "1302675000", "lat": 42.31369581, "lon": -71.05302521}, "arr_time": 1676287460, "arr_date_time": "2023-02-13T06:24:20-05:00", "end_time": 1676287760, "end_date_time": "2023-02-13T06:29:20-05:00", "waiting_time": 0, "distance": 1205, "driving_time": 1160, "preparation_time": 0, "load_before": [0], "load_after": [0]}, {"type": "service", "id": "1302631000_06", "location_id": "1302631000", "address": {"location_id": "1302631000", "lat": 42.31322138, "lon": -71.05273515}, "arr_time": 1676287805, "arr_date_time": "2023-02-13T06:30:05-05:00", "end_time": 1676288105, "end_date_time": "2023-02-13T06:35:05-05:00", "waiting_time": 0, "distance": 1252, "driving_time": 1205, "preparation_time": 0, "load_before": [0], "load_after": [0]}, {"type": "service", "id": "1302630000_05", "location_id": "1302630000", "address": {"location_id": "1302630000", "lat": 42.31308607, "lon": -71.05278691}, "arr_time": 1676288120, "arr_date_time": "2023-02-13T06:35:20-05:00", "end_time": 1676288420, "end_date_time": "2023-02-13T06:40:20-05:00", "waiting_time": 0, "distance": 1268, "driving_time": 1220, "preparation_time": 0, "load_before": [0], "load_after": [0]}, {"type": "service", "id": "1302679000_24", "location_id": "1302679000", "address": {"location_id": "1302679000", "lat": 42.3131583, "lon": -71.05319923}, "arr_time": 1676288423, "arr_date_time": "2023-02-13T06:40:23-05:00", "end_time": 1676288723, "end_date_time": "2023-02-13T06:45:23-05:00", "waiting_time": 0, "distance": 1270, "driving_time": 1223, "preparation_time": 0, "load_before": [0], "load_after": [0]}, {"type": "service", "id": "1302629000_04", "location_id": "1302629000", "address": {"location_id": "1302629000", "lat": 42.31295626, "lon": -71.05284093}, "arr_time": 1676288733, "arr_date_time": "2023-02-13T06:45:33-05:00", "end_time": 1676289033, "end_date_time": "2023-02-13T06:50:33-05:00", "waiting_time": 0, "distance": 1282, "driving_time": 1233, "preparation_time": 0, "load_before": [0], "load_after": [0]}, {"type": "service", "id": "1302625000_03", "location_id": "1302625000", "address": {"location_id": "1302625000", "lat": 42.31247892, "lon": -71.05304646}, "arr_time": 1676289087, "arr_date_time": "2023-02-13T06:51:27-05:00", "end_time": 1676289387, "end_date_time": "2023-02-13T06:56:27-05:00", "waiting_time": 0, "distance": 1338, "driving_time": 1287, "preparation_time": 0, "load_before": [0], "load_after": [0]}, {"type": "service", "id": "1302624000_02", "location_id": "1302624000", "address": {"location_id": "1302624000", "lat": 42.31237626, "lon": -71.0530906}, "arr_time": 1676289399, "arr_date_time": "2023-02-13T06:56:39-05:00", "end_time": 1676289699, "end_date_time": "2023-02-13T07:01:39-05:00", "waiting_time": 0, "distance": 1350, "driving_time": 1299, "preparation_time": 0, "load_before": [0], "load_after": [0]}, {"type": "service", "id": "1302621000_01", "location_id": "1302621000", "address": {"location_id": "1302621000", "lat": 42.3119909, "lon": -71.05326511}, "arr_time": 1676289743, "arr_date_time": "2023-02-13T07:02:23-05:00", "end_time": 1676290043, "end_date_time": "2023-02-13T07:07:23-05:00", "waiting_time": 0, "distance": 1395, "driving_time": 1343, "preparation_time": 0, "load_before": [0], "load_after": [0]}, {"type": "service", "id": "1302732000_35", "location_id": "1302732000", "address": {"location_id": "1302732000", "lat": 42.31305343, "lon": -71.05399249}, "arr_time": 1676290285, "arr_date_time": "2023-02-13T07:11:25-05:00", "end_time": 1676290585, "end_date_time": "2023-02-13T07:16:25-05:00", "waiting_time": 0, "distance": 1648, "driving_time": 1585, "preparation_time": 0, "load_before": [0], "load_after": [0]}, {"type": "service", "id": "1302731000_34", "location_id": "1302731000", "address": {"location_id": "1302731000", "lat": 42.31315563, "lon": -71.05393329}, "arr_time": 1676290597, "arr_date_time": "2023-02-13T07:16:37-05:00", "end_time": 1676290897, "end_date_time": "2023-02-13T07:21:37-05:00", "waiting_time": 0, "distance": 1660, "driving_time": 1597, "preparation_time": 0, "load_before": [0], "load_after": [0]}, {"type": "service", "id": "1302653000_11", "location_id": "1302653000", "address": {"location_id": "1302653000", "lat": 42.31328298, "lon": -71.05343949}, "arr_time": 1676290924, "arr_date_time": "2023-02-13T07:22:04-05:00", "end_time": 1676291224, "end_date_time": "2023-02-13T07:27:04-05:00", "waiting_time": 0, "distance": 1688, "driving_time": 1624, "preparation_time": 0, "load_before": [0], "load_after": [0]}, {"type": "service", "id": "1302655000_12", "location_id": "1302655000", "address": {"location_id": "1302655000", "lat": 42.31356992, "lon": -71.05334435}, "arr_time": 1676291253, "arr_date_time": "2023-02-13T07:27:33-05:00", "end_time": 1676291553, "end_date_time": "2023-02-13T07:32:33-05:00", "waiting_time": 0, "distance": 1718, "driving_time": 1653, "preparation_time": 0, "load_before": [0], "load_after": [0]}, {"type": "service", "id": "1302656000_13", "location_id": "1302656000", "address": {"location_id": "1302656000", "lat": 42.31370714, "lon": -71.05330184}, "arr_time": 1676291568, "arr_date_time": "2023-02-13T07:32:48-05:00", "end_time": 1676291868, "end_date_time": "2023-02-13T07:37:48-05:00", "waiting_time": 0, "distance": 1734, "driving_time": 1668, "preparation_time": 0, "load_before": [0], "load_after": [0]}, {"type": "service", "id": "1302726000_33", "location_id": "1302726000", "address": {"location_id": "1302726000", "lat": 42.31380692, "lon": -71.05368135}, "arr_time": 1676291872, "arr_date_time": "2023-02-13T07:37:52-05:00", "end_time": 1676292172, "end_date_time": "2023-02-13T07:42:52-05:00", "waiting_time": 0, "distance": 1738, "driving_time": 1672, "preparation_time": 0, "load_before": [0], "load_after": [0]}, {"type": "service", "id": "1302657000_14", "location_id": "1302657000", "address": {"location_id": "1302657000", "lat": 42.31383869, "lon": -71.05326362}, "arr_time": 1676292183, "arr_date_time": "2023-02-13T07:43:03-05:00", "end_time": 1676292483, "end_date_time": "2023-02-13T07:48:03-05:00", "waiting_time": 0, "distance": 1748, "driving_time": 1683, "preparation_time": 0, "load_before": [0], "load_after": [0]}, {"type": "service", "id": "1302658000_15", "location_id": "1302658000", "address": {"location_id": "1302658000", "lat": 42.3139538, "lon": -71.05323069}, "arr_time": 1676292495, "arr_date_time": "2023-02-13T07:48:15-05:00", "end_time": 1676292795, "end_date_time": "2023-02-13T07:53:15-05:00", "waiting_time": 0, "distance": 1761, "driving_time": 1695, "preparation_time": 0, "load_before": [0], "load_after": [0]}, {"type": "service", "id": "1302724000_32", "location_id": "1302724000", "address": {"location_id": "1302724000", "lat": 42.31404948, "lon": -71.05360574}, "arr_time": 1676292799, "arr_date_time": "2023-02-13T07:53:19-05:00", "end_time": 1676293099, "end_date_time": "2023-02-13T07:58:19-05:00", "waiting_time": 0, "distance": 1765, "driving_time": 1699, "preparation_time": 0, "load_before": [0], "load_after": [0]}, {"type": "service", "id": "1302659000_16", "location_id": "1302659000", "address": {"location_id": "1302659000", "lat": 42.31411165, "lon": -71.05318428}, "arr_time": 1676293112, "arr_date_time": "2023-02-13T07:58:32-05:00", "end_time": 1676293412, "end_date_time": "2023-02-13T08:03:32-05:00", "waiting_time": 0, "distance": 1779, "driving_time": 1712, "preparation_time": 0, "load_before": [0], "load_after": [0]}, {"type": "service", "id": "1302660000_17", "location_id": "1302660000", "address": {"location_id": "1302660000", "lat": 42.31426062, "lon": -71.05314272}, "arr_time": 1676293428, "arr_date_time": "2023-02-13T08:03:48-05:00", "end_time": 1676293728, "end_date_time": "2023-02-13T08:08:48-05:00", "waiting_time": 0, "distance": 1796, "driving_time": 1728, "preparation_time": 0, "load_before": [0], "load_after": [0]}, {"type": "service", "id": "1302662000_18", "location_id": "1302662000", "address": {"location_id": "1302662000", "lat": 42.31463531, "lon": -71.05304225}, "arr_time": 1676293769, "arr_date_time": "2023-02-13T08:09:29-05:00", "end_time": 1676294069, "end_date_time": "2023-02-13T08:14:29-05:00", "waiting_time": 0, "distance": 1838, "driving_time": 1769, "preparation_time": 0, "load_before": [0], "load_after": [0]}, {"type": "service", "id": "1302663000_19", "location_id": "1302663000", "address": {"location_id": "1302663000", "lat": 42.31478459, "lon": -71.05300227}, "arr_time": 1676294085, "arr_date_time": "2023-02-13T08:14:45-05:00", "end_time": 1676294385, "end_date_time": "2023-02-13T08:19:45-05:00", "waiting_time": 0, "distance": 1855, "driving_time": 1785, "preparation_time": 0, "load_before": [0], "load_after": [0]}, {"type": "service", "id": "1302718000_31", "location_id": "1302718000", "address": {"location_id": "1302718000", "lat": 42.31486187, "lon": -71.05335808}, "arr_time": 1676294388, "arr_date_time": "2023-02-13T08:19:48-05:00", "end_time": 1676294688, "end_date_time": "2023-02-13T08:24:48-05:00", "waiting_time": 0, "distance": 1857, "driving_time": 1788, "preparation_time": 0, "load_before": [0], "load_after": [0]}, {"type": "end", "location_id": "1302976000", "address": {"location_id": "1302976000", "lat": 42.31632686, "lon": -71.05393751}, "arr_time": 1676294965, "arr_date_time": "2023-02-13T08:29:25-05:00", "end_time": 1676294965, "end_date_time": "2023-02-13T08:29:25-05:00", "waiting_time": 0, "distance": 2146, "driving_time": 2065, "preparation_time": 0, "load_before": [0]}]}], "unassigned": {"services": [], "shipments": [], "breaks": [], "details": []}}}