{"copyrights": ["GraphHopper", "OpenStreetMap contributors"], "job_id": "df0bbb7f-dd2a-4bd6-bd6a-22fb314d8b77", "status": "finished", "waiting_time_in_queue": 0, "processing_time": 165, "solution": {"costs": 354, "distance": 3323, "time": 3193, "transport_time": 3193, "completion_time": 19093, "max_operation_time": 19093, "waiting_time": 0, "service_duration": 15900, "preparation_time": 0, "no_vehicles": 1, "no_unassigned": 0, "routes": [{"vehicle_id": "my_vehicle", "shift_id": "default-shift", "distance": 3323, "transport_time": 3193, "completion_time": 19093, "waiting_time": 0, "service_duration": 15900, "preparation_time": 0, "activities": [{"type": "start", "location_id": "1402041000", "address": {"location_id": "1402041000", "lat": 42.29611628, "lon": -71.08184675}, "arr_time": 1676278800, "arr_date_time": "2023-02-13T04:00:00-05:00", "end_time": 1676278800, "end_date_time": "2023-02-13T04:00:00-05:00", "waiting_time": 0, "distance": 0, "driving_time": 0, "preparation_time": 0, "load_after": [0]}, {"type": "service", "id": "1402031000_04", "location_id": "1402031000", "address": {"location_id": "1402031000", "lat": 42.29581318, "lon": -71.08368558}, "arr_time": 1676278955, "arr_date_time": "2023-02-13T04:02:35-05:00", "end_time": 1676279255, "end_date_time": "2023-02-13T04:07:35-05:00", "waiting_time": 0, "distance": 161, "driving_time": 155, "preparation_time": 0, "load_before": [0], "load_after": [0]}, {"type": "service", "id": "1402013000_02", "location_id": "1402013000", "address": {"location_id": "1402013000", "lat": 42.29569728, "lon": -71.08458322}, "arr_time": 1676279327, "arr_date_time": "2023-02-13T04:08:47-05:00", "end_time": 1676279627, "end_date_time": "2023-02-13T04:13:47-05:00", "waiting_time": 0, "distance": 236, "driving_time": 227, "preparation_time": 0, "load_before": [0], "load_after": [0]}, {"type": "service", "id": "1402014000_03", "location_id": "1402014000", "address": {"location_id": "1402014000", "lat": 42.29571395, "lon": -71.08441938}, "arr_time": 1676279669, "arr_date_time": "2023-02-13T04:14:29-05:00", "end_time": 1676279969, "end_date_time": "2023-02-13T04:19:29-05:00", "waiting_time": 0, "distance": 280, "driving_time": 269, "preparation_time": 0, "load_before": [0], "load_after": [0]}, {"type": "service", "id": "1402011000_01", "location_id": "1402011000", "address": {"location_id": "1402011000", "lat": 42.2954447, "lon": -71.08471553}, "arr_time": 1676279989, "arr_date_time": "2023-02-13T04:19:49-05:00", "end_time": 1676280289, "end_date_time": "2023-02-13T04:24:49-05:00", "waiting_time": 0, "distance": 301, "driving_time": 289, "preparation_time": 0, "load_before": [0], "load_after": [0]}, {"type": "service", "id": "1402089000_08", "location_id": "1402089000", "address": {"location_id": "1402089000", "lat": 42.2949741, "lon": -71.08373404}, "arr_time": 1676280363, "arr_date_time": "2023-02-13T04:26:03-05:00", "end_time": 1676280663, "end_date_time": "2023-02-13T04:31:03-05:00", "waiting_time": 0, "distance": 377, "driving_time": 363, "preparation_time": 0, "load_before": [0], "load_after": [0]}, {"type": "service", "id": "1402078000_07", "location_id": "1402078000", "address": {"location_id": "1402078000", "lat": 42.29485292, "lon": -71.08419942}, "arr_time": 1676280712, "arr_date_time": "2023-02-13T04:31:52-05:00", "end_time": 1676281012, "end_date_time": "2023-02-13T04:36:52-05:00", "waiting_time": 0, "distance": 428, "driving_time": 412, "preparation_time": 0, "load_before": [0], "load_after": [0]}, {"type": "service", "id": "1402093000_09", "location_id": "1402093000", "address": {"location_id": "1402093000", "lat": 42.2950906, "lon": -71.08324673}, "arr_time": 1676281097, "arr_date_time": "2023-02-13T04:38:17-05:00", "end_time": 1676281397, "end_date_time": "2023-02-13T04:43:17-05:00", "waiting_time": 0, "distance": 517, "driving_time": 497, "preparation_time": 0, "load_before": [0], "load_after": [0]}, {"type": "service", "id": "1402102000_10", "location_id": "1402102000", "address": {"location_id": "1402102000", "lat": 42.29543312, "lon": -71.08144759}, "arr_time": 1676281543, "arr_date_time": "2023-02-13T04:45:43-05:00", "end_time": 1676281843, "end_date_time": "2023-02-13T04:50:43-05:00", "waiting_time": 0, "distance": 668, "driving_time": 643, "preparation_time": 0, "load_before": [0], "load_after": [0]}, {"type": "service", "id": "1402048000_06", "location_id": "1402048000", "address": {"location_id": "1402048000", "lat": 42.29583612, "lon": -71.08124885}, "arr_time": 1676281869, "arr_date_time": "2023-02-13T04:51:09-05:00", "end_time": 1676282169, "end_date_time": "2023-02-13T04:56:09-05:00", "waiting_time": 0, "distance": 695, "driving_time": 669, "preparation_time": 0, "load_before": [0], "load_after": [0]}, {"type": "service", "id": "1402047000_05", "location_id": "1402047000", "address": {"location_id": "1402047000", "lat": 42.29586456, "lon": -71.08110833}, "arr_time": 1676282181, "arr_date_time": "2023-02-13T04:56:21-05:00", "end_time": 1676282481, "end_date_time": "2023-02-13T05:01:21-05:00", "waiting_time": 0, "distance": 707, "driving_time": 681, "preparation_time": 0, "load_before": [0], "load_after": [0]}, {"type": "service", "id": "1402105000_11", "location_id": "1402105000", "address": {"location_id": "1402105000", "lat": 42.29554373, "lon": -71.08087559}, "arr_time": 1676282523, "arr_date_time": "2023-02-13T05:02:03-05:00", "end_time": 1676282823, "end_date_time": "2023-02-13T05:07:03-05:00", "waiting_time": 0, "distance": 750, "driving_time": 723, "preparation_time": 0, "load_before": [0], "load_after": [0]}, {"type": "service", "id": "1402106000_12", "location_id": "1402106000", "address": {"location_id": "1402106000", "lat": 42.29535784, "lon": -71.08084702}, "arr_time": 1676282843, "arr_date_time": "2023-02-13T05:07:23-05:00", "end_time": 1676283143, "end_date_time": "2023-02-13T05:12:23-05:00", "waiting_time": 0, "distance": 771, "driving_time": 743, "preparation_time": 0, "load_before": [0], "load_after": [0]}, {"type": "service", "id": "1402114000_13", "location_id": "1402114000", "address": {"location_id": "1402114000", "lat": 42.29506344, "lon": -71.08193092}, "arr_time": 1676283287, "arr_date_time": "2023-02-13T05:14:47-05:00", "end_time": 1676283587, "end_date_time": "2023-02-13T05:19:47-05:00", "waiting_time": 0, "distance": 920, "driving_time": 887, "preparation_time": 0, "load_before": [0], "load_after": [0]}, {"type": "service", "id": "1402136000_15", "location_id": "1402136000", "address": {"location_id": "1402136000", "lat": 42.29462589, "lon": -71.08185338}, "arr_time": 1676283593, "arr_date_time": "2023-02-13T05:19:53-05:00", "end_time": 1676283893, "end_date_time": "2023-02-13T05:24:53-05:00", "waiting_time": 0, "distance": 926, "driving_time": 893, "preparation_time": 0, "load_before": [0], "load_after": [0]}, {"type": "service", "id": "1402115000_14", "location_id": "1402115000", "address": {"location_id": "1402115000", "lat": 42.29502989, "lon": -71.08210593}, "arr_time": 1676283901, "arr_date_time": "2023-02-13T05:25:01-05:00", "end_time": 1676284201, "end_date_time": "2023-02-13T05:30:01-05:00", "waiting_time": 0, "distance": 934, "driving_time": 901, "preparation_time": 0, "load_before": [0], "load_after": [0]}, {"type": "service", "id": "1402194000_23", "location_id": "1402194000", "address": {"location_id": "1402194000", "lat": 42.29351708, "lon": -71.08235384}, "arr_time": 1676284512, "arr_date_time": "2023-02-13T05:35:12-05:00", "end_time": 1676284812, "end_date_time": "2023-02-13T05:40:12-05:00", "waiting_time": 0, "distance": 1258, "driving_time": 1212, "preparation_time": 0, "load_before": [0], "load_after": [0]}, {"type": "service", "id": "1402193000_22", "location_id": "1402193000", "address": {"location_id": "1402193000", "lat": 42.29358853, "lon": -71.08220542}, "arr_time": 1676284821, "arr_date_time": "2023-02-13T05:40:21-05:00", "end_time": 1676285121, "end_date_time": "2023-02-13T05:45:21-05:00", "waiting_time": 0, "distance": 1268, "driving_time": 1221, "preparation_time": 0, "load_before": [0], "load_after": [0]}, {"type": "service", "id": "1402205000_24", "location_id": "1402205000", "address": {"location_id": "1402205000", "lat": 42.29340007, "lon": -71.08121765}, "arr_time": 1676285192, "arr_date_time": "2023-02-13T05:46:32-05:00", "end_time": 1676285492, "end_date_time": "2023-02-13T05:51:32-05:00", "waiting_time": 0, "distance": 1342, "driving_time": 1292, "preparation_time": 0, "load_before": [0], "load_after": [0]}, {"type": "service", "id": "1402186000_21", "location_id": "1402186000", "address": {"location_id": "1402186000", "lat": 42.29378811, "lon": -71.08112761}, "arr_time": 1676285509, "arr_date_time": "2023-02-13T05:51:49-05:00", "end_time": 1676285809, "end_date_time": "2023-02-13T05:56:49-05:00", "waiting_time": 0, "distance": 1360, "driving_time": 1309, "preparation_time": 0, "load_before": [0], "load_after": [0]}, {"type": "service", "id": "1402182000_20", "location_id": "1402182000", "address": {"location_id": "1402182000", "lat": 42.29391135, "lon": -71.08045061}, "arr_time": 1676285864, "arr_date_time": "2023-02-13T05:57:44-05:00", "end_time": 1676286164, "end_date_time": "2023-02-13T06:02:44-05:00", "waiting_time": 0, "distance": 1417, "driving_time": 1364, "preparation_time": 0, "load_before": [0], "load_after": [0]}, {"type": "service", "id": "1402211000_25", "location_id": "1402211000", "address": {"location_id": "1402211000", "lat": 42.29364466, "lon": -71.0802441}, "arr_time": 1676286173, "arr_date_time": "2023-02-13T06:02:53-05:00", "end_time": 1676286473, "end_date_time": "2023-02-13T06:07:53-05:00", "waiting_time": 0, "distance": 1426, "driving_time": 1373, "preparation_time": 0, "load_before": [0], "load_after": [0]}, {"type": "service", "id": "1402260000_38", "location_id": "1402260000", "address": {"location_id": "1402260000", "lat": 42.29358017, "lon": -71.07964751}, "arr_time": 1676286525, "arr_date_time": "2023-02-13T06:08:45-05:00", "end_time": 1676286825, "end_date_time": "2023-02-13T06:13:45-05:00", "waiting_time": 0, "distance": 1481, "driving_time": 1425, "preparation_time": 0, "load_before": [0], "load_after": [0]}, {"type": "service", "id": "1402258000_37", "location_id": "1402258000", "address": {"location_id": "1402258000", "lat": 42.29331954, "lon": -71.07954947}, "arr_time": 1676286855, "arr_date_time": "2023-02-13T06:14:15-05:00", "end_time": 1676287155, "end_date_time": "2023-02-13T06:19:15-05:00", "waiting_time": 0, "distance": 1511, "driving_time": 1455, "preparation_time": 0, "load_before": [0], "load_after": [0]}, {"type": "service", "id": "1402257020_36", "location_id": "1402257020", "address": {"location_id": "1402257020", "lat": 42.29319922, "lon": -71.07950421}, "arr_time": 1676287168, "arr_date_time": "2023-02-13T06:19:28-05:00", "end_time": 1676287468, "end_date_time": "2023-02-13T06:24:28-05:00", "waiting_time": 0, "distance": 1525, "driving_time": 1468, "preparation_time": 0, "load_before": [0], "load_after": [0]}, {"type": "service", "id": "1402257010_35", "location_id": "1402257010", "address": {"location_id": "1402257010", "lat": 42.29310153, "lon": -71.07946744}, "arr_time": 1676287479, "arr_date_time": "2023-02-13T06:24:39-05:00", "end_time": 1676287779, "end_date_time": "2023-02-13T06:29:39-05:00", "waiting_time": 0, "distance": 1536, "driving_time": 1479, "preparation_time": 0, "load_before": [0], "load_after": [0]}, {"type": "service", "id": "1402229000_26", "location_id": "1402229000", "address": {"location_id": "1402229000", "lat": 42.29292171, "lon": -71.079949}, "arr_time": 1676287787, "arr_date_time": "2023-02-13T06:29:47-05:00", "end_time": 1676288087, "end_date_time": "2023-02-13T06:34:47-05:00", "waiting_time": 0, "distance": 1545, "driving_time": 1487, "preparation_time": 0, "load_before": [0], "load_after": [0]}, {"type": "service", "id": "1402265000_39", "location_id": "1402265000", "address": {"location_id": "1402265000", "lat": 42.29253716, "lon": -71.07854049}, "arr_time": 1676288296, "arr_date_time": "2023-02-13T06:38:16-05:00", "end_time": 1676288596, "end_date_time": "2023-02-13T06:43:16-05:00", "waiting_time": 0, "distance": 1764, "driving_time": 1696, "preparation_time": 0, "load_before": [0], "load_after": [0]}, {"type": "service", "id": "1402250000_34", "location_id": "1402250000", "address": {"location_id": "1402250000", "lat": 42.29261065, "lon": -71.07895418}, "arr_time": 1676288721, "arr_date_time": "2023-02-13T06:45:21-05:00", "end_time": 1676289021, "end_date_time": "2023-02-13T06:50:21-05:00", "waiting_time": 0, "distance": 1894, "driving_time": 1821, "preparation_time": 0, "load_before": [0], "load_after": [0]}, {"type": "service", "id": "1402249000_33", "location_id": "1402249000", "address": {"location_id": "1402249000", "lat": 42.2927464, "lon": -71.07901058}, "arr_time": 1676289036, "arr_date_time": "2023-02-13T06:50:36-05:00", "end_time": 1676289336, "end_date_time": "2023-02-13T06:55:36-05:00", "waiting_time": 0, "distance": 1910, "driving_time": 1836, "preparation_time": 0, "load_before": [0], "load_after": [0]}, {"type": "service", "id": "1402268000_40", "location_id": "1402268000", "address": {"location_id": "1402268000", "lat": 42.29292702, "lon": -71.07859796}, "arr_time": 1676289352, "arr_date_time": "2023-02-13T06:55:52-05:00", "end_time": 1676289652, "end_date_time": "2023-02-13T07:00:52-05:00", "waiting_time": 0, "distance": 1926, "driving_time": 1852, "preparation_time": 0, "load_before": [0], "load_after": [0]}, {"type": "service", "id": "1402247000_32", "location_id": "1402247000", "address": {"location_id": "1402247000", "lat": 42.2930206, "lon": -71.07908264}, "arr_time": 1676289667, "arr_date_time": "2023-02-13T07:01:07-05:00", "end_time": 1676289967, "end_date_time": "2023-02-13T07:06:07-05:00", "waiting_time": 0, "distance": 1941, "driving_time": 1867, "preparation_time": 0, "load_before": [0], "load_after": [0]}, {"type": "service", "id": "1402246000_31", "location_id": "1402246000", "address": {"location_id": "1402246000", "lat": 42.29313973, "lon": -71.07911373}, "arr_time": 1676289980, "arr_date_time": "2023-02-13T07:06:20-05:00", "end_time": 1676290280, "end_date_time": "2023-02-13T07:11:20-05:00", "waiting_time": 0, "distance": 1954, "driving_time": 1880, "preparation_time": 0, "load_before": [0], "load_after": [0]}, {"type": "service", "id": "1402270000_41", "location_id": "1402270000", "address": {"location_id": "1402270000", "lat": 42.29320228, "lon": -71.07862253}, "arr_time": 1676290283, "arr_date_time": "2023-02-13T07:11:23-05:00", "end_time": 1676290583, "end_date_time": "2023-02-13T07:16:23-05:00", "waiting_time": 0, "distance": 1956, "driving_time": 1883, "preparation_time": 0, "load_before": [0], "load_after": [0]}, {"type": "service", "id": "1402271000_42", "location_id": "1402271000", "address": {"location_id": "1402271000", "lat": 42.29332978, "lon": -71.07864155}, "arr_time": 1676290596, "arr_date_time": "2023-02-13T07:16:36-05:00", "end_time": 1676290896, "end_date_time": "2023-02-13T07:21:36-05:00", "waiting_time": 0, "distance": 1970, "driving_time": 1896, "preparation_time": 0, "load_before": [0], "load_after": [0]}, {"type": "service", "id": "1402244000_30", "location_id": "1402244000", "address": {"location_id": "1402244000", "lat": 42.29337549, "lon": -71.07917561}, "arr_time": 1676290905, "arr_date_time": "2023-02-13T07:21:45-05:00", "end_time": 1676291205, "end_date_time": "2023-02-13T07:26:45-05:00", "waiting_time": 0, "distance": 1980, "driving_time": 1905, "preparation_time": 0, "load_before": [0], "load_after": [0]}, {"type": "service", "id": "1402243000_29", "location_id": "1402243000", "address": {"location_id": "1402243000", "lat": 42.29349092, "lon": -71.07920577}, "arr_time": 1676291217, "arr_date_time": "2023-02-13T07:26:57-05:00", "end_time": 1676291517, "end_date_time": "2023-02-13T07:31:57-05:00", "waiting_time": 0, "distance": 1993, "driving_time": 1917, "preparation_time": 0, "load_before": [0], "load_after": [0]}, {"type": "service", "id": "1402241000_28", "location_id": "1402241000", "address": {"location_id": "1402241000", "lat": 42.29370493, "lon": -71.07926221}, "arr_time": 1676291540, "arr_date_time": "2023-02-13T07:32:20-05:00", "end_time": 1676291840, "end_date_time": "2023-02-13T07:37:20-05:00", "waiting_time": 0, "distance": 2017, "driving_time": 1940, "preparation_time": 0, "load_before": [0], "load_after": [0]}, {"type": "service", "id": "1402276000_45", "location_id": "1402276000", "address": {"location_id": "1402276000", "lat": 42.29393079, "lon": -71.07873423}, "arr_time": 1676291969, "arr_date_time": "2023-02-13T07:39:29-05:00", "end_time": 1676292269, "end_date_time": "2023-02-13T07:44:29-05:00", "waiting_time": 0, "distance": 2152, "driving_time": 2069, "preparation_time": 0, "load_before": [0], "load_after": [0]}, {"type": "service", "id": "1402275000_44", "location_id": "1402275000", "address": {"location_id": "1402275000", "lat": 42.29381644, "lon": -71.07871618}, "arr_time": 1676292281, "arr_date_time": "2023-02-13T07:44:41-05:00", "end_time": 1676292581, "end_date_time": "2023-02-13T07:49:41-05:00", "waiting_time": 0, "distance": 2165, "driving_time": 2081, "preparation_time": 0, "load_before": [0], "load_after": [0]}, {"type": "service", "id": "1402274000_43", "location_id": "1402274000", "address": {"location_id": "1402274000", "lat": 42.29369458, "lon": -71.07869705}, "arr_time": 1676292584, "arr_date_time": "2023-02-13T07:49:44-05:00", "end_time": 1676292884, "end_date_time": "2023-02-13T07:54:44-05:00", "waiting_time": 0, "distance": 2167, "driving_time": 2084, "preparation_time": 0, "load_before": [0], "load_after": [0]}, {"type": "service", "id": "1402292000_50", "location_id": "1402292000", "address": {"location_id": "1402292000", "lat": 42.29429112, "lon": -71.07940103}, "arr_time": 1676293000, "arr_date_time": "2023-02-13T07:56:40-05:00", "end_time": 1676293300, "end_date_time": "2023-02-13T08:01:40-05:00", "waiting_time": 0, "distance": 2287, "driving_time": 2200, "preparation_time": 0, "load_before": [0], "load_after": [0]}, {"type": "service", "id": "1402282000_48", "location_id": "1402282000", "address": {"location_id": "1402282000", "lat": 42.2944469, "lon": -71.0800011}, "arr_time": 1676293364, "arr_date_time": "2023-02-13T08:02:44-05:00", "end_time": 1676293664, "end_date_time": "2023-02-13T08:07:44-05:00", "waiting_time": 0, "distance": 2353, "driving_time": 2264, "preparation_time": 0, "load_before": [0], "load_after": [0]}, {"type": "service", "id": "1402236000_27", "location_id": "1402236000", "address": {"location_id": "1402236000", "lat": 42.29396335, "lon": -71.07981083}, "arr_time": 1676293723, "arr_date_time": "2023-02-13T08:08:43-05:00", "end_time": 1676294023, "end_date_time": "2023-02-13T08:13:43-05:00", "waiting_time": 0, "distance": 2414, "driving_time": 2323, "preparation_time": 0, "load_before": [0], "load_after": [0]}, {"type": "service", "id": "1402284000_49", "location_id": "1402284000", "address": {"location_id": "1402284000", "lat": 42.29419163, "lon": -71.07990745}, "arr_time": 1676294024, "arr_date_time": "2023-02-13T08:13:44-05:00", "end_time": 1676294324, "end_date_time": "2023-02-13T08:18:44-05:00", "waiting_time": 0, "distance": 2415, "driving_time": 2324, "preparation_time": 0, "load_before": [0], "load_after": [0]}, {"type": "service", "id": "1402180000_19", "location_id": "1402180000", "address": {"location_id": "1402180000", "lat": 42.29409651, "lon": -71.08040245}, "arr_time": 1676294356, "arr_date_time": "2023-02-13T08:19:16-05:00", "end_time": 1676294656, "end_date_time": "2023-02-13T08:24:16-05:00", "waiting_time": 0, "distance": 2449, "driving_time": 2356, "preparation_time": 0, "load_before": [0], "load_after": [0]}, {"type": "service", "id": "1402175010_18", "location_id": "1402175010", "address": {"location_id": "1402175010", "lat": 42.29417376, "lon": -71.08082728}, "arr_time": 1676294741, "arr_date_time": "2023-02-13T08:25:41-05:00", "end_time": 1676295041, "end_date_time": "2023-02-13T08:30:41-05:00", "waiting_time": 0, "distance": 2538, "driving_time": 2441, "preparation_time": 0, "load_before": [0], "load_after": [0]}, {"type": "service", "id": "1402173000_17", "location_id": "1402173000", "address": {"location_id": "1402173000", "lat": 42.29405281, "lon": -71.08121967}, "arr_time": 1676295075, "arr_date_time": "2023-02-13T08:31:15-05:00", "end_time": 1676295375, "end_date_time": "2023-02-13T08:36:15-05:00", "waiting_time": 0, "distance": 2573, "driving_time": 2475, "preparation_time": 0, "load_before": [0], "load_after": [0]}, {"type": "service", "id": "1402281000_47", "location_id": "1402281000", "address": {"location_id": "1402281000", "lat": 42.29460347, "lon": -71.0800615}, "arr_time": 1676295471, "arr_date_time": "2023-02-13T08:37:51-05:00", "end_time": 1676295771, "end_date_time": "2023-02-13T08:42:51-05:00", "waiting_time": 0, "distance": 2673, "driving_time": 2571, "preparation_time": 0, "load_before": [0], "load_after": [0]}, {"type": "service", "id": "1402144000_16", "location_id": "1402144000", "address": {"location_id": "1402144000", "lat": 42.29466512, "lon": -71.08056413}, "arr_time": 1676295787, "arr_date_time": "2023-02-13T08:43:07-05:00", "end_time": 1676296087, "end_date_time": "2023-02-13T08:48:07-05:00", "waiting_time": 0, "distance": 2690, "driving_time": 2587, "preparation_time": 0, "load_before": [0], "load_after": [0]}, {"type": "service", "id": "1402280000_46", "location_id": "1402280000", "address": {"location_id": "1402280000", "lat": 42.29475155, "lon": -71.08011815}, "arr_time": 1676296087, "arr_date_time": "2023-02-13T08:48:07-05:00", "end_time": 1676296387, "end_date_time": "2023-02-13T08:53:07-05:00", "waiting_time": 0, "distance": 2690, "driving_time": 2587, "preparation_time": 0, "load_before": [0], "load_after": [0]}, {"type": "service", "id": "1402309000_51", "location_id": "1402309000", "address": {"location_id": "1402309000", "lat": 42.29555546, "lon": -71.07986706}, "arr_time": 1676296504, "arr_date_time": "2023-02-13T08:55:04-05:00", "end_time": 1676296804, "end_date_time": "2023-02-13T09:00:04-05:00", "waiting_time": 0, "distance": 2812, "driving_time": 2704, "preparation_time": 0, "load_before": [0], "load_after": [0]}, {"type": "service", "id": "1402311000_52", "location_id": "1402311000", "address": {"location_id": "1402311000", "lat": 42.29584837, "lon": -71.07997363}, "arr_time": 1676296836, "arr_date_time": "2023-02-13T09:00:36-05:00", "end_time": 1676297136, "end_date_time": "2023-02-13T09:05:36-05:00", "waiting_time": 0, "distance": 2846, "driving_time": 2736, "preparation_time": 0, "load_before": [0], "load_after": [0]}, {"type": "service", "id": "1402328000_53", "location_id": "1402328000", "address": {"location_id": "1402328000", "lat": 42.29613696, "lon": -71.07910427}, "arr_time": 1676297353, "arr_date_time": "2023-02-13T09:09:13-05:00", "end_time": 1676297653, "end_date_time": "2023-02-13T09:14:13-05:00", "waiting_time": 0, "distance": 3073, "driving_time": 2953, "preparation_time": 0, "load_before": [0], "load_after": [0]}, {"type": "end", "location_id": "1402041000", "address": {"location_id": "1402041000", "lat": 42.29611628, "lon": -71.08184675}, "arr_time": 1676297893, "arr_date_time": "2023-02-13T09:18:13-05:00", "end_time": 1676297893, "end_date_time": "2023-02-13T09:18:13-05:00", "waiting_time": 0, "distance": 3323, "driving_time": 3193, "preparation_time": 0, "load_before": [0]}]}], "unassigned": {"services": [], "shipments": [], "breaks": [], "details": []}}}