{"copyrights": ["GraphHopper", "OpenStreetMap contributors"], "job_id": "09ad62ab-7a2e-46e3-965e-b481f114ccf3", "status": "finished", "waiting_time_in_queue": 0, "processing_time": 99, "solution": {"costs": 320, "distance": 1470, "time": 1409, "transport_time": 1409, "completion_time": 14909, "max_operation_time": 14909, "waiting_time": 0, "service_duration": 13500, "preparation_time": 0, "no_vehicles": 1, "no_unassigned": 0, "routes": [{"vehicle_id": "my_vehicle", "shift_id": "default-shift", "distance": 1470, "transport_time": 1409, "completion_time": 14909, "waiting_time": 0, "service_duration": 13500, "preparation_time": 0, "activities": [{"type": "start", "location_id": "1604705000", "address": {"location_id": "1604705000", "lat": 42.28251985, "lon": -71.05419963}, "arr_time": 1676278800, "arr_date_time": "2023-02-13T04:00:00-05:00", "end_time": 1676278800, "end_date_time": "2023-02-13T04:00:00-05:00", "waiting_time": 0, "distance": 0, "driving_time": 0, "preparation_time": 0, "load_after": [0]}, {"type": "service", "id": "1604667000_12", "location_id": "1604667000", "address": {"location_id": "1604667000", "lat": 42.28242587, "lon": -71.05376235}, "arr_time": 1676278820, "arr_date_time": "2023-02-13T04:00:20-05:00", "end_time": 1676279120, "end_date_time": "2023-02-13T04:05:20-05:00", "waiting_time": 0, "distance": 21, "driving_time": 20, "preparation_time": 0, "load_before": [0], "load_after": [0]}, {"type": "service", "id": "1604707000_28", "location_id": "1604707000", "address": {"location_id": "1604707000", "lat": 42.28227339, "lon": -71.05417865}, "arr_time": 1676279125, "arr_date_time": "2023-02-13T04:05:25-05:00", "end_time": 1676279425, "end_date_time": "2023-02-13T04:10:25-05:00", "waiting_time": 0, "distance": 27, "driving_time": 25, "preparation_time": 0, "load_before": [0], "load_after": [0]}, {"type": "service", "id": "1604666000_11", "location_id": "1604666000", "address": {"location_id": "1604666000", "lat": 42.28231249, "lon": -71.05371251}, "arr_time": 1676279433, "arr_date_time": "2023-02-13T04:10:33-05:00", "end_time": 1676279733, "end_date_time": "2023-02-13T04:15:33-05:00", "waiting_time": 0, "distance": 35, "driving_time": 33, "preparation_time": 0, "load_before": [0], "load_after": [0]}, {"type": "service", "id": "1604710000_29", "location_id": "1604710000", "address": {"location_id": "1604710000", "lat": 42.28196544, "lon": -71.05404489}, "arr_time": 1676279760, "arr_date_time": "2023-02-13T04:16:00-05:00", "end_time": 1676280060, "end_date_time": "2023-02-13T04:21:00-05:00", "waiting_time": 0, "distance": 63, "driving_time": 60, "preparation_time": 0, "load_before": [0], "load_after": [0]}, {"type": "service", "id": "1604664000_10", "location_id": "1604664000", "address": {"location_id": "1604664000", "lat": 42.28207831, "lon": -71.05360958}, "arr_time": 1676280061, "arr_date_time": "2023-02-13T04:21:01-05:00", "end_time": 1676280361, "end_date_time": "2023-02-13T04:26:01-05:00", "waiting_time": 0, "distance": 64, "driving_time": 61, "preparation_time": 0, "load_before": [0], "load_after": [0]}, {"type": "service", "id": "1604663000_09", "location_id": "1604663000", "address": {"location_id": "1604663000", "lat": 42.28195654, "lon": -71.05355604}, "arr_time": 1676280375, "arr_date_time": "2023-02-13T04:26:15-05:00", "end_time": 1676280675, "end_date_time": "2023-02-13T04:31:15-05:00", "waiting_time": 0, "distance": 78, "driving_time": 75, "preparation_time": 0, "load_before": [0], "load_after": [0]}, {"type": "service", "id": "1604712000_30", "location_id": "1604712000", "address": {"location_id": "1604712000", "lat": 42.2817525, "lon": -71.05395211}, "arr_time": 1676280685, "arr_date_time": "2023-02-13T04:31:25-05:00", "end_time": 1676280985, "end_date_time": "2023-02-13T04:36:25-05:00", "waiting_time": 0, "distance": 89, "driving_time": 85, "preparation_time": 0, "load_before": [0], "load_after": [0]}, {"type": "service", "id": "1604662000_08", "location_id": "1604662000", "address": {"location_id": "1604662000", "lat": 42.28183917, "lon": -71.05350444}, "arr_time": 1676280988, "arr_date_time": "2023-02-13T04:36:28-05:00", "end_time": 1676281288, "end_date_time": "2023-02-13T04:41:28-05:00", "waiting_time": 0, "distance": 91, "driving_time": 88, "preparation_time": 0, "load_before": [0], "load_after": [0]}, {"type": "service", "id": "1604713000_31", "location_id": "1604713000", "address": {"location_id": "1604713000", "lat": 42.28164903, "lon": -71.0539064}, "arr_time": 1676281297, "arr_date_time": "2023-02-13T04:41:37-05:00", "end_time": 1676281597, "end_date_time": "2023-02-13T04:46:37-05:00", "waiting_time": 0, "distance": 101, "driving_time": 97, "preparation_time": 0, "load_before": [0], "load_after": [0]}, {"type": "service", "id": "1604661000_07", "location_id": "1604661000", "address": {"location_id": "1604661000", "lat": 42.28172467, "lon": -71.05345408}, "arr_time": 1676281601, "arr_date_time": "2023-02-13T04:46:41-05:00", "end_time": 1676281901, "end_date_time": "2023-02-13T04:51:41-05:00", "waiting_time": 0, "distance": 105, "driving_time": 101, "preparation_time": 0, "load_before": [0], "load_after": [0]}, {"type": "service", "id": "1604714000_32", "location_id": "1604714000", "address": {"location_id": "1604714000", "lat": 42.28154386, "lon": -71.05386007}, "arr_time": 1676281909, "arr_date_time": "2023-02-13T04:51:49-05:00", "end_time": 1676282209, "end_date_time": "2023-02-13T04:56:49-05:00", "waiting_time": 0, "distance": 114, "driving_time": 109, "preparation_time": 0, "load_before": [0], "load_after": [0]}, {"type": "service", "id": "1604660000_06", "location_id": "1604660000", "address": {"location_id": "1604660000", "lat": 42.28160834, "lon": -71.05340292}, "arr_time": 1676282213, "arr_date_time": "2023-02-13T04:56:53-05:00", "end_time": 1676282513, "end_date_time": "2023-02-13T05:01:53-05:00", "waiting_time": 0, "distance": 119, "driving_time": 113, "preparation_time": 0, "load_before": [0], "load_after": [0]}, {"type": "service", "id": "1604659000_05", "location_id": "1604659000", "address": {"location_id": "1604659000", "lat": 42.28149114, "lon": -71.05335136}, "arr_time": 1676282527, "arr_date_time": "2023-02-13T05:02:07-05:00", "end_time": 1676282827, "end_date_time": "2023-02-13T05:07:07-05:00", "waiting_time": 0, "distance": 133, "driving_time": 127, "preparation_time": 0, "load_before": [0], "load_after": [0]}, {"type": "service", "id": "1604658000_04", "location_id": "1604658000", "address": {"location_id": "1604658000", "lat": 42.28137233, "lon": -71.05329911}, "arr_time": 1676282840, "arr_date_time": "2023-02-13T05:07:20-05:00", "end_time": 1676283140, "end_date_time": "2023-02-13T05:12:20-05:00", "waiting_time": 0, "distance": 147, "driving_time": 140, "preparation_time": 0, "load_before": [0], "load_after": [0]}, {"type": "service", "id": "1604717000_33", "location_id": "1604717000", "address": {"location_id": "1604717000", "lat": 42.2812278, "lon": -71.05372071}, "arr_time": 1676283144, "arr_date_time": "2023-02-13T05:12:24-05:00", "end_time": 1676283444, "end_date_time": "2023-02-13T05:17:24-05:00", "waiting_time": 0, "distance": 152, "driving_time": 144, "preparation_time": 0, "load_before": [0], "load_after": [0]}, {"type": "service", "id": "1604657000_03", "location_id": "1604657000", "address": {"location_id": "1604657000", "lat": 42.28125149, "lon": -71.05324596}, "arr_time": 1676283453, "arr_date_time": "2023-02-13T05:17:33-05:00", "end_time": 1676283753, "end_date_time": "2023-02-13T05:22:33-05:00", "waiting_time": 0, "distance": 162, "driving_time": 153, "preparation_time": 0, "load_before": [0], "load_after": [0]}, {"type": "service", "id": "1604719000_34", "location_id": "1604719000", "address": {"location_id": "1604719000", "lat": 42.28102501, "lon": -71.05363129}, "arr_time": 1676283767, "arr_date_time": "2023-02-13T05:22:47-05:00", "end_time": 1676284067, "end_date_time": "2023-02-13T05:27:47-05:00", "waiting_time": 0, "distance": 176, "driving_time": 167, "preparation_time": 0, "load_before": [0], "load_after": [0]}, {"type": "service", "id": "1604656000_02", "location_id": "1604656000", "address": {"location_id": "1604656000", "lat": 42.28112946, "lon": -71.05319228}, "arr_time": 1676284067, "arr_date_time": "2023-02-13T05:27:47-05:00", "end_time": 1676284367, "end_date_time": "2023-02-13T05:32:47-05:00", "waiting_time": 0, "distance": 176, "driving_time": 167, "preparation_time": 0, "load_before": [0], "load_after": [0]}, {"type": "service", "id": "1604655000_01", "location_id": "1604655000", "address": {"location_id": "1604655000", "lat": 42.28092502, "lon": -71.05318024}, "arr_time": 1676284388, "arr_date_time": "2023-02-13T05:33:08-05:00", "end_time": 1676284688, "end_date_time": "2023-02-13T05:38:08-05:00", "waiting_time": 0, "distance": 198, "driving_time": 188, "preparation_time": 0, "load_before": [0], "load_after": [0]}, {"type": "service", "id": "1604721000_35", "location_id": "1604721000", "address": {"location_id": "1604721000", "lat": 42.28081946, "lon": -71.05364149}, "arr_time": 1676284735, "arr_date_time": "2023-02-13T05:38:55-05:00", "end_time": 1676285035, "end_date_time": "2023-02-13T05:43:55-05:00", "waiting_time": 0, "distance": 246, "driving_time": 235, "preparation_time": 0, "load_before": [0], "load_after": [0]}, {"type": "service", "id": "1604752000_45", "location_id": "1604752000", "address": {"location_id": "1604752000", "lat": 42.28066635, "lon": -71.05438398}, "arr_time": 1676285096, "arr_date_time": "2023-02-13T05:44:56-05:00", "end_time": 1676285396, "end_date_time": "2023-02-13T05:49:56-05:00", "waiting_time": 0, "distance": 309, "driving_time": 296, "preparation_time": 0, "load_before": [0], "load_after": [0]}, {"type": "service", "id": "1604749000_44", "location_id": "1604749000", "address": {"location_id": "1604749000", "lat": 42.28096718, "lon": -71.05440022}, "arr_time": 1676285427, "arr_date_time": "2023-02-13T05:50:27-05:00", "end_time": 1676285727, "end_date_time": "2023-02-13T05:55:27-05:00", "waiting_time": 0, "distance": 341, "driving_time": 327, "preparation_time": 0, "load_before": [0], "load_after": [0]}, {"type": "service", "id": "1604748000_43", "location_id": "1604748000", "address": {"location_id": "1604748000", "lat": 42.28109779, "lon": -71.05445728}, "arr_time": 1676285741, "arr_date_time": "2023-02-13T05:55:41-05:00", "end_time": 1676286041, "end_date_time": "2023-02-13T06:00:41-05:00", "waiting_time": 0, "distance": 356, "driving_time": 341, "preparation_time": 0, "load_before": [0], "load_after": [0]}, {"type": "service", "id": "1604693000_21", "location_id": "1604693000", "address": {"location_id": "1604693000", "lat": 42.28146974, "lon": -71.05417599}, "arr_time": 1676286072, "arr_date_time": "2023-02-13T06:01:12-05:00", "end_time": 1676286372, "end_date_time": "2023-02-13T06:06:12-05:00", "waiting_time": 0, "distance": 388, "driving_time": 372, "preparation_time": 0, "load_before": [0], "load_after": [0]}, {"type": "service", "id": "1604745000_42", "location_id": "1604745000", "address": {"location_id": "1604745000", "lat": 42.2814689, "lon": -71.05466039}, "arr_time": 1676286384, "arr_date_time": "2023-02-13T06:06:24-05:00", "end_time": 1676286684, "end_date_time": "2023-02-13T06:11:24-05:00", "waiting_time": 0, "distance": 400, "driving_time": 384, "preparation_time": 0, "load_before": [0], "load_after": [0]}, {"type": "service", "id": "1604744000_41", "location_id": "1604744000", "address": {"location_id": "1604744000", "lat": 42.28155789, "lon": -71.05474791}, "arr_time": 1676286695, "arr_date_time": "2023-02-13T06:11:35-05:00", "end_time": 1676286995, "end_date_time": "2023-02-13T06:16:35-05:00", "waiting_time": 0, "distance": 412, "driving_time": 395, "preparation_time": 0, "load_before": [0], "load_after": [0]}, {"type": "service", "id": "1604695000_22", "location_id": "1604695000", "address": {"location_id": "1604695000", "lat": 42.28167793, "lon": -71.05426792}, "arr_time": 1676286995, "arr_date_time": "2023-02-13T06:16:35-05:00", "end_time": 1676287295, "end_date_time": "2023-02-13T06:21:35-05:00", "waiting_time": 0, "distance": 413, "driving_time": 395, "preparation_time": 0, "load_before": [0], "load_after": [0]}, {"type": "service", "id": "1604743000_40", "location_id": "1604743000", "address": {"location_id": "1604743000", "lat": 42.28166786, "lon": -71.05478138}, "arr_time": 1676287307, "arr_date_time": "2023-02-13T06:21:47-05:00", "end_time": 1676287607, "end_date_time": "2023-02-13T06:26:47-05:00", "waiting_time": 0, "distance": 425, "driving_time": 407, "preparation_time": 0, "load_before": [0], "load_after": [0]}, {"type": "service", "id": "1604696000_23", "location_id": "1604696000", "address": {"location_id": "1604696000", "lat": 42.28178725, "lon": -71.05431602}, "arr_time": 1676287608, "arr_date_time": "2023-02-13T06:26:48-05:00", "end_time": 1676287908, "end_date_time": "2023-02-13T06:31:48-05:00", "waiting_time": 0, "distance": 426, "driving_time": 408, "preparation_time": 0, "load_before": [0], "load_after": [0]}, {"type": "service", "id": "1604742000_39", "location_id": "1604742000", "address": {"location_id": "1604742000", "lat": 42.28177761, "lon": -71.05481514}, "arr_time": 1676287919, "arr_date_time": "2023-02-13T06:31:59-05:00", "end_time": 1676288219, "end_date_time": "2023-02-13T06:36:59-05:00", "waiting_time": 0, "distance": 438, "driving_time": 419, "preparation_time": 0, "load_before": [0], "load_after": [0]}, {"type": "service", "id": "1604698000_24", "location_id": "1604698000", "address": {"location_id": "1604698000", "lat": 42.28199776, "lon": -71.05440883}, "arr_time": 1676288231, "arr_date_time": "2023-02-13T06:37:11-05:00", "end_time": 1676288531, "end_date_time": "2023-02-13T06:42:11-05:00", "waiting_time": 0, "distance": 451, "driving_time": 431, "preparation_time": 0, "load_before": [0], "load_after": [0]}, {"type": "service", "id": "1604741000_38", "location_id": "1604741000", "address": {"location_id": "1604741000", "lat": 42.28188568, "lon": -71.05484844}, "arr_time": 1676288532, "arr_date_time": "2023-02-13T06:42:12-05:00", "end_time": 1676288832, "end_date_time": "2023-02-13T06:47:12-05:00", "waiting_time": 0, "distance": 452, "driving_time": 432, "preparation_time": 0, "load_before": [0], "load_after": [0]}, {"type": "service", "id": "1604699000_25", "location_id": "1604699000", "address": {"location_id": "1604699000", "lat": 42.28209888, "lon": -71.05445278}, "arr_time": 1676288844, "arr_date_time": "2023-02-13T06:47:24-05:00", "end_time": 1676289144, "end_date_time": "2023-02-13T06:52:24-05:00", "waiting_time": 0, "distance": 465, "driving_time": 444, "preparation_time": 0, "load_before": [0], "load_after": [0]}, {"type": "service", "id": "1604700000_26", "location_id": "1604700000", "address": {"location_id": "1604700000", "lat": 42.2822016, "lon": -71.05449641}, "arr_time": 1676289156, "arr_date_time": "2023-02-13T06:52:36-05:00", "end_time": 1676289456, "end_date_time": "2023-02-13T06:57:36-05:00", "waiting_time": 0, "distance": 477, "driving_time": 456, "preparation_time": 0, "load_before": [0], "load_after": [0]}, {"type": "service", "id": "1604701000_27", "location_id": "1604701000", "address": {"location_id": "1604701000", "lat": 42.28230807, "lon": -71.0545425}, "arr_time": 1676289468, "arr_date_time": "2023-02-13T06:57:48-05:00", "end_time": 1676289768, "end_date_time": "2023-02-13T07:02:48-05:00", "waiting_time": 0, "distance": 489, "driving_time": 468, "preparation_time": 0, "load_before": [0], "load_after": [0]}, {"type": "service", "id": "1604739000_37", "location_id": "1604739000", "address": {"location_id": "1604739000", "lat": 42.28212835, "lon": -71.05492325}, "arr_time": 1676289872, "arr_date_time": "2023-02-13T07:04:32-05:00", "end_time": 1676290172, "end_date_time": "2023-02-13T07:09:32-05:00", "waiting_time": 0, "distance": 598, "driving_time": 572, "preparation_time": 0, "load_before": [0], "load_after": [0]}, {"type": "service", "id": "1604732000_36", "location_id": "1604732000", "address": {"location_id": "1604732000", "lat": 42.28183286, "lon": -71.05514312}, "arr_time": 1676290253, "arr_date_time": "2023-02-13T07:10:53-05:00", "end_time": 1676290553, "end_date_time": "2023-02-13T07:15:53-05:00", "waiting_time": 0, "distance": 683, "driving_time": 653, "preparation_time": 0, "load_before": [0], "load_after": [0]}, {"type": "service", "id": "1604672000_13", "location_id": "1604672000", "address": {"location_id": "1604672000", "lat": 42.28249084, "lon": -71.05347818}, "arr_time": 1676290857, "arr_date_time": "2023-02-13T07:20:57-05:00", "end_time": 1676291157, "end_date_time": "2023-02-13T07:25:57-05:00", "waiting_time": 0, "distance": 1000, "driving_time": 957, "preparation_time": 0, "load_before": [0], "load_after": [0]}, {"type": "service", "id": "1604673000_14", "location_id": "1604673000", "address": {"location_id": "1604673000", "lat": 42.28237672, "lon": -71.05342837}, "arr_time": 1676291171, "arr_date_time": "2023-02-13T07:26:11-05:00", "end_time": 1676291471, "end_date_time": "2023-02-13T07:31:11-05:00", "waiting_time": 0, "distance": 1013, "driving_time": 971, "preparation_time": 0, "load_before": [0], "load_after": [0]}, {"type": "service", "id": "1604674000_15", "location_id": "1604674000", "address": {"location_id": "1604674000", "lat": 42.28226127, "lon": -71.053378}, "arr_time": 1676291484, "arr_date_time": "2023-02-13T07:31:24-05:00", "end_time": 1676291784, "end_date_time": "2023-02-13T07:36:24-05:00", "waiting_time": 0, "distance": 1026, "driving_time": 984, "preparation_time": 0, "load_before": [0], "load_after": [0]}, {"type": "service", "id": "1604675000_16", "location_id": "1604675000", "address": {"location_id": "1604675000", "lat": 42.2821461, "lon": -71.05332773}, "arr_time": 1676291797, "arr_date_time": "2023-02-13T07:36:37-05:00", "end_time": 1676292097, "end_date_time": "2023-02-13T07:41:37-05:00", "waiting_time": 0, "distance": 1040, "driving_time": 997, "preparation_time": 0, "load_before": [0], "load_after": [0]}, {"type": "service", "id": "1604678000_17", "location_id": "1604678000", "address": {"location_id": "1604678000", "lat": 42.28179059, "lon": -71.05317256}, "arr_time": 1676292137, "arr_date_time": "2023-02-13T07:42:17-05:00", "end_time": 1676292437, "end_date_time": "2023-02-13T07:47:17-05:00", "waiting_time": 0, "distance": 1082, "driving_time": 1037, "preparation_time": 0, "load_before": [0], "load_after": [0]}, {"type": "service", "id": "1604679000_18", "location_id": "1604679000", "address": {"location_id": "1604679000", "lat": 42.28167471, "lon": -71.05312196}, "arr_time": 1676292451, "arr_date_time": "2023-02-13T07:47:31-05:00", "end_time": 1676292751, "end_date_time": "2023-02-13T07:52:31-05:00", "waiting_time": 0, "distance": 1096, "driving_time": 1051, "preparation_time": 0, "load_before": [0], "load_after": [0]}, {"type": "service", "id": "1604684000_19", "location_id": "1604684000", "address": {"location_id": "1604684000", "lat": 42.28102524, "lon": -71.05275707}, "arr_time": 1676292825, "arr_date_time": "2023-02-13T07:53:45-05:00", "end_time": 1676293125, "end_date_time": "2023-02-13T07:58:45-05:00", "waiting_time": 0, "distance": 1174, "driving_time": 1125, "preparation_time": 0, "load_before": [0], "load_after": [0]}, {"type": "service", "id": "1604686000_20", "location_id": "1604686000", "address": {"location_id": "1604686000", "lat": 42.28095785, "lon": -71.05304318}, "arr_time": 1676293180, "arr_date_time": "2023-02-13T07:59:40-05:00", "end_time": 1676293480, "end_date_time": "2023-02-13T08:04:40-05:00", "waiting_time": 0, "distance": 1231, "driving_time": 1180, "preparation_time": 0, "load_before": [0], "load_after": [0]}, {"type": "end", "location_id": "1604705000", "address": {"location_id": "1604705000", "lat": 42.28251985, "lon": -71.05419963}, "arr_time": 1676293709, "arr_date_time": "2023-02-13T08:08:29-05:00", "end_time": 1676293709, "end_date_time": "2023-02-13T08:08:29-05:00", "waiting_time": 0, "distance": 1470, "driving_time": 1409, "preparation_time": 0, "load_before": [0]}]}], "unassigned": {"services": [], "shipments": [], "breaks": [], "details": []}}}