{"copyrights": ["GraphHopper", "OpenStreetMap contributors"], "job_id": "6345f77a-018b-4d3c-8d4a-9725c2751923", "status": "finished", "waiting_time_in_queue": 0, "processing_time": 97, "solution": {"costs": 322, "distance": 1709, "time": 1641, "transport_time": 1641, "completion_time": 15141, "max_operation_time": 15141, "waiting_time": 0, "service_duration": 13500, "preparation_time": 0, "no_vehicles": 1, "no_unassigned": 0, "routes": [{"vehicle_id": "my_vehicle", "shift_id": "default-shift", "distance": 1709, "transport_time": 1641, "completion_time": 15141, "waiting_time": 0, "service_duration": 13500, "preparation_time": 0, "activities": [{"type": "start", "location_id": "1603340000", "address": {"location_id": "1603340000", "lat": 42.28674866, "lon": -71.05953299}, "arr_time": 1676278800, "arr_date_time": "2023-02-13T04:00:00-05:00", "end_time": 1676278800, "end_date_time": "2023-02-13T04:00:00-05:00", "waiting_time": 0, "distance": 0, "driving_time": 0, "preparation_time": 0, "load_after": [0]}, {"type": "service", "id": "1603341000_36", "location_id": "1603341000", "address": {"location_id": "1603341000", "lat": 42.28681072, "lon": -71.05928951}, "arr_time": 1676278820, "arr_date_time": "2023-02-13T04:00:20-05:00", "end_time": 1676279120, "end_date_time": "2023-02-13T04:05:20-05:00", "waiting_time": 0, "distance": 21, "driving_time": 20, "preparation_time": 0, "load_before": [0], "load_after": [0]}, {"type": "service", "id": "1603339000_35", "location_id": "1603339000", "address": {"location_id": "1603339000", "lat": 42.28669951, "lon": -71.0597304}, "arr_time": 1676279157, "arr_date_time": "2023-02-13T04:05:57-05:00", "end_time": 1676279457, "end_date_time": "2023-02-13T04:10:57-05:00", "waiting_time": 0, "distance": 59, "driving_time": 57, "preparation_time": 0, "load_before": [0], "load_after": [0]}, {"type": "service", "id": "1603338000_34", "location_id": "1603338000", "address": {"location_id": "1603338000", "lat": 42.28665037, "lon": -71.05993716}, "arr_time": 1676279475, "arr_date_time": "2023-02-13T04:11:15-05:00", "end_time": 1676279775, "end_date_time": "2023-02-13T04:16:15-05:00", "waiting_time": 0, "distance": 77, "driving_time": 75, "preparation_time": 0, "load_before": [0], "load_after": [0]}, {"type": "service", "id": "1603332002_31", "location_id": "1603332002", "address": {"location_id": "1603332002", "lat": 42.28647702, "lon": -71.06084794}, "arr_time": 1676279859, "arr_date_time": "2023-02-13T04:17:39-05:00", "end_time": 1676280159, "end_date_time": "2023-02-13T04:22:39-05:00", "waiting_time": 0, "distance": 164, "driving_time": 159, "preparation_time": 0, "load_before": [0], "load_after": [0]}, {"type": "service", "id": "1603335000_33", "location_id": "1603335000", "address": {"location_id": "1603335000", "lat": 42.28631093, "lon": -71.0603855}, "arr_time": 1676280184, "arr_date_time": "2023-02-13T04:23:04-05:00", "end_time": 1676280484, "end_date_time": "2023-02-13T04:28:04-05:00", "waiting_time": 0, "distance": 190, "driving_time": 184, "preparation_time": 0, "load_before": [0], "load_after": [0]}, {"type": "service", "id": "1603333000_32", "location_id": "1603333000", "address": {"location_id": "1603333000", "lat": 42.28619483, "lon": -71.06102295}, "arr_time": 1676280485, "arr_date_time": "2023-02-13T04:28:05-05:00", "end_time": 1676280785, "end_date_time": "2023-02-13T04:33:05-05:00", "waiting_time": 0, "distance": 191, "driving_time": 185, "preparation_time": 0, "load_before": [0], "load_after": [0]}, {"type": "service", "id": "1603332001_30", "location_id": "1603332001", "address": {"location_id": "1603332001", "lat": 42.28644308, "lon": -71.0610503}, "arr_time": 1676280863, "arr_date_time": "2023-02-13T04:34:23-05:00", "end_time": 1676281163, "end_date_time": "2023-02-13T04:39:23-05:00", "waiting_time": 0, "distance": 272, "driving_time": 263, "preparation_time": 0, "load_before": [0], "load_after": [0]}, {"type": "service", "id": "1603332000_29", "location_id": "1603332000", "address": {"location_id": "1603332000", "lat": 42.2864078, "lon": -71.0612517}, "arr_time": 1676281179, "arr_date_time": "2023-02-13T04:39:39-05:00", "end_time": 1676281479, "end_date_time": "2023-02-13T04:44:39-05:00", "waiting_time": 0, "distance": 289, "driving_time": 279, "preparation_time": 0, "load_before": [0], "load_after": [0]}, {"type": "service", "id": "1603329000_28", "location_id": "1603329000", "address": {"location_id": "1603329000", "lat": 42.28603537, "lon": -71.06149077}, "arr_time": 1676281592, "arr_date_time": "2023-02-13T04:46:32-05:00", "end_time": 1676281892, "end_date_time": "2023-02-13T04:51:32-05:00", "waiting_time": 0, "distance": 408, "driving_time": 392, "preparation_time": 0, "load_before": [0], "load_after": [0]}, {"type": "service", "id": "1603371000_44", "location_id": "1603371000", "address": {"location_id": "1603371000", "lat": 42.28563448, "lon": -71.06095843}, "arr_time": 1676281988, "arr_date_time": "2023-02-13T04:53:08-05:00", "end_time": 1676282288, "end_date_time": "2023-02-13T04:58:08-05:00", "waiting_time": 0, "distance": 508, "driving_time": 488, "preparation_time": 0, "load_before": [0], "load_after": [0]}, {"type": "service", "id": "1603372000_45", "location_id": "1603372000", "address": {"location_id": "1603372000", "lat": 42.28545485, "lon": -71.06087385}, "arr_time": 1676282347, "arr_date_time": "2023-02-13T04:59:07-05:00", "end_time": 1676282647, "end_date_time": "2023-02-13T05:04:07-05:00", "waiting_time": 0, "distance": 569, "driving_time": 547, "preparation_time": 0, "load_before": [0], "load_after": [0]}, {"type": "service", "id": "1603277000_02", "location_id": "1603277000", "address": {"location_id": "1603277000", "lat": 42.2855655, "lon": -71.06028208}, "arr_time": 1676282651, "arr_date_time": "2023-02-13T05:04:11-05:00", "end_time": 1676282951, "end_date_time": "2023-02-13T05:09:11-05:00", "waiting_time": 0, "distance": 573, "driving_time": 551, "preparation_time": 0, "load_before": [0], "load_after": [0]}, {"type": "service", "id": "1603275000_01", "location_id": "1603275000", "address": {"location_id": "1603275000", "lat": 42.28518549, "lon": -71.0601956}, "arr_time": 1676282991, "arr_date_time": "2023-02-13T05:09:51-05:00", "end_time": 1676283291, "end_date_time": "2023-02-13T05:14:51-05:00", "waiting_time": 0, "distance": 615, "driving_time": 591, "preparation_time": 0, "load_before": [0], "load_after": [0]}, {"type": "service", "id": "1603312000_25", "location_id": "1603312000", "address": {"location_id": "1603312000", "lat": 42.285338, "lon": -71.05930479}, "arr_time": 1676283452, "arr_date_time": "2023-02-13T05:17:32-05:00", "end_time": 1676283752, "end_date_time": "2023-02-13T05:22:32-05:00", "waiting_time": 0, "distance": 782, "driving_time": 752, "preparation_time": 0, "load_before": [0], "load_after": [0]}, {"type": "service", "id": "1603283000_06", "location_id": "1603283000", "address": {"location_id": "1603283000", "lat": 42.28546647, "lon": -71.05989463}, "arr_time": 1676283780, "arr_date_time": "2023-02-13T05:23:00-05:00", "end_time": 1676284080, "end_date_time": "2023-02-13T05:28:00-05:00", "waiting_time": 0, "distance": 811, "driving_time": 780, "preparation_time": 0, "load_before": [0], "load_after": [0]}, {"type": "service", "id": "1603282000_05", "location_id": "1603282000", "address": {"location_id": "1603282000", "lat": 42.28557425, "lon": -71.05994625}, "arr_time": 1676284092, "arr_date_time": "2023-02-13T05:28:12-05:00", "end_time": 1676284392, "end_date_time": "2023-02-13T05:33:12-05:00", "waiting_time": 0, "distance": 824, "driving_time": 792, "preparation_time": 0, "load_before": [0], "load_after": [0]}, {"type": "service", "id": "1603281000_04", "location_id": "1603281000", "address": {"location_id": "1603281000", "lat": 42.28568022, "lon": -71.05999682}, "arr_time": 1676284404, "arr_date_time": "2023-02-13T05:33:24-05:00", "end_time": 1676284704, "end_date_time": "2023-02-13T05:38:24-05:00", "waiting_time": 0, "distance": 836, "driving_time": 804, "preparation_time": 0, "load_before": [0], "load_after": [0]}, {"type": "service", "id": "1603364000_43", "location_id": "1603364000", "address": {"location_id": "1603364000", "lat": 42.28620279, "lon": -71.05997867}, "arr_time": 1676284740, "arr_date_time": "2023-02-13T05:39:00-05:00", "end_time": 1676285040, "end_date_time": "2023-02-13T05:44:00-05:00", "waiting_time": 0, "distance": 873, "driving_time": 840, "preparation_time": 0, "load_before": [0], "load_after": [0]}, {"type": "service", "id": "1603279000_03", "location_id": "1603279000", "address": {"location_id": "1603279000", "lat": 42.28583856, "lon": -71.06007159}, "arr_time": 1676285059, "arr_date_time": "2023-02-13T05:44:19-05:00", "end_time": 1676285359, "end_date_time": "2023-02-13T05:49:19-05:00", "waiting_time": 0, "distance": 893, "driving_time": 859, "preparation_time": 0, "load_before": [0], "load_after": [0]}, {"type": "service", "id": "1603363000_42", "location_id": "1603363000", "address": {"location_id": "1603363000", "lat": 42.28631898, "lon": -71.05978473}, "arr_time": 1676285396, "arr_date_time": "2023-02-13T05:49:56-05:00", "end_time": 1676285696, "end_date_time": "2023-02-13T05:54:56-05:00", "waiting_time": 0, "distance": 932, "driving_time": 896, "preparation_time": 0, "load_before": [0], "load_after": [0]}, {"type": "service", "id": "1603362000_41", "location_id": "1603362000", "address": {"location_id": "1603362000", "lat": 42.2863683, "lon": -71.05959275}, "arr_time": 1676285713, "arr_date_time": "2023-02-13T05:55:13-05:00", "end_time": 1676286013, "end_date_time": "2023-02-13T06:00:13-05:00", "waiting_time": 0, "distance": 951, "driving_time": 913, "preparation_time": 0, "load_before": [0], "load_after": [0]}, {"type": "service", "id": "1603302000_20", "location_id": "1603302000", "address": {"location_id": "1603302000", "lat": 42.28608826, "lon": -71.05925344}, "arr_time": 1676286028, "arr_date_time": "2023-02-13T06:00:28-05:00", "end_time": 1676286328, "end_date_time": "2023-02-13T06:05:28-05:00", "waiting_time": 0, "distance": 966, "driving_time": 928, "preparation_time": 0, "load_before": [0], "load_after": [0]}, {"type": "service", "id": "1603360000_40", "location_id": "1603360000", "address": {"location_id": "1603360000", "lat": 42.2864656, "lon": -71.05921198}, "arr_time": 1676286345, "arr_date_time": "2023-02-13T06:05:45-05:00", "end_time": 1676286645, "end_date_time": "2023-02-13T06:10:45-05:00", "waiting_time": 0, "distance": 984, "driving_time": 945, "preparation_time": 0, "load_before": [0], "load_after": [0]}, {"type": "service", "id": "1603359000_39", "location_id": "1603359000", "address": {"location_id": "1603359000", "lat": 42.28651981, "lon": -71.05899739}, "arr_time": 1676286663, "arr_date_time": "2023-02-13T06:11:03-05:00", "end_time": 1676286963, "end_date_time": "2023-02-13T06:16:03-05:00", "waiting_time": 0, "distance": 1003, "driving_time": 963, "preparation_time": 0, "load_before": [0], "load_after": [0]}, {"type": "service", "id": "1603285000_07", "location_id": "1603285000", "address": {"location_id": "1603285000", "lat": 42.28622748, "lon": -71.05878883}, "arr_time": 1676286968, "arr_date_time": "2023-02-13T06:16:08-05:00", "end_time": 1676287268, "end_date_time": "2023-02-13T06:21:08-05:00", "waiting_time": 0, "distance": 1008, "driving_time": 968, "preparation_time": 0, "load_before": [0], "load_after": [0]}, {"type": "service", "id": "1603358000_38", "location_id": "1603358000", "address": {"location_id": "1603358000", "lat": 42.28656881, "lon": -71.05880654}, "arr_time": 1676287279, "arr_date_time": "2023-02-13T06:21:19-05:00", "end_time": 1676287579, "end_date_time": "2023-02-13T06:26:19-05:00", "waiting_time": 0, "distance": 1020, "driving_time": 979, "preparation_time": 0, "load_before": [0], "load_after": [0]}, {"type": "service", "id": "1603286000_08", "location_id": "1603286000", "address": {"location_id": "1603286000", "lat": 42.28630455, "lon": -71.05849194}, "arr_time": 1676287592, "arr_date_time": "2023-02-13T06:26:32-05:00", "end_time": 1676287892, "end_date_time": "2023-02-13T06:31:32-05:00", "waiting_time": 0, "distance": 1034, "driving_time": 992, "preparation_time": 0, "load_before": [0], "load_after": [0]}, {"type": "service", "id": "1603356000_37", "location_id": "1603356000", "address": {"location_id": "1603356000", "lat": 42.2866556, "lon": -71.05847559}, "arr_time": 1676287907, "arr_date_time": "2023-02-13T06:31:47-05:00", "end_time": 1676288207, "end_date_time": "2023-02-13T06:36:47-05:00", "waiting_time": 0, "distance": 1049, "driving_time": 1007, "preparation_time": 0, "load_before": [0], "load_after": [0]}, {"type": "service", "id": "1603287000_09", "location_id": "1603287000", "address": {"location_id": "1603287000", "lat": 42.28618782, "lon": -71.05843501}, "arr_time": 1676288237, "arr_date_time": "2023-02-13T06:37:17-05:00", "end_time": 1676288537, "end_date_time": "2023-02-13T06:42:17-05:00", "waiting_time": 0, "distance": 1081, "driving_time": 1037, "preparation_time": 0, "load_before": [0], "load_after": [0]}, {"type": "service", "id": "1603320000_27", "location_id": "1603320000", "address": {"location_id": "1603320000", "lat": 42.28619315, "lon": -71.05794605}, "arr_time": 1676288549, "arr_date_time": "2023-02-13T06:42:29-05:00", "end_time": 1676288849, "end_date_time": "2023-02-13T06:47:29-05:00", "waiting_time": 0, "distance": 1094, "driving_time": 1049, "preparation_time": 0, "load_before": [0], "load_after": [0]}, {"type": "service", "id": "1603288000_10", "location_id": "1603288000", "address": {"location_id": "1603288000", "lat": 42.28606749, "lon": -71.05837674}, "arr_time": 1676288851, "arr_date_time": "2023-02-13T06:47:31-05:00", "end_time": 1676289151, "end_date_time": "2023-02-13T06:52:31-05:00", "waiting_time": 0, "distance": 1095, "driving_time": 1051, "preparation_time": 0, "load_before": [0], "load_after": [0]}, {"type": "service", "id": "1603289000_11", "location_id": "1603289000", "address": {"location_id": "1603289000", "lat": 42.28595409, "lon": -71.05832182}, "arr_time": 1676289164, "arr_date_time": "2023-02-13T06:52:44-05:00", "end_time": 1676289464, "end_date_time": "2023-02-13T06:57:44-05:00", "waiting_time": 0, "distance": 1108, "driving_time": 1064, "preparation_time": 0, "load_before": [0], "load_after": [0]}, {"type": "service", "id": "1603290000_12", "location_id": "1603290000", "address": {"location_id": "1603290000", "lat": 42.28583774, "lon": -71.05826547}, "arr_time": 1676289477, "arr_date_time": "2023-02-13T06:57:57-05:00", "end_time": 1676289777, "end_date_time": "2023-02-13T07:02:57-05:00", "waiting_time": 0, "distance": 1122, "driving_time": 1077, "preparation_time": 0, "load_before": [0], "load_after": [0]}, {"type": "service", "id": "1603318000_26", "location_id": "1603318000", "address": {"location_id": "1603318000", "lat": 42.28593657, "lon": -71.05782323}, "arr_time": 1676289779, "arr_date_time": "2023-02-13T07:02:59-05:00", "end_time": 1676290079, "end_date_time": "2023-02-13T07:07:59-05:00", "waiting_time": 0, "distance": 1124, "driving_time": 1079, "preparation_time": 0, "load_before": [0], "load_after": [0]}, {"type": "service", "id": "1603291000_13", "location_id": "1603291000", "address": {"location_id": "1603291000", "lat": 42.28572032, "lon": -71.05820852}, "arr_time": 1676290091, "arr_date_time": "2023-02-13T07:08:11-05:00", "end_time": 1676290391, "end_date_time": "2023-02-13T07:13:11-05:00", "waiting_time": 0, "distance": 1136, "driving_time": 1091, "preparation_time": 0, "load_before": [0], "load_after": [0]}, {"type": "service", "id": "1603292000_14", "location_id": "1603292000", "address": {"location_id": "1603292000", "lat": 42.28560523, "lon": -71.05815283}, "arr_time": 1676290404, "arr_date_time": "2023-02-13T07:13:24-05:00", "end_time": 1676290704, "end_date_time": "2023-02-13T07:18:24-05:00", "waiting_time": 0, "distance": 1149, "driving_time": 1104, "preparation_time": 0, "load_before": [0], "load_after": [0]}, {"type": "service", "id": "1603293000_15", "location_id": "1603293000", "address": {"location_id": "1603293000", "lat": 42.28544225, "lon": -71.05802455}, "arr_time": 1676290724, "arr_date_time": "2023-02-13T07:18:44-05:00", "end_time": 1676291024, "end_date_time": "2023-02-13T07:23:44-05:00", "waiting_time": 0, "distance": 1170, "driving_time": 1124, "preparation_time": 0, "load_before": [0], "load_after": [0]}, {"type": "service", "id": "1603297000_16", "location_id": "1603297000", "address": {"location_id": "1603297000", "lat": 42.28566706, "lon": -71.05851842}, "arr_time": 1676291159, "arr_date_time": "2023-02-13T07:25:59-05:00", "end_time": 1676291459, "end_date_time": "2023-02-13T07:30:59-05:00", "waiting_time": 0, "distance": 1311, "driving_time": 1259, "preparation_time": 0, "load_before": [0], "load_after": [0]}, {"type": "service", "id": "1603306000_24", "location_id": "1603306000", "address": {"location_id": "1603306000", "lat": 42.28556401, "lon": -71.0589998}, "arr_time": 1676291461, "arr_date_time": "2023-02-13T07:31:01-05:00", "end_time": 1676291761, "end_date_time": "2023-02-13T07:36:01-05:00", "waiting_time": 0, "distance": 1314, "driving_time": 1261, "preparation_time": 0, "load_before": [0], "load_after": [0]}, {"type": "service", "id": "1603298000_17", "location_id": "1603298000", "address": {"location_id": "1603298000", "lat": 42.28580061, "lon": -71.05858317}, "arr_time": 1676291773, "arr_date_time": "2023-02-13T07:36:13-05:00", "end_time": 1676292073, "end_date_time": "2023-02-13T07:41:13-05:00", "waiting_time": 0, "distance": 1327, "driving_time": 1273, "preparation_time": 0, "load_before": [0], "load_after": [0]}, {"type": "service", "id": "1603305000_23", "location_id": "1603305000", "address": {"location_id": "1603305000", "lat": 42.28569424, "lon": -71.05906287}, "arr_time": 1676292076, "arr_date_time": "2023-02-13T07:41:16-05:00", "end_time": 1676292376, "end_date_time": "2023-02-13T07:46:16-05:00", "waiting_time": 0, "distance": 1329, "driving_time": 1276, "preparation_time": 0, "load_before": [0], "load_after": [0]}, {"type": "service", "id": "1603299000_18", "location_id": "1603299000", "address": {"location_id": "1603299000", "lat": 42.28593204, "lon": -71.0586469}, "arr_time": 1676292389, "arr_date_time": "2023-02-13T07:46:29-05:00", "end_time": 1676292689, "end_date_time": "2023-02-13T07:51:29-05:00", "waiting_time": 0, "distance": 1342, "driving_time": 1289, "preparation_time": 0, "load_before": [0], "load_after": [0]}, {"type": "service", "id": "1603304000_22", "location_id": "1603304000", "address": {"location_id": "1603304000", "lat": 42.28582242, "lon": -71.05912493}, "arr_time": 1676292691, "arr_date_time": "2023-02-13T07:51:31-05:00", "end_time": 1676292991, "end_date_time": "2023-02-13T07:56:31-05:00", "waiting_time": 0, "distance": 1344, "driving_time": 1291, "preparation_time": 0, "load_before": [0], "load_after": [0]}, {"type": "service", "id": "1603300000_19", "location_id": "1603300000", "address": {"location_id": "1603300000", "lat": 42.28606197, "lon": -71.05870986}, "arr_time": 1676293004, "arr_date_time": "2023-02-13T07:56:44-05:00", "end_time": 1676293304, "end_date_time": "2023-02-13T08:01:44-05:00", "waiting_time": 0, "distance": 1358, "driving_time": 1304, "preparation_time": 0, "load_before": [0], "load_after": [0]}, {"type": "service", "id": "1603303000_21", "location_id": "1603303000", "address": {"location_id": "1603303000", "lat": 42.28594916, "lon": -71.0591863}, "arr_time": 1676293305, "arr_date_time": "2023-02-13T08:01:45-05:00", "end_time": 1676293605, "end_date_time": "2023-02-13T08:06:45-05:00", "waiting_time": 0, "distance": 1359, "driving_time": 1305, "preparation_time": 0, "load_before": [0], "load_after": [0]}, {"type": "end", "location_id": "1603340000", "address": {"location_id": "1603340000", "lat": 42.28674866, "lon": -71.05953299}, "arr_time": 1676293941, "arr_date_time": "2023-02-13T08:12:21-05:00", "end_time": 1676293941, "end_date_time": "2023-02-13T08:12:21-05:00", "waiting_time": 0, "distance": 1709, "driving_time": 1641, "preparation_time": 0, "load_before": [0]}]}], "unassigned": {"services": [], "shipments": [], "breaks": [], "details": []}}}