{"copyrights": ["GraphHopper", "OpenStreetMap contributors"], "job_id": "4e664c8b-a46d-4e4f-bd76-19517599b80c", "status": "finished", "waiting_time_in_queue": 0, "processing_time": 112, "solution": {"costs": 313, "distance": 2455, "time": 2359, "transport_time": 2359, "completion_time": 14059, "max_operation_time": 14059, "waiting_time": 0, "service_duration": 11700, "preparation_time": 0, "no_vehicles": 1, "no_unassigned": 0, "routes": [{"vehicle_id": "my_vehicle", "shift_id": "default-shift", "distance": 2455, "transport_time": 2359, "completion_time": 14059, "waiting_time": 0, "service_duration": 11700, "preparation_time": 0, "activities": [{"type": "start", "location_id": "1700836000", "address": {"location_id": "1700836000", "lat": 42.29430308, "lon": -71.06737511}, "arr_time": 1676278800, "arr_date_time": "2023-02-13T04:00:00-05:00", "end_time": 1676278800, "end_date_time": "2023-02-13T04:00:00-05:00", "waiting_time": 0, "distance": 0, "driving_time": 0, "preparation_time": 0, "load_after": [0]}, {"type": "service", "id": "1700881000_30", "location_id": "1700881000", "address": {"location_id": "1700881000", "lat": 42.2939266, "lon": -71.06719971}, "arr_time": 1676278843, "arr_date_time": "2023-02-13T04:00:43-05:00", "end_time": 1676279143, "end_date_time": "2023-02-13T04:05:43-05:00", "waiting_time": 0, "distance": 44, "driving_time": 43, "preparation_time": 0, "load_before": [0], "load_after": [0]}, {"type": "service", "id": "1700805010_22", "location_id": "1700805010", "address": {"location_id": "1700805010", "lat": 42.29351097, "lon": -71.06709027}, "arr_time": 1676279189, "arr_date_time": "2023-02-13T04:06:29-05:00", "end_time": 1676279489, "end_date_time": "2023-02-13T04:11:29-05:00", "waiting_time": 0, "distance": 93, "driving_time": 89, "preparation_time": 0, "load_before": [0], "load_after": [0]}, {"type": "service", "id": "1700880000_29", "location_id": "1700880000", "address": {"location_id": "1700880000", "lat": 42.29378925, "lon": -71.06715701}, "arr_time": 1676279495, "arr_date_time": "2023-02-13T04:11:35-05:00", "end_time": 1676279795, "end_date_time": "2023-02-13T04:16:35-05:00", "waiting_time": 0, "distance": 99, "driving_time": 95, "preparation_time": 0, "load_before": [0], "load_after": [0]}, {"type": "service", "id": "1700879000_28", "location_id": "1700879000", "address": {"location_id": "1700879000", "lat": 42.29396482, "lon": -71.06693889}, "arr_time": 1676279817, "arr_date_time": "2023-02-13T04:16:57-05:00", "end_time": 1676280117, "end_date_time": "2023-02-13T04:21:57-05:00", "waiting_time": 0, "distance": 123, "driving_time": 117, "preparation_time": 0, "load_before": [0], "load_after": [0]}, {"type": "service", "id": "1700806000_23", "location_id": "1700806000", "address": {"location_id": "1700806000", "lat": 42.29362763, "lon": -71.06653426}, "arr_time": 1676280144, "arr_date_time": "2023-02-13T04:22:24-05:00", "end_time": 1676280444, "end_date_time": "2023-02-13T04:27:24-05:00", "waiting_time": 0, "distance": 151, "driving_time": 144, "preparation_time": 0, "load_before": [0], "load_after": [0]}, {"type": "service", "id": "1700807000_24", "location_id": "1700807000", "address": {"location_id": "1700807000", "lat": 42.29367934, "lon": -71.06634808}, "arr_time": 1676280487, "arr_date_time": "2023-02-13T04:28:07-05:00", "end_time": 1676280787, "end_date_time": "2023-02-13T04:33:07-05:00", "waiting_time": 0, "distance": 196, "driving_time": 187, "preparation_time": 0, "load_before": [0], "load_after": [0]}, {"type": "service", "id": "1700805005_21", "location_id": "1700805005", "address": {"location_id": "1700805005", "lat": 42.29339949, "lon": -71.06702515}, "arr_time": 1676280889, "arr_date_time": "2023-02-13T04:34:49-05:00", "end_time": 1676281189, "end_date_time": "2023-02-13T04:39:49-05:00", "waiting_time": 0, "distance": 303, "driving_time": 289, "preparation_time": 0, "load_before": [0], "load_after": [0]}, {"type": "service", "id": "1700802000_20", "location_id": "1700802000", "address": {"location_id": "1700802000", "lat": 42.292805, "lon": -71.06682179}, "arr_time": 1676281291, "arr_date_time": "2023-02-13T04:41:31-05:00", "end_time": 1676281591, "end_date_time": "2023-02-13T04:46:31-05:00", "waiting_time": 0, "distance": 408, "driving_time": 391, "preparation_time": 0, "load_before": [0], "load_after": [0]}, {"type": "service", "id": "1700834001_27", "location_id": "1700834001", "address": {"location_id": "1700834001", "lat": 42.29256471, "lon": -71.06650897}, "arr_time": 1676281607, "arr_date_time": "2023-02-13T04:46:47-05:00", "end_time": 1676281907, "end_date_time": "2023-02-13T04:51:47-05:00", "waiting_time": 0, "distance": 425, "driving_time": 407, "preparation_time": 0, "load_before": [0], "load_after": [0]}, {"type": "service", "id": "1700771001_17", "location_id": "1700771001", "address": {"location_id": "1700771001", "lat": 42.29239158, "lon": -71.06727892}, "arr_time": 1676281999, "arr_date_time": "2023-02-13T04:53:19-05:00", "end_time": 1676282299, "end_date_time": "2023-02-13T04:58:19-05:00", "waiting_time": 0, "distance": 520, "driving_time": 499, "preparation_time": 0, "load_before": [0], "load_after": [0]}, {"type": "service", "id": "1700744000_06", "location_id": "1700744000", "address": {"location_id": "1700744000", "lat": 42.29191621, "lon": -71.06769338}, "arr_time": 1676282348, "arr_date_time": "2023-02-13T04:59:08-05:00", "end_time": 1676282648, "end_date_time": "2023-02-13T05:04:08-05:00", "waiting_time": 0, "distance": 572, "driving_time": 548, "preparation_time": 0, "load_before": [0], "load_after": [0]}, {"type": "service", "id": "1700745000_07", "location_id": "1700745000", "address": {"location_id": "1700745000", "lat": 42.29196755, "lon": -71.06752966}, "arr_time": 1676282663, "arr_date_time": "2023-02-13T05:04:23-05:00", "end_time": 1676282963, "end_date_time": "2023-02-13T05:09:23-05:00", "waiting_time": 0, "distance": 587, "driving_time": 563, "preparation_time": 0, "load_before": [0], "load_after": [0]}, {"type": "service", "id": "1700747000_08", "location_id": "1700747000", "address": {"location_id": "1700747000", "lat": 42.29223105, "lon": -71.06706526}, "arr_time": 1676283007, "arr_date_time": "2023-02-13T05:10:07-05:00", "end_time": 1676283307, "end_date_time": "2023-02-13T05:15:07-05:00", "waiting_time": 0, "distance": 633, "driving_time": 607, "preparation_time": 0, "load_before": [0], "load_after": [0]}, {"type": "service", "id": "1700832000_26", "location_id": "1700832000", "address": {"location_id": "1700832000", "lat": 42.29220106, "lon": -71.06654319}, "arr_time": 1676283345, "arr_date_time": "2023-02-13T05:15:45-05:00", "end_time": 1676283645, "end_date_time": "2023-02-13T05:20:45-05:00", "waiting_time": 0, "distance": 673, "driving_time": 645, "preparation_time": 0, "load_before": [0], "load_after": [0]}, {"type": "service", "id": "1700831000_25", "location_id": "1700831000", "address": {"location_id": "1700831000", "lat": 42.29202825, "lon": -71.06657153}, "arr_time": 1676283663, "arr_date_time": "2023-02-13T05:21:03-05:00", "end_time": 1676283963, "end_date_time": "2023-02-13T05:26:03-05:00", "waiting_time": 0, "distance": 691, "driving_time": 663, "preparation_time": 0, "load_before": [0], "load_after": [0]}, {"type": "service", "id": "1700750000_09", "location_id": "1700750000", "address": {"location_id": "1700750000", "lat": 42.29177059, "lon": -71.06696101}, "arr_time": 1676284011, "arr_date_time": "2023-02-13T05:26:51-05:00", "end_time": 1676284311, "end_date_time": "2023-02-13T05:31:51-05:00", "waiting_time": 0, "distance": 741, "driving_time": 711, "preparation_time": 0, "load_before": [0], "load_after": [0]}, {"type": "service", "id": "1700751000_10", "location_id": "1700751000", "address": {"location_id": "1700751000", "lat": 42.29173295, "lon": -71.06719505}, "arr_time": 1676284329, "arr_date_time": "2023-02-13T05:32:09-05:00", "end_time": 1676284629, "end_date_time": "2023-02-13T05:37:09-05:00", "waiting_time": 0, "distance": 760, "driving_time": 729, "preparation_time": 0, "load_before": [0], "load_after": [0]}, {"type": "service", "id": "1700754000_11", "location_id": "1700754000", "address": {"location_id": "1700754000", "lat": 42.29161064, "lon": -71.06771949}, "arr_time": 1676284672, "arr_date_time": "2023-02-13T05:37:52-05:00", "end_time": 1676284972, "end_date_time": "2023-02-13T05:42:52-05:00", "waiting_time": 0, "distance": 805, "driving_time": 772, "preparation_time": 0, "load_before": [0], "load_after": [0]}, {"type": "service", "id": "1700710000_02", "location_id": "1700710000", "address": {"location_id": "1700710000", "lat": 42.2911015, "lon": -71.06934182}, "arr_time": 1676285111, "arr_date_time": "2023-02-13T05:45:11-05:00", "end_time": 1676285411, "end_date_time": "2023-02-13T05:50:11-05:00", "waiting_time": 0, "distance": 950, "driving_time": 911, "preparation_time": 0, "load_before": [0], "load_after": [0]}, {"type": "service", "id": "1700779000_19", "location_id": "1700779000", "address": {"location_id": "1700779000", "lat": 42.29197381, "lon": -71.06874412}, "arr_time": 1676285560, "arr_date_time": "2023-02-13T05:52:40-05:00", "end_time": 1676285860, "end_date_time": "2023-02-13T05:57:40-05:00", "waiting_time": 0, "distance": 1106, "driving_time": 1060, "preparation_time": 0, "load_before": [0], "load_after": [0]}, {"type": "service", "id": "1700778000_18", "location_id": "1700778000", "address": {"location_id": "1700778000", "lat": 42.29203456, "lon": -71.06854663}, "arr_time": 1676285877, "arr_date_time": "2023-02-13T05:57:57-05:00", "end_time": 1676286177, "end_date_time": "2023-02-13T06:02:57-05:00", "waiting_time": 0, "distance": 1124, "driving_time": 1077, "preparation_time": 0, "load_before": [0], "load_after": [0]}, {"type": "service", "id": "1700704000_01", "location_id": "1700704000", "address": {"location_id": "1700704000", "lat": 42.2913491, "lon": -71.06949406}, "arr_time": 1676286275, "arr_date_time": "2023-02-13T06:04:35-05:00", "end_time": 1676286575, "end_date_time": "2023-02-13T06:09:35-05:00", "waiting_time": 0, "distance": 1226, "driving_time": 1175, "preparation_time": 0, "load_before": [0], "load_after": [0]}, {"type": "service", "id": "1700729000_04", "location_id": "1700729000", "address": {"location_id": "1700729000", "lat": 42.2916473, "lon": -71.06981951}, "arr_time": 1676286585, "arr_date_time": "2023-02-13T06:09:45-05:00", "end_time": 1676286885, "end_date_time": "2023-02-13T06:14:45-05:00", "waiting_time": 0, "distance": 1237, "driving_time": 1185, "preparation_time": 0, "load_before": [0], "load_after": [0]}, {"type": "service", "id": "1700731000_05", "location_id": "1700731000", "address": {"location_id": "1700731000", "lat": 42.29153216, "lon": -71.07020477}, "arr_time": 1676286919, "arr_date_time": "2023-02-13T06:15:19-05:00", "end_time": 1676287219, "end_date_time": "2023-02-13T06:20:19-05:00", "waiting_time": 0, "distance": 1271, "driving_time": 1219, "preparation_time": 0, "load_before": [0], "load_after": [0]}, {"type": "service", "id": "1700759000_12", "location_id": "1700759000", "address": {"location_id": "1700759000", "lat": 42.29191674, "lon": -71.06892844}, "arr_time": 1676287332, "arr_date_time": "2023-02-13T06:22:12-05:00", "end_time": 1676287632, "end_date_time": "2023-02-13T06:27:12-05:00", "waiting_time": 0, "distance": 1389, "driving_time": 1332, "preparation_time": 0, "load_before": [0], "load_after": [0]}, {"type": "service", "id": "1700725000_03", "location_id": "1700725000", "address": {"location_id": "1700725000", "lat": 42.29204537, "lon": -71.06938499}, "arr_time": 1676287659, "arr_date_time": "2023-02-13T06:27:39-05:00", "end_time": 1676287959, "end_date_time": "2023-02-13T06:32:39-05:00", "waiting_time": 0, "distance": 1416, "driving_time": 1359, "preparation_time": 0, "load_before": [0], "load_after": [0]}, {"type": "service", "id": "1700896000_33", "location_id": "1700896000", "address": {"location_id": "1700896000", "lat": 42.29229126, "lon": -71.06998117}, "arr_time": 1676288029, "arr_date_time": "2023-02-13T06:33:49-05:00", "end_time": 1676288329, "end_date_time": "2023-02-13T06:38:49-05:00", "waiting_time": 0, "distance": 1489, "driving_time": 1429, "preparation_time": 0, "load_before": [0], "load_after": [0]}, {"type": "service", "id": "1700898000_34", "location_id": "1700898000", "address": {"location_id": "1700898000", "lat": 42.29216901, "lon": -71.07038889}, "arr_time": 1676288364, "arr_date_time": "2023-02-13T06:39:24-05:00", "end_time": 1676288664, "end_date_time": "2023-02-13T06:44:24-05:00", "waiting_time": 0, "distance": 1525, "driving_time": 1464, "preparation_time": 0, "load_before": [0], "load_after": [0]}, {"type": "service", "id": "1700761000_13", "location_id": "1700761000", "address": {"location_id": "1700761000", "lat": 42.29221578, "lon": -71.06906283}, "arr_time": 1676288763, "arr_date_time": "2023-02-13T06:46:03-05:00", "end_time": 1676289063, "end_date_time": "2023-02-13T06:51:03-05:00", "waiting_time": 0, "distance": 1628, "driving_time": 1563, "preparation_time": 0, "load_before": [0], "load_after": [0]}, {"type": "service", "id": "1700892000_32", "location_id": "1700892000", "address": {"location_id": "1700892000", "lat": 42.29253889, "lon": -71.06915952}, "arr_time": 1676289069, "arr_date_time": "2023-02-13T06:51:09-05:00", "end_time": 1676289369, "end_date_time": "2023-02-13T06:56:09-05:00", "waiting_time": 0, "distance": 1634, "driving_time": 1569, "preparation_time": 0, "load_before": [0], "load_after": [0]}, {"type": "service", "id": "1700762000_14", "location_id": "1700762000", "address": {"location_id": "1700762000", "lat": 42.2922521, "lon": -71.06880503}, "arr_time": 1676289384, "arr_date_time": "2023-02-13T06:56:24-05:00", "end_time": 1676289684, "end_date_time": "2023-02-13T07:01:24-05:00", "waiting_time": 0, "distance": 1649, "driving_time": 1584, "preparation_time": 0, "load_before": [0], "load_after": [0]}, {"type": "service", "id": "1700764000_15", "location_id": "1700764000", "address": {"location_id": "1700764000", "lat": 42.29234932, "lon": -71.06838052}, "arr_time": 1676289719, "arr_date_time": "2023-02-13T07:01:59-05:00", "end_time": 1676290019, "end_date_time": "2023-02-13T07:06:59-05:00", "waiting_time": 0, "distance": 1685, "driving_time": 1619, "preparation_time": 0, "load_before": [0], "load_after": [0]}, {"type": "service", "id": "1700889000_31", "location_id": "1700889000", "address": {"location_id": "1700889000", "lat": 42.29273217, "lon": -71.06851772}, "arr_time": 1676290024, "arr_date_time": "2023-02-13T07:07:04-05:00", "end_time": 1676290324, "end_date_time": "2023-02-13T07:12:04-05:00", "waiting_time": 0, "distance": 1691, "driving_time": 1624, "preparation_time": 0, "load_before": [0], "load_after": [0]}, {"type": "service", "id": "1700769000_16", "location_id": "1700769000", "address": {"location_id": "1700769000", "lat": 42.29262338, "lon": -71.06755085}, "arr_time": 1676290391, "arr_date_time": "2023-02-13T07:13:11-05:00", "end_time": 1676290691, "end_date_time": "2023-02-13T07:18:11-05:00", "waiting_time": 0, "distance": 1760, "driving_time": 1691, "preparation_time": 0, "load_before": [0], "load_after": [0]}, {"type": "service", "id": "1700923000_39", "location_id": "1700923000", "address": {"location_id": "1700923000", "lat": 42.29318894, "lon": -71.06798724}, "arr_time": 1676290872, "arr_date_time": "2023-02-13T07:21:12-05:00", "end_time": 1676291172, "end_date_time": "2023-02-13T07:26:12-05:00", "waiting_time": 0, "distance": 1948, "driving_time": 1872, "preparation_time": 0, "load_before": [0], "load_after": [0]}, {"type": "service", "id": "1700920000_38", "location_id": "1700920000", "address": {"location_id": "1700920000", "lat": 42.29307211, "lon": -71.06837241}, "arr_time": 1676291205, "arr_date_time": "2023-02-13T07:26:45-05:00", "end_time": 1676291505, "end_date_time": "2023-02-13T07:31:45-05:00", "waiting_time": 0, "distance": 1982, "driving_time": 1905, "preparation_time": 0, "load_before": [0], "load_after": [0]}, {"type": "service", "id": "1700918000_37", "location_id": "1700918000", "address": {"location_id": "1700918000", "lat": 42.29296081, "lon": -71.06873991}, "arr_time": 1676291537, "arr_date_time": "2023-02-13T07:32:17-05:00", "end_time": 1676291837, "end_date_time": "2023-02-13T07:37:17-05:00", "waiting_time": 0, "distance": 2015, "driving_time": 1937, "preparation_time": 0, "load_before": [0], "load_after": [0]}, {"type": "service", "id": "1700914000_36", "location_id": "1700914000", "address": {"location_id": "1700914000", "lat": 42.29271064, "lon": -71.06956931}, "arr_time": 1676291908, "arr_date_time": "2023-02-13T07:38:28-05:00", "end_time": 1676292208, "end_date_time": "2023-02-13T07:43:28-05:00", "waiting_time": 0, "distance": 2089, "driving_time": 2008, "preparation_time": 0, "load_before": [0], "load_after": [0]}, {"type": "service", "id": "1700912000_35", "location_id": "1700912000", "address": {"location_id": "1700912000", "lat": 42.29257116, "lon": -71.07002982}, "arr_time": 1676292247, "arr_date_time": "2023-02-13T07:44:07-05:00", "end_time": 1676292547, "end_date_time": "2023-02-13T07:49:07-05:00", "waiting_time": 0, "distance": 2130, "driving_time": 2047, "preparation_time": 0, "load_before": [0], "load_after": [0]}, {"type": "end", "location_id": "1700836000", "address": {"location_id": "1700836000", "lat": 42.29430308, "lon": -71.06737511}, "arr_time": 1676292859, "arr_date_time": "2023-02-13T07:54:19-05:00", "end_time": 1676292859, "end_date_time": "2023-02-13T07:54:19-05:00", "waiting_time": 0, "distance": 2455, "driving_time": 2359, "preparation_time": 0, "load_before": [0]}]}], "unassigned": {"services": [], "shipments": [], "breaks": [], "details": []}}}