{"copyrights": ["GraphHopper", "OpenStreetMap contributors"], "job_id": "0da624a8-ab7a-4198-84d3-582f7285aa85", "status": "finished", "waiting_time_in_queue": 0, "processing_time": 230, "solution": {"costs": 401, "distance": 5945, "time": 5705, "transport_time": 5705, "completion_time": 24905, "max_operation_time": 24905, "waiting_time": 0, "service_duration": 19200, "preparation_time": 0, "no_vehicles": 1, "no_unassigned": 0, "routes": [{"vehicle_id": "my_vehicle", "shift_id": "default-shift", "distance": 5945, "transport_time": 5705, "completion_time": 24905, "waiting_time": 0, "service_duration": 19200, "preparation_time": 0, "activities": [{"type": "start", "location_id": "703346000", "address": {"location_id": "703346000", "lat": 42.32634387, "lon": -71.05794375}, "arr_time": 1676278800, "arr_date_time": "2023-02-13T04:00:00-05:00", "end_time": 1676278800, "end_date_time": "2023-02-13T04:00:00-05:00", "waiting_time": 0, "distance": 0, "driving_time": 0, "preparation_time": 0, "load_after": [0]}, {"type": "service", "id": "703296000_52", "location_id": "703296000", "address": {"location_id": "703296000", "lat": 42.32556557, "lon": -71.05810339}, "arr_time": 1676278968, "arr_date_time": "2023-02-13T04:02:48-05:00", "end_time": 1676279268, "end_date_time": "2023-02-13T04:07:48-05:00", "waiting_time": 0, "distance": 175, "driving_time": 168, "preparation_time": 0, "load_before": [0], "load_after": [0]}, {"type": "service", "id": "703266000_50", "location_id": "703266000", "address": {"location_id": "703266000", "lat": 42.3247071, "lon": -71.0572976}, "arr_time": 1676279412, "arr_date_time": "2023-02-13T04:10:12-05:00", "end_time": 1676279712, "end_date_time": "2023-02-13T04:15:12-05:00", "waiting_time": 0, "distance": 325, "driving_time": 312, "preparation_time": 0, "load_before": [0], "load_after": [0]}, {"type": "service", "id": "703281000_51", "location_id": "703281000", "address": {"location_id": "703281000", "lat": 42.3253284, "lon": -71.05810126}, "arr_time": 1676279793, "arr_date_time": "2023-02-13T04:16:33-05:00", "end_time": 1676280093, "end_date_time": "2023-02-13T04:21:33-05:00", "waiting_time": 0, "distance": 410, "driving_time": 393, "preparation_time": 0, "load_before": [0], "load_after": [0]}, {"type": "service", "id": "703248000_49", "location_id": "703248000", "address": {"location_id": "703248000", "lat": 42.32517735, "lon": -71.05892479}, "arr_time": 1676280149, "arr_date_time": "2023-02-13T04:22:29-05:00", "end_time": 1676280449, "end_date_time": "2023-02-13T04:27:29-05:00", "waiting_time": 0, "distance": 468, "driving_time": 449, "preparation_time": 0, "load_before": [0], "load_after": [0]}, {"type": "service", "id": "703443000_53", "location_id": "703443000", "address": {"location_id": "703443000", "lat": 42.32515144, "lon": -71.05950615}, "arr_time": 1676280509, "arr_date_time": "2023-02-13T04:28:29-05:00", "end_time": 1676280809, "end_date_time": "2023-02-13T04:33:29-05:00", "waiting_time": 0, "distance": 530, "driving_time": 509, "preparation_time": 0, "load_before": [0], "load_after": [0]}, {"type": "service", "id": "703456000_56", "location_id": "703456000", "address": {"location_id": "703456000", "lat": 42.32464961, "lon": -71.0597866}, "arr_time": 1676280872, "arr_date_time": "2023-02-13T04:34:32-05:00", "end_time": 1676281172, "end_date_time": "2023-02-13T04:39:32-05:00", "waiting_time": 0, "distance": 595, "driving_time": 572, "preparation_time": 0, "load_before": [0], "load_after": [0]}, {"type": "service", "id": "703447000_54", "location_id": "703447000", "address": {"location_id": "703447000", "lat": 42.32501466, "lon": -71.05974694}, "arr_time": 1676281187, "arr_date_time": "2023-02-13T04:39:47-05:00", "end_time": 1676281487, "end_date_time": "2023-02-13T04:44:47-05:00", "waiting_time": 0, "distance": 611, "driving_time": 587, "preparation_time": 0, "load_before": [0], "load_after": [0]}, {"type": "service", "id": "703448000_55", "location_id": "703448000", "address": {"location_id": "703448000", "lat": 42.32504327, "lon": -71.05988037}, "arr_time": 1676281497, "arr_date_time": "2023-02-13T04:44:57-05:00", "end_time": 1676281797, "end_date_time": "2023-02-13T04:49:57-05:00", "waiting_time": 0, "distance": 622, "driving_time": 597, "preparation_time": 0, "load_before": [0], "load_after": [0]}, {"type": "service", "id": "703244000_48", "location_id": "703244000", "address": {"location_id": "703244000", "lat": 42.32482359, "lon": -71.05909121}, "arr_time": 1676281873, "arr_date_time": "2023-02-13T04:51:13-05:00", "end_time": 1676282173, "end_date_time": "2023-02-13T04:56:13-05:00", "waiting_time": 0, "distance": 702, "driving_time": 673, "preparation_time": 0, "load_before": [0], "load_after": [0]}, {"type": "service", "id": "703218000_47", "location_id": "703218000", "address": {"location_id": "703218000", "lat": 42.32423996, "lon": -71.058083}, "arr_time": 1676282269, "arr_date_time": "2023-02-13T04:57:49-05:00", "end_time": 1676282569, "end_date_time": "2023-02-13T05:02:49-05:00", "waiting_time": 0, "distance": 802, "driving_time": 769, "preparation_time": 0, "load_before": [0], "load_after": [0]}, {"type": "service", "id": "703190000_44", "location_id": "703190000", "address": {"location_id": "703190000", "lat": 42.32374959, "lon": -71.05735346}, "arr_time": 1676282792, "arr_date_time": "2023-02-13T05:06:32-05:00", "end_time": 1676283092, "end_date_time": "2023-02-13T05:11:32-05:00", "waiting_time": 0, "distance": 1034, "driving_time": 992, "preparation_time": 0, "load_before": [0], "load_after": [0]}, {"type": "service", "id": "703181000_42", "location_id": "703181000", "address": {"location_id": "703181000", "lat": 42.3234702, "lon": -71.05782188}, "arr_time": 1676283116, "arr_date_time": "2023-02-13T05:11:56-05:00", "end_time": 1676283416, "end_date_time": "2023-02-13T05:16:56-05:00", "waiting_time": 0, "distance": 1059, "driving_time": 1016, "preparation_time": 0, "load_before": [0], "load_after": [0]}, {"type": "service", "id": "703195000_45", "location_id": "703195000", "address": {"location_id": "703195000", "lat": 42.32394874, "lon": -71.05808153}, "arr_time": 1676283453, "arr_date_time": "2023-02-13T05:17:33-05:00", "end_time": 1676283753, "end_date_time": "2023-02-13T05:22:33-05:00", "waiting_time": 0, "distance": 1097, "driving_time": 1053, "preparation_time": 0, "load_before": [0], "load_after": [0]}, {"type": "service", "id": "703197000_46", "location_id": "703197000", "address": {"location_id": "703197000", "lat": 42.32402236, "lon": -71.05835087}, "arr_time": 1676283776, "arr_date_time": "2023-02-13T05:22:56-05:00", "end_time": 1676284076, "end_date_time": "2023-02-13T05:27:56-05:00", "waiting_time": 0, "distance": 1121, "driving_time": 1076, "preparation_time": 0, "load_before": [0], "load_after": [0]}, {"type": "service", "id": "703173000_41", "location_id": "703173000", "address": {"location_id": "703173000", "lat": 42.32371834, "lon": -71.05873863}, "arr_time": 1676284093, "arr_date_time": "2023-02-13T05:28:13-05:00", "end_time": 1676284393, "end_date_time": "2023-02-13T05:33:13-05:00", "waiting_time": 0, "distance": 1139, "driving_time": 1093, "preparation_time": 0, "load_before": [0], "load_after": [0]}, {"type": "service", "id": "703172000_40", "location_id": "703172000", "address": {"location_id": "703172000", "lat": 42.32375726, "lon": -71.05887744}, "arr_time": 1676284405, "arr_date_time": "2023-02-13T05:33:25-05:00", "end_time": 1676284705, "end_date_time": "2023-02-13T05:38:25-05:00", "waiting_time": 0, "distance": 1151, "driving_time": 1105, "preparation_time": 0, "load_before": [0], "load_after": [0]}, {"type": "service", "id": "703169000_39", "location_id": "703169000", "address": {"location_id": "703169000", "lat": 42.32389785, "lon": -71.05938883}, "arr_time": 1676284748, "arr_date_time": "2023-02-13T05:39:08-05:00", "end_time": 1676285048, "end_date_time": "2023-02-13T05:44:08-05:00", "waiting_time": 0, "distance": 1196, "driving_time": 1148, "preparation_time": 0, "load_before": [0], "load_after": [0]}, {"type": "service", "id": "703164000_38", "location_id": "703164000", "address": {"location_id": "703164000", "lat": 42.32383132, "lon": -71.05981407}, "arr_time": 1676285125, "arr_date_time": "2023-02-13T05:45:25-05:00", "end_time": 1676285425, "end_date_time": "2023-02-13T05:50:25-05:00", "waiting_time": 0, "distance": 1277, "driving_time": 1225, "preparation_time": 0, "load_before": [0], "load_after": [0]}, {"type": "service", "id": "703465000_57", "location_id": "703465000", "address": {"location_id": "703465000", "lat": 42.32364517, "lon": -71.06050834}, "arr_time": 1676285468, "arr_date_time": "2023-02-13T05:51:08-05:00", "end_time": 1676285768, "end_date_time": "2023-02-13T05:56:08-05:00", "waiting_time": 0, "distance": 1322, "driving_time": 1268, "preparation_time": 0, "load_before": [0], "load_after": [0]}, {"type": "service", "id": "703115000_32", "location_id": "703115000", "address": {"location_id": "703115000", "lat": 42.32324714, "lon": -71.0602084}, "arr_time": 1676285795, "arr_date_time": "2023-02-13T05:56:35-05:00", "end_time": 1676286095, "end_date_time": "2023-02-13T06:01:35-05:00", "waiting_time": 0, "distance": 1350, "driving_time": 1295, "preparation_time": 0, "load_before": [0], "load_after": [0]}, {"type": "service", "id": "703119000_33", "location_id": "703119000", "address": {"location_id": "703119000", "lat": 42.32327774, "lon": -71.05988997}, "arr_time": 1676286172, "arr_date_time": "2023-02-13T06:02:52-05:00", "end_time": 1676286472, "end_date_time": "2023-02-13T06:07:52-05:00", "waiting_time": 0, "distance": 1431, "driving_time": 1372, "preparation_time": 0, "load_before": [0], "load_after": [0]}, {"type": "service", "id": "703160000_37", "location_id": "703160000", "address": {"location_id": "703160000", "lat": 42.32358097, "lon": -71.05933464}, "arr_time": 1676286497, "arr_date_time": "2023-02-13T06:08:17-05:00", "end_time": 1676286797, "end_date_time": "2023-02-13T06:13:17-05:00", "waiting_time": 0, "distance": 1458, "driving_time": 1397, "preparation_time": 0, "load_before": [0], "load_after": [0]}, {"type": "service", "id": "703153000_36", "location_id": "703153000", "address": {"location_id": "703153000", "lat": 42.32303666, "lon": -71.05789102}, "arr_time": 1676286925, "arr_date_time": "2023-02-13T06:15:25-05:00", "end_time": 1676287225, "end_date_time": "2023-02-13T06:20:25-05:00", "waiting_time": 0, "distance": 1591, "driving_time": 1525, "preparation_time": 0, "load_before": [0], "load_after": [0]}, {"type": "service", "id": "703183000_43", "location_id": "703183000", "address": {"location_id": "703183000", "lat": 42.32338013, "lon": -71.05749464}, "arr_time": 1676287295, "arr_date_time": "2023-02-13T06:21:35-05:00", "end_time": 1676287595, "end_date_time": "2023-02-13T06:26:35-05:00", "waiting_time": 0, "distance": 1663, "driving_time": 1595, "preparation_time": 0, "load_before": [0], "load_after": [0]}, {"type": "service", "id": "703132000_34", "location_id": "703132000", "address": {"location_id": "703132000", "lat": 42.32258782, "lon": -71.0577272}, "arr_time": 1676287652, "arr_date_time": "2023-02-13T06:27:32-05:00", "end_time": 1676287952, "end_date_time": "2023-02-13T06:32:32-05:00", "waiting_time": 0, "distance": 1722, "driving_time": 1652, "preparation_time": 0, "load_before": [0], "load_after": [0]}, {"type": "service", "id": "703145000_35", "location_id": "703145000", "address": {"location_id": "703145000", "lat": 42.32284897, "lon": -71.05727422}, "arr_time": 1676287973, "arr_date_time": "2023-02-13T06:32:53-05:00", "end_time": 1676288273, "end_date_time": "2023-02-13T06:37:53-05:00", "waiting_time": 0, "distance": 1744, "driving_time": 1673, "preparation_time": 0, "load_before": [0], "load_after": [0]}, {"type": "service", "id": "703093000_30", "location_id": "703093000", "address": {"location_id": "703093000", "lat": 42.32227177, "lon": -71.05705787}, "arr_time": 1676288345, "arr_date_time": "2023-02-13T06:39:05-05:00", "end_time": 1676288645, "end_date_time": "2023-02-13T06:44:05-05:00", "waiting_time": 0, "distance": 1820, "driving_time": 1745, "preparation_time": 0, "load_before": [0], "load_after": [0]}, {"type": "service", "id": "702936000_04", "location_id": "702936000", "address": {"location_id": "702936000", "lat": 42.32013638, "lon": -71.05734241}, "arr_time": 1676288881, "arr_date_time": "2023-02-13T06:48:01-05:00", "end_time": 1676289181, "end_date_time": "2023-02-13T06:53:01-05:00", "waiting_time": 0, "distance": 2066, "driving_time": 1981, "preparation_time": 0, "load_before": [0], "load_after": [0]}, {"type": "service", "id": "702926000_03", "location_id": "702926000", "address": {"location_id": "702926000", "lat": 42.3198165, "lon": -71.05850802}, "arr_time": 1676289276, "arr_date_time": "2023-02-13T06:54:36-05:00", "end_time": 1676289576, "end_date_time": "2023-02-13T06:59:36-05:00", "waiting_time": 0, "distance": 2165, "driving_time": 2076, "preparation_time": 0, "load_before": [0], "load_after": [0]}, {"type": "service", "id": "702917000_02", "location_id": "702917000", "address": {"location_id": "702917000", "lat": 42.31946797, "lon": -71.0591382}, "arr_time": 1676289739, "arr_date_time": "2023-02-13T07:02:19-05:00", "end_time": 1676290039, "end_date_time": "2023-02-13T07:07:19-05:00", "waiting_time": 0, "distance": 2335, "driving_time": 2239, "preparation_time": 0, "load_before": [0], "load_after": [0]}, {"type": "service", "id": "702941001_05", "location_id": "702941001", "address": {"location_id": "702941001", "lat": 42.31927646, "lon": -71.05944009}, "arr_time": 1676290041, "arr_date_time": "2023-02-13T07:07:21-05:00", "end_time": 1676290341, "end_date_time": "2023-02-13T07:12:21-05:00", "waiting_time": 0, "distance": 2338, "driving_time": 2241, "preparation_time": 0, "load_before": [0], "load_after": [0]}, {"type": "service", "id": "702910000_01", "location_id": "702910000", "address": {"location_id": "702910000", "lat": 42.31962194, "lon": -71.05809975}, "arr_time": 1676290447, "arr_date_time": "2023-02-13T07:14:07-05:00", "end_time": 1676290747, "end_date_time": "2023-02-13T07:19:07-05:00", "waiting_time": 0, "distance": 2448, "driving_time": 2347, "preparation_time": 0, "load_before": [0], "load_after": [0]}, {"type": "service", "id": "1301926000_64", "location_id": "1301926000", "address": {"location_id": "1301926000", "lat": 42.31880791, "lon": -71.05826215}, "arr_time": 1676290955, "arr_date_time": "2023-02-13T07:22:35-05:00", "end_time": 1676291255, "end_date_time": "2023-02-13T07:27:35-05:00", "waiting_time": 0, "distance": 2665, "driving_time": 2555, "preparation_time": 0, "load_before": [0], "load_after": [0]}, {"type": "service", "id": "1301924000_63", "location_id": "1301924000", "address": {"location_id": "1301924000", "lat": 42.31880933, "lon": -71.05798516}, "arr_time": 1676291276, "arr_date_time": "2023-02-13T07:27:56-05:00", "end_time": 1676291576, "end_date_time": "2023-02-13T07:32:56-05:00", "waiting_time": 0, "distance": 2687, "driving_time": 2576, "preparation_time": 0, "load_before": [0], "load_after": [0]}, {"type": "service", "id": "702947000_06", "location_id": "702947000", "address": {"location_id": "702947000", "lat": 42.31906251, "lon": -71.05950154}, "arr_time": 1676291717, "arr_date_time": "2023-02-13T07:35:17-05:00", "end_time": 1676292017, "end_date_time": "2023-02-13T07:40:17-05:00", "waiting_time": 0, "distance": 2834, "driving_time": 2717, "preparation_time": 0, "load_before": [0], "load_after": [0]}, {"type": "service", "id": "703602000_62", "location_id": "703602000", "address": {"location_id": "703602000", "lat": 42.32106439, "lon": -71.06276033}, "arr_time": 1676292361, "arr_date_time": "2023-02-13T07:46:01-05:00", "end_time": 1676292661, "end_date_time": "2023-02-13T07:51:01-05:00", "waiting_time": 0, "distance": 3193, "driving_time": 3061, "preparation_time": 0, "load_before": [0], "load_after": [0]}, {"type": "service", "id": "703573000_61", "location_id": "703573000", "address": {"location_id": "703573000", "lat": 42.32116496, "lon": -71.06183696}, "arr_time": 1676292860, "arr_date_time": "2023-02-13T07:54:20-05:00", "end_time": 1676293160, "end_date_time": "2023-02-13T07:59:20-05:00", "waiting_time": 0, "distance": 3401, "driving_time": 3260, "preparation_time": 0, "load_before": [0], "load_after": [0]}, {"type": "service", "id": "702991040_13", "location_id": "702991040", "address": {"location_id": "702991040", "lat": 42.32122366, "lon": -71.06068128}, "arr_time": 1676293284, "arr_date_time": "2023-02-13T08:01:24-05:00", "end_time": 1676293584, "end_date_time": "2023-02-13T08:06:24-05:00", "waiting_time": 0, "distance": 3530, "driving_time": 3384, "preparation_time": 0, "load_before": [0], "load_after": [0]}, {"type": "service", "id": "702991020_12", "location_id": "702991020", "address": {"location_id": "702991020", "lat": 42.32118657, "lon": -71.06055861}, "arr_time": 1676293595, "arr_date_time": "2023-02-13T08:06:35-05:00", "end_time": 1676293895, "end_date_time": "2023-02-13T08:11:35-05:00", "waiting_time": 0, "distance": 3541, "driving_time": 3395, "preparation_time": 0, "load_before": [0], "load_after": [0]}, {"type": "service", "id": "702991010_11", "location_id": "702991010", "address": {"location_id": "702991010", "lat": 42.3211425, "lon": -71.06048086}, "arr_time": 1676293903, "arr_date_time": "2023-02-13T08:11:43-05:00", "end_time": 1676294203, "end_date_time": "2023-02-13T08:16:43-05:00", "waiting_time": 0, "distance": 3549, "driving_time": 3403, "preparation_time": 0, "load_before": [0], "load_after": [0]}, {"type": "service", "id": "702957000_07", "location_id": "702957000", "address": {"location_id": "702957000", "lat": 42.3206752, "lon": -71.06025387}, "arr_time": 1676294236, "arr_date_time": "2023-02-13T08:17:16-05:00", "end_time": 1676294536, "end_date_time": "2023-02-13T08:22:16-05:00", "waiting_time": 0, "distance": 3584, "driving_time": 3436, "preparation_time": 0, "load_before": [0], "load_after": [0]}, {"type": "service", "id": "702986000_10", "location_id": "702986000", "address": {"location_id": "702986000", "lat": 42.3209616, "lon": -71.05975303}, "arr_time": 1676294568, "arr_date_time": "2023-02-13T08:22:48-05:00", "end_time": 1676294868, "end_date_time": "2023-02-13T08:27:48-05:00", "waiting_time": 0, "distance": 3618, "driving_time": 3468, "preparation_time": 0, "load_before": [0], "load_after": [0]}, {"type": "service", "id": "702984000_09", "location_id": "702984000", "address": {"location_id": "702984000", "lat": 42.3209195, "lon": -71.0594862}, "arr_time": 1676294892, "arr_date_time": "2023-02-13T08:28:12-05:00", "end_time": 1676295192, "end_date_time": "2023-02-13T08:33:12-05:00", "waiting_time": 0, "distance": 3642, "driving_time": 3492, "preparation_time": 0, "load_before": [0], "load_after": [0]}, {"type": "service", "id": "703082000_27", "location_id": "703082000", "address": {"location_id": "703082000", "lat": 42.32067175, "lon": -71.05865021}, "arr_time": 1676295261, "arr_date_time": "2023-02-13T08:34:21-05:00", "end_time": 1676295561, "end_date_time": "2023-02-13T08:39:21-05:00", "waiting_time": 0, "distance": 3714, "driving_time": 3561, "preparation_time": 0, "load_before": [0], "load_after": [0]}, {"type": "service", "id": "702959000_08", "location_id": "702959000", "address": {"location_id": "702959000", "lat": 42.32061378, "lon": -71.0589345}, "arr_time": 1676295563, "arr_date_time": "2023-02-13T08:39:23-05:00", "end_time": 1676295863, "end_date_time": "2023-02-13T08:44:23-05:00", "waiting_time": 0, "distance": 3716, "driving_time": 3563, "preparation_time": 0, "load_before": [0], "load_after": [0]}, {"type": "service", "id": "703086000_28", "location_id": "703086000", "address": {"location_id": "703086000", "lat": 42.32079989, "lon": -71.05814974}, "arr_time": 1676295932, "arr_date_time": "2023-02-13T08:45:32-05:00", "end_time": 1676296232, "end_date_time": "2023-02-13T08:50:32-05:00", "waiting_time": 0, "distance": 3788, "driving_time": 3632, "preparation_time": 0, "load_before": [0], "load_after": [0]}, {"type": "service", "id": "703014000_18", "location_id": "703014000", "address": {"location_id": "703014000", "lat": 42.32114213, "lon": -71.05824096}, "arr_time": 1676296247, "arr_date_time": "2023-02-13T08:50:47-05:00", "end_time": 1676296547, "end_date_time": "2023-02-13T08:55:47-05:00", "waiting_time": 0, "distance": 3803, "driving_time": 3647, "preparation_time": 0, "load_before": [0], "load_after": [0]}, {"type": "service", "id": "703016000_19", "location_id": "703016000", "address": {"location_id": "703016000", "lat": 42.3212888, "lon": -71.05861561}, "arr_time": 1676296577, "arr_date_time": "2023-02-13T08:56:17-05:00", "end_time": 1676296877, "end_date_time": "2023-02-13T09:01:17-05:00", "waiting_time": 0, "distance": 3835, "driving_time": 3677, "preparation_time": 0, "load_before": [0], "load_after": [0]}, {"type": "service", "id": "703017000_20", "location_id": "703017000", "address": {"location_id": "703017000", "lat": 42.3214102, "lon": -71.05893226}, "arr_time": 1676296905, "arr_date_time": "2023-02-13T09:01:45-05:00", "end_time": 1676297205, "end_date_time": "2023-02-13T09:06:45-05:00", "waiting_time": 0, "distance": 3864, "driving_time": 3705, "preparation_time": 0, "load_before": [0], "load_after": [0]}, {"type": "service", "id": "703087000_29", "location_id": "703087000", "address": {"location_id": "703087000", "lat": 42.3208425, "lon": -71.05802392}, "arr_time": 1676297287, "arr_date_time": "2023-02-13T09:08:07-05:00", "end_time": 1676297587, "end_date_time": "2023-02-13T09:13:07-05:00", "waiting_time": 0, "distance": 3948, "driving_time": 3787, "preparation_time": 0, "load_before": [0], "load_after": [0]}, {"type": "service", "id": "703012000_17", "location_id": "703012000", "address": {"location_id": "703012000", "lat": 42.32131594, "lon": -71.05801876}, "arr_time": 1676297675, "arr_date_time": "2023-02-13T09:14:35-05:00", "end_time": 1676297975, "end_date_time": "2023-02-13T09:19:35-05:00", "waiting_time": 0, "distance": 4040, "driving_time": 3875, "preparation_time": 0, "load_before": [0], "load_after": [0]}, {"type": "service", "id": "703007000_16", "location_id": "703007000", "address": {"location_id": "703007000", "lat": 42.32152318, "lon": -71.05876225}, "arr_time": 1676298037, "arr_date_time": "2023-02-13T09:20:37-05:00", "end_time": 1676298337, "end_date_time": "2023-02-13T09:25:37-05:00", "waiting_time": 0, "distance": 4105, "driving_time": 3937, "preparation_time": 0, "load_before": [0], "load_after": [0]}, {"type": "service", "id": "703005000_15", "location_id": "703005000", "address": {"location_id": "703005000", "lat": 42.32164402, "lon": -71.05910604}, "arr_time": 1676298368, "arr_date_time": "2023-02-13T09:26:08-05:00", "end_time": 1676298668, "end_date_time": "2023-02-13T09:31:08-05:00", "waiting_time": 0, "distance": 4137, "driving_time": 3968, "preparation_time": 0, "load_before": [0], "load_after": [0]}, {"type": "service", "id": "703060000_23", "location_id": "703060000", "address": {"location_id": "703060000", "lat": 42.32211171, "lon": -71.05962396}, "arr_time": 1676298727, "arr_date_time": "2023-02-13T09:32:07-05:00", "end_time": 1676299027, "end_date_time": "2023-02-13T09:37:07-05:00", "waiting_time": 0, "distance": 4197, "driving_time": 4027, "preparation_time": 0, "load_before": [0], "load_after": [0]}, {"type": "service", "id": "703000000_14", "location_id": "703000000", "address": {"location_id": "703000000", "lat": 42.32191323, "lon": -71.05988527}, "arr_time": 1676299036, "arr_date_time": "2023-02-13T09:37:16-05:00", "end_time": 1676299336, "end_date_time": "2023-02-13T09:42:16-05:00", "waiting_time": 0, "distance": 4207, "driving_time": 4036, "preparation_time": 0, "load_before": [0], "load_after": [0]}, {"type": "service", "id": "703061000_24", "location_id": "703061000", "address": {"location_id": "703061000", "lat": 42.32216426, "lon": -71.05977276}, "arr_time": 1676299339, "arr_date_time": "2023-02-13T09:42:19-05:00", "end_time": 1676299639, "end_date_time": "2023-02-13T09:47:19-05:00", "waiting_time": 0, "distance": 4210, "driving_time": 4039, "preparation_time": 0, "load_before": [0], "load_after": [0]}, {"type": "service", "id": "703021000_21", "location_id": "703021000", "address": {"location_id": "703021000", "lat": 42.32189434, "lon": -71.06006557}, "arr_time": 1676299648, "arr_date_time": "2023-02-13T09:47:28-05:00", "end_time": 1676299948, "end_date_time": "2023-02-13T09:52:28-05:00", "waiting_time": 0, "distance": 4219, "driving_time": 4048, "preparation_time": 0, "load_before": [0], "load_after": [0]}, {"type": "service", "id": "703066000_25", "location_id": "703066000", "address": {"location_id": "703066000", "lat": 42.32241781, "lon": -71.0605038}, "arr_time": 1676300003, "arr_date_time": "2023-02-13T09:53:23-05:00", "end_time": 1676300303, "end_date_time": "2023-02-13T09:58:23-05:00", "waiting_time": 0, "distance": 4276, "driving_time": 4103, "preparation_time": 0, "load_before": [0], "load_after": [0]}, {"type": "service", "id": "703067000_26", "location_id": "703067000", "address": {"location_id": "703067000", "lat": 42.32246482, "lon": -71.06064142}, "arr_time": 1676300315, "arr_date_time": "2023-02-13T09:58:35-05:00", "end_time": 1676300615, "end_date_time": "2023-02-13T10:03:35-05:00", "waiting_time": 0, "distance": 4288, "driving_time": 4115, "preparation_time": 0, "load_before": [0], "load_after": [0]}, {"type": "service", "id": "703553000_59", "location_id": "703553000", "address": {"location_id": "703553000", "lat": 42.32241138, "lon": -71.06140826}, "arr_time": 1676300665, "arr_date_time": "2023-02-13T10:04:25-05:00", "end_time": 1676300965, "end_date_time": "2023-02-13T10:09:25-05:00", "waiting_time": 0, "distance": 4341, "driving_time": 4165, "preparation_time": 0, "load_before": [0], "load_after": [0]}, {"type": "service", "id": "703559000_60", "location_id": "703559000", "address": {"location_id": "703559000", "lat": 42.32195655, "lon": -71.06142638}, "arr_time": 1676301055, "arr_date_time": "2023-02-13T10:10:55-05:00", "end_time": 1676301355, "end_date_time": "2023-02-13T10:15:55-05:00", "waiting_time": 0, "distance": 4435, "driving_time": 4255, "preparation_time": 0, "load_before": [0], "load_after": [0]}, {"type": "service", "id": "703109000_31", "location_id": "703109000", "address": {"location_id": "703109000", "lat": 42.32274792, "lon": -71.05923256}, "arr_time": 1676301601, "arr_date_time": "2023-02-13T10:20:01-05:00", "end_time": 1676301901, "end_date_time": "2023-02-13T10:25:01-05:00", "waiting_time": 0, "distance": 4692, "driving_time": 4501, "preparation_time": 0, "load_before": [0], "load_after": [0]}, {"type": "service", "id": "703036000_22", "location_id": "703036000", "address": {"location_id": "703036000", "lat": 42.32227241, "lon": -71.05930262}, "arr_time": 1676301917, "arr_date_time": "2023-02-13T10:25:17-05:00", "end_time": 1676302217, "end_date_time": "2023-02-13T10:30:17-05:00", "waiting_time": 0, "distance": 4709, "driving_time": 4517, "preparation_time": 0, "load_before": [0], "load_after": [0]}, {"type": "service", "id": "703479000_58", "location_id": "703479000", "address": {"location_id": "703479000", "lat": 42.32478293, "lon": -71.06330908}, "arr_time": 1676302704, "arr_date_time": "2023-02-13T10:38:24-05:00", "end_time": 1676303004, "end_date_time": "2023-02-13T10:43:24-05:00", "waiting_time": 0, "distance": 5215, "driving_time": 5004, "preparation_time": 0, "load_before": [0], "load_after": [0]}, {"type": "end", "location_id": "703346000", "address": {"location_id": "703346000", "lat": 42.32634387, "lon": -71.05794375}, "arr_time": 1676303705, "arr_date_time": "2023-02-13T10:55:05-05:00", "end_time": 1676303705, "end_date_time": "2023-02-13T10:55:05-05:00", "waiting_time": 0, "distance": 5945, "driving_time": 5705, "preparation_time": 0, "load_before": [0]}]}], "unassigned": {"services": [], "shipments": [], "breaks": [], "details": []}}}