{"copyrights": ["GraphHopper", "OpenStreetMap contributors"], "job_id": "9eb88f2f-b29c-4354-acb1-9b3f440a1c09", "status": "finished", "waiting_time_in_queue": 0, "processing_time": 267, "solution": {"costs": 405, "distance": 5208, "time": 5000, "transport_time": 5000, "completion_time": 25400, "max_operation_time": 25400, "waiting_time": 0, "service_duration": 20400, "preparation_time": 0, "no_vehicles": 1, "no_unassigned": 0, "routes": [{"vehicle_id": "my_vehicle", "shift_id": "default-shift", "distance": 5208, "transport_time": 5000, "completion_time": 25400, "waiting_time": 0, "service_duration": 20400, "preparation_time": 0, "activities": [{"type": "start", "location_id": "1404354000", "address": {"location_id": "1404354000", "lat": 42.29287648, "lon": -71.08904867}, "arr_time": 1676278800, "arr_date_time": "2023-02-13T04:00:00-05:00", "end_time": 1676278800, "end_date_time": "2023-02-13T04:00:00-05:00", "waiting_time": 0, "distance": 0, "driving_time": 0, "preparation_time": 0, "load_after": [0]}, {"type": "service", "id": "1404397000_02", "location_id": "1404397000", "address": {"location_id": "1404397000", "lat": 42.29115291, "lon": -71.09073421}, "arr_time": 1676279097, "arr_date_time": "2023-02-13T04:04:57-05:00", "end_time": 1676279397, "end_date_time": "2023-02-13T04:09:57-05:00", "waiting_time": 0, "distance": 309, "driving_time": 297, "preparation_time": 0, "load_before": [0], "load_after": [0]}, {"type": "service", "id": "1404425000_05", "location_id": "1404425000", "address": {"location_id": "1404425000", "lat": 42.2904591, "lon": -71.09083248}, "arr_time": 1676279503, "arr_date_time": "2023-02-13T04:11:43-05:00", "end_time": 1676279803, "end_date_time": "2023-02-13T04:16:43-05:00", "waiting_time": 0, "distance": 418, "driving_time": 403, "preparation_time": 0, "load_before": [0], "load_after": [0]}, {"type": "service", "id": "1404386000_01", "location_id": "1404386000", "address": {"location_id": "1404386000", "lat": 42.29025063, "lon": -71.09003498}, "arr_time": 1676279860, "arr_date_time": "2023-02-13T04:17:40-05:00", "end_time": 1676280160, "end_date_time": "2023-02-13T04:22:40-05:00", "waiting_time": 0, "distance": 478, "driving_time": 460, "preparation_time": 0, "load_before": [0], "load_after": [0]}, {"type": "service", "id": "1404453000_13", "location_id": "1404453000", "address": {"location_id": "1404453000", "lat": 42.28936706, "lon": -71.09100699}, "arr_time": 1676280387, "arr_date_time": "2023-02-13T04:26:27-05:00", "end_time": 1676280687, "end_date_time": "2023-02-13T04:31:27-05:00", "waiting_time": 0, "distance": 714, "driving_time": 687, "preparation_time": 0, "load_before": [0], "load_after": [0]}, {"type": "service", "id": "1404412000_03", "location_id": "1404412000", "address": {"location_id": "1404412000", "lat": 42.28981438, "lon": -71.09060263}, "arr_time": 1676280703, "arr_date_time": "2023-02-13T04:31:43-05:00", "end_time": 1676281003, "end_date_time": "2023-02-13T04:36:43-05:00", "waiting_time": 0, "distance": 730, "driving_time": 703, "preparation_time": 0, "load_before": [0], "load_after": [0]}, {"type": "service", "id": "1404417000_04", "location_id": "1404417000", "address": {"location_id": "1404417000", "lat": 42.29024618, "lon": -71.09109939}, "arr_time": 1676281063, "arr_date_time": "2023-02-13T04:37:43-05:00", "end_time": 1676281363, "end_date_time": "2023-02-13T04:42:43-05:00", "waiting_time": 0, "distance": 792, "driving_time": 763, "preparation_time": 0, "load_before": [0], "load_after": [0]}, {"type": "service", "id": "1404442000_12", "location_id": "1404442000", "address": {"location_id": "1404442000", "lat": 42.28904854, "lon": -71.09160814}, "arr_time": 1676281584, "arr_date_time": "2023-02-13T04:46:24-05:00", "end_time": 1676281884, "end_date_time": "2023-02-13T04:51:24-05:00", "waiting_time": 0, "distance": 1023, "driving_time": 984, "preparation_time": 0, "load_before": [0], "load_after": [0]}, {"type": "service", "id": "1404476000_16", "location_id": "1404476000", "address": {"location_id": "1404476000", "lat": 42.28872167, "lon": -71.09189285}, "arr_time": 1676281992, "arr_date_time": "2023-02-13T04:53:12-05:00", "end_time": 1676282292, "end_date_time": "2023-02-13T04:58:12-05:00", "waiting_time": 0, "distance": 1135, "driving_time": 1092, "preparation_time": 0, "load_before": [0], "load_after": [0]}, {"type": "service", "id": "1404441000_11", "location_id": "1404441000", "address": {"location_id": "1404441000", "lat": 42.2890363, "lon": -71.09145986}, "arr_time": 1676282317, "arr_date_time": "2023-02-13T04:58:37-05:00", "end_time": 1676282617, "end_date_time": "2023-02-13T05:03:37-05:00", "waiting_time": 0, "distance": 1161, "driving_time": 1117, "preparation_time": 0, "load_before": [0], "load_after": [0]}, {"type": "service", "id": "1404440000_10", "location_id": "1404440000", "address": {"location_id": "1404440000", "lat": 42.289038, "lon": -71.09130422}, "arr_time": 1676282629, "arr_date_time": "2023-02-13T05:03:49-05:00", "end_time": 1676282929, "end_date_time": "2023-02-13T05:08:49-05:00", "waiting_time": 0, "distance": 1173, "driving_time": 1129, "preparation_time": 0, "load_before": [0], "load_after": [0]}, {"type": "service", "id": "1404439000_09", "location_id": "1404439000", "address": {"location_id": "1404439000", "lat": 42.28900521, "lon": -71.09116331}, "arr_time": 1676282941, "arr_date_time": "2023-02-13T05:09:01-05:00", "end_time": 1676283241, "end_date_time": "2023-02-13T05:14:01-05:00", "waiting_time": 0, "distance": 1185, "driving_time": 1141, "preparation_time": 0, "load_before": [0], "load_after": [0]}, {"type": "service", "id": "1404438000_08", "location_id": "1404438000", "address": {"location_id": "1404438000", "lat": 42.28897083, "lon": -71.09102471}, "arr_time": 1676283253, "arr_date_time": "2023-02-13T05:14:13-05:00", "end_time": 1676283553, "end_date_time": "2023-02-13T05:19:13-05:00", "waiting_time": 0, "distance": 1197, "driving_time": 1153, "preparation_time": 0, "load_before": [0], "load_after": [0]}, {"type": "service", "id": "1404481000_17", "location_id": "1404481000", "address": {"location_id": "1404481000", "lat": 42.28854066, "lon": -71.09117241}, "arr_time": 1676283553, "arr_date_time": "2023-02-13T05:19:13-05:00", "end_time": 1676283853, "end_date_time": "2023-02-13T05:24:13-05:00", "waiting_time": 0, "distance": 1197, "driving_time": 1153, "preparation_time": 0, "load_before": [0], "load_after": [0]}, {"type": "service", "id": "1404437000_07", "location_id": "1404437000", "address": {"location_id": "1404437000", "lat": 42.28893788, "lon": -71.09088462}, "arr_time": 1676283865, "arr_date_time": "2023-02-13T05:24:25-05:00", "end_time": 1676284165, "end_date_time": "2023-02-13T05:29:25-05:00", "waiting_time": 0, "distance": 1209, "driving_time": 1165, "preparation_time": 0, "load_before": [0], "load_after": [0]}, {"type": "service", "id": "1404435000_06", "location_id": "1404435000", "address": {"location_id": "1404435000", "lat": 42.28890997, "lon": -71.09059269}, "arr_time": 1676284188, "arr_date_time": "2023-02-13T05:29:48-05:00", "end_time": 1676284488, "end_date_time": "2023-02-13T05:34:48-05:00", "waiting_time": 0, "distance": 1233, "driving_time": 1188, "preparation_time": 0, "load_before": [0], "load_after": [0]}, {"type": "service", "id": "1404465000_14", "location_id": "1404465000", "address": {"location_id": "1404465000", "lat": 42.28824991, "lon": -71.09112089}, "arr_time": 1676284677, "arr_date_time": "2023-02-13T05:37:57-05:00", "end_time": 1676284977, "end_date_time": "2023-02-13T05:42:57-05:00", "waiting_time": 0, "distance": 1431, "driving_time": 1377, "preparation_time": 0, "load_before": [0], "load_after": [0]}, {"type": "service", "id": "1404485010_18", "location_id": "1404485010", "address": {"location_id": "1404485010", "lat": 42.28771754, "lon": -71.090816}, "arr_time": 1676285015, "arr_date_time": "2023-02-13T05:43:35-05:00", "end_time": 1676285315, "end_date_time": "2023-02-13T05:48:35-05:00", "waiting_time": 0, "distance": 1470, "driving_time": 1415, "preparation_time": 0, "load_before": [0], "load_after": [0]}, {"type": "service", "id": "1404486010_19", "location_id": "1404486010", "address": {"location_id": "1404486010", "lat": 42.28773371, "lon": -71.09061851}, "arr_time": 1676285368, "arr_date_time": "2023-02-13T05:49:28-05:00", "end_time": 1676285668, "end_date_time": "2023-02-13T05:54:28-05:00", "waiting_time": 0, "distance": 1526, "driving_time": 1468, "preparation_time": 0, "load_before": [0], "load_after": [0]}, {"type": "service", "id": "1404518000_21", "location_id": "1404518000", "address": {"location_id": "1404518000", "lat": 42.28691452, "lon": -71.09139845}, "arr_time": 1676285843, "arr_date_time": "2023-02-13T05:57:23-05:00", "end_time": 1676286143, "end_date_time": "2023-02-13T06:02:23-05:00", "waiting_time": 0, "distance": 1707, "driving_time": 1643, "preparation_time": 0, "load_before": [0], "load_after": [0]}, {"type": "service", "id": "1404573000_29", "location_id": "1404573000", "address": {"location_id": "1404573000", "lat": 42.28669321, "lon": -71.09202866}, "arr_time": 1676286185, "arr_date_time": "2023-02-13T06:03:05-05:00", "end_time": 1676286485, "end_date_time": "2023-02-13T06:08:05-05:00", "waiting_time": 0, "distance": 1751, "driving_time": 1685, "preparation_time": 0, "load_before": [0], "load_after": [0]}, {"type": "service", "id": "1404572000_28", "location_id": "1404572000", "address": {"location_id": "1404572000", "lat": 42.28672631, "lon": -71.09220884}, "arr_time": 1676286500, "arr_date_time": "2023-02-13T06:08:20-05:00", "end_time": 1676286800, "end_date_time": "2023-02-13T06:13:20-05:00", "waiting_time": 0, "distance": 1766, "driving_time": 1700, "preparation_time": 0, "load_before": [0], "load_after": [0]}, {"type": "service", "id": "1404571000_27", "location_id": "1404571000", "address": {"location_id": "1404571000", "lat": 42.28675951, "lon": -71.09238997}, "arr_time": 1676286815, "arr_date_time": "2023-02-13T06:13:35-05:00", "end_time": 1676287115, "end_date_time": "2023-02-13T06:18:35-05:00", "waiting_time": 0, "distance": 1781, "driving_time": 1715, "preparation_time": 0, "load_before": [0], "load_after": [0]}, {"type": "service", "id": "1404570000_26", "location_id": "1404570000", "address": {"location_id": "1404570000", "lat": 42.2867931, "lon": -71.09257297}, "arr_time": 1676287129, "arr_date_time": "2023-02-13T06:18:49-05:00", "end_time": 1676287429, "end_date_time": "2023-02-13T06:23:49-05:00", "waiting_time": 0, "distance": 1797, "driving_time": 1729, "preparation_time": 0, "load_before": [0], "load_after": [0]}, {"type": "service", "id": "1404649000_38", "location_id": "1404649000", "address": {"location_id": "1404649000", "lat": 42.28663651, "lon": -71.09388365}, "arr_time": 1676287568, "arr_date_time": "2023-02-13T06:26:08-05:00", "end_time": 1676287868, "end_date_time": "2023-02-13T06:31:08-05:00", "waiting_time": 0, "distance": 1941, "driving_time": 1868, "preparation_time": 0, "load_before": [0], "load_after": [0]}, {"type": "service", "id": "1404561000_25", "location_id": "1404561000", "address": {"location_id": "1404561000", "lat": 42.28662505, "lon": -71.09288834}, "arr_time": 1676287940, "arr_date_time": "2023-02-13T06:32:20-05:00", "end_time": 1676288240, "end_date_time": "2023-02-13T06:37:20-05:00", "waiting_time": 0, "distance": 2017, "driving_time": 1940, "preparation_time": 0, "load_before": [0], "load_after": [0]}, {"type": "service", "id": "1404598000_33", "location_id": "1404598000", "address": {"location_id": "1404598000", "lat": 42.28618148, "lon": -71.09232363}, "arr_time": 1676288295, "arr_date_time": "2023-02-13T06:38:15-05:00", "end_time": 1676288595, "end_date_time": "2023-02-13T06:43:15-05:00", "waiting_time": 0, "distance": 2074, "driving_time": 1995, "preparation_time": 0, "load_before": [0], "load_after": [0]}, {"type": "service", "id": "1404599000_34", "location_id": "1404599000", "address": {"location_id": "1404599000", "lat": 42.28615602, "lon": -71.09218358}, "arr_time": 1676288607, "arr_date_time": "2023-02-13T06:43:27-05:00", "end_time": 1676288907, "end_date_time": "2023-02-13T06:48:27-05:00", "waiting_time": 0, "distance": 2086, "driving_time": 2007, "preparation_time": 0, "load_before": [0], "load_after": [0]}, {"type": "service", "id": "1404551000_24", "location_id": "1404551000", "address": {"location_id": "1404551000", "lat": 42.28634752, "lon": -71.09138474}, "arr_time": 1676288963, "arr_date_time": "2023-02-13T06:49:23-05:00", "end_time": 1676289263, "end_date_time": "2023-02-13T06:54:23-05:00", "waiting_time": 0, "distance": 2145, "driving_time": 2063, "preparation_time": 0, "load_before": [0], "load_after": [0]}, {"type": "service", "id": "1404584000_30", "location_id": "1404584000", "address": {"location_id": "1404584000", "lat": 42.28590897, "lon": -71.09206903}, "arr_time": 1676289445, "arr_date_time": "2023-02-13T06:57:25-05:00", "end_time": 1676289745, "end_date_time": "2023-02-13T07:02:25-05:00", "waiting_time": 0, "distance": 2335, "driving_time": 2245, "preparation_time": 0, "load_before": [0], "load_after": [0]}, {"type": "service", "id": "1404585000_31", "location_id": "1404585000", "address": {"location_id": "1404585000", "lat": 42.28593582, "lon": -71.09221399}, "arr_time": 1676289757, "arr_date_time": "2023-02-13T07:02:37-05:00", "end_time": 1676290057, "end_date_time": "2023-02-13T07:07:37-05:00", "waiting_time": 0, "distance": 2347, "driving_time": 2257, "preparation_time": 0, "load_before": [0], "load_after": [0]}, {"type": "service", "id": "1404586000_32", "location_id": "1404586000", "address": {"location_id": "1404586000", "lat": 42.28596325, "lon": -71.09236315}, "arr_time": 1676290069, "arr_date_time": "2023-02-13T07:07:49-05:00", "end_time": 1676290369, "end_date_time": "2023-02-13T07:12:49-05:00", "waiting_time": 0, "distance": 2360, "driving_time": 2269, "preparation_time": 0, "load_before": [0], "load_after": [0]}, {"type": "service", "id": "1404728000_47", "location_id": "1404728000", "address": {"location_id": "1404728000", "lat": 42.28405242, "lon": -71.09239175}, "arr_time": 1676290771, "arr_date_time": "2023-02-13T07:19:31-05:00", "end_time": 1676291071, "end_date_time": "2023-02-13T07:24:31-05:00", "waiting_time": 0, "distance": 2779, "driving_time": 2671, "preparation_time": 0, "load_before": [0], "load_after": [0]}, {"type": "service", "id": "1404732000_48", "location_id": "1404732000", "address": {"location_id": "1404732000", "lat": 42.28433006, "lon": -71.09291813}, "arr_time": 1676291121, "arr_date_time": "2023-02-13T07:25:21-05:00", "end_time": 1676291421, "end_date_time": "2023-02-13T07:30:21-05:00", "waiting_time": 0, "distance": 2832, "driving_time": 2721, "preparation_time": 0, "load_before": [0], "load_after": [0]}, {"type": "service", "id": "1404733000_49", "location_id": "1404733000", "address": {"location_id": "1404733000", "lat": 42.28439813, "lon": -71.0930398}, "arr_time": 1676291433, "arr_date_time": "2023-02-13T07:30:33-05:00", "end_time": 1676291733, "end_date_time": "2023-02-13T07:35:33-05:00", "waiting_time": 0, "distance": 2845, "driving_time": 2733, "preparation_time": 0, "load_before": [0], "load_after": [0]}, {"type": "service", "id": "1404701000_45", "location_id": "1404701000", "address": {"location_id": "1404701000", "lat": 42.28500916, "lon": -71.09402802}, "arr_time": 1676291867, "arr_date_time": "2023-02-13T07:37:47-05:00", "end_time": 1676292167, "end_date_time": "2023-02-13T07:42:47-05:00", "waiting_time": 0, "distance": 2984, "driving_time": 2867, "preparation_time": 0, "load_before": [0], "load_after": [0]}, {"type": "service", "id": "1404709000_46", "location_id": "1404709000", "address": {"location_id": "1404709000", "lat": 42.28543068, "lon": -71.09512203}, "arr_time": 1676292285, "arr_date_time": "2023-02-13T07:44:45-05:00", "end_time": 1676292585, "end_date_time": "2023-02-13T07:49:45-05:00", "waiting_time": 0, "distance": 3108, "driving_time": 2985, "preparation_time": 0, "load_before": [0], "load_after": [0]}, {"type": "service", "id": "1404685000_41", "location_id": "1404685000", "address": {"location_id": "1404685000", "lat": 42.28577912, "lon": -71.09599646}, "arr_time": 1676292665, "arr_date_time": "2023-02-13T07:51:05-05:00", "end_time": 1676292965, "end_date_time": "2023-02-13T07:56:05-05:00", "waiting_time": 0, "distance": 3191, "driving_time": 3065, "preparation_time": 0, "load_before": [0], "load_after": [0]}, {"type": "service", "id": "1404657000_39", "location_id": "1404657000", "address": {"location_id": "1404657000", "lat": 42.28632167, "lon": -71.09526309}, "arr_time": 1676293099, "arr_date_time": "2023-02-13T07:58:19-05:00", "end_time": 1676293399, "end_date_time": "2023-02-13T08:03:19-05:00", "waiting_time": 0, "distance": 3330, "driving_time": 3199, "preparation_time": 0, "load_before": [0], "load_after": [0]}, {"type": "service", "id": "1404690000_42", "location_id": "1404690000", "address": {"location_id": "1404690000", "lat": 42.28579344, "lon": -71.0951906}, "arr_time": 1676293448, "arr_date_time": "2023-02-13T08:04:08-05:00", "end_time": 1676293748, "end_date_time": "2023-02-13T08:09:08-05:00", "waiting_time": 0, "distance": 3381, "driving_time": 3248, "preparation_time": 0, "load_before": [0], "load_after": [0]}, {"type": "service", "id": "1404693000_43", "location_id": "1404693000", "address": {"location_id": "1404693000", "lat": 42.28552633, "lon": -71.09466047}, "arr_time": 1676293799, "arr_date_time": "2023-02-13T08:09:59-05:00", "end_time": 1676294099, "end_date_time": "2023-02-13T08:14:59-05:00", "waiting_time": 0, "distance": 3434, "driving_time": 3299, "preparation_time": 0, "load_before": [0], "load_after": [0]}, {"type": "service", "id": "1404694000_44", "location_id": "1404694000", "address": {"location_id": "1404694000", "lat": 42.28543432, "lon": -71.09448036}, "arr_time": 1676294116, "arr_date_time": "2023-02-13T08:15:16-05:00", "end_time": 1676294416, "end_date_time": "2023-02-13T08:20:16-05:00", "waiting_time": 0, "distance": 3452, "driving_time": 3316, "preparation_time": 0, "load_before": [0], "load_after": [0]}, {"type": "service", "id": "1404680000_40", "location_id": "1404680000", "address": {"location_id": "1404680000", "lat": 42.28566348, "lon": -71.09395555}, "arr_time": 1676294436, "arr_date_time": "2023-02-13T08:20:36-05:00", "end_time": 1676294736, "end_date_time": "2023-02-13T08:25:36-05:00", "waiting_time": 0, "distance": 3473, "driving_time": 3336, "preparation_time": 0, "load_before": [0], "load_after": [0]}, {"type": "service", "id": "1404639000_37", "location_id": "1404639000", "address": {"location_id": "1404639000", "lat": 42.28655785, "lon": -71.0952234}, "arr_time": 1676294996, "arr_date_time": "2023-02-13T08:29:56-05:00", "end_time": 1676295296, "end_date_time": "2023-02-13T08:34:56-05:00", "waiting_time": 0, "distance": 3744, "driving_time": 3596, "preparation_time": 0, "load_before": [0], "load_after": [0]}, {"type": "service", "id": "1404635000_35", "location_id": "1404635000", "address": {"location_id": "1404635000", "lat": 42.28712477, "lon": -71.09477767}, "arr_time": 1676295377, "arr_date_time": "2023-02-13T08:36:17-05:00", "end_time": 1676295677, "end_date_time": "2023-02-13T08:41:17-05:00", "waiting_time": 0, "distance": 3829, "driving_time": 3677, "preparation_time": 0, "load_before": [0], "load_after": [0]}, {"type": "service", "id": "1404636000_36", "location_id": "1404636000", "address": {"location_id": "1404636000", "lat": 42.28717109, "lon": -71.09460241}, "arr_time": 1676295695, "arr_date_time": "2023-02-13T08:41:35-05:00", "end_time": 1676295995, "end_date_time": "2023-02-13T08:46:35-05:00", "waiting_time": 0, "distance": 3847, "driving_time": 3695, "preparation_time": 0, "load_before": [0], "load_after": [0]}, {"type": "service", "id": "1404532000_22", "location_id": "1404532000", "address": {"location_id": "1404532000", "lat": 42.28764167, "lon": -71.09361426}, "arr_time": 1676296100, "arr_date_time": "2023-02-13T08:48:20-05:00", "end_time": 1676296400, "end_date_time": "2023-02-13T08:53:20-05:00", "waiting_time": 0, "distance": 3957, "driving_time": 3800, "preparation_time": 0, "load_before": [0], "load_after": [0]}, {"type": "service", "id": "1404540000_23", "location_id": "1404540000", "address": {"location_id": "1404540000", "lat": 42.28737935, "lon": -71.09255161}, "arr_time": 1676296488, "arr_date_time": "2023-02-13T08:54:48-05:00", "end_time": 1676296788, "end_date_time": "2023-02-13T08:59:48-05:00", "waiting_time": 0, "distance": 4049, "driving_time": 3888, "preparation_time": 0, "load_before": [0], "load_after": [0]}, {"type": "service", "id": "1404501000_20", "location_id": "1404501000", "address": {"location_id": "1404501000", "lat": 42.28805239, "lon": -71.09271491}, "arr_time": 1676296957, "arr_date_time": "2023-02-13T09:02:37-05:00", "end_time": 1676297257, "end_date_time": "2023-02-13T09:07:37-05:00", "waiting_time": 0, "distance": 4225, "driving_time": 4057, "preparation_time": 0, "load_before": [0], "load_after": [0]}, {"type": "service", "id": "1404473000_15", "location_id": "1404473000", "address": {"location_id": "1404473000", "lat": 42.28846749, "lon": -71.0922947}, "arr_time": 1676297308, "arr_date_time": "2023-02-13T09:08:28-05:00", "end_time": 1676297608, "end_date_time": "2023-02-13T09:13:28-05:00", "waiting_time": 0, "distance": 4278, "driving_time": 4108, "preparation_time": 0, "load_before": [0], "load_after": [0]}, {"type": "service", "id": "1405196780_68", "location_id": "1405196780", "address": {"location_id": "1405196780", "lat": 42.28992582, "lon": -71.09332134}, "arr_time": 1676297809, "arr_date_time": "2023-02-13T09:16:49-05:00", "end_time": 1676298109, "end_date_time": "2023-02-13T09:21:49-05:00", "waiting_time": 0, "distance": 4487, "driving_time": 4309, "preparation_time": 0, "load_before": [0], "load_after": [0]}, {"type": "service", "id": "1405196770_67", "location_id": "1405196770", "address": {"location_id": "1405196770", "lat": 42.29012415, "lon": -71.0932056}, "arr_time": 1676298187, "arr_date_time": "2023-02-13T09:23:07-05:00", "end_time": 1676298487, "end_date_time": "2023-02-13T09:28:07-05:00", "waiting_time": 0, "distance": 4567, "driving_time": 4387, "preparation_time": 0, "load_before": [0], "load_after": [0]}, {"type": "service", "id": "1405196340_50", "location_id": "1405196340", "address": {"location_id": "1405196340", "lat": 42.28991008, "lon": -71.09275719}, "arr_time": 1676298488, "arr_date_time": "2023-02-13T09:28:08-05:00", "end_time": 1676298788, "end_date_time": "2023-02-13T09:33:08-05:00", "waiting_time": 0, "distance": 4569, "driving_time": 4388, "preparation_time": 0, "load_before": [0], "load_after": [0]}, {"type": "service", "id": "1405196760_66", "location_id": "1405196760", "address": {"location_id": "1405196760", "lat": 42.29027147, "lon": -71.09307017}, "arr_time": 1676298805, "arr_date_time": "2023-02-13T09:33:25-05:00", "end_time": 1676299105, "end_date_time": "2023-02-13T09:38:25-05:00", "waiting_time": 0, "distance": 4587, "driving_time": 4405, "preparation_time": 0, "load_before": [0], "load_after": [0]}, {"type": "service", "id": "1405196350_51", "location_id": "1405196350", "address": {"location_id": "1405196350", "lat": 42.29004586, "lon": -71.09263177}, "arr_time": 1676299105, "arr_date_time": "2023-02-13T09:38:25-05:00", "end_time": 1676299405, "end_date_time": "2023-02-13T09:43:25-05:00", "waiting_time": 0, "distance": 4587, "driving_time": 4405, "preparation_time": 0, "load_before": [0], "load_after": [0]}, {"type": "service", "id": "1405196360_52", "location_id": "1405196360", "address": {"location_id": "1405196360", "lat": 42.29018147, "lon": -71.09250601}, "arr_time": 1676299424, "arr_date_time": "2023-02-13T09:43:44-05:00", "end_time": 1676299724, "end_date_time": "2023-02-13T09:48:44-05:00", "waiting_time": 0, "distance": 4606, "driving_time": 4424, "preparation_time": 0, "load_before": [0], "load_after": [0]}, {"type": "service", "id": "1405196740_65", "location_id": "1405196740", "address": {"location_id": "1405196740", "lat": 42.29056611, "lon": -71.0927993}, "arr_time": 1676299745, "arr_date_time": "2023-02-13T09:49:05-05:00", "end_time": 1676300045, "end_date_time": "2023-02-13T09:54:05-05:00", "waiting_time": 0, "distance": 4628, "driving_time": 4445, "preparation_time": 0, "load_before": [0], "load_after": [0]}, {"type": "service", "id": "1405196380_53", "location_id": "1405196380", "address": {"location_id": "1405196380", "lat": 42.29047465, "lon": -71.09229757}, "arr_time": 1676300059, "arr_date_time": "2023-02-13T09:54:19-05:00", "end_time": 1676300359, "end_date_time": "2023-02-13T09:59:19-05:00", "waiting_time": 0, "distance": 4643, "driving_time": 4459, "preparation_time": 0, "load_before": [0], "load_after": [0]}, {"type": "service", "id": "1405196730_64", "location_id": "1405196730", "address": {"location_id": "1405196730", "lat": 42.29071343, "lon": -71.09266387}, "arr_time": 1676300364, "arr_date_time": "2023-02-13T09:59:24-05:00", "end_time": 1676300664, "end_date_time": "2023-02-13T10:04:24-05:00", "waiting_time": 0, "distance": 4648, "driving_time": 4464, "preparation_time": 0, "load_before": [0], "load_after": [0]}, {"type": "service", "id": "1405196710_63", "location_id": "1405196710", "address": {"location_id": "1405196710", "lat": 42.2910082, "lon": -71.09239289}, "arr_time": 1676300703, "arr_date_time": "2023-02-13T10:05:03-05:00", "end_time": 1676301003, "end_date_time": "2023-02-13T10:10:03-05:00", "waiting_time": 0, "distance": 4688, "driving_time": 4503, "preparation_time": 0, "load_before": [0], "load_after": [0]}, {"type": "service", "id": "1405196410_54", "location_id": "1405196410", "address": {"location_id": "1405196410", "lat": 42.29091593, "lon": -71.09188994}, "arr_time": 1676301016, "arr_date_time": "2023-02-13T10:10:16-05:00", "end_time": 1676301316, "end_date_time": "2023-02-13T10:15:16-05:00", "waiting_time": 0, "distance": 4703, "driving_time": 4516, "preparation_time": 0, "load_before": [0], "load_after": [0]}, {"type": "service", "id": "1405196700_62", "location_id": "1405196700", "address": {"location_id": "1405196700", "lat": 42.2911589, "lon": -71.09225434}, "arr_time": 1676301321, "arr_date_time": "2023-02-13T10:15:21-05:00", "end_time": 1676301621, "end_date_time": "2023-02-13T10:20:21-05:00", "waiting_time": 0, "distance": 4709, "driving_time": 4521, "preparation_time": 0, "load_before": [0], "load_after": [0]}, {"type": "service", "id": "1405196420_55", "location_id": "1405196420", "address": {"location_id": "1405196420", "lat": 42.29106528, "lon": -71.09175197}, "arr_time": 1676301635, "arr_date_time": "2023-02-13T10:20:35-05:00", "end_time": 1676301935, "end_date_time": "2023-02-13T10:25:35-05:00", "waiting_time": 0, "distance": 4723, "driving_time": 4535, "preparation_time": 0, "load_before": [0], "load_after": [0]}, {"type": "service", "id": "1405196690_61", "location_id": "1405196690", "address": {"location_id": "1405196690", "lat": 42.29130271, "lon": -71.09212213}, "arr_time": 1676301940, "arr_date_time": "2023-02-13T10:25:40-05:00", "end_time": 1676302240, "end_date_time": "2023-02-13T10:30:40-05:00", "waiting_time": 0, "distance": 4728, "driving_time": 4540, "preparation_time": 0, "load_before": [0], "load_after": [0]}, {"type": "service", "id": "1405196430_56", "location_id": "1405196430", "address": {"location_id": "1405196430", "lat": 42.29120013, "lon": -71.09160512}, "arr_time": 1676302253, "arr_date_time": "2023-02-13T10:30:53-05:00", "end_time": 1676302553, "end_date_time": "2023-02-13T10:35:53-05:00", "waiting_time": 0, "distance": 4742, "driving_time": 4553, "preparation_time": 0, "load_before": [0], "load_after": [0]}, {"type": "service", "id": "1405196680_60", "location_id": "1405196680", "address": {"location_id": "1405196680", "lat": 42.29145003, "lon": -71.0919867}, "arr_time": 1676302559, "arr_date_time": "2023-02-13T10:35:59-05:00", "end_time": 1676302859, "end_date_time": "2023-02-13T10:40:59-05:00", "waiting_time": 0, "distance": 4748, "driving_time": 4559, "preparation_time": 0, "load_before": [0], "load_after": [0]}, {"type": "service", "id": "1405196440_57", "location_id": "1405196440", "address": {"location_id": "1405196440", "lat": 42.2913427, "lon": -71.09147342}, "arr_time": 1676302872, "arr_date_time": "2023-02-13T10:41:12-05:00", "end_time": 1676303172, "end_date_time": "2023-02-13T10:46:12-05:00", "waiting_time": 0, "distance": 4762, "driving_time": 4572, "preparation_time": 0, "load_before": [0], "load_after": [0]}, {"type": "service", "id": "1405196670_59", "location_id": "1405196670", "address": {"location_id": "1405196670", "lat": 42.29160529, "lon": -71.09184397}, "arr_time": 1676303179, "arr_date_time": "2023-02-13T10:46:19-05:00", "end_time": 1676303479, "end_date_time": "2023-02-13T10:51:19-05:00", "waiting_time": 0, "distance": 4769, "driving_time": 4579, "preparation_time": 0, "load_before": [0], "load_after": [0]}, {"type": "service", "id": "1405196660_58", "location_id": "1405196660", "address": {"location_id": "1405196660", "lat": 42.29176085, "lon": -71.09170278}, "arr_time": 1676303544, "arr_date_time": "2023-02-13T10:52:24-05:00", "end_time": 1676303844, "end_date_time": "2023-02-13T10:57:24-05:00", "waiting_time": 0, "distance": 4837, "driving_time": 4644, "preparation_time": 0, "load_before": [0], "load_after": [0]}, {"type": "end", "location_id": "1404354000", "address": {"location_id": "1404354000", "lat": 42.29287648, "lon": -71.08904867}, "arr_time": 1676304200, "arr_date_time": "2023-02-13T11:03:20-05:00", "end_time": 1676304200, "end_date_time": "2023-02-13T11:03:20-05:00", "waiting_time": 0, "distance": 5208, "driving_time": 5000, "preparation_time": 0, "load_before": [0]}]}], "unassigned": {"services": [], "shipments": [], "breaks": [], "details": []}}}