{"copyrights": ["GraphHopper", "OpenStreetMap contributors"], "job_id": "94e09fed-8450-4ffa-aa7a-1d0447bacd76", "status": "finished", "waiting_time_in_queue": 0, "processing_time": 106, "solution": {"costs": 322, "distance": 2005, "time": 1923, "transport_time": 1923, "completion_time": 15123, "max_operation_time": 15123, "waiting_time": 0, "service_duration": 13200, "preparation_time": 0, "no_vehicles": 1, "no_unassigned": 0, "routes": [{"vehicle_id": "my_vehicle", "shift_id": "default-shift", "distance": 2005, "transport_time": 1923, "completion_time": 15123, "waiting_time": 0, "service_duration": 13200, "preparation_time": 0, "activities": [{"type": "start", "location_id": "1605354001", "address": {"location_id": "1605354001", "lat": 42.28605437, "lon": -71.06214552}, "arr_time": 1676278800, "arr_date_time": "2023-02-13T04:00:00-05:00", "end_time": 1676278800, "end_date_time": "2023-02-13T04:00:00-05:00", "waiting_time": 0, "distance": 0, "driving_time": 0, "preparation_time": 0, "load_after": [0]}, {"type": "service", "id": "1605344000_40", "location_id": "1605344000", "address": {"location_id": "1605344000", "lat": 42.28541861, "lon": -71.06187385}, "arr_time": 1676278873, "arr_date_time": "2023-02-13T04:01:13-05:00", "end_time": 1676279173, "end_date_time": "2023-02-13T04:06:13-05:00", "waiting_time": 0, "distance": 76, "driving_time": 73, "preparation_time": 0, "load_before": [0], "load_after": [0]}, {"type": "service", "id": "1603370010_01", "location_id": "1603370010", "address": {"location_id": "1603370010", "lat": 42.28534686, "lon": -71.06130637}, "arr_time": 1676279189, "arr_date_time": "2023-02-13T04:06:29-05:00", "end_time": 1676279489, "end_date_time": "2023-02-13T04:11:29-05:00", "waiting_time": 0, "distance": 93, "driving_time": 89, "preparation_time": 0, "load_before": [0], "load_after": [0]}, {"type": "service", "id": "1605343000_39", "location_id": "1605343000", "address": {"location_id": "1605343000", "lat": 42.28556127, "lon": -71.06192753}, "arr_time": 1676279560, "arr_date_time": "2023-02-13T04:12:40-05:00", "end_time": 1676279860, "end_date_time": "2023-02-13T04:17:40-05:00", "waiting_time": 0, "distance": 167, "driving_time": 160, "preparation_time": 0, "load_before": [0], "load_after": [0]}, {"type": "service", "id": "1605342000_38", "location_id": "1605342000", "address": {"location_id": "1605342000", "lat": 42.28537876, "lon": -71.06210698}, "arr_time": 1676279880, "arr_date_time": "2023-02-13T04:18:00-05:00", "end_time": 1676280180, "end_date_time": "2023-02-13T04:23:00-05:00", "waiting_time": 0, "distance": 188, "driving_time": 180, "preparation_time": 0, "load_before": [0], "load_after": [0]}, {"type": "service", "id": "1605357000_43", "location_id": "1605357000", "address": {"location_id": "1605357000", "lat": 42.28579414, "lon": -71.06234273}, "arr_time": 1676280180, "arr_date_time": "2023-02-13T04:23:00-05:00", "end_time": 1676280480, "end_date_time": "2023-02-13T04:28:00-05:00", "waiting_time": 0, "distance": 189, "driving_time": 180, "preparation_time": 0, "load_before": [0], "load_after": [0]}, {"type": "service", "id": "1605341000_37", "location_id": "1605341000", "address": {"location_id": "1605341000", "lat": 42.28536404, "lon": -71.06232165}, "arr_time": 1676280496, "arr_date_time": "2023-02-13T04:28:16-05:00", "end_time": 1676280796, "end_date_time": "2023-02-13T04:33:16-05:00", "waiting_time": 0, "distance": 205, "driving_time": 196, "preparation_time": 0, "load_before": [0], "load_after": [0]}, {"type": "service", "id": "1605359000_44", "location_id": "1605359000", "address": {"location_id": "1605359000", "lat": 42.28569373, "lon": -71.0626809}, "arr_time": 1676280809, "arr_date_time": "2023-02-13T04:33:29-05:00", "end_time": 1676281109, "end_date_time": "2023-02-13T04:38:29-05:00", "waiting_time": 0, "distance": 219, "driving_time": 209, "preparation_time": 0, "load_before": [0], "load_after": [0]}, {"type": "service", "id": "1605340000_36", "location_id": "1605340000", "address": {"location_id": "1605340000", "lat": 42.28530313, "lon": -71.06253367}, "arr_time": 1676281115, "arr_date_time": "2023-02-13T04:38:35-05:00", "end_time": 1676281415, "end_date_time": "2023-02-13T04:43:35-05:00", "waiting_time": 0, "distance": 224, "driving_time": 215, "preparation_time": 0, "load_before": [0], "load_after": [0]}, {"type": "service", "id": "1605339000_35", "location_id": "1605339000", "address": {"location_id": "1605339000", "lat": 42.28523968, "lon": -71.06274395}, "arr_time": 1676281432, "arr_date_time": "2023-02-13T04:43:52-05:00", "end_time": 1676281732, "end_date_time": "2023-02-13T04:48:52-05:00", "waiting_time": 0, "distance": 243, "driving_time": 232, "preparation_time": 0, "load_before": [0], "load_after": [0]}, {"type": "service", "id": "1605337000_34", "location_id": "1605337000", "address": {"location_id": "1605337000", "lat": 42.28512042, "lon": -71.06314352}, "arr_time": 1676281801, "arr_date_time": "2023-02-13T04:50:01-05:00", "end_time": 1676282101, "end_date_time": "2023-02-13T04:55:01-05:00", "waiting_time": 0, "distance": 315, "driving_time": 301, "preparation_time": 0, "load_before": [0], "load_after": [0]}, {"type": "service", "id": "1605350000_42", "location_id": "1605350000", "address": {"location_id": "1605350000", "lat": 42.28488039, "lon": -71.06263951}, "arr_time": 1676282200, "arr_date_time": "2023-02-13T04:56:40-05:00", "end_time": 1676282500, "end_date_time": "2023-02-13T05:01:40-05:00", "waiting_time": 0, "distance": 418, "driving_time": 400, "preparation_time": 0, "load_before": [0], "load_after": [0]}, {"type": "service", "id": "1605322000_33", "location_id": "1605322000", "address": {"location_id": "1605322000", "lat": 42.28450287, "lon": -71.06242067}, "arr_time": 1676282501, "arr_date_time": "2023-02-13T05:01:41-05:00", "end_time": 1676282801, "end_date_time": "2023-02-13T05:06:41-05:00", "waiting_time": 0, "distance": 419, "driving_time": 401, "preparation_time": 0, "load_before": [0], "load_after": [0]}, {"type": "service", "id": "1605348000_41", "location_id": "1605348000", "address": {"location_id": "1605348000", "lat": 42.28501901, "lon": -71.06230815}, "arr_time": 1676282829, "arr_date_time": "2023-02-13T05:07:09-05:00", "end_time": 1676283129, "end_date_time": "2023-02-13T05:12:09-05:00", "waiting_time": 0, "distance": 449, "driving_time": 429, "preparation_time": 0, "load_before": [0], "load_after": [0]}, {"type": "service", "id": "1604764000_04", "location_id": "1604764000", "address": {"location_id": "1604764000", "lat": 42.28390134, "lon": -71.06272485}, "arr_time": 1676283272, "arr_date_time": "2023-02-13T05:14:32-05:00", "end_time": 1676283572, "end_date_time": "2023-02-13T05:19:32-05:00", "waiting_time": 0, "distance": 598, "driving_time": 572, "preparation_time": 0, "load_before": [0], "load_after": [0]}, {"type": "service", "id": "1605305000_26", "location_id": "1605305000", "address": {"location_id": "1605305000", "lat": 42.28356437, "lon": -71.0622311}, "arr_time": 1676283620, "arr_date_time": "2023-02-13T05:20:20-05:00", "end_time": 1676283920, "end_date_time": "2023-02-13T05:25:20-05:00", "waiting_time": 0, "distance": 648, "driving_time": 620, "preparation_time": 0, "load_before": [0], "load_after": [0]}, {"type": "service", "id": "1604768000_05", "location_id": "1604768000", "address": {"location_id": "1604768000", "lat": 42.28335583, "lon": -71.06258753}, "arr_time": 1676283931, "arr_date_time": "2023-02-13T05:25:31-05:00", "end_time": 1676284231, "end_date_time": "2023-02-13T05:30:31-05:00", "waiting_time": 0, "distance": 659, "driving_time": 631, "preparation_time": 0, "load_before": [0], "load_after": [0]}, {"type": "service", "id": "1605306000_27", "location_id": "1605306000", "address": {"location_id": "1605306000", "lat": 42.2836358, "lon": -71.06199307}, "arr_time": 1676284299, "arr_date_time": "2023-02-13T05:31:39-05:00", "end_time": 1676284599, "end_date_time": "2023-02-13T05:36:39-05:00", "waiting_time": 0, "distance": 730, "driving_time": 699, "preparation_time": 0, "load_before": [0], "load_after": [0]}, {"type": "service", "id": "1605308000_28", "location_id": "1605308000", "address": {"location_id": "1605308000", "lat": 42.28384381, "lon": -71.06153351}, "arr_time": 1676284640, "arr_date_time": "2023-02-13T05:37:20-05:00", "end_time": 1676284940, "end_date_time": "2023-02-13T05:42:20-05:00", "waiting_time": 0, "distance": 774, "driving_time": 740, "preparation_time": 0, "load_before": [0], "load_after": [0]}, {"type": "service", "id": "1605309000_29", "location_id": "1605309000", "address": {"location_id": "1605309000", "lat": 42.28393336, "lon": -71.06121715}, "arr_time": 1676284967, "arr_date_time": "2023-02-13T05:42:47-05:00", "end_time": 1676285267, "end_date_time": "2023-02-13T05:47:47-05:00", "waiting_time": 0, "distance": 802, "driving_time": 767, "preparation_time": 0, "load_before": [0], "load_after": [0]}, {"type": "service", "id": "1603375000_02", "location_id": "1603375000", "address": {"location_id": "1603375000", "lat": 42.28431596, "lon": -71.06079841}, "arr_time": 1676285301, "arr_date_time": "2023-02-13T05:48:21-05:00", "end_time": 1676285601, "end_date_time": "2023-02-13T05:53:21-05:00", "waiting_time": 0, "distance": 838, "driving_time": 801, "preparation_time": 0, "load_before": [0], "load_after": [0]}, {"type": "service", "id": "1603383000_03", "location_id": "1603383000", "address": {"location_id": "1603383000", "lat": 42.28403815, "lon": -71.06065042}, "arr_time": 1676285673, "arr_date_time": "2023-02-13T05:54:33-05:00", "end_time": 1676285973, "end_date_time": "2023-02-13T05:59:33-05:00", "waiting_time": 0, "distance": 913, "driving_time": 873, "preparation_time": 0, "load_before": [0], "load_after": [0]}, {"type": "service", "id": "1605302000_24", "location_id": "1605302000", "address": {"location_id": "1605302000", "lat": 42.28322134, "lon": -71.06083159}, "arr_time": 1676286065, "arr_date_time": "2023-02-13T06:01:05-05:00", "end_time": 1676286365, "end_date_time": "2023-02-13T06:06:05-05:00", "waiting_time": 0, "distance": 1008, "driving_time": 965, "preparation_time": 0, "load_before": [0], "load_after": [0]}, {"type": "service", "id": "1605314000_30", "location_id": "1605314000", "address": {"location_id": "1605314000", "lat": 42.28337288, "lon": -71.06133113}, "arr_time": 1676286396, "arr_date_time": "2023-02-13T06:06:36-05:00", "end_time": 1676286696, "end_date_time": "2023-02-13T06:11:36-05:00", "waiting_time": 0, "distance": 1040, "driving_time": 996, "preparation_time": 0, "load_before": [0], "load_after": [0]}, {"type": "service", "id": "1605298000_23", "location_id": "1605298000", "address": {"location_id": "1605298000", "lat": 42.28298248, "lon": -71.06133852}, "arr_time": 1676286712, "arr_date_time": "2023-02-13T06:11:52-05:00", "end_time": 1676287012, "end_date_time": "2023-02-13T06:16:52-05:00", "waiting_time": 0, "distance": 1057, "driving_time": 1012, "preparation_time": 0, "load_before": [0], "load_after": [0]}, {"type": "service", "id": "1605315000_31", "location_id": "1605315000", "address": {"location_id": "1605315000", "lat": 42.28337535, "lon": -71.06156414}, "arr_time": 1676287013, "arr_date_time": "2023-02-13T06:16:53-05:00", "end_time": 1676287313, "end_date_time": "2023-02-13T06:21:53-05:00", "waiting_time": 0, "distance": 1058, "driving_time": 1013, "preparation_time": 0, "load_before": [0], "load_after": [0]}, {"type": "service", "id": "1605297000_22", "location_id": "1605297000", "address": {"location_id": "1605297000", "lat": 42.28288122, "lon": -71.06154163}, "arr_time": 1676287332, "arr_date_time": "2023-02-13T06:22:12-05:00", "end_time": 1676287632, "end_date_time": "2023-02-13T06:27:12-05:00", "waiting_time": 0, "distance": 1077, "driving_time": 1032, "preparation_time": 0, "load_before": [0], "load_after": [0]}, {"type": "service", "id": "1605316000_32", "location_id": "1605316000", "address": {"location_id": "1605316000", "lat": 42.28330218, "lon": -71.06181009}, "arr_time": 1676287635, "arr_date_time": "2023-02-13T06:27:15-05:00", "end_time": 1676287935, "end_date_time": "2023-02-13T06:32:15-05:00", "waiting_time": 0, "distance": 1080, "driving_time": 1035, "preparation_time": 0, "load_before": [0], "load_after": [0]}, {"type": "service", "id": "1604772000_06", "location_id": "1604772000", "address": {"location_id": "1604772000", "lat": 42.28261729, "lon": -71.06210116}, "arr_time": 1676288001, "arr_date_time": "2023-02-13T06:33:21-05:00", "end_time": 1676288301, "end_date_time": "2023-02-13T06:38:21-05:00", "waiting_time": 0, "distance": 1149, "driving_time": 1101, "preparation_time": 0, "load_before": [0], "load_after": [0]}, {"type": "service", "id": "1605293001_21", "location_id": "1605293001", "address": {"location_id": "1605293001", "lat": 42.28263843, "lon": -71.06127342}, "arr_time": 1676288383, "arr_date_time": "2023-02-13T06:39:43-05:00", "end_time": 1676288683, "end_date_time": "2023-02-13T06:44:43-05:00", "waiting_time": 0, "distance": 1234, "driving_time": 1183, "preparation_time": 0, "load_before": [0], "load_after": [0]}, {"type": "service", "id": "1605286000_16", "location_id": "1605286000", "address": {"location_id": "1605286000", "lat": 42.28237579, "lon": -71.06099924}, "arr_time": 1676288692, "arr_date_time": "2023-02-13T06:44:52-05:00", "end_time": 1676288992, "end_date_time": "2023-02-13T06:49:52-05:00", "waiting_time": 0, "distance": 1244, "driving_time": 1192, "preparation_time": 0, "load_before": [0], "load_after": [0]}, {"type": "service", "id": "1605293000_20", "location_id": "1605293000", "address": {"location_id": "1605293000", "lat": 42.28268598, "lon": -71.0611064}, "arr_time": 1676288996, "arr_date_time": "2023-02-13T06:49:56-05:00", "end_time": 1676289296, "end_date_time": "2023-02-13T06:54:56-05:00", "waiting_time": 0, "distance": 1248, "driving_time": 1196, "preparation_time": 0, "load_before": [0], "load_after": [0]}, {"type": "service", "id": "1605287000_17", "location_id": "1605287000", "address": {"location_id": "1605287000", "lat": 42.28242872, "lon": -71.0608252}, "arr_time": 1676289307, "arr_date_time": "2023-02-13T06:55:07-05:00", "end_time": 1676289607, "end_date_time": "2023-02-13T07:00:07-05:00", "waiting_time": 0, "distance": 1259, "driving_time": 1207, "preparation_time": 0, "load_before": [0], "load_after": [0]}, {"type": "service", "id": "1605292000_19", "location_id": "1605292000", "address": {"location_id": "1605292000", "lat": 42.28274149, "lon": -71.06093324}, "arr_time": 1676289611, "arr_date_time": "2023-02-13T07:00:11-05:00", "end_time": 1676289911, "end_date_time": "2023-02-13T07:05:11-05:00", "waiting_time": 0, "distance": 1264, "driving_time": 1211, "preparation_time": 0, "load_before": [0], "load_after": [0]}, {"type": "service", "id": "1605285000_15", "location_id": "1605285000", "address": {"location_id": "1605285000", "lat": 42.2823202, "lon": -71.06117502}, "arr_time": 1676289945, "arr_date_time": "2023-02-13T07:05:45-05:00", "end_time": 1676290245, "end_date_time": "2023-02-13T07:10:45-05:00", "waiting_time": 0, "distance": 1300, "driving_time": 1245, "preparation_time": 0, "load_before": [0], "load_after": [0]}, {"type": "service", "id": "1604774000_07", "location_id": "1604774000", "address": {"location_id": "1604774000", "lat": 42.28237058, "lon": -71.06190995}, "arr_time": 1676290296, "arr_date_time": "2023-02-13T07:11:36-05:00", "end_time": 1676290596, "end_date_time": "2023-02-13T07:16:36-05:00", "waiting_time": 0, "distance": 1353, "driving_time": 1296, "preparation_time": 0, "load_before": [0], "load_after": [0]}, {"type": "service", "id": "1605282000_14", "location_id": "1605282000", "address": {"location_id": "1605282000", "lat": 42.2819611, "lon": -71.06151061}, "arr_time": 1676290640, "arr_date_time": "2023-02-13T07:17:20-05:00", "end_time": 1676290940, "end_date_time": "2023-02-13T07:22:20-05:00", "waiting_time": 0, "distance": 1399, "driving_time": 1340, "preparation_time": 0, "load_before": [0], "load_after": [0]}, {"type": "service", "id": "1605280000_13", "location_id": "1605280000", "address": {"location_id": "1605280000", "lat": 42.28203173, "lon": -71.06126454}, "arr_time": 1676290992, "arr_date_time": "2023-02-13T07:23:12-05:00", "end_time": 1676291292, "end_date_time": "2023-02-13T07:28:12-05:00", "waiting_time": 0, "distance": 1453, "driving_time": 1392, "preparation_time": 0, "load_before": [0], "load_after": [0]}, {"type": "service", "id": "1605273000_09", "location_id": "1605273000", "address": {"location_id": "1605273000", "lat": 42.28187421, "lon": -71.06068012}, "arr_time": 1676291328, "arr_date_time": "2023-02-13T07:28:48-05:00", "end_time": 1676291628, "end_date_time": "2023-02-13T07:33:48-05:00", "waiting_time": 0, "distance": 1491, "driving_time": 1428, "preparation_time": 0, "load_before": [0], "load_after": [0]}, {"type": "service", "id": "1605278000_12", "location_id": "1605278000", "address": {"location_id": "1605278000", "lat": 42.28217146, "lon": -71.06083194}, "arr_time": 1676291629, "arr_date_time": "2023-02-13T07:33:49-05:00", "end_time": 1676291929, "end_date_time": "2023-02-13T07:38:49-05:00", "waiting_time": 0, "distance": 1492, "driving_time": 1429, "preparation_time": 0, "load_before": [0], "load_after": [0]}, {"type": "service", "id": "1605274000_10", "location_id": "1605274000", "address": {"location_id": "1605274000", "lat": 42.2819405, "lon": -71.06046724}, "arr_time": 1676291947, "arr_date_time": "2023-02-13T07:39:07-05:00", "end_time": 1676292247, "end_date_time": "2023-02-13T07:44:07-05:00", "waiting_time": 0, "distance": 1510, "driving_time": 1447, "preparation_time": 0, "load_before": [0], "load_after": [0]}, {"type": "service", "id": "1605277000_11", "location_id": "1605277000", "address": {"location_id": "1605277000", "lat": 42.28223959, "lon": -71.06060781}, "arr_time": 1676292248, "arr_date_time": "2023-02-13T07:44:08-05:00", "end_time": 1676292548, "end_date_time": "2023-02-13T07:49:08-05:00", "waiting_time": 0, "distance": 1512, "driving_time": 1448, "preparation_time": 0, "load_before": [0], "load_after": [0]}, {"type": "service", "id": "1605289000_18", "location_id": "1605289000", "address": {"location_id": "1605289000", "lat": 42.28254023, "lon": -71.06046517}, "arr_time": 1676292624, "arr_date_time": "2023-02-13T07:50:24-05:00", "end_time": 1676292924, "end_date_time": "2023-02-13T07:55:24-05:00", "waiting_time": 0, "distance": 1591, "driving_time": 1524, "preparation_time": 0, "load_before": [0], "load_after": [0]}, {"type": "service", "id": "1605304000_25", "location_id": "1605304000", "address": {"location_id": "1605304000", "lat": 42.28300168, "lon": -71.06072533}, "arr_time": 1676292977, "arr_date_time": "2023-02-13T07:56:17-05:00", "end_time": 1676293277, "end_date_time": "2023-02-13T08:01:17-05:00", "waiting_time": 0, "distance": 1646, "driving_time": 1577, "preparation_time": 0, "load_before": [0], "load_after": [0]}, {"type": "service", "id": "1605242000_08", "location_id": "1605242000", "address": {"location_id": "1605242000", "lat": 42.28310152, "lon": -71.06029772}, "arr_time": 1676293277, "arr_date_time": "2023-02-13T08:01:17-05:00", "end_time": 1676293577, "end_date_time": "2023-02-13T08:06:17-05:00", "waiting_time": 0, "distance": 1646, "driving_time": 1577, "preparation_time": 0, "load_before": [0], "load_after": [0]}, {"type": "end", "location_id": "1605354001", "address": {"location_id": "1605354001", "lat": 42.28605437, "lon": -71.06214552}, "arr_time": 1676293923, "arr_date_time": "2023-02-13T08:12:03-05:00", "end_time": 1676293923, "end_date_time": "2023-02-13T08:12:03-05:00", "waiting_time": 0, "distance": 2005, "driving_time": 1923, "preparation_time": 0, "load_before": [0]}]}], "unassigned": {"services": [], "shipments": [], "breaks": [], "details": []}}}