{"copyrights": ["GraphHopper", "OpenStreetMap contributors"], "job_id": "42fe1386-369b-45bb-b0aa-830aa677157f", "status": "finished", "waiting_time_in_queue": 0, "processing_time": 133, "solution": {"costs": 368, "distance": 3047, "time": 2928, "transport_time": 2928, "completion_time": 20928, "max_operation_time": 20928, "waiting_time": 0, "service_duration": 18000, "preparation_time": 0, "no_vehicles": 1, "no_unassigned": 0, "routes": [{"vehicle_id": "my_vehicle", "shift_id": "default-shift", "distance": 3047, "transport_time": 2928, "completion_time": 20928, "waiting_time": 0, "service_duration": 18000, "preparation_time": 0, "activities": [{"type": "start", "location_id": "1701809000", "address": {"location_id": "1701809000", "lat": 42.28729207, "lon": -71.07777027}, "arr_time": 1676278800, "arr_date_time": "2023-02-13T04:00:00-05:00", "end_time": 1676278800, "end_date_time": "2023-02-13T04:00:00-05:00", "waiting_time": 0, "distance": 0, "driving_time": 0, "preparation_time": 0, "load_after": [0]}, {"type": "service", "id": "1701616000_01", "location_id": "1701616000", "address": {"location_id": "1701616000", "lat": 42.28678771, "lon": -71.07946513}, "arr_time": 1676279003, "arr_date_time": "2023-02-13T04:03:23-05:00", "end_time": 1676279303, "end_date_time": "2023-02-13T04:08:23-05:00", "waiting_time": 0, "distance": 211, "driving_time": 203, "preparation_time": 0, "load_before": [0], "load_after": [0]}, {"type": "service", "id": "1701617000_02", "location_id": "1701617000", "address": {"location_id": "1701617000", "lat": 42.28672167, "lon": -71.07954672}, "arr_time": 1676279304, "arr_date_time": "2023-02-13T04:08:24-05:00", "end_time": 1676279604, "end_date_time": "2023-02-13T04:13:24-05:00", "waiting_time": 0, "distance": 213, "driving_time": 204, "preparation_time": 0, "load_before": [0], "load_after": [0]}, {"type": "service", "id": "1701972000_47", "location_id": "1701972000", "address": {"location_id": "1701972000", "lat": 42.28667703, "lon": -71.0790083}, "arr_time": 1676279627, "arr_date_time": "2023-02-13T04:13:47-05:00", "end_time": 1676279927, "end_date_time": "2023-02-13T04:18:47-05:00", "waiting_time": 0, "distance": 237, "driving_time": 227, "preparation_time": 0, "load_before": [0], "load_after": [0]}, {"type": "service", "id": "1701966000_46", "location_id": "1701966000", "address": {"location_id": "1701966000", "lat": 42.28597675, "lon": -71.07891041}, "arr_time": 1676280040, "arr_date_time": "2023-02-13T04:20:40-05:00", "end_time": 1676280340, "end_date_time": "2023-02-13T04:25:40-05:00", "waiting_time": 0, "distance": 355, "driving_time": 340, "preparation_time": 0, "load_before": [0], "load_after": [0]}, {"type": "service", "id": "1701976000_48", "location_id": "1701976000", "address": {"location_id": "1701976000", "lat": 42.28566512, "lon": -71.07941641}, "arr_time": 1676280352, "arr_date_time": "2023-02-13T04:25:52-05:00", "end_time": 1676280652, "end_date_time": "2023-02-13T04:30:52-05:00", "waiting_time": 0, "distance": 367, "driving_time": 352, "preparation_time": 0, "load_before": [0], "load_after": [0]}, {"type": "service", "id": "1701979000_49", "location_id": "1701979000", "address": {"location_id": "1701979000", "lat": 42.28532992, "lon": -71.07930077}, "arr_time": 1676280688, "arr_date_time": "2023-02-13T04:31:28-05:00", "end_time": 1676280988, "end_date_time": "2023-02-13T04:36:28-05:00", "waiting_time": 0, "distance": 405, "driving_time": 388, "preparation_time": 0, "load_before": [0], "load_after": [0]}, {"type": "service", "id": "1701957000_45", "location_id": "1701957000", "address": {"location_id": "1701957000", "lat": 42.28504434, "lon": -71.07827331}, "arr_time": 1676281052, "arr_date_time": "2023-02-13T04:37:32-05:00", "end_time": 1676281352, "end_date_time": "2023-02-13T04:42:32-05:00", "waiting_time": 0, "distance": 471, "driving_time": 452, "preparation_time": 0, "load_before": [0], "load_after": [0]}, {"type": "service", "id": "1701956000_44", "location_id": "1701956000", "address": {"location_id": "1701956000", "lat": 42.28494193, "lon": -71.07820618}, "arr_time": 1676281364, "arr_date_time": "2023-02-13T04:42:44-05:00", "end_time": 1676281664, "end_date_time": "2023-02-13T04:47:44-05:00", "waiting_time": 0, "distance": 484, "driving_time": 464, "preparation_time": 0, "load_before": [0], "load_after": [0]}, {"type": "service", "id": "1701955000_43", "location_id": "1701955000", "address": {"location_id": "1701955000", "lat": 42.28483235, "lon": -71.07815436}, "arr_time": 1676281676, "arr_date_time": "2023-02-13T04:47:56-05:00", "end_time": 1676281976, "end_date_time": "2023-02-13T04:52:56-05:00", "waiting_time": 0, "distance": 497, "driving_time": 476, "preparation_time": 0, "load_before": [0], "load_after": [0]}, {"type": "service", "id": "1701951000_42", "location_id": "1701951000", "address": {"location_id": "1701951000", "lat": 42.28431715, "lon": -71.0777763}, "arr_time": 1676282039, "arr_date_time": "2023-02-13T04:53:59-05:00", "end_time": 1676282339, "end_date_time": "2023-02-13T04:58:59-05:00", "waiting_time": 0, "distance": 562, "driving_time": 539, "preparation_time": 0, "load_before": [0], "load_after": [0]}, {"type": "service", "id": "1701990000_50", "location_id": "1701990000", "address": {"location_id": "1701990000", "lat": 42.28390766, "lon": -71.07827145}, "arr_time": 1676282360, "arr_date_time": "2023-02-13T04:59:20-05:00", "end_time": 1676282660, "end_date_time": "2023-02-13T05:04:20-05:00", "waiting_time": 0, "distance": 584, "driving_time": 560, "preparation_time": 0, "load_before": [0], "load_after": [0]}, {"type": "service", "id": "1701949000_41", "location_id": "1701949000", "address": {"location_id": "1701949000", "lat": 42.28409692, "lon": -71.07762408}, "arr_time": 1676282665, "arr_date_time": "2023-02-13T05:04:25-05:00", "end_time": 1676282965, "end_date_time": "2023-02-13T05:09:25-05:00", "waiting_time": 0, "distance": 589, "driving_time": 565, "preparation_time": 0, "load_before": [0], "load_after": [0]}, {"type": "service", "id": "1701944000_40", "location_id": "1701944000", "address": {"location_id": "1701944000", "lat": 42.2835285, "lon": -71.07723372}, "arr_time": 1676283033, "arr_date_time": "2023-02-13T05:10:33-05:00", "end_time": 1676283333, "end_date_time": "2023-02-13T05:15:33-05:00", "waiting_time": 0, "distance": 660, "driving_time": 633, "preparation_time": 0, "load_before": [0], "load_after": [0]}, {"type": "service", "id": "1701996000_51", "location_id": "1701996000", "address": {"location_id": "1701996000", "lat": 42.28298352, "lon": -71.07801525}, "arr_time": 1676283447, "arr_date_time": "2023-02-13T05:17:27-05:00", "end_time": 1676283747, "end_date_time": "2023-02-13T05:22:27-05:00", "waiting_time": 0, "distance": 778, "driving_time": 747, "preparation_time": 0, "load_before": [0], "load_after": [0]}, {"type": "service", "id": "1701997000_52", "location_id": "1701997000", "address": {"location_id": "1701997000", "lat": 42.28293922, "lon": -71.07814779}, "arr_time": 1676283757, "arr_date_time": "2023-02-13T05:22:37-05:00", "end_time": 1676284057, "end_date_time": "2023-02-13T05:27:37-05:00", "waiting_time": 0, "distance": 790, "driving_time": 757, "preparation_time": 0, "load_before": [0], "load_after": [0]}, {"type": "service", "id": "1701998000_53", "location_id": "1701998000", "address": {"location_id": "1701998000", "lat": 42.28289226, "lon": -71.07829512}, "arr_time": 1676284069, "arr_date_time": "2023-02-13T05:27:49-05:00", "end_time": 1676284369, "end_date_time": "2023-02-13T05:32:49-05:00", "waiting_time": 0, "distance": 803, "driving_time": 769, "preparation_time": 0, "load_before": [0], "load_after": [0]}, {"type": "service", "id": "1701999000_54", "location_id": "1701999000", "address": {"location_id": "1701999000", "lat": 42.28303392, "lon": -71.07832291}, "arr_time": 1676284404, "arr_date_time": "2023-02-13T05:33:24-05:00", "end_time": 1676284704, "end_date_time": "2023-02-13T05:38:24-05:00", "waiting_time": 0, "distance": 838, "driving_time": 804, "preparation_time": 0, "load_before": [0], "load_after": [0]}, {"type": "service", "id": "1702005000_55", "location_id": "1702005000", "address": {"location_id": "1702005000", "lat": 42.28374196, "lon": -71.0787398}, "arr_time": 1676284787, "arr_date_time": "2023-02-13T05:39:47-05:00", "end_time": 1676285087, "end_date_time": "2023-02-13T05:44:47-05:00", "waiting_time": 0, "distance": 924, "driving_time": 887, "preparation_time": 0, "load_before": [0], "load_after": [0]}, {"type": "service", "id": "1702069000_60", "location_id": "1702069000", "address": {"location_id": "1702069000", "lat": 42.28276918, "lon": -71.07966429}, "arr_time": 1676285303, "arr_date_time": "2023-02-13T05:48:23-05:00", "end_time": 1676285603, "end_date_time": "2023-02-13T05:53:23-05:00", "waiting_time": 0, "distance": 1148, "driving_time": 1103, "preparation_time": 0, "load_before": [0], "load_after": [0]}, {"type": "service", "id": "1702064000_59", "location_id": "1702064000", "address": {"location_id": "1702064000", "lat": 42.28319583, "lon": -71.08053696}, "arr_time": 1676285753, "arr_date_time": "2023-02-13T05:55:53-05:00", "end_time": 1676286053, "end_date_time": "2023-02-13T06:00:53-05:00", "waiting_time": 0, "distance": 1305, "driving_time": 1253, "preparation_time": 0, "load_before": [0], "load_after": [0]}, {"type": "service", "id": "1702054000_58", "location_id": "1702054000", "address": {"location_id": "1702054000", "lat": 42.28379423, "lon": -71.08073339}, "arr_time": 1676286120, "arr_date_time": "2023-02-13T06:02:00-05:00", "end_time": 1676286420, "end_date_time": "2023-02-13T06:07:00-05:00", "waiting_time": 0, "distance": 1374, "driving_time": 1320, "preparation_time": 0, "load_before": [0], "load_after": [0]}, {"type": "service", "id": "1701639000_05", "location_id": "1701639000", "address": {"location_id": "1701639000", "lat": 42.28493523, "lon": -71.08097946}, "arr_time": 1676286555, "arr_date_time": "2023-02-13T06:09:15-05:00", "end_time": 1676286855, "end_date_time": "2023-02-13T06:14:15-05:00", "waiting_time": 0, "distance": 1515, "driving_time": 1455, "preparation_time": 0, "load_before": [0], "load_after": [0]}, {"type": "service", "id": "1702018000_57", "location_id": "1702018000", "address": {"location_id": "1702018000", "lat": 42.2851917, "lon": -71.08001455}, "arr_time": 1676286965, "arr_date_time": "2023-02-13T06:16:05-05:00", "end_time": 1676287265, "end_date_time": "2023-02-13T06:21:05-05:00", "waiting_time": 0, "distance": 1630, "driving_time": 1565, "preparation_time": 0, "load_before": [0], "load_after": [0]}, {"type": "service", "id": "1702013000_56", "location_id": "1702013000", "address": {"location_id": "1702013000", "lat": 42.28474984, "lon": -71.07945478}, "arr_time": 1676287328, "arr_date_time": "2023-02-13T06:22:08-05:00", "end_time": 1676287628, "end_date_time": "2023-02-13T06:27:08-05:00", "waiting_time": 0, "distance": 1695, "driving_time": 1628, "preparation_time": 0, "load_before": [0], "load_after": [0]}, {"type": "service", "id": "1701631000_04", "location_id": "1701631000", "address": {"location_id": "1701631000", "lat": 42.28583773, "lon": -71.08053184}, "arr_time": 1676287815, "arr_date_time": "2023-02-13T06:30:15-05:00", "end_time": 1676288115, "end_date_time": "2023-02-13T06:35:15-05:00", "waiting_time": 0, "distance": 1889, "driving_time": 1815, "preparation_time": 0, "load_before": [0], "load_after": [0]}, {"type": "service", "id": "1701623000_03", "location_id": "1701623000", "address": {"location_id": "1701623000", "lat": 42.28632259, "lon": -71.07988515}, "arr_time": 1676288193, "arr_date_time": "2023-02-13T06:36:33-05:00", "end_time": 1676288493, "end_date_time": "2023-02-13T06:41:33-05:00", "waiting_time": 0, "distance": 1971, "driving_time": 1893, "preparation_time": 0, "load_before": [0], "load_after": [0]}, {"type": "service", "id": "1701900000_22", "location_id": "1701900000", "address": {"location_id": "1701900000", "lat": 42.28674064, "lon": -71.07851361}, "arr_time": 1676288697, "arr_date_time": "2023-02-13T06:44:57-05:00", "end_time": 1676288997, "end_date_time": "2023-02-13T06:49:57-05:00", "waiting_time": 0, "distance": 2184, "driving_time": 2097, "preparation_time": 0, "load_before": [0], "load_after": [0]}, {"type": "service", "id": "1701906000_23", "location_id": "1701906000", "address": {"location_id": "1701906000", "lat": 42.28663102, "lon": -71.07879038}, "arr_time": 1676288997, "arr_date_time": "2023-02-13T06:49:57-05:00", "end_time": 1676289297, "end_date_time": "2023-02-13T06:54:57-05:00", "waiting_time": 0, "distance": 2185, "driving_time": 2097, "preparation_time": 0, "load_before": [0], "load_after": [0]}, {"type": "service", "id": "1701898000_21", "location_id": "1701898000", "address": {"location_id": "1701898000", "lat": 42.28658269, "lon": -71.07833368}, "arr_time": 1676289319, "arr_date_time": "2023-02-13T06:55:19-05:00", "end_time": 1676289619, "end_date_time": "2023-02-13T07:00:19-05:00", "waiting_time": 0, "distance": 2207, "driving_time": 2119, "preparation_time": 0, "load_before": [0], "load_after": [0]}, {"type": "service", "id": "1701908000_24", "location_id": "1701908000", "address": {"location_id": "1701908000", "lat": 42.28636559, "lon": -71.07870158}, "arr_time": 1676289627, "arr_date_time": "2023-02-13T07:00:27-05:00", "end_time": 1676289927, "end_date_time": "2023-02-13T07:05:27-05:00", "waiting_time": 0, "distance": 2215, "driving_time": 2127, "preparation_time": 0, "load_before": [0], "load_after": [0]}, {"type": "service", "id": "1701910000_25", "location_id": "1701910000", "address": {"location_id": "1701910000", "lat": 42.28608515, "lon": -71.07851006}, "arr_time": 1676289960, "arr_date_time": "2023-02-13T07:06:00-05:00", "end_time": 1676290260, "end_date_time": "2023-02-13T07:11:00-05:00", "waiting_time": 0, "distance": 2250, "driving_time": 2160, "preparation_time": 0, "load_before": [0], "load_after": [0]}, {"type": "service", "id": "1701895000_20", "location_id": "1701895000", "address": {"location_id": "1701895000", "lat": 42.28614436, "lon": -71.07809691}, "arr_time": 1676290269, "arr_date_time": "2023-02-13T07:11:09-05:00", "end_time": 1676290569, "end_date_time": "2023-02-13T07:16:09-05:00", "waiting_time": 0, "distance": 2260, "driving_time": 2169, "preparation_time": 0, "load_before": [0], "load_after": [0]}, {"type": "service", "id": "1701911000_26", "location_id": "1701911000", "address": {"location_id": "1701911000", "lat": 42.28595153, "lon": -71.07841885}, "arr_time": 1676290576, "arr_date_time": "2023-02-13T07:16:16-05:00", "end_time": 1676290876, "end_date_time": "2023-02-13T07:21:16-05:00", "waiting_time": 0, "distance": 2267, "driving_time": 2176, "preparation_time": 0, "load_before": [0], "load_after": [0]}, {"type": "service", "id": "1701912000_27", "location_id": "1701912000", "address": {"location_id": "1701912000", "lat": 42.28585423, "lon": -71.07835231}, "arr_time": 1676290888, "arr_date_time": "2023-02-13T07:21:28-05:00", "end_time": 1676291188, "end_date_time": "2023-02-13T07:26:28-05:00", "waiting_time": 0, "distance": 2279, "driving_time": 2188, "preparation_time": 0, "load_before": [0], "load_after": [0]}, {"type": "service", "id": "1701914000_28", "location_id": "1701914000", "address": {"location_id": "1701914000", "lat": 42.28565803, "lon": -71.07821837}, "arr_time": 1676291212, "arr_date_time": "2023-02-13T07:26:52-05:00", "end_time": 1676291512, "end_date_time": "2023-02-13T07:31:52-05:00", "waiting_time": 0, "distance": 2303, "driving_time": 2212, "preparation_time": 0, "load_before": [0], "load_after": [0]}, {"type": "service", "id": "1701915000_29", "location_id": "1701915000", "address": {"location_id": "1701915000", "lat": 42.28556027, "lon": -71.07815156}, "arr_time": 1676291524, "arr_date_time": "2023-02-13T07:32:04-05:00", "end_time": 1676291824, "end_date_time": "2023-02-13T07:37:04-05:00", "waiting_time": 0, "distance": 2315, "driving_time": 2224, "preparation_time": 0, "load_before": [0], "load_after": [0]}, {"type": "service", "id": "1701889000_19", "location_id": "1701889000", "address": {"location_id": "1701889000", "lat": 42.28543967, "lon": -71.07760438}, "arr_time": 1676291855, "arr_date_time": "2023-02-13T07:37:35-05:00", "end_time": 1676292155, "end_date_time": "2023-02-13T07:42:35-05:00", "waiting_time": 0, "distance": 2347, "driving_time": 2255, "preparation_time": 0, "load_before": [0], "load_after": [0]}, {"type": "service", "id": "1701918000_30", "location_id": "1701918000", "address": {"location_id": "1701918000", "lat": 42.28526281, "lon": -71.07794884}, "arr_time": 1676292159, "arr_date_time": "2023-02-13T07:42:39-05:00", "end_time": 1676292459, "end_date_time": "2023-02-13T07:47:39-05:00", "waiting_time": 0, "distance": 2352, "driving_time": 2259, "preparation_time": 0, "load_before": [0], "load_after": [0]}, {"type": "service", "id": "1701922000_31", "location_id": "1701922000", "address": {"location_id": "1701922000", "lat": 42.28487542, "lon": -71.07768351}, "arr_time": 1676292505, "arr_date_time": "2023-02-13T07:48:25-05:00", "end_time": 1676292805, "end_date_time": "2023-02-13T07:53:25-05:00", "waiting_time": 0, "distance": 2400, "driving_time": 2305, "preparation_time": 0, "load_before": [0], "load_after": [0]}, {"type": "service", "id": "1701923000_32", "location_id": "1701923000", "address": {"location_id": "1701923000", "lat": 42.28477475, "lon": -71.07763295}, "arr_time": 1676292817, "arr_date_time": "2023-02-13T07:53:37-05:00", "end_time": 1676293117, "end_date_time": "2023-02-13T07:58:37-05:00", "waiting_time": 0, "distance": 2412, "driving_time": 2317, "preparation_time": 0, "load_before": [0], "load_after": [0]}, {"type": "service", "id": "1701925000_33", "location_id": "1701925000", "address": {"location_id": "1701925000", "lat": 42.28466785, "lon": -71.07759598}, "arr_time": 1676293129, "arr_date_time": "2023-02-13T07:58:49-05:00", "end_time": 1676293429, "end_date_time": "2023-02-13T08:03:49-05:00", "waiting_time": 0, "distance": 2424, "driving_time": 2329, "preparation_time": 0, "load_before": [0], "load_after": [0]}, {"type": "service", "id": "1701926000_34", "location_id": "1701926000", "address": {"location_id": "1701926000", "lat": 42.28458329, "lon": -71.07747917}, "arr_time": 1676293441, "arr_date_time": "2023-02-13T08:04:01-05:00", "end_time": 1676293741, "end_date_time": "2023-02-13T08:09:01-05:00", "waiting_time": 0, "distance": 2437, "driving_time": 2341, "preparation_time": 0, "load_before": [0], "load_after": [0]}, {"type": "service", "id": "1701927000_35", "location_id": "1701927000", "address": {"location_id": "1701927000", "lat": 42.28449071, "lon": -71.07741638}, "arr_time": 1676293752, "arr_date_time": "2023-02-13T08:09:12-05:00", "end_time": 1676294052, "end_date_time": "2023-02-13T08:14:12-05:00", "waiting_time": 0, "distance": 2449, "driving_time": 2352, "preparation_time": 0, "load_before": [0], "load_after": [0]}, {"type": "service", "id": "1701932000_36", "location_id": "1701932000", "address": {"location_id": "1701932000", "lat": 42.28398801, "lon": -71.07706997}, "arr_time": 1676294112, "arr_date_time": "2023-02-13T08:15:12-05:00", "end_time": 1676294412, "end_date_time": "2023-02-13T08:20:12-05:00", "waiting_time": 0, "distance": 2512, "driving_time": 2412, "preparation_time": 0, "load_before": [0], "load_after": [0]}, {"type": "service", "id": "1701781000_06", "location_id": "1701781000", "address": {"location_id": "1701781000", "lat": 42.28408124, "lon": -71.07662619}, "arr_time": 1676294419, "arr_date_time": "2023-02-13T08:20:19-05:00", "end_time": 1676294719, "end_date_time": "2023-02-13T08:25:19-05:00", "waiting_time": 0, "distance": 2519, "driving_time": 2419, "preparation_time": 0, "load_before": [0], "load_after": [0]}, {"type": "service", "id": "1701933000_37", "location_id": "1701933000", "address": {"location_id": "1701933000", "lat": 42.28384348, "lon": -71.07697131}, "arr_time": 1676294729, "arr_date_time": "2023-02-13T08:25:29-05:00", "end_time": 1676295029, "end_date_time": "2023-02-13T08:30:29-05:00", "waiting_time": 0, "distance": 2530, "driving_time": 2429, "preparation_time": 0, "load_before": [0], "load_after": [0]}, {"type": "service", "id": "1701935000_38", "location_id": "1701935000", "address": {"location_id": "1701935000", "lat": 42.28360709, "lon": -71.07680732}, "arr_time": 1676295057, "arr_date_time": "2023-02-13T08:30:57-05:00", "end_time": 1676295357, "end_date_time": "2023-02-13T08:35:57-05:00", "waiting_time": 0, "distance": 2559, "driving_time": 2457, "preparation_time": 0, "load_before": [0], "load_after": [0]}, {"type": "service", "id": "1701938000_39", "location_id": "1701938000", "address": {"location_id": "1701938000", "lat": 42.28331289, "lon": -71.07660546}, "arr_time": 1676295392, "arr_date_time": "2023-02-13T08:36:32-05:00", "end_time": 1676295692, "end_date_time": "2023-02-13T08:41:32-05:00", "waiting_time": 0, "distance": 2596, "driving_time": 2492, "preparation_time": 0, "load_before": [0], "load_after": [0]}, {"type": "service", "id": "1701785000_07", "location_id": "1701785000", "address": {"location_id": "1701785000", "lat": 42.28452637, "lon": -71.07683509}, "arr_time": 1676295821, "arr_date_time": "2023-02-13T08:43:41-05:00", "end_time": 1676296121, "end_date_time": "2023-02-13T08:48:41-05:00", "waiting_time": 0, "distance": 2730, "driving_time": 2621, "preparation_time": 0, "load_before": [0], "load_after": [0]}, {"type": "service", "id": "1701786000_08", "location_id": "1701786000", "address": {"location_id": "1701786000", "lat": 42.28468865, "lon": -71.07688977}, "arr_time": 1676296139, "arr_date_time": "2023-02-13T08:48:59-05:00", "end_time": 1676296439, "end_date_time": "2023-02-13T08:53:59-05:00", "waiting_time": 0, "distance": 2749, "driving_time": 2639, "preparation_time": 0, "load_before": [0], "load_after": [0]}, {"type": "service", "id": "1701787000_09", "location_id": "1701787000", "address": {"location_id": "1701787000", "lat": 42.28483842, "lon": -71.07694073}, "arr_time": 1676296455, "arr_date_time": "2023-02-13T08:54:15-05:00", "end_time": 1676296755, "end_date_time": "2023-02-13T08:59:15-05:00", "waiting_time": 0, "distance": 2766, "driving_time": 2655, "preparation_time": 0, "load_before": [0], "load_after": [0]}, {"type": "service", "id": "1701791000_10", "location_id": "1701791000", "address": {"location_id": "1701791000", "lat": 42.28525914, "lon": -71.07708835}, "arr_time": 1676296801, "arr_date_time": "2023-02-13T09:00:01-05:00", "end_time": 1676297101, "end_date_time": "2023-02-13T09:05:01-05:00", "waiting_time": 0, "distance": 2814, "driving_time": 2701, "preparation_time": 0, "load_before": [0], "load_after": [0]}, {"type": "service", "id": "1701793000_11", "location_id": "1701793000", "address": {"location_id": "1701793000", "lat": 42.28547633, "lon": -71.07716523}, "arr_time": 1676297125, "arr_date_time": "2023-02-13T09:05:25-05:00", "end_time": 1676297425, "end_date_time": "2023-02-13T09:10:25-05:00", "waiting_time": 0, "distance": 2839, "driving_time": 2725, "preparation_time": 0, "load_before": [0], "load_after": [0]}, {"type": "service", "id": "1701799000_12", "location_id": "1701799000", "address": {"location_id": "1701799000", "lat": 42.28623594, "lon": -71.07740855}, "arr_time": 1676297509, "arr_date_time": "2023-02-13T09:11:49-05:00", "end_time": 1676297809, "end_date_time": "2023-02-13T09:16:49-05:00", "waiting_time": 0, "distance": 2926, "driving_time": 2809, "preparation_time": 0, "load_before": [0], "load_after": [0]}, {"type": "service", "id": "1701801000_13", "location_id": "1701801000", "address": {"location_id": "1701801000", "lat": 42.28643723, "lon": -71.07747632}, "arr_time": 1676297832, "arr_date_time": "2023-02-13T09:17:12-05:00", "end_time": 1676298132, "end_date_time": "2023-02-13T09:22:12-05:00", "waiting_time": 0, "distance": 2949, "driving_time": 2832, "preparation_time": 0, "load_before": [0], "load_after": [0]}, {"type": "service", "id": "1701881000_18", "location_id": "1701881000", "address": {"location_id": "1701881000", "lat": 42.28678326, "lon": -71.07810629}, "arr_time": 1676298180, "arr_date_time": "2023-02-13T09:23:00-05:00", "end_time": 1676298480, "end_date_time": "2023-02-13T09:28:00-05:00", "waiting_time": 0, "distance": 2999, "driving_time": 2880, "preparation_time": 0, "load_before": [0], "load_after": [0]}, {"type": "service", "id": "1701880000_17", "location_id": "1701880000", "address": {"location_id": "1701880000", "lat": 42.28688574, "lon": -71.07814929}, "arr_time": 1676298492, "arr_date_time": "2023-02-13T09:28:12-05:00", "end_time": 1676298792, "end_date_time": "2023-02-13T09:33:12-05:00", "waiting_time": 0, "distance": 3011, "driving_time": 2892, "preparation_time": 0, "load_before": [0], "load_after": [0]}, {"type": "service", "id": "1701879000_16", "location_id": "1701879000", "address": {"location_id": "1701879000", "lat": 42.28699189, "lon": -71.07819439}, "arr_time": 1676298804, "arr_date_time": "2023-02-13T09:33:24-05:00", "end_time": 1676299104, "end_date_time": "2023-02-13T09:38:24-05:00", "waiting_time": 0, "distance": 3023, "driving_time": 2904, "preparation_time": 0, "load_before": [0], "load_after": [0]}, {"type": "service", "id": "1701807000_14", "location_id": "1701807000", "address": {"location_id": "1701807000", "lat": 42.28707968, "lon": -71.07769866}, "arr_time": 1676299104, "arr_date_time": "2023-02-13T09:38:24-05:00", "end_time": 1676299404, "end_date_time": "2023-02-13T09:43:24-05:00", "waiting_time": 0, "distance": 3023, "driving_time": 2904, "preparation_time": 0, "load_before": [0], "load_after": [0]}, {"type": "service", "id": "1701808000_15", "location_id": "1701808000", "address": {"location_id": "1701808000", "lat": 42.28718588, "lon": -71.07773443}, "arr_time": 1676299416, "arr_date_time": "2023-02-13T09:43:36-05:00", "end_time": 1676299716, "end_date_time": "2023-02-13T09:48:36-05:00", "waiting_time": 0, "distance": 3035, "driving_time": 2916, "preparation_time": 0, "load_before": [0], "load_after": [0]}, {"type": "end", "location_id": "1701809000", "address": {"location_id": "1701809000", "lat": 42.28729207, "lon": -71.07777027}, "arr_time": 1676299728, "arr_date_time": "2023-02-13T09:48:48-05:00", "end_time": 1676299728, "end_date_time": "2023-02-13T09:48:48-05:00", "waiting_time": 0, "distance": 3047, "driving_time": 2928, "preparation_time": 0, "load_before": [0]}]}], "unassigned": {"services": [], "shipments": [], "breaks": [], "details": []}}}