{"copyrights": ["GraphHopper", "OpenStreetMap contributors"], "job_id": "de415c31-591e-4d92-b1fd-8ad417bf2604", "status": "finished", "waiting_time_in_queue": 0, "processing_time": 148, "solution": {"costs": 345, "distance": 2878, "time": 2759, "transport_time": 2759, "completion_time": 18059, "max_operation_time": 18059, "waiting_time": 0, "service_duration": 15300, "preparation_time": 0, "no_vehicles": 1, "no_unassigned": 0, "routes": [{"vehicle_id": "my_vehicle", "shift_id": "default-shift", "distance": 2878, "transport_time": 2759, "completion_time": 18059, "waiting_time": 0, "service_duration": 15300, "preparation_time": 0, "activities": [{"type": "start", "location_id": "1404755000", "address": {"location_id": "1404755000", "lat": 42.28508239, "lon": -71.0960874}, "arr_time": 1676278800, "arr_date_time": "2023-02-13T04:00:00-05:00", "end_time": 1676278800, "end_date_time": "2023-02-13T04:00:00-05:00", "waiting_time": 0, "distance": 0, "driving_time": 0, "preparation_time": 0, "load_after": [0]}, {"type": "service", "id": "1404757000_02", "location_id": "1404757000", "address": {"location_id": "1404757000", "lat": 42.28493209, "lon": -71.09628688}, "arr_time": 1676278821, "arr_date_time": "2023-02-13T04:00:21-05:00", "end_time": 1676279121, "end_date_time": "2023-02-13T04:05:21-05:00", "waiting_time": 0, "distance": 22, "driving_time": 21, "preparation_time": 0, "load_before": [0], "load_after": [0]}, {"type": "service", "id": "1404851000_38", "location_id": "1404851000", "address": {"location_id": "1404851000", "lat": 42.28450296, "lon": -71.09612264}, "arr_time": 1676279147, "arr_date_time": "2023-02-13T04:05:47-05:00", "end_time": 1676279447, "end_date_time": "2023-02-13T04:10:47-05:00", "waiting_time": 0, "distance": 48, "driving_time": 47, "preparation_time": 0, "load_before": [0], "load_after": [0]}, {"type": "service", "id": "1404858000_39", "location_id": "1404858000", "address": {"location_id": "1404858000", "lat": 42.28501478, "lon": -71.09527673}, "arr_time": 1676279571, "arr_date_time": "2023-02-13T04:12:51-05:00", "end_time": 1676279871, "end_date_time": "2023-02-13T04:17:51-05:00", "waiting_time": 0, "distance": 178, "driving_time": 171, "preparation_time": 0, "load_before": [0], "load_after": [0]}, {"type": "service", "id": "1404815000_18", "location_id": "1404815000", "address": {"location_id": "1404815000", "lat": 42.28470763, "lon": -71.09504922}, "arr_time": 1676280003, "arr_date_time": "2023-02-13T04:20:03-05:00", "end_time": 1676280303, "end_date_time": "2023-02-13T04:25:03-05:00", "waiting_time": 0, "distance": 316, "driving_time": 303, "preparation_time": 0, "load_before": [0], "load_after": [0]}, {"type": "service", "id": "1404817000_19", "location_id": "1404817000", "address": {"location_id": "1404817000", "lat": 42.28461941, "lon": -71.09536235}, "arr_time": 1676280327, "arr_date_time": "2023-02-13T04:25:27-05:00", "end_time": 1676280627, "end_date_time": "2023-02-13T04:30:27-05:00", "waiting_time": 0, "distance": 340, "driving_time": 327, "preparation_time": 0, "load_before": [0], "load_after": [0]}, {"type": "service", "id": "1404821000_20", "location_id": "1404821000", "address": {"location_id": "1404821000", "lat": 42.28427785, "lon": -71.09589616}, "arr_time": 1676280677, "arr_date_time": "2023-02-13T04:31:17-05:00", "end_time": 1676280977, "end_date_time": "2023-02-13T04:36:17-05:00", "waiting_time": 0, "distance": 393, "driving_time": 377, "preparation_time": 0, "load_before": [0], "load_after": [0]}, {"type": "service", "id": "1404823000_21", "location_id": "1404823000", "address": {"location_id": "1404823000", "lat": 42.28407708, "lon": -71.09612547}, "arr_time": 1676281004, "arr_date_time": "2023-02-13T04:36:44-05:00", "end_time": 1676281304, "end_date_time": "2023-02-13T04:41:44-05:00", "waiting_time": 0, "distance": 421, "driving_time": 404, "preparation_time": 0, "load_before": [0], "load_after": [0]}, {"type": "service", "id": "1404824000_22", "location_id": "1404824000", "address": {"location_id": "1404824000", "lat": 42.28395756, "lon": -71.09625303}, "arr_time": 1676281320, "arr_date_time": "2023-02-13T04:42:00-05:00", "end_time": 1676281620, "end_date_time": "2023-02-13T04:47:00-05:00", "waiting_time": 0, "distance": 438, "driving_time": 420, "preparation_time": 0, "load_before": [0], "load_after": [0]}, {"type": "service", "id": "1404825000_23", "location_id": "1404825000", "address": {"location_id": "1404825000", "lat": 42.28385255, "lon": -71.09635472}, "arr_time": 1676281632, "arr_date_time": "2023-02-13T04:47:12-05:00", "end_time": 1676281932, "end_date_time": "2023-02-13T04:52:12-05:00", "waiting_time": 0, "distance": 450, "driving_time": 432, "preparation_time": 0, "load_before": [0], "load_after": [0]}, {"type": "service", "id": "1404826000_24", "location_id": "1404826000", "address": {"location_id": "1404826000", "lat": 42.28377405, "lon": -71.09649586}, "arr_time": 1676281945, "arr_date_time": "2023-02-13T04:52:25-05:00", "end_time": 1676282245, "end_date_time": "2023-02-13T04:57:25-05:00", "waiting_time": 0, "distance": 464, "driving_time": 445, "preparation_time": 0, "load_before": [0], "load_after": [0]}, {"type": "service", "id": "1404827000_25", "location_id": "1404827000", "address": {"location_id": "1404827000", "lat": 42.28366381, "lon": -71.09658666}, "arr_time": 1676282255, "arr_date_time": "2023-02-13T04:57:35-05:00", "end_time": 1676282555, "end_date_time": "2023-02-13T05:02:35-05:00", "waiting_time": 0, "distance": 474, "driving_time": 455, "preparation_time": 0, "load_before": [0], "load_after": [0]}, {"type": "service", "id": "1404828000_26", "location_id": "1404828000", "address": {"location_id": "1404828000", "lat": 42.28349962, "lon": -71.09662555}, "arr_time": 1676282572, "arr_date_time": "2023-02-13T05:02:52-05:00", "end_time": 1676282872, "end_date_time": "2023-02-13T05:07:52-05:00", "waiting_time": 0, "distance": 492, "driving_time": 472, "preparation_time": 0, "load_before": [0], "load_after": [0]}, {"type": "service", "id": "1404829000_27", "location_id": "1404829000", "address": {"location_id": "1404829000", "lat": 42.28336979, "lon": -71.0966978}, "arr_time": 1676282885, "arr_date_time": "2023-02-13T05:08:05-05:00", "end_time": 1676283185, "end_date_time": "2023-02-13T05:13:05-05:00", "waiting_time": 0, "distance": 506, "driving_time": 485, "preparation_time": 0, "load_before": [0], "load_after": [0]}, {"type": "service", "id": "1404830000_28", "location_id": "1404830000", "address": {"location_id": "1404830000", "lat": 42.28324943, "lon": -71.09677178}, "arr_time": 1676283200, "arr_date_time": "2023-02-13T05:13:20-05:00", "end_time": 1676283500, "end_date_time": "2023-02-13T05:18:20-05:00", "waiting_time": 0, "distance": 521, "driving_time": 500, "preparation_time": 0, "load_before": [0], "load_after": [0]}, {"type": "service", "id": "1404831000_29", "location_id": "1404831000", "address": {"location_id": "1404831000", "lat": 42.28313449, "lon": -71.09681043}, "arr_time": 1676283508, "arr_date_time": "2023-02-13T05:18:28-05:00", "end_time": 1676283808, "end_date_time": "2023-02-13T05:23:28-05:00", "waiting_time": 0, "distance": 529, "driving_time": 508, "preparation_time": 0, "load_before": [0], "load_after": [0]}, {"type": "service", "id": "1405057000_41", "location_id": "1405057000", "address": {"location_id": "1405057000", "lat": 42.28207409, "lon": -71.09669468}, "arr_time": 1676283913, "arr_date_time": "2023-02-13T05:25:13-05:00", "end_time": 1676284213, "end_date_time": "2023-02-13T05:30:13-05:00", "waiting_time": 0, "distance": 639, "driving_time": 613, "preparation_time": 0, "load_before": [0], "load_after": [0]}, {"type": "service", "id": "1405058000_42", "location_id": "1405058000", "address": {"location_id": "1405058000", "lat": 42.28198733, "lon": -71.0965883}, "arr_time": 1676284221, "arr_date_time": "2023-02-13T05:30:21-05:00", "end_time": 1676284521, "end_date_time": "2023-02-13T05:35:21-05:00", "waiting_time": 0, "distance": 647, "driving_time": 621, "preparation_time": 0, "load_before": [0], "load_after": [0]}, {"type": "service", "id": "1405059000_43", "location_id": "1405059000", "address": {"location_id": "1405059000", "lat": 42.28189202, "lon": -71.09650678}, "arr_time": 1676284533, "arr_date_time": "2023-02-13T05:35:33-05:00", "end_time": 1676284833, "end_date_time": "2023-02-13T05:40:33-05:00", "waiting_time": 0, "distance": 660, "driving_time": 633, "preparation_time": 0, "load_before": [0], "load_after": [0]}, {"type": "service", "id": "1405060000_44", "location_id": "1405060000", "address": {"location_id": "1405060000", "lat": 42.28180109, "lon": -71.09641723}, "arr_time": 1676284843, "arr_date_time": "2023-02-13T05:40:43-05:00", "end_time": 1676285143, "end_date_time": "2023-02-13T05:45:43-05:00", "waiting_time": 0, "distance": 670, "driving_time": 643, "preparation_time": 0, "load_before": [0], "load_after": [0]}, {"type": "service", "id": "1405061000_45", "location_id": "1405061000", "address": {"location_id": "1405061000", "lat": 42.28170645, "lon": -71.09632933}, "arr_time": 1676285155, "arr_date_time": "2023-02-13T05:45:55-05:00", "end_time": 1676285455, "end_date_time": "2023-02-13T05:50:55-05:00", "waiting_time": 0, "distance": 683, "driving_time": 655, "preparation_time": 0, "load_before": [0], "load_after": [0]}, {"type": "service", "id": "1405065000_46", "location_id": "1405065000", "address": {"location_id": "1405065000", "lat": 42.28133274, "lon": -71.09599665}, "arr_time": 1676285508, "arr_date_time": "2023-02-13T05:51:48-05:00", "end_time": 1676285808, "end_date_time": "2023-02-13T05:56:48-05:00", "waiting_time": 0, "distance": 738, "driving_time": 708, "preparation_time": 0, "load_before": [0], "load_after": [0]}, {"type": "service", "id": "1405056000_40", "location_id": "1405056000", "address": {"location_id": "1405056000", "lat": 42.28222338, "lon": -71.09667384}, "arr_time": 1676285917, "arr_date_time": "2023-02-13T05:58:37-05:00", "end_time": 1676286217, "end_date_time": "2023-02-13T06:03:37-05:00", "waiting_time": 0, "distance": 852, "driving_time": 817, "preparation_time": 0, "load_before": [0], "load_after": [0]}, {"type": "service", "id": "1404807000_16", "location_id": "1404807000", "address": {"location_id": "1404807000", "lat": 42.282656, "lon": -71.09736065}, "arr_time": 1676286305, "arr_date_time": "2023-02-13T06:05:05-05:00", "end_time": 1676286605, "end_date_time": "2023-02-13T06:10:05-05:00", "waiting_time": 0, "distance": 944, "driving_time": 905, "preparation_time": 0, "load_before": [0], "load_after": [0]}, {"type": "service", "id": "1404806000_15", "location_id": "1404806000", "address": {"location_id": "1404806000", "lat": 42.28273574, "lon": -71.09748036}, "arr_time": 1676286617, "arr_date_time": "2023-02-13T06:10:17-05:00", "end_time": 1676286917, "end_date_time": "2023-02-13T06:15:17-05:00", "waiting_time": 0, "distance": 957, "driving_time": 917, "preparation_time": 0, "load_before": [0], "load_after": [0]}, {"type": "service", "id": "1404837000_30", "location_id": "1404837000", "address": {"location_id": "1404837000", "lat": 42.283092, "lon": -71.09745719}, "arr_time": 1676286939, "arr_date_time": "2023-02-13T06:15:39-05:00", "end_time": 1676287239, "end_date_time": "2023-02-13T06:20:39-05:00", "waiting_time": 0, "distance": 979, "driving_time": 939, "preparation_time": 0, "load_before": [0], "load_after": [0]}, {"type": "service", "id": "1404775000_03", "location_id": "1404775000", "address": {"location_id": "1404775000", "lat": 42.28325247, "lon": -71.09795248}, "arr_time": 1676287264, "arr_date_time": "2023-02-13T06:21:04-05:00", "end_time": 1676287564, "end_date_time": "2023-02-13T06:26:04-05:00", "waiting_time": 0, "distance": 1006, "driving_time": 964, "preparation_time": 0, "load_before": [0], "load_after": [0]}, {"type": "service", "id": "1404838000_31", "location_id": "1404838000", "address": {"location_id": "1404838000", "lat": 42.28319155, "lon": -71.097363}, "arr_time": 1676287585, "arr_date_time": "2023-02-13T06:26:25-05:00", "end_time": 1676287885, "end_date_time": "2023-02-13T06:31:25-05:00", "waiting_time": 0, "distance": 1029, "driving_time": 985, "preparation_time": 0, "load_before": [0], "load_after": [0]}, {"type": "service", "id": "1404839000_32", "location_id": "1404839000", "address": {"location_id": "1404839000", "lat": 42.28326663, "lon": -71.09725564}, "arr_time": 1676287897, "arr_date_time": "2023-02-13T06:31:37-05:00", "end_time": 1676288197, "end_date_time": "2023-02-13T06:36:37-05:00", "waiting_time": 0, "distance": 1041, "driving_time": 997, "preparation_time": 0, "load_before": [0], "load_after": [0]}, {"type": "service", "id": "1404844000_34", "location_id": "1404844000", "address": {"location_id": "1404844000", "lat": 42.28374549, "lon": -71.09684939}, "arr_time": 1676288257, "arr_date_time": "2023-02-13T06:37:37-05:00", "end_time": 1676288557, "end_date_time": "2023-02-13T06:42:37-05:00", "waiting_time": 0, "distance": 1104, "driving_time": 1057, "preparation_time": 0, "load_before": [0], "load_after": [0]}, {"type": "service", "id": "1404845000_35", "location_id": "1404845000", "address": {"location_id": "1404845000", "lat": 42.28388945, "lon": -71.09672974}, "arr_time": 1676288576, "arr_date_time": "2023-02-13T06:42:56-05:00", "end_time": 1676288876, "end_date_time": "2023-02-13T06:47:56-05:00", "waiting_time": 0, "distance": 1123, "driving_time": 1076, "preparation_time": 0, "load_before": [0], "load_after": [0]}, {"type": "service", "id": "1404846000_36", "location_id": "1404846000", "address": {"location_id": "1404846000", "lat": 42.28402618, "lon": -71.09660659}, "arr_time": 1676288893, "arr_date_time": "2023-02-13T06:48:13-05:00", "end_time": 1676289193, "end_date_time": "2023-02-13T06:53:13-05:00", "waiting_time": 0, "distance": 1141, "driving_time": 1093, "preparation_time": 0, "load_before": [0], "load_after": [0]}, {"type": "service", "id": "1404848000_37", "location_id": "1404848000", "address": {"location_id": "1404848000", "lat": 42.28421527, "lon": -71.09641591}, "arr_time": 1676289219, "arr_date_time": "2023-02-13T06:53:39-05:00", "end_time": 1676289519, "end_date_time": "2023-02-13T06:58:39-05:00", "waiting_time": 0, "distance": 1167, "driving_time": 1119, "preparation_time": 0, "load_before": [0], "load_after": [0]}, {"type": "service", "id": "1404842000_33", "location_id": "1404842000", "address": {"location_id": "1404842000", "lat": 42.28354583, "lon": -71.09701063}, "arr_time": 1676289604, "arr_date_time": "2023-02-13T07:00:04-05:00", "end_time": 1676289904, "end_date_time": "2023-02-13T07:05:04-05:00", "waiting_time": 0, "distance": 1256, "driving_time": 1204, "preparation_time": 0, "load_before": [0], "load_after": [0]}, {"type": "service", "id": "1404804000_14", "location_id": "1404804000", "address": {"location_id": "1404804000", "lat": 42.28281401, "lon": -71.09772528}, "arr_time": 1676290001, "arr_date_time": "2023-02-13T07:06:41-05:00", "end_time": 1676290301, "end_date_time": "2023-02-13T07:11:41-05:00", "waiting_time": 0, "distance": 1358, "driving_time": 1301, "preparation_time": 0, "load_before": [0], "load_after": [0]}, {"type": "service", "id": "1404778000_04", "location_id": "1404778000", "address": {"location_id": "1404778000", "lat": 42.28296486, "lon": -71.09822153}, "arr_time": 1676290309, "arr_date_time": "2023-02-13T07:11:49-05:00", "end_time": 1676290609, "end_date_time": "2023-02-13T07:16:49-05:00", "waiting_time": 0, "distance": 1367, "driving_time": 1309, "preparation_time": 0, "load_before": [0], "load_after": [0]}, {"type": "service", "id": "1404803000_13", "location_id": "1404803000", "address": {"location_id": "1404803000", "lat": 42.28272039, "lon": -71.09781678}, "arr_time": 1676290613, "arr_date_time": "2023-02-13T07:16:53-05:00", "end_time": 1676290913, "end_date_time": "2023-02-13T07:21:53-05:00", "waiting_time": 0, "distance": 1371, "driving_time": 1313, "preparation_time": 0, "load_before": [0], "load_after": [0]}, {"type": "service", "id": "1404801000_12", "location_id": "1404801000", "address": {"location_id": "1404801000", "lat": 42.28252246, "lon": -71.09803903}, "arr_time": 1676290979, "arr_date_time": "2023-02-13T07:22:59-05:00", "end_time": 1676291279, "end_date_time": "2023-02-13T07:27:59-05:00", "waiting_time": 0, "distance": 1439, "driving_time": 1379, "preparation_time": 0, "load_before": [0], "load_after": [0]}, {"type": "service", "id": "1404812000_17", "location_id": "1404812000", "address": {"location_id": "1404812000", "lat": 42.28242746, "lon": -71.09760544}, "arr_time": 1676291321, "arr_date_time": "2023-02-13T07:28:41-05:00", "end_time": 1676291621, "end_date_time": "2023-02-13T07:33:41-05:00", "waiting_time": 0, "distance": 1484, "driving_time": 1421, "preparation_time": 0, "load_before": [0], "load_after": [0]}, {"type": "service", "id": "1405113000_47", "location_id": "1405113000", "address": {"location_id": "1405113000", "lat": 42.28191064, "lon": -71.09701748}, "arr_time": 1676291691, "arr_date_time": "2023-02-13T07:34:51-05:00", "end_time": 1676291991, "end_date_time": "2023-02-13T07:39:51-05:00", "waiting_time": 0, "distance": 1556, "driving_time": 1491, "preparation_time": 0, "load_before": [0], "load_after": [0]}, {"type": "service", "id": "1405151000_51", "location_id": "1405151000", "address": {"location_id": "1405151000", "lat": 42.28232655, "lon": -71.09867902}, "arr_time": 1676292132, "arr_date_time": "2023-02-13T07:42:12-05:00", "end_time": 1676292432, "end_date_time": "2023-02-13T07:47:12-05:00", "waiting_time": 0, "distance": 1703, "driving_time": 1632, "preparation_time": 0, "load_before": [0], "load_after": [0]}, {"type": "service", "id": "1405150000_50", "location_id": "1405150000", "address": {"location_id": "1405150000", "lat": 42.28234261, "lon": -71.09885199}, "arr_time": 1676292449, "arr_date_time": "2023-02-13T07:47:29-05:00", "end_time": 1676292749, "end_date_time": "2023-02-13T07:52:29-05:00", "waiting_time": 0, "distance": 1720, "driving_time": 1649, "preparation_time": 0, "load_before": [0], "load_after": [0]}, {"type": "service", "id": "1405142000_49", "location_id": "1405142000", "address": {"location_id": "1405142000", "lat": 42.28182186, "lon": -71.09817688}, "arr_time": 1676292944, "arr_date_time": "2023-02-13T07:55:44-05:00", "end_time": 1676293244, "end_date_time": "2023-02-13T08:00:44-05:00", "waiting_time": 0, "distance": 1923, "driving_time": 1844, "preparation_time": 0, "load_before": [0], "load_after": [0]}, {"type": "service", "id": "1405137000_48", "location_id": "1405137000", "address": {"location_id": "1405137000", "lat": 42.28130158, "lon": -71.0975971}, "arr_time": 1676293307, "arr_date_time": "2023-02-13T08:01:47-05:00", "end_time": 1676293607, "end_date_time": "2023-02-13T08:06:47-05:00", "waiting_time": 0, "distance": 1989, "driving_time": 1907, "preparation_time": 0, "load_before": [0], "load_after": [0]}, {"type": "service", "id": "1404782000_05", "location_id": "1404782000", "address": {"location_id": "1404782000", "lat": 42.282714, "lon": -71.09905383}, "arr_time": 1676293855, "arr_date_time": "2023-02-13T08:10:55-05:00", "end_time": 1676294155, "end_date_time": "2023-02-13T08:15:55-05:00", "waiting_time": 0, "distance": 2248, "driving_time": 2155, "preparation_time": 0, "load_before": [0], "load_after": [0]}, {"type": "service", "id": "1404787000_06", "location_id": "1404787000", "address": {"location_id": "1404787000", "lat": 42.28310916, "lon": -71.09853952}, "arr_time": 1676294212, "arr_date_time": "2023-02-13T08:16:52-05:00", "end_time": 1676294512, "end_date_time": "2023-02-13T08:21:52-05:00", "waiting_time": 0, "distance": 2308, "driving_time": 2212, "preparation_time": 0, "load_before": [0], "load_after": [0]}, {"type": "service", "id": "1404789000_07", "location_id": "1404789000", "address": {"location_id": "1404789000", "lat": 42.28332367, "lon": -71.09833793}, "arr_time": 1676294540, "arr_date_time": "2023-02-13T08:22:20-05:00", "end_time": 1676294840, "end_date_time": "2023-02-13T08:27:20-05:00", "waiting_time": 0, "distance": 2337, "driving_time": 2240, "preparation_time": 0, "load_before": [0], "load_after": [0]}, {"type": "service", "id": "1404791000_08", "location_id": "1404791000", "address": {"location_id": "1404791000", "lat": 42.28344186, "lon": -71.09822779}, "arr_time": 1676294855, "arr_date_time": "2023-02-13T08:27:35-05:00", "end_time": 1676295155, "end_date_time": "2023-02-13T08:32:35-05:00", "waiting_time": 0, "distance": 2353, "driving_time": 2255, "preparation_time": 0, "load_before": [0], "load_after": [0]}, {"type": "service", "id": "1404792000_09", "location_id": "1404792000", "address": {"location_id": "1404792000", "lat": 42.28352808, "lon": -71.09814581}, "arr_time": 1676295165, "arr_date_time": "2023-02-13T08:32:45-05:00", "end_time": 1676295465, "end_date_time": "2023-02-13T08:37:45-05:00", "waiting_time": 0, "distance": 2365, "driving_time": 2265, "preparation_time": 0, "load_before": [0], "load_after": [0]}, {"type": "service", "id": "1404796000_10", "location_id": "1404796000", "address": {"location_id": "1404796000", "lat": 42.28385173, "lon": -71.09783971}, "arr_time": 1676295508, "arr_date_time": "2023-02-13T08:38:28-05:00", "end_time": 1676295808, "end_date_time": "2023-02-13T08:43:28-05:00", "waiting_time": 0, "distance": 2409, "driving_time": 2308, "preparation_time": 0, "load_before": [0], "load_after": [0]}, {"type": "service", "id": "1404799000_11", "location_id": "1404799000", "address": {"location_id": "1404799000", "lat": 42.28409413, "lon": -71.0976103}, "arr_time": 1676295881, "arr_date_time": "2023-02-13T08:44:41-05:00", "end_time": 1676296181, "end_date_time": "2023-02-13T08:49:41-05:00", "waiting_time": 0, "distance": 2486, "driving_time": 2381, "preparation_time": 0, "load_before": [0], "load_after": [0]}, {"type": "service", "id": "1404743000_01", "location_id": "1404743000", "address": {"location_id": "1404743000", "lat": 42.28497379, "lon": -71.09675052}, "arr_time": 1676296303, "arr_date_time": "2023-02-13T08:51:43-05:00", "end_time": 1676296603, "end_date_time": "2023-02-13T08:56:43-05:00", "waiting_time": 0, "distance": 2612, "driving_time": 2503, "preparation_time": 0, "load_before": [0], "load_after": [0]}, {"type": "end", "location_id": "1404755000", "address": {"location_id": "1404755000", "lat": 42.28508239, "lon": -71.0960874}, "arr_time": 1676296859, "arr_date_time": "2023-02-13T09:00:59-05:00", "end_time": 1676296859, "end_date_time": "2023-02-13T09:00:59-05:00", "waiting_time": 0, "distance": 2878, "driving_time": 2759, "preparation_time": 0, "load_before": [0]}]}], "unassigned": {"services": [], "shipments": [], "breaks": [], "details": []}}}