{"copyrights": ["GraphHopper", "OpenStreetMap contributors"], "job_id": "c14e3dc6-5a2b-4e22-9afc-d4e2459fa282", "status": "finished", "waiting_time_in_queue": 0, "processing_time": 147, "solution": {"costs": 348, "distance": 3167, "time": 3040, "transport_time": 3040, "completion_time": 18340, "max_operation_time": 18340, "waiting_time": 0, "service_duration": 15300, "preparation_time": 0, "no_vehicles": 1, "no_unassigned": 0, "routes": [{"vehicle_id": "my_vehicle", "shift_id": "default-shift", "distance": 3167, "transport_time": 3040, "completion_time": 18340, "waiting_time": 0, "service_duration": 15300, "preparation_time": 0, "activities": [{"type": "start", "location_id": "1500736000", "address": {"location_id": "1500736000", "lat": 42.29979342, "lon": -71.07207584}, "arr_time": 1676278800, "arr_date_time": "2023-02-13T04:00:00-05:00", "end_time": 1676278800, "end_date_time": "2023-02-13T04:00:00-05:00", "waiting_time": 0, "distance": 0, "driving_time": 0, "preparation_time": 0, "load_after": [0]}, {"type": "service", "id": "1500737000_03", "location_id": "1500737000", "address": {"location_id": "1500737000", "lat": 42.29982169, "lon": -71.07195315}, "arr_time": 1676278809, "arr_date_time": "2023-02-13T04:00:09-05:00", "end_time": 1676279109, "end_date_time": "2023-02-13T04:05:09-05:00", "waiting_time": 0, "distance": 10, "driving_time": 9, "preparation_time": 0, "load_before": [0], "load_after": [0]}, {"type": "service", "id": "1500738000_04", "location_id": "1500738000", "address": {"location_id": "1500738000", "lat": 42.29980441, "lon": -71.07180656}, "arr_time": 1676279120, "arr_date_time": "2023-02-13T04:05:20-05:00", "end_time": 1676279420, "end_date_time": "2023-02-13T04:10:20-05:00", "waiting_time": 0, "distance": 22, "driving_time": 20, "preparation_time": 0, "load_before": [0], "load_after": [0]}, {"type": "service", "id": "1500783000_07", "location_id": "1500783000", "address": {"location_id": "1500783000", "lat": 42.29929714, "lon": -71.07244203}, "arr_time": 1676279567, "arr_date_time": "2023-02-13T04:12:47-05:00", "end_time": 1676279867, "end_date_time": "2023-02-13T04:17:47-05:00", "waiting_time": 0, "distance": 175, "driving_time": 167, "preparation_time": 0, "load_before": [0], "load_after": [0]}, {"type": "service", "id": "1500782000_06", "location_id": "1500782000", "address": {"location_id": "1500782000", "lat": 42.29911927, "lon": -71.07231049}, "arr_time": 1676279888, "arr_date_time": "2023-02-13T04:18:08-05:00", "end_time": 1676280188, "end_date_time": "2023-02-13T04:23:08-05:00", "waiting_time": 0, "distance": 197, "driving_time": 188, "preparation_time": 0, "load_before": [0], "load_after": [0]}, {"type": "service", "id": "1700057000_17", "location_id": "1700057000", "address": {"location_id": "1700057000", "lat": 42.29894262, "lon": -71.07249331}, "arr_time": 1676280195, "arr_date_time": "2023-02-13T04:23:15-05:00", "end_time": 1676280495, "end_date_time": "2023-02-13T04:28:15-05:00", "waiting_time": 0, "distance": 204, "driving_time": 195, "preparation_time": 0, "load_before": [0], "load_after": [0]}, {"type": "service", "id": "1702375000_39", "location_id": "1702375000", "address": {"location_id": "1702375000", "lat": 42.29818675, "lon": -71.07158852}, "arr_time": 1676280600, "arr_date_time": "2023-02-13T04:30:00-05:00", "end_time": 1676280900, "end_date_time": "2023-02-13T04:35:00-05:00", "waiting_time": 0, "distance": 314, "driving_time": 300, "preparation_time": 0, "load_before": [0], "load_after": [0]}, {"type": "service", "id": "1500728000_02", "location_id": "1500728000", "address": {"location_id": "1500728000", "lat": 42.29930688, "lon": -71.07142595}, "arr_time": 1676281059, "arr_date_time": "2023-02-13T04:37:39-05:00", "end_time": 1676281359, "end_date_time": "2023-02-13T04:42:39-05:00", "waiting_time": 0, "distance": 480, "driving_time": 459, "preparation_time": 0, "load_before": [0], "load_after": [0]}, {"type": "service", "id": "1500778000_05", "location_id": "1500778000", "address": {"location_id": "1500778000", "lat": 42.29907937, "lon": -71.07179233}, "arr_time": 1676281361, "arr_date_time": "2023-02-13T04:42:41-05:00", "end_time": 1676281661, "end_date_time": "2023-02-13T04:47:41-05:00", "waiting_time": 0, "distance": 483, "driving_time": 461, "preparation_time": 0, "load_before": [0], "load_after": [0]}, {"type": "service", "id": "1702335000_37", "location_id": "1702335000", "address": {"location_id": "1702335000", "lat": 42.29889884, "lon": -71.07111311}, "arr_time": 1676281712, "arr_date_time": "2023-02-13T04:48:32-05:00", "end_time": 1676282012, "end_date_time": "2023-02-13T04:53:32-05:00", "waiting_time": 0, "distance": 536, "driving_time": 512, "preparation_time": 0, "load_before": [0], "load_after": [0]}, {"type": "service", "id": "1500727000_01", "location_id": "1500727000", "address": {"location_id": "1500727000", "lat": 42.29926913, "lon": -71.07124623}, "arr_time": 1676282016, "arr_date_time": "2023-02-13T04:53:36-05:00", "end_time": 1676282316, "end_date_time": "2023-02-13T04:58:36-05:00", "waiting_time": 0, "distance": 540, "driving_time": 516, "preparation_time": 0, "load_before": [0], "load_after": [0]}, {"type": "service", "id": "1702382000_40", "location_id": "1702382000", "address": {"location_id": "1702382000", "lat": 42.29868772, "lon": -71.07147298}, "arr_time": 1676282361, "arr_date_time": "2023-02-13T04:59:21-05:00", "end_time": 1676282661, "end_date_time": "2023-02-13T05:04:21-05:00", "waiting_time": 0, "distance": 588, "driving_time": 561, "preparation_time": 0, "load_before": [0], "load_after": [0]}, {"type": "service", "id": "1702334000_36", "location_id": "1702334000", "address": {"location_id": "1702334000", "lat": 42.29879025, "lon": -71.0710494}, "arr_time": 1676282667, "arr_date_time": "2023-02-13T05:04:27-05:00", "end_time": 1676282967, "end_date_time": "2023-02-13T05:09:27-05:00", "waiting_time": 0, "distance": 594, "driving_time": 567, "preparation_time": 0, "load_before": [0], "load_after": [0]}, {"type": "service", "id": "1702383000_41", "location_id": "1702383000", "address": {"location_id": "1702383000", "lat": 42.29858634, "lon": -71.07143104}, "arr_time": 1676282975, "arr_date_time": "2023-02-13T05:09:35-05:00", "end_time": 1676283275, "end_date_time": "2023-02-13T05:14:35-05:00", "waiting_time": 0, "distance": 602, "driving_time": 575, "preparation_time": 0, "load_before": [0], "load_after": [0]}, {"type": "service", "id": "1702333000_35", "location_id": "1702333000", "address": {"location_id": "1702333000", "lat": 42.29868142, "lon": -71.07098814}, "arr_time": 1676283277, "arr_date_time": "2023-02-13T05:14:37-05:00", "end_time": 1676283577, "end_date_time": "2023-02-13T05:19:37-05:00", "waiting_time": 0, "distance": 605, "driving_time": 577, "preparation_time": 0, "load_before": [0], "load_after": [0]}, {"type": "service", "id": "1702386000_42", "location_id": "1702386000", "address": {"location_id": "1702386000", "lat": 42.29827899, "lon": -71.07128982}, "arr_time": 1676283609, "arr_date_time": "2023-02-13T05:20:09-05:00", "end_time": 1676283909, "end_date_time": "2023-02-13T05:25:09-05:00", "waiting_time": 0, "distance": 638, "driving_time": 609, "preparation_time": 0, "load_before": [0], "load_after": [0]}, {"type": "service", "id": "1702331000_34", "location_id": "1702331000", "address": {"location_id": "1702331000", "lat": 42.29848012, "lon": -71.0708803}, "arr_time": 1676283932, "arr_date_time": "2023-02-13T05:25:32-05:00", "end_time": 1676284232, "end_date_time": "2023-02-13T05:30:32-05:00", "waiting_time": 0, "distance": 661, "driving_time": 632, "preparation_time": 0, "load_before": [0], "load_after": [0]}, {"type": "service", "id": "1702401000_47", "location_id": "1702401000", "address": {"location_id": "1702401000", "lat": 42.29744241, "lon": -71.07083295}, "arr_time": 1676284341, "arr_date_time": "2023-02-13T05:32:21-05:00", "end_time": 1676284641, "end_date_time": "2023-02-13T05:37:21-05:00", "waiting_time": 0, "distance": 775, "driving_time": 741, "preparation_time": 0, "load_before": [0], "load_after": [0]}, {"type": "service", "id": "1701256000_32", "location_id": "1701256000", "address": {"location_id": "1701256000", "lat": 42.29743928, "lon": -71.07040174}, "arr_time": 1676284652, "arr_date_time": "2023-02-13T05:37:32-05:00", "end_time": 1676284952, "end_date_time": "2023-02-13T05:42:32-05:00", "waiting_time": 0, "distance": 785, "driving_time": 752, "preparation_time": 0, "load_before": [0], "load_after": [0]}, {"type": "service", "id": "1702402000_48", "location_id": "1702402000", "address": {"location_id": "1702402000", "lat": 42.29720734, "lon": -71.07082184}, "arr_time": 1676284968, "arr_date_time": "2023-02-13T05:42:48-05:00", "end_time": 1676285268, "end_date_time": "2023-02-13T05:47:48-05:00", "waiting_time": 0, "distance": 802, "driving_time": 768, "preparation_time": 0, "load_before": [0], "load_after": [0]}, {"type": "service", "id": "1702403000_49", "location_id": "1702403000", "address": {"location_id": "1702403000", "lat": 42.29707875, "lon": -71.07079004}, "arr_time": 1676285281, "arr_date_time": "2023-02-13T05:48:01-05:00", "end_time": 1676285581, "end_date_time": "2023-02-13T05:53:01-05:00", "waiting_time": 0, "distance": 817, "driving_time": 781, "preparation_time": 0, "load_before": [0], "load_after": [0]}, {"type": "service", "id": "1702404000_50", "location_id": "1702404000", "address": {"location_id": "1702404000", "lat": 42.29693429, "lon": -71.07076289}, "arr_time": 1676285599, "arr_date_time": "2023-02-13T05:53:19-05:00", "end_time": 1676285899, "end_date_time": "2023-02-13T05:58:19-05:00", "waiting_time": 0, "distance": 835, "driving_time": 799, "preparation_time": 0, "load_before": [0], "load_after": [0]}, {"type": "service", "id": "1701257000_33", "location_id": "1701257000", "address": {"location_id": "1701257000", "lat": 42.29758602, "lon": -71.07046863}, "arr_time": 1676285995, "arr_date_time": "2023-02-13T05:59:55-05:00", "end_time": 1676286295, "end_date_time": "2023-02-13T06:04:55-05:00", "waiting_time": 0, "distance": 934, "driving_time": 895, "preparation_time": 0, "load_before": [0], "load_after": [0]}, {"type": "service", "id": "1702370000_38", "location_id": "1702370000", "address": {"location_id": "1702370000", "lat": 42.29770083, "lon": -71.07120723}, "arr_time": 1676286344, "arr_date_time": "2023-02-13T06:05:44-05:00", "end_time": 1676286644, "end_date_time": "2023-02-13T06:10:44-05:00", "waiting_time": 0, "distance": 986, "driving_time": 944, "preparation_time": 0, "load_before": [0], "load_after": [0]}, {"type": "service", "id": "1702420000_51", "location_id": "1702420000", "address": {"location_id": "1702420000", "lat": 42.29719802, "lon": -71.07163313}, "arr_time": 1676286699, "arr_date_time": "2023-02-13T06:11:39-05:00", "end_time": 1676286999, "end_date_time": "2023-02-13T06:16:39-05:00", "waiting_time": 0, "distance": 1043, "driving_time": 999, "preparation_time": 0, "load_before": [0], "load_after": [0]}, {"type": "service", "id": "1702396000_46", "location_id": "1702396000", "address": {"location_id": "1702396000", "lat": 42.29690296, "lon": -71.07108612}, "arr_time": 1676287036, "arr_date_time": "2023-02-13T06:17:16-05:00", "end_time": 1676287336, "end_date_time": "2023-02-13T06:22:16-05:00", "waiting_time": 0, "distance": 1082, "driving_time": 1036, "preparation_time": 0, "load_before": [0], "load_after": [0]}, {"type": "service", "id": "1702394000_45", "location_id": "1702394000", "address": {"location_id": "1702394000", "lat": 42.2965647, "lon": -71.07104765}, "arr_time": 1676287372, "arr_date_time": "2023-02-13T06:22:52-05:00", "end_time": 1676287672, "end_date_time": "2023-02-13T06:27:52-05:00", "waiting_time": 0, "distance": 1120, "driving_time": 1072, "preparation_time": 0, "load_before": [0], "load_after": [0]}, {"type": "service", "id": "1702393001_44", "location_id": "1702393001", "address": {"location_id": "1702393001", "lat": 42.29641995, "lon": -71.0710231}, "arr_time": 1676287688, "arr_date_time": "2023-02-13T06:28:08-05:00", "end_time": 1676287988, "end_date_time": "2023-02-13T06:33:08-05:00", "waiting_time": 0, "distance": 1136, "driving_time": 1088, "preparation_time": 0, "load_before": [0], "load_after": [0]}, {"type": "service", "id": "1702393000_43", "location_id": "1702393000", "address": {"location_id": "1702393000", "lat": 42.29625737, "lon": -71.07097421}, "arr_time": 1676288043, "arr_date_time": "2023-02-13T06:34:03-05:00", "end_time": 1676288343, "end_date_time": "2023-02-13T06:39:03-05:00", "waiting_time": 0, "distance": 1193, "driving_time": 1143, "preparation_time": 0, "load_before": [0], "load_after": [0]}, {"type": "service", "id": "1700108000_28", "location_id": "1700108000", "address": {"location_id": "1700108000", "lat": 42.29673252, "lon": -71.07283678}, "arr_time": 1676288647, "arr_date_time": "2023-02-13T06:44:07-05:00", "end_time": 1676288947, "end_date_time": "2023-02-13T06:49:07-05:00", "waiting_time": 0, "distance": 1509, "driving_time": 1447, "preparation_time": 0, "load_before": [0], "load_after": [0]}, {"type": "service", "id": "1700112000_29", "location_id": "1700112000", "address": {"location_id": "1700112000", "lat": 42.29672466, "lon": -71.07402369}, "arr_time": 1676289041, "arr_date_time": "2023-02-13T06:50:41-05:00", "end_time": 1676289341, "end_date_time": "2023-02-13T06:55:41-05:00", "waiting_time": 0, "distance": 1608, "driving_time": 1541, "preparation_time": 0, "load_before": [0], "load_after": [0]}, {"type": "service", "id": "1700122000_30", "location_id": "1700122000", "address": {"location_id": "1700122000", "lat": 42.29713283, "lon": -71.07352171}, "arr_time": 1676289580, "arr_date_time": "2023-02-13T06:59:40-05:00", "end_time": 1676289880, "end_date_time": "2023-02-13T07:04:40-05:00", "waiting_time": 0, "distance": 1857, "driving_time": 1780, "preparation_time": 0, "load_before": [0], "load_after": [0]}, {"type": "service", "id": "1700123000_31", "location_id": "1700123000", "address": {"location_id": "1700123000", "lat": 42.29719343, "lon": -71.07331382}, "arr_time": 1676289897, "arr_date_time": "2023-02-13T07:04:57-05:00", "end_time": 1676290197, "end_date_time": "2023-02-13T07:09:57-05:00", "waiting_time": 0, "distance": 1875, "driving_time": 1797, "preparation_time": 0, "load_before": [0], "load_after": [0]}, {"type": "service", "id": "1700072000_23", "location_id": "1700072000", "address": {"location_id": "1700072000", "lat": 42.29795491, "lon": -71.07395347}, "arr_time": 1676290304, "arr_date_time": "2023-02-13T07:11:44-05:00", "end_time": 1676290604, "end_date_time": "2023-02-13T07:16:44-05:00", "waiting_time": 0, "distance": 1986, "driving_time": 1904, "preparation_time": 0, "load_before": [0], "load_after": [0]}, {"type": "service", "id": "1700101000_27", "location_id": "1700101000", "address": {"location_id": "1700101000", "lat": 42.29759419, "lon": -71.07398618}, "arr_time": 1676290620, "arr_date_time": "2023-02-13T07:17:00-05:00", "end_time": 1676290920, "end_date_time": "2023-02-13T07:22:00-05:00", "waiting_time": 0, "distance": 2002, "driving_time": 1920, "preparation_time": 0, "load_before": [0], "load_after": [0]}, {"type": "service", "id": "1700100000_26", "location_id": "1700100000", "address": {"location_id": "1700100000", "lat": 42.29753524, "lon": -71.0742001}, "arr_time": 1676290939, "arr_date_time": "2023-02-13T07:22:19-05:00", "end_time": 1676291239, "end_date_time": "2023-02-13T07:27:19-05:00", "waiting_time": 0, "distance": 2021, "driving_time": 1939, "preparation_time": 0, "load_before": [0], "load_after": [0]}, {"type": "service", "id": "1700074000_24", "location_id": "1700074000", "address": {"location_id": "1700074000", "lat": 42.29783499, "lon": -71.07439541}, "arr_time": 1676291273, "arr_date_time": "2023-02-13T07:27:53-05:00", "end_time": 1676291573, "end_date_time": "2023-02-13T07:32:53-05:00", "waiting_time": 0, "distance": 2058, "driving_time": 1973, "preparation_time": 0, "load_before": [0], "load_after": [0]}, {"type": "service", "id": "1700001000_08", "location_id": "1700001000", "address": {"location_id": "1700001000", "lat": 42.29773806, "lon": -71.07475401}, "arr_time": 1676291576, "arr_date_time": "2023-02-13T07:32:56-05:00", "end_time": 1676291876, "end_date_time": "2023-02-13T07:37:56-05:00", "waiting_time": 0, "distance": 2060, "driving_time": 1976, "preparation_time": 0, "load_before": [0], "load_after": [0]}, {"type": "service", "id": "1700099000_25", "location_id": "1700099000", "address": {"location_id": "1700099000", "lat": 42.29747744, "lon": -71.0744108}, "arr_time": 1676291897, "arr_date_time": "2023-02-13T07:38:17-05:00", "end_time": 1676292197, "end_date_time": "2023-02-13T07:43:17-05:00", "waiting_time": 0, "distance": 2083, "driving_time": 1997, "preparation_time": 0, "load_before": [0], "load_after": [0]}, {"type": "service", "id": "1700004000_09", "location_id": "1700004000", "address": {"location_id": "1700004000", "lat": 42.2976053, "lon": -71.07531826}, "arr_time": 1676292271, "arr_date_time": "2023-02-13T07:44:31-05:00", "end_time": 1676292571, "end_date_time": "2023-02-13T07:49:31-05:00", "waiting_time": 0, "distance": 2159, "driving_time": 2071, "preparation_time": 0, "load_before": [0], "load_after": [0]}, {"type": "service", "id": "1700006000_10", "location_id": "1700006000", "address": {"location_id": "1700006000", "lat": 42.2976965, "lon": -71.07569211}, "arr_time": 1676292604, "arr_date_time": "2023-02-13T07:50:04-05:00", "end_time": 1676292904, "end_date_time": "2023-02-13T07:55:04-05:00", "waiting_time": 0, "distance": 2194, "driving_time": 2104, "preparation_time": 0, "load_before": [0], "load_after": [0]}, {"type": "service", "id": "1700007000_11", "location_id": "1700007000", "address": {"location_id": "1700007000", "lat": 42.29773257, "lon": -71.07590548}, "arr_time": 1676292948, "arr_date_time": "2023-02-13T07:55:48-05:00", "end_time": 1676293248, "end_date_time": "2023-02-13T08:00:48-05:00", "waiting_time": 0, "distance": 2240, "driving_time": 2148, "preparation_time": 0, "load_before": [0], "load_after": [0]}, {"type": "service", "id": "1700012000_12", "location_id": "1700012000", "address": {"location_id": "1700012000", "lat": 42.29854601, "lon": -71.07544546}, "arr_time": 1676293344, "arr_date_time": "2023-02-13T08:02:24-05:00", "end_time": 1676293644, "end_date_time": "2023-02-13T08:07:24-05:00", "waiting_time": 0, "distance": 2341, "driving_time": 2244, "preparation_time": 0, "load_before": [0], "load_after": [0]}, {"type": "service", "id": "1700026000_15", "location_id": "1700026000", "address": {"location_id": "1700026000", "lat": 42.29876242, "lon": -71.07419343}, "arr_time": 1676293784, "arr_date_time": "2023-02-13T08:09:44-05:00", "end_time": 1676294084, "end_date_time": "2023-02-13T08:14:44-05:00", "waiting_time": 0, "distance": 2487, "driving_time": 2384, "preparation_time": 0, "load_before": [0], "load_after": [0]}, {"type": "service", "id": "1700025000_14", "location_id": "1700025000", "address": {"location_id": "1700025000", "lat": 42.29854466, "lon": -71.07452896}, "arr_time": 1676294088, "arr_date_time": "2023-02-13T08:14:48-05:00", "end_time": 1676294388, "end_date_time": "2023-02-13T08:19:48-05:00", "waiting_time": 0, "distance": 2491, "driving_time": 2388, "preparation_time": 0, "load_before": [0], "load_after": [0]}, {"type": "service", "id": "1700015000_13", "location_id": "1700015000", "address": {"location_id": "1700015000", "lat": 42.29848539, "lon": -71.07526925}, "arr_time": 1676294524, "arr_date_time": "2023-02-13T08:22:04-05:00", "end_time": 1676294824, "end_date_time": "2023-02-13T08:27:04-05:00", "waiting_time": 0, "distance": 2632, "driving_time": 2524, "preparation_time": 0, "load_before": [0], "load_after": [0]}, {"type": "service", "id": "1700060000_18", "location_id": "1700060000", "address": {"location_id": "1700060000", "lat": 42.2980417, "lon": -71.07454014}, "arr_time": 1676294891, "arr_date_time": "2023-02-13T08:28:11-05:00", "end_time": 1676295191, "end_date_time": "2023-02-13T08:33:11-05:00", "waiting_time": 0, "distance": 2701, "driving_time": 2591, "preparation_time": 0, "load_before": [0], "load_after": [0]}, {"type": "service", "id": "1700042000_16", "location_id": "1700042000", "address": {"location_id": "1700042000", "lat": 42.29834862, "lon": -71.0746568}, "arr_time": 1676295227, "arr_date_time": "2023-02-13T08:33:47-05:00", "end_time": 1676295527, "end_date_time": "2023-02-13T08:38:47-05:00", "waiting_time": 0, "distance": 2738, "driving_time": 2627, "preparation_time": 0, "load_before": [0], "load_after": [0]}, {"type": "service", "id": "1700061000_19", "location_id": "1700061000", "address": {"location_id": "1700061000", "lat": 42.29809574, "lon": -71.07435816}, "arr_time": 1676295539, "arr_date_time": "2023-02-13T08:38:59-05:00", "end_time": 1676295839, "end_date_time": "2023-02-13T08:43:59-05:00", "waiting_time": 0, "distance": 2751, "driving_time": 2639, "preparation_time": 0, "load_before": [0], "load_after": [0]}, {"type": "service", "id": "1700062000_20", "location_id": "1700062000", "address": {"location_id": "1700062000", "lat": 42.29814653, "lon": -71.07418381}, "arr_time": 1676295853, "arr_date_time": "2023-02-13T08:44:13-05:00", "end_time": 1676296153, "end_date_time": "2023-02-13T08:49:13-05:00", "waiting_time": 0, "distance": 2766, "driving_time": 2653, "preparation_time": 0, "load_before": [0], "load_after": [0]}, {"type": "service", "id": "1700065000_21", "location_id": "1700065000", "address": {"location_id": "1700065000", "lat": 42.29825397, "lon": -71.07375166}, "arr_time": 1676296189, "arr_date_time": "2023-02-13T08:49:49-05:00", "end_time": 1676296489, "end_date_time": "2023-02-13T08:54:49-05:00", "waiting_time": 0, "distance": 2803, "driving_time": 2689, "preparation_time": 0, "load_before": [0], "load_after": [0]}, {"type": "service", "id": "1700066000_22", "location_id": "1700066000", "address": {"location_id": "1700066000", "lat": 42.29829382, "lon": -71.07361404}, "arr_time": 1676296501, "arr_date_time": "2023-02-13T08:55:01-05:00", "end_time": 1676296801, "end_date_time": "2023-02-13T09:00:01-05:00", "waiting_time": 0, "distance": 2815, "driving_time": 2701, "preparation_time": 0, "load_before": [0], "load_after": [0]}, {"type": "end", "location_id": "1500736000", "address": {"location_id": "1500736000", "lat": 42.29979342, "lon": -71.07207584}, "arr_time": 1676297140, "arr_date_time": "2023-02-13T09:05:40-05:00", "end_time": 1676297140, "end_date_time": "2023-02-13T09:05:40-05:00", "waiting_time": 0, "distance": 3167, "driving_time": 3040, "preparation_time": 0, "load_before": [0]}]}], "unassigned": {"services": [], "shipments": [], "breaks": [], "details": []}}}