{"copyrights": ["GraphHopper", "OpenStreetMap contributors"], "job_id": "9c981a39-8491-45c7-8619-9ed274b00bb2", "status": "finished", "waiting_time_in_queue": 0, "processing_time": 119, "solution": {"costs": 328, "distance": 2797, "time": 2687, "transport_time": 2687, "completion_time": 15887, "max_operation_time": 15887, "waiting_time": 0, "service_duration": 13200, "preparation_time": 0, "no_vehicles": 1, "no_unassigned": 0, "routes": [{"vehicle_id": "my_vehicle", "shift_id": "default-shift", "distance": 2797, "transport_time": 2687, "completion_time": 15887, "waiting_time": 0, "service_duration": 13200, "preparation_time": 0, "activities": [{"type": "start", "location_id": "1301090010", "address": {"location_id": "1301090010", "lat": 42.31665269, "lon": -71.07049801}, "arr_time": 1676278800, "arr_date_time": "2023-02-13T04:00:00-05:00", "end_time": 1676278800, "end_date_time": "2023-02-13T04:00:00-05:00", "waiting_time": 0, "distance": 0, "driving_time": 0, "preparation_time": 0, "load_after": [0]}, {"type": "service", "id": "1301026000_27", "location_id": "1301026000", "address": {"location_id": "1301026000", "lat": 42.31607171, "lon": -71.07140184}, "arr_time": 1676278893, "arr_date_time": "2023-02-13T04:01:33-05:00", "end_time": 1676279193, "end_date_time": "2023-02-13T04:06:33-05:00", "waiting_time": 0, "distance": 97, "driving_time": 93, "preparation_time": 0, "load_before": [0], "load_after": [0]}, {"type": "service", "id": "1301157000_35", "location_id": "1301157000", "address": {"location_id": "1301157000", "lat": 42.31551834, "lon": -71.07096974}, "arr_time": 1676279284, "arr_date_time": "2023-02-13T04:08:04-05:00", "end_time": 1676279584, "end_date_time": "2023-02-13T04:13:04-05:00", "waiting_time": 0, "distance": 192, "driving_time": 184, "preparation_time": 0, "load_before": [0], "load_after": [0]}, {"type": "service", "id": "1300982000_14", "location_id": "1300982000", "address": {"location_id": "1300982000", "lat": 42.31581904, "lon": -71.07276841}, "arr_time": 1676279709, "arr_date_time": "2023-02-13T04:15:09-05:00", "end_time": 1676280009, "end_date_time": "2023-02-13T04:20:09-05:00", "waiting_time": 0, "distance": 322, "driving_time": 309, "preparation_time": 0, "load_before": [0], "load_after": [0]}, {"type": "service", "id": "1301022000_26", "location_id": "1301022000", "address": {"location_id": "1301022000", "lat": 42.31634553, "lon": -71.07260349}, "arr_time": 1676280071, "arr_date_time": "2023-02-13T04:21:11-05:00", "end_time": 1676280371, "end_date_time": "2023-02-13T04:26:11-05:00", "waiting_time": 0, "distance": 386, "driving_time": 371, "preparation_time": 0, "load_before": [0], "load_after": [0]}, {"type": "service", "id": "1300981000_13", "location_id": "1300981000", "address": {"location_id": "1300981000", "lat": 42.31560908, "lon": -71.0728051}, "arr_time": 1676280452, "arr_date_time": "2023-02-13T04:27:32-05:00", "end_time": 1676280752, "end_date_time": "2023-02-13T04:32:32-05:00", "waiting_time": 0, "distance": 471, "driving_time": 452, "preparation_time": 0, "load_before": [0], "load_after": [0]}, {"type": "service", "id": "1300978000_12", "location_id": "1300978000", "address": {"location_id": "1300978000", "lat": 42.31516722, "lon": -71.07279662}, "arr_time": 1676280800, "arr_date_time": "2023-02-13T04:33:20-05:00", "end_time": 1676281100, "end_date_time": "2023-02-13T04:38:20-05:00", "waiting_time": 0, "distance": 521, "driving_time": 500, "preparation_time": 0, "load_before": [0], "load_after": [0]}, {"type": "service", "id": "1301012010_18", "location_id": "1301012010", "address": {"location_id": "1301012010", "lat": 42.31422468, "lon": -71.07223731}, "arr_time": 1676281231, "arr_date_time": "2023-02-13T04:40:31-05:00", "end_time": 1676281531, "end_date_time": "2023-02-13T04:45:31-05:00", "waiting_time": 0, "distance": 657, "driving_time": 631, "preparation_time": 0, "load_before": [0], "load_after": [0]}, {"type": "service", "id": "1300964000_11", "location_id": "1300964000", "address": {"location_id": "1300964000", "lat": 42.31404573, "lon": -71.0728146}, "arr_time": 1676281616, "arr_date_time": "2023-02-13T04:46:56-05:00", "end_time": 1676281916, "end_date_time": "2023-02-13T04:51:56-05:00", "waiting_time": 0, "distance": 745, "driving_time": 716, "preparation_time": 0, "load_before": [0], "load_after": [0]}, {"type": "service", "id": "1300963020_10", "location_id": "1300963020", "address": {"location_id": "1300963020", "lat": 42.31387226, "lon": -71.07307237}, "arr_time": 1676281936, "arr_date_time": "2023-02-13T04:52:16-05:00", "end_time": 1676282236, "end_date_time": "2023-02-13T04:57:16-05:00", "waiting_time": 0, "distance": 766, "driving_time": 736, "preparation_time": 0, "load_before": [0], "load_after": [0]}, {"type": "service", "id": "1300963010_09", "location_id": "1300963010", "address": {"location_id": "1300963010", "lat": 42.31387051, "lon": -71.07297983}, "arr_time": 1676282236, "arr_date_time": "2023-02-13T04:57:16-05:00", "end_time": 1676282536, "end_date_time": "2023-02-13T05:02:16-05:00", "waiting_time": 0, "distance": 767, "driving_time": 736, "preparation_time": 0, "load_before": [0], "load_after": [0]}, {"type": "service", "id": "1301018000_25", "location_id": "1301018000", "address": {"location_id": "1301018000", "lat": 42.31386814, "lon": -71.0728715}, "arr_time": 1676282584, "arr_date_time": "2023-02-13T05:03:04-05:00", "end_time": 1676282884, "end_date_time": "2023-02-13T05:08:04-05:00", "waiting_time": 0, "distance": 817, "driving_time": 784, "preparation_time": 0, "load_before": [0], "load_after": [0]}, {"type": "service", "id": "1301017020_24", "location_id": "1301017020", "address": {"location_id": "1301017020", "lat": 42.31386642, "lon": -71.07274432}, "arr_time": 1676282895, "arr_date_time": "2023-02-13T05:08:15-05:00", "end_time": 1676283195, "end_date_time": "2023-02-13T05:13:15-05:00", "waiting_time": 0, "distance": 827, "driving_time": 795, "preparation_time": 0, "load_before": [0], "load_after": [0]}, {"type": "service", "id": "1301017010_23", "location_id": "1301017010", "address": {"location_id": "1301017010", "lat": 42.3138649, "lon": -71.07261633}, "arr_time": 1676283205, "arr_date_time": "2023-02-13T05:13:25-05:00", "end_time": 1676283505, "end_date_time": "2023-02-13T05:18:25-05:00", "waiting_time": 0, "distance": 838, "driving_time": 805, "preparation_time": 0, "load_before": [0], "load_after": [0]}, {"type": "service", "id": "1301015000_22", "location_id": "1301015000", "address": {"location_id": "1301015000", "lat": 42.31379275, "lon": -71.0722737}, "arr_time": 1676283532, "arr_date_time": "2023-02-13T05:18:52-05:00", "end_time": 1676283832, "end_date_time": "2023-02-13T05:23:52-05:00", "waiting_time": 0, "distance": 866, "driving_time": 832, "preparation_time": 0, "load_before": [0], "load_after": [0]}, {"type": "service", "id": "1301014000_21", "location_id": "1301014000", "address": {"location_id": "1301014000", "lat": 42.31393128, "lon": -71.07223306}, "arr_time": 1676283868, "arr_date_time": "2023-02-13T05:24:28-05:00", "end_time": 1676284168, "end_date_time": "2023-02-13T05:29:28-05:00", "waiting_time": 0, "distance": 904, "driving_time": 868, "preparation_time": 0, "load_before": [0], "load_after": [0]}, {"type": "service", "id": "1301013010_20", "location_id": "1301013010", "address": {"location_id": "1301013010", "lat": 42.31403251, "lon": -71.07229316}, "arr_time": 1676284177, "arr_date_time": "2023-02-13T05:29:37-05:00", "end_time": 1676284477, "end_date_time": "2023-02-13T05:34:37-05:00", "waiting_time": 0, "distance": 913, "driving_time": 877, "preparation_time": 0, "load_before": [0], "load_after": [0]}, {"type": "service", "id": "1301012020_19", "location_id": "1301012020", "address": {"location_id": "1301012020", "lat": 42.31412442, "lon": -71.07226619}, "arr_time": 1676284487, "arr_date_time": "2023-02-13T05:34:47-05:00", "end_time": 1676284787, "end_date_time": "2023-02-13T05:39:47-05:00", "waiting_time": 0, "distance": 923, "driving_time": 887, "preparation_time": 0, "load_before": [0], "load_after": [0]}, {"type": "service", "id": "1301008000_17", "location_id": "1301008000", "address": {"location_id": "1301008000", "lat": 42.31451158, "lon": -71.07239107}, "arr_time": 1676284895, "arr_date_time": "2023-02-13T05:41:35-05:00", "end_time": 1676285195, "end_date_time": "2023-02-13T05:46:35-05:00", "waiting_time": 0, "distance": 1036, "driving_time": 995, "preparation_time": 0, "load_before": [0], "load_after": [0]}, {"type": "service", "id": "1300993000_15", "location_id": "1300993000", "address": {"location_id": "1300993000", "lat": 42.3153755, "lon": -71.07221304}, "arr_time": 1676285364, "arr_date_time": "2023-02-13T05:49:24-05:00", "end_time": 1676285664, "end_date_time": "2023-02-13T05:54:24-05:00", "waiting_time": 0, "distance": 1212, "driving_time": 1164, "preparation_time": 0, "load_before": [0], "load_after": [0]}, {"type": "service", "id": "1300996000_16", "location_id": "1300996000", "address": {"location_id": "1300996000", "lat": 42.31514974, "lon": -71.07252539}, "arr_time": 1676285677, "arr_date_time": "2023-02-13T05:54:37-05:00", "end_time": 1676285977, "end_date_time": "2023-02-13T05:59:37-05:00", "waiting_time": 0, "distance": 1226, "driving_time": 1177, "preparation_time": 0, "load_before": [0], "load_after": [0]}, {"type": "service", "id": "1300926020_04", "location_id": "1300926020", "address": {"location_id": "1300926020", "lat": 42.31337672, "lon": -71.07246909}, "arr_time": 1676286249, "arr_date_time": "2023-02-13T06:04:09-05:00", "end_time": 1676286549, "end_date_time": "2023-02-13T06:09:09-05:00", "waiting_time": 0, "distance": 1510, "driving_time": 1449, "preparation_time": 0, "load_before": [0], "load_after": [0]}, {"type": "service", "id": "1300926010_03", "location_id": "1300926010", "address": {"location_id": "1300926010", "lat": 42.31339627, "lon": -71.07263425}, "arr_time": 1676286563, "arr_date_time": "2023-02-13T06:09:23-05:00", "end_time": 1676286863, "end_date_time": "2023-02-13T06:14:23-05:00", "waiting_time": 0, "distance": 1523, "driving_time": 1463, "preparation_time": 0, "load_before": [0], "load_after": [0]}, {"type": "service", "id": "1300925000_02", "location_id": "1300925000", "address": {"location_id": "1300925000", "lat": 42.31345323, "lon": -71.07277189}, "arr_time": 1676286875, "arr_date_time": "2023-02-13T06:14:35-05:00", "end_time": 1676287175, "end_date_time": "2023-02-13T06:19:35-05:00", "waiting_time": 0, "distance": 1536, "driving_time": 1475, "preparation_time": 0, "load_before": [0], "load_after": [0]}, {"type": "service", "id": "1301147000_34", "location_id": "1301147000", "address": {"location_id": "1301147000", "lat": 42.3134276, "lon": -71.07176794}, "arr_time": 1676287247, "arr_date_time": "2023-02-13T06:20:47-05:00", "end_time": 1676287547, "end_date_time": "2023-02-13T06:25:47-05:00", "waiting_time": 0, "distance": 1611, "driving_time": 1547, "preparation_time": 0, "load_before": [0], "load_after": [0]}, {"type": "service", "id": "1301179000_39", "location_id": "1301179000", "address": {"location_id": "1301179000", "lat": 42.31307589, "lon": -71.07203095}, "arr_time": 1676287547, "arr_date_time": "2023-02-13T06:25:47-05:00", "end_time": 1676287847, "end_date_time": "2023-02-13T06:30:47-05:00", "waiting_time": 0, "distance": 1611, "driving_time": 1547, "preparation_time": 0, "load_before": [0], "load_after": [0]}, {"type": "service", "id": "1301198000_43", "location_id": "1301198000", "address": {"location_id": "1301198000", "lat": 42.31312952, "lon": -71.07224085}, "arr_time": 1676287908, "arr_date_time": "2023-02-13T06:31:48-05:00", "end_time": 1676288208, "end_date_time": "2023-02-13T06:36:48-05:00", "waiting_time": 0, "distance": 1675, "driving_time": 1608, "preparation_time": 0, "load_before": [0], "load_after": [0]}, {"type": "service", "id": "1300927010_05", "location_id": "1300927010", "address": {"location_id": "1300927010", "lat": 42.31327311, "lon": -71.07264277}, "arr_time": 1676288211, "arr_date_time": "2023-02-13T06:36:51-05:00", "end_time": 1676288511, "end_date_time": "2023-02-13T06:41:51-05:00", "waiting_time": 0, "distance": 1677, "driving_time": 1611, "preparation_time": 0, "load_before": [0], "load_after": [0]}, {"type": "service", "id": "1301197000_42", "location_id": "1301197000", "address": {"location_id": "1301197000", "lat": 42.31300455, "lon": -71.07228067}, "arr_time": 1676288521, "arr_date_time": "2023-02-13T06:42:01-05:00", "end_time": 1676288821, "end_date_time": "2023-02-13T06:47:01-05:00", "waiting_time": 0, "distance": 1688, "driving_time": 1621, "preparation_time": 0, "load_before": [0], "load_after": [0]}, {"type": "service", "id": "1300929000_07", "location_id": "1300929000", "address": {"location_id": "1300929000", "lat": 42.31310368, "lon": -71.07277443}, "arr_time": 1676288859, "arr_date_time": "2023-02-13T06:47:39-05:00", "end_time": 1676289159, "end_date_time": "2023-02-13T06:52:39-05:00", "waiting_time": 0, "distance": 1727, "driving_time": 1659, "preparation_time": 0, "load_before": [0], "load_after": [0]}, {"type": "service", "id": "1300928010_06", "location_id": "1300928010", "address": {"location_id": "1300928010", "lat": 42.31320097, "lon": -71.07273151}, "arr_time": 1676289160, "arr_date_time": "2023-02-13T06:52:40-05:00", "end_time": 1676289460, "end_date_time": "2023-02-13T06:57:40-05:00", "waiting_time": 0, "distance": 1729, "driving_time": 1660, "preparation_time": 0, "load_before": [0], "load_after": [0]}, {"type": "service", "id": "1300933000_08", "location_id": "1300933000", "address": {"location_id": "1300933000", "lat": 42.31309467, "lon": -71.07337919}, "arr_time": 1676289501, "arr_date_time": "2023-02-13T06:58:21-05:00", "end_time": 1676289801, "end_date_time": "2023-02-13T07:03:21-05:00", "waiting_time": 0, "distance": 1772, "driving_time": 1701, "preparation_time": 0, "load_before": [0], "load_after": [0]}, {"type": "service", "id": "1300922000_01", "location_id": "1300922000", "address": {"location_id": "1300922000", "lat": 42.31336803, "lon": -71.07333339}, "arr_time": 1676289804, "arr_date_time": "2023-02-13T07:03:24-05:00", "end_time": 1676290104, "end_date_time": "2023-02-13T07:08:24-05:00", "waiting_time": 0, "distance": 1775, "driving_time": 1704, "preparation_time": 0, "load_before": [0], "load_after": [0]}, {"type": "service", "id": "1301190000_41", "location_id": "1301190000", "address": {"location_id": "1301190000", "lat": 42.3123887, "lon": -71.07232036}, "arr_time": 1676290321, "arr_date_time": "2023-02-13T07:12:01-05:00", "end_time": 1676290621, "end_date_time": "2023-02-13T07:17:01-05:00", "waiting_time": 0, "distance": 2001, "driving_time": 1921, "preparation_time": 0, "load_before": [0], "load_after": [0]}, {"type": "service", "id": "1301185000_40", "location_id": "1301185000", "address": {"location_id": "1301185000", "lat": 42.31254291, "lon": -71.07188818}, "arr_time": 1676290719, "arr_date_time": "2023-02-13T07:18:39-05:00", "end_time": 1676291019, "end_date_time": "2023-02-13T07:23:39-05:00", "waiting_time": 0, "distance": 2102, "driving_time": 2019, "preparation_time": 0, "load_before": [0], "load_after": [0]}, {"type": "service", "id": "1301201000_44", "location_id": "1301201000", "address": {"location_id": "1301201000", "lat": 42.31270711, "lon": -71.07137869}, "arr_time": 1676291049, "arr_date_time": "2023-02-13T07:24:09-05:00", "end_time": 1676291349, "end_date_time": "2023-02-13T07:29:09-05:00", "waiting_time": 0, "distance": 2134, "driving_time": 2049, "preparation_time": 0, "load_before": [0], "load_after": [0]}, {"type": "service", "id": "1301145000_33", "location_id": "1301145000", "address": {"location_id": "1301145000", "lat": 42.31348536, "lon": -71.07130478}, "arr_time": 1676291429, "arr_date_time": "2023-02-13T07:30:29-05:00", "end_time": 1676291729, "end_date_time": "2023-02-13T07:35:29-05:00", "waiting_time": 0, "distance": 2217, "driving_time": 2129, "preparation_time": 0, "load_before": [0], "load_after": [0]}, {"type": "service", "id": "1301143020_32", "location_id": "1301143020", "address": {"location_id": "1301143020", "lat": 42.3143279, "lon": -71.07110512}, "arr_time": 1676291827, "arr_date_time": "2023-02-13T07:37:07-05:00", "end_time": 1676292127, "end_date_time": "2023-02-13T07:42:07-05:00", "waiting_time": 0, "distance": 2319, "driving_time": 2227, "preparation_time": 0, "load_before": [0], "load_after": [0]}, {"type": "service", "id": "1301143010_31", "location_id": "1301143010", "address": {"location_id": "1301143010", "lat": 42.3144159, "lon": -71.07108133}, "arr_time": 1676292136, "arr_date_time": "2023-02-13T07:42:16-05:00", "end_time": 1676292436, "end_date_time": "2023-02-13T07:47:16-05:00", "waiting_time": 0, "distance": 2329, "driving_time": 2236, "preparation_time": 0, "load_before": [0], "load_after": [0]}, {"type": "service", "id": "1301177020_38", "location_id": "1301177020", "address": {"location_id": "1301177020", "lat": 42.31452453, "lon": -71.07104246}, "arr_time": 1676292448, "arr_date_time": "2023-02-13T07:47:28-05:00", "end_time": 1676292748, "end_date_time": "2023-02-13T07:52:28-05:00", "waiting_time": 0, "distance": 2341, "driving_time": 2248, "preparation_time": 0, "load_before": [0], "load_after": [0]}, {"type": "service", "id": "1301177010_37", "location_id": "1301177010", "address": {"location_id": "1301177010", "lat": 42.31463961, "lon": -71.07099239}, "arr_time": 1676292757, "arr_date_time": "2023-02-13T07:52:37-05:00", "end_time": 1676293057, "end_date_time": "2023-02-13T07:57:37-05:00", "waiting_time": 0, "distance": 2350, "driving_time": 2257, "preparation_time": 0, "load_before": [0], "load_after": [0]}, {"type": "service", "id": "1301109000_28", "location_id": "1301109000", "address": {"location_id": "1301109000", "lat": 42.31466194, "lon": -71.07054162}, "arr_time": 1676293071, "arr_date_time": "2023-02-13T07:57:51-05:00", "end_time": 1676293371, "end_date_time": "2023-02-13T08:02:51-05:00", "waiting_time": 0, "distance": 2364, "driving_time": 2271, "preparation_time": 0, "load_before": [0], "load_after": [0]}, {"type": "service", "id": "1301174010_36", "location_id": "1301174010", "address": {"location_id": "1301174010", "lat": 42.31486601, "lon": -71.07088712}, "arr_time": 1676293383, "arr_date_time": "2023-02-13T08:03:03-05:00", "end_time": 1676293683, "end_date_time": "2023-02-13T08:08:03-05:00", "waiting_time": 0, "distance": 2376, "driving_time": 2283, "preparation_time": 0, "load_before": [0], "load_after": [0]}, {"type": "service", "id": "1301130000_29", "location_id": "1301130000", "address": {"location_id": "1301130000", "lat": 42.31643363, "lon": -71.06967336}, "arr_time": 1676293883, "arr_date_time": "2023-02-13T08:11:23-05:00", "end_time": 1676294183, "end_date_time": "2023-02-13T08:16:23-05:00", "waiting_time": 0, "distance": 2585, "driving_time": 2483, "preparation_time": 0, "load_before": [0], "load_after": [0]}, {"type": "service", "id": "1301131000_30", "location_id": "1301131000", "address": {"location_id": "1301131000", "lat": 42.31660922, "lon": -71.06973327}, "arr_time": 1676294199, "arr_date_time": "2023-02-13T08:16:39-05:00", "end_time": 1676294499, "end_date_time": "2023-02-13T08:21:39-05:00", "waiting_time": 0, "distance": 2602, "driving_time": 2499, "preparation_time": 0, "load_before": [0], "load_after": [0]}, {"type": "end", "location_id": "1301090010", "address": {"location_id": "1301090010", "lat": 42.31665269, "lon": -71.07049801}, "arr_time": 1676294687, "arr_date_time": "2023-02-13T08:24:47-05:00", "end_time": 1676294687, "end_date_time": "2023-02-13T08:24:47-05:00", "waiting_time": 0, "distance": 2797, "driving_time": 2687, "preparation_time": 0, "load_before": [0]}]}], "unassigned": {"services": [], "shipments": [], "breaks": [], "details": []}}}