{"copyrights": ["GraphHopper", "OpenStreetMap contributors"], "job_id": "712bb126-0b87-4415-8b1f-9e74c7862c22", "status": "finished", "waiting_time_in_queue": 0, "processing_time": 124, "solution": {"costs": 316, "distance": 1880, "time": 1804, "transport_time": 1804, "completion_time": 14404, "max_operation_time": 14404, "waiting_time": 0, "service_duration": 12600, "preparation_time": 0, "no_vehicles": 1, "no_unassigned": 0, "routes": [{"vehicle_id": "my_vehicle", "shift_id": "default-shift", "distance": 1880, "transport_time": 1804, "completion_time": 14404, "waiting_time": 0, "service_duration": 12600, "preparation_time": 0, "activities": [{"type": "start", "location_id": "1700129000", "address": {"location_id": "1700129000", "lat": 42.29678421, "lon": -71.07674533}, "arr_time": 1676278800, "arr_date_time": "2023-02-13T04:00:00-05:00", "end_time": 1676278800, "end_date_time": "2023-02-13T04:00:00-05:00", "waiting_time": 0, "distance": 0, "driving_time": 0, "preparation_time": 0, "load_after": [0]}, {"type": "service", "id": "1700149000_01", "location_id": "1700149000", "address": {"location_id": "1700149000", "lat": 42.29625705, "lon": -71.0770136}, "arr_time": 1676278851, "arr_date_time": "2023-02-13T04:00:51-05:00", "end_time": 1676279151, "end_date_time": "2023-02-13T04:05:51-05:00", "waiting_time": 0, "distance": 53, "driving_time": 51, "preparation_time": 0, "load_before": [0], "load_after": [0]}, {"type": "service", "id": "1700220000_14", "location_id": "1700220000", "address": {"location_id": "1700220000", "lat": 42.29588675, "lon": -71.07713895}, "arr_time": 1676279201, "arr_date_time": "2023-02-13T04:06:41-05:00", "end_time": 1676279501, "end_date_time": "2023-02-13T04:11:41-05:00", "waiting_time": 0, "distance": 106, "driving_time": 101, "preparation_time": 0, "load_before": [0], "load_after": [0]}, {"type": "service", "id": "1700159000_02", "location_id": "1700159000", "address": {"location_id": "1700159000", "lat": 42.29611192, "lon": -71.07773956}, "arr_time": 1676279548, "arr_date_time": "2023-02-13T04:12:28-05:00", "end_time": 1676279848, "end_date_time": "2023-02-13T04:17:28-05:00", "waiting_time": 0, "distance": 155, "driving_time": 148, "preparation_time": 0, "load_before": [0], "load_after": [0]}, {"type": "service", "id": "1700160000_03", "location_id": "1700160000", "address": {"location_id": "1700160000", "lat": 42.296071, "lon": -71.07790917}, "arr_time": 1676279889, "arr_date_time": "2023-02-13T04:18:09-05:00", "end_time": 1676280189, "end_date_time": "2023-02-13T04:23:09-05:00", "waiting_time": 0, "distance": 198, "driving_time": 189, "preparation_time": 0, "load_before": [0], "load_after": [0]}, {"type": "service", "id": "1700171000_04", "location_id": "1700171000", "address": {"location_id": "1700171000", "lat": 42.29580608, "lon": -71.07850188}, "arr_time": 1676280229, "arr_date_time": "2023-02-13T04:23:49-05:00", "end_time": 1676280529, "end_date_time": "2023-02-13T04:28:49-05:00", "waiting_time": 0, "distance": 239, "driving_time": 229, "preparation_time": 0, "load_before": [0], "load_after": [0]}, {"type": "service", "id": "1700189000_07", "location_id": "1700189000", "address": {"location_id": "1700189000", "lat": 42.29529612, "lon": -71.07799105}, "arr_time": 1676280588, "arr_date_time": "2023-02-13T04:29:48-05:00", "end_time": 1676280888, "end_date_time": "2023-02-13T04:34:48-05:00", "waiting_time": 0, "distance": 300, "driving_time": 288, "preparation_time": 0, "load_before": [0], "load_after": [0]}, {"type": "service", "id": "1700177000_05", "location_id": "1700177000", "address": {"location_id": "1700177000", "lat": 42.29511414, "lon": -71.07839689}, "arr_time": 1676280904, "arr_date_time": "2023-02-13T04:35:04-05:00", "end_time": 1676281204, "end_date_time": "2023-02-13T04:40:04-05:00", "waiting_time": 0, "distance": 316, "driving_time": 304, "preparation_time": 0, "load_before": [0], "load_after": [0]}, {"type": "service", "id": "1700178000_06", "location_id": "1700178000", "address": {"location_id": "1700178000", "lat": 42.29501378, "lon": -71.07838171}, "arr_time": 1676281215, "arr_date_time": "2023-02-13T04:40:15-05:00", "end_time": 1676281515, "end_date_time": "2023-02-13T04:45:15-05:00", "waiting_time": 0, "distance": 327, "driving_time": 315, "preparation_time": 0, "load_before": [0], "load_after": [0]}, {"type": "service", "id": "1700208030_12", "location_id": "1700208030", "address": {"location_id": "1700208030", "lat": 42.29465902, "lon": -71.07767294}, "arr_time": 1676281619, "arr_date_time": "2023-02-13T04:46:59-05:00", "end_time": 1676281919, "end_date_time": "2023-02-13T04:51:59-05:00", "waiting_time": 0, "distance": 435, "driving_time": 419, "preparation_time": 0, "load_before": [0], "load_after": [0]}, {"type": "service", "id": "1700206030_11", "location_id": "1700206030", "address": {"location_id": "1700206030", "lat": 42.29469743, "lon": -71.07747255}, "arr_time": 1676281935, "arr_date_time": "2023-02-13T04:52:15-05:00", "end_time": 1676282235, "end_date_time": "2023-02-13T04:57:15-05:00", "waiting_time": 0, "distance": 452, "driving_time": 435, "preparation_time": 0, "load_before": [0], "load_after": [0]}, {"type": "service", "id": "1700204010_10", "location_id": "1700204010", "address": {"location_id": "1700204010", "lat": 42.29487063, "lon": -71.07757073}, "arr_time": 1676282281, "arr_date_time": "2023-02-13T04:58:01-05:00", "end_time": 1676282581, "end_date_time": "2023-02-13T05:03:01-05:00", "waiting_time": 0, "distance": 500, "driving_time": 481, "preparation_time": 0, "load_before": [0], "load_after": [0]}, {"type": "service", "id": "1700212000_13", "location_id": "1700212000", "address": {"location_id": "1700212000", "lat": 42.29499866, "lon": -71.07710159}, "arr_time": 1676282588, "arr_date_time": "2023-02-13T05:03:08-05:00", "end_time": 1676282888, "end_date_time": "2023-02-13T05:08:08-05:00", "waiting_time": 0, "distance": 507, "driving_time": 488, "preparation_time": 0, "load_before": [0], "load_after": [0]}, {"type": "service", "id": "1700203010_09", "location_id": "1700203010", "address": {"location_id": "1700203010", "lat": 42.29499519, "lon": -71.07759441}, "arr_time": 1676282895, "arr_date_time": "2023-02-13T05:08:15-05:00", "end_time": 1676283195, "end_date_time": "2023-02-13T05:13:15-05:00", "waiting_time": 0, "distance": 514, "driving_time": 495, "preparation_time": 0, "load_before": [0], "load_after": [0]}, {"type": "service", "id": "1700202010_08", "location_id": "1700202010", "address": {"location_id": "1700202010", "lat": 42.2951439, "lon": -71.07762283}, "arr_time": 1676283211, "arr_date_time": "2023-02-13T05:13:31-05:00", "end_time": 1676283511, "end_date_time": "2023-02-13T05:18:31-05:00", "waiting_time": 0, "distance": 531, "driving_time": 511, "preparation_time": 0, "load_before": [0], "load_after": [0]}, {"type": "service", "id": "1700352000_18", "location_id": "1700352000", "address": {"location_id": "1700352000", "lat": 42.2944274, "lon": -71.07738757}, "arr_time": 1676283588, "arr_date_time": "2023-02-13T05:19:48-05:00", "end_time": 1676283888, "end_date_time": "2023-02-13T05:24:48-05:00", "waiting_time": 0, "distance": 612, "driving_time": 588, "preparation_time": 0, "load_before": [0], "load_after": [0]}, {"type": "service", "id": "1700389000_26", "location_id": "1700389000", "address": {"location_id": "1700389000", "lat": 42.29408623, "lon": -71.07679996}, "arr_time": 1676283935, "arr_date_time": "2023-02-13T05:25:35-05:00", "end_time": 1676284235, "end_date_time": "2023-02-13T05:30:35-05:00", "waiting_time": 0, "distance": 661, "driving_time": 635, "preparation_time": 0, "load_before": [0], "load_after": [0]}, {"type": "service", "id": "1700388000_25", "location_id": "1700388000", "address": {"location_id": "1700388000", "lat": 42.29394671, "lon": -71.07674521}, "arr_time": 1676284251, "arr_date_time": "2023-02-13T05:30:51-05:00", "end_time": 1676284551, "end_date_time": "2023-02-13T05:35:51-05:00", "waiting_time": 0, "distance": 677, "driving_time": 651, "preparation_time": 0, "load_before": [0], "load_after": [0]}, {"type": "service", "id": "1700387000_24", "location_id": "1700387000", "address": {"location_id": "1700387000", "lat": 42.29380601, "lon": -71.07668979}, "arr_time": 1676284567, "arr_date_time": "2023-02-13T05:36:07-05:00", "end_time": 1676284867, "end_date_time": "2023-02-13T05:41:07-05:00", "waiting_time": 0, "distance": 693, "driving_time": 667, "preparation_time": 0, "load_before": [0], "load_after": [0]}, {"type": "service", "id": "1700385000_23", "location_id": "1700385000", "address": {"location_id": "1700385000", "lat": 42.2935437, "lon": -71.07658499}, "arr_time": 1676284896, "arr_date_time": "2023-02-13T05:41:36-05:00", "end_time": 1676285196, "end_date_time": "2023-02-13T05:46:36-05:00", "waiting_time": 0, "distance": 723, "driving_time": 696, "preparation_time": 0, "load_before": [0], "load_after": [0]}, {"type": "service", "id": "1700410000_37", "location_id": "1700410000", "address": {"location_id": "1700410000", "lat": 42.29339211, "lon": -71.07563952}, "arr_time": 1676285384, "arr_date_time": "2023-02-13T05:49:44-05:00", "end_time": 1676285684, "end_date_time": "2023-02-13T05:54:44-05:00", "waiting_time": 0, "distance": 918, "driving_time": 884, "preparation_time": 0, "load_before": [0], "load_after": [0]}, {"type": "service", "id": "1700411000_38", "location_id": "1700411000", "address": {"location_id": "1700411000", "lat": 42.29353123, "lon": -71.07573645}, "arr_time": 1676285700, "arr_date_time": "2023-02-13T05:55:00-05:00", "end_time": 1676286000, "end_date_time": "2023-02-13T06:00:00-05:00", "waiting_time": 0, "distance": 935, "driving_time": 900, "preparation_time": 0, "load_before": [0], "load_after": [0]}, {"type": "service", "id": "1700412000_39", "location_id": "1700412000", "address": {"location_id": "1700412000", "lat": 42.29363698, "lon": -71.07577536}, "arr_time": 1676286012, "arr_date_time": "2023-02-13T06:00:12-05:00", "end_time": 1676286312, "end_date_time": "2023-02-13T06:05:12-05:00", "waiting_time": 0, "distance": 947, "driving_time": 912, "preparation_time": 0, "load_before": [0], "load_after": [0]}, {"type": "service", "id": "1700374000_22", "location_id": "1700374000", "address": {"location_id": "1700374000", "lat": 42.29358746, "lon": -71.07623806}, "arr_time": 1676286316, "arr_date_time": "2023-02-13T06:05:16-05:00", "end_time": 1676286616, "end_date_time": "2023-02-13T06:10:16-05:00", "waiting_time": 0, "distance": 952, "driving_time": 916, "preparation_time": 0, "load_before": [0], "load_after": [0]}, {"type": "service", "id": "1700372000_21", "location_id": "1700372000", "address": {"location_id": "1700372000", "lat": 42.29374534, "lon": -71.0763001}, "arr_time": 1676286633, "arr_date_time": "2023-02-13T06:10:33-05:00", "end_time": 1676286933, "end_date_time": "2023-02-13T06:15:33-05:00", "waiting_time": 0, "distance": 970, "driving_time": 933, "preparation_time": 0, "load_before": [0], "load_after": [0]}, {"type": "service", "id": "1700414000_40", "location_id": "1700414000", "address": {"location_id": "1700414000", "lat": 42.29390136, "lon": -71.07587091}, "arr_time": 1676286940, "arr_date_time": "2023-02-13T06:15:40-05:00", "end_time": 1676287240, "end_date_time": "2023-02-13T06:20:40-05:00", "waiting_time": 0, "distance": 978, "driving_time": 940, "preparation_time": 0, "load_before": [0], "load_after": [0]}, {"type": "service", "id": "1700370010_20", "location_id": "1700370010", "address": {"location_id": "1700370010", "lat": 42.29396615, "lon": -71.07638689}, "arr_time": 1676287257, "arr_date_time": "2023-02-13T06:20:57-05:00", "end_time": 1676287557, "end_date_time": "2023-02-13T06:25:57-05:00", "waiting_time": 0, "distance": 996, "driving_time": 957, "preparation_time": 0, "load_before": [0], "load_after": [0]}, {"type": "service", "id": "1700416000_41", "location_id": "1700416000", "address": {"location_id": "1700416000", "lat": 42.29417004, "lon": -71.07596838}, "arr_time": 1676287569, "arr_date_time": "2023-02-13T06:26:09-05:00", "end_time": 1676287869, "end_date_time": "2023-02-13T06:31:09-05:00", "waiting_time": 0, "distance": 1009, "driving_time": 969, "preparation_time": 0, "load_before": [0], "load_after": [0]}, {"type": "service", "id": "1700368000_19", "location_id": "1700368000", "address": {"location_id": "1700368000", "lat": 42.29408691, "lon": -71.07651157}, "arr_time": 1676287872, "arr_date_time": "2023-02-13T06:31:12-05:00", "end_time": 1676288172, "end_date_time": "2023-02-13T06:36:12-05:00", "waiting_time": 0, "distance": 1012, "driving_time": 972, "preparation_time": 0, "load_before": [0], "load_after": [0]}, {"type": "service", "id": "1700417000_42", "location_id": "1700417000", "address": {"location_id": "1700417000", "lat": 42.29430876, "lon": -71.07601858}, "arr_time": 1676288185, "arr_date_time": "2023-02-13T06:36:25-05:00", "end_time": 1676288485, "end_date_time": "2023-02-13T06:41:25-05:00", "waiting_time": 0, "distance": 1025, "driving_time": 985, "preparation_time": 0, "load_before": [0], "load_after": [0]}, {"type": "service", "id": "1700392000_27", "location_id": "1700392000", "address": {"location_id": "1700392000", "lat": 42.29461446, "lon": -71.07621708}, "arr_time": 1676288521, "arr_date_time": "2023-02-13T06:42:01-05:00", "end_time": 1676288821, "end_date_time": "2023-02-13T06:47:01-05:00", "waiting_time": 0, "distance": 1062, "driving_time": 1021, "preparation_time": 0, "load_before": [0], "load_after": [0]}, {"type": "service", "id": "1700235000_15", "location_id": "1700235000", "address": {"location_id": "1700235000", "lat": 42.29539702, "lon": -71.07636923}, "arr_time": 1676288907, "arr_date_time": "2023-02-13T06:48:27-05:00", "end_time": 1676289207, "end_date_time": "2023-02-13T06:53:27-05:00", "waiting_time": 0, "distance": 1151, "driving_time": 1107, "preparation_time": 0, "load_before": [0], "load_after": [0]}, {"type": "service", "id": "1700249000_17", "location_id": "1700249000", "address": {"location_id": "1700249000", "lat": 42.29496927, "lon": -71.07605901}, "arr_time": 1676289307, "arr_date_time": "2023-02-13T06:55:07-05:00", "end_time": 1676289607, "end_date_time": "2023-02-13T07:00:07-05:00", "waiting_time": 0, "distance": 1256, "driving_time": 1207, "preparation_time": 0, "load_before": [0], "load_after": [0]}, {"type": "service", "id": "1700394000_28", "location_id": "1700394000", "address": {"location_id": "1700394000", "lat": 42.29467564, "lon": -71.07589546}, "arr_time": 1676289612, "arr_date_time": "2023-02-13T07:00:12-05:00", "end_time": 1676289912, "end_date_time": "2023-02-13T07:05:12-05:00", "waiting_time": 0, "distance": 1261, "driving_time": 1212, "preparation_time": 0, "load_before": [0], "load_after": [0]}, {"type": "service", "id": "1700396000_29", "location_id": "1700396000", "address": {"location_id": "1700396000", "lat": 42.29450828, "lon": -71.07574591}, "arr_time": 1676289977, "arr_date_time": "2023-02-13T07:06:17-05:00", "end_time": 1676290277, "end_date_time": "2023-02-13T07:11:17-05:00", "waiting_time": 0, "distance": 1328, "driving_time": 1277, "preparation_time": 0, "load_before": [0], "load_after": [0]}, {"type": "service", "id": "1700397000_30", "location_id": "1700397000", "address": {"location_id": "1700397000", "lat": 42.29437354, "lon": -71.07569739}, "arr_time": 1676290292, "arr_date_time": "2023-02-13T07:11:32-05:00", "end_time": 1676290592, "end_date_time": "2023-02-13T07:16:32-05:00", "waiting_time": 0, "distance": 1344, "driving_time": 1292, "preparation_time": 0, "load_before": [0], "load_after": [0]}, {"type": "service", "id": "1700398010_31", "location_id": "1700398010", "address": {"location_id": "1700398010", "lat": 42.29426398, "lon": -71.07565783}, "arr_time": 1676290604, "arr_date_time": "2023-02-13T07:16:44-05:00", "end_time": 1676290904, "end_date_time": "2023-02-13T07:21:44-05:00", "waiting_time": 0, "distance": 1357, "driving_time": 1304, "preparation_time": 0, "load_before": [0], "load_after": [0]}, {"type": "service", "id": "1700398020_32", "location_id": "1700398020", "address": {"location_id": "1700398020", "lat": 42.29417866, "lon": -71.07562717}, "arr_time": 1676290913, "arr_date_time": "2023-02-13T07:21:53-05:00", "end_time": 1676291213, "end_date_time": "2023-02-13T07:26:53-05:00", "waiting_time": 0, "distance": 1367, "driving_time": 1313, "preparation_time": 0, "load_before": [0], "load_after": [0]}, {"type": "service", "id": "1700405000_35", "location_id": "1700405000", "address": {"location_id": "1700405000", "lat": 42.29364187, "lon": -71.0754338}, "arr_time": 1676291272, "arr_date_time": "2023-02-13T07:27:52-05:00", "end_time": 1676291572, "end_date_time": "2023-02-13T07:32:52-05:00", "waiting_time": 0, "distance": 1429, "driving_time": 1372, "preparation_time": 0, "load_before": [0], "load_after": [0]}, {"type": "service", "id": "1700405010_36", "location_id": "1700405010", "address": {"location_id": "1700405010", "lat": 42.29355655, "lon": -71.07540231}, "arr_time": 1676291581, "arr_date_time": "2023-02-13T07:33:01-05:00", "end_time": 1676291881, "end_date_time": "2023-02-13T07:38:01-05:00", "waiting_time": 0, "distance": 1439, "driving_time": 1381, "preparation_time": 0, "load_before": [0], "load_after": [0]}, {"type": "service", "id": "1700400000_34", "location_id": "1700400000", "address": {"location_id": "1700400000", "lat": 42.29400012, "lon": -71.07556186}, "arr_time": 1676291931, "arr_date_time": "2023-02-13T07:38:51-05:00", "end_time": 1676292231, "end_date_time": "2023-02-13T07:43:51-05:00", "waiting_time": 0, "distance": 1490, "driving_time": 1431, "preparation_time": 0, "load_before": [0], "load_after": [0]}, {"type": "service", "id": "1700399000_33", "location_id": "1700399000", "address": {"location_id": "1700399000", "lat": 42.2940859, "lon": -71.07559366}, "arr_time": 1676292240, "arr_date_time": "2023-02-13T07:44:00-05:00", "end_time": 1676292540, "end_date_time": "2023-02-13T07:49:00-05:00", "waiting_time": 0, "distance": 1500, "driving_time": 1440, "preparation_time": 0, "load_before": [0], "load_after": [0]}, {"type": "service", "id": "1700243000_16", "location_id": "1700243000", "address": {"location_id": "1700243000", "lat": 42.29569824, "lon": -71.07612592}, "arr_time": 1676292716, "arr_date_time": "2023-02-13T07:51:56-05:00", "end_time": 1676293016, "end_date_time": "2023-02-13T07:56:56-05:00", "waiting_time": 0, "distance": 1684, "driving_time": 1616, "preparation_time": 0, "load_before": [0], "load_after": [0]}, {"type": "end", "location_id": "1700129000", "address": {"location_id": "1700129000", "lat": 42.29678421, "lon": -71.07674533}, "arr_time": 1676293204, "arr_date_time": "2023-02-13T08:00:04-05:00", "end_time": 1676293204, "end_date_time": "2023-02-13T08:00:04-05:00", "waiting_time": 0, "distance": 1880, "driving_time": 1804, "preparation_time": 0, "load_before": [0]}]}], "unassigned": {"services": [], "shipments": [], "breaks": [], "details": []}}}