{"copyrights": ["GraphHopper", "OpenStreetMap contributors"], "job_id": "65454be6-aeef-4157-9d88-4a3161bfea69", "status": "finished", "waiting_time_in_queue": 0, "processing_time": 123, "solution": {"costs": 336, "distance": 2268, "time": 2175, "transport_time": 2175, "completion_time": 16875, "max_operation_time": 16875, "waiting_time": 0, "service_duration": 14700, "preparation_time": 0, "no_vehicles": 1, "no_unassigned": 0, "routes": [{"vehicle_id": "my_vehicle", "shift_id": "default-shift", "distance": 2268, "transport_time": 2175, "completion_time": 16875, "waiting_time": 0, "service_duration": 14700, "preparation_time": 0, "activities": [{"type": "start", "location_id": "1500887000", "address": {"location_id": "1500887000", "lat": 42.301891, "lon": -71.06963223}, "arr_time": 1676278800, "arr_date_time": "2023-02-13T04:00:00-05:00", "end_time": 1676278800, "end_date_time": "2023-02-13T04:00:00-05:00", "waiting_time": 0, "distance": 0, "driving_time": 0, "preparation_time": 0, "load_after": [0]}, {"type": "service", "id": "1500880000_39", "location_id": "1500880000", "address": {"location_id": "1500880000", "lat": 42.30166462, "lon": -71.06936073}, "arr_time": 1676278813, "arr_date_time": "2023-02-13T04:00:13-05:00", "end_time": 1676279113, "end_date_time": "2023-02-13T04:05:13-05:00", "waiting_time": 0, "distance": 15, "driving_time": 13, "preparation_time": 0, "load_before": [0], "load_after": [0]}, {"type": "service", "id": "1500886000_42", "location_id": "1500886000", "address": {"location_id": "1500886000", "lat": 42.30194556, "lon": -71.06932219}, "arr_time": 1676279124, "arr_date_time": "2023-02-13T04:05:24-05:00", "end_time": 1676279424, "end_date_time": "2023-02-13T04:10:24-05:00", "waiting_time": 0, "distance": 27, "driving_time": 24, "preparation_time": 0, "load_before": [0], "load_after": [0]}, {"type": "service", "id": "1500882000_40", "location_id": "1500882000", "address": {"location_id": "1500882000", "lat": 42.30171018, "lon": -71.06901408}, "arr_time": 1676279440, "arr_date_time": "2023-02-13T04:10:40-05:00", "end_time": 1676279740, "end_date_time": "2023-02-13T04:15:40-05:00", "waiting_time": 0, "distance": 44, "driving_time": 40, "preparation_time": 0, "load_before": [0], "load_after": [0]}, {"type": "service", "id": "1500883000_41", "location_id": "1500883000", "address": {"location_id": "1500883000", "lat": 42.30179592, "lon": -71.06892444}, "arr_time": 1676279761, "arr_date_time": "2023-02-13T04:16:01-05:00", "end_time": 1676280061, "end_date_time": "2023-02-13T04:21:01-05:00", "waiting_time": 0, "distance": 66, "driving_time": 61, "preparation_time": 0, "load_before": [0], "load_after": [0]}, {"type": "service", "id": "1500879000_38", "location_id": "1500879000", "address": {"location_id": "1500879000", "lat": 42.30162665, "lon": -71.06953734}, "arr_time": 1676280125, "arr_date_time": "2023-02-13T04:22:05-05:00", "end_time": 1676280425, "end_date_time": "2023-02-13T04:27:05-05:00", "waiting_time": 0, "distance": 132, "driving_time": 125, "preparation_time": 0, "load_before": [0], "load_after": [0]}, {"type": "service", "id": "1500878000_37", "location_id": "1500878000", "address": {"location_id": "1500878000", "lat": 42.30158882, "lon": -71.06971421}, "arr_time": 1676280440, "arr_date_time": "2023-02-13T04:27:20-05:00", "end_time": 1676280740, "end_date_time": "2023-02-13T04:32:20-05:00", "waiting_time": 0, "distance": 147, "driving_time": 140, "preparation_time": 0, "load_before": [0], "load_after": [0]}, {"type": "service", "id": "1500889000_43", "location_id": "1500889000", "address": {"location_id": "1500889000", "lat": 42.30184143, "lon": -71.06999632}, "arr_time": 1676280755, "arr_date_time": "2023-02-13T04:32:35-05:00", "end_time": 1676281055, "end_date_time": "2023-02-13T04:37:35-05:00", "waiting_time": 0, "distance": 162, "driving_time": 155, "preparation_time": 0, "load_before": [0], "load_after": [0]}, {"type": "service", "id": "1500876000_36", "location_id": "1500876000", "address": {"location_id": "1500876000", "lat": 42.30151357, "lon": -71.07006623}, "arr_time": 1676281069, "arr_date_time": "2023-02-13T04:37:49-05:00", "end_time": 1676281369, "end_date_time": "2023-02-13T04:42:49-05:00", "waiting_time": 0, "distance": 178, "driving_time": 169, "preparation_time": 0, "load_before": [0], "load_after": [0]}, {"type": "service", "id": "1500891000_44", "location_id": "1500891000", "address": {"location_id": "1500891000", "lat": 42.30176593, "lon": -71.07035832}, "arr_time": 1676281384, "arr_date_time": "2023-02-13T04:43:04-05:00", "end_time": 1676281684, "end_date_time": "2023-02-13T04:48:04-05:00", "waiting_time": 0, "distance": 193, "driving_time": 184, "preparation_time": 0, "load_before": [0], "load_after": [0]}, {"type": "service", "id": "1500892000_45", "location_id": "1500892000", "address": {"location_id": "1500892000", "lat": 42.30172909, "lon": -71.07053686}, "arr_time": 1676281699, "arr_date_time": "2023-02-13T04:48:19-05:00", "end_time": 1676281999, "end_date_time": "2023-02-13T04:53:19-05:00", "waiting_time": 0, "distance": 208, "driving_time": 199, "preparation_time": 0, "load_before": [0], "load_after": [0]}, {"type": "service", "id": "1500874000_35", "location_id": "1500874000", "address": {"location_id": "1500874000", "lat": 42.30143773, "lon": -71.07041657}, "arr_time": 1676281999, "arr_date_time": "2023-02-13T04:53:19-05:00", "end_time": 1676282299, "end_date_time": "2023-02-13T04:58:19-05:00", "waiting_time": 0, "distance": 209, "driving_time": 199, "preparation_time": 0, "load_before": [0], "load_after": [0]}, {"type": "service", "id": "1500873000_34", "location_id": "1500873000", "address": {"location_id": "1500873000", "lat": 42.30138884, "lon": -71.07064373}, "arr_time": 1676282317, "arr_date_time": "2023-02-13T04:58:37-05:00", "end_time": 1676282617, "end_date_time": "2023-02-13T05:03:37-05:00", "waiting_time": 0, "distance": 228, "driving_time": 217, "preparation_time": 0, "load_before": [0], "load_after": [0]}, {"type": "service", "id": "1500872000_33", "location_id": "1500872000", "address": {"location_id": "1500872000", "lat": 42.30132929, "lon": -71.07091856}, "arr_time": 1676282640, "arr_date_time": "2023-02-13T05:04:00-05:00", "end_time": 1676282940, "end_date_time": "2023-02-13T05:09:00-05:00", "waiting_time": 0, "distance": 252, "driving_time": 240, "preparation_time": 0, "load_before": [0], "load_after": [0]}, {"type": "service", "id": "1500895000_46", "location_id": "1500895000", "address": {"location_id": "1500895000", "lat": 42.30161992, "lon": -71.07106447}, "arr_time": 1676282943, "arr_date_time": "2023-02-13T05:09:03-05:00", "end_time": 1676283243, "end_date_time": "2023-02-13T05:14:03-05:00", "waiting_time": 0, "distance": 255, "driving_time": 243, "preparation_time": 0, "load_before": [0], "load_after": [0]}, {"type": "service", "id": "1500897000_47", "location_id": "1500897000", "address": {"location_id": "1500897000", "lat": 42.30155246, "lon": -71.07139354}, "arr_time": 1676283272, "arr_date_time": "2023-02-13T05:14:32-05:00", "end_time": 1676283572, "end_date_time": "2023-02-13T05:19:32-05:00", "waiting_time": 0, "distance": 285, "driving_time": 272, "preparation_time": 0, "load_before": [0], "load_after": [0]}, {"type": "service", "id": "1500898000_48", "location_id": "1500898000", "address": {"location_id": "1500898000", "lat": 42.30148776, "lon": -71.07154408}, "arr_time": 1676283585, "arr_date_time": "2023-02-13T05:19:45-05:00", "end_time": 1676283885, "end_date_time": "2023-02-13T05:24:45-05:00", "waiting_time": 0, "distance": 299, "driving_time": 285, "preparation_time": 0, "load_before": [0], "load_after": [0]}, {"type": "service", "id": "1500868000_32", "location_id": "1500868000", "address": {"location_id": "1500868000", "lat": 42.3011809, "lon": -71.07176243}, "arr_time": 1676283911, "arr_date_time": "2023-02-13T05:25:11-05:00", "end_time": 1676284211, "end_date_time": "2023-02-13T05:30:11-05:00", "waiting_time": 0, "distance": 325, "driving_time": 311, "preparation_time": 0, "load_before": [0], "load_after": [0]}, {"type": "service", "id": "1500900000_49", "location_id": "1500900000", "address": {"location_id": "1500900000", "lat": 42.30158774, "lon": -71.07173326}, "arr_time": 1676284273, "arr_date_time": "2023-02-13T05:31:13-05:00", "end_time": 1676284573, "end_date_time": "2023-02-13T05:36:13-05:00", "waiting_time": 0, "distance": 390, "driving_time": 373, "preparation_time": 0, "load_before": [0], "load_after": [0]}, {"type": "service", "id": "1500866000_31", "location_id": "1500866000", "address": {"location_id": "1500866000", "lat": 42.3009645, "lon": -71.0717791}, "arr_time": 1676284648, "arr_date_time": "2023-02-13T05:37:28-05:00", "end_time": 1676284948, "end_date_time": "2023-02-13T05:42:28-05:00", "waiting_time": 0, "distance": 468, "driving_time": 448, "preparation_time": 0, "load_before": [0], "load_after": [0]}, {"type": "service", "id": "1500865000_30", "location_id": "1500865000", "address": {"location_id": "1500865000", "lat": 42.3008552, "lon": -71.07176769}, "arr_time": 1676285004, "arr_date_time": "2023-02-13T05:43:24-05:00", "end_time": 1676285304, "end_date_time": "2023-02-13T05:48:24-05:00", "waiting_time": 0, "distance": 527, "driving_time": 504, "preparation_time": 0, "load_before": [0], "load_after": [0]}, {"type": "service", "id": "1500807000_12", "location_id": "1500807000", "address": {"location_id": "1500807000", "lat": 42.30064994, "lon": -71.07141933}, "arr_time": 1676285324, "arr_date_time": "2023-02-13T05:48:44-05:00", "end_time": 1676285624, "end_date_time": "2023-02-13T05:53:44-05:00", "waiting_time": 0, "distance": 547, "driving_time": 524, "preparation_time": 0, "load_before": [0], "load_after": [0]}, {"type": "service", "id": "1500864000_29", "location_id": "1500864000", "address": {"location_id": "1500864000", "lat": 42.30100099, "lon": -71.07152982}, "arr_time": 1676285627, "arr_date_time": "2023-02-13T05:53:47-05:00", "end_time": 1676285927, "end_date_time": "2023-02-13T05:58:47-05:00", "waiting_time": 0, "distance": 550, "driving_time": 527, "preparation_time": 0, "load_before": [0], "load_after": [0]}, {"type": "service", "id": "1500809000_13", "location_id": "1500809000", "address": {"location_id": "1500809000", "lat": 42.30073571, "lon": -71.07109652}, "arr_time": 1676285951, "arr_date_time": "2023-02-13T05:59:11-05:00", "end_time": 1676286251, "end_date_time": "2023-02-13T06:04:11-05:00", "waiting_time": 0, "distance": 575, "driving_time": 551, "preparation_time": 0, "load_before": [0], "load_after": [0]}, {"type": "service", "id": "1500860000_28", "location_id": "1500860000", "address": {"location_id": "1500860000", "lat": 42.30113661, "lon": -71.07081668}, "arr_time": 1676286284, "arr_date_time": "2023-02-13T06:04:44-05:00", "end_time": 1676286584, "end_date_time": "2023-02-13T06:09:44-05:00", "waiting_time": 0, "distance": 610, "driving_time": 584, "preparation_time": 0, "load_before": [0], "load_after": [0]}, {"type": "service", "id": "1500859000_27", "location_id": "1500859000", "address": {"location_id": "1500859000", "lat": 42.3011803, "lon": -71.07063644}, "arr_time": 1676286599, "arr_date_time": "2023-02-13T06:09:59-05:00", "end_time": 1676286899, "end_date_time": "2023-02-13T06:14:59-05:00", "waiting_time": 0, "distance": 626, "driving_time": 599, "preparation_time": 0, "load_before": [0], "load_after": [0]}, {"type": "service", "id": "1500857000_25", "location_id": "1500857000", "address": {"location_id": "1500857000", "lat": 42.30127222, "lon": -71.07026741}, "arr_time": 1676286931, "arr_date_time": "2023-02-13T06:15:31-05:00", "end_time": 1676287231, "end_date_time": "2023-02-13T06:20:31-05:00", "waiting_time": 0, "distance": 660, "driving_time": 631, "preparation_time": 0, "load_before": [0], "load_after": [0]}, {"type": "service", "id": "1500856000_24", "location_id": "1500856000", "address": {"location_id": "1500856000", "lat": 42.301317, "lon": -71.07008235}, "arr_time": 1676287247, "arr_date_time": "2023-02-13T06:20:47-05:00", "end_time": 1676287547, "end_date_time": "2023-02-13T06:25:47-05:00", "waiting_time": 0, "distance": 676, "driving_time": 647, "preparation_time": 0, "load_before": [0], "load_after": [0]}, {"type": "service", "id": "1500815000_14", "location_id": "1500815000", "address": {"location_id": "1500815000", "lat": 42.30099541, "lon": -71.07014535}, "arr_time": 1676287563, "arr_date_time": "2023-02-13T06:26:03-05:00", "end_time": 1676287863, "end_date_time": "2023-02-13T06:31:03-05:00", "waiting_time": 0, "distance": 693, "driving_time": 663, "preparation_time": 0, "load_before": [0], "load_after": [0]}, {"type": "service", "id": "1500858000_26", "location_id": "1500858000", "address": {"location_id": "1500858000", "lat": 42.30122526, "lon": -71.07045212}, "arr_time": 1676287877, "arr_date_time": "2023-02-13T06:31:17-05:00", "end_time": 1676288177, "end_date_time": "2023-02-13T06:36:17-05:00", "waiting_time": 0, "distance": 708, "driving_time": 677, "preparation_time": 0, "load_before": [0], "load_after": [0]}, {"type": "service", "id": "1500800000_11", "location_id": "1500800000", "address": {"location_id": "1500800000", "lat": 42.30016035, "lon": -71.07174153}, "arr_time": 1676288449, "arr_date_time": "2023-02-13T06:40:49-05:00", "end_time": 1676288749, "end_date_time": "2023-02-13T06:45:49-05:00", "waiting_time": 0, "distance": 991, "driving_time": 949, "preparation_time": 0, "load_before": [0], "load_after": [0]}, {"type": "service", "id": "1500798000_10", "location_id": "1500798000", "address": {"location_id": "1500798000", "lat": 42.3002239, "lon": -71.07143034}, "arr_time": 1676288777, "arr_date_time": "2023-02-13T06:46:17-05:00", "end_time": 1676289077, "end_date_time": "2023-02-13T06:51:17-05:00", "waiting_time": 0, "distance": 1020, "driving_time": 977, "preparation_time": 0, "load_before": [0], "load_after": [0]}, {"type": "service", "id": "1500791000_09", "location_id": "1500791000", "address": {"location_id": "1500791000", "lat": 42.30052152, "lon": -71.07005982}, "arr_time": 1676289192, "arr_date_time": "2023-02-13T06:53:12-05:00", "end_time": 1676289492, "end_date_time": "2023-02-13T06:58:12-05:00", "waiting_time": 0, "distance": 1140, "driving_time": 1092, "preparation_time": 0, "load_before": [0], "load_after": [0]}, {"type": "service", "id": "1500836000_19", "location_id": "1500836000", "address": {"location_id": "1500836000", "lat": 42.30087289, "lon": -71.06913151}, "arr_time": 1676289593, "arr_date_time": "2023-02-13T06:59:53-05:00", "end_time": 1676289893, "end_date_time": "2023-02-13T07:04:53-05:00", "waiting_time": 0, "distance": 1246, "driving_time": 1193, "preparation_time": 0, "load_before": [0], "load_after": [0]}, {"type": "service", "id": "1500820000_16", "location_id": "1500820000", "address": {"location_id": "1500820000", "lat": 42.30088399, "lon": -71.06951436}, "arr_time": 1676289904, "arr_date_time": "2023-02-13T07:05:04-05:00", "end_time": 1676290204, "end_date_time": "2023-02-13T07:10:04-05:00", "waiting_time": 0, "distance": 1257, "driving_time": 1204, "preparation_time": 0, "load_before": [0], "load_after": [0]}, {"type": "service", "id": "1500819000_15", "location_id": "1500819000", "address": {"location_id": "1500819000", "lat": 42.30099571, "lon": -71.06956902}, "arr_time": 1676290217, "arr_date_time": "2023-02-13T07:10:17-05:00", "end_time": 1676290517, "end_date_time": "2023-02-13T07:15:17-05:00", "waiting_time": 0, "distance": 1270, "driving_time": 1217, "preparation_time": 0, "load_before": [0], "load_after": [0]}, {"type": "service", "id": "1500854000_23", "location_id": "1500854000", "address": {"location_id": "1500854000", "lat": 42.3014147, "lon": -71.06969431}, "arr_time": 1676290557, "arr_date_time": "2023-02-13T07:15:57-05:00", "end_time": 1676290857, "end_date_time": "2023-02-13T07:20:57-05:00", "waiting_time": 0, "distance": 1311, "driving_time": 1257, "preparation_time": 0, "load_before": [0], "load_after": [0]}, {"type": "service", "id": "1500852000_22", "location_id": "1500852000", "address": {"location_id": "1500852000", "lat": 42.30148921, "lon": -71.06938433}, "arr_time": 1676290884, "arr_date_time": "2023-02-13T07:21:24-05:00", "end_time": 1676291184, "end_date_time": "2023-02-13T07:26:24-05:00", "waiting_time": 0, "distance": 1339, "driving_time": 1284, "preparation_time": 0, "load_before": [0], "load_after": [0]}, {"type": "service", "id": "1500841000_20", "location_id": "1500841000", "address": {"location_id": "1500841000", "lat": 42.30129875, "lon": -71.06907483}, "arr_time": 1676291199, "arr_date_time": "2023-02-13T07:26:39-05:00", "end_time": 1676291499, "end_date_time": "2023-02-13T07:31:39-05:00", "waiting_time": 0, "distance": 1355, "driving_time": 1299, "preparation_time": 0, "load_before": [0], "load_after": [0]}, {"type": "service", "id": "1500846000_21", "location_id": "1500846000", "address": {"location_id": "1500846000", "lat": 42.30121949, "lon": -71.06812688}, "arr_time": 1676291604, "arr_date_time": "2023-02-13T07:33:24-05:00", "end_time": 1676291904, "end_date_time": "2023-02-13T07:38:24-05:00", "waiting_time": 0, "distance": 1465, "driving_time": 1404, "preparation_time": 0, "load_before": [0], "load_after": [0]}, {"type": "service", "id": "1500706000_02", "location_id": "1500706000", "address": {"location_id": "1500706000", "lat": 42.30040075, "lon": -71.06675049}, "arr_time": 1676292044, "arr_date_time": "2023-02-13T07:40:44-05:00", "end_time": 1676292344, "end_date_time": "2023-02-13T07:45:44-05:00", "waiting_time": 0, "distance": 1611, "driving_time": 1544, "preparation_time": 0, "load_before": [0], "load_after": [0]}, {"type": "service", "id": "1500717000_04", "location_id": "1500717000", "address": {"location_id": "1500717000", "lat": 42.3006854, "lon": -71.06794287}, "arr_time": 1676292481, "arr_date_time": "2023-02-13T07:48:01-05:00", "end_time": 1676292781, "end_date_time": "2023-02-13T07:53:01-05:00", "waiting_time": 0, "distance": 1755, "driving_time": 1681, "preparation_time": 0, "load_before": [0], "load_after": [0]}, {"type": "service", "id": "1500698000_01", "location_id": "1500698000", "address": {"location_id": "1500698000", "lat": 42.30071298, "lon": -71.06761483}, "arr_time": 1676292787, "arr_date_time": "2023-02-13T07:53:07-05:00", "end_time": 1676293087, "end_date_time": "2023-02-13T07:58:07-05:00", "waiting_time": 0, "distance": 1761, "driving_time": 1687, "preparation_time": 0, "load_before": [0], "load_after": [0]}, {"type": "service", "id": "1500718000_05", "location_id": "1500718000", "address": {"location_id": "1500718000", "lat": 42.30049853, "lon": -71.06793629}, "arr_time": 1676293100, "arr_date_time": "2023-02-13T07:58:20-05:00", "end_time": 1676293400, "end_date_time": "2023-02-13T08:03:20-05:00", "waiting_time": 0, "distance": 1775, "driving_time": 1700, "preparation_time": 0, "load_before": [0], "load_after": [0]}, {"type": "service", "id": "1500824000_17", "location_id": "1500824000", "address": {"location_id": "1500824000", "lat": 42.30095216, "lon": -71.06811211}, "arr_time": 1676293451, "arr_date_time": "2023-02-13T08:04:11-05:00", "end_time": 1676293751, "end_date_time": "2023-02-13T08:09:11-05:00", "waiting_time": 0, "distance": 1828, "driving_time": 1751, "preparation_time": 0, "load_before": [0], "load_after": [0]}, {"type": "service", "id": "1500832000_18", "location_id": "1500832000", "address": {"location_id": "1500832000", "lat": 42.30097491, "lon": -71.06890788}, "arr_time": 1676293831, "arr_date_time": "2023-02-13T08:10:31-05:00", "end_time": 1676294131, "end_date_time": "2023-02-13T08:15:31-05:00", "waiting_time": 0, "distance": 1911, "driving_time": 1831, "preparation_time": 0, "load_before": [0], "load_after": [0]}, {"type": "service", "id": "1500749000_08", "location_id": "1500749000", "address": {"location_id": "1500749000", "lat": 42.30007088, "lon": -71.06854151}, "arr_time": 1676294231, "arr_date_time": "2023-02-13T08:17:11-05:00", "end_time": 1676294531, "end_date_time": "2023-02-13T08:22:11-05:00", "waiting_time": 0, "distance": 2015, "driving_time": 1931, "preparation_time": 0, "load_before": [0], "load_after": [0]}, {"type": "service", "id": "1500710000_03", "location_id": "1500710000", "address": {"location_id": "1500710000", "lat": 42.30003897, "lon": -71.06812286}, "arr_time": 1676294545, "arr_date_time": "2023-02-13T08:22:25-05:00", "end_time": 1676294845, "end_date_time": "2023-02-13T08:27:25-05:00", "waiting_time": 0, "distance": 2030, "driving_time": 1945, "preparation_time": 0, "load_before": [0], "load_after": [0]}, {"type": "service", "id": "1500723000_06", "location_id": "1500723000", "address": {"location_id": "1500723000", "lat": 42.30001351, "lon": -71.06874757}, "arr_time": 1676294900, "arr_date_time": "2023-02-13T08:28:20-05:00", "end_time": 1676295200, "end_date_time": "2023-02-13T08:33:20-05:00", "waiting_time": 0, "distance": 2086, "driving_time": 2000, "preparation_time": 0, "load_before": [0], "load_after": [0]}, {"type": "service", "id": "1500725000_07", "location_id": "1500725000", "address": {"location_id": "1500725000", "lat": 42.29979325, "lon": -71.0689659}, "arr_time": 1676295375, "arr_date_time": "2023-02-13T08:36:15-05:00", "end_time": 1676295675, "end_date_time": "2023-02-13T08:41:15-05:00", "waiting_time": 0, "distance": 2268, "driving_time": 2175, "preparation_time": 0, "load_before": [0], "load_after": [0]}]}], "unassigned": {"services": [], "shipments": [], "breaks": [], "details": []}}}