{"copyrights": ["GraphHopper", "OpenStreetMap contributors"], "job_id": "9209b9c9-95c1-4ae9-8041-dbe24d8e6e43", "status": "finished", "waiting_time_in_queue": 0, "processing_time": 97, "solution": {"costs": 304, "distance": 1276, "time": 1221, "transport_time": 1221, "completion_time": 12921, "max_operation_time": 12921, "waiting_time": 0, "service_duration": 11700, "preparation_time": 0, "no_vehicles": 1, "no_unassigned": 0, "routes": [{"vehicle_id": "my_vehicle", "shift_id": "default-shift", "distance": 1276, "transport_time": 1221, "completion_time": 12921, "waiting_time": 0, "service_duration": 11700, "preparation_time": 0, "activities": [{"type": "start", "location_id": "1403666000", "address": {"location_id": "1403666000", "lat": 42.28709866, "lon": -71.08352586}, "arr_time": 1676278800, "arr_date_time": "2023-02-13T04:00:00-05:00", "end_time": 1676278800, "end_date_time": "2023-02-13T04:00:00-05:00", "waiting_time": 0, "distance": 0, "driving_time": 0, "preparation_time": 0, "load_after": [0]}, {"type": "service", "id": "1403664020_21", "location_id": "1403664020", "address": {"location_id": "1403664020", "lat": 42.28700217, "lon": -71.08363228}, "arr_time": 1676278811, "arr_date_time": "2023-02-13T04:00:11-05:00", "end_time": 1676279111, "end_date_time": "2023-02-13T04:05:11-05:00", "waiting_time": 0, "distance": 11, "driving_time": 11, "preparation_time": 0, "load_before": [0], "load_after": [0]}, {"type": "service", "id": "1403664010_20", "location_id": "1403664010", "address": {"location_id": "1403664010", "lat": 42.28694108, "lon": -71.08370857}, "arr_time": 1676279119, "arr_date_time": "2023-02-13T04:05:19-05:00", "end_time": 1676279419, "end_date_time": "2023-02-13T04:10:19-05:00", "waiting_time": 0, "distance": 19, "driving_time": 19, "preparation_time": 0, "load_before": [0], "load_after": [0]}, {"type": "service", "id": "1403663000_19", "location_id": "1403663000", "address": {"location_id": "1403663000", "lat": 42.28690616, "lon": -71.08386765}, "arr_time": 1676279432, "arr_date_time": "2023-02-13T04:10:32-05:00", "end_time": 1676279732, "end_date_time": "2023-02-13T04:15:32-05:00", "waiting_time": 0, "distance": 33, "driving_time": 32, "preparation_time": 0, "load_before": [0], "load_after": [0]}, {"type": "service", "id": "1403661020_18", "location_id": "1403661020", "address": {"location_id": "1403661020", "lat": 42.28680365, "lon": -71.08422999}, "arr_time": 1676279763, "arr_date_time": "2023-02-13T04:16:03-05:00", "end_time": 1676280063, "end_date_time": "2023-02-13T04:21:03-05:00", "waiting_time": 0, "distance": 65, "driving_time": 63, "preparation_time": 0, "load_before": [0], "load_after": [0]}, {"type": "service", "id": "1403660000_17", "location_id": "1403660000", "address": {"location_id": "1403660000", "lat": 42.28678122, "lon": -71.08450085}, "arr_time": 1676280084, "arr_date_time": "2023-02-13T04:21:24-05:00", "end_time": 1676280384, "end_date_time": "2023-02-13T04:26:24-05:00", "waiting_time": 0, "distance": 87, "driving_time": 84, "preparation_time": 0, "load_before": [0], "load_after": [0]}, {"type": "service", "id": "1403659010_16", "location_id": "1403659010", "address": {"location_id": "1403659010", "lat": 42.28677028, "lon": -71.08466332}, "arr_time": 1676280396, "arr_date_time": "2023-02-13T04:26:36-05:00", "end_time": 1676280696, "end_date_time": "2023-02-13T04:31:36-05:00", "waiting_time": 0, "distance": 100, "driving_time": 96, "preparation_time": 0, "load_before": [0], "load_after": [0]}, {"type": "service", "id": "1403657000_15", "location_id": "1403657000", "address": {"location_id": "1403657000", "lat": 42.28673602, "lon": -71.08502159}, "arr_time": 1676280724, "arr_date_time": "2023-02-13T04:32:04-05:00", "end_time": 1676281024, "end_date_time": "2023-02-13T04:37:04-05:00", "waiting_time": 0, "distance": 129, "driving_time": 124, "preparation_time": 0, "load_before": [0], "load_after": [0]}, {"type": "service", "id": "1403655000_14", "location_id": "1403655000", "address": {"location_id": "1403655000", "lat": 42.28668338, "lon": -71.08537737}, "arr_time": 1676281052, "arr_date_time": "2023-02-13T04:37:32-05:00", "end_time": 1676281352, "end_date_time": "2023-02-13T04:42:32-05:00", "waiting_time": 0, "distance": 159, "driving_time": 152, "preparation_time": 0, "load_before": [0], "load_after": [0]}, {"type": "service", "id": "1403681000_31", "location_id": "1403681000", "address": {"location_id": "1403681000", "lat": 42.28650094, "lon": -71.08510228}, "arr_time": 1676281476, "arr_date_time": "2023-02-13T04:44:36-05:00", "end_time": 1676281776, "end_date_time": "2023-02-13T04:49:36-05:00", "waiting_time": 0, "distance": 288, "driving_time": 276, "preparation_time": 0, "load_before": [0], "load_after": [0]}, {"type": "service", "id": "1403639000_10", "location_id": "1403639000", "address": {"location_id": "1403639000", "lat": 42.28616855, "lon": -71.08506952}, "arr_time": 1676281780, "arr_date_time": "2023-02-13T04:49:40-05:00", "end_time": 1676282080, "end_date_time": "2023-02-13T04:54:40-05:00", "waiting_time": 0, "distance": 293, "driving_time": 280, "preparation_time": 0, "load_before": [0], "load_after": [0]}, {"type": "service", "id": "1403680000_30", "location_id": "1403680000", "address": {"location_id": "1403680000", "lat": 42.28650741, "lon": -71.08487503}, "arr_time": 1676282092, "arr_date_time": "2023-02-13T04:54:52-05:00", "end_time": 1676282392, "end_date_time": "2023-02-13T04:59:52-05:00", "waiting_time": 0, "distance": 306, "driving_time": 292, "preparation_time": 0, "load_before": [0], "load_after": [0]}, {"type": "service", "id": "1403679000_29", "location_id": "1403679000", "address": {"location_id": "1403679000", "lat": 42.28648349, "lon": -71.08463828}, "arr_time": 1676282396, "arr_date_time": "2023-02-13T04:59:56-05:00", "end_time": 1676282696, "end_date_time": "2023-02-13T05:04:56-05:00", "waiting_time": 0, "distance": 310, "driving_time": 296, "preparation_time": 0, "load_before": [0], "load_after": [0]}, {"type": "service", "id": "1403640000_11", "location_id": "1403640000", "address": {"location_id": "1403640000", "lat": 42.28617054, "lon": -71.08486703}, "arr_time": 1676282704, "arr_date_time": "2023-02-13T05:05:04-05:00", "end_time": 1676283004, "end_date_time": "2023-02-13T05:10:04-05:00", "waiting_time": 0, "distance": 318, "driving_time": 304, "preparation_time": 0, "load_before": [0], "load_after": [0]}, {"type": "service", "id": "1403719010_32", "location_id": "1403719010", "address": {"location_id": "1403719010", "lat": 42.28596683, "lon": -71.08422412}, "arr_time": 1676283057, "arr_date_time": "2023-02-13T05:10:57-05:00", "end_time": 1676283357, "end_date_time": "2023-02-13T05:15:57-05:00", "waiting_time": 0, "distance": 374, "driving_time": 357, "preparation_time": 0, "load_before": [0], "load_after": [0]}, {"type": "service", "id": "1403676020_26", "location_id": "1403676020", "address": {"location_id": "1403676020", "lat": 42.28631687, "lon": -71.08418811}, "arr_time": 1676283369, "arr_date_time": "2023-02-13T05:16:09-05:00", "end_time": 1676283669, "end_date_time": "2023-02-13T05:21:09-05:00", "waiting_time": 0, "distance": 387, "driving_time": 369, "preparation_time": 0, "load_before": [0], "load_after": [0]}, {"type": "service", "id": "1403675020_24", "location_id": "1403675020", "address": {"location_id": "1403675020", "lat": 42.28643018, "lon": -71.08387443}, "arr_time": 1676283696, "arr_date_time": "2023-02-13T05:21:36-05:00", "end_time": 1676283996, "end_date_time": "2023-02-13T05:26:36-05:00", "waiting_time": 0, "distance": 415, "driving_time": 396, "preparation_time": 0, "load_before": [0], "load_after": [0]}, {"type": "service", "id": "1403722010_34", "location_id": "1403722010", "address": {"location_id": "1403722010", "lat": 42.28607892, "lon": -71.08367833}, "arr_time": 1676284000, "arr_date_time": "2023-02-13T05:26:40-05:00", "end_time": 1676284300, "end_date_time": "2023-02-13T05:31:40-05:00", "waiting_time": 0, "distance": 420, "driving_time": 400, "preparation_time": 0, "load_before": [0], "load_after": [0]}, {"type": "service", "id": "1403675010_23", "location_id": "1403675010", "address": {"location_id": "1403675010", "lat": 42.28643873, "lon": -71.08378056}, "arr_time": 1676284303, "arr_date_time": "2023-02-13T05:31:43-05:00", "end_time": 1676284603, "end_date_time": "2023-02-13T05:36:43-05:00", "waiting_time": 0, "distance": 423, "driving_time": 403, "preparation_time": 0, "load_before": [0], "load_after": [0]}, {"type": "service", "id": "1403723010_35", "location_id": "1403723010", "address": {"location_id": "1403723010", "lat": 42.28611818, "lon": -71.08353161}, "arr_time": 1676284612, "arr_date_time": "2023-02-13T05:36:52-05:00", "end_time": 1676284912, "end_date_time": "2023-02-13T05:41:52-05:00", "waiting_time": 0, "distance": 433, "driving_time": 412, "preparation_time": 0, "load_before": [0], "load_after": [0]}, {"type": "service", "id": "1403723020_36", "location_id": "1403723020", "address": {"location_id": "1403723020", "lat": 42.28615906, "lon": -71.08336637}, "arr_time": 1676284925, "arr_date_time": "2023-02-13T05:42:05-05:00", "end_time": 1676285225, "end_date_time": "2023-02-13T05:47:05-05:00", "waiting_time": 0, "distance": 447, "driving_time": 425, "preparation_time": 0, "load_before": [0], "load_after": [0]}, {"type": "service", "id": "1403724010_37", "location_id": "1403724010", "address": {"location_id": "1403724010", "lat": 42.28618949, "lon": -71.08320316}, "arr_time": 1676285237, "arr_date_time": "2023-02-13T05:47:17-05:00", "end_time": 1676285537, "end_date_time": "2023-02-13T05:52:17-05:00", "waiting_time": 0, "distance": 460, "driving_time": 437, "preparation_time": 0, "load_before": [0], "load_after": [0]}, {"type": "service", "id": "1403673010_22", "location_id": "1403673010", "address": {"location_id": "1403673010", "lat": 42.28656183, "lon": -71.0834942}, "arr_time": 1676285548, "arr_date_time": "2023-02-13T05:52:28-05:00", "end_time": 1676285848, "end_date_time": "2023-02-13T05:57:28-05:00", "waiting_time": 0, "distance": 471, "driving_time": 448, "preparation_time": 0, "load_before": [0], "load_after": [0]}, {"type": "service", "id": "1403676010_25", "location_id": "1403676010", "address": {"location_id": "1403676010", "lat": 42.28642339, "lon": -71.08403938}, "arr_time": 1676285893, "arr_date_time": "2023-02-13T05:58:13-05:00", "end_time": 1676286193, "end_date_time": "2023-02-13T06:03:13-05:00", "waiting_time": 0, "distance": 518, "driving_time": 493, "preparation_time": 0, "load_before": [0], "load_after": [0]}, {"type": "service", "id": "1403720010_33", "location_id": "1403720010", "address": {"location_id": "1403720010", "lat": 42.28600697, "lon": -71.08403794}, "arr_time": 1676286205, "arr_date_time": "2023-02-13T06:03:25-05:00", "end_time": 1676286505, "end_date_time": "2023-02-13T06:08:25-05:00", "waiting_time": 0, "distance": 531, "driving_time": 505, "preparation_time": 0, "load_before": [0], "load_after": [0]}, {"type": "service", "id": "1403677010_27", "location_id": "1403677010", "address": {"location_id": "1403677010", "lat": 42.28629151, "lon": -71.08436872}, "arr_time": 1676286523, "arr_date_time": "2023-02-13T06:08:43-05:00", "end_time": 1676286823, "end_date_time": "2023-02-13T06:13:43-05:00", "waiting_time": 0, "distance": 549, "driving_time": 523, "preparation_time": 0, "load_before": [0], "load_after": [0]}, {"type": "service", "id": "1403678000_28", "location_id": "1403678000", "address": {"location_id": "1403678000", "lat": 42.28649196, "lon": -71.08439695}, "arr_time": 1676286867, "arr_date_time": "2023-02-13T06:14:27-05:00", "end_time": 1676287167, "end_date_time": "2023-02-13T06:19:27-05:00", "waiting_time": 0, "distance": 595, "driving_time": 567, "preparation_time": 0, "load_before": [0], "load_after": [0]}, {"type": "service", "id": "1403635000_09", "location_id": "1403635000", "address": {"location_id": "1403635000", "lat": 42.28588887, "lon": -71.08524907}, "arr_time": 1676287277, "arr_date_time": "2023-02-13T06:21:17-05:00", "end_time": 1676287577, "end_date_time": "2023-02-13T06:26:17-05:00", "waiting_time": 0, "distance": 710, "driving_time": 677, "preparation_time": 0, "load_before": [0], "load_after": [0]}, {"type": "service", "id": "1403632000_08", "location_id": "1403632000", "address": {"location_id": "1403632000", "lat": 42.28555876, "lon": -71.08522015}, "arr_time": 1676287612, "arr_date_time": "2023-02-13T06:26:52-05:00", "end_time": 1676287912, "end_date_time": "2023-02-13T06:31:52-05:00", "waiting_time": 0, "distance": 747, "driving_time": 712, "preparation_time": 0, "load_before": [0], "load_after": [0]}, {"type": "service", "id": "1403630000_07", "location_id": "1403630000", "address": {"location_id": "1403630000", "lat": 42.2853368, "lon": -71.08520103}, "arr_time": 1676287936, "arr_date_time": "2023-02-13T06:32:16-05:00", "end_time": 1676288236, "end_date_time": "2023-02-13T06:37:16-05:00", "waiting_time": 0, "distance": 772, "driving_time": 736, "preparation_time": 0, "load_before": [0], "load_after": [0]}, {"type": "service", "id": "1403629000_06", "location_id": "1403629000", "address": {"location_id": "1403629000", "lat": 42.28522671, "lon": -71.08519025}, "arr_time": 1676288248, "arr_date_time": "2023-02-13T06:37:28-05:00", "end_time": 1676288548, "end_date_time": "2023-02-13T06:42:28-05:00", "waiting_time": 0, "distance": 784, "driving_time": 748, "preparation_time": 0, "load_before": [0], "load_after": [0]}, {"type": "service", "id": "1403626000_05", "location_id": "1403626000", "address": {"location_id": "1403626000", "lat": 42.28485017, "lon": -71.08521246}, "arr_time": 1676288588, "arr_date_time": "2023-02-13T06:43:08-05:00", "end_time": 1676288888, "end_date_time": "2023-02-13T06:48:08-05:00", "waiting_time": 0, "distance": 826, "driving_time": 788, "preparation_time": 0, "load_before": [0], "load_after": [0]}, {"type": "service", "id": "1403616000_01", "location_id": "1403616000", "address": {"location_id": "1403616000", "lat": 42.28433604, "lon": -71.08512519}, "arr_time": 1676288947, "arr_date_time": "2023-02-13T06:49:07-05:00", "end_time": 1676289247, "end_date_time": "2023-02-13T06:54:07-05:00", "waiting_time": 0, "distance": 887, "driving_time": 847, "preparation_time": 0, "load_before": [0], "load_after": [0]}, {"type": "service", "id": "1403617000_02", "location_id": "1403617000", "address": {"location_id": "1403617000", "lat": 42.28446511, "lon": -71.08517037}, "arr_time": 1676289285, "arr_date_time": "2023-02-13T06:54:45-05:00", "end_time": 1676289585, "end_date_time": "2023-02-13T06:59:45-05:00", "waiting_time": 0, "distance": 927, "driving_time": 885, "preparation_time": 0, "load_before": [0], "load_after": [0]}, {"type": "service", "id": "1403646000_12", "location_id": "1403646000", "address": {"location_id": "1403646000", "lat": 42.28545126, "lon": -71.08484087}, "arr_time": 1676289707, "arr_date_time": "2023-02-13T07:01:47-05:00", "end_time": 1676290007, "end_date_time": "2023-02-13T07:06:47-05:00", "waiting_time": 0, "distance": 1054, "driving_time": 1007, "preparation_time": 0, "load_before": [0], "load_after": [0]}, {"type": "service", "id": "1403648000_13", "location_id": "1403648000", "address": {"location_id": "1403648000", "lat": 42.28522816, "lon": -71.08481988}, "arr_time": 1676290032, "arr_date_time": "2023-02-13T07:07:12-05:00", "end_time": 1676290332, "end_date_time": "2023-02-13T07:12:12-05:00", "waiting_time": 0, "distance": 1080, "driving_time": 1032, "preparation_time": 0, "load_before": [0], "load_after": [0]}, {"type": "service", "id": "1403619000_03", "location_id": "1403619000", "address": {"location_id": "1403619000", "lat": 42.28439585, "lon": -71.08482128}, "arr_time": 1676290421, "arr_date_time": "2023-02-13T07:13:41-05:00", "end_time": 1676290721, "end_date_time": "2023-02-13T07:18:41-05:00", "waiting_time": 0, "distance": 1173, "driving_time": 1121, "preparation_time": 0, "load_before": [0], "load_after": [0]}, {"type": "service", "id": "1403739000_38", "location_id": "1403739000", "address": {"location_id": "1403739000", "lat": 42.28409224, "lon": -71.08424312}, "arr_time": 1676290764, "arr_date_time": "2023-02-13T07:19:24-05:00", "end_time": 1676291064, "end_date_time": "2023-02-13T07:24:24-05:00", "waiting_time": 0, "distance": 1217, "driving_time": 1164, "preparation_time": 0, "load_before": [0], "load_after": [0]}, {"type": "service", "id": "1403623000_04", "location_id": "1403623000", "address": {"location_id": "1403623000", "lat": 42.28386177, "lon": -71.08455496}, "arr_time": 1676291083, "arr_date_time": "2023-02-13T07:24:43-05:00", "end_time": 1676291383, "end_date_time": "2023-02-13T07:29:43-05:00", "waiting_time": 0, "distance": 1236, "driving_time": 1183, "preparation_time": 0, "load_before": [0], "load_after": [0]}, {"type": "service", "id": "1403793000_39", "location_id": "1403793000", "address": {"location_id": "1403793000", "lat": 42.28369717, "lon": -71.08400691}, "arr_time": 1676291421, "arr_date_time": "2023-02-13T07:30:21-05:00", "end_time": 1676291721, "end_date_time": "2023-02-13T07:35:21-05:00", "waiting_time": 0, "distance": 1276, "driving_time": 1221, "preparation_time": 0, "load_before": [0], "load_after": [0]}]}], "unassigned": {"services": [], "shipments": [], "breaks": [], "details": []}}}