{"copyrights": ["GraphHopper", "OpenStreetMap contributors"], "job_id": "8fad1891-71a6-482e-8259-3e30ab786436", "status": "finished", "waiting_time_in_queue": 0, "processing_time": 167, "solution": {"costs": 353, "distance": 2387, "time": 2288, "transport_time": 2288, "completion_time": 19088, "max_operation_time": 19088, "waiting_time": 0, "service_duration": 16800, "preparation_time": 0, "no_vehicles": 1, "no_unassigned": 0, "routes": [{"vehicle_id": "my_vehicle", "shift_id": "default-shift", "distance": 2387, "transport_time": 2288, "completion_time": 19088, "waiting_time": 0, "service_duration": 16800, "preparation_time": 0, "activities": [{"type": "start", "location_id": "1604524000", "address": {"location_id": "1604524000", "lat": 42.28314256, "lon": -71.05056}, "arr_time": 1676278800, "arr_date_time": "2023-02-13T04:00:00-05:00", "end_time": 1676278800, "end_date_time": "2023-02-13T04:00:00-05:00", "waiting_time": 0, "distance": 0, "driving_time": 0, "preparation_time": 0, "load_after": [0]}, {"type": "service", "id": "1604549000_37", "location_id": "1604549000", "address": {"location_id": "1604549000", "lat": 42.28285473, "lon": -71.05081458}, "arr_time": 1676278884, "arr_date_time": "2023-02-13T04:01:24-05:00", "end_time": 1676279184, "end_date_time": "2023-02-13T04:06:24-05:00", "waiting_time": 0, "distance": 87, "driving_time": 84, "preparation_time": 0, "load_before": [0], "load_after": [0]}, {"type": "service", "id": "1604548000_36", "location_id": "1604548000", "address": {"location_id": "1604548000", "lat": 42.28274661, "lon": -71.05079803}, "arr_time": 1676279196, "arr_date_time": "2023-02-13T04:06:36-05:00", "end_time": 1676279496, "end_date_time": "2023-02-13T04:11:36-05:00", "waiting_time": 0, "distance": 99, "driving_time": 96, "preparation_time": 0, "load_before": [0], "load_after": [0]}, {"type": "service", "id": "1604545000_35", "location_id": "1604545000", "address": {"location_id": "1604545000", "lat": 42.28228382, "lon": -71.05073914}, "arr_time": 1676279545, "arr_date_time": "2023-02-13T04:12:25-05:00", "end_time": 1676279845, "end_date_time": "2023-02-13T04:17:25-05:00", "waiting_time": 0, "distance": 151, "driving_time": 145, "preparation_time": 0, "load_before": [0], "load_after": [0]}, {"type": "service", "id": "1604544000_34", "location_id": "1604544000", "address": {"location_id": "1604544000", "lat": 42.28220325, "lon": -71.05072888}, "arr_time": 1676279853, "arr_date_time": "2023-02-13T04:17:33-05:00", "end_time": 1676280153, "end_date_time": "2023-02-13T04:22:33-05:00", "waiting_time": 0, "distance": 160, "driving_time": 153, "preparation_time": 0, "load_before": [0], "load_after": [0]}, {"type": "service", "id": "1604542000_33", "location_id": "1604542000", "address": {"location_id": "1604542000", "lat": 42.28193382, "lon": -71.05071691}, "arr_time": 1676280183, "arr_date_time": "2023-02-13T04:23:03-05:00", "end_time": 1676280483, "end_date_time": "2023-02-13T04:28:03-05:00", "waiting_time": 0, "distance": 190, "driving_time": 183, "preparation_time": 0, "load_before": [0], "load_after": [0]}, {"type": "service", "id": "1604540000_32", "location_id": "1604540000", "address": {"location_id": "1604540000", "lat": 42.2816871, "lon": -71.05066592}, "arr_time": 1676280509, "arr_date_time": "2023-02-13T04:28:29-05:00", "end_time": 1676280809, "end_date_time": "2023-02-13T04:33:29-05:00", "waiting_time": 0, "distance": 218, "driving_time": 209, "preparation_time": 0, "load_before": [0], "load_after": [0]}, {"type": "service", "id": "1604539000_31", "location_id": "1604539000", "address": {"location_id": "1604539000", "lat": 42.28157592, "lon": -71.05065254}, "arr_time": 1676280821, "arr_date_time": "2023-02-13T04:33:41-05:00", "end_time": 1676281121, "end_date_time": "2023-02-13T04:38:41-05:00", "waiting_time": 0, "distance": 230, "driving_time": 221, "preparation_time": 0, "load_before": [0], "load_after": [0]}, {"type": "service", "id": "1604538000_30", "location_id": "1604538000", "address": {"location_id": "1604538000", "lat": 42.28139578, "lon": -71.05103444}, "arr_time": 1676281139, "arr_date_time": "2023-02-13T04:38:59-05:00", "end_time": 1676281439, "end_date_time": "2023-02-13T04:43:59-05:00", "waiting_time": 0, "distance": 248, "driving_time": 239, "preparation_time": 0, "load_before": [0], "load_after": [0]}, {"type": "service", "id": "1604502000_12", "location_id": "1604502000", "address": {"location_id": "1604502000", "lat": 42.28148514, "lon": -71.05152498}, "arr_time": 1676281461, "arr_date_time": "2023-02-13T04:44:21-05:00", "end_time": 1676281761, "end_date_time": "2023-02-13T04:49:21-05:00", "waiting_time": 0, "distance": 272, "driving_time": 261, "preparation_time": 0, "load_before": [0], "load_after": [0]}, {"type": "service", "id": "1604501000_11", "location_id": "1604501000", "address": {"location_id": "1604501000", "lat": 42.28163247, "lon": -71.05158832}, "arr_time": 1676281777, "arr_date_time": "2023-02-13T04:49:37-05:00", "end_time": 1676282077, "end_date_time": "2023-02-13T04:54:37-05:00", "waiting_time": 0, "distance": 289, "driving_time": 277, "preparation_time": 0, "load_before": [0], "load_after": [0]}, {"type": "service", "id": "1604500000_10", "location_id": "1604500000", "address": {"location_id": "1604500000", "lat": 42.28176842, "lon": -71.05164673}, "arr_time": 1676282092, "arr_date_time": "2023-02-13T04:54:52-05:00", "end_time": 1676282392, "end_date_time": "2023-02-13T04:59:52-05:00", "waiting_time": 0, "distance": 305, "driving_time": 292, "preparation_time": 0, "load_before": [0], "load_after": [0]}, {"type": "service", "id": "1604499000_09", "location_id": "1604499000", "address": {"location_id": "1604499000", "lat": 42.28190697, "lon": -71.05170635}, "arr_time": 1676282408, "arr_date_time": "2023-02-13T05:00:08-05:00", "end_time": 1676282708, "end_date_time": "2023-02-13T05:05:08-05:00", "waiting_time": 0, "distance": 321, "driving_time": 308, "preparation_time": 0, "load_before": [0], "load_after": [0]}, {"type": "service", "id": "1604498000_08", "location_id": "1604498000", "address": {"location_id": "1604498000", "lat": 42.28204575, "lon": -71.05176596}, "arr_time": 1676282724, "arr_date_time": "2023-02-13T05:05:24-05:00", "end_time": 1676283024, "end_date_time": "2023-02-13T05:10:24-05:00", "waiting_time": 0, "distance": 337, "driving_time": 324, "preparation_time": 0, "load_before": [0], "load_after": [0]}, {"type": "service", "id": "1604497000_07", "location_id": "1604497000", "address": {"location_id": "1604497000", "lat": 42.28218006, "lon": -71.05182365}, "arr_time": 1676283039, "arr_date_time": "2023-02-13T05:10:39-05:00", "end_time": 1676283339, "end_date_time": "2023-02-13T05:15:39-05:00", "waiting_time": 0, "distance": 353, "driving_time": 339, "preparation_time": 0, "load_before": [0], "load_after": [0]}, {"type": "service", "id": "1604496000_06", "location_id": "1604496000", "address": {"location_id": "1604496000", "lat": 42.28231336, "lon": -71.05188128}, "arr_time": 1676283353, "arr_date_time": "2023-02-13T05:15:53-05:00", "end_time": 1676283653, "end_date_time": "2023-02-13T05:20:53-05:00", "waiting_time": 0, "distance": 369, "driving_time": 353, "preparation_time": 0, "load_before": [0], "load_after": [0]}, {"type": "service", "id": "1604495000_05", "location_id": "1604495000", "address": {"location_id": "1604495000", "lat": 42.28245061, "lon": -71.05194075}, "arr_time": 1676283669, "arr_date_time": "2023-02-13T05:21:09-05:00", "end_time": 1676283969, "end_date_time": "2023-02-13T05:26:09-05:00", "waiting_time": 0, "distance": 385, "driving_time": 369, "preparation_time": 0, "load_before": [0], "load_after": [0]}, {"type": "service", "id": "1604493000_04", "location_id": "1604493000", "address": {"location_id": "1604493000", "lat": 42.28272151, "lon": -71.05205811}, "arr_time": 1676284000, "arr_date_time": "2023-02-13T05:26:40-05:00", "end_time": 1676284300, "end_date_time": "2023-02-13T05:31:40-05:00", "waiting_time": 0, "distance": 417, "driving_time": 400, "preparation_time": 0, "load_before": [0], "load_after": [0]}, {"type": "service", "id": "1604639000_53", "location_id": "1604639000", "address": {"location_id": "1604639000", "lat": 42.2828288, "lon": -71.05304185}, "arr_time": 1676284431, "arr_date_time": "2023-02-13T05:33:51-05:00", "end_time": 1676284731, "end_date_time": "2023-02-13T05:38:51-05:00", "waiting_time": 0, "distance": 553, "driving_time": 531, "preparation_time": 0, "load_before": [0], "load_after": [0]}, {"type": "service", "id": "1604637000_52", "location_id": "1604637000", "address": {"location_id": "1604637000", "lat": 42.28264925, "lon": -71.0531522}, "arr_time": 1676284793, "arr_date_time": "2023-02-13T05:39:53-05:00", "end_time": 1676285093, "end_date_time": "2023-02-13T05:44:53-05:00", "waiting_time": 0, "distance": 619, "driving_time": 593, "preparation_time": 0, "load_before": [0], "load_after": [0]}, {"type": "service", "id": "1604634000_51", "location_id": "1604634000", "address": {"location_id": "1604634000", "lat": 42.28230673, "lon": -71.05297181}, "arr_time": 1676285132, "arr_date_time": "2023-02-13T05:45:32-05:00", "end_time": 1676285432, "end_date_time": "2023-02-13T05:50:32-05:00", "waiting_time": 0, "distance": 660, "driving_time": 632, "preparation_time": 0, "load_before": [0], "load_after": [0]}, {"type": "service", "id": "1604640000_54", "location_id": "1604640000", "address": {"location_id": "1604640000", "lat": 42.28285889, "lon": -71.05284925}, "arr_time": 1676285579, "arr_date_time": "2023-02-13T05:52:59-05:00", "end_time": 1676285879, "end_date_time": "2023-02-13T05:57:59-05:00", "waiting_time": 0, "distance": 813, "driving_time": 779, "preparation_time": 0, "load_before": [0], "load_after": [0]}, {"type": "service", "id": "1604516000_20", "location_id": "1604516000", "address": {"location_id": "1604516000", "lat": 42.2825272, "lon": -71.05228545}, "arr_time": 1676285927, "arr_date_time": "2023-02-13T05:58:47-05:00", "end_time": 1676286227, "end_date_time": "2023-02-13T06:03:47-05:00", "waiting_time": 0, "distance": 862, "driving_time": 827, "preparation_time": 0, "load_before": [0], "load_after": [0]}, {"type": "service", "id": "1604515000_19", "location_id": "1604515000", "address": {"location_id": "1604515000", "lat": 42.28239524, "lon": -71.05222785}, "arr_time": 1676286241, "arr_date_time": "2023-02-13T06:04:01-05:00", "end_time": 1676286541, "end_date_time": "2023-02-13T06:09:01-05:00", "waiting_time": 0, "distance": 877, "driving_time": 841, "preparation_time": 0, "load_before": [0], "load_after": [0]}, {"type": "service", "id": "1604514000_18", "location_id": "1604514000", "address": {"location_id": "1604514000", "lat": 42.2822587, "lon": -71.05216884}, "arr_time": 1676286556, "arr_date_time": "2023-02-13T06:09:16-05:00", "end_time": 1676286856, "end_date_time": "2023-02-13T06:14:16-05:00", "waiting_time": 0, "distance": 893, "driving_time": 856, "preparation_time": 0, "load_before": [0], "load_after": [0]}, {"type": "service", "id": "1604512000_17", "location_id": "1604512000", "address": {"location_id": "1604512000", "lat": 42.28199624, "lon": -71.05205619}, "arr_time": 1676286885, "arr_date_time": "2023-02-13T06:14:45-05:00", "end_time": 1676287185, "end_date_time": "2023-02-13T06:19:45-05:00", "waiting_time": 0, "distance": 924, "driving_time": 885, "preparation_time": 0, "load_before": [0], "load_after": [0]}, {"type": "service", "id": "1604648000_55", "location_id": "1604648000", "address": {"location_id": "1604648000", "lat": 42.2818595, "lon": -71.05244862}, "arr_time": 1676287189, "arr_date_time": "2023-02-13T06:19:49-05:00", "end_time": 1676287489, "end_date_time": "2023-02-13T06:24:49-05:00", "waiting_time": 0, "distance": 929, "driving_time": 889, "preparation_time": 0, "load_before": [0], "load_after": [0]}, {"type": "service", "id": "1604510000_16", "location_id": "1604510000", "address": {"location_id": "1604510000", "lat": 42.28173632, "lon": -71.05194487}, "arr_time": 1676287515, "arr_date_time": "2023-02-13T06:25:15-05:00", "end_time": 1676287815, "end_date_time": "2023-02-13T06:30:15-05:00", "waiting_time": 0, "distance": 955, "driving_time": 915, "preparation_time": 0, "load_before": [0], "load_after": [0]}, {"type": "service", "id": "1604652000_56", "location_id": "1604652000", "address": {"location_id": "1604652000", "lat": 42.28146606, "lon": -71.05228174}, "arr_time": 1676287833, "arr_date_time": "2023-02-13T06:30:33-05:00", "end_time": 1676288133, "end_date_time": "2023-02-13T06:35:33-05:00", "waiting_time": 0, "distance": 975, "driving_time": 933, "preparation_time": 0, "load_before": [0], "load_after": [0]}, {"type": "service", "id": "1604508000_15", "location_id": "1604508000", "address": {"location_id": "1604508000", "lat": 42.28145821, "lon": -71.05182566}, "arr_time": 1676288145, "arr_date_time": "2023-02-13T06:35:45-05:00", "end_time": 1676288445, "end_date_time": "2023-02-13T06:40:45-05:00", "waiting_time": 0, "distance": 987, "driving_time": 945, "preparation_time": 0, "load_before": [0], "load_after": [0]}, {"type": "service", "id": "1604506000_14", "location_id": "1604506000", "address": {"location_id": "1604506000", "lat": 42.28128481, "lon": -71.0516819}, "arr_time": 1676288509, "arr_date_time": "2023-02-13T06:41:49-05:00", "end_time": 1676288809, "end_date_time": "2023-02-13T06:46:49-05:00", "waiting_time": 0, "distance": 1053, "driving_time": 1009, "preparation_time": 0, "load_before": [0], "load_after": [0]}, {"type": "service", "id": "1604505000_13", "location_id": "1604505000", "address": {"location_id": "1604505000", "lat": 42.28130758, "lon": -71.0515439}, "arr_time": 1676288820, "arr_date_time": "2023-02-13T06:47:00-05:00", "end_time": 1676289120, "end_date_time": "2023-02-13T06:52:00-05:00", "waiting_time": 0, "distance": 1065, "driving_time": 1020, "preparation_time": 0, "load_before": [0], "load_after": [0]}, {"type": "service", "id": "1604537000_29", "location_id": "1604537000", "address": {"location_id": "1604537000", "lat": 42.28146397, "lon": -71.05071376}, "arr_time": 1676289188, "arr_date_time": "2023-02-13T06:53:08-05:00", "end_time": 1676289488, "end_date_time": "2023-02-13T06:58:08-05:00", "waiting_time": 0, "distance": 1135, "driving_time": 1088, "preparation_time": 0, "load_before": [0], "load_after": [0]}, {"type": "service", "id": "1604536000_28", "location_id": "1604536000", "address": {"location_id": "1604536000", "lat": 42.28152057, "lon": -71.0503599}, "arr_time": 1676289516, "arr_date_time": "2023-02-13T06:58:36-05:00", "end_time": 1676289816, "end_date_time": "2023-02-13T07:03:36-05:00", "waiting_time": 0, "distance": 1165, "driving_time": 1116, "preparation_time": 0, "load_before": [0], "load_after": [0]}, {"type": "service", "id": "1604534000_27", "location_id": "1604534000", "address": {"location_id": "1604534000", "lat": 42.28182844, "lon": -71.05039652}, "arr_time": 1676289872, "arr_date_time": "2023-02-13T07:04:32-05:00", "end_time": 1676290172, "end_date_time": "2023-02-13T07:09:32-05:00", "waiting_time": 0, "distance": 1223, "driving_time": 1172, "preparation_time": 0, "load_before": [0], "load_after": [0]}, {"type": "service", "id": "1604565000_43", "location_id": "1604565000", "address": {"location_id": "1604565000", "lat": 42.28190332, "lon": -71.04999983}, "arr_time": 1676290177, "arr_date_time": "2023-02-13T07:09:37-05:00", "end_time": 1676290477, "end_date_time": "2023-02-13T07:14:37-05:00", "waiting_time": 0, "distance": 1228, "driving_time": 1177, "preparation_time": 0, "load_before": [0], "load_after": [0]}, {"type": "service", "id": "1604566000_44", "location_id": "1604566000", "address": {"location_id": "1604566000", "lat": 42.28204374, "lon": -71.05001774}, "arr_time": 1676290492, "arr_date_time": "2023-02-13T07:14:52-05:00", "end_time": 1676290792, "end_date_time": "2023-02-13T07:19:52-05:00", "waiting_time": 0, "distance": 1244, "driving_time": 1192, "preparation_time": 0, "load_before": [0], "load_after": [0]}, {"type": "service", "id": "1604567000_45", "location_id": "1604567000", "address": {"location_id": "1604567000", "lat": 42.28216902, "lon": -71.05003374}, "arr_time": 1676290805, "arr_date_time": "2023-02-13T07:20:05-05:00", "end_time": 1676291105, "end_date_time": "2023-02-13T07:25:05-05:00", "waiting_time": 0, "distance": 1258, "driving_time": 1205, "preparation_time": 0, "load_before": [0], "load_after": [0]}, {"type": "service", "id": "1604531000_26", "location_id": "1604531000", "address": {"location_id": "1604531000", "lat": 42.28222065, "lon": -71.05044412}, "arr_time": 1676291113, "arr_date_time": "2023-02-13T07:25:13-05:00", "end_time": 1676291413, "end_date_time": "2023-02-13T07:30:13-05:00", "waiting_time": 0, "distance": 1267, "driving_time": 1213, "preparation_time": 0, "load_before": [0], "load_after": [0]}, {"type": "service", "id": "1604568000_46", "location_id": "1604568000", "address": {"location_id": "1604568000", "lat": 42.28230588, "lon": -71.0500512}, "arr_time": 1676291420, "arr_date_time": "2023-02-13T07:30:20-05:00", "end_time": 1676291720, "end_date_time": "2023-02-13T07:35:20-05:00", "waiting_time": 0, "distance": 1273, "driving_time": 1220, "preparation_time": 0, "load_before": [0], "load_after": [0]}, {"type": "service", "id": "1604530000_25", "location_id": "1604530000", "address": {"location_id": "1604530000", "lat": 42.28242127, "lon": -71.05046934}, "arr_time": 1676291736, "arr_date_time": "2023-02-13T07:35:36-05:00", "end_time": 1676292036, "end_date_time": "2023-02-13T07:40:36-05:00", "waiting_time": 0, "distance": 1289, "driving_time": 1236, "preparation_time": 0, "load_before": [0], "load_after": [0]}, {"type": "service", "id": "1604529000_24", "location_id": "1604529000", "address": {"location_id": "1604529000", "lat": 42.28255653, "lon": -71.05048634}, "arr_time": 1676292051, "arr_date_time": "2023-02-13T07:40:51-05:00", "end_time": 1676292351, "end_date_time": "2023-02-13T07:45:51-05:00", "waiting_time": 0, "distance": 1304, "driving_time": 1251, "preparation_time": 0, "load_before": [0], "load_after": [0]}, {"type": "service", "id": "1604528000_23", "location_id": "1604528000", "address": {"location_id": "1604528000", "lat": 42.28263669, "lon": -71.05049641}, "arr_time": 1676292359, "arr_date_time": "2023-02-13T07:45:59-05:00", "end_time": 1676292659, "end_date_time": "2023-02-13T07:50:59-05:00", "waiting_time": 0, "distance": 1313, "driving_time": 1259, "preparation_time": 0, "load_before": [0], "load_after": [0]}, {"type": "service", "id": "1604572000_47", "location_id": "1604572000", "address": {"location_id": "1604572000", "lat": 42.28288539, "lon": -71.05012512}, "arr_time": 1676292683, "arr_date_time": "2023-02-13T07:51:23-05:00", "end_time": 1676292983, "end_date_time": "2023-02-13T07:56:23-05:00", "waiting_time": 0, "distance": 1338, "driving_time": 1283, "preparation_time": 0, "load_before": [0], "load_after": [0]}, {"type": "service", "id": "1604526000_22", "location_id": "1604526000", "address": {"location_id": "1604526000", "lat": 42.28289986, "lon": -71.05052949}, "arr_time": 1676292987, "arr_date_time": "2023-02-13T07:56:27-05:00", "end_time": 1676293287, "end_date_time": "2023-02-13T08:01:27-05:00", "waiting_time": 0, "distance": 1343, "driving_time": 1287, "preparation_time": 0, "load_before": [0], "load_after": [0]}, {"type": "service", "id": "1604525000_21", "location_id": "1604525000", "address": {"location_id": "1604525000", "lat": 42.28302232, "lon": -71.05054489}, "arr_time": 1676293300, "arr_date_time": "2023-02-13T08:01:40-05:00", "end_time": 1676293600, "end_date_time": "2023-02-13T08:06:40-05:00", "waiting_time": 0, "distance": 1357, "driving_time": 1300, "preparation_time": 0, "load_before": [0], "load_after": [0]}, {"type": "service", "id": "1604550000_38", "location_id": "1604550000", "address": {"location_id": "1604550000", "lat": 42.2831304, "lon": -71.05015635}, "arr_time": 1676293608, "arr_date_time": "2023-02-13T08:06:48-05:00", "end_time": 1676293908, "end_date_time": "2023-02-13T08:11:48-05:00", "waiting_time": 0, "distance": 1366, "driving_time": 1308, "preparation_time": 0, "load_before": [0], "load_after": [0]}, {"type": "service", "id": "1604553000_40", "location_id": "1604553000", "address": {"location_id": "1604553000", "lat": 42.28286181, "lon": -71.04984672}, "arr_time": 1676294021, "arr_date_time": "2023-02-13T08:13:41-05:00", "end_time": 1676294321, "end_date_time": "2023-02-13T08:18:41-05:00", "waiting_time": 0, "distance": 1485, "driving_time": 1421, "preparation_time": 0, "load_before": [0], "load_after": [0]}, {"type": "service", "id": "1604554000_41", "location_id": "1604554000", "address": {"location_id": "1604554000", "lat": 42.28276055, "lon": -71.04983377}, "arr_time": 1676294332, "arr_date_time": "2023-02-13T08:18:52-05:00", "end_time": 1676294632, "end_date_time": "2023-02-13T08:23:52-05:00", "waiting_time": 0, "distance": 1496, "driving_time": 1432, "preparation_time": 0, "load_before": [0], "load_after": [0]}, {"type": "service", "id": "1604556000_42", "location_id": "1604556000", "address": {"location_id": "1604556000", "lat": 42.28251338, "lon": -71.04980213}, "arr_time": 1676294659, "arr_date_time": "2023-02-13T08:24:19-05:00", "end_time": 1676294959, "end_date_time": "2023-02-13T08:29:19-05:00", "waiting_time": 0, "distance": 1524, "driving_time": 1459, "preparation_time": 0, "load_before": [0], "load_after": [0]}, {"type": "service", "id": "1604552000_39", "location_id": "1604552000", "address": {"location_id": "1604552000", "lat": 42.28306338, "lon": -71.04980791}, "arr_time": 1676295017, "arr_date_time": "2023-02-13T08:30:17-05:00", "end_time": 1676295317, "end_date_time": "2023-02-13T08:35:17-05:00", "waiting_time": 0, "distance": 1585, "driving_time": 1517, "preparation_time": 0, "load_before": [0], "load_after": [0]}, {"type": "service", "id": "1604250000_02", "location_id": "1604250000", "address": {"location_id": "1604250000", "lat": 42.28278358, "lon": -71.04846957}, "arr_time": 1676295463, "arr_date_time": "2023-02-13T08:37:43-05:00", "end_time": 1676295763, "end_date_time": "2023-02-13T08:42:43-05:00", "waiting_time": 0, "distance": 1737, "driving_time": 1663, "preparation_time": 0, "load_before": [0], "load_after": [0]}, {"type": "service", "id": "1604582010_48", "location_id": "1604582010", "address": {"location_id": "1604582010", "lat": 42.28230319, "lon": -71.04908363}, "arr_time": 1676295911, "arr_date_time": "2023-02-13T08:45:11-05:00", "end_time": 1676296211, "end_date_time": "2023-02-13T08:50:11-05:00", "waiting_time": 0, "distance": 1891, "driving_time": 1811, "preparation_time": 0, "load_before": [0], "load_after": [0]}, {"type": "service", "id": "1604585000_49", "location_id": "1604585000", "address": {"location_id": "1604585000", "lat": 42.28206234, "lon": -71.04905529}, "arr_time": 1676296229, "arr_date_time": "2023-02-13T08:50:29-05:00", "end_time": 1676296529, "end_date_time": "2023-02-13T08:55:29-05:00", "waiting_time": 0, "distance": 1910, "driving_time": 1829, "preparation_time": 0, "load_before": [0], "load_after": [0]}, {"type": "service", "id": "1604257000_03", "location_id": "1604257000", "address": {"location_id": "1604257000", "lat": 42.28202299, "lon": -71.04862332}, "arr_time": 1676296552, "arr_date_time": "2023-02-13T08:55:52-05:00", "end_time": 1676296852, "end_date_time": "2023-02-13T09:00:52-05:00", "waiting_time": 0, "distance": 1934, "driving_time": 1852, "preparation_time": 0, "load_before": [0], "load_after": [0]}, {"type": "service", "id": "1604586010_50", "location_id": "1604586010", "address": {"location_id": "1604586010", "lat": 42.2819448, "lon": -71.04904082}, "arr_time": 1676296892, "arr_date_time": "2023-02-13T09:01:32-05:00", "end_time": 1676297192, "end_date_time": "2023-02-13T09:06:32-05:00", "waiting_time": 0, "distance": 1975, "driving_time": 1892, "preparation_time": 0, "load_before": [0], "load_after": [0]}, {"type": "service", "id": "1604183010_01", "location_id": "1604183010", "address": {"location_id": "1604183010", "lat": 42.28299528, "lon": -71.04796051}, "arr_time": 1676297588, "arr_date_time": "2023-02-13T09:13:08-05:00", "end_time": 1676297888, "end_date_time": "2023-02-13T09:18:08-05:00", "waiting_time": 0, "distance": 2387, "driving_time": 2288, "preparation_time": 0, "load_before": [0], "load_after": [0]}]}], "unassigned": {"services": [], "shipments": [], "breaks": [], "details": []}}}