{"copyrights": ["GraphHopper", "OpenStreetMap contributors"], "job_id": "ffc5d4c7-d3cf-4db6-a06e-9127836962bc", "status": "finished", "waiting_time_in_queue": 0, "processing_time": 128, "solution": {"costs": 336, "distance": 2257, "time": 2168, "transport_time": 2168, "completion_time": 16868, "max_operation_time": 16868, "waiting_time": 0, "service_duration": 14700, "preparation_time": 0, "no_vehicles": 1, "no_unassigned": 0, "routes": [{"vehicle_id": "my_vehicle", "shift_id": "default-shift", "distance": 2257, "transport_time": 2168, "completion_time": 16868, "waiting_time": 0, "service_duration": 14700, "preparation_time": 0, "activities": [{"type": "start", "location_id": "1605043000", "address": {"location_id": "1605043000", "lat": 42.28130916, "lon": -71.06048173}, "arr_time": 1676278800, "arr_date_time": "2023-02-13T04:00:00-05:00", "end_time": 1676278800, "end_date_time": "2023-02-13T04:00:00-05:00", "waiting_time": 0, "distance": 0, "driving_time": 0, "preparation_time": 0, "load_after": [0]}, {"type": "service", "id": "1604948000_02", "location_id": "1604948000", "address": {"location_id": "1604948000", "lat": 42.28119578, "lon": -71.06080118}, "arr_time": 1676278801, "arr_date_time": "2023-02-13T04:00:01-05:00", "end_time": 1676279101, "end_date_time": "2023-02-13T04:05:01-05:00", "waiting_time": 0, "distance": 2, "driving_time": 1, "preparation_time": 0, "load_before": [0], "load_after": [0]}, {"type": "service", "id": "1604949000_03", "location_id": "1604949000", "address": {"location_id": "1604949000", "lat": 42.28100322, "lon": -71.06079997}, "arr_time": 1676279123, "arr_date_time": "2023-02-13T04:05:23-05:00", "end_time": 1676279423, "end_date_time": "2023-02-13T04:10:23-05:00", "waiting_time": 0, "distance": 25, "driving_time": 23, "preparation_time": 0, "load_before": [0], "load_after": [0]}, {"type": "service", "id": "1605063000_42", "location_id": "1605063000", "address": {"location_id": "1605063000", "lat": 42.28098576, "lon": -71.06020965}, "arr_time": 1676279437, "arr_date_time": "2023-02-13T04:10:37-05:00", "end_time": 1676279737, "end_date_time": "2023-02-13T04:15:37-05:00", "waiting_time": 0, "distance": 40, "driving_time": 37, "preparation_time": 0, "load_before": [0], "load_after": [0]}, {"type": "service", "id": "1604950000_04", "location_id": "1604950000", "address": {"location_id": "1604950000", "lat": 42.28085259, "lon": -71.06082285}, "arr_time": 1676279739, "arr_date_time": "2023-02-13T04:15:39-05:00", "end_time": 1676280039, "end_date_time": "2023-02-13T04:20:39-05:00", "waiting_time": 0, "distance": 41, "driving_time": 39, "preparation_time": 0, "load_before": [0], "load_after": [0]}, {"type": "service", "id": "1605062000_41", "location_id": "1605062000", "address": {"location_id": "1605062000", "lat": 42.28084798, "lon": -71.06017729}, "arr_time": 1676280052, "arr_date_time": "2023-02-13T04:20:52-05:00", "end_time": 1676280352, "end_date_time": "2023-02-13T04:25:52-05:00", "waiting_time": 0, "distance": 56, "driving_time": 52, "preparation_time": 0, "load_before": [0], "load_after": [0]}, {"type": "service", "id": "1604954000_05", "location_id": "1604954000", "address": {"location_id": "1604954000", "lat": 42.28046605, "lon": -71.06062653}, "arr_time": 1676280381, "arr_date_time": "2023-02-13T04:26:21-05:00", "end_time": 1676280681, "end_date_time": "2023-02-13T04:31:21-05:00", "waiting_time": 0, "distance": 87, "driving_time": 81, "preparation_time": 0, "load_before": [0], "load_after": [0]}, {"type": "service", "id": "1604955000_06", "location_id": "1604955000", "address": {"location_id": "1604955000", "lat": 42.28034829, "lon": -71.06056697}, "arr_time": 1676280695, "arr_date_time": "2023-02-13T04:31:35-05:00", "end_time": 1676280995, "end_date_time": "2023-02-13T04:36:35-05:00", "waiting_time": 0, "distance": 101, "driving_time": 95, "preparation_time": 0, "load_before": [0], "load_after": [0]}, {"type": "service", "id": "1604956000_07", "location_id": "1604956000", "address": {"location_id": "1604956000", "lat": 42.28020261, "lon": -71.06048937}, "arr_time": 1676281011, "arr_date_time": "2023-02-13T04:36:51-05:00", "end_time": 1676281311, "end_date_time": "2023-02-13T04:41:51-05:00", "waiting_time": 0, "distance": 118, "driving_time": 111, "preparation_time": 0, "load_before": [0], "load_after": [0]}, {"type": "service", "id": "1604958000_08", "location_id": "1604958000", "address": {"location_id": "1604958000", "lat": 42.27993745, "lon": -71.06032937}, "arr_time": 1676281373, "arr_date_time": "2023-02-13T04:42:53-05:00", "end_time": 1676281673, "end_date_time": "2023-02-13T04:47:53-05:00", "waiting_time": 0, "distance": 183, "driving_time": 173, "preparation_time": 0, "load_before": [0], "load_after": [0]}, {"type": "service", "id": "1604986000_14", "location_id": "1604986000", "address": {"location_id": "1604986000", "lat": 42.27963229, "lon": -71.06069981}, "arr_time": 1676281704, "arr_date_time": "2023-02-13T04:48:24-05:00", "end_time": 1676282004, "end_date_time": "2023-02-13T04:53:24-05:00", "waiting_time": 0, "distance": 215, "driving_time": 204, "preparation_time": 0, "load_before": [0], "load_after": [0]}, {"type": "service", "id": "1604988000_15", "location_id": "1604988000", "address": {"location_id": "1604988000", "lat": 42.27984529, "lon": -71.06082508}, "arr_time": 1676282029, "arr_date_time": "2023-02-13T04:53:49-05:00", "end_time": 1676282329, "end_date_time": "2023-02-13T04:58:49-05:00", "waiting_time": 0, "distance": 241, "driving_time": 229, "preparation_time": 0, "load_before": [0], "load_after": [0]}, {"type": "service", "id": "1604990000_16", "location_id": "1604990000", "address": {"location_id": "1604990000", "lat": 42.27988651, "lon": -71.0613402}, "arr_time": 1676282392, "arr_date_time": "2023-02-13T04:59:52-05:00", "end_time": 1676282692, "end_date_time": "2023-02-13T05:04:52-05:00", "waiting_time": 0, "distance": 306, "driving_time": 292, "preparation_time": 0, "load_before": [0], "load_after": [0]}, {"type": "service", "id": "1604991000_17", "location_id": "1604991000", "address": {"location_id": "1604991000", "lat": 42.2797469, "lon": -71.06127764}, "arr_time": 1676282708, "arr_date_time": "2023-02-13T05:05:08-05:00", "end_time": 1676283008, "end_date_time": "2023-02-13T05:10:08-05:00", "waiting_time": 0, "distance": 322, "driving_time": 308, "preparation_time": 0, "load_before": [0], "load_after": [0]}, {"type": "service", "id": "1604984000_13", "location_id": "1604984000", "address": {"location_id": "1604984000", "lat": 42.27936484, "lon": -71.06065856}, "arr_time": 1676283064, "arr_date_time": "2023-02-13T05:11:04-05:00", "end_time": 1676283364, "end_date_time": "2023-02-13T05:16:04-05:00", "waiting_time": 0, "distance": 380, "driving_time": 364, "preparation_time": 0, "load_before": [0], "load_after": [0]}, {"type": "service", "id": "1604996000_18", "location_id": "1604996000", "address": {"location_id": "1604996000", "lat": 42.27898918, "lon": -71.06093498}, "arr_time": 1676283393, "arr_date_time": "2023-02-13T05:16:33-05:00", "end_time": 1676283693, "end_date_time": "2023-02-13T05:21:33-05:00", "waiting_time": 0, "distance": 410, "driving_time": 393, "preparation_time": 0, "load_before": [0], "load_after": [0]}, {"type": "service", "id": "1604981000_12", "location_id": "1604981000", "address": {"location_id": "1604981000", "lat": 42.27900462, "lon": -71.06037573}, "arr_time": 1676283708, "arr_date_time": "2023-02-13T05:21:48-05:00", "end_time": 1676284008, "end_date_time": "2023-02-13T05:26:48-05:00", "waiting_time": 0, "distance": 425, "driving_time": 408, "preparation_time": 0, "load_before": [0], "load_after": [0]}, {"type": "service", "id": "1605367000_47", "location_id": "1605367000", "address": {"location_id": "1605367000", "lat": 42.27841329, "lon": -71.06061588}, "arr_time": 1676284063, "arr_date_time": "2023-02-13T05:27:43-05:00", "end_time": 1676284363, "end_date_time": "2023-02-13T05:32:43-05:00", "waiting_time": 0, "distance": 481, "driving_time": 463, "preparation_time": 0, "load_before": [0], "load_after": [0]}, {"type": "service", "id": "1605364000_46", "location_id": "1605364000", "address": {"location_id": "1605364000", "lat": 42.27822977, "lon": -71.06122799}, "arr_time": 1676284416, "arr_date_time": "2023-02-13T05:33:36-05:00", "end_time": 1676284716, "end_date_time": "2023-02-13T05:38:36-05:00", "waiting_time": 0, "distance": 536, "driving_time": 516, "preparation_time": 0, "load_before": [0], "load_after": [0]}, {"type": "service", "id": "1605000000_19", "location_id": "1605000000", "address": {"location_id": "1605000000", "lat": 42.27849764, "lon": -71.0617037}, "arr_time": 1676284740, "arr_date_time": "2023-02-13T05:39:00-05:00", "end_time": 1676285040, "end_date_time": "2023-02-13T05:44:00-05:00", "waiting_time": 0, "distance": 561, "driving_time": 540, "preparation_time": 0, "load_before": [0], "load_after": [0]}, {"type": "service", "id": "1605001000_20", "location_id": "1605001000", "address": {"location_id": "1605001000", "lat": 42.27844842, "lon": -71.0618725}, "arr_time": 1676285055, "arr_date_time": "2023-02-13T05:44:15-05:00", "end_time": 1676285355, "end_date_time": "2023-02-13T05:49:15-05:00", "waiting_time": 0, "distance": 576, "driving_time": 555, "preparation_time": 0, "load_before": [0], "load_after": [0]}, {"type": "service", "id": "1605362000_45", "location_id": "1605362000", "address": {"location_id": "1605362000", "lat": 42.27812143, "lon": -71.06173866}, "arr_time": 1676285359, "arr_date_time": "2023-02-13T05:49:19-05:00", "end_time": 1676285659, "end_date_time": "2023-02-13T05:54:19-05:00", "waiting_time": 0, "distance": 579, "driving_time": 559, "preparation_time": 0, "load_before": [0], "load_after": [0]}, {"type": "service", "id": "1605361000_44", "location_id": "1605361000", "address": {"location_id": "1605361000", "lat": 42.27808171, "lon": -71.06198456}, "arr_time": 1676285679, "arr_date_time": "2023-02-13T05:54:39-05:00", "end_time": 1676285979, "end_date_time": "2023-02-13T05:59:39-05:00", "waiting_time": 0, "distance": 599, "driving_time": 579, "preparation_time": 0, "load_before": [0], "load_after": [0]}, {"type": "service", "id": "1605360000_43", "location_id": "1605360000", "address": {"location_id": "1605360000", "lat": 42.277962, "lon": -71.06186482}, "arr_time": 1676286027, "arr_date_time": "2023-02-13T06:00:27-05:00", "end_time": 1676286327, "end_date_time": "2023-02-13T06:05:27-05:00", "waiting_time": 0, "distance": 649, "driving_time": 627, "preparation_time": 0, "load_before": [0], "load_after": [0]}, {"type": "service", "id": "1605004000_21", "location_id": "1605004000", "address": {"location_id": "1605004000", "lat": 42.27742324, "lon": -71.06153149}, "arr_time": 1676286373, "arr_date_time": "2023-02-13T06:06:13-05:00", "end_time": 1676286673, "end_date_time": "2023-02-13T06:11:13-05:00", "waiting_time": 0, "distance": 698, "driving_time": 673, "preparation_time": 0, "load_before": [0], "load_after": [0]}, {"type": "service", "id": "1605005000_22", "location_id": "1605005000", "address": {"location_id": "1605005000", "lat": 42.27749179, "lon": -71.06135056}, "arr_time": 1676286689, "arr_date_time": "2023-02-13T06:11:29-05:00", "end_time": 1676286989, "end_date_time": "2023-02-13T06:16:29-05:00", "waiting_time": 0, "distance": 715, "driving_time": 689, "preparation_time": 0, "load_before": [0], "load_after": [0]}, {"type": "service", "id": "1605006000_23", "location_id": "1605006000", "address": {"location_id": "1605006000", "lat": 42.27755722, "lon": -71.0611643}, "arr_time": 1676287005, "arr_date_time": "2023-02-13T06:16:45-05:00", "end_time": 1676287305, "end_date_time": "2023-02-13T06:21:45-05:00", "waiting_time": 0, "distance": 732, "driving_time": 705, "preparation_time": 0, "load_before": [0], "load_after": [0]}, {"type": "service", "id": "1605008000_24", "location_id": "1605008000", "address": {"location_id": "1605008000", "lat": 42.27770077, "lon": -71.06072548}, "arr_time": 1676287343, "arr_date_time": "2023-02-13T06:22:23-05:00", "end_time": 1676287643, "end_date_time": "2023-02-13T06:27:23-05:00", "waiting_time": 0, "distance": 771, "driving_time": 743, "preparation_time": 0, "load_before": [0], "load_after": [0]}, {"type": "service", "id": "1605009000_25", "location_id": "1605009000", "address": {"location_id": "1605009000", "lat": 42.27776926, "lon": -71.06057544}, "arr_time": 1676287656, "arr_date_time": "2023-02-13T06:27:36-05:00", "end_time": 1676287956, "end_date_time": "2023-02-13T06:32:36-05:00", "waiting_time": 0, "distance": 785, "driving_time": 756, "preparation_time": 0, "load_before": [0], "load_after": [0]}, {"type": "service", "id": "1605369000_49", "location_id": "1605369000", "address": {"location_id": "1605369000", "lat": 42.27810821, "lon": -71.06056406}, "arr_time": 1676287971, "arr_date_time": "2023-02-13T06:32:51-05:00", "end_time": 1676288271, "end_date_time": "2023-02-13T06:37:51-05:00", "waiting_time": 0, "distance": 800, "driving_time": 771, "preparation_time": 0, "load_before": [0], "load_after": [0]}, {"type": "service", "id": "1605368000_48", "location_id": "1605368000", "address": {"location_id": "1605368000", "lat": 42.27813647, "lon": -71.06035451}, "arr_time": 1676288319, "arr_date_time": "2023-02-13T06:38:39-05:00", "end_time": 1676288619, "end_date_time": "2023-02-13T06:43:39-05:00", "waiting_time": 0, "distance": 850, "driving_time": 819, "preparation_time": 0, "load_before": [0], "load_after": [0]}, {"type": "service", "id": "1604976000_11", "location_id": "1604976000", "address": {"location_id": "1604976000", "lat": 42.27841281, "lon": -71.06007289}, "arr_time": 1676288639, "arr_date_time": "2023-02-13T06:43:59-05:00", "end_time": 1676288939, "end_date_time": "2023-02-13T06:48:59-05:00", "waiting_time": 0, "distance": 870, "driving_time": 839, "preparation_time": 0, "load_before": [0], "load_after": [0]}, {"type": "service", "id": "1605014000_26", "location_id": "1605014000", "address": {"location_id": "1605014000", "lat": 42.2773881, "lon": -71.06050771}, "arr_time": 1676289069, "arr_date_time": "2023-02-13T06:51:09-05:00", "end_time": 1676289369, "end_date_time": "2023-02-13T06:56:09-05:00", "waiting_time": 0, "distance": 1007, "driving_time": 969, "preparation_time": 0, "load_before": [0], "load_after": [0]}, {"type": "service", "id": "1605014003_28", "location_id": "1605014003", "address": {"location_id": "1605014003", "lat": 42.2772307, "lon": -71.06123204}, "arr_time": 1676289437, "arr_date_time": "2023-02-13T06:57:17-05:00", "end_time": 1676289737, "end_date_time": "2023-02-13T07:02:17-05:00", "waiting_time": 0, "distance": 1078, "driving_time": 1037, "preparation_time": 0, "load_before": [0], "load_after": [0]}, {"type": "service", "id": "1605014001_27", "location_id": "1605014001", "address": {"location_id": "1605014001", "lat": 42.27737746, "lon": -71.06073304}, "arr_time": 1676289753, "arr_date_time": "2023-02-13T07:02:33-05:00", "end_time": 1676290053, "end_date_time": "2023-02-13T07:07:33-05:00", "waiting_time": 0, "distance": 1094, "driving_time": 1053, "preparation_time": 0, "load_before": [0], "load_after": [0]}, {"type": "service", "id": "1605014004_29", "location_id": "1605014004", "address": {"location_id": "1605014004", "lat": 42.2769921, "lon": -71.06072315}, "arr_time": 1676290103, "arr_date_time": "2023-02-13T07:08:23-05:00", "end_time": 1676290403, "end_date_time": "2023-02-13T07:13:23-05:00", "waiting_time": 0, "distance": 1146, "driving_time": 1103, "preparation_time": 0, "load_before": [0], "load_after": [0]}, {"type": "service", "id": "1604971000_10", "location_id": "1604971000", "address": {"location_id": "1604971000", "lat": 42.27923356, "lon": -71.05979937}, "arr_time": 1676290669, "arr_date_time": "2023-02-13T07:17:49-05:00", "end_time": 1676290969, "end_date_time": "2023-02-13T07:22:49-05:00", "waiting_time": 0, "distance": 1424, "driving_time": 1369, "preparation_time": 0, "load_before": [0], "load_after": [0]}, {"type": "service", "id": "1604959000_09", "location_id": "1604959000", "address": {"location_id": "1604959000", "lat": 42.27957976, "lon": -71.06001435}, "arr_time": 1676291009, "arr_date_time": "2023-02-13T07:23:29-05:00", "end_time": 1676291309, "end_date_time": "2023-02-13T07:28:29-05:00", "waiting_time": 0, "distance": 1466, "driving_time": 1409, "preparation_time": 0, "load_before": [0], "load_after": [0]}, {"type": "service", "id": "1605056000_40", "location_id": "1605056000", "address": {"location_id": "1605056000", "lat": 42.28012401, "lon": -71.05972415}, "arr_time": 1676291397, "arr_date_time": "2023-02-13T07:29:57-05:00", "end_time": 1676291697, "end_date_time": "2023-02-13T07:34:57-05:00", "waiting_time": 0, "distance": 1557, "driving_time": 1497, "preparation_time": 0, "load_before": [0], "load_after": [0]}, {"type": "service", "id": "1605053003_36", "location_id": "1605053003", "address": {"location_id": "1605053003", "lat": 42.28062897, "lon": -71.0597882}, "arr_time": 1676291899, "arr_date_time": "2023-02-13T07:38:19-05:00", "end_time": 1676292199, "end_date_time": "2023-02-13T07:43:19-05:00", "waiting_time": 0, "distance": 1767, "driving_time": 1699, "preparation_time": 0, "load_before": [0], "load_after": [0]}, {"type": "service", "id": "1605053004_37", "location_id": "1605053004", "address": {"location_id": "1605053004", "lat": 42.2803369, "lon": -71.05976272}, "arr_time": 1676292204, "arr_date_time": "2023-02-13T07:43:24-05:00", "end_time": 1676292504, "end_date_time": "2023-02-13T07:48:24-05:00", "waiting_time": 0, "distance": 1773, "driving_time": 1704, "preparation_time": 0, "load_before": [0], "load_after": [0]}, {"type": "service", "id": "1605053005_38", "location_id": "1605053005", "address": {"location_id": "1605053005", "lat": 42.28040477, "lon": -71.05950835}, "arr_time": 1676292525, "arr_date_time": "2023-02-13T07:48:45-05:00", "end_time": 1676292825, "end_date_time": "2023-02-13T07:53:45-05:00", "waiting_time": 0, "distance": 1795, "driving_time": 1725, "preparation_time": 0, "load_before": [0], "load_after": [0]}, {"type": "service", "id": "1605053007_39", "location_id": "1605053007", "address": {"location_id": "1605053007", "lat": 42.28049858, "lon": -71.05900078}, "arr_time": 1676292868, "arr_date_time": "2023-02-13T07:54:28-05:00", "end_time": 1676293168, "end_date_time": "2023-02-13T07:59:28-05:00", "waiting_time": 0, "distance": 1840, "driving_time": 1768, "preparation_time": 0, "load_before": [0], "load_after": [0]}, {"type": "service", "id": "1605050000_34", "location_id": "1605050000", "address": {"location_id": "1605050000", "lat": 42.28092889, "lon": -71.05910091}, "arr_time": 1676293235, "arr_date_time": "2023-02-13T08:00:35-05:00", "end_time": 1676293535, "end_date_time": "2023-02-13T08:05:35-05:00", "waiting_time": 0, "distance": 1909, "driving_time": 1835, "preparation_time": 0, "load_before": [0], "load_after": [0]}, {"type": "service", "id": "1605053001_35", "location_id": "1605053001", "address": {"location_id": "1605053001", "lat": 42.28071188, "lon": -71.05927893}, "arr_time": 1676293553, "arr_date_time": "2023-02-13T08:05:53-05:00", "end_time": 1676293853, "end_date_time": "2023-02-13T08:10:53-05:00", "waiting_time": 0, "distance": 1928, "driving_time": 1853, "preparation_time": 0, "load_before": [0], "load_after": [0]}, {"type": "service", "id": "1605049000_31", "location_id": "1605049000", "address": {"location_id": "1605049000", "lat": 42.28116353, "lon": -71.05908473}, "arr_time": 1676293927, "arr_date_time": "2023-02-13T08:12:07-05:00", "end_time": 1676294227, "end_date_time": "2023-02-13T08:17:07-05:00", "waiting_time": 0, "distance": 2005, "driving_time": 1927, "preparation_time": 0, "load_before": [0], "load_after": [0]}, {"type": "service", "id": "1605049001_32", "location_id": "1605049001", "address": {"location_id": "1605049001", "lat": 42.28112377, "lon": -71.05936855}, "arr_time": 1676294305, "arr_date_time": "2023-02-13T08:18:25-05:00", "end_time": 1676294605, "end_date_time": "2023-02-13T08:23:25-05:00", "waiting_time": 0, "distance": 2087, "driving_time": 2005, "preparation_time": 0, "load_before": [0], "load_after": [0]}, {"type": "service", "id": "1605049002_33", "location_id": "1605049002", "address": {"location_id": "1605049002", "lat": 42.28108961, "lon": -71.05960425}, "arr_time": 1676294616, "arr_date_time": "2023-02-13T08:23:36-05:00", "end_time": 1676294916, "end_date_time": "2023-02-13T08:28:36-05:00", "waiting_time": 0, "distance": 2098, "driving_time": 2016, "preparation_time": 0, "load_before": [0], "load_after": [0]}, {"type": "service", "id": "1605044000_30", "location_id": "1605044000", "address": {"location_id": "1605044000", "lat": 42.28132719, "lon": -71.06028432}, "arr_time": 1676295011, "arr_date_time": "2023-02-13T08:30:11-05:00", "end_time": 1676295311, "end_date_time": "2023-02-13T08:35:11-05:00", "waiting_time": 0, "distance": 2197, "driving_time": 2111, "preparation_time": 0, "load_before": [0], "load_after": [0]}, {"type": "service", "id": "1604947000_01", "location_id": "1604947000", "address": {"location_id": "1604947000", "lat": 42.2811526, "lon": -71.06098115}, "arr_time": 1676295368, "arr_date_time": "2023-02-13T08:36:08-05:00", "end_time": 1676295668, "end_date_time": "2023-02-13T08:41:08-05:00", "waiting_time": 0, "distance": 2257, "driving_time": 2168, "preparation_time": 0, "load_before": [0], "load_after": [0]}]}], "unassigned": {"services": [], "shipments": [], "breaks": [], "details": []}}}