{"copyrights": ["GraphHopper", "OpenStreetMap contributors"], "job_id": "2244fa61-7cc3-4c18-b801-761ca73b1697", "status": "finished", "waiting_time_in_queue": 0, "processing_time": 234, "solution": {"costs": 388, "distance": 3437, "time": 3300, "transport_time": 3300, "completion_time": 23400, "max_operation_time": 23400, "waiting_time": 0, "service_duration": 20100, "preparation_time": 0, "no_vehicles": 1, "no_unassigned": 0, "routes": [{"vehicle_id": "my_vehicle", "shift_id": "default-shift", "distance": 3437, "transport_time": 3300, "completion_time": 23400, "waiting_time": 0, "service_duration": 20100, "preparation_time": 0, "activities": [{"type": "start", "location_id": "1800725000", "address": {"location_id": "1800725000", "lat": 42.27539166, "lon": -71.09066812}, "arr_time": 1676278800, "arr_date_time": "2023-02-13T04:00:00-05:00", "end_time": 1676278800, "end_date_time": "2023-02-13T04:00:00-05:00", "waiting_time": 0, "distance": 0, "driving_time": 0, "preparation_time": 0, "load_after": [0]}, {"type": "service", "id": "1800553000_38", "location_id": "1800553000", "address": {"location_id": "1800553000", "lat": 42.27531263, "lon": -71.08982806}, "arr_time": 1676278849, "arr_date_time": "2023-02-13T04:00:49-05:00", "end_time": 1676279149, "end_date_time": "2023-02-13T04:05:49-05:00", "waiting_time": 0, "distance": 52, "driving_time": 49, "preparation_time": 0, "load_before": [0], "load_after": [0]}, {"type": "service", "id": "1800552000_37", "location_id": "1800552000", "address": {"location_id": "1800552000", "lat": 42.27524323, "lon": -71.08967371}, "arr_time": 1676279164, "arr_date_time": "2023-02-13T04:06:04-05:00", "end_time": 1676279464, "end_date_time": "2023-02-13T04:11:04-05:00", "waiting_time": 0, "distance": 67, "driving_time": 64, "preparation_time": 0, "load_before": [0], "load_after": [0]}, {"type": "service", "id": "1800568000_46", "location_id": "1800568000", "address": {"location_id": "1800568000", "lat": 42.27489467, "lon": -71.08982821}, "arr_time": 1676279475, "arr_date_time": "2023-02-13T04:11:15-05:00", "end_time": 1676279775, "end_date_time": "2023-02-13T04:16:15-05:00", "waiting_time": 0, "distance": 78, "driving_time": 75, "preparation_time": 0, "load_before": [0], "load_after": [0]}, {"type": "service", "id": "1800550000_36", "location_id": "1800550000", "address": {"location_id": "1800550000", "lat": 42.27509551, "lon": -71.0893668}, "arr_time": 1676279793, "arr_date_time": "2023-02-13T04:16:33-05:00", "end_time": 1676280093, "end_date_time": "2023-02-13T04:21:33-05:00", "waiting_time": 0, "distance": 97, "driving_time": 93, "preparation_time": 0, "load_before": [0], "load_after": [0]}, {"type": "service", "id": "1800549002_35", "location_id": "1800549002", "address": {"location_id": "1800549002", "lat": 42.27500157, "lon": -71.08922331}, "arr_time": 1676280101, "arr_date_time": "2023-02-13T04:21:41-05:00", "end_time": 1676280401, "end_date_time": "2023-02-13T04:26:41-05:00", "waiting_time": 0, "distance": 106, "driving_time": 101, "preparation_time": 0, "load_before": [0], "load_after": [0]}, {"type": "service", "id": "1800547000_33", "location_id": "1800547000", "address": {"location_id": "1800547000", "lat": 42.2746162, "lon": -71.08918718}, "arr_time": 1676280423, "arr_date_time": "2023-02-13T04:27:03-05:00", "end_time": 1676280723, "end_date_time": "2023-02-13T04:32:03-05:00", "waiting_time": 0, "distance": 129, "driving_time": 123, "preparation_time": 0, "load_before": [0], "load_after": [0]}, {"type": "service", "id": "1800546000_32", "location_id": "1800546000", "address": {"location_id": "1800546000", "lat": 42.27451851, "lon": -71.08932814}, "arr_time": 1676280736, "arr_date_time": "2023-02-13T04:32:16-05:00", "end_time": 1676281036, "end_date_time": "2023-02-13T04:37:16-05:00", "waiting_time": 0, "distance": 143, "driving_time": 136, "preparation_time": 0, "load_before": [0], "load_after": [0]}, {"type": "service", "id": "1800571000_47", "location_id": "1800571000", "address": {"location_id": "1800571000", "lat": 42.2747026, "lon": -71.08971738}, "arr_time": 1676281036, "arr_date_time": "2023-02-13T04:37:16-05:00", "end_time": 1676281336, "end_date_time": "2023-02-13T04:42:16-05:00", "waiting_time": 0, "distance": 143, "driving_time": 136, "preparation_time": 0, "load_before": [0], "load_after": [0]}, {"type": "service", "id": "1800572000_48", "location_id": "1800572000", "address": {"location_id": "1800572000", "lat": 42.27456896, "lon": -71.089838}, "arr_time": 1676281353, "arr_date_time": "2023-02-13T04:42:33-05:00", "end_time": 1676281653, "end_date_time": "2023-02-13T04:47:33-05:00", "waiting_time": 0, "distance": 161, "driving_time": 153, "preparation_time": 0, "load_before": [0], "load_after": [0]}, {"type": "service", "id": "1800544000_31", "location_id": "1800544000", "address": {"location_id": "1800544000", "lat": 42.27426908, "lon": -71.08955483}, "arr_time": 1676281668, "arr_date_time": "2023-02-13T04:47:48-05:00", "end_time": 1676281968, "end_date_time": "2023-02-13T04:52:48-05:00", "waiting_time": 0, "distance": 176, "driving_time": 168, "preparation_time": 0, "load_before": [0], "load_after": [0]}, {"type": "service", "id": "1800543000_30", "location_id": "1800543000", "address": {"location_id": "1800543000", "lat": 42.27414906, "lon": -71.08966313}, "arr_time": 1676281984, "arr_date_time": "2023-02-13T04:53:04-05:00", "end_time": 1676282284, "end_date_time": "2023-02-13T04:58:04-05:00", "waiting_time": 0, "distance": 192, "driving_time": 184, "preparation_time": 0, "load_before": [0], "load_after": [0]}, {"type": "service", "id": "1800542000_29", "location_id": "1800542000", "address": {"location_id": "1800542000", "lat": 42.2740336, "lon": -71.08977255}, "arr_time": 1676282299, "arr_date_time": "2023-02-13T04:58:19-05:00", "end_time": 1676282599, "end_date_time": "2023-02-13T05:03:19-05:00", "waiting_time": 0, "distance": 207, "driving_time": 199, "preparation_time": 0, "load_before": [0], "load_after": [0]}, {"type": "service", "id": "1800541000_28", "location_id": "1800541000", "address": {"location_id": "1800541000", "lat": 42.27390677, "lon": -71.08988456}, "arr_time": 1676282615, "arr_date_time": "2023-02-13T05:03:35-05:00", "end_time": 1676282915, "end_date_time": "2023-02-13T05:08:35-05:00", "waiting_time": 0, "distance": 224, "driving_time": 215, "preparation_time": 0, "load_before": [0], "load_after": [0]}, {"type": "service", "id": "1800594000_54", "location_id": "1800594000", "address": {"location_id": "1800594000", "lat": 42.27405639, "lon": -71.09041146}, "arr_time": 1676282925, "arr_date_time": "2023-02-13T05:08:45-05:00", "end_time": 1676283225, "end_date_time": "2023-02-13T05:13:45-05:00", "waiting_time": 0, "distance": 235, "driving_time": 225, "preparation_time": 0, "load_before": [0], "load_after": [0]}, {"type": "service", "id": "1800540000_27", "location_id": "1800540000", "address": {"location_id": "1800540000", "lat": 42.27378505, "lon": -71.08999598}, "arr_time": 1676283231, "arr_date_time": "2023-02-13T05:13:51-05:00", "end_time": 1676283531, "end_date_time": "2023-02-13T05:18:51-05:00", "waiting_time": 0, "distance": 240, "driving_time": 231, "preparation_time": 0, "load_before": [0], "load_after": [0]}, {"type": "service", "id": "1800595000_55", "location_id": "1800595000", "address": {"location_id": "1800595000", "lat": 42.27386471, "lon": -71.09049657}, "arr_time": 1676283547, "arr_date_time": "2023-02-13T05:19:07-05:00", "end_time": 1676283847, "end_date_time": "2023-02-13T05:24:07-05:00", "waiting_time": 0, "distance": 256, "driving_time": 247, "preparation_time": 0, "load_before": [0], "load_after": [0]}, {"type": "service", "id": "1800531002_09", "location_id": "1800531002", "address": {"location_id": "1800531002", "lat": 42.27348369, "lon": -71.09082697}, "arr_time": 1676283891, "arr_date_time": "2023-02-13T05:24:51-05:00", "end_time": 1676284191, "end_date_time": "2023-02-13T05:29:51-05:00", "waiting_time": 0, "distance": 302, "driving_time": 291, "preparation_time": 0, "load_before": [0], "load_after": [0]}, {"type": "service", "id": "1800531003_10", "location_id": "1800531003", "address": {"location_id": "1800531003", "lat": 42.27338554, "lon": -71.09070012}, "arr_time": 1676284205, "arr_date_time": "2023-02-13T05:30:05-05:00", "end_time": 1676284505, "end_date_time": "2023-02-13T05:35:05-05:00", "waiting_time": 0, "distance": 318, "driving_time": 305, "preparation_time": 0, "load_before": [0], "load_after": [0]}, {"type": "service", "id": "1800538000_26", "location_id": "1800538000", "address": {"location_id": "1800538000", "lat": 42.273477, "lon": -71.0902252}, "arr_time": 1676284523, "arr_date_time": "2023-02-13T05:35:23-05:00", "end_time": 1676284823, "end_date_time": "2023-02-13T05:40:23-05:00", "waiting_time": 0, "distance": 337, "driving_time": 323, "preparation_time": 0, "load_before": [0], "load_after": [0]}, {"type": "service", "id": "1800531005_11", "location_id": "1800531005", "address": {"location_id": "1800531005", "lat": 42.27318104, "lon": -71.09044213}, "arr_time": 1676284835, "arr_date_time": "2023-02-13T05:40:35-05:00", "end_time": 1676285135, "end_date_time": "2023-02-13T05:45:35-05:00", "waiting_time": 0, "distance": 349, "driving_time": 335, "preparation_time": 0, "load_before": [0], "load_after": [0]}, {"type": "service", "id": "1800531006_12", "location_id": "1800531006", "address": {"location_id": "1800531006", "lat": 42.27308476, "lon": -71.090317}, "arr_time": 1676285149, "arr_date_time": "2023-02-13T05:45:49-05:00", "end_time": 1676285449, "end_date_time": "2023-02-13T05:50:49-05:00", "waiting_time": 0, "distance": 364, "driving_time": 349, "preparation_time": 0, "load_before": [0], "load_after": [0]}, {"type": "service", "id": "1800560017_42", "location_id": "1800560017", "address": {"location_id": "1800560017", "lat": 42.2739483, "lon": -71.08939912}, "arr_time": 1676285583, "arr_date_time": "2023-02-13T05:53:03-05:00", "end_time": 1676285883, "end_date_time": "2023-02-13T05:58:03-05:00", "waiting_time": 0, "distance": 503, "driving_time": 483, "preparation_time": 0, "load_before": [0], "load_after": [0]}, {"type": "service", "id": "1800560012_41", "location_id": "1800560012", "address": {"location_id": "1800560012", "lat": 42.27445473, "lon": -71.08893277}, "arr_time": 1676285997, "arr_date_time": "2023-02-13T05:59:57-05:00", "end_time": 1676286297, "end_date_time": "2023-02-13T06:04:57-05:00", "waiting_time": 0, "distance": 622, "driving_time": 597, "preparation_time": 0, "load_before": [0], "load_after": [0]}, {"type": "service", "id": "1800548000_34", "location_id": "1800548000", "address": {"location_id": "1800548000", "lat": 42.27475589, "lon": -71.08907318}, "arr_time": 1676286307, "arr_date_time": "2023-02-13T06:05:07-05:00", "end_time": 1676286607, "end_date_time": "2023-02-13T06:10:07-05:00", "waiting_time": 0, "distance": 632, "driving_time": 607, "preparation_time": 0, "load_before": [0], "load_after": [0]}, {"type": "service", "id": "1800560010_39", "location_id": "1800560010", "address": {"location_id": "1800560010", "lat": 42.27476846, "lon": -71.08873822}, "arr_time": 1676286612, "arr_date_time": "2023-02-13T06:10:12-05:00", "end_time": 1676286912, "end_date_time": "2023-02-13T06:15:12-05:00", "waiting_time": 0, "distance": 637, "driving_time": 612, "preparation_time": 0, "load_before": [0], "load_after": [0]}, {"type": "service", "id": "1800560011_40", "location_id": "1800560011", "address": {"location_id": "1800560011", "lat": 42.27455771, "lon": -71.08883826}, "arr_time": 1676286917, "arr_date_time": "2023-02-13T06:15:17-05:00", "end_time": 1676287217, "end_date_time": "2023-02-13T06:20:17-05:00", "waiting_time": 0, "distance": 643, "driving_time": 617, "preparation_time": 0, "load_before": [0], "load_after": [0]}, {"type": "service", "id": "1800560018_43", "location_id": "1800560018", "address": {"location_id": "1800560018", "lat": 42.27383899, "lon": -71.08949812}, "arr_time": 1676287345, "arr_date_time": "2023-02-13T06:22:25-05:00", "end_time": 1676287645, "end_date_time": "2023-02-13T06:27:25-05:00", "waiting_time": 0, "distance": 776, "driving_time": 745, "preparation_time": 0, "load_before": [0], "load_after": [0]}, {"type": "service", "id": "1800560020_44", "location_id": "1800560020", "address": {"location_id": "1800560020", "lat": 42.27364786, "lon": -71.08967716}, "arr_time": 1676287669, "arr_date_time": "2023-02-13T06:27:49-05:00", "end_time": 1676287969, "end_date_time": "2023-02-13T06:32:49-05:00", "waiting_time": 0, "distance": 801, "driving_time": 769, "preparation_time": 0, "load_before": [0], "load_after": [0]}, {"type": "service", "id": "1800592000_53", "location_id": "1800592000", "address": {"location_id": "1800592000", "lat": 42.27412577, "lon": -71.09026048}, "arr_time": 1676288175, "arr_date_time": "2023-02-13T06:36:15-05:00", "end_time": 1676288475, "end_date_time": "2023-02-13T06:41:15-05:00", "waiting_time": 0, "distance": 1015, "driving_time": 975, "preparation_time": 0, "load_before": [0], "load_after": [0]}, {"type": "service", "id": "1800591000_52", "location_id": "1800591000", "address": {"location_id": "1800591000", "lat": 42.27423543, "lon": -71.09014258}, "arr_time": 1676288521, "arr_date_time": "2023-02-13T06:42:01-05:00", "end_time": 1676288821, "end_date_time": "2023-02-13T06:47:01-05:00", "waiting_time": 0, "distance": 1063, "driving_time": 1021, "preparation_time": 0, "load_before": [0], "load_after": [0]}, {"type": "service", "id": "1800575000_49", "location_id": "1800575000", "address": {"location_id": "1800575000", "lat": 42.27462656, "lon": -71.09006718}, "arr_time": 1676288840, "arr_date_time": "2023-02-13T06:47:20-05:00", "end_time": 1676289140, "end_date_time": "2023-02-13T06:52:20-05:00", "waiting_time": 0, "distance": 1082, "driving_time": 1040, "preparation_time": 0, "load_before": [0], "load_after": [0]}, {"type": "service", "id": "1800577000_50", "location_id": "1800577000", "address": {"location_id": "1800577000", "lat": 42.27474512, "lon": -71.09038842}, "arr_time": 1676289168, "arr_date_time": "2023-02-13T06:52:48-05:00", "end_time": 1676289468, "end_date_time": "2023-02-13T06:57:48-05:00", "waiting_time": 0, "distance": 1111, "driving_time": 1068, "preparation_time": 0, "load_before": [0], "load_after": [0]}, {"type": "service", "id": "1800561000_45", "location_id": "1800561000", "address": {"location_id": "1800561000", "lat": 42.27487489, "lon": -71.09069087}, "arr_time": 1676289529, "arr_date_time": "2023-02-13T06:58:49-05:00", "end_time": 1676289829, "end_date_time": "2023-02-13T07:03:49-05:00", "waiting_time": 0, "distance": 1175, "driving_time": 1129, "preparation_time": 0, "load_before": [0], "load_after": [0]}, {"type": "service", "id": "1800727000_56", "location_id": "1800727000", "address": {"location_id": "1800727000", "lat": 42.27521903, "lon": -71.09084769}, "arr_time": 1676289851, "arr_date_time": "2023-02-13T07:04:11-05:00", "end_time": 1676290151, "end_date_time": "2023-02-13T07:09:11-05:00", "waiting_time": 0, "distance": 1197, "driving_time": 1151, "preparation_time": 0, "load_before": [0], "load_after": [0]}, {"type": "service", "id": "1800728000_57", "location_id": "1800728000", "address": {"location_id": "1800728000", "lat": 42.27513266, "lon": -71.09093403}, "arr_time": 1676290163, "arr_date_time": "2023-02-13T07:09:23-05:00", "end_time": 1676290463, "end_date_time": "2023-02-13T07:14:23-05:00", "waiting_time": 0, "distance": 1209, "driving_time": 1163, "preparation_time": 0, "load_before": [0], "load_after": [0]}, {"type": "service", "id": "1800586000_51", "location_id": "1800586000", "address": {"location_id": "1800586000", "lat": 42.27448813, "lon": -71.09095255}, "arr_time": 1676290520, "arr_date_time": "2023-02-13T07:15:20-05:00", "end_time": 1676290820, "end_date_time": "2023-02-13T07:20:20-05:00", "waiting_time": 0, "distance": 1269, "driving_time": 1220, "preparation_time": 0, "load_before": [0], "load_after": [0]}, {"type": "service", "id": "1800733000_58", "location_id": "1800733000", "address": {"location_id": "1800733000", "lat": 42.27442214, "lon": -71.09166568}, "arr_time": 1676290864, "arr_date_time": "2023-02-13T07:21:04-05:00", "end_time": 1676291164, "end_date_time": "2023-02-13T07:26:04-05:00", "waiting_time": 0, "distance": 1315, "driving_time": 1264, "preparation_time": 0, "load_before": [0], "load_after": [0]}, {"type": "service", "id": "1800734000_59", "location_id": "1800734000", "address": {"location_id": "1800734000", "lat": 42.27431632, "lon": -71.09180981}, "arr_time": 1676291183, "arr_date_time": "2023-02-13T07:26:23-05:00", "end_time": 1676291483, "end_date_time": "2023-02-13T07:31:23-05:00", "waiting_time": 0, "distance": 1335, "driving_time": 1283, "preparation_time": 0, "load_before": [0], "load_after": [0]}, {"type": "service", "id": "1800529000_08", "location_id": "1800529000", "address": {"location_id": "1800529000", "lat": 42.27394387, "lon": -71.09172136}, "arr_time": 1676291535, "arr_date_time": "2023-02-13T07:32:15-05:00", "end_time": 1676291835, "end_date_time": "2023-02-13T07:37:15-05:00", "waiting_time": 0, "distance": 1390, "driving_time": 1335, "preparation_time": 0, "load_before": [0], "load_after": [0]}, {"type": "service", "id": "1800981000_62", "location_id": "1800981000", "address": {"location_id": "1800981000", "lat": 42.27242317, "lon": -71.09229546}, "arr_time": 1676292133, "arr_date_time": "2023-02-13T07:42:13-05:00", "end_time": 1676292433, "end_date_time": "2023-02-13T07:47:13-05:00", "waiting_time": 0, "distance": 1701, "driving_time": 1633, "preparation_time": 0, "load_before": [0], "load_after": [0]}, {"type": "service", "id": "1800982000_63", "location_id": "1800982000", "address": {"location_id": "1800982000", "lat": 42.27232727, "lon": -71.09247484}, "arr_time": 1676292433, "arr_date_time": "2023-02-13T07:47:13-05:00", "end_time": 1676292733, "end_date_time": "2023-02-13T07:52:13-05:00", "waiting_time": 0, "distance": 1701, "driving_time": 1633, "preparation_time": 0, "load_before": [0], "load_after": [0]}, {"type": "service", "id": "1800984000_64", "location_id": "1800984000", "address": {"location_id": "1800984000", "lat": 42.27200846, "lon": -71.09255874}, "arr_time": 1676292988, "arr_date_time": "2023-02-13T07:56:28-05:00", "end_time": 1676293288, "end_date_time": "2023-02-13T08:01:28-05:00", "waiting_time": 0, "distance": 1967, "driving_time": 1888, "preparation_time": 0, "load_before": [0], "load_after": [0]}, {"type": "service", "id": "1800514000_02", "location_id": "1800514000", "address": {"location_id": "1800514000", "lat": 42.27220381, "lon": -71.09166372}, "arr_time": 1676293520, "arr_date_time": "2023-02-13T08:05:20-05:00", "end_time": 1676293820, "end_date_time": "2023-02-13T08:10:20-05:00", "waiting_time": 0, "distance": 2209, "driving_time": 2120, "preparation_time": 0, "load_before": [0], "load_after": [0]}, {"type": "service", "id": "1800980000_61", "location_id": "1800980000", "address": {"location_id": "1800980000", "lat": 42.27254967, "lon": -71.09226124}, "arr_time": 1676293849, "arr_date_time": "2023-02-13T08:10:49-05:00", "end_time": 1676294149, "end_date_time": "2023-02-13T08:15:49-05:00", "waiting_time": 0, "distance": 2240, "driving_time": 2149, "preparation_time": 0, "load_before": [0], "load_after": [0]}, {"type": "service", "id": "1800979000_60", "location_id": "1800979000", "address": {"location_id": "1800979000", "lat": 42.27263752, "lon": -71.09224368}, "arr_time": 1676294159, "arr_date_time": "2023-02-13T08:15:59-05:00", "end_time": 1676294459, "end_date_time": "2023-02-13T08:20:59-05:00", "waiting_time": 0, "distance": 2250, "driving_time": 2159, "preparation_time": 0, "load_before": [0], "load_after": [0]}, {"type": "service", "id": "1800515000_03", "location_id": "1800515000", "address": {"location_id": "1800515000", "lat": 42.27250851, "lon": -71.09172578}, "arr_time": 1676294492, "arr_date_time": "2023-02-13T08:21:32-05:00", "end_time": 1676294792, "end_date_time": "2023-02-13T08:26:32-05:00", "waiting_time": 0, "distance": 2285, "driving_time": 2192, "preparation_time": 0, "load_before": [0], "load_after": [0]}, {"type": "service", "id": "1800531012_17", "location_id": "1800531012", "address": {"location_id": "1800531012", "lat": 42.27240129, "lon": -71.09091076}, "arr_time": 1676294852, "arr_date_time": "2023-02-13T08:27:32-05:00", "end_time": 1676295152, "end_date_time": "2023-02-13T08:32:32-05:00", "waiting_time": 0, "distance": 2347, "driving_time": 2252, "preparation_time": 0, "load_before": [0], "load_after": [0]}, {"type": "service", "id": "1800536007_20", "location_id": "1800536007", "address": {"location_id": "1800536007", "lat": 42.27222566, "lon": -71.09030828}, "arr_time": 1676295205, "arr_date_time": "2023-02-13T08:33:25-05:00", "end_time": 1676295505, "end_date_time": "2023-02-13T08:38:25-05:00", "waiting_time": 0, "distance": 2403, "driving_time": 2305, "preparation_time": 0, "load_before": [0], "load_after": [0]}, {"type": "service", "id": "1800531011_16", "location_id": "1800531011", "address": {"location_id": "1800531011", "lat": 42.27245172, "lon": -71.09074647}, "arr_time": 1676295505, "arr_date_time": "2023-02-13T08:38:25-05:00", "end_time": 1676295805, "end_date_time": "2023-02-13T08:43:25-05:00", "waiting_time": 0, "distance": 2403, "driving_time": 2305, "preparation_time": 0, "load_before": [0], "load_after": [0]}, {"type": "service", "id": "1800536008_21", "location_id": "1800536008", "address": {"location_id": "1800536008", "lat": 42.27233567, "lon": -71.0902111}, "arr_time": 1676295820, "arr_date_time": "2023-02-13T08:43:40-05:00", "end_time": 1676296120, "end_date_time": "2023-02-13T08:48:40-05:00", "waiting_time": 0, "distance": 2418, "driving_time": 2320, "preparation_time": 0, "load_before": [0], "load_after": [0]}, {"type": "service", "id": "1800536009_22", "location_id": "1800536009", "address": {"location_id": "1800536009", "lat": 42.27244273, "lon": -71.09010544}, "arr_time": 1676296135, "arr_date_time": "2023-02-13T08:48:55-05:00", "end_time": 1676296435, "end_date_time": "2023-02-13T08:53:55-05:00", "waiting_time": 0, "distance": 2433, "driving_time": 2335, "preparation_time": 0, "load_before": [0], "load_after": [0]}, {"type": "service", "id": "1800531009_15", "location_id": "1800531009", "address": {"location_id": "1800531009", "lat": 42.27269315, "lon": -71.09052754}, "arr_time": 1676296437, "arr_date_time": "2023-02-13T08:53:57-05:00", "end_time": 1676296737, "end_date_time": "2023-02-13T08:58:57-05:00", "waiting_time": 0, "distance": 2436, "driving_time": 2337, "preparation_time": 0, "load_before": [0], "load_after": [0]}, {"type": "service", "id": "1800536010_23", "location_id": "1800536010", "address": {"location_id": "1800536010", "lat": 42.27256132, "lon": -71.08998714}, "arr_time": 1676296751, "arr_date_time": "2023-02-13T08:59:11-05:00", "end_time": 1676297051, "end_date_time": "2023-02-13T09:04:11-05:00", "waiting_time": 0, "distance": 2450, "driving_time": 2351, "preparation_time": 0, "load_before": [0], "load_after": [0]}, {"type": "service", "id": "1800531008_14", "location_id": "1800531008", "address": {"location_id": "1800531008", "lat": 42.27288245, "lon": -71.0904454}, "arr_time": 1676297057, "arr_date_time": "2023-02-13T09:04:17-05:00", "end_time": 1676297357, "end_date_time": "2023-02-13T09:09:17-05:00", "waiting_time": 0, "distance": 2458, "driving_time": 2357, "preparation_time": 0, "load_before": [0], "load_after": [0]}, {"type": "service", "id": "1800536011_24", "location_id": "1800536011", "address": {"location_id": "1800536011", "lat": 42.27265836, "lon": -71.08988036}, "arr_time": 1676297364, "arr_date_time": "2023-02-13T09:09:24-05:00", "end_time": 1676297664, "end_date_time": "2023-02-13T09:14:24-05:00", "waiting_time": 0, "distance": 2464, "driving_time": 2364, "preparation_time": 0, "load_before": [0], "load_after": [0]}, {"type": "service", "id": "1800531007_13", "location_id": "1800531007", "address": {"location_id": "1800531007", "lat": 42.27298529, "lon": -71.09018625}, "arr_time": 1676297679, "arr_date_time": "2023-02-13T09:14:39-05:00", "end_time": 1676297979, "end_date_time": "2023-02-13T09:19:39-05:00", "waiting_time": 0, "distance": 2479, "driving_time": 2379, "preparation_time": 0, "load_before": [0], "load_after": [0]}, {"type": "service", "id": "1800536012_25", "location_id": "1800536012", "address": {"location_id": "1800536012", "lat": 42.27278129, "lon": -71.0898022}, "arr_time": 1676298016, "arr_date_time": "2023-02-13T09:20:16-05:00", "end_time": 1676298316, "end_date_time": "2023-02-13T09:25:16-05:00", "waiting_time": 0, "distance": 2517, "driving_time": 2416, "preparation_time": 0, "load_before": [0], "load_after": [0]}, {"type": "service", "id": "1800536001_18", "location_id": "1800536001", "address": {"location_id": "1800536001", "lat": 42.27256321, "lon": -71.08962305}, "arr_time": 1676298352, "arr_date_time": "2023-02-13T09:25:52-05:00", "end_time": 1676298652, "end_date_time": "2023-02-13T09:30:52-05:00", "waiting_time": 0, "distance": 2554, "driving_time": 2452, "preparation_time": 0, "load_before": [0], "load_after": [0]}, {"type": "service", "id": "1800536002_19", "location_id": "1800536002", "address": {"location_id": "1800536002", "lat": 42.27229998, "lon": -71.08965659}, "arr_time": 1676298700, "arr_date_time": "2023-02-13T09:31:40-05:00", "end_time": 1676299000, "end_date_time": "2023-02-13T09:36:40-05:00", "waiting_time": 0, "distance": 2604, "driving_time": 2500, "preparation_time": 0, "load_before": [0], "load_after": [0]}, {"type": "service", "id": "1800522000_04", "location_id": "1800522000", "address": {"location_id": "1800522000", "lat": 42.27187712, "lon": -71.09052087}, "arr_time": 1676299081, "arr_date_time": "2023-02-13T09:38:01-05:00", "end_time": 1676299381, "end_date_time": "2023-02-13T09:43:01-05:00", "waiting_time": 0, "distance": 2688, "driving_time": 2581, "preparation_time": 0, "load_before": [0], "load_after": [0]}, {"type": "service", "id": "1800524000_05", "location_id": "1800524000", "address": {"location_id": "1800524000", "lat": 42.27166887, "lon": -71.09089013}, "arr_time": 1676299417, "arr_date_time": "2023-02-13T09:43:37-05:00", "end_time": 1676299717, "end_date_time": "2023-02-13T09:48:37-05:00", "waiting_time": 0, "distance": 2725, "driving_time": 2617, "preparation_time": 0, "load_before": [0], "load_after": [0]}, {"type": "service", "id": "1800525000_06", "location_id": "1800525000", "address": {"location_id": "1800525000", "lat": 42.27153669, "lon": -71.09113213}, "arr_time": 1676299740, "arr_date_time": "2023-02-13T09:49:00-05:00", "end_time": 1676300040, "end_date_time": "2023-02-13T09:54:00-05:00", "waiting_time": 0, "distance": 2749, "driving_time": 2640, "preparation_time": 0, "load_before": [0], "load_after": [0]}, {"type": "service", "id": "1800528000_07", "location_id": "1800528000", "address": {"location_id": "1800528000", "lat": 42.27110422, "lon": -71.09172688}, "arr_time": 1676300167, "arr_date_time": "2023-02-13T09:56:07-05:00", "end_time": 1676300467, "end_date_time": "2023-02-13T10:01:07-05:00", "waiting_time": 0, "distance": 2881, "driving_time": 2767, "preparation_time": 0, "load_before": [0], "load_after": [0]}, {"type": "service", "id": "1801037020_67", "location_id": "1801037020", "address": {"location_id": "1801037020", "lat": 42.27049582, "lon": -71.09146629}, "arr_time": 1676300521, "arr_date_time": "2023-02-13T10:02:01-05:00", "end_time": 1676300821, "end_date_time": "2023-02-13T10:07:01-05:00", "waiting_time": 0, "distance": 2938, "driving_time": 2821, "preparation_time": 0, "load_before": [0], "load_after": [0]}, {"type": "service", "id": "1801011001_65", "location_id": "1801011001", "address": {"location_id": "1801011001", "lat": 42.26959436, "lon": -71.09138994}, "arr_time": 1676301129, "arr_date_time": "2023-02-13T10:12:09-05:00", "end_time": 1676301429, "end_date_time": "2023-02-13T10:17:09-05:00", "waiting_time": 0, "distance": 3258, "driving_time": 3129, "preparation_time": 0, "load_before": [0], "load_after": [0]}, {"type": "service", "id": "1800010000_01", "location_id": "1800010000", "address": {"location_id": "1800010000", "lat": 42.26893059, "lon": -71.09124748}, "arr_time": 1676301507, "arr_date_time": "2023-02-13T10:18:27-05:00", "end_time": 1676301807, "end_date_time": "2023-02-13T10:23:27-05:00", "waiting_time": 0, "distance": 3339, "driving_time": 3207, "preparation_time": 0, "load_before": [0], "load_after": [0]}, {"type": "service", "id": "1801013001_66", "location_id": "1801013001", "address": {"location_id": "1801013001", "lat": 42.26894235, "lon": -71.09224373}, "arr_time": 1676301900, "arr_date_time": "2023-02-13T10:25:00-05:00", "end_time": 1676302200, "end_date_time": "2023-02-13T10:30:00-05:00", "waiting_time": 0, "distance": 3437, "driving_time": 3300, "preparation_time": 0, "load_before": [0], "load_after": [0]}]}], "unassigned": {"services": [], "shipments": [], "breaks": [], "details": []}}}