{"copyrights": ["GraphHopper", "OpenStreetMap contributors"], "job_id": "44b8864c-ebcd-4898-84e6-524f28412d9c", "status": "finished", "waiting_time_in_queue": 0, "processing_time": 190, "solution": {"costs": 341, "distance": 2628, "time": 2523, "transport_time": 2523, "completion_time": 17523, "max_operation_time": 17523, "waiting_time": 0, "service_duration": 15000, "preparation_time": 0, "no_vehicles": 1, "no_unassigned": 0, "routes": [{"vehicle_id": "my_vehicle", "shift_id": "default-shift", "distance": 2628, "transport_time": 2523, "completion_time": 17523, "waiting_time": 0, "service_duration": 15000, "preparation_time": 0, "activities": [{"type": "start", "location_id": "1703286000", "address": {"location_id": "1703286000", "lat": 42.27600813, "lon": -71.07119387}, "arr_time": 1676278800, "arr_date_time": "2023-02-13T04:00:00-05:00", "end_time": 1676278800, "end_date_time": "2023-02-13T04:00:00-05:00", "waiting_time": 0, "distance": 0, "driving_time": 0, "preparation_time": 0, "load_after": [0]}, {"type": "service", "id": "1703287000_05", "location_id": "1703287000", "address": {"location_id": "1703287000", "lat": 42.27596337, "lon": -71.0714169}, "arr_time": 1676278819, "arr_date_time": "2023-02-13T04:00:19-05:00", "end_time": 1676279119, "end_date_time": "2023-02-13T04:05:19-05:00", "waiting_time": 0, "distance": 19, "driving_time": 19, "preparation_time": 0, "load_before": [0], "load_after": [0]}, {"type": "service", "id": "1703332000_20", "location_id": "1703332000", "address": {"location_id": "1703332000", "lat": 42.27563358, "lon": -71.0713777}, "arr_time": 1676279125, "arr_date_time": "2023-02-13T04:05:25-05:00", "end_time": 1676279425, "end_date_time": "2023-02-13T04:10:25-05:00", "waiting_time": 0, "distance": 25, "driving_time": 25, "preparation_time": 0, "load_before": [0], "load_after": [0]}, {"type": "service", "id": "1703288000_06", "location_id": "1703288000", "address": {"location_id": "1703288000", "lat": 42.27591792, "lon": -71.07164352}, "arr_time": 1676279437, "arr_date_time": "2023-02-13T04:10:37-05:00", "end_time": 1676279737, "end_date_time": "2023-02-13T04:15:37-05:00", "waiting_time": 0, "distance": 38, "driving_time": 37, "preparation_time": 0, "load_before": [0], "load_after": [0]}, {"type": "service", "id": "1703331000_19", "location_id": "1703331000", "address": {"location_id": "1703331000", "lat": 42.27560231, "lon": -71.07161229}, "arr_time": 1676279744, "arr_date_time": "2023-02-13T04:15:44-05:00", "end_time": 1676280044, "end_date_time": "2023-02-13T04:20:44-05:00", "waiting_time": 0, "distance": 45, "driving_time": 44, "preparation_time": 0, "load_before": [0], "load_after": [0]}, {"type": "service", "id": "1703285000_04", "location_id": "1703285000", "address": {"location_id": "1703285000", "lat": 42.27605243, "lon": -71.07098127}, "arr_time": 1676280104, "arr_date_time": "2023-02-13T04:21:44-05:00", "end_time": 1676280404, "end_date_time": "2023-02-13T04:26:44-05:00", "waiting_time": 0, "distance": 108, "driving_time": 104, "preparation_time": 0, "load_before": [0], "load_after": [0]}, {"type": "service", "id": "1703284000_03", "location_id": "1703284000", "address": {"location_id": "1703284000", "lat": 42.27607587, "lon": -71.07074583}, "arr_time": 1676280417, "arr_date_time": "2023-02-13T04:26:57-05:00", "end_time": 1676280717, "end_date_time": "2023-02-13T04:31:57-05:00", "waiting_time": 0, "distance": 122, "driving_time": 117, "preparation_time": 0, "load_before": [0], "load_after": [0]}, {"type": "service", "id": "1703327000_18", "location_id": "1703327000", "address": {"location_id": "1703327000", "lat": 42.27574485, "lon": -71.07050548}, "arr_time": 1676280741, "arr_date_time": "2023-02-13T04:32:21-05:00", "end_time": 1676281041, "end_date_time": "2023-02-13T04:37:21-05:00", "waiting_time": 0, "distance": 146, "driving_time": 141, "preparation_time": 0, "load_before": [0], "load_after": [0]}, {"type": "service", "id": "1703334000_21", "location_id": "1703334000", "address": {"location_id": "1703334000", "lat": 42.27573502, "lon": -71.07089912}, "arr_time": 1676281048, "arr_date_time": "2023-02-13T04:37:28-05:00", "end_time": 1676281348, "end_date_time": "2023-02-13T04:42:28-05:00", "waiting_time": 0, "distance": 153, "driving_time": 148, "preparation_time": 0, "load_before": [0], "load_after": [0]}, {"type": "service", "id": "1703326000_17", "location_id": "1703326000", "address": {"location_id": "1703326000", "lat": 42.27556993, "lon": -71.07052969}, "arr_time": 1676281360, "arr_date_time": "2023-02-13T04:42:40-05:00", "end_time": 1676281660, "end_date_time": "2023-02-13T04:47:40-05:00", "waiting_time": 0, "distance": 165, "driving_time": 160, "preparation_time": 0, "load_before": [0], "load_after": [0]}, {"type": "service", "id": "1703335000_22", "location_id": "1703335000", "address": {"location_id": "1703335000", "lat": 42.27550658, "lon": -71.07096449}, "arr_time": 1676281675, "arr_date_time": "2023-02-13T04:47:55-05:00", "end_time": 1676281975, "end_date_time": "2023-02-13T04:52:55-05:00", "waiting_time": 0, "distance": 180, "driving_time": 175, "preparation_time": 0, "load_before": [0], "load_after": [0]}, {"type": "service", "id": "1703324000_16", "location_id": "1703324000", "address": {"location_id": "1703324000", "lat": 42.27518653, "lon": -71.07063285}, "arr_time": 1676282000, "arr_date_time": "2023-02-13T04:53:20-05:00", "end_time": 1676282300, "end_date_time": "2023-02-13T04:58:20-05:00", "waiting_time": 0, "distance": 207, "driving_time": 200, "preparation_time": 0, "load_before": [0], "load_after": [0]}, {"type": "service", "id": "1703323000_15", "location_id": "1703323000", "address": {"location_id": "1703323000", "lat": 42.2750099, "lon": -71.07084839}, "arr_time": 1676282307, "arr_date_time": "2023-02-13T04:58:27-05:00", "end_time": 1676282607, "end_date_time": "2023-02-13T05:03:27-05:00", "waiting_time": 0, "distance": 213, "driving_time": 207, "preparation_time": 0, "load_before": [0], "load_after": [0]}, {"type": "service", "id": "1703322000_14", "location_id": "1703322000", "address": {"location_id": "1703322000", "lat": 42.27506093, "lon": -71.07114}, "arr_time": 1676282624, "arr_date_time": "2023-02-13T05:03:44-05:00", "end_time": 1676282924, "end_date_time": "2023-02-13T05:08:44-05:00", "waiting_time": 0, "distance": 231, "driving_time": 224, "preparation_time": 0, "load_before": [0], "load_after": [0]}, {"type": "service", "id": "1703338000_23", "location_id": "1703338000", "address": {"location_id": "1703338000", "lat": 42.2754193, "lon": -71.07146069}, "arr_time": 1676282953, "arr_date_time": "2023-02-13T05:09:13-05:00", "end_time": 1676283253, "end_date_time": "2023-02-13T05:14:13-05:00", "waiting_time": 0, "distance": 262, "driving_time": 253, "preparation_time": 0, "load_before": [0], "load_after": [0]}, {"type": "service", "id": "1703320000_13", "location_id": "1703320000", "address": {"location_id": "1703320000", "lat": 42.27513622, "lon": -71.07167073}, "arr_time": 1676283267, "arr_date_time": "2023-02-13T05:14:27-05:00", "end_time": 1676283567, "end_date_time": "2023-02-13T05:19:27-05:00", "waiting_time": 0, "distance": 275, "driving_time": 267, "preparation_time": 0, "load_before": [0], "load_after": [0]}, {"type": "service", "id": "1703339000_24", "location_id": "1703339000", "address": {"location_id": "1703339000", "lat": 42.27542487, "lon": -71.07167519}, "arr_time": 1676283571, "arr_date_time": "2023-02-13T05:19:31-05:00", "end_time": 1676283871, "end_date_time": "2023-02-13T05:24:31-05:00", "waiting_time": 0, "distance": 279, "driving_time": 271, "preparation_time": 0, "load_before": [0], "load_after": [0]}, {"type": "service", "id": "1703319000_12", "location_id": "1703319000", "address": {"location_id": "1703319000", "lat": 42.27516116, "lon": -71.07196832}, "arr_time": 1676283891, "arr_date_time": "2023-02-13T05:24:51-05:00", "end_time": 1676284191, "end_date_time": "2023-02-13T05:29:51-05:00", "waiting_time": 0, "distance": 299, "driving_time": 291, "preparation_time": 0, "load_before": [0], "load_after": [0]}, {"type": "service", "id": "1703316010_11", "location_id": "1703316010", "address": {"location_id": "1703316010", "lat": 42.27485646, "lon": -71.07145399}, "arr_time": 1676284296, "arr_date_time": "2023-02-13T05:31:36-05:00", "end_time": 1676284596, "end_date_time": "2023-02-13T05:36:36-05:00", "waiting_time": 0, "distance": 408, "driving_time": 396, "preparation_time": 0, "load_before": [0], "load_after": [0]}, {"type": "service", "id": "1703346000_27", "location_id": "1703346000", "address": {"location_id": "1703346000", "lat": 42.27437931, "lon": -71.07168322}, "arr_time": 1676284701, "arr_date_time": "2023-02-13T05:38:21-05:00", "end_time": 1676285001, "end_date_time": "2023-02-13T05:43:21-05:00", "waiting_time": 0, "distance": 517, "driving_time": 501, "preparation_time": 0, "load_before": [0], "load_after": [0]}, {"type": "service", "id": "1703344000_26", "location_id": "1703344000", "address": {"location_id": "1703344000", "lat": 42.27411589, "lon": -71.07171762}, "arr_time": 1676285028, "arr_date_time": "2023-02-13T05:43:48-05:00", "end_time": 1676285328, "end_date_time": "2023-02-13T05:48:48-05:00", "waiting_time": 0, "distance": 545, "driving_time": 528, "preparation_time": 0, "load_before": [0], "load_after": [0]}, {"type": "service", "id": "1703743000_33", "location_id": "1703743000", "address": {"location_id": "1703743000", "lat": 42.27375127, "lon": -71.07156651}, "arr_time": 1676285369, "arr_date_time": "2023-02-13T05:49:29-05:00", "end_time": 1676285669, "end_date_time": "2023-02-13T05:54:29-05:00", "waiting_time": 0, "distance": 587, "driving_time": 569, "preparation_time": 0, "load_before": [0], "load_after": [0]}, {"type": "service", "id": "1703741000_32", "location_id": "1703741000", "address": {"location_id": "1703741000", "lat": 42.27337895, "lon": -71.07134302}, "arr_time": 1676285712, "arr_date_time": "2023-02-13T05:55:12-05:00", "end_time": 1676286012, "end_date_time": "2023-02-13T06:00:12-05:00", "waiting_time": 0, "distance": 632, "driving_time": 612, "preparation_time": 0, "load_before": [0], "load_after": [0]}, {"type": "service", "id": "1703740000_31", "location_id": "1703740000", "address": {"location_id": "1703740000", "lat": 42.27323489, "lon": -71.07134726}, "arr_time": 1676286027, "arr_date_time": "2023-02-13T06:00:27-05:00", "end_time": 1676286327, "end_date_time": "2023-02-13T06:05:27-05:00", "waiting_time": 0, "distance": 648, "driving_time": 627, "preparation_time": 0, "load_before": [0], "load_after": [0]}, {"type": "service", "id": "1703342000_25", "location_id": "1703342000", "address": {"location_id": "1703342000", "lat": 42.27414606, "lon": -71.07107144}, "arr_time": 1676286472, "arr_date_time": "2023-02-13T06:07:52-05:00", "end_time": 1676286772, "end_date_time": "2023-02-13T06:12:52-05:00", "waiting_time": 0, "distance": 800, "driving_time": 772, "preparation_time": 0, "load_before": [0], "load_after": [0]}, {"type": "service", "id": "1703312001_09", "location_id": "1703312001", "address": {"location_id": "1703312001", "lat": 42.27425381, "lon": -71.07047901}, "arr_time": 1676286809, "arr_date_time": "2023-02-13T06:13:29-05:00", "end_time": 1676287109, "end_date_time": "2023-02-13T06:18:29-05:00", "waiting_time": 0, "distance": 839, "driving_time": 809, "preparation_time": 0, "load_before": [0], "load_after": [0]}, {"type": "service", "id": "1703313000_10", "location_id": "1703313000", "address": {"location_id": "1703313000", "lat": 42.27434499, "lon": -71.07067035}, "arr_time": 1676287127, "arr_date_time": "2023-02-13T06:18:47-05:00", "end_time": 1676287427, "end_date_time": "2023-02-13T06:23:47-05:00", "waiting_time": 0, "distance": 858, "driving_time": 827, "preparation_time": 0, "load_before": [0], "load_after": [0]}, {"type": "service", "id": "1703748001_34", "location_id": "1703748001", "address": {"location_id": "1703748001", "lat": 42.2737239, "lon": -71.07042802}, "arr_time": 1676287487, "arr_date_time": "2023-02-13T06:24:47-05:00", "end_time": 1676287787, "end_date_time": "2023-02-13T06:29:47-05:00", "waiting_time": 0, "distance": 920, "driving_time": 887, "preparation_time": 0, "load_before": [0], "load_after": [0]}, {"type": "service", "id": "1703754000_36", "location_id": "1703754000", "address": {"location_id": "1703754000", "lat": 42.27312423, "lon": -71.07015289}, "arr_time": 1676287879, "arr_date_time": "2023-02-13T06:31:19-05:00", "end_time": 1676288179, "end_date_time": "2023-02-13T06:36:19-05:00", "waiting_time": 0, "distance": 1016, "driving_time": 979, "preparation_time": 0, "load_before": [0], "load_after": [0]}, {"type": "service", "id": "1703753000_35", "location_id": "1703753000", "address": {"location_id": "1703753000", "lat": 42.27297525, "lon": -71.07048168}, "arr_time": 1676288208, "arr_date_time": "2023-02-13T06:36:48-05:00", "end_time": 1676288508, "end_date_time": "2023-02-13T06:41:48-05:00", "waiting_time": 0, "distance": 1047, "driving_time": 1008, "preparation_time": 0, "load_before": [0], "load_after": [0]}, {"type": "service", "id": "1703737000_30", "location_id": "1703737000", "address": {"location_id": "1703737000", "lat": 42.27299983, "lon": -71.07106699}, "arr_time": 1676288516, "arr_date_time": "2023-02-13T06:41:56-05:00", "end_time": 1676288816, "end_date_time": "2023-02-13T06:46:56-05:00", "waiting_time": 0, "distance": 1056, "driving_time": 1016, "preparation_time": 0, "load_before": [0], "load_after": [0]}, {"type": "service", "id": "1704120000_42", "location_id": "1704120000", "address": {"location_id": "1704120000", "lat": 42.27463374, "lon": -71.06956221}, "arr_time": 1676289032, "arr_date_time": "2023-02-13T06:50:32-05:00", "end_time": 1676289332, "end_date_time": "2023-02-13T06:55:32-05:00", "waiting_time": 0, "distance": 1281, "driving_time": 1232, "preparation_time": 0, "load_before": [0], "load_after": [0]}, {"type": "service", "id": "1703302000_08", "location_id": "1703302000", "address": {"location_id": "1703302000", "lat": 42.27539257, "lon": -71.0701273}, "arr_time": 1676289441, "arr_date_time": "2023-02-13T06:57:21-05:00", "end_time": 1676289741, "end_date_time": "2023-02-13T07:02:21-05:00", "waiting_time": 0, "distance": 1395, "driving_time": 1341, "preparation_time": 0, "load_before": [0], "load_after": [0]}, {"type": "service", "id": "1703280000_02", "location_id": "1703280000", "address": {"location_id": "1703280000", "lat": 42.27595966, "lon": -71.07004304}, "arr_time": 1676289848, "arr_date_time": "2023-02-13T07:04:08-05:00", "end_time": 1676290148, "end_date_time": "2023-02-13T07:09:08-05:00", "waiting_time": 0, "distance": 1507, "driving_time": 1448, "preparation_time": 0, "load_before": [0], "load_after": [0]}, {"type": "service", "id": "1703279000_01", "location_id": "1703279000", "address": {"location_id": "1703279000", "lat": 42.27592676, "lon": -71.06979569}, "arr_time": 1676290168, "arr_date_time": "2023-02-13T07:09:28-05:00", "end_time": 1676290468, "end_date_time": "2023-02-13T07:14:28-05:00", "waiting_time": 0, "distance": 1528, "driving_time": 1468, "preparation_time": 0, "load_before": [0], "load_after": [0]}, {"type": "service", "id": "1703300000_07", "location_id": "1703300000", "address": {"location_id": "1703300000", "lat": 42.27564623, "lon": -71.06985276}, "arr_time": 1676290469, "arr_date_time": "2023-02-13T07:14:29-05:00", "end_time": 1676290769, "end_date_time": "2023-02-13T07:19:29-05:00", "waiting_time": 0, "distance": 1529, "driving_time": 1469, "preparation_time": 0, "load_before": [0], "load_after": [0]}, {"type": "service", "id": "1704126000_43", "location_id": "1704126000", "address": {"location_id": "1704126000", "lat": 42.27561535, "lon": -71.06936855}, "arr_time": 1676290804, "arr_date_time": "2023-02-13T07:20:04-05:00", "end_time": 1676291104, "end_date_time": "2023-02-13T07:25:04-05:00", "waiting_time": 0, "distance": 1566, "driving_time": 1504, "preparation_time": 0, "load_before": [0], "load_after": [0]}, {"type": "service", "id": "1704114000_41", "location_id": "1704114000", "address": {"location_id": "1704114000", "lat": 42.27584795, "lon": -71.06898189}, "arr_time": 1676291136, "arr_date_time": "2023-02-13T07:25:36-05:00", "end_time": 1676291436, "end_date_time": "2023-02-13T07:30:36-05:00", "waiting_time": 0, "distance": 1600, "driving_time": 1536, "preparation_time": 0, "load_before": [0], "load_after": [0]}, {"type": "service", "id": "1704112000_40", "location_id": "1704112000", "address": {"location_id": "1704112000", "lat": 42.27586804, "lon": -71.0686236}, "arr_time": 1676291463, "arr_date_time": "2023-02-13T07:31:03-05:00", "end_time": 1676291763, "end_date_time": "2023-02-13T07:36:03-05:00", "waiting_time": 0, "distance": 1628, "driving_time": 1563, "preparation_time": 0, "load_before": [0], "load_after": [0]}, {"type": "service", "id": "1704106001_39", "location_id": "1704106001", "address": {"location_id": "1704106001", "lat": 42.27572538, "lon": -71.06762773}, "arr_time": 1676291841, "arr_date_time": "2023-02-13T07:37:21-05:00", "end_time": 1676292141, "end_date_time": "2023-02-13T07:42:21-05:00", "waiting_time": 0, "distance": 1710, "driving_time": 1641, "preparation_time": 0, "load_before": [0], "load_after": [0]}, {"type": "service", "id": "1704226000_50", "location_id": "1704226000", "address": {"location_id": "1704226000", "lat": 42.27536756, "lon": -71.06841491}, "arr_time": 1676292249, "arr_date_time": "2023-02-13T07:44:09-05:00", "end_time": 1676292549, "end_date_time": "2023-02-13T07:49:09-05:00", "waiting_time": 0, "distance": 1823, "driving_time": 1749, "preparation_time": 0, "load_before": [0], "load_after": [0]}, {"type": "service", "id": "1704131000_44", "location_id": "1704131000", "address": {"location_id": "1704131000", "lat": 42.27529987, "lon": -71.06900903}, "arr_time": 1676292567, "arr_date_time": "2023-02-13T07:49:27-05:00", "end_time": 1676292867, "end_date_time": "2023-02-13T07:54:27-05:00", "waiting_time": 0, "distance": 1841, "driving_time": 1767, "preparation_time": 0, "load_before": [0], "load_after": [0]}, {"type": "service", "id": "1704132000_45", "location_id": "1704132000", "address": {"location_id": "1704132000", "lat": 42.27519094, "lon": -71.06904096}, "arr_time": 1676292879, "arr_date_time": "2023-02-13T07:54:39-05:00", "end_time": 1676293179, "end_date_time": "2023-02-13T07:59:39-05:00", "waiting_time": 0, "distance": 1853, "driving_time": 1779, "preparation_time": 0, "load_before": [0], "load_after": [0]}, {"type": "service", "id": "1704133000_46", "location_id": "1704133000", "address": {"location_id": "1704133000", "lat": 42.27489443, "lon": -71.06912789}, "arr_time": 1676293211, "arr_date_time": "2023-02-13T08:00:11-05:00", "end_time": 1676293511, "end_date_time": "2023-02-13T08:05:11-05:00", "waiting_time": 0, "distance": 1887, "driving_time": 1811, "preparation_time": 0, "load_before": [0], "load_after": [0]}, {"type": "service", "id": "1704134001_47", "location_id": "1704134001", "address": {"location_id": "1704134001", "lat": 42.27454017, "lon": -71.06917015}, "arr_time": 1676293548, "arr_date_time": "2023-02-13T08:05:48-05:00", "end_time": 1676293848, "end_date_time": "2023-02-13T08:10:48-05:00", "waiting_time": 0, "distance": 1925, "driving_time": 1848, "preparation_time": 0, "load_before": [0], "load_after": [0]}, {"type": "service", "id": "1704134002_48", "location_id": "1704134002", "address": {"location_id": "1704134002", "lat": 42.27451785, "lon": -71.06926447}, "arr_time": 1676293852, "arr_date_time": "2023-02-13T08:10:52-05:00", "end_time": 1676294152, "end_date_time": "2023-02-13T08:15:52-05:00", "waiting_time": 0, "distance": 1929, "driving_time": 1852, "preparation_time": 0, "load_before": [0], "load_after": [0]}, {"type": "service", "id": "1704134003_49", "location_id": "1704134003", "address": {"location_id": "1704134003", "lat": 42.27442421, "lon": -71.06920396}, "arr_time": 1676294161, "arr_date_time": "2023-02-13T08:16:01-05:00", "end_time": 1676294461, "end_date_time": "2023-02-13T08:21:01-05:00", "waiting_time": 0, "distance": 1938, "driving_time": 1861, "preparation_time": 0, "load_before": [0], "load_after": [0]}, {"type": "service", "id": "1704074000_38", "location_id": "1704074000", "address": {"location_id": "1704074000", "lat": 42.27361063, "lon": -71.0688444}, "arr_time": 1676294559, "arr_date_time": "2023-02-13T08:22:39-05:00", "end_time": 1676294859, "end_date_time": "2023-02-13T08:27:39-05:00", "waiting_time": 0, "distance": 2040, "driving_time": 1959, "preparation_time": 0, "load_before": [0], "load_after": [0]}, {"type": "service", "id": "1704066001_37", "location_id": "1704066001", "address": {"location_id": "1704066001", "lat": 42.27260838, "lon": -71.06838489}, "arr_time": 1676295096, "arr_date_time": "2023-02-13T08:31:36-05:00", "end_time": 1676295396, "end_date_time": "2023-02-13T08:36:36-05:00", "waiting_time": 0, "distance": 2288, "driving_time": 2196, "preparation_time": 0, "load_before": [0], "load_after": [0]}, {"type": "service", "id": "1703729000_28", "location_id": "1703729000", "address": {"location_id": "1703729000", "lat": 42.27227607, "lon": -71.07036235}, "arr_time": 1676295613, "arr_date_time": "2023-02-13T08:40:13-05:00", "end_time": 1676295913, "end_date_time": "2023-02-13T08:45:13-05:00", "waiting_time": 0, "distance": 2514, "driving_time": 2413, "preparation_time": 0, "load_before": [0], "load_after": [0]}, {"type": "service", "id": "1703732000_29", "location_id": "1703732000", "address": {"location_id": "1703732000", "lat": 42.27272132, "lon": -71.07075796}, "arr_time": 1676296023, "arr_date_time": "2023-02-13T08:47:03-05:00", "end_time": 1676296323, "end_date_time": "2023-02-13T08:52:03-05:00", "waiting_time": 0, "distance": 2628, "driving_time": 2523, "preparation_time": 0, "load_before": [0], "load_after": [0]}]}], "unassigned": {"services": [], "shipments": [], "breaks": [], "details": []}}}