{"copyrights": ["GraphHopper", "OpenStreetMap contributors"], "job_id": "c1cf703a-f837-430c-93dc-816adc7e0a71", "status": "finished", "waiting_time_in_queue": 0, "processing_time": 150, "solution": {"costs": 340, "distance": 2561, "time": 2460, "transport_time": 2460, "completion_time": 17460, "max_operation_time": 17460, "waiting_time": 0, "service_duration": 15000, "preparation_time": 0, "no_vehicles": 1, "no_unassigned": 0, "routes": [{"vehicle_id": "my_vehicle", "shift_id": "default-shift", "distance": 2561, "transport_time": 2460, "completion_time": 17460, "waiting_time": 0, "service_duration": 15000, "preparation_time": 0, "activities": [{"type": "start", "location_id": "1803254000", "address": {"location_id": "1803254000", "lat": 42.28058398, "lon": -71.09791052}, "arr_time": 1676278800, "arr_date_time": "2023-02-13T04:00:00-05:00", "end_time": 1676278800, "end_date_time": "2023-02-13T04:00:00-05:00", "waiting_time": 0, "distance": 0, "driving_time": 0, "preparation_time": 0, "load_after": [0]}, {"type": "service", "id": "1803253000_47", "location_id": "1803253000", "address": {"location_id": "1803253000", "lat": 42.28037754, "lon": -71.0979034}, "arr_time": 1676278821, "arr_date_time": "2023-02-13T04:00:21-05:00", "end_time": 1676279121, "end_date_time": "2023-02-13T04:05:21-05:00", "waiting_time": 0, "distance": 23, "driving_time": 21, "preparation_time": 0, "load_before": [0], "load_after": [0]}, {"type": "service", "id": "1803237000_36", "location_id": "1803237000", "address": {"location_id": "1803237000", "lat": 42.27981141, "lon": -71.09806716}, "arr_time": 1676279184, "arr_date_time": "2023-02-13T04:06:24-05:00", "end_time": 1676279484, "end_date_time": "2023-02-13T04:11:24-05:00", "waiting_time": 0, "distance": 88, "driving_time": 84, "preparation_time": 0, "load_before": [0], "load_after": [0]}, {"type": "service", "id": "1803236000_35", "location_id": "1803236000", "address": {"location_id": "1803236000", "lat": 42.27970853, "lon": -71.09805393}, "arr_time": 1676279495, "arr_date_time": "2023-02-13T04:11:35-05:00", "end_time": 1676279795, "end_date_time": "2023-02-13T04:16:35-05:00", "waiting_time": 0, "distance": 99, "driving_time": 95, "preparation_time": 0, "load_before": [0], "load_after": [0]}, {"type": "service", "id": "1803229000_32", "location_id": "1803229000", "address": {"location_id": "1803229000", "lat": 42.27897936, "lon": -71.09810487}, "arr_time": 1676279876, "arr_date_time": "2023-02-13T04:17:56-05:00", "end_time": 1676280176, "end_date_time": "2023-02-13T04:22:56-05:00", "waiting_time": 0, "distance": 184, "driving_time": 176, "preparation_time": 0, "load_before": [0], "load_after": [0]}, {"type": "service", "id": "1803231000_33", "location_id": "1803231000", "address": {"location_id": "1803231000", "lat": 42.27914334, "lon": -71.09807163}, "arr_time": 1676280193, "arr_date_time": "2023-02-13T04:23:13-05:00", "end_time": 1676280493, "end_date_time": "2023-02-13T04:28:13-05:00", "waiting_time": 0, "distance": 202, "driving_time": 193, "preparation_time": 0, "load_before": [0], "load_after": [0]}, {"type": "service", "id": "1803232000_34", "location_id": "1803232000", "address": {"location_id": "1803232000", "lat": 42.27933916, "lon": -71.09802794}, "arr_time": 1676280516, "arr_date_time": "2023-02-13T04:28:36-05:00", "end_time": 1676280816, "end_date_time": "2023-02-13T04:33:36-05:00", "waiting_time": 0, "distance": 226, "driving_time": 216, "preparation_time": 0, "load_before": [0], "load_after": [0]}, {"type": "service", "id": "1803252000_46", "location_id": "1803252000", "address": {"location_id": "1803252000", "lat": 42.28023291, "lon": -71.09783225}, "arr_time": 1676280931, "arr_date_time": "2023-02-13T04:35:31-05:00", "end_time": 1676281231, "end_date_time": "2023-02-13T04:40:31-05:00", "waiting_time": 0, "distance": 346, "driving_time": 331, "preparation_time": 0, "load_before": [0], "load_after": [0]}, {"type": "service", "id": "1803251000_45", "location_id": "1803251000", "address": {"location_id": "1803251000", "lat": 42.28014361, "lon": -71.0977566}, "arr_time": 1676281241, "arr_date_time": "2023-02-13T04:40:41-05:00", "end_time": 1676281541, "end_date_time": "2023-02-13T04:45:41-05:00", "waiting_time": 0, "distance": 358, "driving_time": 341, "preparation_time": 0, "load_before": [0], "load_after": [0]}, {"type": "service", "id": "1803237001_37", "location_id": "1803237001", "address": {"location_id": "1803237001", "lat": 42.27995254, "lon": -71.0980738}, "arr_time": 1676281545, "arr_date_time": "2023-02-13T04:45:45-05:00", "end_time": 1676281845, "end_date_time": "2023-02-13T04:50:45-05:00", "waiting_time": 0, "distance": 362, "driving_time": 345, "preparation_time": 0, "load_before": [0], "load_after": [0]}, {"type": "service", "id": "1803248000_44", "location_id": "1803248000", "address": {"location_id": "1803248000", "lat": 42.27987101, "lon": -71.09751763}, "arr_time": 1676281876, "arr_date_time": "2023-02-13T04:51:16-05:00", "end_time": 1676282176, "end_date_time": "2023-02-13T04:56:16-05:00", "waiting_time": 0, "distance": 394, "driving_time": 376, "preparation_time": 0, "load_before": [0], "load_after": [0]}, {"type": "service", "id": "1803239000_38", "location_id": "1803239000", "address": {"location_id": "1803239000", "lat": 42.27956044, "lon": -71.09779207}, "arr_time": 1676282192, "arr_date_time": "2023-02-13T04:56:32-05:00", "end_time": 1676282492, "end_date_time": "2023-02-13T05:01:32-05:00", "waiting_time": 0, "distance": 411, "driving_time": 392, "preparation_time": 0, "load_before": [0], "load_after": [0]}, {"type": "service", "id": "1803246000_43", "location_id": "1803246000", "address": {"location_id": "1803246000", "lat": 42.27959465, "lon": -71.09727694}, "arr_time": 1676282511, "arr_date_time": "2023-02-13T05:01:51-05:00", "end_time": 1676282811, "end_date_time": "2023-02-13T05:06:51-05:00", "waiting_time": 0, "distance": 431, "driving_time": 411, "preparation_time": 0, "load_before": [0], "load_after": [0]}, {"type": "service", "id": "1803241000_39", "location_id": "1803241000", "address": {"location_id": "1803241000", "lat": 42.2793595, "lon": -71.0976555}, "arr_time": 1676282816, "arr_date_time": "2023-02-13T05:06:56-05:00", "end_time": 1676283116, "end_date_time": "2023-02-13T05:11:56-05:00", "waiting_time": 0, "distance": 436, "driving_time": 416, "preparation_time": 0, "load_before": [0], "load_after": [0]}, {"type": "service", "id": "1803245002_42", "location_id": "1803245002", "address": {"location_id": "1803245002", "lat": 42.27949941, "lon": -71.0971952}, "arr_time": 1676283123, "arr_date_time": "2023-02-13T05:12:03-05:00", "end_time": 1676283423, "end_date_time": "2023-02-13T05:17:03-05:00", "waiting_time": 0, "distance": 443, "driving_time": 423, "preparation_time": 0, "load_before": [0], "load_after": [0]}, {"type": "service", "id": "1803245001_41", "location_id": "1803245001", "address": {"location_id": "1803245001", "lat": 42.2793959, "lon": -71.09713974}, "arr_time": 1676283435, "arr_date_time": "2023-02-13T05:17:15-05:00", "end_time": 1676283735, "end_date_time": "2023-02-13T05:22:15-05:00", "waiting_time": 0, "distance": 455, "driving_time": 435, "preparation_time": 0, "load_before": [0], "load_after": [0]}, {"type": "service", "id": "1803225000_31", "location_id": "1803225000", "address": {"location_id": "1803225000", "lat": 42.27916169, "lon": -71.09760953}, "arr_time": 1676283772, "arr_date_time": "2023-02-13T05:22:52-05:00", "end_time": 1676284072, "end_date_time": "2023-02-13T05:27:52-05:00", "waiting_time": 0, "distance": 494, "driving_time": 472, "preparation_time": 0, "load_before": [0], "load_after": [0]}, {"type": "service", "id": "1803203000_20", "location_id": "1803203000", "address": {"location_id": "1803203000", "lat": 42.27887979, "lon": -71.09735921}, "arr_time": 1676284079, "arr_date_time": "2023-02-13T05:27:59-05:00", "end_time": 1676284379, "end_date_time": "2023-02-13T05:32:59-05:00", "waiting_time": 0, "distance": 500, "driving_time": 479, "preparation_time": 0, "load_before": [0], "load_after": [0]}, {"type": "service", "id": "1803222000_30", "location_id": "1803222000", "address": {"location_id": "1803222000", "lat": 42.27868152, "lon": -71.09758445}, "arr_time": 1676284407, "arr_date_time": "2023-02-13T05:33:27-05:00", "end_time": 1676284707, "end_date_time": "2023-02-13T05:38:27-05:00", "waiting_time": 0, "distance": 529, "driving_time": 507, "preparation_time": 0, "load_before": [0], "load_after": [0]}, {"type": "service", "id": "1803220000_29", "location_id": "1803220000", "address": {"location_id": "1803220000", "lat": 42.27853598, "lon": -71.09778559}, "arr_time": 1676284729, "arr_date_time": "2023-02-13T05:38:49-05:00", "end_time": 1676285029, "end_date_time": "2023-02-13T05:43:49-05:00", "waiting_time": 0, "distance": 552, "driving_time": 529, "preparation_time": 0, "load_before": [0], "load_after": [0]}, {"type": "service", "id": "1803218000_28", "location_id": "1803218000", "address": {"location_id": "1803218000", "lat": 42.27842811, "lon": -71.09804973}, "arr_time": 1676285045, "arr_date_time": "2023-02-13T05:44:05-05:00", "end_time": 1676285345, "end_date_time": "2023-02-13T05:49:05-05:00", "waiting_time": 0, "distance": 569, "driving_time": 545, "preparation_time": 0, "load_before": [0], "load_after": [0]}, {"type": "service", "id": "1803216001_27", "location_id": "1803216001", "address": {"location_id": "1803216001", "lat": 42.27809452, "lon": -71.09801293}, "arr_time": 1676285411, "arr_date_time": "2023-02-13T05:50:11-05:00", "end_time": 1676285711, "end_date_time": "2023-02-13T05:55:11-05:00", "waiting_time": 0, "distance": 637, "driving_time": 611, "preparation_time": 0, "load_before": [0], "load_after": [0]}, {"type": "service", "id": "1803087000_09", "location_id": "1803087000", "address": {"location_id": "1803087000", "lat": 42.27722179, "lon": -71.09766188}, "arr_time": 1676285861, "arr_date_time": "2023-02-13T05:57:41-05:00", "end_time": 1676286161, "end_date_time": "2023-02-13T06:02:41-05:00", "waiting_time": 0, "distance": 793, "driving_time": 761, "preparation_time": 0, "load_before": [0], "load_after": [0]}, {"type": "service", "id": "1803090000_10", "location_id": "1803090000", "address": {"location_id": "1803090000", "lat": 42.27760774, "lon": -71.09783486}, "arr_time": 1676286279, "arr_date_time": "2023-02-13T06:04:39-05:00", "end_time": 1676286579, "end_date_time": "2023-02-13T06:09:39-05:00", "waiting_time": 0, "distance": 915, "driving_time": 879, "preparation_time": 0, "load_before": [0], "load_after": [0]}, {"type": "service", "id": "1803216000_26", "location_id": "1803216000", "address": {"location_id": "1803216000", "lat": 42.27789685, "lon": -71.09798777}, "arr_time": 1676286591, "arr_date_time": "2023-02-13T06:09:51-05:00", "end_time": 1676286891, "end_date_time": "2023-02-13T06:14:51-05:00", "waiting_time": 0, "distance": 928, "driving_time": 891, "preparation_time": 0, "load_before": [0], "load_after": [0]}, {"type": "service", "id": "1803092000_11", "location_id": "1803092000", "address": {"location_id": "1803092000", "lat": 42.27777473, "lon": -71.09751458}, "arr_time": 1676286909, "arr_date_time": "2023-02-13T06:15:09-05:00", "end_time": 1676287209, "end_date_time": "2023-02-13T06:20:09-05:00", "waiting_time": 0, "distance": 947, "driving_time": 909, "preparation_time": 0, "load_before": [0], "load_after": [0]}, {"type": "service", "id": "1803214000_25", "location_id": "1803214000", "address": {"location_id": "1803214000", "lat": 42.27805096, "lon": -71.09780933}, "arr_time": 1676287212, "arr_date_time": "2023-02-13T06:20:12-05:00", "end_time": 1676287512, "end_date_time": "2023-02-13T06:25:12-05:00", "waiting_time": 0, "distance": 950, "driving_time": 912, "preparation_time": 0, "load_before": [0], "load_after": [0]}, {"type": "service", "id": "1803095000_12", "location_id": "1803095000", "address": {"location_id": "1803095000", "lat": 42.27791164, "lon": -71.09731246}, "arr_time": 1676287531, "arr_date_time": "2023-02-13T06:25:31-05:00", "end_time": 1676287831, "end_date_time": "2023-02-13T06:30:31-05:00", "waiting_time": 0, "distance": 969, "driving_time": 931, "preparation_time": 0, "load_before": [0], "load_after": [0]}, {"type": "service", "id": "1803096000_13", "location_id": "1803096000", "address": {"location_id": "1803096000", "lat": 42.27803206, "lon": -71.09716464}, "arr_time": 1676287848, "arr_date_time": "2023-02-13T06:30:48-05:00", "end_time": 1676288148, "end_date_time": "2023-02-13T06:35:48-05:00", "waiting_time": 0, "distance": 987, "driving_time": 948, "preparation_time": 0, "load_before": [0], "load_after": [0]}, {"type": "service", "id": "1803211000_24", "location_id": "1803211000", "address": {"location_id": "1803211000", "lat": 42.27836447, "lon": -71.09749071}, "arr_time": 1676288153, "arr_date_time": "2023-02-13T06:35:53-05:00", "end_time": 1676288453, "end_date_time": "2023-02-13T06:40:53-05:00", "waiting_time": 0, "distance": 993, "driving_time": 953, "preparation_time": 0, "load_before": [0], "load_after": [0]}, {"type": "service", "id": "1803097000_14", "location_id": "1803097000", "address": {"location_id": "1803097000", "lat": 42.2781344, "lon": -71.09698814}, "arr_time": 1676288465, "arr_date_time": "2023-02-13T06:41:05-05:00", "end_time": 1676288765, "end_date_time": "2023-02-13T06:46:05-05:00", "waiting_time": 0, "distance": 1005, "driving_time": 965, "preparation_time": 0, "load_before": [0], "load_after": [0]}, {"type": "service", "id": "1803207000_23", "location_id": "1803207000", "address": {"location_id": "1803207000", "lat": 42.27862116, "lon": -71.09707966}, "arr_time": 1676288797, "arr_date_time": "2023-02-13T06:46:37-05:00", "end_time": 1676289097, "end_date_time": "2023-02-13T06:51:37-05:00", "waiting_time": 0, "distance": 1038, "driving_time": 997, "preparation_time": 0, "load_before": [0], "load_after": [0]}, {"type": "service", "id": "1803188000_17", "location_id": "1803188000", "address": {"location_id": "1803188000", "lat": 42.27858392, "lon": -71.09623689}, "arr_time": 1676289155, "arr_date_time": "2023-02-13T06:52:35-05:00", "end_time": 1676289455, "end_date_time": "2023-02-13T06:57:35-05:00", "waiting_time": 0, "distance": 1097, "driving_time": 1055, "preparation_time": 0, "load_before": [0], "load_after": [0]}, {"type": "service", "id": "1803187000_16", "location_id": "1803187000", "address": {"location_id": "1803187000", "lat": 42.27840836, "lon": -71.09611079}, "arr_time": 1676289476, "arr_date_time": "2023-02-13T06:57:56-05:00", "end_time": 1676289776, "end_date_time": "2023-02-13T07:02:56-05:00", "waiting_time": 0, "distance": 1119, "driving_time": 1076, "preparation_time": 0, "load_before": [0], "load_after": [0]}, {"type": "service", "id": "1803190000_18", "location_id": "1803190000", "address": {"location_id": "1803190000", "lat": 42.2788032, "lon": -71.0963987}, "arr_time": 1676289823, "arr_date_time": "2023-02-13T07:03:43-05:00", "end_time": 1676290123, "end_date_time": "2023-02-13T07:08:43-05:00", "waiting_time": 0, "distance": 1168, "driving_time": 1123, "preparation_time": 0, "load_before": [0], "load_after": [0]}, {"type": "service", "id": "1803191000_19", "location_id": "1803191000", "address": {"location_id": "1803191000", "lat": 42.27887641, "lon": -71.09653462}, "arr_time": 1676290137, "arr_date_time": "2023-02-13T07:08:57-05:00", "end_time": 1676290437, "end_date_time": "2023-02-13T07:13:57-05:00", "waiting_time": 0, "distance": 1183, "driving_time": 1137, "preparation_time": 0, "load_before": [0], "load_after": [0]}, {"type": "service", "id": "1803205000_22", "location_id": "1803205000", "address": {"location_id": "1803205000", "lat": 42.27879357, "lon": -71.09715685}, "arr_time": 1676290463, "arr_date_time": "2023-02-13T07:14:23-05:00", "end_time": 1676290763, "end_date_time": "2023-02-13T07:19:23-05:00", "waiting_time": 0, "distance": 1209, "driving_time": 1163, "preparation_time": 0, "load_before": [0], "load_after": [0]}, {"type": "service", "id": "1803204000_21", "location_id": "1803204000", "address": {"location_id": "1803204000", "lat": 42.27897245, "lon": -71.09722925}, "arr_time": 1676290780, "arr_date_time": "2023-02-13T07:19:40-05:00", "end_time": 1676291080, "end_date_time": "2023-02-13T07:24:40-05:00", "waiting_time": 0, "distance": 1227, "driving_time": 1180, "preparation_time": 0, "load_before": [0], "load_after": [0]}, {"type": "service", "id": "1803243000_40", "location_id": "1803243000", "address": {"location_id": "1803243000", "lat": 42.27934189, "lon": -71.09679619}, "arr_time": 1676291125, "arr_date_time": "2023-02-13T07:25:25-05:00", "end_time": 1676291425, "end_date_time": "2023-02-13T07:30:25-05:00", "waiting_time": 0, "distance": 1274, "driving_time": 1225, "preparation_time": 0, "load_before": [0], "load_after": [0]}, {"type": "service", "id": "1803268000_50", "location_id": "1803268000", "address": {"location_id": "1803268000", "lat": 42.27951334, "lon": -71.09666254}, "arr_time": 1676291519, "arr_date_time": "2023-02-13T07:31:59-05:00", "end_time": 1676291819, "end_date_time": "2023-02-13T07:36:59-05:00", "waiting_time": 0, "distance": 1371, "driving_time": 1319, "preparation_time": 0, "load_before": [0], "load_after": [0]}, {"type": "service", "id": "1803266000_49", "location_id": "1803266000", "address": {"location_id": "1803266000", "lat": 42.27977814, "lon": -71.09697127}, "arr_time": 1676291840, "arr_date_time": "2023-02-13T07:37:20-05:00", "end_time": 1676292140, "end_date_time": "2023-02-13T07:42:20-05:00", "waiting_time": 0, "distance": 1393, "driving_time": 1340, "preparation_time": 0, "load_before": [0], "load_after": [0]}, {"type": "service", "id": "1803262000_48", "location_id": "1803262000", "address": {"location_id": "1803262000", "lat": 42.28013706, "lon": -71.09730962}, "arr_time": 1676292253, "arr_date_time": "2023-02-13T07:44:13-05:00", "end_time": 1676292553, "end_date_time": "2023-02-13T07:49:13-05:00", "waiting_time": 0, "distance": 1511, "driving_time": 1453, "preparation_time": 0, "load_before": [0], "load_after": [0]}, {"type": "service", "id": "1405127000_07", "location_id": "1405127000", "address": {"location_id": "1405127000", "lat": 42.27964211, "lon": -71.09604848}, "arr_time": 1676292655, "arr_date_time": "2023-02-13T07:50:55-05:00", "end_time": 1676292955, "end_date_time": "2023-02-13T07:55:55-05:00", "waiting_time": 0, "distance": 1617, "driving_time": 1555, "preparation_time": 0, "load_before": [0], "load_after": [0]}, {"type": "service", "id": "1405121000_06", "location_id": "1405121000", "address": {"location_id": "1405121000", "lat": 42.27901782, "lon": -71.09545045}, "arr_time": 1676293036, "arr_date_time": "2023-02-13T07:57:16-05:00", "end_time": 1676293336, "end_date_time": "2023-02-13T08:02:16-05:00", "waiting_time": 0, "distance": 1702, "driving_time": 1636, "preparation_time": 0, "load_before": [0], "load_after": [0]}, {"type": "service", "id": "1803184000_15", "location_id": "1803184000", "address": {"location_id": "1803184000", "lat": 42.27863685, "lon": -71.0956797}, "arr_time": 1676293388, "arr_date_time": "2023-02-13T08:03:08-05:00", "end_time": 1676293688, "end_date_time": "2023-02-13T08:08:08-05:00", "waiting_time": 0, "distance": 1756, "driving_time": 1688, "preparation_time": 0, "load_before": [0], "load_after": [0]}, {"type": "service", "id": "1405119000_05", "location_id": "1405119000", "address": {"location_id": "1405119000", "lat": 42.27910957, "lon": -71.09521921}, "arr_time": 1676293749, "arr_date_time": "2023-02-13T08:09:09-05:00", "end_time": 1676294049, "end_date_time": "2023-02-13T08:14:09-05:00", "waiting_time": 0, "distance": 1820, "driving_time": 1749, "preparation_time": 0, "load_before": [0], "load_after": [0]}, {"type": "service", "id": "1405118000_04", "location_id": "1405118000", "address": {"location_id": "1405118000", "lat": 42.27919993, "lon": -71.09507862}, "arr_time": 1676294064, "arr_date_time": "2023-02-13T08:14:24-05:00", "end_time": 1676294364, "end_date_time": "2023-02-13T08:19:24-05:00", "waiting_time": 0, "distance": 1835, "driving_time": 1764, "preparation_time": 0, "load_before": [0], "load_after": [0]}, {"type": "service", "id": "1405095001_02", "location_id": "1405095001", "address": {"location_id": "1405095001", "lat": 42.27969851, "lon": -71.09470811}, "arr_time": 1676294437, "arr_date_time": "2023-02-13T08:20:37-05:00", "end_time": 1676294737, "end_date_time": "2023-02-13T08:25:37-05:00", "waiting_time": 0, "distance": 1912, "driving_time": 1837, "preparation_time": 0, "load_before": [0], "load_after": [0]}, {"type": "service", "id": "1405098000_03", "location_id": "1405098000", "address": {"location_id": "1405098000", "lat": 42.28002074, "lon": -71.09520328}, "arr_time": 1676294789, "arr_date_time": "2023-02-13T08:26:29-05:00", "end_time": 1676295089, "end_date_time": "2023-02-13T08:31:29-05:00", "waiting_time": 0, "distance": 1966, "driving_time": 1889, "preparation_time": 0, "load_before": [0], "load_after": [0]}, {"type": "service", "id": "1405168000_08", "location_id": "1405168000", "address": {"location_id": "1405168000", "lat": 42.27991579, "lon": -71.09584122}, "arr_time": 1676295113, "arr_date_time": "2023-02-13T08:31:53-05:00", "end_time": 1676295413, "end_date_time": "2023-02-13T08:36:53-05:00", "waiting_time": 0, "distance": 1991, "driving_time": 1913, "preparation_time": 0, "load_before": [0], "load_after": [0]}, {"type": "service", "id": "1405072000_01", "location_id": "1405072000", "address": {"location_id": "1405072000", "lat": 42.28047171, "lon": -71.09520096}, "arr_time": 1676295960, "arr_date_time": "2023-02-13T08:46:00-05:00", "end_time": 1676296260, "end_date_time": "2023-02-13T08:51:00-05:00", "waiting_time": 0, "distance": 2561, "driving_time": 2460, "preparation_time": 0, "load_before": [0], "load_after": [0]}]}], "unassigned": {"services": [], "shipments": [], "breaks": [], "details": []}}}