{"copyrights": ["GraphHopper", "OpenStreetMap contributors"], "job_id": "157d64b6-88b3-4cd4-99f0-177f4ff2cb00", "status": "finished", "waiting_time_in_queue": 0, "processing_time": 169, "solution": {"costs": 351, "distance": 2958, "time": 2840, "transport_time": 2840, "completion_time": 18740, "max_operation_time": 18740, "waiting_time": 0, "service_duration": 15900, "preparation_time": 0, "no_vehicles": 1, "no_unassigned": 0, "routes": [{"vehicle_id": "my_vehicle", "shift_id": "default-shift", "distance": 2958, "transport_time": 2840, "completion_time": 18740, "waiting_time": 0, "service_duration": 15900, "preparation_time": 0, "activities": [{"type": "start", "location_id": "1300485000", "address": {"location_id": "1300485000", "lat": 42.3170224, "lon": -71.07640055}, "arr_time": 1676278800, "arr_date_time": "2023-02-13T04:00:00-05:00", "end_time": 1676278800, "end_date_time": "2023-02-13T04:00:00-05:00", "waiting_time": 0, "distance": 0, "driving_time": 0, "preparation_time": 0, "load_after": [0]}, {"type": "service", "id": "1300688005_24", "location_id": "1300688005", "address": {"location_id": "1300688005", "lat": 42.31656084, "lon": -71.07712899}, "arr_time": 1676278865, "arr_date_time": "2023-02-13T04:01:05-05:00", "end_time": 1676279165, "end_date_time": "2023-02-13T04:06:05-05:00", "waiting_time": 0, "distance": 68, "driving_time": 65, "preparation_time": 0, "load_before": [0], "load_after": [0]}, {"type": "service", "id": "1300687005_23", "location_id": "1300687005", "address": {"location_id": "1300687005", "lat": 42.31658316, "lon": -71.07727754}, "arr_time": 1676279177, "arr_date_time": "2023-02-13T04:06:17-05:00", "end_time": 1676279477, "end_date_time": "2023-02-13T04:11:17-05:00", "waiting_time": 0, "distance": 80, "driving_time": 77, "preparation_time": 0, "load_before": [0], "load_after": [0]}, {"type": "service", "id": "1300685005_22", "location_id": "1300685005", "address": {"location_id": "1300685005", "lat": 42.31659342, "lon": -71.07761802}, "arr_time": 1676279504, "arr_date_time": "2023-02-13T04:11:44-05:00", "end_time": 1676279804, "end_date_time": "2023-02-13T04:16:44-05:00", "waiting_time": 0, "distance": 107, "driving_time": 104, "preparation_time": 0, "load_before": [0], "load_after": [0]}, {"type": "service", "id": "1300672010_21", "location_id": "1300672010", "address": {"location_id": "1300672010", "lat": 42.3162114, "lon": -71.07726586}, "arr_time": 1676279979, "arr_date_time": "2023-02-13T04:19:39-05:00", "end_time": 1676280279, "end_date_time": "2023-02-13T04:24:39-05:00", "waiting_time": 0, "distance": 289, "driving_time": 279, "preparation_time": 0, "load_before": [0], "load_after": [0]}, {"type": "service", "id": "1300701000_25", "location_id": "1300701000", "address": {"location_id": "1300701000", "lat": 42.31576177, "lon": -71.0779492}, "arr_time": 1676280397, "arr_date_time": "2023-02-13T04:26:37-05:00", "end_time": 1676280697, "end_date_time": "2023-02-13T04:31:37-05:00", "waiting_time": 0, "distance": 413, "driving_time": 397, "preparation_time": 0, "load_before": [0], "load_after": [0]}, {"type": "service", "id": "1300703000_26", "location_id": "1300703000", "address": {"location_id": "1300703000", "lat": 42.31528631, "lon": -71.07791866}, "arr_time": 1676280785, "arr_date_time": "2023-02-13T04:33:05-05:00", "end_time": 1676281085, "end_date_time": "2023-02-13T04:38:05-05:00", "waiting_time": 0, "distance": 504, "driving_time": 485, "preparation_time": 0, "load_before": [0], "load_after": [0]}, {"type": "service", "id": "1300705010_28", "location_id": "1300705010", "address": {"location_id": "1300705010", "lat": 42.31515763, "lon": -71.07773929}, "arr_time": 1676281095, "arr_date_time": "2023-02-13T04:38:15-05:00", "end_time": 1676281395, "end_date_time": "2023-02-13T04:43:15-05:00", "waiting_time": 0, "distance": 514, "driving_time": 495, "preparation_time": 0, "load_before": [0], "load_after": [0]}, {"type": "service", "id": "1300704010_27", "location_id": "1300704010", "address": {"location_id": "1300704010", "lat": 42.31493511, "lon": -71.07781655}, "arr_time": 1676281408, "arr_date_time": "2023-02-13T04:43:28-05:00", "end_time": 1676281708, "end_date_time": "2023-02-13T04:48:28-05:00", "waiting_time": 0, "distance": 527, "driving_time": 508, "preparation_time": 0, "load_before": [0], "load_after": [0]}, {"type": "service", "id": "1300821000_34", "location_id": "1300821000", "address": {"location_id": "1300821000", "lat": 42.31539986, "lon": -71.0767451}, "arr_time": 1676281816, "arr_date_time": "2023-02-13T04:50:16-05:00", "end_time": 1676282116, "end_date_time": "2023-02-13T04:55:16-05:00", "waiting_time": 0, "distance": 640, "driving_time": 616, "preparation_time": 0, "load_before": [0], "load_after": [0]}, {"type": "service", "id": "1300707010_29", "location_id": "1300707010", "address": {"location_id": "1300707010", "lat": 42.31515763, "lon": -71.07749158}, "arr_time": 1676282157, "arr_date_time": "2023-02-13T04:55:57-05:00", "end_time": 1676282457, "end_date_time": "2023-02-13T05:00:57-05:00", "waiting_time": 0, "distance": 683, "driving_time": 657, "preparation_time": 0, "load_before": [0], "load_after": [0]}, {"type": "service", "id": "1300816000_33", "location_id": "1300816000", "address": {"location_id": "1300816000", "lat": 42.31472559, "lon": -71.07687084}, "arr_time": 1676282488, "arr_date_time": "2023-02-13T05:01:28-05:00", "end_time": 1676282788, "end_date_time": "2023-02-13T05:06:28-05:00", "waiting_time": 0, "distance": 715, "driving_time": 688, "preparation_time": 0, "load_before": [0], "load_after": [0]}, {"type": "service", "id": "1300711010_30", "location_id": "1300711010", "address": {"location_id": "1300711010", "lat": 42.31482653, "lon": -71.07758277}, "arr_time": 1676282844, "arr_date_time": "2023-02-13T05:07:24-05:00", "end_time": 1676283144, "end_date_time": "2023-02-13T05:12:24-05:00", "waiting_time": 0, "distance": 774, "driving_time": 744, "preparation_time": 0, "load_before": [0], "load_after": [0]}, {"type": "service", "id": "1300871000_37", "location_id": "1300871000", "address": {"location_id": "1300871000", "lat": 42.3139642, "lon": -71.0771168}, "arr_time": 1676283272, "arr_date_time": "2023-02-13T05:14:32-05:00", "end_time": 1676283572, "end_date_time": "2023-02-13T05:19:32-05:00", "waiting_time": 0, "distance": 907, "driving_time": 872, "preparation_time": 0, "load_before": [0], "load_after": [0]}, {"type": "service", "id": "1300875000_38", "location_id": "1300875000", "address": {"location_id": "1300875000", "lat": 42.31415785, "lon": -71.077041}, "arr_time": 1676283703, "arr_date_time": "2023-02-13T05:21:43-05:00", "end_time": 1676284003, "end_date_time": "2023-02-13T05:26:43-05:00", "waiting_time": 0, "distance": 1043, "driving_time": 1003, "preparation_time": 0, "load_before": [0], "load_after": [0]}, {"type": "service", "id": "1300881000_39", "location_id": "1300881000", "address": {"location_id": "1300881000", "lat": 42.31402807, "lon": -71.07655478}, "arr_time": 1676284045, "arr_date_time": "2023-02-13T05:27:25-05:00", "end_time": 1676284345, "end_date_time": "2023-02-13T05:32:25-05:00", "waiting_time": 0, "distance": 1088, "driving_time": 1045, "preparation_time": 0, "load_before": [0], "load_after": [0]}, {"type": "service", "id": "1300882000_40", "location_id": "1300882000", "address": {"location_id": "1300882000", "lat": 42.3139918, "lon": -71.07644603}, "arr_time": 1676284356, "arr_date_time": "2023-02-13T05:32:36-05:00", "end_time": 1676284656, "end_date_time": "2023-02-13T05:37:36-05:00", "waiting_time": 0, "distance": 1099, "driving_time": 1056, "preparation_time": 0, "load_before": [0], "load_after": [0]}, {"type": "service", "id": "1300883000_41", "location_id": "1300883000", "address": {"location_id": "1300883000", "lat": 42.31395793, "lon": -71.07633875}, "arr_time": 1676284665, "arr_date_time": "2023-02-13T05:37:45-05:00", "end_time": 1676284965, "end_date_time": "2023-02-13T05:42:45-05:00", "waiting_time": 0, "distance": 1109, "driving_time": 1065, "preparation_time": 0, "load_before": [0], "load_after": [0]}, {"type": "service", "id": "1300884000_42", "location_id": "1300884000", "address": {"location_id": "1300884000", "lat": 42.3139206, "lon": -71.07622974}, "arr_time": 1676284975, "arr_date_time": "2023-02-13T05:42:55-05:00", "end_time": 1676285275, "end_date_time": "2023-02-13T05:47:55-05:00", "waiting_time": 0, "distance": 1119, "driving_time": 1075, "preparation_time": 0, "load_before": [0], "load_after": [0]}, {"type": "service", "id": "1300885000_43", "location_id": "1300885000", "address": {"location_id": "1300885000", "lat": 42.31388489, "lon": -71.07612209}, "arr_time": 1676285284, "arr_date_time": "2023-02-13T05:48:04-05:00", "end_time": 1676285584, "end_date_time": "2023-02-13T05:53:04-05:00", "waiting_time": 0, "distance": 1129, "driving_time": 1084, "preparation_time": 0, "load_before": [0], "load_after": [0]}, {"type": "service", "id": "1300886000_44", "location_id": "1300886000", "address": {"location_id": "1300886000", "lat": 42.31384923, "lon": -71.07601734}, "arr_time": 1676285593, "arr_date_time": "2023-02-13T05:53:13-05:00", "end_time": 1676285893, "end_date_time": "2023-02-13T05:58:13-05:00", "waiting_time": 0, "distance": 1138, "driving_time": 1093, "preparation_time": 0, "load_before": [0], "load_after": [0]}, {"type": "service", "id": "1300887000_45", "location_id": "1300887000", "address": {"location_id": "1300887000", "lat": 42.31382877, "lon": -71.07585402}, "arr_time": 1676285905, "arr_date_time": "2023-02-13T05:58:25-05:00", "end_time": 1676286205, "end_date_time": "2023-02-13T06:03:25-05:00", "waiting_time": 0, "distance": 1151, "driving_time": 1105, "preparation_time": 0, "load_before": [0], "load_after": [0]}, {"type": "service", "id": "1300896005_49", "location_id": "1300896005", "address": {"location_id": "1300896005", "lat": 42.31389833, "lon": -71.07502384}, "arr_time": 1676286253, "arr_date_time": "2023-02-13T06:04:13-05:00", "end_time": 1676286553, "end_date_time": "2023-02-13T06:09:13-05:00", "waiting_time": 0, "distance": 1201, "driving_time": 1153, "preparation_time": 0, "load_before": [0], "load_after": [0]}, {"type": "service", "id": "1300895000_48", "location_id": "1300895000", "address": {"location_id": "1300895000", "lat": 42.31389568, "lon": -71.07489593}, "arr_time": 1676286605, "arr_date_time": "2023-02-13T06:10:05-05:00", "end_time": 1676286905, "end_date_time": "2023-02-13T06:15:05-05:00", "waiting_time": 0, "distance": 1256, "driving_time": 1205, "preparation_time": 0, "load_before": [0], "load_after": [0]}, {"type": "service", "id": "1300912000_52", "location_id": "1300912000", "address": {"location_id": "1300912000", "lat": 42.31352676, "lon": -71.07476163}, "arr_time": 1676286916, "arr_date_time": "2023-02-13T06:15:16-05:00", "end_time": 1676287216, "end_date_time": "2023-02-13T06:20:16-05:00", "waiting_time": 0, "distance": 1267, "driving_time": 1216, "preparation_time": 0, "load_before": [0], "load_after": [0]}, {"type": "service", "id": "1300890010_47", "location_id": "1300890010", "address": {"location_id": "1300890010", "lat": 42.3138753, "lon": -71.07406204}, "arr_time": 1676287271, "arr_date_time": "2023-02-13T06:21:11-05:00", "end_time": 1676287571, "end_date_time": "2023-02-13T06:26:11-05:00", "waiting_time": 0, "distance": 1324, "driving_time": 1271, "preparation_time": 0, "load_before": [0], "load_after": [0]}, {"type": "service", "id": "1300889010_46", "location_id": "1300889010", "address": {"location_id": "1300889010", "lat": 42.31387542, "lon": -71.07382136}, "arr_time": 1676287589, "arr_date_time": "2023-02-13T06:26:29-05:00", "end_time": 1676287889, "end_date_time": "2023-02-13T06:31:29-05:00", "waiting_time": 0, "distance": 1344, "driving_time": 1289, "preparation_time": 0, "load_before": [0], "load_after": [0]}, {"type": "service", "id": "1300920000_53", "location_id": "1300920000", "address": {"location_id": "1300920000", "lat": 42.31348111, "lon": -71.07347977}, "arr_time": 1676287917, "arr_date_time": "2023-02-13T06:31:57-05:00", "end_time": 1676288217, "end_date_time": "2023-02-13T06:36:57-05:00", "waiting_time": 0, "distance": 1373, "driving_time": 1317, "preparation_time": 0, "load_before": [0], "load_after": [0]}, {"type": "service", "id": "1300908010_51", "location_id": "1300908010", "address": {"location_id": "1300908010", "lat": 42.31411662, "lon": -71.07377663}, "arr_time": 1676288344, "arr_date_time": "2023-02-13T06:39:04-05:00", "end_time": 1676288644, "end_date_time": "2023-02-13T06:44:04-05:00", "waiting_time": 0, "distance": 1505, "driving_time": 1444, "preparation_time": 0, "load_before": [0], "load_after": [0]}, {"type": "service", "id": "1300907010_50", "location_id": "1300907010", "address": {"location_id": "1300907010", "lat": 42.31415652, "lon": -71.07392144}, "arr_time": 1676288656, "arr_date_time": "2023-02-13T06:44:16-05:00", "end_time": 1676288956, "end_date_time": "2023-02-13T06:49:16-05:00", "waiting_time": 0, "distance": 1517, "driving_time": 1456, "preparation_time": 0, "load_before": [0], "load_after": [0]}, {"type": "service", "id": "1300564000_12", "location_id": "1300564000", "address": {"location_id": "1300564000", "lat": 42.31451045, "lon": -71.07404763}, "arr_time": 1676288969, "arr_date_time": "2023-02-13T06:49:29-05:00", "end_time": 1676289269, "end_date_time": "2023-02-13T06:54:29-05:00", "waiting_time": 0, "distance": 1531, "driving_time": 1469, "preparation_time": 0, "load_before": [0], "load_after": [0]}, {"type": "service", "id": "1300558000_11", "location_id": "1300558000", "address": {"location_id": "1300558000", "lat": 42.31525603, "lon": -71.07330979}, "arr_time": 1676289453, "arr_date_time": "2023-02-13T06:57:33-05:00", "end_time": 1676289753, "end_date_time": "2023-02-13T07:02:33-05:00", "waiting_time": 0, "distance": 1723, "driving_time": 1653, "preparation_time": 0, "load_before": [0], "load_after": [0]}, {"type": "service", "id": "1300556000_10", "location_id": "1300556000", "address": {"location_id": "1300556000", "lat": 42.31549296, "lon": -71.07329525}, "arr_time": 1676289779, "arr_date_time": "2023-02-13T07:02:59-05:00", "end_time": 1676290079, "end_date_time": "2023-02-13T07:07:59-05:00", "waiting_time": 0, "distance": 1749, "driving_time": 1679, "preparation_time": 0, "load_before": [0], "load_after": [0]}, {"type": "service", "id": "1300552000_09", "location_id": "1300552000", "address": {"location_id": "1300552000", "lat": 42.31608328, "lon": -71.07321165}, "arr_time": 1676290140, "arr_date_time": "2023-02-13T07:09:00-05:00", "end_time": 1676290440, "end_date_time": "2023-02-13T07:14:00-05:00", "waiting_time": 0, "distance": 1813, "driving_time": 1740, "preparation_time": 0, "load_before": [0], "load_after": [0]}, {"type": "service", "id": "1300515010_04", "location_id": "1300515010", "address": {"location_id": "1300515010", "lat": 42.3149213, "lon": -71.07332064}, "arr_time": 1676290613, "arr_date_time": "2023-02-13T07:16:53-05:00", "end_time": 1676290913, "end_date_time": "2023-02-13T07:21:53-05:00", "waiting_time": 0, "distance": 1994, "driving_time": 1913, "preparation_time": 0, "load_before": [0], "load_after": [0]}, {"type": "service", "id": "1300516000_05", "location_id": "1300516000", "address": {"location_id": "1300516000", "lat": 42.31512531, "lon": -71.07355537}, "arr_time": 1676290951, "arr_date_time": "2023-02-13T07:22:31-05:00", "end_time": 1676291251, "end_date_time": "2023-02-13T07:27:31-05:00", "waiting_time": 0, "distance": 2032, "driving_time": 1951, "preparation_time": 0, "load_before": [0], "load_after": [0]}, {"type": "service", "id": "1300627010_20", "location_id": "1300627010", "address": {"location_id": "1300627010", "lat": 42.31535133, "lon": -71.07412892}, "arr_time": 1676291285, "arr_date_time": "2023-02-13T07:28:05-05:00", "end_time": 1676291585, "end_date_time": "2023-02-13T07:33:05-05:00", "waiting_time": 0, "distance": 2068, "driving_time": 1985, "preparation_time": 0, "load_before": [0], "load_after": [0]}, {"type": "service", "id": "1300626010_19", "location_id": "1300626010", "address": {"location_id": "1300626010", "lat": 42.31544518, "lon": -71.07415352}, "arr_time": 1676291596, "arr_date_time": "2023-02-13T07:33:16-05:00", "end_time": 1676291896, "end_date_time": "2023-02-13T07:38:16-05:00", "waiting_time": 0, "distance": 2079, "driving_time": 1996, "preparation_time": 0, "load_before": [0], "load_after": [0]}, {"type": "service", "id": "1300624010_18", "location_id": "1300624010", "address": {"location_id": "1300624010", "lat": 42.31555642, "lon": -71.07416666}, "arr_time": 1676291904, "arr_date_time": "2023-02-13T07:38:24-05:00", "end_time": 1676292204, "end_date_time": "2023-02-13T07:43:24-05:00", "waiting_time": 0, "distance": 2088, "driving_time": 2004, "preparation_time": 0, "load_before": [0], "load_after": [0]}, {"type": "service", "id": "1300623010_17", "location_id": "1300623010", "address": {"location_id": "1300623010", "lat": 42.31564108, "lon": -71.07416596}, "arr_time": 1676292213, "arr_date_time": "2023-02-13T07:43:33-05:00", "end_time": 1676292513, "end_date_time": "2023-02-13T07:48:33-05:00", "waiting_time": 0, "distance": 2097, "driving_time": 2013, "preparation_time": 0, "load_before": [0], "load_after": [0]}, {"type": "service", "id": "1300520000_06", "location_id": "1300520000", "address": {"location_id": "1300520000", "lat": 42.31572029, "lon": -71.0736512}, "arr_time": 1676292523, "arr_date_time": "2023-02-13T07:48:43-05:00", "end_time": 1676292823, "end_date_time": "2023-02-13T07:53:43-05:00", "waiting_time": 0, "distance": 2107, "driving_time": 2023, "preparation_time": 0, "load_before": [0], "load_after": [0]}, {"type": "service", "id": "1300521000_07", "location_id": "1300521000", "address": {"location_id": "1300521000", "lat": 42.31583344, "lon": -71.07363574}, "arr_time": 1676292835, "arr_date_time": "2023-02-13T07:53:55-05:00", "end_time": 1676293135, "end_date_time": "2023-02-13T07:58:55-05:00", "waiting_time": 0, "distance": 2120, "driving_time": 2035, "preparation_time": 0, "load_before": [0], "load_after": [0]}, {"type": "service", "id": "1300619000_16", "location_id": "1300619000", "address": {"location_id": "1300619000", "lat": 42.31606909, "lon": -71.07412217}, "arr_time": 1676293156, "arr_date_time": "2023-02-13T07:59:16-05:00", "end_time": 1676293456, "end_date_time": "2023-02-13T08:04:16-05:00", "waiting_time": 0, "distance": 2143, "driving_time": 2056, "preparation_time": 0, "load_before": [0], "load_after": [0]}, {"type": "service", "id": "1300613000_15", "location_id": "1300613000", "address": {"location_id": "1300613000", "lat": 42.31661029, "lon": -71.0740058}, "arr_time": 1676293521, "arr_date_time": "2023-02-13T08:05:21-05:00", "end_time": 1676293821, "end_date_time": "2023-02-13T08:10:21-05:00", "waiting_time": 0, "distance": 2210, "driving_time": 2121, "preparation_time": 0, "load_before": [0], "load_after": [0]}, {"type": "service", "id": "1300528000_08", "location_id": "1300528000", "address": {"location_id": "1300528000", "lat": 42.31670946, "lon": -71.07351016}, "arr_time": 1676293824, "arr_date_time": "2023-02-13T08:10:24-05:00", "end_time": 1676294124, "end_date_time": "2023-02-13T08:15:24-05:00", "waiting_time": 0, "distance": 2213, "driving_time": 2124, "preparation_time": 0, "load_before": [0], "load_after": [0]}, {"type": "service", "id": "1300498000_01", "location_id": "1300498000", "address": {"location_id": "1300498000", "lat": 42.31690006, "lon": -71.07490639}, "arr_time": 1676294260, "arr_date_time": "2023-02-13T08:17:40-05:00", "end_time": 1676294560, "end_date_time": "2023-02-13T08:22:40-05:00", "waiting_time": 0, "distance": 2355, "driving_time": 2260, "preparation_time": 0, "load_before": [0], "load_after": [0]}, {"type": "service", "id": "1300607000_14", "location_id": "1300607000", "address": {"location_id": "1300607000", "lat": 42.31649932, "lon": -71.07438278}, "arr_time": 1676294597, "arr_date_time": "2023-02-13T08:23:17-05:00", "end_time": 1676294897, "end_date_time": "2023-02-13T08:28:17-05:00", "waiting_time": 0, "distance": 2394, "driving_time": 2297, "preparation_time": 0, "load_before": [0], "load_after": [0]}, {"type": "service", "id": "1300502010_02", "location_id": "1300502010", "address": {"location_id": "1300502010", "lat": 42.31670227, "lon": -71.07510784}, "arr_time": 1676294948, "arr_date_time": "2023-02-13T08:29:08-05:00", "end_time": 1676295248, "end_date_time": "2023-02-13T08:34:08-05:00", "waiting_time": 0, "distance": 2446, "driving_time": 2348, "preparation_time": 0, "load_before": [0], "load_after": [0]}, {"type": "service", "id": "1300503010_03", "location_id": "1300503010", "address": {"location_id": "1300503010", "lat": 42.31670295, "lon": -71.07533509}, "arr_time": 1676295265, "arr_date_time": "2023-02-13T08:34:25-05:00", "end_time": 1676295565, "end_date_time": "2023-02-13T08:39:25-05:00", "waiting_time": 0, "distance": 2464, "driving_time": 2365, "preparation_time": 0, "load_before": [0], "load_after": [0]}, {"type": "service", "id": "1300590000_13", "location_id": "1300590000", "address": {"location_id": "1300590000", "lat": 42.31570745, "lon": -71.07489162}, "arr_time": 1676295772, "arr_date_time": "2023-02-13T08:42:52-05:00", "end_time": 1676296072, "end_date_time": "2023-02-13T08:47:52-05:00", "waiting_time": 0, "distance": 2679, "driving_time": 2572, "preparation_time": 0, "load_before": [0], "load_after": [0]}, {"type": "service", "id": "1300848001_36", "location_id": "1300848001", "address": {"location_id": "1300848001", "lat": 42.31472118, "lon": -71.07553419}, "arr_time": 1676296205, "arr_date_time": "2023-02-13T08:50:05-05:00", "end_time": 1676296505, "end_date_time": "2023-02-13T08:55:05-05:00", "waiting_time": 0, "distance": 2818, "driving_time": 2705, "preparation_time": 0, "load_before": [0], "load_after": [0]}, {"type": "service", "id": "1300848000_35", "location_id": "1300848000", "address": {"location_id": "1300848000", "lat": 42.31475668, "lon": -71.07544701}, "arr_time": 1676296508, "arr_date_time": "2023-02-13T08:55:08-05:00", "end_time": 1676296808, "end_date_time": "2023-02-13T09:00:08-05:00", "waiting_time": 0, "distance": 2820, "driving_time": 2708, "preparation_time": 0, "load_before": [0], "load_after": [0]}, {"type": "service", "id": "1300801000_31", "location_id": "1300801000", "address": {"location_id": "1300801000", "lat": 42.31496009, "lon": -71.0763754}, "arr_time": 1676296913, "arr_date_time": "2023-02-13T09:01:53-05:00", "end_time": 1676297213, "end_date_time": "2023-02-13T09:06:53-05:00", "waiting_time": 0, "distance": 2930, "driving_time": 2813, "preparation_time": 0, "load_before": [0], "load_after": [0]}, {"type": "service", "id": "1300804000_32", "location_id": "1300804000", "address": {"location_id": "1300804000", "lat": 42.31471497, "lon": -71.07646628}, "arr_time": 1676297240, "arr_date_time": "2023-02-13T09:07:20-05:00", "end_time": 1676297540, "end_date_time": "2023-02-13T09:12:20-05:00", "waiting_time": 0, "distance": 2958, "driving_time": 2840, "preparation_time": 0, "load_before": [0], "load_after": [0]}]}], "unassigned": {"services": [], "shipments": [], "breaks": [], "details": []}}}