{"copyrights": ["GraphHopper", "OpenStreetMap contributors"], "job_id": "f2aad645-3e98-467f-b6ef-1029ae78657c", "status": "finished", "waiting_time_in_queue": 1, "processing_time": 116, "solution": {"costs": 298, "distance": 2320, "time": 2224, "transport_time": 2224, "completion_time": 12124, "max_operation_time": 12124, "waiting_time": 0, "service_duration": 9900, "preparation_time": 0, "no_vehicles": 1, "no_unassigned": 0, "routes": [{"vehicle_id": "my_vehicle", "shift_id": "default-shift", "distance": 2320, "transport_time": 2224, "completion_time": 12124, "waiting_time": 0, "service_duration": 9900, "preparation_time": 0, "activities": [{"type": "start", "location_id": "1601409000", "address": {"location_id": "1601409000", "lat": 42.29159342, "lon": -71.06659229}, "arr_time": 1676278800, "arr_date_time": "2023-02-13T04:00:00-05:00", "end_time": 1676278800, "end_date_time": "2023-02-13T04:00:00-05:00", "waiting_time": 0, "distance": 0, "driving_time": 0, "preparation_time": 0, "load_after": [0]}, {"type": "service", "id": "1601388000_01", "location_id": "1601388000", "address": {"location_id": "1601388000", "lat": 42.29138318, "lon": -71.06560702}, "arr_time": 1676278900, "arr_date_time": "2023-02-13T04:01:40-05:00", "end_time": 1676279200, "end_date_time": "2023-02-13T04:06:40-05:00", "waiting_time": 0, "distance": 105, "driving_time": 100, "preparation_time": 0, "load_before": [0], "load_after": [0]}, {"type": "service", "id": "1601394000_02", "location_id": "1601394000", "address": {"location_id": "1601394000", "lat": 42.29166241, "lon": -71.06567852}, "arr_time": 1676279231, "arr_date_time": "2023-02-13T04:07:11-05:00", "end_time": 1676279531, "end_date_time": "2023-02-13T04:12:11-05:00", "waiting_time": 0, "distance": 137, "driving_time": 131, "preparation_time": 0, "load_before": [0], "load_after": [0]}, {"type": "service", "id": "1704791000_18", "location_id": "1704791000", "address": {"location_id": "1704791000", "lat": 42.29115704, "lon": -71.06777727}, "arr_time": 1676279705, "arr_date_time": "2023-02-13T04:15:05-05:00", "end_time": 1676280005, "end_date_time": "2023-02-13T04:20:05-05:00", "waiting_time": 0, "distance": 319, "driving_time": 305, "preparation_time": 0, "load_before": [0], "load_after": [0]}, {"type": "service", "id": "1704788000_17", "location_id": "1704788000", "address": {"location_id": "1704788000", "lat": 42.29101221, "lon": -71.06824463}, "arr_time": 1676280045, "arr_date_time": "2023-02-13T04:20:45-05:00", "end_time": 1676280345, "end_date_time": "2023-02-13T04:25:45-05:00", "waiting_time": 0, "distance": 361, "driving_time": 345, "preparation_time": 0, "load_before": [0], "load_after": [0]}, {"type": "service", "id": "1704783000_16", "location_id": "1704783000", "address": {"location_id": "1704783000", "lat": 42.29076439, "lon": -71.06899373}, "arr_time": 1676280411, "arr_date_time": "2023-02-13T04:26:51-05:00", "end_time": 1676280711, "end_date_time": "2023-02-13T04:31:51-05:00", "waiting_time": 0, "distance": 429, "driving_time": 411, "preparation_time": 0, "load_before": [0], "load_after": [0]}, {"type": "service", "id": "1601404000_06", "location_id": "1601404000", "address": {"location_id": "1601404000", "lat": 42.29136385, "lon": -71.06736465}, "arr_time": 1676280853, "arr_date_time": "2023-02-13T04:34:13-05:00", "end_time": 1676281153, "end_date_time": "2023-02-13T04:39:13-05:00", "waiting_time": 0, "distance": 578, "driving_time": 553, "preparation_time": 0, "load_before": [0], "load_after": [0]}, {"type": "service", "id": "1601403000_05", "location_id": "1601403000", "address": {"location_id": "1601403000", "lat": 42.29127879, "lon": -71.06726503}, "arr_time": 1676281165, "arr_date_time": "2023-02-13T04:39:25-05:00", "end_time": 1676281465, "end_date_time": "2023-02-13T04:44:25-05:00", "waiting_time": 0, "distance": 590, "driving_time": 565, "preparation_time": 0, "load_before": [0], "load_after": [0]}, {"type": "service", "id": "1601402000_04", "location_id": "1601402000", "address": {"location_id": "1601402000", "lat": 42.29120445, "lon": -71.06722696}, "arr_time": 1676281473, "arr_date_time": "2023-02-13T04:44:33-05:00", "end_time": 1676281773, "end_date_time": "2023-02-13T04:49:33-05:00", "waiting_time": 0, "distance": 599, "driving_time": 573, "preparation_time": 0, "load_before": [0], "load_after": [0]}, {"type": "service", "id": "1601400000_03", "location_id": "1601400000", "address": {"location_id": "1601400000", "lat": 42.2910422, "lon": -71.06705525}, "arr_time": 1676281843, "arr_date_time": "2023-02-13T04:50:43-05:00", "end_time": 1676282143, "end_date_time": "2023-02-13T04:55:43-05:00", "waiting_time": 0, "distance": 671, "driving_time": 643, "preparation_time": 0, "load_before": [0], "load_after": [0]}, {"type": "service", "id": "1601449000_10", "location_id": "1601449000", "address": {"location_id": "1601449000", "lat": 42.29056357, "lon": -71.06750823}, "arr_time": 1676282196, "arr_date_time": "2023-02-13T04:56:36-05:00", "end_time": 1676282496, "end_date_time": "2023-02-13T05:01:36-05:00", "waiting_time": 0, "distance": 727, "driving_time": 696, "preparation_time": 0, "load_before": [0], "load_after": [0]}, {"type": "service", "id": "1601450000_11", "location_id": "1601450000", "address": {"location_id": "1601450000", "lat": 42.29046367, "lon": -71.06746399}, "arr_time": 1676282497, "arr_date_time": "2023-02-13T05:01:37-05:00", "end_time": 1676282797, "end_date_time": "2023-02-13T05:06:37-05:00", "waiting_time": 0, "distance": 728, "driving_time": 697, "preparation_time": 0, "load_before": [0], "load_after": [0]}, {"type": "service", "id": "1601471000_14", "location_id": "1601471000", "address": {"location_id": "1601471000", "lat": 42.29021652, "lon": -71.06829736}, "arr_time": 1676282868, "arr_date_time": "2023-02-13T05:07:48-05:00", "end_time": 1676283168, "end_date_time": "2023-02-13T05:12:48-05:00", "waiting_time": 0, "distance": 802, "driving_time": 768, "preparation_time": 0, "load_before": [0], "load_after": [0]}, {"type": "service", "id": "1601446000_09", "location_id": "1601446000", "address": {"location_id": "1601446000", "lat": 42.28981584, "lon": -71.06693613}, "arr_time": 1676283371, "arr_date_time": "2023-02-13T05:16:11-05:00", "end_time": 1676283671, "end_date_time": "2023-02-13T05:21:11-05:00", "waiting_time": 0, "distance": 1014, "driving_time": 971, "preparation_time": 0, "load_before": [0], "load_after": [0]}, {"type": "service", "id": "1601457000_12", "location_id": "1601457000", "address": {"location_id": "1601457000", "lat": 42.29003776, "lon": -71.06761041}, "arr_time": 1676283744, "arr_date_time": "2023-02-13T05:22:24-05:00", "end_time": 1676284044, "end_date_time": "2023-02-13T05:27:24-05:00", "waiting_time": 0, "distance": 1090, "driving_time": 1044, "preparation_time": 0, "load_before": [0], "load_after": [0]}, {"type": "service", "id": "1601442000_08", "location_id": "1601442000", "address": {"location_id": "1601442000", "lat": 42.28970685, "lon": -71.0674975}, "arr_time": 1676284049, "arr_date_time": "2023-02-13T05:27:29-05:00", "end_time": 1676284349, "end_date_time": "2023-02-13T05:32:29-05:00", "waiting_time": 0, "distance": 1095, "driving_time": 1049, "preparation_time": 0, "load_before": [0], "load_after": [0]}, {"type": "service", "id": "1601458000_13", "location_id": "1601458000", "address": {"location_id": "1601458000", "lat": 42.29002367, "lon": -71.06775168}, "arr_time": 1676284356, "arr_date_time": "2023-02-13T05:32:36-05:00", "end_time": 1676284656, "end_date_time": "2023-02-13T05:37:36-05:00", "waiting_time": 0, "distance": 1101, "driving_time": 1056, "preparation_time": 0, "load_before": [0], "load_after": [0]}, {"type": "service", "id": "1704814000_19", "location_id": "1704814000", "address": {"location_id": "1704814000", "lat": 42.28958774, "lon": -71.06904583}, "arr_time": 1676284768, "arr_date_time": "2023-02-13T05:39:28-05:00", "end_time": 1676285068, "end_date_time": "2023-02-13T05:44:28-05:00", "waiting_time": 0, "distance": 1218, "driving_time": 1168, "preparation_time": 0, "load_before": [0], "load_after": [0]}, {"type": "service", "id": "1704815000_20", "location_id": "1704815000", "address": {"location_id": "1704815000", "lat": 42.2895407, "lon": -71.06920155}, "arr_time": 1676285081, "arr_date_time": "2023-02-13T05:44:41-05:00", "end_time": 1676285381, "end_date_time": "2023-02-13T05:49:41-05:00", "waiting_time": 0, "distance": 1232, "driving_time": 1181, "preparation_time": 0, "load_before": [0], "load_after": [0]}, {"type": "service", "id": "1704816000_21", "location_id": "1704816000", "address": {"location_id": "1704816000", "lat": 42.28949212, "lon": -71.06936204}, "arr_time": 1676285395, "arr_date_time": "2023-02-13T05:49:55-05:00", "end_time": 1676285695, "end_date_time": "2023-02-13T05:54:55-05:00", "waiting_time": 0, "distance": 1246, "driving_time": 1195, "preparation_time": 0, "load_before": [0], "load_after": [0]}, {"type": "service", "id": "1704870000_30", "location_id": "1704870000", "address": {"location_id": "1704870000", "lat": 42.28905376, "lon": -71.0694812}, "arr_time": 1676285721, "arr_date_time": "2023-02-13T05:55:21-05:00", "end_time": 1676286021, "end_date_time": "2023-02-13T06:00:21-05:00", "waiting_time": 0, "distance": 1274, "driving_time": 1221, "preparation_time": 0, "load_before": [0], "load_after": [0]}, {"type": "service", "id": "1704819000_22", "location_id": "1704819000", "address": {"location_id": "1704819000", "lat": 42.28931924, "lon": -71.06993256}, "arr_time": 1676286043, "arr_date_time": "2023-02-13T06:00:43-05:00", "end_time": 1676286343, "end_date_time": "2023-02-13T06:05:43-05:00", "waiting_time": 0, "distance": 1297, "driving_time": 1243, "preparation_time": 0, "load_before": [0], "load_after": [0]}, {"type": "service", "id": "1704868000_29", "location_id": "1704868000", "address": {"location_id": "1704868000", "lat": 42.28895797, "lon": -71.06981707}, "arr_time": 1676286349, "arr_date_time": "2023-02-13T06:05:49-05:00", "end_time": 1676286649, "end_date_time": "2023-02-13T06:10:49-05:00", "waiting_time": 0, "distance": 1304, "driving_time": 1249, "preparation_time": 0, "load_before": [0], "load_after": [0]}, {"type": "service", "id": "1704820000_23", "location_id": "1704820000", "address": {"location_id": "1704820000", "lat": 42.28927569, "lon": -71.07006861}, "arr_time": 1676286655, "arr_date_time": "2023-02-13T06:10:55-05:00", "end_time": 1676286955, "end_date_time": "2023-02-13T06:15:55-05:00", "waiting_time": 0, "distance": 1309, "driving_time": 1255, "preparation_time": 0, "load_before": [0], "load_after": [0]}, {"type": "service", "id": "1704865000_28", "location_id": "1704865000", "address": {"location_id": "1704865000", "lat": 42.28884569, "lon": -71.07023913}, "arr_time": 1676286985, "arr_date_time": "2023-02-13T06:16:25-05:00", "end_time": 1676287285, "end_date_time": "2023-02-13T06:21:25-05:00", "waiting_time": 0, "distance": 1340, "driving_time": 1285, "preparation_time": 0, "load_before": [0], "load_after": [0]}, {"type": "service", "id": "1704825000_24", "location_id": "1704825000", "address": {"location_id": "1704825000", "lat": 42.28910673, "lon": -71.07077364}, "arr_time": 1676287315, "arr_date_time": "2023-02-13T06:21:55-05:00", "end_time": 1676287615, "end_date_time": "2023-02-13T06:26:55-05:00", "waiting_time": 0, "distance": 1371, "driving_time": 1315, "preparation_time": 0, "load_before": [0], "load_after": [0]}, {"type": "service", "id": "1704856000_27", "location_id": "1704856000", "address": {"location_id": "1704856000", "lat": 42.28854004, "lon": -71.07010146}, "arr_time": 1676287844, "arr_date_time": "2023-02-13T06:30:44-05:00", "end_time": 1676288144, "end_date_time": "2023-02-13T06:35:44-05:00", "waiting_time": 0, "distance": 1610, "driving_time": 1544, "preparation_time": 0, "load_before": [0], "load_after": [0]}, {"type": "service", "id": "1704853000_26", "location_id": "1704853000", "address": {"location_id": "1704853000", "lat": 42.28864907, "lon": -71.06968005}, "arr_time": 1676288179, "arr_date_time": "2023-02-13T06:36:19-05:00", "end_time": 1676288479, "end_date_time": "2023-02-13T06:41:19-05:00", "waiting_time": 0, "distance": 1647, "driving_time": 1579, "preparation_time": 0, "load_before": [0], "load_after": [0]}, {"type": "service", "id": "1704852000_25", "location_id": "1704852000", "address": {"location_id": "1704852000", "lat": 42.28870371, "lon": -71.06946659}, "arr_time": 1676288497, "arr_date_time": "2023-02-13T06:41:37-05:00", "end_time": 1676288797, "end_date_time": "2023-02-13T06:46:37-05:00", "waiting_time": 0, "distance": 1666, "driving_time": 1597, "preparation_time": 0, "load_before": [0], "load_after": [0]}, {"type": "service", "id": "1704754001_15", "location_id": "1704754001", "address": {"location_id": "1704754001", "lat": 42.28829666, "lon": -71.06896578}, "arr_time": 1676288820, "arr_date_time": "2023-02-13T06:47:00-05:00", "end_time": 1676289120, "end_date_time": "2023-02-13T06:52:00-05:00", "waiting_time": 0, "distance": 1689, "driving_time": 1620, "preparation_time": 0, "load_before": [0], "load_after": [0]}, {"type": "service", "id": "1704882001_32", "location_id": "1704882001", "address": {"location_id": "1704882001", "lat": 42.28864769, "lon": -71.06778565}, "arr_time": 1676289220, "arr_date_time": "2023-02-13T06:53:40-05:00", "end_time": 1676289520, "end_date_time": "2023-02-13T06:58:40-05:00", "waiting_time": 0, "distance": 1794, "driving_time": 1720, "preparation_time": 0, "load_before": [0], "load_after": [0]}, {"type": "service", "id": "1704881000_31", "location_id": "1704881000", "address": {"location_id": "1704881000", "lat": 42.28918077, "lon": -71.06775742}, "arr_time": 1676289649, "arr_date_time": "2023-02-13T07:00:49-05:00", "end_time": 1676289949, "end_date_time": "2023-02-13T07:05:49-05:00", "waiting_time": 0, "distance": 1929, "driving_time": 1849, "preparation_time": 0, "load_before": [0], "load_after": [0]}, {"type": "service", "id": "1704930000_33", "location_id": "1704930000", "address": {"location_id": "1704930000", "lat": 42.28830023, "lon": -71.06626716}, "arr_time": 1676290108, "arr_date_time": "2023-02-13T07:08:28-05:00", "end_time": 1676290408, "end_date_time": "2023-02-13T07:13:28-05:00", "waiting_time": 0, "distance": 2095, "driving_time": 2008, "preparation_time": 0, "load_before": [0], "load_after": [0]}, {"type": "service", "id": "1601415000_07", "location_id": "1601415000", "address": {"location_id": "1601415000", "lat": 42.28959877, "lon": -71.0658393}, "arr_time": 1676290624, "arr_date_time": "2023-02-13T07:17:04-05:00", "end_time": 1676290924, "end_date_time": "2023-02-13T07:22:04-05:00", "waiting_time": 0, "distance": 2320, "driving_time": 2224, "preparation_time": 0, "load_before": [0], "load_after": [0]}]}], "unassigned": {"services": [], "shipments": [], "breaks": [], "details": []}}}