{"copyrights": ["GraphHopper", "OpenStreetMap contributors"], "job_id": "9b7facd9-dbd1-4a58-835d-f1815dcdd8b8", "status": "finished", "waiting_time_in_queue": 0, "processing_time": 166, "solution": {"costs": 360, "distance": 1973, "time": 1893, "transport_time": 1893, "completion_time": 19893, "max_operation_time": 19893, "waiting_time": 0, "service_duration": 18000, "preparation_time": 0, "no_vehicles": 1, "no_unassigned": 0, "routes": [{"vehicle_id": "my_vehicle", "shift_id": "default-shift", "distance": 1973, "transport_time": 1893, "completion_time": 19893, "waiting_time": 0, "service_duration": 18000, "preparation_time": 0, "activities": [{"type": "start", "location_id": "1800138000", "address": {"location_id": "1800138000", "lat": 42.27303606, "lon": -71.08961285}, "arr_time": 1676278800, "arr_date_time": "2023-02-13T04:00:00-05:00", "end_time": 1676278800, "end_date_time": "2023-02-13T04:00:00-05:00", "waiting_time": 0, "distance": 0, "driving_time": 0, "preparation_time": 0, "load_after": [0]}, {"type": "service", "id": "1800385017_56", "location_id": "1800385017", "address": {"location_id": "1800385017", "lat": 42.27267152, "lon": -71.08904567}, "arr_time": 1676278891, "arr_date_time": "2023-02-13T04:01:31-05:00", "end_time": 1676279191, "end_date_time": "2023-02-13T04:06:31-05:00", "waiting_time": 0, "distance": 95, "driving_time": 91, "preparation_time": 0, "load_before": [0], "load_after": [0]}, {"type": "service", "id": "1800135001_20", "location_id": "1800135001", "address": {"location_id": "1800135001", "lat": 42.27309886, "lon": -71.08904223}, "arr_time": 1676279224, "arr_date_time": "2023-02-13T04:07:04-05:00", "end_time": 1676279524, "end_date_time": "2023-02-13T04:12:04-05:00", "waiting_time": 0, "distance": 130, "driving_time": 124, "preparation_time": 0, "load_before": [0], "load_after": [0]}, {"type": "service", "id": "1800136000_21", "location_id": "1800136000", "address": {"location_id": "1800136000", "lat": 42.27292994, "lon": -71.08944723}, "arr_time": 1676279540, "arr_date_time": "2023-02-13T04:12:20-05:00", "end_time": 1676279840, "end_date_time": "2023-02-13T04:17:20-05:00", "waiting_time": 0, "distance": 146, "driving_time": 140, "preparation_time": 0, "load_before": [0], "load_after": [0]}, {"type": "service", "id": "1800135000_19", "location_id": "1800135000", "address": {"location_id": "1800135000", "lat": 42.27301729, "lon": -71.08887484}, "arr_time": 1676279872, "arr_date_time": "2023-02-13T04:17:52-05:00", "end_time": 1676280172, "end_date_time": "2023-02-13T04:22:52-05:00", "waiting_time": 0, "distance": 180, "driving_time": 172, "preparation_time": 0, "load_before": [0], "load_after": [0]}, {"type": "service", "id": "1800134000_18", "location_id": "1800134000", "address": {"location_id": "1800134000", "lat": 42.27292662, "lon": -71.08869377}, "arr_time": 1676280189, "arr_date_time": "2023-02-13T04:23:09-05:00", "end_time": 1676280489, "end_date_time": "2023-02-13T04:28:09-05:00", "waiting_time": 0, "distance": 198, "driving_time": 189, "preparation_time": 0, "load_before": [0], "load_after": [0]}, {"type": "service", "id": "1800385018_57", "location_id": "1800385018", "address": {"location_id": "1800385018", "lat": 42.2726259, "lon": -71.08887122}, "arr_time": 1676280495, "arr_date_time": "2023-02-13T04:28:15-05:00", "end_time": 1676280795, "end_date_time": "2023-02-13T04:33:15-05:00", "waiting_time": 0, "distance": 204, "driving_time": 195, "preparation_time": 0, "load_before": [0], "load_after": [0]}, {"type": "service", "id": "1800133000_17", "location_id": "1800133000", "address": {"location_id": "1800133000", "lat": 42.27283899, "lon": -71.08851551}, "arr_time": 1676280807, "arr_date_time": "2023-02-13T04:33:27-05:00", "end_time": 1676281107, "end_date_time": "2023-02-13T04:38:27-05:00", "waiting_time": 0, "distance": 216, "driving_time": 207, "preparation_time": 0, "load_before": [0], "load_after": [0]}, {"type": "service", "id": "1800132000_16", "location_id": "1800132000", "address": {"location_id": "1800132000", "lat": 42.27270749, "lon": -71.08836242}, "arr_time": 1676281117, "arr_date_time": "2023-02-13T04:38:37-05:00", "end_time": 1676281417, "end_date_time": "2023-02-13T04:43:37-05:00", "waiting_time": 0, "distance": 227, "driving_time": 217, "preparation_time": 0, "load_before": [0], "load_after": [0]}, {"type": "service", "id": "1800126000_10", "location_id": "1800126000", "address": {"location_id": "1800126000", "lat": 42.27234546, "lon": -71.08846033}, "arr_time": 1676281445, "arr_date_time": "2023-02-13T04:44:05-05:00", "end_time": 1676281745, "end_date_time": "2023-02-13T04:49:05-05:00", "waiting_time": 0, "distance": 256, "driving_time": 245, "preparation_time": 0, "load_before": [0], "load_after": [0]}, {"type": "service", "id": "1800130000_14", "location_id": "1800130000", "address": {"location_id": "1800130000", "lat": 42.27253367, "lon": -71.08802934}, "arr_time": 1676281763, "arr_date_time": "2023-02-13T04:49:23-05:00", "end_time": 1676282063, "end_date_time": "2023-02-13T04:54:23-05:00", "waiting_time": 0, "distance": 274, "driving_time": 263, "preparation_time": 0, "load_before": [0], "load_after": [0]}, {"type": "service", "id": "1800127000_11", "location_id": "1800127000", "address": {"location_id": "1800127000", "lat": 42.27226099, "lon": -71.08825824}, "arr_time": 1676282063, "arr_date_time": "2023-02-13T04:54:23-05:00", "end_time": 1676282363, "end_date_time": "2023-02-13T04:59:23-05:00", "waiting_time": 0, "distance": 275, "driving_time": 263, "preparation_time": 0, "load_before": [0], "load_after": [0]}, {"type": "service", "id": "1800128000_12", "location_id": "1800128000", "address": {"location_id": "1800128000", "lat": 42.27216649, "lon": -71.08807039}, "arr_time": 1676282369, "arr_date_time": "2023-02-13T04:59:29-05:00", "end_time": 1676282669, "end_date_time": "2023-02-13T05:04:29-05:00", "waiting_time": 0, "distance": 283, "driving_time": 269, "preparation_time": 0, "load_before": [0], "load_after": [0]}, {"type": "service", "id": "1800129000_13", "location_id": "1800129000", "address": {"location_id": "1800129000", "lat": 42.27244291, "lon": -71.08784658}, "arr_time": 1676282669, "arr_date_time": "2023-02-13T05:04:29-05:00", "end_time": 1676282969, "end_date_time": "2023-02-13T05:09:29-05:00", "waiting_time": 0, "distance": 283, "driving_time": 269, "preparation_time": 0, "load_before": [0], "load_after": [0]}, {"type": "service", "id": "1800131000_15", "location_id": "1800131000", "address": {"location_id": "1800131000", "lat": 42.27261886, "lon": -71.08818935}, "arr_time": 1676282993, "arr_date_time": "2023-02-13T05:09:53-05:00", "end_time": 1676283293, "end_date_time": "2023-02-13T05:14:53-05:00", "waiting_time": 0, "distance": 307, "driving_time": 293, "preparation_time": 0, "load_before": [0], "load_after": [0]}, {"type": "service", "id": "1800385019_58", "location_id": "1800385019", "address": {"location_id": "1800385019", "lat": 42.27252626, "lon": -71.08873495}, "arr_time": 1676283321, "arr_date_time": "2023-02-13T05:15:21-05:00", "end_time": 1676283621, "end_date_time": "2023-02-13T05:20:21-05:00", "waiting_time": 0, "distance": 336, "driving_time": 321, "preparation_time": 0, "load_before": [0], "load_after": [0]}, {"type": "service", "id": "1800385020_59", "location_id": "1800385020", "address": {"location_id": "1800385020", "lat": 42.27234817, "lon": -71.08890493}, "arr_time": 1676283644, "arr_date_time": "2023-02-13T05:20:44-05:00", "end_time": 1676283944, "end_date_time": "2023-02-13T05:25:44-05:00", "waiting_time": 0, "distance": 360, "driving_time": 344, "preparation_time": 0, "load_before": [0], "load_after": [0]}, {"type": "service", "id": "1800123000_08", "location_id": "1800123000", "address": {"location_id": "1800123000", "lat": 42.27199429, "lon": -71.08824958}, "arr_time": 1676284008, "arr_date_time": "2023-02-13T05:26:48-05:00", "end_time": 1676284308, "end_date_time": "2023-02-13T05:31:48-05:00", "waiting_time": 0, "distance": 427, "driving_time": 408, "preparation_time": 0, "load_before": [0], "load_after": [0]}, {"type": "service", "id": "1800122000_07", "location_id": "1800122000", "address": {"location_id": "1800122000", "lat": 42.27177348, "lon": -71.08844555}, "arr_time": 1676284308, "arr_date_time": "2023-02-13T05:31:48-05:00", "end_time": 1676284608, "end_date_time": "2023-02-13T05:36:48-05:00", "waiting_time": 0, "distance": 427, "driving_time": 408, "preparation_time": 0, "load_before": [0], "load_after": [0]}, {"type": "service", "id": "1800124000_09", "location_id": "1800124000", "address": {"location_id": "1800124000", "lat": 42.27208493, "lon": -71.08843436}, "arr_time": 1676284621, "arr_date_time": "2023-02-13T05:37:01-05:00", "end_time": 1676284921, "end_date_time": "2023-02-13T05:42:01-05:00", "waiting_time": 0, "distance": 440, "driving_time": 421, "preparation_time": 0, "load_before": [0], "load_after": [0]}, {"type": "service", "id": "1800385021_60", "location_id": "1800385021", "address": {"location_id": "1800385021", "lat": 42.27242845, "lon": -71.08906913}, "arr_time": 1676284983, "arr_date_time": "2023-02-13T05:43:03-05:00", "end_time": 1676285283, "end_date_time": "2023-02-13T05:48:03-05:00", "waiting_time": 0, "distance": 504, "driving_time": 483, "preparation_time": 0, "load_before": [0], "load_after": [0]}, {"type": "service", "id": "1800385015_55", "location_id": "1800385015", "address": {"location_id": "1800385015", "lat": 42.27214229, "lon": -71.08932284}, "arr_time": 1676285312, "arr_date_time": "2023-02-13T05:48:32-05:00", "end_time": 1676285612, "end_date_time": "2023-02-13T05:53:32-05:00", "waiting_time": 0, "distance": 535, "driving_time": 512, "preparation_time": 0, "load_before": [0], "load_after": [0]}, {"type": "service", "id": "1800385008_53", "location_id": "1800385008", "address": {"location_id": "1800385008", "lat": 42.27204563, "lon": -71.0891824}, "arr_time": 1676285691, "arr_date_time": "2023-02-13T05:54:51-05:00", "end_time": 1676285991, "end_date_time": "2023-02-13T05:59:51-05:00", "waiting_time": 0, "distance": 617, "driving_time": 591, "preparation_time": 0, "load_before": [0], "load_after": [0]}, {"type": "service", "id": "1800385009_54", "location_id": "1800385009", "address": {"location_id": "1800385009", "lat": 42.27191699, "lon": -71.08932458}, "arr_time": 1676286008, "arr_date_time": "2023-02-13T06:00:08-05:00", "end_time": 1676286308, "end_date_time": "2023-02-13T06:05:08-05:00", "waiting_time": 0, "distance": 635, "driving_time": 608, "preparation_time": 0, "load_before": [0], "load_after": [0]}, {"type": "service", "id": "1800120000_06", "location_id": "1800120000", "address": {"location_id": "1800120000", "lat": 42.27174972, "lon": -71.0889945}, "arr_time": 1676286309, "arr_date_time": "2023-02-13T06:05:09-05:00", "end_time": 1676286609, "end_date_time": "2023-02-13T06:10:09-05:00", "waiting_time": 0, "distance": 637, "driving_time": 609, "preparation_time": 0, "load_before": [0], "load_after": [0]}, {"type": "service", "id": "1800356000_34", "location_id": "1800356000", "address": {"location_id": "1800356000", "lat": 42.27151176, "lon": -71.08921215}, "arr_time": 1676286639, "arr_date_time": "2023-02-13T06:10:39-05:00", "end_time": 1676286939, "end_date_time": "2023-02-13T06:15:39-05:00", "waiting_time": 0, "distance": 668, "driving_time": 639, "preparation_time": 0, "load_before": [0], "load_after": [0]}, {"type": "service", "id": "1800332000_22", "location_id": "1800332000", "address": {"location_id": "1800332000", "lat": 42.27130024, "lon": -71.08960205}, "arr_time": 1676286957, "arr_date_time": "2023-02-13T06:15:57-05:00", "end_time": 1676287257, "end_date_time": "2023-02-13T06:20:57-05:00", "waiting_time": 0, "distance": 687, "driving_time": 657, "preparation_time": 0, "load_before": [0], "load_after": [0]}, {"type": "service", "id": "1800355000_33", "location_id": "1800355000", "address": {"location_id": "1800355000", "lat": 42.2713451, "lon": -71.08976926}, "arr_time": 1676287257, "arr_date_time": "2023-02-13T06:20:57-05:00", "end_time": 1676287557, "end_date_time": "2023-02-13T06:25:57-05:00", "waiting_time": 0, "distance": 687, "driving_time": 657, "preparation_time": 0, "load_before": [0], "load_after": [0]}, {"type": "service", "id": "1800118000_05", "location_id": "1800118000", "address": {"location_id": "1800118000", "lat": 42.27156829, "lon": -71.08863318}, "arr_time": 1676287637, "arr_date_time": "2023-02-13T06:27:17-05:00", "end_time": 1676287937, "end_date_time": "2023-02-13T06:32:17-05:00", "waiting_time": 0, "distance": 770, "driving_time": 737, "preparation_time": 0, "load_before": [0], "load_after": [0]}, {"type": "service", "id": "1800384000_35", "location_id": "1800384000", "address": {"location_id": "1800384000", "lat": 42.27120664, "lon": -71.08845192}, "arr_time": 1676287963, "arr_date_time": "2023-02-13T06:32:43-05:00", "end_time": 1676288263, "end_date_time": "2023-02-13T06:37:43-05:00", "waiting_time": 0, "distance": 797, "driving_time": 763, "preparation_time": 0, "load_before": [0], "load_after": [0]}, {"type": "service", "id": "1800117012_04", "location_id": "1800117012", "address": {"location_id": "1800117012", "lat": 42.27153825, "lon": -71.0884296}, "arr_time": 1676288283, "arr_date_time": "2023-02-13T06:38:03-05:00", "end_time": 1676288583, "end_date_time": "2023-02-13T06:43:03-05:00", "waiting_time": 0, "distance": 818, "driving_time": 783, "preparation_time": 0, "load_before": [0], "load_after": [0]}, {"type": "service", "id": "1800117011_03", "location_id": "1800117011", "address": {"location_id": "1800117011", "lat": 42.27158103, "lon": -71.08819968}, "arr_time": 1676288596, "arr_date_time": "2023-02-13T06:43:16-05:00", "end_time": 1676288896, "end_date_time": "2023-02-13T06:48:16-05:00", "waiting_time": 0, "distance": 832, "driving_time": 796, "preparation_time": 0, "load_before": [0], "load_after": [0]}, {"type": "service", "id": "1800384001_36", "location_id": "1800384001", "address": {"location_id": "1800384001", "lat": 42.27112194, "lon": -71.08816742}, "arr_time": 1676288907, "arr_date_time": "2023-02-13T06:48:27-05:00", "end_time": 1676289207, "end_date_time": "2023-02-13T06:53:27-05:00", "waiting_time": 0, "distance": 843, "driving_time": 807, "preparation_time": 0, "load_before": [0], "load_after": [0]}, {"type": "service", "id": "1800384002_37", "location_id": "1800384002", "address": {"location_id": "1800384002", "lat": 42.27098282, "lon": -71.08790985}, "arr_time": 1676289229, "arr_date_time": "2023-02-13T06:53:49-05:00", "end_time": 1676289529, "end_date_time": "2023-02-13T06:58:49-05:00", "waiting_time": 0, "distance": 866, "driving_time": 829, "preparation_time": 0, "load_before": [0], "load_after": [0]}, {"type": "service", "id": "1800117009_02", "location_id": "1800117009", "address": {"location_id": "1800117009", "lat": 42.27152275, "lon": -71.08768854}, "arr_time": 1676289537, "arr_date_time": "2023-02-13T06:58:57-05:00", "end_time": 1676289837, "end_date_time": "2023-02-13T07:03:57-05:00", "waiting_time": 0, "distance": 874, "driving_time": 837, "preparation_time": 0, "load_before": [0], "load_after": [0]}, {"type": "service", "id": "1800384003_38", "location_id": "1800384003", "address": {"location_id": "1800384003", "lat": 42.27112512, "lon": -71.08758777}, "arr_time": 1676289852, "arr_date_time": "2023-02-13T07:04:12-05:00", "end_time": 1676290152, "end_date_time": "2023-02-13T07:09:12-05:00", "waiting_time": 0, "distance": 889, "driving_time": 852, "preparation_time": 0, "load_before": [0], "load_after": [0]}, {"type": "service", "id": "1800117008_01", "location_id": "1800117008", "address": {"location_id": "1800117008", "lat": 42.27150321, "lon": -71.08747748}, "arr_time": 1676290197, "arr_date_time": "2023-02-13T07:09:57-05:00", "end_time": 1676290497, "end_date_time": "2023-02-13T07:14:57-05:00", "waiting_time": 0, "distance": 936, "driving_time": 897, "preparation_time": 0, "load_before": [0], "load_after": [0]}, {"type": "service", "id": "1800384004_39", "location_id": "1800384004", "address": {"location_id": "1800384004", "lat": 42.27090195, "lon": -71.08763762}, "arr_time": 1676290563, "arr_date_time": "2023-02-13T07:16:03-05:00", "end_time": 1676290863, "end_date_time": "2023-02-13T07:21:03-05:00", "waiting_time": 0, "distance": 1004, "driving_time": 963, "preparation_time": 0, "load_before": [0], "load_after": [0]}, {"type": "service", "id": "1800384005_40", "location_id": "1800384005", "address": {"location_id": "1800384005", "lat": 42.27064375, "lon": -71.08783967}, "arr_time": 1676290899, "arr_date_time": "2023-02-13T07:21:39-05:00", "end_time": 1676291199, "end_date_time": "2023-02-13T07:26:39-05:00", "waiting_time": 0, "distance": 1042, "driving_time": 999, "preparation_time": 0, "load_before": [0], "load_after": [0]}, {"type": "service", "id": "1800384006_41", "location_id": "1800384006", "address": {"location_id": "1800384006", "lat": 42.27042719, "lon": -71.08788182}, "arr_time": 1676291247, "arr_date_time": "2023-02-13T07:27:27-05:00", "end_time": 1676291547, "end_date_time": "2023-02-13T07:32:27-05:00", "waiting_time": 0, "distance": 1092, "driving_time": 1047, "preparation_time": 0, "load_before": [0], "load_after": [0]}, {"type": "service", "id": "1800384007_42", "location_id": "1800384007", "address": {"location_id": "1800384007", "lat": 42.27034471, "lon": -71.08817738}, "arr_time": 1676291575, "arr_date_time": "2023-02-13T07:32:55-05:00", "end_time": 1676291875, "end_date_time": "2023-02-13T07:37:55-05:00", "waiting_time": 0, "distance": 1121, "driving_time": 1075, "preparation_time": 0, "load_before": [0], "load_after": [0]}, {"type": "service", "id": "1800384008_43", "location_id": "1800384008", "address": {"location_id": "1800384008", "lat": 42.27032167, "lon": -71.08842386}, "arr_time": 1676291895, "arr_date_time": "2023-02-13T07:38:15-05:00", "end_time": 1676292195, "end_date_time": "2023-02-13T07:43:15-05:00", "waiting_time": 0, "distance": 1141, "driving_time": 1095, "preparation_time": 0, "load_before": [0], "load_after": [0]}, {"type": "service", "id": "1800384009_44", "location_id": "1800384009", "address": {"location_id": "1800384009", "lat": 42.27032886, "lon": -71.08864767}, "arr_time": 1676292219, "arr_date_time": "2023-02-13T07:43:39-05:00", "end_time": 1676292519, "end_date_time": "2023-02-13T07:48:39-05:00", "waiting_time": 0, "distance": 1166, "driving_time": 1119, "preparation_time": 0, "load_before": [0], "load_after": [0]}, {"type": "service", "id": "1800385007_52", "location_id": "1800385007", "address": {"location_id": "1800385007", "lat": 42.27044195, "lon": -71.08939548}, "arr_time": 1676292577, "arr_date_time": "2023-02-13T07:49:37-05:00", "end_time": 1676292877, "end_date_time": "2023-02-13T07:54:37-05:00", "waiting_time": 0, "distance": 1226, "driving_time": 1177, "preparation_time": 0, "load_before": [0], "load_after": [0]}, {"type": "service", "id": "1800385006_51", "location_id": "1800385006", "address": {"location_id": "1800385006", "lat": 42.27053686, "lon": -71.08923038}, "arr_time": 1676292892, "arr_date_time": "2023-02-13T07:54:52-05:00", "end_time": 1676293192, "end_date_time": "2023-02-13T07:59:52-05:00", "waiting_time": 0, "distance": 1242, "driving_time": 1192, "preparation_time": 0, "load_before": [0], "load_after": [0]}, {"type": "service", "id": "1800384010_45", "location_id": "1800384010", "address": {"location_id": "1800384010", "lat": 42.27036875, "lon": -71.08887745}, "arr_time": 1676293195, "arr_date_time": "2023-02-13T07:59:55-05:00", "end_time": 1676293495, "end_date_time": "2023-02-13T08:04:55-05:00", "waiting_time": 0, "distance": 1245, "driving_time": 1195, "preparation_time": 0, "load_before": [0], "load_after": [0]}, {"type": "service", "id": "1800385005_50", "location_id": "1800385005", "address": {"location_id": "1800385005", "lat": 42.27067333, "lon": -71.08908667}, "arr_time": 1676293511, "arr_date_time": "2023-02-13T08:05:11-05:00", "end_time": 1676293811, "end_date_time": "2023-02-13T08:10:11-05:00", "waiting_time": 0, "distance": 1261, "driving_time": 1211, "preparation_time": 0, "load_before": [0], "load_after": [0]}, {"type": "service", "id": "1800385004_49", "location_id": "1800385004", "address": {"location_id": "1800385004", "lat": 42.27086991, "lon": -71.08895996}, "arr_time": 1676293853, "arr_date_time": "2023-02-13T08:10:53-05:00", "end_time": 1676294153, "end_date_time": "2023-02-13T08:15:53-05:00", "waiting_time": 0, "distance": 1305, "driving_time": 1253, "preparation_time": 0, "load_before": [0], "load_after": [0]}, {"type": "service", "id": "1800385002_48", "location_id": "1800385002", "address": {"location_id": "1800385002", "lat": 42.27076905, "lon": -71.08941053}, "arr_time": 1676294239, "arr_date_time": "2023-02-13T08:17:19-05:00", "end_time": 1676294539, "end_date_time": "2023-02-13T08:22:19-05:00", "waiting_time": 0, "distance": 1394, "driving_time": 1339, "preparation_time": 0, "load_before": [0], "load_after": [0]}, {"type": "service", "id": "1800334000_23", "location_id": "1800334000", "address": {"location_id": "1800334000", "lat": 42.27093328, "lon": -71.08991381}, "arr_time": 1676294547, "arr_date_time": "2023-02-13T08:22:27-05:00", "end_time": 1676294847, "end_date_time": "2023-02-13T08:27:27-05:00", "waiting_time": 0, "distance": 1402, "driving_time": 1347, "preparation_time": 0, "load_before": [0], "load_after": [0]}, {"type": "service", "id": "1800385001_47", "location_id": "1800385001", "address": {"location_id": "1800385001", "lat": 42.27062876, "lon": -71.08952894}, "arr_time": 1676294856, "arr_date_time": "2023-02-13T08:27:36-05:00", "end_time": 1676295156, "end_date_time": "2023-02-13T08:32:36-05:00", "waiting_time": 0, "distance": 1412, "driving_time": 1356, "preparation_time": 0, "load_before": [0], "load_after": [0]}, {"type": "service", "id": "1800335000_24", "location_id": "1800335000", "address": {"location_id": "1800335000", "lat": 42.27069546, "lon": -71.09004718}, "arr_time": 1676295169, "arr_date_time": "2023-02-13T08:32:49-05:00", "end_time": 1676295469, "end_date_time": "2023-02-13T08:37:49-05:00", "waiting_time": 0, "distance": 1426, "driving_time": 1369, "preparation_time": 0, "load_before": [0], "load_after": [0]}, {"type": "service", "id": "1800385000_46", "location_id": "1800385000", "address": {"location_id": "1800385000", "lat": 42.27035405, "lon": -71.08964103}, "arr_time": 1676295497, "arr_date_time": "2023-02-13T08:38:17-05:00", "end_time": 1676295797, "end_date_time": "2023-02-13T08:43:17-05:00", "waiting_time": 0, "distance": 1455, "driving_time": 1397, "preparation_time": 0, "load_before": [0], "load_after": [0]}, {"type": "service", "id": "1800337000_25", "location_id": "1800337000", "address": {"location_id": "1800337000", "lat": 42.27024086, "lon": -71.09004178}, "arr_time": 1676295808, "arr_date_time": "2023-02-13T08:43:28-05:00", "end_time": 1676296108, "end_date_time": "2023-02-13T08:48:28-05:00", "waiting_time": 0, "distance": 1466, "driving_time": 1408, "preparation_time": 0, "load_before": [0], "load_after": [0]}, {"type": "service", "id": "1800338000_26", "location_id": "1800338000", "address": {"location_id": "1800338000", "lat": 42.2702863, "lon": -71.09027102}, "arr_time": 1676296187, "arr_date_time": "2023-02-13T08:49:47-05:00", "end_time": 1676296487, "end_date_time": "2023-02-13T08:54:47-05:00", "waiting_time": 0, "distance": 1548, "driving_time": 1487, "preparation_time": 0, "load_before": [0], "load_after": [0]}, {"type": "service", "id": "1800341000_27", "location_id": "1800341000", "address": {"location_id": "1800341000", "lat": 42.27064485, "lon": -71.09086887}, "arr_time": 1676296547, "arr_date_time": "2023-02-13T08:55:47-05:00", "end_time": 1676296847, "end_date_time": "2023-02-13T09:00:47-05:00", "waiting_time": 0, "distance": 1611, "driving_time": 1547, "preparation_time": 0, "load_before": [0], "load_after": [0]}, {"type": "service", "id": "1800346000_29", "location_id": "1800346000", "address": {"location_id": "1800346000", "lat": 42.27111535, "lon": -71.09049846}, "arr_time": 1676297015, "arr_date_time": "2023-02-13T09:03:35-05:00", "end_time": 1676297315, "end_date_time": "2023-02-13T09:08:35-05:00", "waiting_time": 0, "distance": 1785, "driving_time": 1715, "preparation_time": 0, "load_before": [0], "load_after": [0]}, {"type": "service", "id": "1800343000_28", "location_id": "1800343000", "address": {"location_id": "1800343000", "lat": 42.27090523, "lon": -71.09076912}, "arr_time": 1676297333, "arr_date_time": "2023-02-13T09:08:53-05:00", "end_time": 1676297633, "end_date_time": "2023-02-13T09:13:53-05:00", "waiting_time": 0, "distance": 1805, "driving_time": 1733, "preparation_time": 0, "load_before": [0], "load_after": [0]}, {"type": "service", "id": "1800351000_30", "location_id": "1800351000", "address": {"location_id": "1800351000", "lat": 42.27160253, "lon": -71.090226}, "arr_time": 1676297732, "arr_date_time": "2023-02-13T09:15:32-05:00", "end_time": 1676298032, "end_date_time": "2023-02-13T09:20:32-05:00", "waiting_time": 0, "distance": 1908, "driving_time": 1832, "preparation_time": 0, "load_before": [0], "load_after": [0]}, {"type": "service", "id": "1800352000_31", "location_id": "1800352000", "address": {"location_id": "1800352000", "lat": 42.27168836, "lon": -71.09013536}, "arr_time": 1676298067, "arr_date_time": "2023-02-13T09:21:07-05:00", "end_time": 1676298367, "end_date_time": "2023-02-13T09:26:07-05:00", "waiting_time": 0, "distance": 1945, "driving_time": 1867, "preparation_time": 0, "load_before": [0], "load_after": [0]}, {"type": "service", "id": "1800354000_32", "location_id": "1800354000", "address": {"location_id": "1800354000", "lat": 42.27143956, "lon": -71.08989709}, "arr_time": 1676298393, "arr_date_time": "2023-02-13T09:26:33-05:00", "end_time": 1676298693, "end_date_time": "2023-02-13T09:31:33-05:00", "waiting_time": 0, "distance": 1973, "driving_time": 1893, "preparation_time": 0, "load_before": [0], "load_after": [0]}]}], "unassigned": {"services": [], "shipments": [], "breaks": [], "details": []}}}