{"copyrights": ["GraphHopper", "OpenStreetMap contributors"], "job_id": "955e534b-5cb9-445c-a3ee-58fd98068210", "status": "finished", "waiting_time_in_queue": 1, "processing_time": 136, "solution": {"costs": 328, "distance": 3407, "time": 3269, "transport_time": 3269, "completion_time": 15869, "max_operation_time": 15869, "waiting_time": 0, "service_duration": 12600, "preparation_time": 0, "no_vehicles": 1, "no_unassigned": 0, "routes": [{"vehicle_id": "my_vehicle", "shift_id": "default-shift", "distance": 3407, "transport_time": 3269, "completion_time": 15869, "waiting_time": 0, "service_duration": 12600, "preparation_time": 0, "activities": [{"type": "start", "location_id": "1300752000", "address": {"location_id": "1300752000", "lat": 42.31376443, "lon": -71.07815887}, "arr_time": 1676278800, "arr_date_time": "2023-02-13T04:00:00-05:00", "end_time": 1676278800, "end_date_time": "2023-02-13T04:00:00-05:00", "waiting_time": 0, "distance": 0, "driving_time": 0, "preparation_time": 0, "load_after": [0]}, {"type": "service", "id": "1400198000_17", "location_id": "1400198000", "address": {"location_id": "1400198000", "lat": 42.31352471, "lon": -71.07854493}, "arr_time": 1676278811, "arr_date_time": "2023-02-13T04:00:11-05:00", "end_time": 1676279111, "end_date_time": "2023-02-13T04:05:11-05:00", "waiting_time": 0, "distance": 12, "driving_time": 11, "preparation_time": 0, "load_before": [0], "load_after": [0]}, {"type": "service", "id": "1400200000_18", "location_id": "1400200000", "address": {"location_id": "1400200000", "lat": 42.31339244, "lon": -71.07828684}, "arr_time": 1676279136, "arr_date_time": "2023-02-13T04:05:36-05:00", "end_time": 1676279436, "end_date_time": "2023-02-13T04:10:36-05:00", "waiting_time": 0, "distance": 38, "driving_time": 36, "preparation_time": 0, "load_before": [0], "load_after": [0]}, {"type": "service", "id": "1400206000_19", "location_id": "1400206000", "address": {"location_id": "1400206000", "lat": 42.31296577, "lon": -71.07744074}, "arr_time": 1676279517, "arr_date_time": "2023-02-13T04:11:57-05:00", "end_time": 1676279817, "end_date_time": "2023-02-13T04:16:57-05:00", "waiting_time": 0, "distance": 122, "driving_time": 117, "preparation_time": 0, "load_before": [0], "load_after": [0]}, {"type": "service", "id": "1400214000_20", "location_id": "1400214000", "address": {"location_id": "1400214000", "lat": 42.31236068, "lon": -71.07624605}, "arr_time": 1676279932, "arr_date_time": "2023-02-13T04:18:52-05:00", "end_time": 1676280232, "end_date_time": "2023-02-13T04:23:52-05:00", "waiting_time": 0, "distance": 241, "driving_time": 232, "preparation_time": 0, "load_before": [0], "load_after": [0]}, {"type": "service", "id": "1300736000_01", "location_id": "1300736000", "address": {"location_id": "1300736000", "lat": 42.31381004, "lon": -71.07765305}, "arr_time": 1676280479, "arr_date_time": "2023-02-13T04:27:59-05:00", "end_time": 1676280779, "end_date_time": "2023-02-13T04:32:59-05:00", "waiting_time": 0, "distance": 498, "driving_time": 479, "preparation_time": 0, "load_before": [0], "load_after": [0]}, {"type": "service", "id": "1400148000_04", "location_id": "1400148000", "address": {"location_id": "1400148000", "lat": 42.31259617, "lon": -71.0745761}, "arr_time": 1676281060, "arr_date_time": "2023-02-13T04:37:40-05:00", "end_time": 1676281360, "end_date_time": "2023-02-13T04:42:40-05:00", "waiting_time": 0, "distance": 791, "driving_time": 760, "preparation_time": 0, "load_before": [0], "load_after": [0]}, {"type": "service", "id": "1400164000_05", "location_id": "1400164000", "address": {"location_id": "1400164000", "lat": 42.31177591, "lon": -71.07429271}, "arr_time": 1676281483, "arr_date_time": "2023-02-13T04:44:43-05:00", "end_time": 1676281783, "end_date_time": "2023-02-13T04:49:43-05:00", "waiting_time": 0, "distance": 919, "driving_time": 883, "preparation_time": 0, "load_before": [0], "load_after": [0]}, {"type": "service", "id": "1400165000_06", "location_id": "1400165000", "address": {"location_id": "1400165000", "lat": 42.31170062, "lon": -71.07412449}, "arr_time": 1676281799, "arr_date_time": "2023-02-13T04:49:59-05:00", "end_time": 1676282099, "end_date_time": "2023-02-13T04:54:59-05:00", "waiting_time": 0, "distance": 935, "driving_time": 899, "preparation_time": 0, "load_before": [0], "load_after": [0]}, {"type": "service", "id": "1400178000_07", "location_id": "1400178000", "address": {"location_id": "1400178000", "lat": 42.31190626, "lon": -71.07507422}, "arr_time": 1676282220, "arr_date_time": "2023-02-13T04:57:00-05:00", "end_time": 1676282520, "end_date_time": "2023-02-13T05:02:00-05:00", "waiting_time": 0, "distance": 1062, "driving_time": 1020, "preparation_time": 0, "load_before": [0], "load_after": [0]}, {"type": "service", "id": "1400220010_21", "location_id": "1400220010", "address": {"location_id": "1400220010", "lat": 42.3118069, "lon": -71.07570329}, "arr_time": 1676282557, "arr_date_time": "2023-02-13T05:02:37-05:00", "end_time": 1676282857, "end_date_time": "2023-02-13T05:07:37-05:00", "waiting_time": 0, "distance": 1101, "driving_time": 1057, "preparation_time": 0, "load_before": [0], "load_after": [0]}, {"type": "service", "id": "1400223020_22", "location_id": "1400223020", "address": {"location_id": "1400223020", "lat": 42.3116947, "lon": -71.07596442}, "arr_time": 1676282931, "arr_date_time": "2023-02-13T05:08:51-05:00", "end_time": 1676283231, "end_date_time": "2023-02-13T05:13:51-05:00", "waiting_time": 0, "distance": 1177, "driving_time": 1131, "preparation_time": 0, "load_before": [0], "load_after": [0]}, {"type": "service", "id": "1400192020_16", "location_id": "1400192020", "address": {"location_id": "1400192020", "lat": 42.31126439, "lon": -71.07523269}, "arr_time": 1676283304, "arr_date_time": "2023-02-13T05:15:04-05:00", "end_time": 1676283604, "end_date_time": "2023-02-13T05:20:04-05:00", "waiting_time": 0, "distance": 1254, "driving_time": 1204, "preparation_time": 0, "load_before": [0], "load_after": [0]}, {"type": "service", "id": "1400192010_15", "location_id": "1400192010", "address": {"location_id": "1400192010", "lat": 42.3112176, "lon": -71.07514942}, "arr_time": 1676283612, "arr_date_time": "2023-02-13T05:20:12-05:00", "end_time": 1676283912, "end_date_time": "2023-02-13T05:25:12-05:00", "waiting_time": 0, "distance": 1263, "driving_time": 1212, "preparation_time": 0, "load_before": [0], "load_after": [0]}, {"type": "service", "id": "1400191000_14", "location_id": "1400191000", "address": {"location_id": "1400191000", "lat": 42.31114681, "lon": -71.07502617}, "arr_time": 1676283924, "arr_date_time": "2023-02-13T05:25:24-05:00", "end_time": 1676284224, "end_date_time": "2023-02-13T05:30:24-05:00", "waiting_time": 0, "distance": 1276, "driving_time": 1224, "preparation_time": 0, "load_before": [0], "load_after": [0]}, {"type": "service", "id": "1400315010_33", "location_id": "1400315010", "address": {"location_id": "1400315010", "lat": 42.31084672, "lon": -71.07561999}, "arr_time": 1676284267, "arr_date_time": "2023-02-13T05:31:07-05:00", "end_time": 1676284567, "end_date_time": "2023-02-13T05:36:07-05:00", "waiting_time": 0, "distance": 1320, "driving_time": 1267, "preparation_time": 0, "load_before": [0], "load_after": [0]}, {"type": "service", "id": "1400352030_41", "location_id": "1400352030", "address": {"location_id": "1400352030", "lat": 42.31051542, "lon": -71.0752475}, "arr_time": 1676284575, "arr_date_time": "2023-02-13T05:36:15-05:00", "end_time": 1676284875, "end_date_time": "2023-02-13T05:41:15-05:00", "waiting_time": 0, "distance": 1329, "driving_time": 1275, "preparation_time": 0, "load_before": [0], "load_after": [0]}, {"type": "service", "id": "1400315020_34", "location_id": "1400315020", "address": {"location_id": "1400315020", "lat": 42.31078874, "lon": -71.07568397}, "arr_time": 1676284875, "arr_date_time": "2023-02-13T05:41:15-05:00", "end_time": 1676285175, "end_date_time": "2023-02-13T05:46:15-05:00", "waiting_time": 0, "distance": 1329, "driving_time": 1275, "preparation_time": 0, "load_before": [0], "load_after": [0]}, {"type": "service", "id": "1400352020_40", "location_id": "1400352020", "address": {"location_id": "1400352020", "lat": 42.31044611, "lon": -71.07531453}, "arr_time": 1676285184, "arr_date_time": "2023-02-13T05:46:24-05:00", "end_time": 1676285484, "end_date_time": "2023-02-13T05:51:24-05:00", "waiting_time": 0, "distance": 1339, "driving_time": 1284, "preparation_time": 0, "load_before": [0], "load_after": [0]}, {"type": "service", "id": "1400352010_39", "location_id": "1400352010", "address": {"location_id": "1400352010", "lat": 42.31035047, "lon": -71.07537254}, "arr_time": 1676285495, "arr_date_time": "2023-02-13T05:51:35-05:00", "end_time": 1676285795, "end_date_time": "2023-02-13T05:56:35-05:00", "waiting_time": 0, "distance": 1350, "driving_time": 1295, "preparation_time": 0, "load_before": [0], "load_after": [0]}, {"type": "service", "id": "1400188020_13", "location_id": "1400188020", "address": {"location_id": "1400188020", "lat": 42.31079213, "lon": -71.07457739}, "arr_time": 1676285901, "arr_date_time": "2023-02-13T05:58:21-05:00", "end_time": 1676286201, "end_date_time": "2023-02-13T06:03:21-05:00", "waiting_time": 0, "distance": 1461, "driving_time": 1401, "preparation_time": 0, "load_before": [0], "load_after": [0]}, {"type": "service", "id": "1400188010_12", "location_id": "1400188010", "address": {"location_id": "1400188010", "lat": 42.31090628, "lon": -71.07447295}, "arr_time": 1676286252, "arr_date_time": "2023-02-13T06:04:12-05:00", "end_time": 1676286552, "end_date_time": "2023-02-13T06:09:12-05:00", "waiting_time": 0, "distance": 1513, "driving_time": 1452, "preparation_time": 0, "load_before": [0], "load_after": [0]}, {"type": "service", "id": "1400187000_11", "location_id": "1400187000", "address": {"location_id": "1400187000", "lat": 42.3110695, "lon": -71.07443838}, "arr_time": 1676286568, "arr_date_time": "2023-02-13T06:09:28-05:00", "end_time": 1676286868, "end_date_time": "2023-02-13T06:14:28-05:00", "waiting_time": 0, "distance": 1530, "driving_time": 1468, "preparation_time": 0, "load_before": [0], "load_after": [0]}, {"type": "service", "id": "1400186000_10", "location_id": "1400186000", "address": {"location_id": "1400186000", "lat": 42.31117797, "lon": -71.07434042}, "arr_time": 1676286909, "arr_date_time": "2023-02-13T06:15:09-05:00", "end_time": 1676287209, "end_date_time": "2023-02-13T06:20:09-05:00", "waiting_time": 0, "distance": 1574, "driving_time": 1509, "preparation_time": 0, "load_before": [0], "load_after": [0]}, {"type": "service", "id": "1400185000_09", "location_id": "1400185000", "address": {"location_id": "1400185000", "lat": 42.31126171, "lon": -71.07457847}, "arr_time": 1676287229, "arr_date_time": "2023-02-13T06:20:29-05:00", "end_time": 1676287529, "end_date_time": "2023-02-13T06:25:29-05:00", "waiting_time": 0, "distance": 1595, "driving_time": 1529, "preparation_time": 0, "load_before": [0], "load_after": [0]}, {"type": "service", "id": "1400184000_08", "location_id": "1400184000", "address": {"location_id": "1400184000", "lat": 42.31130659, "lon": -71.07471533}, "arr_time": 1676287541, "arr_date_time": "2023-02-13T06:25:41-05:00", "end_time": 1676287841, "end_date_time": "2023-02-13T06:30:41-05:00", "waiting_time": 0, "distance": 1607, "driving_time": 1541, "preparation_time": 0, "load_before": [0], "load_after": [0]}, {"type": "service", "id": "1400129000_02", "location_id": "1400129000", "address": {"location_id": "1400129000", "lat": 42.31102099, "lon": -71.0738058}, "arr_time": 1676287923, "arr_date_time": "2023-02-13T06:32:03-05:00", "end_time": 1676288223, "end_date_time": "2023-02-13T06:37:03-05:00", "waiting_time": 0, "distance": 1692, "driving_time": 1623, "preparation_time": 0, "load_before": [0], "load_after": [0]}, {"type": "service", "id": "1400144000_03", "location_id": "1400144000", "address": {"location_id": "1400144000", "lat": 42.31106339, "lon": -71.07280236}, "arr_time": 1676288355, "arr_date_time": "2023-02-13T06:39:15-05:00", "end_time": 1676288655, "end_date_time": "2023-02-13T06:44:15-05:00", "waiting_time": 0, "distance": 1829, "driving_time": 1755, "preparation_time": 0, "load_before": [0], "load_after": [0]}, {"type": "service", "id": "1400388003_42", "location_id": "1400388003", "address": {"location_id": "1400388003", "lat": 42.30949326, "lon": -71.07525993}, "arr_time": 1676288999, "arr_date_time": "2023-02-13T06:49:59-05:00", "end_time": 1676289299, "end_date_time": "2023-02-13T06:54:59-05:00", "waiting_time": 0, "distance": 2187, "driving_time": 2099, "preparation_time": 0, "load_before": [0], "load_after": [0]}, {"type": "service", "id": "1400345010_35", "location_id": "1400345010", "address": {"location_id": "1400345010", "lat": 42.31007246, "lon": -71.07521603}, "arr_time": 1676289539, "arr_date_time": "2023-02-13T06:58:59-05:00", "end_time": 1676289839, "end_date_time": "2023-02-13T07:03:59-05:00", "waiting_time": 0, "distance": 2438, "driving_time": 2339, "preparation_time": 0, "load_before": [0], "load_after": [0]}, {"type": "service", "id": "1400345020_36", "location_id": "1400345020", "address": {"location_id": "1400345020", "lat": 42.30988836, "lon": -71.07528105}, "arr_time": 1676289859, "arr_date_time": "2023-02-13T07:04:19-05:00", "end_time": 1676290159, "end_date_time": "2023-02-13T07:09:19-05:00", "waiting_time": 0, "distance": 2458, "driving_time": 2359, "preparation_time": 0, "load_before": [0], "load_after": [0]}, {"type": "service", "id": "1400345030_37", "location_id": "1400345030", "address": {"location_id": "1400345030", "lat": 42.30995995, "lon": -71.07544831}, "arr_time": 1676290207, "arr_date_time": "2023-02-13T07:10:07-05:00", "end_time": 1676290507, "end_date_time": "2023-02-13T07:15:07-05:00", "waiting_time": 0, "distance": 2508, "driving_time": 2407, "preparation_time": 0, "load_before": [0], "load_after": [0]}, {"type": "service", "id": "1400345040_38", "location_id": "1400345040", "address": {"location_id": "1400345040", "lat": 42.31000428, "lon": -71.07556342}, "arr_time": 1676290517, "arr_date_time": "2023-02-13T07:15:17-05:00", "end_time": 1676290817, "end_date_time": "2023-02-13T07:20:17-05:00", "waiting_time": 0, "distance": 2519, "driving_time": 2417, "preparation_time": 0, "load_before": [0], "load_after": [0]}, {"type": "service", "id": "1400294000_32", "location_id": "1400294000", "address": {"location_id": "1400294000", "lat": 42.31127166, "lon": -71.07759347}, "arr_time": 1676291063, "arr_date_time": "2023-02-13T07:24:23-05:00", "end_time": 1676291363, "end_date_time": "2023-02-13T07:29:23-05:00", "waiting_time": 0, "distance": 2775, "driving_time": 2663, "preparation_time": 0, "load_before": [0], "load_after": [0]}, {"type": "service", "id": "1400291000_31", "location_id": "1400291000", "address": {"location_id": "1400291000", "lat": 42.31164453, "lon": -71.07724106}, "arr_time": 1676291409, "arr_date_time": "2023-02-13T07:30:09-05:00", "end_time": 1676291709, "end_date_time": "2023-02-13T07:35:09-05:00", "waiting_time": 0, "distance": 2824, "driving_time": 2709, "preparation_time": 0, "load_before": [0], "load_after": [0]}, {"type": "service", "id": "1400227000_23", "location_id": "1400227000", "address": {"location_id": "1400227000", "lat": 42.31208436, "lon": -71.07653416}, "arr_time": 1676291760, "arr_date_time": "2023-02-13T07:36:00-05:00", "end_time": 1676292060, "end_date_time": "2023-02-13T07:41:00-05:00", "waiting_time": 0, "distance": 2876, "driving_time": 2760, "preparation_time": 0, "load_before": [0], "load_after": [0]}, {"type": "service", "id": "1400230000_24", "location_id": "1400230000", "address": {"location_id": "1400230000", "lat": 42.31234323, "lon": -71.07699956}, "arr_time": 1676292105, "arr_date_time": "2023-02-13T07:41:45-05:00", "end_time": 1676292405, "end_date_time": "2023-02-13T07:46:45-05:00", "waiting_time": 0, "distance": 2924, "driving_time": 2805, "preparation_time": 0, "load_before": [0], "load_after": [0]}, {"type": "service", "id": "1400258000_26", "location_id": "1400258000", "address": {"location_id": "1400258000", "lat": 42.31241656, "lon": -71.07818731}, "arr_time": 1676292484, "arr_date_time": "2023-02-13T07:48:04-05:00", "end_time": 1676292784, "end_date_time": "2023-02-13T07:53:04-05:00", "waiting_time": 0, "distance": 3006, "driving_time": 2884, "preparation_time": 0, "load_before": [0], "load_after": [0]}, {"type": "service", "id": "1400236000_25", "location_id": "1400236000", "address": {"location_id": "1400236000", "lat": 42.31295484, "lon": -71.07809424}, "arr_time": 1676292813, "arr_date_time": "2023-02-13T07:53:33-05:00", "end_time": 1676293113, "end_date_time": "2023-02-13T07:58:33-05:00", "waiting_time": 0, "distance": 3037, "driving_time": 2913, "preparation_time": 0, "load_before": [0], "load_after": [0]}, {"type": "service", "id": "1400260000_27", "location_id": "1400260000", "address": {"location_id": "1400260000", "lat": 42.31223512, "lon": -71.07785063}, "arr_time": 1676293176, "arr_date_time": "2023-02-13T07:59:36-05:00", "end_time": 1676293476, "end_date_time": "2023-02-13T08:04:36-05:00", "waiting_time": 0, "distance": 3102, "driving_time": 2976, "preparation_time": 0, "load_before": [0], "load_after": [0]}, {"type": "service", "id": "1400272000_28", "location_id": "1400272000", "address": {"location_id": "1400272000", "lat": 42.31232364, "lon": -71.07920825}, "arr_time": 1676293712, "arr_date_time": "2023-02-13T08:08:32-05:00", "end_time": 1676294012, "end_date_time": "2023-02-13T08:13:32-05:00", "waiting_time": 0, "distance": 3348, "driving_time": 3212, "preparation_time": 0, "load_before": [0], "load_after": [0]}, {"type": "service", "id": "1400275000_29", "location_id": "1400275000", "address": {"location_id": "1400275000", "lat": 42.31254018, "lon": -71.07899211}, "arr_time": 1676294067, "arr_date_time": "2023-02-13T08:14:27-05:00", "end_time": 1676294367, "end_date_time": "2023-02-13T08:19:27-05:00", "waiting_time": 0, "distance": 3405, "driving_time": 3267, "preparation_time": 0, "load_before": [0], "load_after": [0]}, {"type": "service", "id": "1400276000_30", "location_id": "1400276000", "address": {"location_id": "1400276000", "lat": 42.31274499, "lon": -71.07929745}, "arr_time": 1676294369, "arr_date_time": "2023-02-13T08:19:29-05:00", "end_time": 1676294669, "end_date_time": "2023-02-13T08:24:29-05:00", "waiting_time": 0, "distance": 3407, "driving_time": 3269, "preparation_time": 0, "load_before": [0], "load_after": [0]}]}], "unassigned": {"services": [], "shipments": [], "breaks": [], "details": []}}}