{"copyrights": ["GraphHopper", "OpenStreetMap contributors"], "job_id": "6596fca9-4aff-408d-84cd-6250b4213cbf", "status": "finished", "waiting_time_in_queue": 0, "processing_time": 112, "solution": {"costs": 337, "distance": 2375, "time": 2280, "transport_time": 2280, "completion_time": 16980, "max_operation_time": 16980, "waiting_time": 0, "service_duration": 14700, "preparation_time": 0, "no_vehicles": 1, "no_unassigned": 0, "routes": [{"vehicle_id": "my_vehicle", "shift_id": "default-shift", "distance": 2375, "transport_time": 2280, "completion_time": 16980, "waiting_time": 0, "service_duration": 14700, "preparation_time": 0, "activities": [{"type": "start", "location_id": "1302963000", "address": {"location_id": "1302963000", "lat": 42.31660422, "lon": -71.05578867}, "arr_time": 1676278800, "arr_date_time": "2023-02-13T04:00:00-05:00", "end_time": 1676278800, "end_date_time": "2023-02-13T04:00:00-05:00", "waiting_time": 0, "distance": 0, "driving_time": 0, "preparation_time": 0, "load_after": [0]}, {"type": "service", "id": "1302951000_36", "location_id": "1302951000", "address": {"location_id": "1302951000", "lat": 42.31644149, "lon": -71.05617975}, "arr_time": 1676278979, "arr_date_time": "2023-02-13T04:02:59-05:00", "end_time": 1676279279, "end_date_time": "2023-02-13T04:07:59-05:00", "waiting_time": 0, "distance": 186, "driving_time": 179, "preparation_time": 0, "load_before": [0], "load_after": [0]}, {"type": "service", "id": "1302946000_35", "location_id": "1302946000", "address": {"location_id": "1302946000", "lat": 42.31629514, "lon": -71.0554465}, "arr_time": 1676279339, "arr_date_time": "2023-02-13T04:08:59-05:00", "end_time": 1676279639, "end_date_time": "2023-02-13T04:13:59-05:00", "waiting_time": 0, "distance": 248, "driving_time": 239, "preparation_time": 0, "load_before": [0], "load_after": [0]}, {"type": "service", "id": "1302944000_34", "location_id": "1302944000", "address": {"location_id": "1302944000", "lat": 42.31623219, "lon": -71.05509971}, "arr_time": 1676279667, "arr_date_time": "2023-02-13T04:14:27-05:00", "end_time": 1676279967, "end_date_time": "2023-02-13T04:19:27-05:00", "waiting_time": 0, "distance": 277, "driving_time": 267, "preparation_time": 0, "load_before": [0], "load_after": [0]}, {"type": "service", "id": "1302942000_33", "location_id": "1302942000", "address": {"location_id": "1302942000", "lat": 42.31618142, "lon": -71.05482835}, "arr_time": 1676279989, "arr_date_time": "2023-02-13T04:19:49-05:00", "end_time": 1676280289, "end_date_time": "2023-02-13T04:24:49-05:00", "waiting_time": 0, "distance": 300, "driving_time": 289, "preparation_time": 0, "load_before": [0], "load_after": [0]}, {"type": "service", "id": "1302941000_32", "location_id": "1302941000", "address": {"location_id": "1302941000", "lat": 42.31614374, "lon": -71.054619}, "arr_time": 1676280307, "arr_date_time": "2023-02-13T04:25:07-05:00", "end_time": 1676280607, "end_date_time": "2023-02-13T04:30:07-05:00", "waiting_time": 0, "distance": 318, "driving_time": 307, "preparation_time": 0, "load_before": [0], "load_after": [0]}, {"type": "service", "id": "1302921000_31", "location_id": "1302921000", "address": {"location_id": "1302921000", "lat": 42.31576652, "lon": -71.054539}, "arr_time": 1676280656, "arr_date_time": "2023-02-13T04:30:56-05:00", "end_time": 1676280956, "end_date_time": "2023-02-13T04:35:56-05:00", "waiting_time": 0, "distance": 370, "driving_time": 356, "preparation_time": 0, "load_before": [0], "load_after": [0]}, {"type": "service", "id": "1302881000_29", "location_id": "1302881000", "address": {"location_id": "1302881000", "lat": 42.3148319, "lon": -71.05488113}, "arr_time": 1676281059, "arr_date_time": "2023-02-13T04:37:39-05:00", "end_time": 1676281359, "end_date_time": "2023-02-13T04:42:39-05:00", "waiting_time": 0, "distance": 477, "driving_time": 459, "preparation_time": 0, "load_before": [0], "load_after": [0]}, {"type": "service", "id": "1302894000_30", "location_id": "1302894000", "address": {"location_id": "1302894000", "lat": 42.31540671, "lon": -71.05545407}, "arr_time": 1676281464, "arr_date_time": "2023-02-13T04:44:24-05:00", "end_time": 1676281764, "end_date_time": "2023-02-13T04:49:24-05:00", "waiting_time": 0, "distance": 586, "driving_time": 564, "preparation_time": 0, "load_before": [0], "load_after": [0]}, {"type": "service", "id": "1302878000_28", "location_id": "1302878000", "address": {"location_id": "1302878000", "lat": 42.31502533, "lon": -71.05520362}, "arr_time": 1676281796, "arr_date_time": "2023-02-13T04:49:56-05:00", "end_time": 1676282096, "end_date_time": "2023-02-13T04:54:56-05:00", "waiting_time": 0, "distance": 619, "driving_time": 596, "preparation_time": 0, "load_before": [0], "load_after": [0]}, {"type": "service", "id": "1302877000_27", "location_id": "1302877000", "address": {"location_id": "1302877000", "lat": 42.31488244, "lon": -71.05516592}, "arr_time": 1676282111, "arr_date_time": "2023-02-13T04:55:11-05:00", "end_time": 1676282411, "end_date_time": "2023-02-13T05:00:11-05:00", "waiting_time": 0, "distance": 634, "driving_time": 611, "preparation_time": 0, "load_before": [0], "load_after": [0]}, {"type": "service", "id": "1302876000_26", "location_id": "1302876000", "address": {"location_id": "1302876000", "lat": 42.31476482, "lon": -71.05520369}, "arr_time": 1676282424, "arr_date_time": "2023-02-13T05:00:24-05:00", "end_time": 1676282724, "end_date_time": "2023-02-13T05:05:24-05:00", "waiting_time": 0, "distance": 647, "driving_time": 624, "preparation_time": 0, "load_before": [0], "load_after": [0]}, {"type": "service", "id": "1302852000_19", "location_id": "1302852000", "address": {"location_id": "1302852000", "lat": 42.31467955, "lon": -71.05624591}, "arr_time": 1676282799, "arr_date_time": "2023-02-13T05:06:39-05:00", "end_time": 1676283099, "end_date_time": "2023-02-13T05:11:39-05:00", "waiting_time": 0, "distance": 725, "driving_time": 699, "preparation_time": 0, "load_before": [0], "load_after": [0]}, {"type": "service", "id": "1302873000_25", "location_id": "1302873000", "address": {"location_id": "1302873000", "lat": 42.31440705, "lon": -71.05532034}, "arr_time": 1676283187, "arr_date_time": "2023-02-13T05:13:07-05:00", "end_time": 1676283487, "end_date_time": "2023-02-13T05:18:07-05:00", "waiting_time": 0, "distance": 817, "driving_time": 787, "preparation_time": 0, "load_before": [0], "load_after": [0]}, {"type": "service", "id": "1302871000_24", "location_id": "1302871000", "address": {"location_id": "1302871000", "lat": 42.31417473, "lon": -71.05539541}, "arr_time": 1676283512, "arr_date_time": "2023-02-13T05:18:32-05:00", "end_time": 1676283812, "end_date_time": "2023-02-13T05:23:32-05:00", "waiting_time": 0, "distance": 844, "driving_time": 812, "preparation_time": 0, "load_before": [0], "load_after": [0]}, {"type": "service", "id": "1302843000_18", "location_id": "1302843000", "address": {"location_id": "1302843000", "lat": 42.31415842, "lon": -71.05616712}, "arr_time": 1676283857, "arr_date_time": "2023-02-13T05:24:17-05:00", "end_time": 1676284157, "end_date_time": "2023-02-13T05:29:17-05:00", "waiting_time": 0, "distance": 891, "driving_time": 857, "preparation_time": 0, "load_before": [0], "load_after": [0]}, {"type": "service", "id": "1302862000_20", "location_id": "1302862000", "address": {"location_id": "1302862000", "lat": 42.31446967, "lon": -71.05618341}, "arr_time": 1676284167, "arr_date_time": "2023-02-13T05:29:27-05:00", "end_time": 1676284467, "end_date_time": "2023-02-13T05:34:27-05:00", "waiting_time": 0, "distance": 901, "driving_time": 867, "preparation_time": 0, "load_before": [0], "load_after": [0]}, {"type": "service", "id": "1302870000_23", "location_id": "1302870000", "address": {"location_id": "1302870000", "lat": 42.31406115, "lon": -71.05543238}, "arr_time": 1676284531, "arr_date_time": "2023-02-13T05:35:31-05:00", "end_time": 1676284831, "end_date_time": "2023-02-13T05:40:31-05:00", "waiting_time": 0, "distance": 968, "driving_time": 931, "preparation_time": 0, "load_before": [0], "load_after": [0]}, {"type": "service", "id": "1302869000_22", "location_id": "1302869000", "address": {"location_id": "1302869000", "lat": 42.31395443, "lon": -71.05546701}, "arr_time": 1676284843, "arr_date_time": "2023-02-13T05:40:43-05:00", "end_time": 1676285143, "end_date_time": "2023-02-13T05:45:43-05:00", "waiting_time": 0, "distance": 980, "driving_time": 943, "preparation_time": 0, "load_before": [0], "load_after": [0]}, {"type": "service", "id": "1302830000_16", "location_id": "1302830000", "address": {"location_id": "1302830000", "lat": 42.31361103, "lon": -71.05616439}, "arr_time": 1676285201, "arr_date_time": "2023-02-13T05:46:41-05:00", "end_time": 1676285501, "end_date_time": "2023-02-13T05:51:41-05:00", "waiting_time": 0, "distance": 1041, "driving_time": 1001, "preparation_time": 0, "load_before": [0], "load_after": [0]}, {"type": "service", "id": "1302836000_17", "location_id": "1302836000", "address": {"location_id": "1302836000", "lat": 42.31402339, "lon": -71.05651547}, "arr_time": 1676285539, "arr_date_time": "2023-02-13T05:52:19-05:00", "end_time": 1676285839, "end_date_time": "2023-02-13T05:57:19-05:00", "waiting_time": 0, "distance": 1080, "driving_time": 1039, "preparation_time": 0, "load_before": [0], "load_after": [0]}, {"type": "service", "id": "1302868000_21", "location_id": "1302868000", "address": {"location_id": "1302868000", "lat": 42.31381853, "lon": -71.05551201}, "arr_time": 1676285921, "arr_date_time": "2023-02-13T05:58:41-05:00", "end_time": 1676286221, "end_date_time": "2023-02-13T06:03:41-05:00", "waiting_time": 0, "distance": 1166, "driving_time": 1121, "preparation_time": 0, "load_before": [0], "load_after": [0]}, {"type": "service", "id": "1302806000_15", "location_id": "1302806000", "address": {"location_id": "1302806000", "lat": 42.31338652, "lon": -71.05534146}, "arr_time": 1676286291, "arr_date_time": "2023-02-13T06:04:51-05:00", "end_time": 1676286591, "end_date_time": "2023-02-13T06:09:51-05:00", "waiting_time": 0, "distance": 1238, "driving_time": 1191, "preparation_time": 0, "load_before": [0], "load_after": [0]}, {"type": "service", "id": "1302802000_14", "location_id": "1302802000", "address": {"location_id": "1302802000", "lat": 42.31341843, "lon": -71.05563516}, "arr_time": 1676286705, "arr_date_time": "2023-02-13T06:11:45-05:00", "end_time": 1676287005, "end_date_time": "2023-02-13T06:16:45-05:00", "waiting_time": 0, "distance": 1357, "driving_time": 1305, "preparation_time": 0, "load_before": [0], "load_after": [0]}, {"type": "service", "id": "1302801000_13", "location_id": "1302801000", "address": {"location_id": "1302801000", "lat": 42.31329341, "lon": -71.05567359}, "arr_time": 1676287019, "arr_date_time": "2023-02-13T06:16:59-05:00", "end_time": 1676287319, "end_date_time": "2023-02-13T06:21:59-05:00", "waiting_time": 0, "distance": 1371, "driving_time": 1319, "preparation_time": 0, "load_before": [0], "load_after": [0]}, {"type": "service", "id": "1302800060_12", "location_id": "1302800060", "address": {"location_id": "1302800060", "lat": 42.31316212, "lon": -71.05562154}, "arr_time": 1676287332, "arr_date_time": "2023-02-13T06:22:12-05:00", "end_time": 1676287632, "end_date_time": "2023-02-13T06:27:12-05:00", "waiting_time": 0, "distance": 1384, "driving_time": 1332, "preparation_time": 0, "load_before": [0], "load_after": [0]}, {"type": "service", "id": "1302800040_11", "location_id": "1302800040", "address": {"location_id": "1302800040", "lat": 42.31301944, "lon": -71.05583435}, "arr_time": 1676287651, "arr_date_time": "2023-02-13T06:27:31-05:00", "end_time": 1676287951, "end_date_time": "2023-02-13T06:32:31-05:00", "waiting_time": 0, "distance": 1404, "driving_time": 1351, "preparation_time": 0, "load_before": [0], "load_after": [0]}, {"type": "service", "id": "1503182000_43", "location_id": "1503182000", "address": {"location_id": "1503182000", "lat": 42.31230102, "lon": -71.05597549}, "arr_time": 1676288028, "arr_date_time": "2023-02-13T06:33:48-05:00", "end_time": 1676288328, "end_date_time": "2023-02-13T06:38:48-05:00", "waiting_time": 0, "distance": 1484, "driving_time": 1428, "preparation_time": 0, "load_before": [0], "load_after": [0]}, {"type": "service", "id": "1503145000_37", "location_id": "1503145000", "address": {"location_id": "1503145000", "lat": 42.31232282, "lon": -71.05652434}, "arr_time": 1676288336, "arr_date_time": "2023-02-13T06:38:56-05:00", "end_time": 1676288636, "end_date_time": "2023-02-13T06:43:56-05:00", "waiting_time": 0, "distance": 1492, "driving_time": 1436, "preparation_time": 0, "load_before": [0], "load_after": [0]}, {"type": "service", "id": "1503147000_38", "location_id": "1503147000", "address": {"location_id": "1503147000", "lat": 42.31211479, "lon": -71.05658857}, "arr_time": 1676288659, "arr_date_time": "2023-02-13T06:44:19-05:00", "end_time": 1676288959, "end_date_time": "2023-02-13T06:49:19-05:00", "waiting_time": 0, "distance": 1516, "driving_time": 1459, "preparation_time": 0, "load_before": [0], "load_after": [0]}, {"type": "service", "id": "1503178000_42", "location_id": "1503178000", "address": {"location_id": "1503178000", "lat": 42.31186282, "lon": -71.05602236}, "arr_time": 1676288975, "arr_date_time": "2023-02-13T06:49:35-05:00", "end_time": 1676289275, "end_date_time": "2023-02-13T06:54:35-05:00", "waiting_time": 0, "distance": 1532, "driving_time": 1475, "preparation_time": 0, "load_before": [0], "load_after": [0]}, {"type": "service", "id": "1503153000_39", "location_id": "1503153000", "address": {"location_id": "1503153000", "lat": 42.31146834, "lon": -71.05678901}, "arr_time": 1676289329, "arr_date_time": "2023-02-13T06:55:29-05:00", "end_time": 1676289629, "end_date_time": "2023-02-13T07:00:29-05:00", "waiting_time": 0, "distance": 1590, "driving_time": 1529, "preparation_time": 0, "load_before": [0], "load_after": [0]}, {"type": "service", "id": "1503173000_40", "location_id": "1503173000", "address": {"location_id": "1503173000", "lat": 42.31133391, "lon": -71.05628974}, "arr_time": 1676289633, "arr_date_time": "2023-02-13T07:00:33-05:00", "end_time": 1676289933, "end_date_time": "2023-02-13T07:05:33-05:00", "waiting_time": 0, "distance": 1595, "driving_time": 1533, "preparation_time": 0, "load_before": [0], "load_after": [0]}, {"type": "service", "id": "1503174000_41", "location_id": "1503174000", "address": {"location_id": "1503174000", "lat": 42.31143392, "lon": -71.05625811}, "arr_time": 1676289944, "arr_date_time": "2023-02-13T07:05:44-05:00", "end_time": 1676290244, "end_date_time": "2023-02-13T07:10:44-05:00", "waiting_time": 0, "distance": 1606, "driving_time": 1544, "preparation_time": 0, "load_before": [0], "load_after": [0]}, {"type": "service", "id": "1302800020_10", "location_id": "1302800020", "address": {"location_id": "1302800020", "lat": 42.31297114, "lon": -71.05568544}, "arr_time": 1676290415, "arr_date_time": "2023-02-13T07:13:35-05:00", "end_time": 1676290715, "end_date_time": "2023-02-13T07:18:35-05:00", "waiting_time": 0, "distance": 1784, "driving_time": 1715, "preparation_time": 0, "load_before": [0], "load_after": [0]}, {"type": "service", "id": "1503184010_44", "location_id": "1503184010", "address": {"location_id": "1503184010", "lat": 42.31258826, "lon": -71.05580995}, "arr_time": 1676290728, "arr_date_time": "2023-02-13T07:18:48-05:00", "end_time": 1676291028, "end_date_time": "2023-02-13T07:23:48-05:00", "waiting_time": 0, "distance": 1798, "driving_time": 1728, "preparation_time": 0, "load_before": [0], "load_after": [0]}, {"type": "service", "id": "1302800000_09", "location_id": "1302800000", "address": {"location_id": "1302800000", "lat": 42.31286743, "lon": -71.05555881}, "arr_time": 1676291028, "arr_date_time": "2023-02-13T07:23:48-05:00", "end_time": 1676291328, "end_date_time": "2023-02-13T07:28:48-05:00", "waiting_time": 0, "distance": 1799, "driving_time": 1728, "preparation_time": 0, "load_before": [0], "load_after": [0]}, {"type": "service", "id": "1503185000_45", "location_id": "1503185000", "address": {"location_id": "1503185000", "lat": 42.31244292, "lon": -71.05572625}, "arr_time": 1676291341, "arr_date_time": "2023-02-13T07:29:01-05:00", "end_time": 1676291641, "end_date_time": "2023-02-13T07:34:01-05:00", "waiting_time": 0, "distance": 1813, "driving_time": 1741, "preparation_time": 0, "load_before": [0], "load_after": [0]}, {"type": "service", "id": "1503186000_46", "location_id": "1503186000", "address": {"location_id": "1503186000", "lat": 42.31241498, "lon": -71.05562135}, "arr_time": 1676291649, "arr_date_time": "2023-02-13T07:34:09-05:00", "end_time": 1676291949, "end_date_time": "2023-02-13T07:39:09-05:00", "waiting_time": 0, "distance": 1822, "driving_time": 1749, "preparation_time": 0, "load_before": [0], "load_after": [0]}, {"type": "service", "id": "1503188000_47", "location_id": "1503188000", "address": {"location_id": "1503188000", "lat": 42.31235922, "lon": -71.05541325}, "arr_time": 1676291968, "arr_date_time": "2023-02-13T07:39:28-05:00", "end_time": 1676292268, "end_date_time": "2023-02-13T07:44:28-05:00", "waiting_time": 0, "distance": 1842, "driving_time": 1768, "preparation_time": 0, "load_before": [0], "load_after": [0]}, {"type": "service", "id": "1503190010_48", "location_id": "1503190010", "address": {"location_id": "1503190010", "lat": 42.31224084, "lon": -71.05526932}, "arr_time": 1676292313, "arr_date_time": "2023-02-13T07:45:13-05:00", "end_time": 1676292613, "end_date_time": "2023-02-13T07:50:13-05:00", "waiting_time": 0, "distance": 1890, "driving_time": 1813, "preparation_time": 0, "load_before": [0], "load_after": [0]}, {"type": "service", "id": "1503192000_49", "location_id": "1503192000", "address": {"location_id": "1503192000", "lat": 42.31194899, "lon": -71.05549364}, "arr_time": 1676292648, "arr_date_time": "2023-02-13T07:50:48-05:00", "end_time": 1676292948, "end_date_time": "2023-02-13T07:55:48-05:00", "waiting_time": 0, "distance": 1926, "driving_time": 1848, "preparation_time": 0, "load_before": [0], "load_after": [0]}, {"type": "service", "id": "1302186000_04", "location_id": "1302186000", "address": {"location_id": "1302186000", "lat": 42.3110987, "lon": -71.05531565}, "arr_time": 1676293031, "arr_date_time": "2023-02-13T07:57:11-05:00", "end_time": 1676293331, "end_date_time": "2023-02-13T08:02:11-05:00", "waiting_time": 0, "distance": 2012, "driving_time": 1931, "preparation_time": 0, "load_before": [0], "load_after": [0]}, {"type": "service", "id": "1302185000_03", "location_id": "1302185000", "address": {"location_id": "1302185000", "lat": 42.31101955, "lon": -71.05534909}, "arr_time": 1676293368, "arr_date_time": "2023-02-13T08:02:48-05:00", "end_time": 1676293668, "end_date_time": "2023-02-13T08:07:48-05:00", "waiting_time": 0, "distance": 2050, "driving_time": 1968, "preparation_time": 0, "load_before": [0], "load_after": [0]}, {"type": "service", "id": "1302208000_06", "location_id": "1302208000", "address": {"location_id": "1302208000", "lat": 42.31096423, "lon": -71.05453996}, "arr_time": 1676293736, "arr_date_time": "2023-02-13T08:08:56-05:00", "end_time": 1676294036, "end_date_time": "2023-02-13T08:13:56-05:00", "waiting_time": 0, "distance": 2121, "driving_time": 2036, "preparation_time": 0, "load_before": [0], "load_after": [0]}, {"type": "service", "id": "1302183000_02", "location_id": "1302183000", "address": {"location_id": "1302183000", "lat": 42.31108713, "lon": -71.05497392}, "arr_time": 1676294039, "arr_date_time": "2023-02-13T08:13:59-05:00", "end_time": 1676294339, "end_date_time": "2023-02-13T08:18:59-05:00", "waiting_time": 0, "distance": 2124, "driving_time": 2039, "preparation_time": 0, "load_before": [0], "load_after": [0]}, {"type": "service", "id": "1302209000_07", "location_id": "1302209000", "address": {"location_id": "1302209000", "lat": 42.31105771, "lon": -71.05450008}, "arr_time": 1676294347, "arr_date_time": "2023-02-13T08:19:07-05:00", "end_time": 1676294647, "end_date_time": "2023-02-13T08:24:07-05:00", "waiting_time": 0, "distance": 2132, "driving_time": 2047, "preparation_time": 0, "load_before": [0], "load_after": [0]}, {"type": "service", "id": "1302180000_01", "location_id": "1302180000", "address": {"location_id": "1302180000", "lat": 42.31148472, "lon": -71.05480551}, "arr_time": 1676294683, "arr_date_time": "2023-02-13T08:24:43-05:00", "end_time": 1676294983, "end_date_time": "2023-02-13T08:29:43-05:00", "waiting_time": 0, "distance": 2170, "driving_time": 2083, "preparation_time": 0, "load_before": [0], "load_after": [0]}, {"type": "service", "id": "1302212000_08", "location_id": "1302212000", "address": {"location_id": "1302212000", "lat": 42.31140458, "lon": -71.05435546}, "arr_time": 1676294985, "arr_date_time": "2023-02-13T08:29:45-05:00", "end_time": 1676295285, "end_date_time": "2023-02-13T08:34:45-05:00", "waiting_time": 0, "distance": 2172, "driving_time": 2085, "preparation_time": 0, "load_before": [0], "load_after": [0]}, {"type": "service", "id": "1302203000_05", "location_id": "1302203000", "address": {"location_id": "1302203000", "lat": 42.31119643, "lon": -71.05409433}, "arr_time": 1676295480, "arr_date_time": "2023-02-13T08:38:00-05:00", "end_time": 1676295780, "end_date_time": "2023-02-13T08:43:00-05:00", "waiting_time": 0, "distance": 2375, "driving_time": 2280, "preparation_time": 0, "load_before": [0], "load_after": [0]}]}], "unassigned": {"services": [], "shipments": [], "breaks": [], "details": []}}}