{"copyrights": ["GraphHopper", "OpenStreetMap contributors"], "job_id": "3afb21eb-7a64-4f84-8737-810d7f560449", "status": "finished", "waiting_time_in_queue": 0, "processing_time": 169, "solution": {"costs": 352, "distance": 3098, "time": 2980, "transport_time": 2980, "completion_time": 18880, "max_operation_time": 18880, "waiting_time": 0, "service_duration": 15900, "preparation_time": 0, "no_vehicles": 1, "no_unassigned": 0, "routes": [{"vehicle_id": "my_vehicle", "shift_id": "default-shift", "distance": 3098, "transport_time": 2980, "completion_time": 18880, "waiting_time": 0, "service_duration": 15900, "preparation_time": 0, "activities": [{"type": "start", "location_id": "1402041000", "address": {"location_id": "1402041000", "lat": 42.29611628, "lon": -71.08184675}, "arr_time": 1676278800, "arr_date_time": "2023-02-13T04:00:00-05:00", "end_time": 1676278800, "end_date_time": "2023-02-13T04:00:00-05:00", "waiting_time": 0, "distance": 0, "driving_time": 0, "preparation_time": 0, "load_after": [0]}, {"type": "service", "id": "1402031000_04", "location_id": "1402031000", "address": {"location_id": "1402031000", "lat": 42.29581318, "lon": -71.08368558}, "arr_time": 1676278955, "arr_date_time": "2023-02-13T04:02:35-05:00", "end_time": 1676279255, "end_date_time": "2023-02-13T04:07:35-05:00", "waiting_time": 0, "distance": 161, "driving_time": 155, "preparation_time": 0, "load_before": [0], "load_after": [0]}, {"type": "service", "id": "1402013000_02", "location_id": "1402013000", "address": {"location_id": "1402013000", "lat": 42.29569728, "lon": -71.08458322}, "arr_time": 1676279327, "arr_date_time": "2023-02-13T04:08:47-05:00", "end_time": 1676279627, "end_date_time": "2023-02-13T04:13:47-05:00", "waiting_time": 0, "distance": 236, "driving_time": 227, "preparation_time": 0, "load_before": [0], "load_after": [0]}, {"type": "service", "id": "1402014000_03", "location_id": "1402014000", "address": {"location_id": "1402014000", "lat": 42.29571395, "lon": -71.08441938}, "arr_time": 1676279669, "arr_date_time": "2023-02-13T04:14:29-05:00", "end_time": 1676279969, "end_date_time": "2023-02-13T04:19:29-05:00", "waiting_time": 0, "distance": 280, "driving_time": 269, "preparation_time": 0, "load_before": [0], "load_after": [0]}, {"type": "service", "id": "1402011000_01", "location_id": "1402011000", "address": {"location_id": "1402011000", "lat": 42.2954447, "lon": -71.08471553}, "arr_time": 1676279989, "arr_date_time": "2023-02-13T04:19:49-05:00", "end_time": 1676280289, "end_date_time": "2023-02-13T04:24:49-05:00", "waiting_time": 0, "distance": 301, "driving_time": 289, "preparation_time": 0, "load_before": [0], "load_after": [0]}, {"type": "service", "id": "1402089000_08", "location_id": "1402089000", "address": {"location_id": "1402089000", "lat": 42.2949741, "lon": -71.08373404}, "arr_time": 1676280363, "arr_date_time": "2023-02-13T04:26:03-05:00", "end_time": 1676280663, "end_date_time": "2023-02-13T04:31:03-05:00", "waiting_time": 0, "distance": 377, "driving_time": 363, "preparation_time": 0, "load_before": [0], "load_after": [0]}, {"type": "service", "id": "1402078000_07", "location_id": "1402078000", "address": {"location_id": "1402078000", "lat": 42.29485292, "lon": -71.08419942}, "arr_time": 1676280712, "arr_date_time": "2023-02-13T04:31:52-05:00", "end_time": 1676281012, "end_date_time": "2023-02-13T04:36:52-05:00", "waiting_time": 0, "distance": 428, "driving_time": 412, "preparation_time": 0, "load_before": [0], "load_after": [0]}, {"type": "service", "id": "1402093000_09", "location_id": "1402093000", "address": {"location_id": "1402093000", "lat": 42.2950906, "lon": -71.08324673}, "arr_time": 1676281097, "arr_date_time": "2023-02-13T04:38:17-05:00", "end_time": 1676281397, "end_date_time": "2023-02-13T04:43:17-05:00", "waiting_time": 0, "distance": 517, "driving_time": 497, "preparation_time": 0, "load_before": [0], "load_after": [0]}, {"type": "service", "id": "1402102000_10", "location_id": "1402102000", "address": {"location_id": "1402102000", "lat": 42.29543312, "lon": -71.08144759}, "arr_time": 1676281543, "arr_date_time": "2023-02-13T04:45:43-05:00", "end_time": 1676281843, "end_date_time": "2023-02-13T04:50:43-05:00", "waiting_time": 0, "distance": 668, "driving_time": 643, "preparation_time": 0, "load_before": [0], "load_after": [0]}, {"type": "service", "id": "1402048000_06", "location_id": "1402048000", "address": {"location_id": "1402048000", "lat": 42.29583612, "lon": -71.08124885}, "arr_time": 1676281869, "arr_date_time": "2023-02-13T04:51:09-05:00", "end_time": 1676282169, "end_date_time": "2023-02-13T04:56:09-05:00", "waiting_time": 0, "distance": 695, "driving_time": 669, "preparation_time": 0, "load_before": [0], "load_after": [0]}, {"type": "service", "id": "1402047000_05", "location_id": "1402047000", "address": {"location_id": "1402047000", "lat": 42.29586456, "lon": -71.08110833}, "arr_time": 1676282181, "arr_date_time": "2023-02-13T04:56:21-05:00", "end_time": 1676282481, "end_date_time": "2023-02-13T05:01:21-05:00", "waiting_time": 0, "distance": 707, "driving_time": 681, "preparation_time": 0, "load_before": [0], "load_after": [0]}, {"type": "service", "id": "1402105000_11", "location_id": "1402105000", "address": {"location_id": "1402105000", "lat": 42.29554373, "lon": -71.08087559}, "arr_time": 1676282523, "arr_date_time": "2023-02-13T05:02:03-05:00", "end_time": 1676282823, "end_date_time": "2023-02-13T05:07:03-05:00", "waiting_time": 0, "distance": 750, "driving_time": 723, "preparation_time": 0, "load_before": [0], "load_after": [0]}, {"type": "service", "id": "1402106000_12", "location_id": "1402106000", "address": {"location_id": "1402106000", "lat": 42.29535784, "lon": -71.08084702}, "arr_time": 1676282843, "arr_date_time": "2023-02-13T05:07:23-05:00", "end_time": 1676283143, "end_date_time": "2023-02-13T05:12:23-05:00", "waiting_time": 0, "distance": 771, "driving_time": 743, "preparation_time": 0, "load_before": [0], "load_after": [0]}, {"type": "service", "id": "1402114000_13", "location_id": "1402114000", "address": {"location_id": "1402114000", "lat": 42.29506344, "lon": -71.08193092}, "arr_time": 1676283287, "arr_date_time": "2023-02-13T05:14:47-05:00", "end_time": 1676283587, "end_date_time": "2023-02-13T05:19:47-05:00", "waiting_time": 0, "distance": 920, "driving_time": 887, "preparation_time": 0, "load_before": [0], "load_after": [0]}, {"type": "service", "id": "1402136000_15", "location_id": "1402136000", "address": {"location_id": "1402136000", "lat": 42.29462589, "lon": -71.08185338}, "arr_time": 1676283593, "arr_date_time": "2023-02-13T05:19:53-05:00", "end_time": 1676283893, "end_date_time": "2023-02-13T05:24:53-05:00", "waiting_time": 0, "distance": 926, "driving_time": 893, "preparation_time": 0, "load_before": [0], "load_after": [0]}, {"type": "service", "id": "1402115000_14", "location_id": "1402115000", "address": {"location_id": "1402115000", "lat": 42.29502989, "lon": -71.08210593}, "arr_time": 1676283901, "arr_date_time": "2023-02-13T05:25:01-05:00", "end_time": 1676284201, "end_date_time": "2023-02-13T05:30:01-05:00", "waiting_time": 0, "distance": 934, "driving_time": 901, "preparation_time": 0, "load_before": [0], "load_after": [0]}, {"type": "service", "id": "1402280000_46", "location_id": "1402280000", "address": {"location_id": "1402280000", "lat": 42.29475155, "lon": -71.08011815}, "arr_time": 1676284371, "arr_date_time": "2023-02-13T05:32:51-05:00", "end_time": 1676284671, "end_date_time": "2023-02-13T05:37:51-05:00", "waiting_time": 0, "distance": 1111, "driving_time": 1071, "preparation_time": 0, "load_before": [0], "load_after": [0]}, {"type": "service", "id": "1402144000_16", "location_id": "1402144000", "address": {"location_id": "1402144000", "lat": 42.29466512, "lon": -71.08056413}, "arr_time": 1676284671, "arr_date_time": "2023-02-13T05:37:51-05:00", "end_time": 1676284971, "end_date_time": "2023-02-13T05:42:51-05:00", "waiting_time": 0, "distance": 1111, "driving_time": 1071, "preparation_time": 0, "load_before": [0], "load_after": [0]}, {"type": "service", "id": "1402281000_47", "location_id": "1402281000", "address": {"location_id": "1402281000", "lat": 42.29460347, "lon": -71.0800615}, "arr_time": 1676284987, "arr_date_time": "2023-02-13T05:43:07-05:00", "end_time": 1676285287, "end_date_time": "2023-02-13T05:48:07-05:00", "waiting_time": 0, "distance": 1128, "driving_time": 1087, "preparation_time": 0, "load_before": [0], "load_after": [0]}, {"type": "service", "id": "1402175010_18", "location_id": "1402175010", "address": {"location_id": "1402175010", "lat": 42.29417376, "lon": -71.08082728}, "arr_time": 1676285349, "arr_date_time": "2023-02-13T05:49:09-05:00", "end_time": 1676285649, "end_date_time": "2023-02-13T05:54:09-05:00", "waiting_time": 0, "distance": 1193, "driving_time": 1149, "preparation_time": 0, "load_before": [0], "load_after": [0]}, {"type": "service", "id": "1402173000_17", "location_id": "1402173000", "address": {"location_id": "1402173000", "lat": 42.29405281, "lon": -71.08121967}, "arr_time": 1676285683, "arr_date_time": "2023-02-13T05:54:43-05:00", "end_time": 1676285983, "end_date_time": "2023-02-13T05:59:43-05:00", "waiting_time": 0, "distance": 1228, "driving_time": 1183, "preparation_time": 0, "load_before": [0], "load_after": [0]}, {"type": "service", "id": "1402180000_19", "location_id": "1402180000", "address": {"location_id": "1402180000", "lat": 42.29409651, "lon": -71.08040245}, "arr_time": 1676286101, "arr_date_time": "2023-02-13T06:01:41-05:00", "end_time": 1676286401, "end_date_time": "2023-02-13T06:06:41-05:00", "waiting_time": 0, "distance": 1351, "driving_time": 1301, "preparation_time": 0, "load_before": [0], "load_after": [0]}, {"type": "service", "id": "1402260000_38", "location_id": "1402260000", "address": {"location_id": "1402260000", "lat": 42.29358017, "lon": -71.07964751}, "arr_time": 1676286471, "arr_date_time": "2023-02-13T06:07:51-05:00", "end_time": 1676286771, "end_date_time": "2023-02-13T06:12:51-05:00", "waiting_time": 0, "distance": 1423, "driving_time": 1371, "preparation_time": 0, "load_before": [0], "load_after": [0]}, {"type": "service", "id": "1402258000_37", "location_id": "1402258000", "address": {"location_id": "1402258000", "lat": 42.29331954, "lon": -71.07954947}, "arr_time": 1676286800, "arr_date_time": "2023-02-13T06:13:20-05:00", "end_time": 1676287100, "end_date_time": "2023-02-13T06:18:20-05:00", "waiting_time": 0, "distance": 1453, "driving_time": 1400, "preparation_time": 0, "load_before": [0], "load_after": [0]}, {"type": "service", "id": "1402257020_36", "location_id": "1402257020", "address": {"location_id": "1402257020", "lat": 42.29319922, "lon": -71.07950421}, "arr_time": 1676287113, "arr_date_time": "2023-02-13T06:18:33-05:00", "end_time": 1676287413, "end_date_time": "2023-02-13T06:23:33-05:00", "waiting_time": 0, "distance": 1467, "driving_time": 1413, "preparation_time": 0, "load_before": [0], "load_after": [0]}, {"type": "service", "id": "1402257010_35", "location_id": "1402257010", "address": {"location_id": "1402257010", "lat": 42.29310153, "lon": -71.07946744}, "arr_time": 1676287424, "arr_date_time": "2023-02-13T06:23:44-05:00", "end_time": 1676287724, "end_date_time": "2023-02-13T06:28:44-05:00", "waiting_time": 0, "distance": 1478, "driving_time": 1424, "preparation_time": 0, "load_before": [0], "load_after": [0]}, {"type": "service", "id": "1402229000_26", "location_id": "1402229000", "address": {"location_id": "1402229000", "lat": 42.29292171, "lon": -71.079949}, "arr_time": 1676287732, "arr_date_time": "2023-02-13T06:28:52-05:00", "end_time": 1676288032, "end_date_time": "2023-02-13T06:33:52-05:00", "waiting_time": 0, "distance": 1487, "driving_time": 1432, "preparation_time": 0, "load_before": [0], "load_after": [0]}, {"type": "service", "id": "1402265000_39", "location_id": "1402265000", "address": {"location_id": "1402265000", "lat": 42.29253716, "lon": -71.07854049}, "arr_time": 1676288241, "arr_date_time": "2023-02-13T06:37:21-05:00", "end_time": 1676288541, "end_date_time": "2023-02-13T06:42:21-05:00", "waiting_time": 0, "distance": 1706, "driving_time": 1641, "preparation_time": 0, "load_before": [0], "load_after": [0]}, {"type": "service", "id": "1402250000_34", "location_id": "1402250000", "address": {"location_id": "1402250000", "lat": 42.29261065, "lon": -71.07895418}, "arr_time": 1676288667, "arr_date_time": "2023-02-13T06:44:27-05:00", "end_time": 1676288967, "end_date_time": "2023-02-13T06:49:27-05:00", "waiting_time": 0, "distance": 1836, "driving_time": 1767, "preparation_time": 0, "load_before": [0], "load_after": [0]}, {"type": "service", "id": "1402249000_33", "location_id": "1402249000", "address": {"location_id": "1402249000", "lat": 42.2927464, "lon": -71.07901058}, "arr_time": 1676288981, "arr_date_time": "2023-02-13T06:49:41-05:00", "end_time": 1676289281, "end_date_time": "2023-02-13T06:54:41-05:00", "waiting_time": 0, "distance": 1852, "driving_time": 1781, "preparation_time": 0, "load_before": [0], "load_after": [0]}, {"type": "service", "id": "1402268000_40", "location_id": "1402268000", "address": {"location_id": "1402268000", "lat": 42.29292702, "lon": -71.07859796}, "arr_time": 1676289297, "arr_date_time": "2023-02-13T06:54:57-05:00", "end_time": 1676289597, "end_date_time": "2023-02-13T06:59:57-05:00", "waiting_time": 0, "distance": 1868, "driving_time": 1797, "preparation_time": 0, "load_before": [0], "load_after": [0]}, {"type": "service", "id": "1402247000_32", "location_id": "1402247000", "address": {"location_id": "1402247000", "lat": 42.2930206, "lon": -71.07908264}, "arr_time": 1676289612, "arr_date_time": "2023-02-13T07:00:12-05:00", "end_time": 1676289912, "end_date_time": "2023-02-13T07:05:12-05:00", "waiting_time": 0, "distance": 1883, "driving_time": 1812, "preparation_time": 0, "load_before": [0], "load_after": [0]}, {"type": "service", "id": "1402246000_31", "location_id": "1402246000", "address": {"location_id": "1402246000", "lat": 42.29313973, "lon": -71.07911373}, "arr_time": 1676289925, "arr_date_time": "2023-02-13T07:05:25-05:00", "end_time": 1676290225, "end_date_time": "2023-02-13T07:10:25-05:00", "waiting_time": 0, "distance": 1896, "driving_time": 1825, "preparation_time": 0, "load_before": [0], "load_after": [0]}, {"type": "service", "id": "1402270000_41", "location_id": "1402270000", "address": {"location_id": "1402270000", "lat": 42.29320228, "lon": -71.07862253}, "arr_time": 1676290228, "arr_date_time": "2023-02-13T07:10:28-05:00", "end_time": 1676290528, "end_date_time": "2023-02-13T07:15:28-05:00", "waiting_time": 0, "distance": 1898, "driving_time": 1828, "preparation_time": 0, "load_before": [0], "load_after": [0]}, {"type": "service", "id": "1402271000_42", "location_id": "1402271000", "address": {"location_id": "1402271000", "lat": 42.29332978, "lon": -71.07864155}, "arr_time": 1676290541, "arr_date_time": "2023-02-13T07:15:41-05:00", "end_time": 1676290841, "end_date_time": "2023-02-13T07:20:41-05:00", "waiting_time": 0, "distance": 1912, "driving_time": 1841, "preparation_time": 0, "load_before": [0], "load_after": [0]}, {"type": "service", "id": "1402244000_30", "location_id": "1402244000", "address": {"location_id": "1402244000", "lat": 42.29337549, "lon": -71.07917561}, "arr_time": 1676290851, "arr_date_time": "2023-02-13T07:20:51-05:00", "end_time": 1676291151, "end_date_time": "2023-02-13T07:25:51-05:00", "waiting_time": 0, "distance": 1922, "driving_time": 1851, "preparation_time": 0, "load_before": [0], "load_after": [0]}, {"type": "service", "id": "1402243000_29", "location_id": "1402243000", "address": {"location_id": "1402243000", "lat": 42.29349092, "lon": -71.07920577}, "arr_time": 1676291163, "arr_date_time": "2023-02-13T07:26:03-05:00", "end_time": 1676291463, "end_date_time": "2023-02-13T07:31:03-05:00", "waiting_time": 0, "distance": 1935, "driving_time": 1863, "preparation_time": 0, "load_before": [0], "load_after": [0]}, {"type": "service", "id": "1402241000_28", "location_id": "1402241000", "address": {"location_id": "1402241000", "lat": 42.29370493, "lon": -71.07926221}, "arr_time": 1676291485, "arr_date_time": "2023-02-13T07:31:25-05:00", "end_time": 1676291785, "end_date_time": "2023-02-13T07:36:25-05:00", "waiting_time": 0, "distance": 1959, "driving_time": 1885, "preparation_time": 0, "load_before": [0], "load_after": [0]}, {"type": "service", "id": "1402276000_45", "location_id": "1402276000", "address": {"location_id": "1402276000", "lat": 42.29393079, "lon": -71.07873423}, "arr_time": 1676291915, "arr_date_time": "2023-02-13T07:38:35-05:00", "end_time": 1676292215, "end_date_time": "2023-02-13T07:43:35-05:00", "waiting_time": 0, "distance": 2094, "driving_time": 2015, "preparation_time": 0, "load_before": [0], "load_after": [0]}, {"type": "service", "id": "1402275000_44", "location_id": "1402275000", "address": {"location_id": "1402275000", "lat": 42.29381644, "lon": -71.07871618}, "arr_time": 1676292227, "arr_date_time": "2023-02-13T07:43:47-05:00", "end_time": 1676292527, "end_date_time": "2023-02-13T07:48:47-05:00", "waiting_time": 0, "distance": 2107, "driving_time": 2027, "preparation_time": 0, "load_before": [0], "load_after": [0]}, {"type": "service", "id": "1402274000_43", "location_id": "1402274000", "address": {"location_id": "1402274000", "lat": 42.29369458, "lon": -71.07869705}, "arr_time": 1676292529, "arr_date_time": "2023-02-13T07:48:49-05:00", "end_time": 1676292829, "end_date_time": "2023-02-13T07:53:49-05:00", "waiting_time": 0, "distance": 2109, "driving_time": 2029, "preparation_time": 0, "load_before": [0], "load_after": [0]}, {"type": "service", "id": "1402328000_53", "location_id": "1402328000", "address": {"location_id": "1402328000", "lat": 42.29613696, "lon": -71.07910427}, "arr_time": 1676293085, "arr_date_time": "2023-02-13T07:58:05-05:00", "end_time": 1676293385, "end_date_time": "2023-02-13T08:03:05-05:00", "waiting_time": 0, "distance": 2375, "driving_time": 2285, "preparation_time": 0, "load_before": [0], "load_after": [0]}, {"type": "service", "id": "1402309000_51", "location_id": "1402309000", "address": {"location_id": "1402309000", "lat": 42.29555546, "lon": -71.07986706}, "arr_time": 1676293571, "arr_date_time": "2023-02-13T08:06:11-05:00", "end_time": 1676293871, "end_date_time": "2023-02-13T08:11:11-05:00", "waiting_time": 0, "distance": 2568, "driving_time": 2471, "preparation_time": 0, "load_before": [0], "load_after": [0]}, {"type": "service", "id": "1402311000_52", "location_id": "1402311000", "address": {"location_id": "1402311000", "lat": 42.29584837, "lon": -71.07997363}, "arr_time": 1676293903, "arr_date_time": "2023-02-13T08:11:43-05:00", "end_time": 1676294203, "end_date_time": "2023-02-13T08:16:43-05:00", "waiting_time": 0, "distance": 2602, "driving_time": 2503, "preparation_time": 0, "load_before": [0], "load_after": [0]}, {"type": "service", "id": "1402282000_48", "location_id": "1402282000", "address": {"location_id": "1402282000", "lat": 42.2944469, "lon": -71.0800011}, "arr_time": 1676294347, "arr_date_time": "2023-02-13T08:19:07-05:00", "end_time": 1676294647, "end_date_time": "2023-02-13T08:24:07-05:00", "waiting_time": 0, "distance": 2752, "driving_time": 2647, "preparation_time": 0, "load_before": [0], "load_after": [0]}, {"type": "service", "id": "1402292000_50", "location_id": "1402292000", "address": {"location_id": "1402292000", "lat": 42.29429112, "lon": -71.07940103}, "arr_time": 1676294711, "arr_date_time": "2023-02-13T08:25:11-05:00", "end_time": 1676295011, "end_date_time": "2023-02-13T08:30:11-05:00", "waiting_time": 0, "distance": 2818, "driving_time": 2711, "preparation_time": 0, "load_before": [0], "load_after": [0]}, {"type": "service", "id": "1402236000_27", "location_id": "1402236000", "address": {"location_id": "1402236000", "lat": 42.29396335, "lon": -71.07981083}, "arr_time": 1676295051, "arr_date_time": "2023-02-13T08:30:51-05:00", "end_time": 1676295351, "end_date_time": "2023-02-13T08:35:51-05:00", "waiting_time": 0, "distance": 2860, "driving_time": 2751, "preparation_time": 0, "load_before": [0], "load_after": [0]}, {"type": "service", "id": "1402284000_49", "location_id": "1402284000", "address": {"location_id": "1402284000", "lat": 42.29419163, "lon": -71.07990745}, "arr_time": 1676295352, "arr_date_time": "2023-02-13T08:35:52-05:00", "end_time": 1676295652, "end_date_time": "2023-02-13T08:40:52-05:00", "waiting_time": 0, "distance": 2861, "driving_time": 2752, "preparation_time": 0, "load_before": [0], "load_after": [0]}, {"type": "service", "id": "1402211000_25", "location_id": "1402211000", "address": {"location_id": "1402211000", "lat": 42.29364466, "lon": -71.0802441}, "arr_time": 1676295719, "arr_date_time": "2023-02-13T08:41:59-05:00", "end_time": 1676296019, "end_date_time": "2023-02-13T08:46:59-05:00", "waiting_time": 0, "distance": 2930, "driving_time": 2819, "preparation_time": 0, "load_before": [0], "load_after": [0]}, {"type": "service", "id": "1402182000_20", "location_id": "1402182000", "address": {"location_id": "1402182000", "lat": 42.29391135, "lon": -71.08045061}, "arr_time": 1676296028, "arr_date_time": "2023-02-13T08:47:08-05:00", "end_time": 1676296328, "end_date_time": "2023-02-13T08:52:08-05:00", "waiting_time": 0, "distance": 2939, "driving_time": 2828, "preparation_time": 0, "load_before": [0], "load_after": [0]}, {"type": "service", "id": "1402186000_21", "location_id": "1402186000", "address": {"location_id": "1402186000", "lat": 42.29378811, "lon": -71.08112761}, "arr_time": 1676296383, "arr_date_time": "2023-02-13T08:53:03-05:00", "end_time": 1676296683, "end_date_time": "2023-02-13T08:58:03-05:00", "waiting_time": 0, "distance": 2996, "driving_time": 2883, "preparation_time": 0, "load_before": [0], "load_after": [0]}, {"type": "service", "id": "1402205000_24", "location_id": "1402205000", "address": {"location_id": "1402205000", "lat": 42.29340007, "lon": -71.08121765}, "arr_time": 1676296700, "arr_date_time": "2023-02-13T08:58:20-05:00", "end_time": 1676297000, "end_date_time": "2023-02-13T09:03:20-05:00", "waiting_time": 0, "distance": 3014, "driving_time": 2900, "preparation_time": 0, "load_before": [0], "load_after": [0]}, {"type": "service", "id": "1402193000_22", "location_id": "1402193000", "address": {"location_id": "1402193000", "lat": 42.29358853, "lon": -71.08220542}, "arr_time": 1676297071, "arr_date_time": "2023-02-13T09:04:31-05:00", "end_time": 1676297371, "end_date_time": "2023-02-13T09:09:31-05:00", "waiting_time": 0, "distance": 3088, "driving_time": 2971, "preparation_time": 0, "load_before": [0], "load_after": [0]}, {"type": "service", "id": "1402194000_23", "location_id": "1402194000", "address": {"location_id": "1402194000", "lat": 42.29351708, "lon": -71.08235384}, "arr_time": 1676297380, "arr_date_time": "2023-02-13T09:09:40-05:00", "end_time": 1676297680, "end_date_time": "2023-02-13T09:14:40-05:00", "waiting_time": 0, "distance": 3098, "driving_time": 2980, "preparation_time": 0, "load_before": [0], "load_after": [0]}]}], "unassigned": {"services": [], "shipments": [], "breaks": [], "details": []}}}