{"copyrights": ["GraphHopper", "OpenStreetMap contributors"], "job_id": "7af9f273-1702-43d5-99f5-3eb4006929d7", "status": "finished", "waiting_time_in_queue": 0, "processing_time": 190, "solution": {"costs": 381, "distance": 2813, "time": 2696, "transport_time": 2696, "completion_time": 22496, "max_operation_time": 22496, "waiting_time": 0, "service_duration": 19800, "preparation_time": 0, "no_vehicles": 1, "no_unassigned": 0, "routes": [{"vehicle_id": "my_vehicle", "shift_id": "default-shift", "distance": 2813, "transport_time": 2696, "completion_time": 22496, "waiting_time": 0, "service_duration": 19800, "preparation_time": 0, "activities": [{"type": "start", "location_id": "1500180000", "address": {"location_id": "1500180000", "lat": 42.30372168, "lon": -71.05735172}, "arr_time": 1676278800, "arr_date_time": "2023-02-13T04:00:00-05:00", "end_time": 1676278800, "end_date_time": "2023-02-13T04:00:00-05:00", "waiting_time": 0, "distance": 0, "driving_time": 0, "preparation_time": 0, "load_after": [0]}, {"type": "service", "id": "1500181000_54", "location_id": "1500181000", "address": {"location_id": "1500181000", "lat": 42.30378755, "lon": -71.05718966}, "arr_time": 1676278815, "arr_date_time": "2023-02-13T04:00:15-05:00", "end_time": 1676279115, "end_date_time": "2023-02-13T04:05:15-05:00", "waiting_time": 0, "distance": 15, "driving_time": 15, "preparation_time": 0, "load_before": [0], "load_after": [0]}, {"type": "service", "id": "1500088000_23", "location_id": "1500088000", "address": {"location_id": "1500088000", "lat": 42.30292953, "lon": -71.05877815}, "arr_time": 1676279311, "arr_date_time": "2023-02-13T04:08:31-05:00", "end_time": 1676279611, "end_date_time": "2023-02-13T04:13:31-05:00", "waiting_time": 0, "distance": 219, "driving_time": 211, "preparation_time": 0, "load_before": [0], "load_after": [0]}, {"type": "service", "id": "1500206000_60", "location_id": "1500206000", "address": {"location_id": "1500206000", "lat": 42.30299655, "lon": -71.05836133}, "arr_time": 1676279719, "arr_date_time": "2023-02-13T04:15:19-05:00", "end_time": 1676280019, "end_date_time": "2023-02-13T04:20:19-05:00", "waiting_time": 0, "distance": 332, "driving_time": 319, "preparation_time": 0, "load_before": [0], "load_after": [0]}, {"type": "service", "id": "1500097000_24", "location_id": "1500097000", "address": {"location_id": "1500097000", "lat": 42.3026508, "lon": -71.05864915}, "arr_time": 1676280056, "arr_date_time": "2023-02-13T04:20:56-05:00", "end_time": 1676280356, "end_date_time": "2023-02-13T04:25:56-05:00", "waiting_time": 0, "distance": 371, "driving_time": 356, "preparation_time": 0, "load_before": [0], "load_after": [0]}, {"type": "service", "id": "1500146000_48", "location_id": "1500146000", "address": {"location_id": "1500146000", "lat": 42.30275034, "lon": -71.05808843}, "arr_time": 1676280400, "arr_date_time": "2023-02-13T04:26:40-05:00", "end_time": 1676280700, "end_date_time": "2023-02-13T04:31:40-05:00", "waiting_time": 0, "distance": 417, "driving_time": 400, "preparation_time": 0, "load_before": [0], "load_after": [0]}, {"type": "service", "id": "1500148000_49", "location_id": "1500148000", "address": {"location_id": "1500148000", "lat": 42.30285859, "lon": -71.05782446}, "arr_time": 1676280724, "arr_date_time": "2023-02-13T04:32:04-05:00", "end_time": 1676281024, "end_date_time": "2023-02-13T04:37:04-05:00", "waiting_time": 0, "distance": 442, "driving_time": 424, "preparation_time": 0, "load_before": [0], "load_after": [0]}, {"type": "service", "id": "1500200000_58", "location_id": "1500200000", "address": {"location_id": "1500200000", "lat": 42.30327664, "lon": -71.05771061}, "arr_time": 1676281065, "arr_date_time": "2023-02-13T04:37:45-05:00", "end_time": 1676281365, "end_date_time": "2023-02-13T04:42:45-05:00", "waiting_time": 0, "distance": 485, "driving_time": 465, "preparation_time": 0, "load_before": [0], "load_after": [0]}, {"type": "service", "id": "1500213000_61", "location_id": "1500213000", "address": {"location_id": "1500213000", "lat": 42.30334448, "lon": -71.05799956}, "arr_time": 1676281383, "arr_date_time": "2023-02-13T04:43:03-05:00", "end_time": 1676281683, "end_date_time": "2023-02-13T04:48:03-05:00", "waiting_time": 0, "distance": 503, "driving_time": 483, "preparation_time": 0, "load_before": [0], "load_after": [0]}, {"type": "service", "id": "1500202000_59", "location_id": "1500202000", "address": {"location_id": "1500202000", "lat": 42.30353462, "lon": -71.0577913}, "arr_time": 1676281692, "arr_date_time": "2023-02-13T04:48:12-05:00", "end_time": 1676281992, "end_date_time": "2023-02-13T04:53:12-05:00", "waiting_time": 0, "distance": 513, "driving_time": 492, "preparation_time": 0, "load_before": [0], "load_after": [0]}, {"type": "service", "id": "1500153000_50", "location_id": "1500153000", "address": {"location_id": "1500153000", "lat": 42.30315261, "lon": -71.05710348}, "arr_time": 1676282079, "arr_date_time": "2023-02-13T04:54:39-05:00", "end_time": 1676282379, "end_date_time": "2023-02-13T04:59:39-05:00", "waiting_time": 0, "distance": 603, "driving_time": 579, "preparation_time": 0, "load_before": [0], "load_after": [0]}, {"type": "service", "id": "1500195000_57", "location_id": "1500195000", "address": {"location_id": "1500195000", "lat": 42.30349113, "lon": -71.05718536}, "arr_time": 1676282391, "arr_date_time": "2023-02-13T04:59:51-05:00", "end_time": 1676282691, "end_date_time": "2023-02-13T05:04:51-05:00", "waiting_time": 0, "distance": 615, "driving_time": 591, "preparation_time": 0, "load_before": [0], "load_after": [0]}, {"type": "service", "id": "1500194000_56", "location_id": "1500194000", "address": {"location_id": "1500194000", "lat": 42.30355746, "lon": -71.05702354}, "arr_time": 1676282705, "arr_date_time": "2023-02-13T05:05:05-05:00", "end_time": 1676283005, "end_date_time": "2023-02-13T05:10:05-05:00", "waiting_time": 0, "distance": 630, "driving_time": 605, "preparation_time": 0, "load_before": [0], "load_after": [0]}, {"type": "service", "id": "1500192000_55", "location_id": "1500192000", "address": {"location_id": "1500192000", "lat": 42.30369205, "lon": -71.05669391}, "arr_time": 1676283033, "arr_date_time": "2023-02-13T05:10:33-05:00", "end_time": 1676283333, "end_date_time": "2023-02-13T05:15:33-05:00", "waiting_time": 0, "distance": 660, "driving_time": 633, "preparation_time": 0, "load_before": [0], "load_after": [0]}, {"type": "service", "id": "1500161010_51", "location_id": "1500161010", "address": {"location_id": "1500161010", "lat": 42.30301207, "lon": -71.05677026}, "arr_time": 1676283465, "arr_date_time": "2023-02-13T05:17:45-05:00", "end_time": 1676283765, "end_date_time": "2023-02-13T05:22:45-05:00", "waiting_time": 0, "distance": 797, "driving_time": 765, "preparation_time": 0, "load_before": [0], "load_after": [0]}, {"type": "service", "id": "1500122000_29", "location_id": "1500122000", "address": {"location_id": "1500122000", "lat": 42.30273338, "lon": -71.05659374}, "arr_time": 1676283767, "arr_date_time": "2023-02-13T05:22:47-05:00", "end_time": 1676284067, "end_date_time": "2023-02-13T05:27:47-05:00", "waiting_time": 0, "distance": 798, "driving_time": 767, "preparation_time": 0, "load_before": [0], "load_after": [0]}, {"type": "service", "id": "1500165000_52", "location_id": "1500165000", "address": {"location_id": "1500165000", "lat": 42.30291488, "lon": -71.05687934}, "arr_time": 1676284077, "arr_date_time": "2023-02-13T05:27:57-05:00", "end_time": 1676284377, "end_date_time": "2023-02-13T05:32:57-05:00", "waiting_time": 0, "distance": 810, "driving_time": 777, "preparation_time": 0, "load_before": [0], "load_after": [0]}, {"type": "service", "id": "1500119000_28", "location_id": "1500119000", "address": {"location_id": "1500119000", "lat": 42.30244803, "lon": -71.0570986}, "arr_time": 1676284416, "arr_date_time": "2023-02-13T05:33:36-05:00", "end_time": 1676284716, "end_date_time": "2023-02-13T05:38:36-05:00", "waiting_time": 0, "distance": 850, "driving_time": 816, "preparation_time": 0, "load_before": [0], "load_after": [0]}, {"type": "service", "id": "1500118000_27", "location_id": "1500118000", "address": {"location_id": "1500118000", "lat": 42.3023824, "lon": -71.05726084}, "arr_time": 1676284731, "arr_date_time": "2023-02-13T05:38:51-05:00", "end_time": 1676285031, "end_date_time": "2023-02-13T05:43:51-05:00", "waiting_time": 0, "distance": 865, "driving_time": 831, "preparation_time": 0, "load_before": [0], "load_after": [0]}, {"type": "service", "id": "1500116000_26", "location_id": "1500116000", "address": {"location_id": "1500116000", "lat": 42.30224644, "lon": -71.05759658}, "arr_time": 1676285061, "arr_date_time": "2023-02-13T05:44:21-05:00", "end_time": 1676285361, "end_date_time": "2023-02-13T05:49:21-05:00", "waiting_time": 0, "distance": 896, "driving_time": 861, "preparation_time": 0, "load_before": [0], "load_after": [0]}, {"type": "service", "id": "1500174000_53", "location_id": "1500174000", "address": {"location_id": "1500174000", "lat": 42.30249051, "lon": -71.05789806}, "arr_time": 1676285369, "arr_date_time": "2023-02-13T05:49:29-05:00", "end_time": 1676285669, "end_date_time": "2023-02-13T05:54:29-05:00", "waiting_time": 0, "distance": 905, "driving_time": 869, "preparation_time": 0, "load_before": [0], "load_after": [0]}, {"type": "service", "id": "1500072002_22", "location_id": "1500072002", "address": {"location_id": "1500072002", "lat": 42.30190324, "lon": -71.05857978}, "arr_time": 1676285747, "arr_date_time": "2023-02-13T05:55:47-05:00", "end_time": 1676286047, "end_date_time": "2023-02-13T06:00:47-05:00", "waiting_time": 0, "distance": 986, "driving_time": 947, "preparation_time": 0, "load_before": [0], "load_after": [0]}, {"type": "service", "id": "1500114010_25", "location_id": "1500114010", "address": {"location_id": "1500114010", "lat": 42.30214961, "lon": -71.05793646}, "arr_time": 1676286104, "arr_date_time": "2023-02-13T06:01:44-05:00", "end_time": 1676286404, "end_date_time": "2023-02-13T06:06:44-05:00", "waiting_time": 0, "distance": 1046, "driving_time": 1004, "preparation_time": 0, "load_before": [0], "load_after": [0]}, {"type": "service", "id": "1500144000_47", "location_id": "1500144000", "address": {"location_id": "1500144000", "lat": 42.30185723, "lon": -71.05783456}, "arr_time": 1676286436, "arr_date_time": "2023-02-13T06:07:16-05:00", "end_time": 1676286736, "end_date_time": "2023-02-13T06:12:16-05:00", "waiting_time": 0, "distance": 1079, "driving_time": 1036, "preparation_time": 0, "load_before": [0], "load_after": [0]}, {"type": "service", "id": "1500143000_46", "location_id": "1500143000", "address": {"location_id": "1500143000", "lat": 42.30187948, "lon": -71.05776783}, "arr_time": 1676286736, "arr_date_time": "2023-02-13T06:12:16-05:00", "end_time": 1676287036, "end_date_time": "2023-02-13T06:17:16-05:00", "waiting_time": 0, "distance": 1079, "driving_time": 1036, "preparation_time": 0, "load_before": [0], "load_after": [0]}, {"type": "service", "id": "1500046000_08", "location_id": "1500046000", "address": {"location_id": "1500046000", "lat": 42.30154076, "lon": -71.05800805}, "arr_time": 1676287069, "arr_date_time": "2023-02-13T06:17:49-05:00", "end_time": 1676287369, "end_date_time": "2023-02-13T06:22:49-05:00", "waiting_time": 0, "distance": 1114, "driving_time": 1069, "preparation_time": 0, "load_before": [0], "load_after": [0]}, {"type": "service", "id": "1500047000_09", "location_id": "1500047000", "address": {"location_id": "1500047000", "lat": 42.30149095, "lon": -71.05809875}, "arr_time": 1676287377, "arr_date_time": "2023-02-13T06:22:57-05:00", "end_time": 1676287677, "end_date_time": "2023-02-13T06:27:57-05:00", "waiting_time": 0, "distance": 1123, "driving_time": 1077, "preparation_time": 0, "load_before": [0], "load_after": [0]}, {"type": "service", "id": "1500072001_21", "location_id": "1500072001", "address": {"location_id": "1500072001", "lat": 42.30178773, "lon": -71.05850954}, "arr_time": 1676287733, "arr_date_time": "2023-02-13T06:28:53-05:00", "end_time": 1676288033, "end_date_time": "2023-02-13T06:33:53-05:00", "waiting_time": 0, "distance": 1181, "driving_time": 1133, "preparation_time": 0, "load_before": [0], "load_after": [0]}, {"type": "service", "id": "1500051000_12", "location_id": "1500051000", "address": {"location_id": "1500051000", "lat": 42.30149833, "lon": -71.05777586}, "arr_time": 1676288129, "arr_date_time": "2023-02-13T06:35:29-05:00", "end_time": 1676288429, "end_date_time": "2023-02-13T06:40:29-05:00", "waiting_time": 0, "distance": 1280, "driving_time": 1229, "preparation_time": 0, "load_before": [0], "load_after": [0]}, {"type": "service", "id": "1500050000_11", "location_id": "1500050000", "address": {"location_id": "1500050000", "lat": 42.30140611, "lon": -71.05779853}, "arr_time": 1676288439, "arr_date_time": "2023-02-13T06:40:39-05:00", "end_time": 1676288739, "end_date_time": "2023-02-13T06:45:39-05:00", "waiting_time": 0, "distance": 1290, "driving_time": 1239, "preparation_time": 0, "load_before": [0], "load_after": [0]}, {"type": "service", "id": "1500048000_10", "location_id": "1500048000", "address": {"location_id": "1500048000", "lat": 42.30137253, "lon": -71.05808618}, "arr_time": 1676288749, "arr_date_time": "2023-02-13T06:45:49-05:00", "end_time": 1676289049, "end_date_time": "2023-02-13T06:50:49-05:00", "waiting_time": 0, "distance": 1301, "driving_time": 1249, "preparation_time": 0, "load_before": [0], "load_after": [0]}, {"type": "service", "id": "1500058000_15", "location_id": "1500058000", "address": {"location_id": "1500058000", "lat": 42.30166983, "lon": -71.05744405}, "arr_time": 1676289117, "arr_date_time": "2023-02-13T06:51:57-05:00", "end_time": 1676289417, "end_date_time": "2023-02-13T06:56:57-05:00", "waiting_time": 0, "distance": 1372, "driving_time": 1317, "preparation_time": 0, "load_before": [0], "load_after": [0]}, {"type": "service", "id": "1500053000_13", "location_id": "1500053000", "address": {"location_id": "1500053000", "lat": 42.30148648, "lon": -71.05758949}, "arr_time": 1676289432, "arr_date_time": "2023-02-13T06:57:12-05:00", "end_time": 1676289732, "end_date_time": "2023-02-13T07:02:12-05:00", "waiting_time": 0, "distance": 1387, "driving_time": 1332, "preparation_time": 0, "load_before": [0], "load_after": [0]}, {"type": "service", "id": "1500054000_14", "location_id": "1500054000", "address": {"location_id": "1500054000", "lat": 42.30146088, "lon": -71.0574035}, "arr_time": 1676289740, "arr_date_time": "2023-02-13T07:02:20-05:00", "end_time": 1676290040, "end_date_time": "2023-02-13T07:07:20-05:00", "waiting_time": 0, "distance": 1395, "driving_time": 1340, "preparation_time": 0, "load_before": [0], "load_after": [0]}, {"type": "service", "id": "1500142000_45", "location_id": "1500142000", "address": {"location_id": "1500142000", "lat": 42.30190457, "lon": -71.05770355}, "arr_time": 1676290077, "arr_date_time": "2023-02-13T07:07:57-05:00", "end_time": 1676290377, "end_date_time": "2023-02-13T07:12:57-05:00", "waiting_time": 0, "distance": 1434, "driving_time": 1377, "preparation_time": 0, "load_before": [0], "load_after": [0]}, {"type": "service", "id": "1500141000_44", "location_id": "1500141000", "address": {"location_id": "1500141000", "lat": 42.30193066, "lon": -71.05763965}, "arr_time": 1676290383, "arr_date_time": "2023-02-13T07:13:03-05:00", "end_time": 1676290683, "end_date_time": "2023-02-13T07:18:03-05:00", "waiting_time": 0, "distance": 1440, "driving_time": 1383, "preparation_time": 0, "load_before": [0], "load_after": [0]}, {"type": "service", "id": "1500140000_43", "location_id": "1500140000", "address": {"location_id": "1500140000", "lat": 42.30195601, "lon": -71.05757699}, "arr_time": 1676290688, "arr_date_time": "2023-02-13T07:18:08-05:00", "end_time": 1676290988, "end_date_time": "2023-02-13T07:23:08-05:00", "waiting_time": 0, "distance": 1446, "driving_time": 1388, "preparation_time": 0, "load_before": [0], "load_after": [0]}, {"type": "service", "id": "1500139000_42", "location_id": "1500139000", "address": {"location_id": "1500139000", "lat": 42.3019801, "lon": -71.05751643}, "arr_time": 1676290993, "arr_date_time": "2023-02-13T07:23:13-05:00", "end_time": 1676291293, "end_date_time": "2023-02-13T07:28:13-05:00", "waiting_time": 0, "distance": 1452, "driving_time": 1393, "preparation_time": 0, "load_before": [0], "load_after": [0]}, {"type": "service", "id": "1500138000_41", "location_id": "1500138000", "address": {"location_id": "1500138000", "lat": 42.30200543, "lon": -71.05745563}, "arr_time": 1676291299, "arr_date_time": "2023-02-13T07:28:19-05:00", "end_time": 1676291599, "end_date_time": "2023-02-13T07:33:19-05:00", "waiting_time": 0, "distance": 1458, "driving_time": 1399, "preparation_time": 0, "load_before": [0], "load_after": [0]}, {"type": "service", "id": "1500061000_16", "location_id": "1500061000", "address": {"location_id": "1500061000", "lat": 42.30173542, "lon": -71.05719787}, "arr_time": 1676291603, "arr_date_time": "2023-02-13T07:33:23-05:00", "end_time": 1676291903, "end_date_time": "2023-02-13T07:38:23-05:00", "waiting_time": 0, "distance": 1462, "driving_time": 1403, "preparation_time": 0, "load_before": [0], "load_after": [0]}, {"type": "service", "id": "1500136000_40", "location_id": "1500136000", "address": {"location_id": "1500136000", "lat": 42.30205692, "lon": -71.05732804}, "arr_time": 1676291909, "arr_date_time": "2023-02-13T07:38:29-05:00", "end_time": 1676292209, "end_date_time": "2023-02-13T07:43:29-05:00", "waiting_time": 0, "distance": 1469, "driving_time": 1409, "preparation_time": 0, "load_before": [0], "load_after": [0]}, {"type": "service", "id": "1500062000_17", "location_id": "1500062000", "address": {"location_id": "1500062000", "lat": 42.30178624, "lon": -71.05712087}, "arr_time": 1676292211, "arr_date_time": "2023-02-13T07:43:31-05:00", "end_time": 1676292511, "end_date_time": "2023-02-13T07:48:31-05:00", "waiting_time": 0, "distance": 1470, "driving_time": 1411, "preparation_time": 0, "load_before": [0], "load_after": [0]}, {"type": "service", "id": "1500135000_39", "location_id": "1500135000", "address": {"location_id": "1500135000", "lat": 42.30208092, "lon": -71.05726881}, "arr_time": 1676292515, "arr_date_time": "2023-02-13T07:48:35-05:00", "end_time": 1676292815, "end_date_time": "2023-02-13T07:53:35-05:00", "waiting_time": 0, "distance": 1475, "driving_time": 1415, "preparation_time": 0, "load_before": [0], "load_after": [0]}, {"type": "service", "id": "1500063000_18", "location_id": "1500063000", "address": {"location_id": "1500063000", "lat": 42.30181357, "lon": -71.05704649}, "arr_time": 1676292816, "arr_date_time": "2023-02-13T07:53:36-05:00", "end_time": 1676293116, "end_date_time": "2023-02-13T07:58:36-05:00", "waiting_time": 0, "distance": 1477, "driving_time": 1416, "preparation_time": 0, "load_before": [0], "load_after": [0]}, {"type": "service", "id": "1500134000_38", "location_id": "1500134000", "address": {"location_id": "1500134000", "lat": 42.30210537, "lon": -71.05720663}, "arr_time": 1676293120, "arr_date_time": "2023-02-13T07:58:40-05:00", "end_time": 1676293420, "end_date_time": "2023-02-13T08:03:40-05:00", "waiting_time": 0, "distance": 1481, "driving_time": 1420, "preparation_time": 0, "load_before": [0], "load_after": [0]}, {"type": "service", "id": "1500132000_37", "location_id": "1500132000", "address": {"location_id": "1500132000", "lat": 42.3021549, "lon": -71.05708448}, "arr_time": 1676293431, "arr_date_time": "2023-02-13T08:03:51-05:00", "end_time": 1676293731, "end_date_time": "2023-02-13T08:08:51-05:00", "waiting_time": 0, "distance": 1492, "driving_time": 1431, "preparation_time": 0, "load_before": [0], "load_after": [0]}, {"type": "service", "id": "1500131000_36", "location_id": "1500131000", "address": {"location_id": "1500131000", "lat": 42.30218199, "lon": -71.05702159}, "arr_time": 1676293736, "arr_date_time": "2023-02-13T08:08:56-05:00", "end_time": 1676294036, "end_date_time": "2023-02-13T08:13:56-05:00", "waiting_time": 0, "distance": 1498, "driving_time": 1436, "preparation_time": 0, "load_before": [0], "load_after": [0]}, {"type": "service", "id": "1500130000_35", "location_id": "1500130000", "address": {"location_id": "1500130000", "lat": 42.30220508, "lon": -71.05696025}, "arr_time": 1676294041, "arr_date_time": "2023-02-13T08:14:01-05:00", "end_time": 1676294341, "end_date_time": "2023-02-13T08:19:01-05:00", "waiting_time": 0, "distance": 1504, "driving_time": 1441, "preparation_time": 0, "load_before": [0], "load_after": [0]}, {"type": "service", "id": "1500070000_20", "location_id": "1500070000", "address": {"location_id": "1500070000", "lat": 42.30196892, "lon": -71.05672109}, "arr_time": 1676294347, "arr_date_time": "2023-02-13T08:19:07-05:00", "end_time": 1676294647, "end_date_time": "2023-02-13T08:24:07-05:00", "waiting_time": 0, "distance": 1509, "driving_time": 1447, "preparation_time": 0, "load_before": [0], "load_after": [0]}, {"type": "service", "id": "1500129000_34", "location_id": "1500129000", "address": {"location_id": "1500129000", "lat": 42.3022311, "lon": -71.05689967}, "arr_time": 1676294648, "arr_date_time": "2023-02-13T08:24:08-05:00", "end_time": 1676294948, "end_date_time": "2023-02-13T08:29:08-05:00", "waiting_time": 0, "distance": 1510, "driving_time": 1448, "preparation_time": 0, "load_before": [0], "load_after": [0]}, {"type": "service", "id": "1500128000_33", "location_id": "1500128000", "address": {"location_id": "1500128000", "lat": 42.30225517, "lon": -71.05683643}, "arr_time": 1676294953, "arr_date_time": "2023-02-13T08:29:13-05:00", "end_time": 1676295253, "end_date_time": "2023-02-13T08:34:13-05:00", "waiting_time": 0, "distance": 1516, "driving_time": 1453, "preparation_time": 0, "load_before": [0], "load_after": [0]}, {"type": "service", "id": "1500127000_32", "location_id": "1500127000", "address": {"location_id": "1500127000", "lat": 42.30228244, "lon": -71.05677358}, "arr_time": 1676295259, "arr_date_time": "2023-02-13T08:34:19-05:00", "end_time": 1676295559, "end_date_time": "2023-02-13T08:39:19-05:00", "waiting_time": 0, "distance": 1522, "driving_time": 1459, "preparation_time": 0, "load_before": [0], "load_after": [0]}, {"type": "service", "id": "1500126000_31", "location_id": "1500126000", "address": {"location_id": "1500126000", "lat": 42.30230065, "lon": -71.05670906}, "arr_time": 1676295564, "arr_date_time": "2023-02-13T08:39:24-05:00", "end_time": 1676295864, "end_date_time": "2023-02-13T08:44:24-05:00", "waiting_time": 0, "distance": 1528, "driving_time": 1464, "preparation_time": 0, "load_before": [0], "load_after": [0]}, {"type": "service", "id": "1500124000_30", "location_id": "1500124000", "address": {"location_id": "1500124000", "lat": 42.30249667, "lon": -71.05658771}, "arr_time": 1676295915, "arr_date_time": "2023-02-13T08:45:15-05:00", "end_time": 1676296215, "end_date_time": "2023-02-13T08:50:15-05:00", "waiting_time": 0, "distance": 1581, "driving_time": 1515, "preparation_time": 0, "load_before": [0], "load_after": [0]}, {"type": "service", "id": "1500024000_04", "location_id": "1500024000", "address": {"location_id": "1500024000", "lat": 42.30190356, "lon": -71.05650488}, "arr_time": 1676296275, "arr_date_time": "2023-02-13T08:51:15-05:00", "end_time": 1676296575, "end_date_time": "2023-02-13T08:56:15-05:00", "waiting_time": 0, "distance": 1644, "driving_time": 1575, "preparation_time": 0, "load_before": [0], "load_after": [0]}, {"type": "service", "id": "1500024001_05", "location_id": "1500024001", "address": {"location_id": "1500024001", "lat": 42.30173071, "lon": -71.05646721}, "arr_time": 1676296593, "arr_date_time": "2023-02-13T08:56:33-05:00", "end_time": 1676296893, "end_date_time": "2023-02-13T09:01:33-05:00", "waiting_time": 0, "distance": 1663, "driving_time": 1593, "preparation_time": 0, "load_before": [0], "load_after": [0]}, {"type": "service", "id": "1500029001_06", "location_id": "1500029001", "address": {"location_id": "1500029001", "lat": 42.30128341, "lon": -71.0564946}, "arr_time": 1676297005, "arr_date_time": "2023-02-13T09:03:25-05:00", "end_time": 1676297305, "end_date_time": "2023-02-13T09:08:25-05:00", "waiting_time": 0, "distance": 1780, "driving_time": 1705, "preparation_time": 0, "load_before": [0], "load_after": [0]}, {"type": "service", "id": "1500064000_19", "location_id": "1500064000", "address": {"location_id": "1500064000", "lat": 42.30168528, "lon": -71.05693018}, "arr_time": 1676297339, "arr_date_time": "2023-02-13T09:08:59-05:00", "end_time": 1676297639, "end_date_time": "2023-02-13T09:13:59-05:00", "waiting_time": 0, "distance": 1815, "driving_time": 1739, "preparation_time": 0, "load_before": [0], "load_after": [0]}, {"type": "service", "id": "1500037000_07", "location_id": "1500037000", "address": {"location_id": "1500037000", "lat": 42.30112129, "lon": -71.05774448}, "arr_time": 1676297781, "arr_date_time": "2023-02-13T09:16:21-05:00", "end_time": 1676298081, "end_date_time": "2023-02-13T09:21:21-05:00", "waiting_time": 0, "distance": 1964, "driving_time": 1881, "preparation_time": 0, "load_before": [0], "load_after": [0]}, {"type": "service", "id": "1500018020_03", "location_id": "1500018020", "address": {"location_id": "1500018020", "lat": 42.30076528, "lon": -71.05776511}, "arr_time": 1676298092, "arr_date_time": "2023-02-13T09:21:32-05:00", "end_time": 1676298392, "end_date_time": "2023-02-13T09:26:32-05:00", "waiting_time": 0, "distance": 1975, "driving_time": 1892, "preparation_time": 0, "load_before": [0], "load_after": [0]}, {"type": "service", "id": "1500018010_02", "location_id": "1500018010", "address": {"location_id": "1500018010", "lat": 42.30065257, "lon": -71.05774093}, "arr_time": 1676298393, "arr_date_time": "2023-02-13T09:26:33-05:00", "end_time": 1676298693, "end_date_time": "2023-02-13T09:31:33-05:00", "waiting_time": 0, "distance": 1976, "driving_time": 1893, "preparation_time": 0, "load_before": [0], "load_after": [0]}, {"type": "service", "id": "1500018000_01", "location_id": "1500018000", "address": {"location_id": "1500018000", "lat": 42.30067605, "lon": -71.05787459}, "arr_time": 1676298703, "arr_date_time": "2023-02-13T09:31:43-05:00", "end_time": 1676299003, "end_date_time": "2023-02-13T09:36:43-05:00", "waiting_time": 0, "distance": 1986, "driving_time": 1903, "preparation_time": 0, "load_before": [0], "load_after": [0]}, {"type": "service", "id": "1600605000_62", "location_id": "1600605000", "address": {"location_id": "1600605000", "lat": 42.29954438, "lon": -71.05977349}, "arr_time": 1676299271, "arr_date_time": "2023-02-13T09:41:11-05:00", "end_time": 1676299571, "end_date_time": "2023-02-13T09:46:11-05:00", "waiting_time": 0, "distance": 2265, "driving_time": 2171, "preparation_time": 0, "load_before": [0], "load_after": [0]}, {"type": "service", "id": "1600610000_63", "location_id": "1600610000", "address": {"location_id": "1600610000", "lat": 42.29976705, "lon": -71.05912657}, "arr_time": 1676299627, "arr_date_time": "2023-02-13T09:47:07-05:00", "end_time": 1676299927, "end_date_time": "2023-02-13T09:52:07-05:00", "waiting_time": 0, "distance": 2323, "driving_time": 2227, "preparation_time": 0, "load_before": [0], "load_after": [0]}, {"type": "service", "id": "1600611000_64", "location_id": "1600611000", "address": {"location_id": "1600611000", "lat": 42.29980313, "lon": -71.05899314}, "arr_time": 1676300161, "arr_date_time": "2023-02-13T09:56:01-05:00", "end_time": 1676300461, "end_date_time": "2023-02-13T10:01:01-05:00", "waiting_time": 0, "distance": 2568, "driving_time": 2461, "preparation_time": 0, "load_before": [0], "load_after": [0]}, {"type": "service", "id": "1600618000_65", "location_id": "1600618000", "address": {"location_id": "1600618000", "lat": 42.29923417, "lon": -71.05901144}, "arr_time": 1676300595, "arr_date_time": "2023-02-13T10:03:15-05:00", "end_time": 1676300895, "end_date_time": "2023-02-13T10:08:15-05:00", "waiting_time": 0, "distance": 2707, "driving_time": 2595, "preparation_time": 0, "load_before": [0], "load_after": [0]}, {"type": "service", "id": "1600627000_66", "location_id": "1600627000", "address": {"location_id": "1600627000", "lat": 42.29938144, "lon": -71.05961112}, "arr_time": 1676300996, "arr_date_time": "2023-02-13T10:09:56-05:00", "end_time": 1676301296, "end_date_time": "2023-02-13T10:14:56-05:00", "waiting_time": 0, "distance": 2813, "driving_time": 2696, "preparation_time": 0, "load_before": [0], "load_after": [0]}]}], "unassigned": {"services": [], "shipments": [], "breaks": [], "details": []}}}