{"copyrights": ["GraphHopper", "OpenStreetMap contributors"], "job_id": "933482a2-9d0e-4185-86ce-447095ff4149", "status": "finished", "waiting_time_in_queue": 0, "processing_time": 189, "solution": {"costs": 371, "distance": 3081, "time": 2955, "transport_time": 2955, "completion_time": 21255, "max_operation_time": 21255, "waiting_time": 0, "service_duration": 18300, "preparation_time": 0, "no_vehicles": 1, "no_unassigned": 0, "routes": [{"vehicle_id": "my_vehicle", "shift_id": "default-shift", "distance": 3081, "transport_time": 2955, "completion_time": 21255, "waiting_time": 0, "service_duration": 18300, "preparation_time": 0, "activities": [{"type": "start", "location_id": "1301394000", "address": {"location_id": "1301394000", "lat": 42.31645416, "lon": -71.06480893}, "arr_time": 1676278800, "arr_date_time": "2023-02-13T04:00:00-05:00", "end_time": 1676278800, "end_date_time": "2023-02-13T04:00:00-05:00", "waiting_time": 0, "distance": 0, "driving_time": 0, "preparation_time": 0, "load_after": [0]}, {"type": "service", "id": "1301724000_33", "location_id": "1301724000", "address": {"location_id": "1301724000", "lat": 42.31612948, "lon": -71.06496071}, "arr_time": 1676278825, "arr_date_time": "2023-02-13T04:00:25-05:00", "end_time": 1676279125, "end_date_time": "2023-02-13T04:05:25-05:00", "waiting_time": 0, "distance": 27, "driving_time": 25, "preparation_time": 0, "load_before": [0], "load_after": [0]}, {"type": "service", "id": "1301738000_35", "location_id": "1301738000", "address": {"location_id": "1301738000", "lat": 42.31553447, "lon": -71.06561809}, "arr_time": 1676279203, "arr_date_time": "2023-02-13T04:06:43-05:00", "end_time": 1676279503, "end_date_time": "2023-02-13T04:11:43-05:00", "waiting_time": 0, "distance": 107, "driving_time": 103, "preparation_time": 0, "load_before": [0], "load_after": [0]}, {"type": "service", "id": "1301739000_36", "location_id": "1301739000", "address": {"location_id": "1301739000", "lat": 42.31551347, "lon": -71.0657618}, "arr_time": 1676279531, "arr_date_time": "2023-02-13T04:12:11-05:00", "end_time": 1676279831, "end_date_time": "2023-02-13T04:17:11-05:00", "waiting_time": 0, "distance": 136, "driving_time": 131, "preparation_time": 0, "load_before": [0], "load_after": [0]}, {"type": "service", "id": "1301731000_34", "location_id": "1301731000", "address": {"location_id": "1301731000", "lat": 42.31552052, "lon": -71.0652929}, "arr_time": 1676279864, "arr_date_time": "2023-02-13T04:17:44-05:00", "end_time": 1676280164, "end_date_time": "2023-02-13T04:22:44-05:00", "waiting_time": 0, "distance": 170, "driving_time": 164, "preparation_time": 0, "load_before": [0], "load_after": [0]}, {"type": "service", "id": "1301388000_05", "location_id": "1301388000", "address": {"location_id": "1301388000", "lat": 42.31560848, "lon": -71.06355185}, "arr_time": 1676280321, "arr_date_time": "2023-02-13T04:25:21-05:00", "end_time": 1676280621, "end_date_time": "2023-02-13T04:30:21-05:00", "waiting_time": 0, "distance": 333, "driving_time": 321, "preparation_time": 0, "load_before": [0], "load_after": [0]}, {"type": "service", "id": "1301390000_06", "location_id": "1301390000", "address": {"location_id": "1301390000", "lat": 42.31596345, "lon": -71.06366877}, "arr_time": 1676280644, "arr_date_time": "2023-02-13T04:30:44-05:00", "end_time": 1676280944, "end_date_time": "2023-02-13T04:35:44-05:00", "waiting_time": 0, "distance": 357, "driving_time": 344, "preparation_time": 0, "load_before": [0], "load_after": [0]}, {"type": "service", "id": "1301377000_04", "location_id": "1301377000", "address": {"location_id": "1301377000", "lat": 42.31476048, "lon": -71.06365173}, "arr_time": 1676281199, "arr_date_time": "2023-02-13T04:39:59-05:00", "end_time": 1676281499, "end_date_time": "2023-02-13T04:44:59-05:00", "waiting_time": 0, "distance": 622, "driving_time": 599, "preparation_time": 0, "load_before": [0], "load_after": [0]}, {"type": "service", "id": "1301407000_07", "location_id": "1301407000", "address": {"location_id": "1301407000", "lat": 42.3147928, "lon": -71.06300302}, "arr_time": 1676281561, "arr_date_time": "2023-02-13T04:46:01-05:00", "end_time": 1676281861, "end_date_time": "2023-02-13T04:51:01-05:00", "waiting_time": 0, "distance": 687, "driving_time": 661, "preparation_time": 0, "load_before": [0], "load_after": [0]}, {"type": "service", "id": "1301408000_08", "location_id": "1301408000", "address": {"location_id": "1301408000", "lat": 42.31492782, "lon": -71.06294278}, "arr_time": 1676281876, "arr_date_time": "2023-02-13T04:51:16-05:00", "end_time": 1676282176, "end_date_time": "2023-02-13T04:56:16-05:00", "waiting_time": 0, "distance": 703, "driving_time": 676, "preparation_time": 0, "load_before": [0], "load_after": [0]}, {"type": "service", "id": "1301411000_09", "location_id": "1301411000", "address": {"location_id": "1301411000", "lat": 42.3154082, "lon": -71.0627288}, "arr_time": 1676282229, "arr_date_time": "2023-02-13T04:57:09-05:00", "end_time": 1676282529, "end_date_time": "2023-02-13T05:02:09-05:00", "waiting_time": 0, "distance": 759, "driving_time": 729, "preparation_time": 0, "load_before": [0], "load_after": [0]}, {"type": "service", "id": "1301365000_01", "location_id": "1301365000", "address": {"location_id": "1301365000", "lat": 42.31593061, "lon": -71.06346357}, "arr_time": 1676282665, "arr_date_time": "2023-02-13T05:04:25-05:00", "end_time": 1676282965, "end_date_time": "2023-02-13T05:09:25-05:00", "waiting_time": 0, "distance": 901, "driving_time": 865, "preparation_time": 0, "load_before": [0], "load_after": [0]}, {"type": "service", "id": "1301366000_02", "location_id": "1301366000", "address": {"location_id": "1301366000", "lat": 42.31583798, "lon": -71.0634303}, "arr_time": 1676282973, "arr_date_time": "2023-02-13T05:09:33-05:00", "end_time": 1676283273, "end_date_time": "2023-02-13T05:14:33-05:00", "waiting_time": 0, "distance": 910, "driving_time": 873, "preparation_time": 0, "load_before": [0], "load_after": [0]}, {"type": "service", "id": "1301367000_03", "location_id": "1301367000", "address": {"location_id": "1301367000", "lat": 42.31581849, "lon": -71.06353192}, "arr_time": 1676283277, "arr_date_time": "2023-02-13T05:14:37-05:00", "end_time": 1676283577, "end_date_time": "2023-02-13T05:19:37-05:00", "waiting_time": 0, "distance": 915, "driving_time": 877, "preparation_time": 0, "load_before": [0], "load_after": [0]}, {"type": "service", "id": "1301444000_13", "location_id": "1301444000", "address": {"location_id": "1301444000", "lat": 42.31524006, "lon": -71.06169713}, "arr_time": 1676283779, "arr_date_time": "2023-02-13T05:22:59-05:00", "end_time": 1676284079, "end_date_time": "2023-02-13T05:27:59-05:00", "waiting_time": 0, "distance": 1125, "driving_time": 1079, "preparation_time": 0, "load_before": [0], "load_after": [0]}, {"type": "service", "id": "1301445000_14", "location_id": "1301445000", "address": {"location_id": "1301445000", "lat": 42.31520578, "lon": -71.061621}, "arr_time": 1676284085, "arr_date_time": "2023-02-13T05:28:05-05:00", "end_time": 1676284385, "end_date_time": "2023-02-13T05:33:05-05:00", "waiting_time": 0, "distance": 1132, "driving_time": 1085, "preparation_time": 0, "load_before": [0], "load_after": [0]}, {"type": "service", "id": "1301448000_15", "location_id": "1301448000", "address": {"location_id": "1301448000", "lat": 42.31514478, "lon": -71.06135754}, "arr_time": 1676284407, "arr_date_time": "2023-02-13T05:33:27-05:00", "end_time": 1676284707, "end_date_time": "2023-02-13T05:38:27-05:00", "waiting_time": 0, "distance": 1154, "driving_time": 1107, "preparation_time": 0, "load_before": [0], "load_after": [0]}, {"type": "service", "id": "1301441000_11", "location_id": "1301441000", "address": {"location_id": "1301441000", "lat": 42.31534777, "lon": -71.06191972}, "arr_time": 1676284797, "arr_date_time": "2023-02-13T05:39:57-05:00", "end_time": 1676285097, "end_date_time": "2023-02-13T05:44:57-05:00", "waiting_time": 0, "distance": 1248, "driving_time": 1197, "preparation_time": 0, "load_before": [0], "load_after": [0]}, {"type": "service", "id": "1301442000_12", "location_id": "1301442000", "address": {"location_id": "1301442000", "lat": 42.31531191, "lon": -71.06184556}, "arr_time": 1676285097, "arr_date_time": "2023-02-13T05:44:57-05:00", "end_time": 1676285397, "end_date_time": "2023-02-13T05:49:57-05:00", "waiting_time": 0, "distance": 1248, "driving_time": 1197, "preparation_time": 0, "load_before": [0], "load_after": [0]}, {"type": "service", "id": "1301417000_10", "location_id": "1301417000", "address": {"location_id": "1301417000", "lat": 42.31481722, "lon": -71.06258495}, "arr_time": 1676285464, "arr_date_time": "2023-02-13T05:51:04-05:00", "end_time": 1676285764, "end_date_time": "2023-02-13T05:56:04-05:00", "waiting_time": 0, "distance": 1318, "driving_time": 1264, "preparation_time": 0, "load_before": [0], "load_after": [0]}, {"type": "service", "id": "1301525000_16", "location_id": "1301525000", "address": {"location_id": "1301525000", "lat": 42.3133687, "lon": -71.06293414}, "arr_time": 1676285931, "arr_date_time": "2023-02-13T05:58:51-05:00", "end_time": 1676286231, "end_date_time": "2023-02-13T06:03:51-05:00", "waiting_time": 0, "distance": 1492, "driving_time": 1431, "preparation_time": 0, "load_before": [0], "load_after": [0]}, {"type": "service", "id": "1301656000_23", "location_id": "1301656000", "address": {"location_id": "1301656000", "lat": 42.31350512, "lon": -71.06368433}, "arr_time": 1676286301, "arr_date_time": "2023-02-13T06:05:01-05:00", "end_time": 1676286601, "end_date_time": "2023-02-13T06:10:01-05:00", "waiting_time": 0, "distance": 1566, "driving_time": 1501, "preparation_time": 0, "load_before": [0], "load_after": [0]}, {"type": "service", "id": "1301663000_24", "location_id": "1301663000", "address": {"location_id": "1301663000", "lat": 42.31278388, "lon": -71.06331695}, "arr_time": 1676286661, "arr_date_time": "2023-02-13T06:11:01-05:00", "end_time": 1676286961, "end_date_time": "2023-02-13T06:16:01-05:00", "waiting_time": 0, "distance": 1629, "driving_time": 1561, "preparation_time": 0, "load_before": [0], "load_after": [0]}, {"type": "service", "id": "1301664000_25", "location_id": "1301664000", "address": {"location_id": "1301664000", "lat": 42.31272315, "lon": -71.06313416}, "arr_time": 1676286977, "arr_date_time": "2023-02-13T06:16:17-05:00", "end_time": 1676287277, "end_date_time": "2023-02-13T06:21:17-05:00", "waiting_time": 0, "distance": 1645, "driving_time": 1577, "preparation_time": 0, "load_before": [0], "load_after": [0]}, {"type": "service", "id": "1301551000_17", "location_id": "1301551000", "address": {"location_id": "1301551000", "lat": 42.31304588, "lon": -71.06275066}, "arr_time": 1676287288, "arr_date_time": "2023-02-13T06:21:28-05:00", "end_time": 1676287588, "end_date_time": "2023-02-13T06:26:28-05:00", "waiting_time": 0, "distance": 1656, "driving_time": 1588, "preparation_time": 0, "load_before": [0], "load_after": [0]}, {"type": "service", "id": "1301653000_22", "location_id": "1301653000", "address": {"location_id": "1301653000", "lat": 42.31366529, "lon": -71.06386022}, "arr_time": 1676287748, "arr_date_time": "2023-02-13T06:29:08-05:00", "end_time": 1676288048, "end_date_time": "2023-02-13T06:34:08-05:00", "waiting_time": 0, "distance": 1822, "driving_time": 1748, "preparation_time": 0, "load_before": [0], "load_after": [0]}, {"type": "service", "id": "1301702000_30", "location_id": "1301702000", "address": {"location_id": "1301702000", "lat": 42.31406165, "lon": -71.0646349}, "arr_time": 1676288119, "arr_date_time": "2023-02-13T06:35:19-05:00", "end_time": 1676288419, "end_date_time": "2023-02-13T06:40:19-05:00", "waiting_time": 0, "distance": 1895, "driving_time": 1819, "preparation_time": 0, "load_before": [0], "load_after": [0]}, {"type": "service", "id": "1301706000_31", "location_id": "1301706000", "address": {"location_id": "1301706000", "lat": 42.31359676, "lon": -71.06462619}, "arr_time": 1676288451, "arr_date_time": "2023-02-13T06:40:51-05:00", "end_time": 1676288751, "end_date_time": "2023-02-13T06:45:51-05:00", "waiting_time": 0, "distance": 1928, "driving_time": 1851, "preparation_time": 0, "load_before": [0], "load_after": [0]}, {"type": "service", "id": "1301710000_32", "location_id": "1301710000", "address": {"location_id": "1301710000", "lat": 42.31320248, "lon": -71.06439782}, "arr_time": 1676288796, "arr_date_time": "2023-02-13T06:46:36-05:00", "end_time": 1676289096, "end_date_time": "2023-02-13T06:51:36-05:00", "waiting_time": 0, "distance": 1976, "driving_time": 1896, "preparation_time": 0, "load_before": [0], "load_after": [0]}, {"type": "service", "id": "1301639000_20", "location_id": "1301639000", "address": {"location_id": "1301639000", "lat": 42.31264701, "lon": -71.0639499}, "arr_time": 1676289152, "arr_date_time": "2023-02-13T06:52:32-05:00", "end_time": 1676289452, "end_date_time": "2023-02-13T06:57:32-05:00", "waiting_time": 0, "distance": 2034, "driving_time": 1952, "preparation_time": 0, "load_before": [0], "load_after": [0]}, {"type": "service", "id": "1301640000_21", "location_id": "1301640000", "address": {"location_id": "1301640000", "lat": 42.31267504, "lon": -71.06411292}, "arr_time": 1676289455, "arr_date_time": "2023-02-13T06:57:35-05:00", "end_time": 1676289755, "end_date_time": "2023-02-13T07:02:35-05:00", "waiting_time": 0, "distance": 2036, "driving_time": 1955, "preparation_time": 0, "load_before": [0], "load_after": [0]}, {"type": "service", "id": "1301638000_19", "location_id": "1301638000", "address": {"location_id": "1301638000", "lat": 42.31260063, "lon": -71.06380604}, "arr_time": 1676289811, "arr_date_time": "2023-02-13T07:03:31-05:00", "end_time": 1676290111, "end_date_time": "2023-02-13T07:08:31-05:00", "waiting_time": 0, "distance": 2095, "driving_time": 2011, "preparation_time": 0, "load_before": [0], "load_after": [0]}, {"type": "service", "id": "1301636000_18", "location_id": "1301636000", "address": {"location_id": "1301636000", "lat": 42.31242346, "lon": -71.0635694}, "arr_time": 1676290137, "arr_date_time": "2023-02-13T07:08:57-05:00", "end_time": 1676290437, "end_date_time": "2023-02-13T07:13:57-05:00", "waiting_time": 0, "distance": 2123, "driving_time": 2037, "preparation_time": 0, "load_before": [0], "load_after": [0]}, {"type": "service", "id": "1502740000_61", "location_id": "1502740000", "address": {"location_id": "1502740000", "lat": 42.31258359, "lon": -71.06474629}, "arr_time": 1676290516, "arr_date_time": "2023-02-13T07:15:16-05:00", "end_time": 1676290816, "end_date_time": "2023-02-13T07:20:16-05:00", "waiting_time": 0, "distance": 2205, "driving_time": 2116, "preparation_time": 0, "load_before": [0], "load_after": [0]}, {"type": "service", "id": "1301686000_26", "location_id": "1301686000", "address": {"location_id": "1301686000", "lat": 42.31320254, "lon": -71.06481705}, "arr_time": 1676290875, "arr_date_time": "2023-02-13T07:21:15-05:00", "end_time": 1676291175, "end_date_time": "2023-02-13T07:26:15-05:00", "waiting_time": 0, "distance": 2266, "driving_time": 2175, "preparation_time": 0, "load_before": [0], "load_after": [0]}, {"type": "service", "id": "1502687000_56", "location_id": "1502687000", "address": {"location_id": "1502687000", "lat": 42.31322268, "lon": -71.06528789}, "arr_time": 1676291191, "arr_date_time": "2023-02-13T07:26:31-05:00", "end_time": 1676291491, "end_date_time": "2023-02-13T07:31:31-05:00", "waiting_time": 0, "distance": 2283, "driving_time": 2191, "preparation_time": 0, "load_before": [0], "load_after": [0]}, {"type": "service", "id": "1301690000_27", "location_id": "1301690000", "address": {"location_id": "1301690000", "lat": 42.31365872, "lon": -71.06497788}, "arr_time": 1676291525, "arr_date_time": "2023-02-13T07:32:05-05:00", "end_time": 1676291825, "end_date_time": "2023-02-13T07:37:05-05:00", "waiting_time": 0, "distance": 2318, "driving_time": 2225, "preparation_time": 0, "load_before": [0], "load_after": [0]}, {"type": "service", "id": "1502678000_54", "location_id": "1502678000", "address": {"location_id": "1502678000", "lat": 42.31367418, "lon": -71.06554357}, "arr_time": 1676291844, "arr_date_time": "2023-02-13T07:37:24-05:00", "end_time": 1676292144, "end_date_time": "2023-02-13T07:42:24-05:00", "waiting_time": 0, "distance": 2338, "driving_time": 2244, "preparation_time": 0, "load_before": [0], "load_after": [0]}, {"type": "service", "id": "1301692000_28", "location_id": "1301692000", "address": {"location_id": "1301692000", "lat": 42.31399566, "lon": -71.06508379}, "arr_time": 1676292161, "arr_date_time": "2023-02-13T07:42:41-05:00", "end_time": 1676292461, "end_date_time": "2023-02-13T07:47:41-05:00", "waiting_time": 0, "distance": 2356, "driving_time": 2261, "preparation_time": 0, "load_before": [0], "load_after": [0]}, {"type": "service", "id": "1502674000_52", "location_id": "1502674000", "address": {"location_id": "1502674000", "lat": 42.31367718, "lon": -71.06599059}, "arr_time": 1676292528, "arr_date_time": "2023-02-13T07:48:48-05:00", "end_time": 1676292828, "end_date_time": "2023-02-13T07:53:48-05:00", "waiting_time": 0, "distance": 2426, "driving_time": 2328, "preparation_time": 0, "load_before": [0], "load_after": [0]}, {"type": "service", "id": "1502673000_51", "location_id": "1502673000", "address": {"location_id": "1502673000", "lat": 42.31359772, "lon": -71.06609663}, "arr_time": 1676292839, "arr_date_time": "2023-02-13T07:53:59-05:00", "end_time": 1676293139, "end_date_time": "2023-02-13T07:58:59-05:00", "waiting_time": 0, "distance": 2438, "driving_time": 2339, "preparation_time": 0, "load_before": [0], "load_after": [0]}, {"type": "service", "id": "1502672000_50", "location_id": "1502672000", "address": {"location_id": "1502672000", "lat": 42.31390242, "lon": -71.06628859}, "arr_time": 1676293139, "arr_date_time": "2023-02-13T07:58:59-05:00", "end_time": 1676293439, "end_date_time": "2023-02-13T08:03:59-05:00", "waiting_time": 0, "distance": 2438, "driving_time": 2339, "preparation_time": 0, "load_before": [0], "load_after": [0]}, {"type": "service", "id": "1502652000_46", "location_id": "1502652000", "address": {"location_id": "1502652000", "lat": 42.31355617, "lon": -71.06625023}, "arr_time": 1676293444, "arr_date_time": "2023-02-13T08:04:04-05:00", "end_time": 1676293744, "end_date_time": "2023-02-13T08:09:04-05:00", "waiting_time": 0, "distance": 2443, "driving_time": 2344, "preparation_time": 0, "load_before": [0], "load_after": [0]}, {"type": "service", "id": "1502654000_47", "location_id": "1502654000", "address": {"location_id": "1502654000", "lat": 42.31365728, "lon": -71.06648049}, "arr_time": 1676293744, "arr_date_time": "2023-02-13T08:09:04-05:00", "end_time": 1676294044, "end_date_time": "2023-02-13T08:14:04-05:00", "waiting_time": 0, "distance": 2443, "driving_time": 2344, "preparation_time": 0, "load_before": [0], "load_after": [0]}, {"type": "service", "id": "1502675000_53", "location_id": "1502675000", "address": {"location_id": "1502675000", "lat": 42.31370269, "lon": -71.06584145}, "arr_time": 1676294072, "arr_date_time": "2023-02-13T08:14:32-05:00", "end_time": 1676294372, "end_date_time": "2023-02-13T08:19:32-05:00", "waiting_time": 0, "distance": 2472, "driving_time": 2372, "preparation_time": 0, "load_before": [0], "load_after": [0]}, {"type": "service", "id": "1301693000_29", "location_id": "1301693000", "address": {"location_id": "1301693000", "lat": 42.31420213, "lon": -71.06520499}, "arr_time": 1676294423, "arr_date_time": "2023-02-13T08:20:23-05:00", "end_time": 1676294723, "end_date_time": "2023-02-13T08:25:23-05:00", "waiting_time": 0, "distance": 2525, "driving_time": 2423, "preparation_time": 0, "load_before": [0], "load_after": [0]}, {"type": "service", "id": "1502679000_55", "location_id": "1502679000", "address": {"location_id": "1502679000", "lat": 42.31355181, "lon": -71.06550214}, "arr_time": 1676294807, "arr_date_time": "2023-02-13T08:26:47-05:00", "end_time": 1676295107, "end_date_time": "2023-02-13T08:31:47-05:00", "waiting_time": 0, "distance": 2613, "driving_time": 2507, "preparation_time": 0, "load_before": [0], "load_after": [0]}, {"type": "service", "id": "1502711000_60", "location_id": "1502711000", "address": {"location_id": "1502711000", "lat": 42.31318696, "lon": -71.06562837}, "arr_time": 1676295135, "arr_date_time": "2023-02-13T08:32:15-05:00", "end_time": 1676295435, "end_date_time": "2023-02-13T08:37:15-05:00", "waiting_time": 0, "distance": 2642, "driving_time": 2535, "preparation_time": 0, "load_before": [0], "load_after": [0]}, {"type": "service", "id": "1502710000_59", "location_id": "1502710000", "address": {"location_id": "1502710000", "lat": 42.31308827, "lon": -71.06566192}, "arr_time": 1676295443, "arr_date_time": "2023-02-13T08:37:23-05:00", "end_time": 1676295743, "end_date_time": "2023-02-13T08:42:23-05:00", "waiting_time": 0, "distance": 2650, "driving_time": 2543, "preparation_time": 0, "load_before": [0], "load_after": [0]}, {"type": "service", "id": "1502709000_58", "location_id": "1502709000", "address": {"location_id": "1502709000", "lat": 42.31302039, "lon": -71.06582465}, "arr_time": 1676295757, "arr_date_time": "2023-02-13T08:42:37-05:00", "end_time": 1676296057, "end_date_time": "2023-02-13T08:47:37-05:00", "waiting_time": 0, "distance": 2665, "driving_time": 2557, "preparation_time": 0, "load_before": [0], "load_after": [0]}, {"type": "service", "id": "1502706000_57", "location_id": "1502706000", "address": {"location_id": "1502706000", "lat": 42.31288195, "lon": -71.06615376}, "arr_time": 1676296087, "arr_date_time": "2023-02-13T08:48:07-05:00", "end_time": 1676296387, "end_date_time": "2023-02-13T08:53:07-05:00", "waiting_time": 0, "distance": 2696, "driving_time": 2587, "preparation_time": 0, "load_before": [0], "load_after": [0]}, {"type": "service", "id": "1502651000_45", "location_id": "1502651000", "address": {"location_id": "1502651000", "lat": 42.31321137, "lon": -71.06648241}, "arr_time": 1676296427, "arr_date_time": "2023-02-13T08:53:47-05:00", "end_time": 1676296727, "end_date_time": "2023-02-13T08:58:47-05:00", "waiting_time": 0, "distance": 2738, "driving_time": 2627, "preparation_time": 0, "load_before": [0], "load_after": [0]}, {"type": "service", "id": "1502641000_44", "location_id": "1502641000", "address": {"location_id": "1502641000", "lat": 42.31351547, "lon": -71.06703075}, "arr_time": 1676296769, "arr_date_time": "2023-02-13T08:59:29-05:00", "end_time": 1676297069, "end_date_time": "2023-02-13T09:04:29-05:00", "waiting_time": 0, "distance": 2783, "driving_time": 2669, "preparation_time": 0, "load_before": [0], "load_after": [0]}, {"type": "service", "id": "1502655000_48", "location_id": "1502655000", "address": {"location_id": "1502655000", "lat": 42.31377601, "lon": -71.06661597}, "arr_time": 1676297088, "arr_date_time": "2023-02-13T09:04:48-05:00", "end_time": 1676297388, "end_date_time": "2023-02-13T09:09:48-05:00", "waiting_time": 0, "distance": 2802, "driving_time": 2688, "preparation_time": 0, "load_before": [0], "load_after": [0]}, {"type": "service", "id": "1502640000_43", "location_id": "1502640000", "address": {"location_id": "1502640000", "lat": 42.31373021, "lon": -71.06702526}, "arr_time": 1676297392, "arr_date_time": "2023-02-13T09:09:52-05:00", "end_time": 1676297692, "end_date_time": "2023-02-13T09:14:52-05:00", "waiting_time": 0, "distance": 2806, "driving_time": 2692, "preparation_time": 0, "load_before": [0], "load_after": [0]}, {"type": "service", "id": "1502639002_42", "location_id": "1502639002", "address": {"location_id": "1502639002", "lat": 42.31406994, "lon": -71.06692779}, "arr_time": 1676297720, "arr_date_time": "2023-02-13T09:15:20-05:00", "end_time": 1676298020, "end_date_time": "2023-02-13T09:20:20-05:00", "waiting_time": 0, "distance": 2836, "driving_time": 2720, "preparation_time": 0, "load_before": [0], "load_after": [0]}, {"type": "service", "id": "1502658000_49", "location_id": "1502658000", "address": {"location_id": "1502658000", "lat": 42.31394458, "lon": -71.06659527}, "arr_time": 1676298021, "arr_date_time": "2023-02-13T09:20:21-05:00", "end_time": 1676298321, "end_date_time": "2023-02-13T09:25:21-05:00", "waiting_time": 0, "distance": 2837, "driving_time": 2721, "preparation_time": 0, "load_before": [0], "load_after": [0]}, {"type": "service", "id": "1502639001_41", "location_id": "1502639001", "address": {"location_id": "1502639001", "lat": 42.31425769, "lon": -71.06684274}, "arr_time": 1676298335, "arr_date_time": "2023-02-13T09:25:35-05:00", "end_time": 1676298635, "end_date_time": "2023-02-13T09:30:35-05:00", "waiting_time": 0, "distance": 2851, "driving_time": 2735, "preparation_time": 0, "load_before": [0], "load_after": [0]}, {"type": "service", "id": "1502638000_40", "location_id": "1502638000", "address": {"location_id": "1502638000", "lat": 42.31434192, "lon": -71.06654926}, "arr_time": 1676298656, "arr_date_time": "2023-02-13T09:30:56-05:00", "end_time": 1676298956, "end_date_time": "2023-02-13T09:35:56-05:00", "waiting_time": 0, "distance": 2874, "driving_time": 2756, "preparation_time": 0, "load_before": [0], "load_after": [0]}, {"type": "service", "id": "1502635000_39", "location_id": "1502635000", "address": {"location_id": "1502635000", "lat": 42.31446793, "lon": -71.06615708}, "arr_time": 1676298989, "arr_date_time": "2023-02-13T09:36:29-05:00", "end_time": 1676299289, "end_date_time": "2023-02-13T09:41:29-05:00", "waiting_time": 0, "distance": 2909, "driving_time": 2789, "preparation_time": 0, "load_before": [0], "load_after": [0]}, {"type": "service", "id": "1502627000_38", "location_id": "1502627000", "address": {"location_id": "1502627000", "lat": 42.3145309, "lon": -71.06679574}, "arr_time": 1676299439, "arr_date_time": "2023-02-13T09:43:59-05:00", "end_time": 1676299739, "end_date_time": "2023-02-13T09:48:59-05:00", "waiting_time": 0, "distance": 3065, "driving_time": 2939, "preparation_time": 0, "load_before": [0], "load_after": [0]}, {"type": "service", "id": "1502625000_37", "location_id": "1502625000", "address": {"location_id": "1502625000", "lat": 42.31442317, "lon": -71.06696839}, "arr_time": 1676299755, "arr_date_time": "2023-02-13T09:49:15-05:00", "end_time": 1676300055, "end_date_time": "2023-02-13T09:54:15-05:00", "waiting_time": 0, "distance": 3081, "driving_time": 2955, "preparation_time": 0, "load_before": [0], "load_after": [0]}]}], "unassigned": {"services": [], "shipments": [], "breaks": [], "details": []}}}