{"copyrights": ["GraphHopper", "OpenStreetMap contributors"], "job_id": "e8bc2cc3-84da-4fed-bdd6-5379ec769418", "status": "finished", "waiting_time_in_queue": 0, "processing_time": 162, "solution": {"costs": 342, "distance": 1865, "time": 1789, "transport_time": 1789, "completion_time": 17689, "max_operation_time": 17689, "waiting_time": 0, "service_duration": 15900, "preparation_time": 0, "no_vehicles": 1, "no_unassigned": 0, "routes": [{"vehicle_id": "my_vehicle", "shift_id": "default-shift", "distance": 1865, "transport_time": 1789, "completion_time": 17689, "waiting_time": 0, "service_duration": 15900, "preparation_time": 0, "activities": [{"type": "start", "location_id": "1700277040", "address": {"location_id": "1700277040", "lat": 42.29646114, "lon": -71.07413235}, "arr_time": 1676278800, "arr_date_time": "2023-02-13T04:00:00-05:00", "end_time": 1676278800, "end_date_time": "2023-02-13T04:00:00-05:00", "waiting_time": 0, "distance": 0, "driving_time": 0, "preparation_time": 0, "load_after": [0]}, {"type": "service", "id": "1700277038_22", "location_id": "1700277038", "address": {"location_id": "1700277038", "lat": 42.29639901, "lon": -71.07411622}, "arr_time": 1676278840, "arr_date_time": "2023-02-13T04:00:40-05:00", "end_time": 1676279140, "end_date_time": "2023-02-13T04:05:40-05:00", "waiting_time": 0, "distance": 42, "driving_time": 40, "preparation_time": 0, "load_before": [0], "load_after": [0]}, {"type": "service", "id": "1700277026_20", "location_id": "1700277026", "address": {"location_id": "1700277026", "lat": 42.29603012, "lon": -71.0740823}, "arr_time": 1676279160, "arr_date_time": "2023-02-13T04:06:00-05:00", "end_time": 1676279460, "end_date_time": "2023-02-13T04:11:00-05:00", "waiting_time": 0, "distance": 63, "driving_time": 60, "preparation_time": 0, "load_before": [0], "load_after": [0]}, {"type": "service", "id": "1700277024_19", "location_id": "1700277024", "address": {"location_id": "1700277024", "lat": 42.29602166, "lon": -71.07420044}, "arr_time": 1676279460, "arr_date_time": "2023-02-13T04:11:00-05:00", "end_time": 1676279760, "end_date_time": "2023-02-13T04:16:00-05:00", "waiting_time": 0, "distance": 63, "driving_time": 60, "preparation_time": 0, "load_before": [0], "load_after": [0]}, {"type": "service", "id": "1700277016_17", "location_id": "1700277016", "address": {"location_id": "1700277016", "lat": 42.2960865, "lon": -71.07462706}, "arr_time": 1676279760, "arr_date_time": "2023-02-13T04:16:00-05:00", "end_time": 1676280060, "end_date_time": "2023-02-13T04:21:00-05:00", "waiting_time": 0, "distance": 63, "driving_time": 60, "preparation_time": 0, "load_before": [0], "load_after": [0]}, {"type": "service", "id": "1700277014_16", "location_id": "1700277014", "address": {"location_id": "1700277014", "lat": 42.29616036, "lon": -71.07457928}, "arr_time": 1676280060, "arr_date_time": "2023-02-13T04:21:00-05:00", "end_time": 1676280360, "end_date_time": "2023-02-13T04:26:00-05:00", "waiting_time": 0, "distance": 63, "driving_time": 60, "preparation_time": 0, "load_before": [0], "load_after": [0]}, {"type": "service", "id": "1700277012_15", "location_id": "1700277012", "address": {"location_id": "1700277012", "lat": 42.2962056, "lon": -71.07462267}, "arr_time": 1676280360, "arr_date_time": "2023-02-13T04:26:00-05:00", "end_time": 1676280660, "end_date_time": "2023-02-13T04:31:00-05:00", "waiting_time": 0, "distance": 64, "driving_time": 60, "preparation_time": 0, "load_before": [0], "load_after": [0]}, {"type": "service", "id": "1700277032_21", "location_id": "1700277032", "address": {"location_id": "1700277032", "lat": 42.29623102, "lon": -71.07407341}, "arr_time": 1676280667, "arr_date_time": "2023-02-13T04:31:07-05:00", "end_time": 1676280967, "end_date_time": "2023-02-13T04:36:07-05:00", "waiting_time": 0, "distance": 71, "driving_time": 67, "preparation_time": 0, "load_before": [0], "load_after": [0]}, {"type": "service", "id": "1700277008_14", "location_id": "1700277008", "address": {"location_id": "1700277008", "lat": 42.29636919, "lon": -71.07454221}, "arr_time": 1676280983, "arr_date_time": "2023-02-13T04:36:23-05:00", "end_time": 1676281283, "end_date_time": "2023-02-13T04:41:23-05:00", "waiting_time": 0, "distance": 88, "driving_time": 83, "preparation_time": 0, "load_before": [0], "load_after": [0]}, {"type": "service", "id": "1700277004_13", "location_id": "1700277004", "address": {"location_id": "1700277004", "lat": 42.29634075, "lon": -71.07473124}, "arr_time": 1676281339, "arr_date_time": "2023-02-13T04:42:19-05:00", "end_time": 1676281639, "end_date_time": "2023-02-13T04:47:19-05:00", "waiting_time": 0, "distance": 146, "driving_time": 139, "preparation_time": 0, "load_before": [0], "load_after": [0]}, {"type": "service", "id": "1700277002_12", "location_id": "1700277002", "address": {"location_id": "1700277002", "lat": 42.29632006, "lon": -71.07480651}, "arr_time": 1676281644, "arr_date_time": "2023-02-13T04:47:24-05:00", "end_time": 1676281944, "end_date_time": "2023-02-13T04:52:24-05:00", "waiting_time": 0, "distance": 152, "driving_time": 144, "preparation_time": 0, "load_before": [0], "load_after": [0]}, {"type": "service", "id": "1700277000_11", "location_id": "1700277000", "address": {"location_id": "1700277000", "lat": 42.29630571, "lon": -71.07488907}, "arr_time": 1676281948, "arr_date_time": "2023-02-13T04:52:28-05:00", "end_time": 1676282248, "end_date_time": "2023-02-13T04:57:28-05:00", "waiting_time": 0, "distance": 156, "driving_time": 148, "preparation_time": 0, "load_before": [0], "load_after": [0]}, {"type": "service", "id": "1700259000_01", "location_id": "1700259000", "address": {"location_id": "1700259000", "lat": 42.29621213, "lon": -71.07537571}, "arr_time": 1676282289, "arr_date_time": "2023-02-13T04:58:09-05:00", "end_time": 1676282589, "end_date_time": "2023-02-13T05:03:09-05:00", "waiting_time": 0, "distance": 200, "driving_time": 189, "preparation_time": 0, "load_before": [0], "load_after": [0]}, {"type": "service", "id": "1700260000_02", "location_id": "1700260000", "address": {"location_id": "1700260000", "lat": 42.29602543, "lon": -71.0753853}, "arr_time": 1676282611, "arr_date_time": "2023-02-13T05:03:31-05:00", "end_time": 1676282911, "end_date_time": "2023-02-13T05:08:31-05:00", "waiting_time": 0, "distance": 222, "driving_time": 211, "preparation_time": 0, "load_before": [0], "load_after": [0]}, {"type": "service", "id": "1700273000_10", "location_id": "1700273000", "address": {"location_id": "1700273000", "lat": 42.29582959, "lon": -71.07484128}, "arr_time": 1676282939, "arr_date_time": "2023-02-13T05:08:59-05:00", "end_time": 1676283239, "end_date_time": "2023-02-13T05:13:59-05:00", "waiting_time": 0, "distance": 251, "driving_time": 239, "preparation_time": 0, "load_before": [0], "load_after": [0]}, {"type": "service", "id": "1700272000_09", "location_id": "1700272000", "address": {"location_id": "1700272000", "lat": 42.29570239, "lon": -71.07480862}, "arr_time": 1676283252, "arr_date_time": "2023-02-13T05:14:12-05:00", "end_time": 1676283552, "end_date_time": "2023-02-13T05:19:12-05:00", "waiting_time": 0, "distance": 265, "driving_time": 252, "preparation_time": 0, "load_before": [0], "load_after": [0]}, {"type": "service", "id": "1700263000_03", "location_id": "1700263000", "address": {"location_id": "1700263000", "lat": 42.29562986, "lon": -71.0752722}, "arr_time": 1676283553, "arr_date_time": "2023-02-13T05:19:13-05:00", "end_time": 1676283853, "end_date_time": "2023-02-13T05:24:13-05:00", "waiting_time": 0, "distance": 266, "driving_time": 253, "preparation_time": 0, "load_before": [0], "load_after": [0]}, {"type": "service", "id": "1700271000_08", "location_id": "1700271000", "address": {"location_id": "1700271000", "lat": 42.29556184, "lon": -71.07477235}, "arr_time": 1676283868, "arr_date_time": "2023-02-13T05:24:28-05:00", "end_time": 1676284168, "end_date_time": "2023-02-13T05:29:28-05:00", "waiting_time": 0, "distance": 281, "driving_time": 268, "preparation_time": 0, "load_before": [0], "load_after": [0]}, {"type": "service", "id": "1700264000_04", "location_id": "1700264000", "address": {"location_id": "1700264000", "lat": 42.29548891, "lon": -71.07523183}, "arr_time": 1676284169, "arr_date_time": "2023-02-13T05:29:29-05:00", "end_time": 1676284469, "end_date_time": "2023-02-13T05:34:29-05:00", "waiting_time": 0, "distance": 282, "driving_time": 269, "preparation_time": 0, "load_before": [0], "load_after": [0]}, {"type": "service", "id": "1700270000_07", "location_id": "1700270000", "address": {"location_id": "1700270000", "lat": 42.29543125, "lon": -71.0747383}, "arr_time": 1676284483, "arr_date_time": "2023-02-13T05:34:43-05:00", "end_time": 1676284783, "end_date_time": "2023-02-13T05:39:43-05:00", "waiting_time": 0, "distance": 295, "driving_time": 283, "preparation_time": 0, "load_before": [0], "load_after": [0]}, {"type": "service", "id": "1700265000_05", "location_id": "1700265000", "address": {"location_id": "1700265000", "lat": 42.29535212, "lon": -71.07519251}, "arr_time": 1676284785, "arr_date_time": "2023-02-13T05:39:45-05:00", "end_time": 1676285085, "end_date_time": "2023-02-13T05:44:45-05:00", "waiting_time": 0, "distance": 297, "driving_time": 285, "preparation_time": 0, "load_before": [0], "load_after": [0]}, {"type": "service", "id": "1700423000_32", "location_id": "1700423000", "address": {"location_id": "1700423000", "lat": 42.29489532, "lon": -71.07475125}, "arr_time": 1676285127, "arr_date_time": "2023-02-13T05:45:27-05:00", "end_time": 1676285427, "end_date_time": "2023-02-13T05:50:27-05:00", "waiting_time": 0, "distance": 341, "driving_time": 327, "preparation_time": 0, "load_before": [0], "load_after": [0]}, {"type": "service", "id": "1700308000_25", "location_id": "1700308000", "address": {"location_id": "1700308000", "lat": 42.29528824, "lon": -71.0745116}, "arr_time": 1676285456, "arr_date_time": "2023-02-13T05:50:56-05:00", "end_time": 1676285756, "end_date_time": "2023-02-13T05:55:56-05:00", "waiting_time": 0, "distance": 371, "driving_time": 356, "preparation_time": 0, "load_before": [0], "load_after": [0]}, {"type": "service", "id": "1700312000_27", "location_id": "1700312000", "address": {"location_id": "1700312000", "lat": 42.29536618, "lon": -71.07387004}, "arr_time": 1676285807, "arr_date_time": "2023-02-13T05:56:47-05:00", "end_time": 1676286107, "end_date_time": "2023-02-13T06:01:47-05:00", "waiting_time": 0, "distance": 424, "driving_time": 407, "preparation_time": 0, "load_before": [0], "load_after": [0]}, {"type": "service", "id": "1700311000_26", "location_id": "1700311000", "address": {"location_id": "1700311000", "lat": 42.29542082, "lon": -71.07370966}, "arr_time": 1676286120, "arr_date_time": "2023-02-13T06:02:00-05:00", "end_time": 1676286420, "end_date_time": "2023-02-13T06:07:00-05:00", "waiting_time": 0, "distance": 438, "driving_time": 420, "preparation_time": 0, "load_before": [0], "load_after": [0]}, {"type": "service", "id": "1700441000_40", "location_id": "1700441000", "address": {"location_id": "1700441000", "lat": 42.29525445, "lon": -71.07281276}, "arr_time": 1676286485, "arr_date_time": "2023-02-13T06:08:05-05:00", "end_time": 1676286785, "end_date_time": "2023-02-13T06:13:05-05:00", "waiting_time": 0, "distance": 506, "driving_time": 485, "preparation_time": 0, "load_before": [0], "load_after": [0]}, {"type": "service", "id": "1700294000_23", "location_id": "1700294000", "address": {"location_id": "1700294000", "lat": 42.29596526, "lon": -71.07311276}, "arr_time": 1676286957, "arr_date_time": "2023-02-13T06:15:57-05:00", "end_time": 1676287257, "end_date_time": "2023-02-13T06:20:57-05:00", "waiting_time": 0, "distance": 685, "driving_time": 657, "preparation_time": 0, "load_before": [0], "load_after": [0]}, {"type": "service", "id": "1700296000_24", "location_id": "1700296000", "address": {"location_id": "1700296000", "lat": 42.29591843, "lon": -71.07342563}, "arr_time": 1676287283, "arr_date_time": "2023-02-13T06:21:23-05:00", "end_time": 1676287583, "end_date_time": "2023-02-13T06:26:23-05:00", "waiting_time": 0, "distance": 711, "driving_time": 683, "preparation_time": 0, "load_before": [0], "load_after": [0]}, {"type": "service", "id": "1700315000_29", "location_id": "1700315000", "address": {"location_id": "1700315000", "lat": 42.29554393, "lon": -71.07403502}, "arr_time": 1676287637, "arr_date_time": "2023-02-13T06:27:17-05:00", "end_time": 1676287937, "end_date_time": "2023-02-13T06:32:17-05:00", "waiting_time": 0, "distance": 768, "driving_time": 737, "preparation_time": 0, "load_before": [0], "load_after": [0]}, {"type": "service", "id": "1700277022_18", "location_id": "1700277022", "address": {"location_id": "1700277022", "lat": 42.29599151, "lon": -71.07433153}, "arr_time": 1676287988, "arr_date_time": "2023-02-13T06:33:08-05:00", "end_time": 1676288288, "end_date_time": "2023-02-13T06:38:08-05:00", "waiting_time": 0, "distance": 821, "driving_time": 788, "preparation_time": 0, "load_before": [0], "load_after": [0]}, {"type": "service", "id": "1700313000_28", "location_id": "1700313000", "address": {"location_id": "1700313000", "lat": 42.29533758, "lon": -71.07402628}, "arr_time": 1676288352, "arr_date_time": "2023-02-13T06:39:12-05:00", "end_time": 1676288652, "end_date_time": "2023-02-13T06:44:12-05:00", "waiting_time": 0, "distance": 888, "driving_time": 852, "preparation_time": 0, "load_before": [0], "load_after": [0]}, {"type": "service", "id": "1700456000_42", "location_id": "1700456000", "address": {"location_id": "1700456000", "lat": 42.29464176, "lon": -71.07415228}, "arr_time": 1676288755, "arr_date_time": "2023-02-13T06:45:55-05:00", "end_time": 1676289055, "end_date_time": "2023-02-13T06:50:55-05:00", "waiting_time": 0, "distance": 995, "driving_time": 955, "preparation_time": 0, "load_before": [0], "load_after": [0]}, {"type": "service", "id": "1700422000_31", "location_id": "1700422000", "address": {"location_id": "1700422000", "lat": 42.29486603, "lon": -71.07490174}, "arr_time": 1676289145, "arr_date_time": "2023-02-13T06:52:25-05:00", "end_time": 1676289445, "end_date_time": "2023-02-13T06:57:25-05:00", "waiting_time": 0, "distance": 1090, "driving_time": 1045, "preparation_time": 0, "load_before": [0], "load_after": [0]}, {"type": "service", "id": "1700421000_30", "location_id": "1700421000", "address": {"location_id": "1700421000", "lat": 42.29483714, "lon": -71.07505137}, "arr_time": 1676289457, "arr_date_time": "2023-02-13T06:57:37-05:00", "end_time": 1676289757, "end_date_time": "2023-02-13T07:02:37-05:00", "waiting_time": 0, "distance": 1103, "driving_time": 1057, "preparation_time": 0, "load_before": [0], "load_after": [0]}, {"type": "service", "id": "1700267000_06", "location_id": "1700267000", "address": {"location_id": "1700267000", "lat": 42.29515052, "lon": -71.07523463}, "arr_time": 1676289763, "arr_date_time": "2023-02-13T07:02:43-05:00", "end_time": 1676290063, "end_date_time": "2023-02-13T07:07:43-05:00", "waiting_time": 0, "distance": 1109, "driving_time": 1063, "preparation_time": 0, "load_before": [0], "load_after": [0]}, {"type": "service", "id": "1700434000_39", "location_id": "1700434000", "address": {"location_id": "1700434000", "lat": 42.29460637, "lon": -71.07527389}, "arr_time": 1676290139, "arr_date_time": "2023-02-13T07:08:59-05:00", "end_time": 1676290439, "end_date_time": "2023-02-13T07:13:59-05:00", "waiting_time": 0, "distance": 1188, "driving_time": 1139, "preparation_time": 0, "load_before": [0], "load_after": [0]}, {"type": "service", "id": "1700432000_38", "location_id": "1700432000", "address": {"location_id": "1700432000", "lat": 42.29433818, "lon": -71.07507253}, "arr_time": 1676290471, "arr_date_time": "2023-02-13T07:14:31-05:00", "end_time": 1676290771, "end_date_time": "2023-02-13T07:19:31-05:00", "waiting_time": 0, "distance": 1221, "driving_time": 1171, "preparation_time": 0, "load_before": [0], "load_after": [0]}, {"type": "service", "id": "1700431000_37", "location_id": "1700431000", "address": {"location_id": "1700431000", "lat": 42.2941979, "lon": -71.07513048}, "arr_time": 1676290784, "arr_date_time": "2023-02-13T07:19:44-05:00", "end_time": 1676291084, "end_date_time": "2023-02-13T07:24:44-05:00", "waiting_time": 0, "distance": 1235, "driving_time": 1184, "preparation_time": 0, "load_before": [0], "load_after": [0]}, {"type": "service", "id": "1700430020_36", "location_id": "1700430020", "address": {"location_id": "1700430020", "lat": 42.29400734, "lon": -71.07516106}, "arr_time": 1676291103, "arr_date_time": "2023-02-13T07:25:03-05:00", "end_time": 1676291403, "end_date_time": "2023-02-13T07:30:03-05:00", "waiting_time": 0, "distance": 1255, "driving_time": 1203, "preparation_time": 0, "load_before": [0], "load_after": [0]}, {"type": "service", "id": "1700473000_47", "location_id": "1700473000", "address": {"location_id": "1700473000", "lat": 42.29372915, "lon": -71.07503281}, "arr_time": 1676291435, "arr_date_time": "2023-02-13T07:30:35-05:00", "end_time": 1676291735, "end_date_time": "2023-02-13T07:35:35-05:00", "waiting_time": 0, "distance": 1288, "driving_time": 1235, "preparation_time": 0, "load_before": [0], "load_after": [0]}, {"type": "service", "id": "1700474000_48", "location_id": "1700474000", "address": {"location_id": "1700474000", "lat": 42.2938141, "lon": -71.07506143}, "arr_time": 1676291767, "arr_date_time": "2023-02-13T07:36:07-05:00", "end_time": 1676292067, "end_date_time": "2023-02-13T07:41:07-05:00", "waiting_time": 0, "distance": 1322, "driving_time": 1267, "preparation_time": 0, "load_before": [0], "load_after": [0]}, {"type": "service", "id": "1700430010_35", "location_id": "1700430010", "address": {"location_id": "1700430010", "lat": 42.29403973, "lon": -71.07501695}, "arr_time": 1676292077, "arr_date_time": "2023-02-13T07:41:17-05:00", "end_time": 1676292377, "end_date_time": "2023-02-13T07:46:17-05:00", "waiting_time": 0, "distance": 1333, "driving_time": 1277, "preparation_time": 0, "load_before": [0], "load_after": [0]}, {"type": "service", "id": "1700476000_49", "location_id": "1700476000", "address": {"location_id": "1700476000", "lat": 42.29382139, "lon": -71.07473705}, "arr_time": 1676292392, "arr_date_time": "2023-02-13T07:46:32-05:00", "end_time": 1676292692, "end_date_time": "2023-02-13T07:51:32-05:00", "waiting_time": 0, "distance": 1348, "driving_time": 1292, "preparation_time": 0, "load_before": [0], "load_after": [0]}, {"type": "service", "id": "1700428000_34", "location_id": "1700428000", "address": {"location_id": "1700428000", "lat": 42.29429089, "lon": -71.0746802}, "arr_time": 1676292711, "arr_date_time": "2023-02-13T07:51:51-05:00", "end_time": 1676293011, "end_date_time": "2023-02-13T07:56:51-05:00", "waiting_time": 0, "distance": 1367, "driving_time": 1311, "preparation_time": 0, "load_before": [0], "load_after": [0]}, {"type": "service", "id": "1700427000_33", "location_id": "1700427000", "address": {"location_id": "1700427000", "lat": 42.29418505, "lon": -71.07439057}, "arr_time": 1676293029, "arr_date_time": "2023-02-13T07:57:09-05:00", "end_time": 1676293329, "end_date_time": "2023-02-13T08:02:09-05:00", "waiting_time": 0, "distance": 1387, "driving_time": 1329, "preparation_time": 0, "load_before": [0], "load_after": [0]}, {"type": "service", "id": "1700481020_50", "location_id": "1700481020", "address": {"location_id": "1700481020", "lat": 42.29398358, "lon": -71.07386229}, "arr_time": 1676293363, "arr_date_time": "2023-02-13T08:02:43-05:00", "end_time": 1676293663, "end_date_time": "2023-02-13T08:07:43-05:00", "waiting_time": 0, "distance": 1422, "driving_time": 1363, "preparation_time": 0, "load_before": [0], "load_after": [0]}, {"type": "service", "id": "1700482010_51", "location_id": "1700482010", "address": {"location_id": "1700482010", "lat": 42.2940249, "lon": -71.07370065}, "arr_time": 1676293676, "arr_date_time": "2023-02-13T08:07:56-05:00", "end_time": 1676293976, "end_date_time": "2023-02-13T08:12:56-05:00", "waiting_time": 0, "distance": 1436, "driving_time": 1376, "preparation_time": 0, "load_before": [0], "load_after": [0]}, {"type": "service", "id": "1700482020_52", "location_id": "1700482020", "address": {"location_id": "1700482020", "lat": 42.29407663, "lon": -71.07350471}, "arr_time": 1676293992, "arr_date_time": "2023-02-13T08:13:12-05:00", "end_time": 1676294292, "end_date_time": "2023-02-13T08:18:12-05:00", "waiting_time": 0, "distance": 1453, "driving_time": 1392, "preparation_time": 0, "load_before": [0], "load_after": [0]}, {"type": "service", "id": "1700487000_53", "location_id": "1700487000", "address": {"location_id": "1700487000", "lat": 42.29429711, "lon": -71.07265277}, "arr_time": 1676294363, "arr_date_time": "2023-02-13T08:19:23-05:00", "end_time": 1676294663, "end_date_time": "2023-02-13T08:24:23-05:00", "waiting_time": 0, "distance": 1527, "driving_time": 1463, "preparation_time": 0, "load_before": [0], "load_after": [0]}, {"type": "service", "id": "1700446010_41", "location_id": "1700446010", "address": {"location_id": "1700446010", "lat": 42.29462462, "lon": -71.07249458}, "arr_time": 1676294685, "arr_date_time": "2023-02-13T08:24:45-05:00", "end_time": 1676294985, "end_date_time": "2023-02-13T08:29:45-05:00", "waiting_time": 0, "distance": 1550, "driving_time": 1485, "preparation_time": 0, "load_before": [0], "load_after": [0]}, {"type": "service", "id": "1700463000_43", "location_id": "1700463000", "address": {"location_id": "1700463000", "lat": 42.29389982, "lon": -71.0729452}, "arr_time": 1676295172, "arr_date_time": "2023-02-13T08:32:52-05:00", "end_time": 1676295472, "end_date_time": "2023-02-13T08:37:52-05:00", "waiting_time": 0, "distance": 1744, "driving_time": 1672, "preparation_time": 0, "load_before": [0], "load_after": [0]}, {"type": "service", "id": "1700468010_44", "location_id": "1700468010", "address": {"location_id": "1700468010", "lat": 42.29358822, "lon": -71.07402534}, "arr_time": 1676295564, "arr_date_time": "2023-02-13T08:39:24-05:00", "end_time": 1676295864, "end_date_time": "2023-02-13T08:44:24-05:00", "waiting_time": 0, "distance": 1839, "driving_time": 1764, "preparation_time": 0, "load_before": [0], "load_after": [0]}, {"type": "service", "id": "1700468020_45", "location_id": "1700468020", "address": {"location_id": "1700468020", "lat": 42.29354619, "lon": -71.07416384}, "arr_time": 1676295876, "arr_date_time": "2023-02-13T08:44:36-05:00", "end_time": 1676296176, "end_date_time": "2023-02-13T08:49:36-05:00", "waiting_time": 0, "distance": 1851, "driving_time": 1776, "preparation_time": 0, "load_before": [0], "load_after": [0]}, {"type": "service", "id": "1700469000_46", "location_id": "1700469000", "address": {"location_id": "1700469000", "lat": 42.29349886, "lon": -71.07432002}, "arr_time": 1676296189, "arr_date_time": "2023-02-13T08:49:49-05:00", "end_time": 1676296489, "end_date_time": "2023-02-13T08:54:49-05:00", "waiting_time": 0, "distance": 1865, "driving_time": 1789, "preparation_time": 0, "load_before": [0], "load_after": [0]}]}], "unassigned": {"services": [], "shipments": [], "breaks": [], "details": []}}}