{"copyrights": ["GraphHopper", "OpenStreetMap contributors"], "job_id": "06c98bef-bff3-4e72-9b69-79f7427eab85", "status": "finished", "waiting_time_in_queue": 0, "processing_time": 251, "solution": {"costs": 390, "distance": 2170, "time": 2075, "transport_time": 2075, "completion_time": 23675, "max_operation_time": 23675, "waiting_time": 0, "service_duration": 21600, "preparation_time": 0, "no_vehicles": 1, "no_unassigned": 0, "routes": [{"vehicle_id": "my_vehicle", "shift_id": "default-shift", "distance": 2170, "transport_time": 2075, "completion_time": 23675, "waiting_time": 0, "service_duration": 21600, "preparation_time": 0, "activities": [{"type": "start", "location_id": "1604477000", "address": {"location_id": "1604477000", "lat": 42.28106961, "lon": -71.05096941}, "arr_time": 1676278800, "arr_date_time": "2023-02-13T04:00:00-05:00", "end_time": 1676278800, "end_date_time": "2023-02-13T04:00:00-05:00", "waiting_time": 0, "distance": 0, "driving_time": 0, "preparation_time": 0, "load_after": [0]}, {"type": "service", "id": "1604457000_57", "location_id": "1604457000", "address": {"location_id": "1604457000", "lat": 42.28098709, "lon": -71.05125562}, "arr_time": 1676278801, "arr_date_time": "2023-02-13T04:00:01-05:00", "end_time": 1676279101, "end_date_time": "2023-02-13T04:05:01-05:00", "waiting_time": 0, "distance": 1, "driving_time": 1, "preparation_time": 0, "load_before": [0], "load_after": [0]}, {"type": "service", "id": "1604475000_66", "location_id": "1604475000", "address": {"location_id": "1604475000", "lat": 42.28079059, "lon": -71.05079449}, "arr_time": 1676279132, "arr_date_time": "2023-02-13T04:05:32-05:00", "end_time": 1676279432, "end_date_time": "2023-02-13T04:10:32-05:00", "waiting_time": 0, "distance": 34, "driving_time": 32, "preparation_time": 0, "load_before": [0], "load_after": [0]}, {"type": "service", "id": "1604459000_58", "location_id": "1604459000", "address": {"location_id": "1604459000", "lat": 42.2805693, "lon": -71.05114726}, "arr_time": 1676279445, "arr_date_time": "2023-02-13T04:10:45-05:00", "end_time": 1676279745, "end_date_time": "2023-02-13T04:15:45-05:00", "waiting_time": 0, "distance": 48, "driving_time": 45, "preparation_time": 0, "load_before": [0], "load_after": [0]}, {"type": "service", "id": "1604474000_65", "location_id": "1604474000", "address": {"location_id": "1604474000", "lat": 42.28067251, "lon": -71.05074347}, "arr_time": 1676279745, "arr_date_time": "2023-02-13T04:15:45-05:00", "end_time": 1676280045, "end_date_time": "2023-02-13T04:20:45-05:00", "waiting_time": 0, "distance": 49, "driving_time": 45, "preparation_time": 0, "load_before": [0], "load_after": [0]}, {"type": "service", "id": "1604461000_59", "location_id": "1604461000", "address": {"location_id": "1604461000", "lat": 42.2802834, "lon": -71.05102297}, "arr_time": 1676280077, "arr_date_time": "2023-02-13T04:21:17-05:00", "end_time": 1676280377, "end_date_time": "2023-02-13T04:26:17-05:00", "waiting_time": 0, "distance": 83, "driving_time": 77, "preparation_time": 0, "load_before": [0], "load_after": [0]}, {"type": "service", "id": "1604462000_60", "location_id": "1604462000", "address": {"location_id": "1604462000", "lat": 42.2801546, "lon": -71.05096698}, "arr_time": 1676280392, "arr_date_time": "2023-02-13T04:26:32-05:00", "end_time": 1676280692, "end_date_time": "2023-02-13T04:31:32-05:00", "waiting_time": 0, "distance": 98, "driving_time": 92, "preparation_time": 0, "load_before": [0], "load_after": [0]}, {"type": "service", "id": "1604470000_64", "location_id": "1604470000", "address": {"location_id": "1604470000", "lat": 42.28020527, "lon": -71.05054163}, "arr_time": 1676280697, "arr_date_time": "2023-02-13T04:31:37-05:00", "end_time": 1676280997, "end_date_time": "2023-02-13T04:36:37-05:00", "waiting_time": 0, "distance": 104, "driving_time": 97, "preparation_time": 0, "load_before": [0], "load_after": [0]}, {"type": "service", "id": "1604463000_61", "location_id": "1604463000", "address": {"location_id": "1604463000", "lat": 42.28002623, "lon": -71.05091117}, "arr_time": 1676281007, "arr_date_time": "2023-02-13T04:36:47-05:00", "end_time": 1676281307, "end_date_time": "2023-02-13T04:41:47-05:00", "waiting_time": 0, "distance": 113, "driving_time": 107, "preparation_time": 0, "load_before": [0], "load_after": [0]}, {"type": "service", "id": "1604464000_62", "location_id": "1604464000", "address": {"location_id": "1604464000", "lat": 42.27987453, "lon": -71.05084387}, "arr_time": 1676281324, "arr_date_time": "2023-02-13T04:42:04-05:00", "end_time": 1676281624, "end_date_time": "2023-02-13T04:47:04-05:00", "waiting_time": 0, "distance": 131, "driving_time": 124, "preparation_time": 0, "load_before": [0], "load_after": [0]}, {"type": "service", "id": "1604468000_63", "location_id": "1604468000", "address": {"location_id": "1604468000", "lat": 42.27988669, "lon": -71.05044698}, "arr_time": 1676281632, "arr_date_time": "2023-02-13T04:47:12-05:00", "end_time": 1676281932, "end_date_time": "2023-02-13T04:52:12-05:00", "waiting_time": 0, "distance": 140, "driving_time": 132, "preparation_time": 0, "load_before": [0], "load_after": [0]}, {"type": "service", "id": "1604292000_07", "location_id": "1604292000", "address": {"location_id": "1604292000", "lat": 42.27938843, "lon": -71.05058458}, "arr_time": 1676281973, "arr_date_time": "2023-02-13T04:52:53-05:00", "end_time": 1676282273, "end_date_time": "2023-02-13T04:57:53-05:00", "waiting_time": 0, "distance": 183, "driving_time": 173, "preparation_time": 0, "load_before": [0], "load_after": [0]}, {"type": "service", "id": "1604294000_08", "location_id": "1604294000", "address": {"location_id": "1604294000", "lat": 42.27946745, "lon": -71.0503575}, "arr_time": 1676282293, "arr_date_time": "2023-02-13T04:58:13-05:00", "end_time": 1676282593, "end_date_time": "2023-02-13T05:03:13-05:00", "waiting_time": 0, "distance": 204, "driving_time": 193, "preparation_time": 0, "load_before": [0], "load_after": [0]}, {"type": "service", "id": "1604285000_04", "location_id": "1604285000", "address": {"location_id": "1604285000", "lat": 42.28021395, "lon": -71.04967407}, "arr_time": 1676282683, "arr_date_time": "2023-02-13T05:04:43-05:00", "end_time": 1676282983, "end_date_time": "2023-02-13T05:09:43-05:00", "waiting_time": 0, "distance": 297, "driving_time": 283, "preparation_time": 0, "load_before": [0], "load_after": [0]}, {"type": "service", "id": "1604304000_09", "location_id": "1604304000", "address": {"location_id": "1604304000", "lat": 42.28032928, "lon": -71.04870139}, "arr_time": 1676283048, "arr_date_time": "2023-02-13T05:10:48-05:00", "end_time": 1676283348, "end_date_time": "2023-02-13T05:15:48-05:00", "waiting_time": 0, "distance": 365, "driving_time": 348, "preparation_time": 0, "load_before": [0], "load_after": [0]}, {"type": "service", "id": "1604286000_05", "location_id": "1604286000", "address": {"location_id": "1604286000", "lat": 42.2801463, "lon": -71.04983362}, "arr_time": 1676283476, "arr_date_time": "2023-02-13T05:17:56-05:00", "end_time": 1676283776, "end_date_time": "2023-02-13T05:22:56-05:00", "waiting_time": 0, "distance": 499, "driving_time": 476, "preparation_time": 0, "load_before": [0], "load_after": [0]}, {"type": "service", "id": "1604487000_72", "location_id": "1604487000", "address": {"location_id": "1604487000", "lat": 42.28014776, "lon": -71.05022646}, "arr_time": 1676283785, "arr_date_time": "2023-02-13T05:23:05-05:00", "end_time": 1676284085, "end_date_time": "2023-02-13T05:28:05-05:00", "waiting_time": 0, "distance": 509, "driving_time": 485, "preparation_time": 0, "load_before": [0], "load_after": [0]}, {"type": "service", "id": "1604287000_06", "location_id": "1604287000", "address": {"location_id": "1604287000", "lat": 42.28034254, "lon": -71.04981663}, "arr_time": 1676284096, "arr_date_time": "2023-02-13T05:28:16-05:00", "end_time": 1676284396, "end_date_time": "2023-02-13T05:33:16-05:00", "waiting_time": 0, "distance": 520, "driving_time": 496, "preparation_time": 0, "load_before": [0], "load_after": [0]}, {"type": "service", "id": "1604485000_71", "location_id": "1604485000", "address": {"location_id": "1604485000", "lat": 42.28038173, "lon": -71.05032855}, "arr_time": 1676284412, "arr_date_time": "2023-02-13T05:33:32-05:00", "end_time": 1676284712, "end_date_time": "2023-02-13T05:38:32-05:00", "waiting_time": 0, "distance": 537, "driving_time": 512, "preparation_time": 0, "load_before": [0], "load_after": [0]}, {"type": "service", "id": "1604484000_70", "location_id": "1604484000", "address": {"location_id": "1604484000", "lat": 42.28049804, "lon": -71.0503793}, "arr_time": 1676284725, "arr_date_time": "2023-02-13T05:38:45-05:00", "end_time": 1676285025, "end_date_time": "2023-02-13T05:43:45-05:00", "waiting_time": 0, "distance": 551, "driving_time": 525, "preparation_time": 0, "load_before": [0], "load_after": [0]}, {"type": "service", "id": "1604482000_69", "location_id": "1604482000", "address": {"location_id": "1604482000", "lat": 42.28073299, "lon": -71.05048183}, "arr_time": 1676285052, "arr_date_time": "2023-02-13T05:44:12-05:00", "end_time": 1676285352, "end_date_time": "2023-02-13T05:49:12-05:00", "waiting_time": 0, "distance": 579, "driving_time": 552, "preparation_time": 0, "load_before": [0], "load_after": [0]}, {"type": "service", "id": "1604264000_01", "location_id": "1604264000", "address": {"location_id": "1604264000", "lat": 42.28064495, "lon": -71.04967649}, "arr_time": 1676285392, "arr_date_time": "2023-02-13T05:49:52-05:00", "end_time": 1676285692, "end_date_time": "2023-02-13T05:54:52-05:00", "waiting_time": 0, "distance": 621, "driving_time": 592, "preparation_time": 0, "load_before": [0], "load_after": [0]}, {"type": "service", "id": "1604266000_02", "location_id": "1604266000", "address": {"location_id": "1604266000", "lat": 42.28079364, "lon": -71.0494277}, "arr_time": 1676285716, "arr_date_time": "2023-02-13T05:55:16-05:00", "end_time": 1676286016, "end_date_time": "2023-02-13T06:00:16-05:00", "waiting_time": 0, "distance": 646, "driving_time": 616, "preparation_time": 0, "load_before": [0], "load_after": [0]}, {"type": "service", "id": "1604270000_03", "location_id": "1604270000", "address": {"location_id": "1604270000", "lat": 42.28099618, "lon": -71.04881909}, "arr_time": 1676286068, "arr_date_time": "2023-02-13T06:01:08-05:00", "end_time": 1676286368, "end_date_time": "2023-02-13T06:06:08-05:00", "waiting_time": 0, "distance": 701, "driving_time": 668, "preparation_time": 0, "load_before": [0], "load_after": [0]}, {"type": "service", "id": "1604481000_68", "location_id": "1604481000", "address": {"location_id": "1604481000", "lat": 42.28085216, "lon": -71.05053384}, "arr_time": 1676286497, "arr_date_time": "2023-02-13T06:08:17-05:00", "end_time": 1676286797, "end_date_time": "2023-02-13T06:13:17-05:00", "waiting_time": 0, "distance": 836, "driving_time": 797, "preparation_time": 0, "load_before": [0], "load_after": [0]}, {"type": "service", "id": "1604479000_67", "location_id": "1604479000", "address": {"location_id": "1604479000", "lat": 42.28115281, "lon": -71.05062025}, "arr_time": 1676286829, "arr_date_time": "2023-02-13T06:13:49-05:00", "end_time": 1676287129, "end_date_time": "2023-02-13T06:18:49-05:00", "waiting_time": 0, "distance": 870, "driving_time": 829, "preparation_time": 0, "load_before": [0], "load_after": [0]}, {"type": "service", "id": "1604456000_56", "location_id": "1604456000", "address": {"location_id": "1604456000", "lat": 42.28097101, "lon": -71.05139601}, "arr_time": 1676287227, "arr_date_time": "2023-02-13T06:20:27-05:00", "end_time": 1676287527, "end_date_time": "2023-02-13T06:25:27-05:00", "waiting_time": 0, "distance": 971, "driving_time": 927, "preparation_time": 0, "load_before": [0], "load_after": [0]}, {"type": "service", "id": "1604430000_40", "location_id": "1604430000", "address": {"location_id": "1604430000", "lat": 42.28080939, "lon": -71.05206259}, "arr_time": 1676287583, "arr_date_time": "2023-02-13T06:26:23-05:00", "end_time": 1676287883, "end_date_time": "2023-02-13T06:31:23-05:00", "waiting_time": 0, "distance": 1029, "driving_time": 983, "preparation_time": 0, "load_before": [0], "load_after": [0]}, {"type": "service", "id": "1604454000_55", "location_id": "1604454000", "address": {"location_id": "1604454000", "lat": 42.28091442, "lon": -71.05162869}, "arr_time": 1676287924, "arr_date_time": "2023-02-13T06:32:04-05:00", "end_time": 1676288224, "end_date_time": "2023-02-13T06:37:04-05:00", "waiting_time": 0, "distance": 1072, "driving_time": 1024, "preparation_time": 0, "load_before": [0], "load_after": [0]}, {"type": "service", "id": "1604431000_41", "location_id": "1604431000", "address": {"location_id": "1604431000", "lat": 42.28084194, "lon": -71.05193029}, "arr_time": 1676288224, "arr_date_time": "2023-02-13T06:37:04-05:00", "end_time": 1676288524, "end_date_time": "2023-02-13T06:42:04-05:00", "waiting_time": 0, "distance": 1072, "driving_time": 1024, "preparation_time": 0, "load_before": [0], "load_after": [0]}, {"type": "service", "id": "1604453000_54", "location_id": "1604453000", "address": {"location_id": "1604453000", "lat": 42.28075432, "lon": -71.05151976}, "arr_time": 1676288543, "arr_date_time": "2023-02-13T06:42:23-05:00", "end_time": 1676288843, "end_date_time": "2023-02-13T06:47:23-05:00", "waiting_time": 0, "distance": 1092, "driving_time": 1043, "preparation_time": 0, "load_before": [0], "load_after": [0]}, {"type": "service", "id": "1604451000_53", "location_id": "1604451000", "address": {"location_id": "1604451000", "lat": 42.28054634, "lon": -71.05142915}, "arr_time": 1676288865, "arr_date_time": "2023-02-13T06:47:45-05:00", "end_time": 1676289165, "end_date_time": "2023-02-13T06:52:45-05:00", "waiting_time": 0, "distance": 1116, "driving_time": 1065, "preparation_time": 0, "load_before": [0], "load_after": [0]}, {"type": "service", "id": "1604435000_42", "location_id": "1604435000", "address": {"location_id": "1604435000", "lat": 42.28034353, "lon": -71.05178762}, "arr_time": 1676289177, "arr_date_time": "2023-02-13T06:52:57-05:00", "end_time": 1676289477, "end_date_time": "2023-02-13T06:57:57-05:00", "waiting_time": 0, "distance": 1128, "driving_time": 1077, "preparation_time": 0, "load_before": [0], "load_after": [0]}, {"type": "service", "id": "1604450000_52", "location_id": "1604450000", "address": {"location_id": "1604450000", "lat": 42.28044114, "lon": -71.0513833}, "arr_time": 1676289477, "arr_date_time": "2023-02-13T06:57:57-05:00", "end_time": 1676289777, "end_date_time": "2023-02-13T07:02:57-05:00", "waiting_time": 0, "distance": 1128, "driving_time": 1077, "preparation_time": 0, "load_before": [0], "load_after": [0]}, {"type": "service", "id": "1604449000_51", "location_id": "1604449000", "address": {"location_id": "1604449000", "lat": 42.28032799, "lon": -71.05133402}, "arr_time": 1676289791, "arr_date_time": "2023-02-13T07:03:11-05:00", "end_time": 1676290091, "end_date_time": "2023-02-13T07:08:11-05:00", "waiting_time": 0, "distance": 1141, "driving_time": 1091, "preparation_time": 0, "load_before": [0], "load_after": [0]}, {"type": "service", "id": "1604448000_50", "location_id": "1604448000", "address": {"location_id": "1604448000", "lat": 42.28023093, "lon": -71.05129173}, "arr_time": 1676290101, "arr_date_time": "2023-02-13T07:08:21-05:00", "end_time": 1676290401, "end_date_time": "2023-02-13T07:13:21-05:00", "waiting_time": 0, "distance": 1152, "driving_time": 1101, "preparation_time": 0, "load_before": [0], "load_after": [0]}, {"type": "service", "id": "1604438000_43", "location_id": "1604438000", "address": {"location_id": "1604438000", "lat": 42.27998978, "lon": -71.05163405}, "arr_time": 1676290417, "arr_date_time": "2023-02-13T07:13:37-05:00", "end_time": 1676290717, "end_date_time": "2023-02-13T07:18:37-05:00", "waiting_time": 0, "distance": 1169, "driving_time": 1117, "preparation_time": 0, "load_before": [0], "load_after": [0]}, {"type": "service", "id": "1604446000_49", "location_id": "1604446000", "address": {"location_id": "1604446000", "lat": 42.28002048, "lon": -71.05120004}, "arr_time": 1676290725, "arr_date_time": "2023-02-13T07:18:45-05:00", "end_time": 1676291025, "end_date_time": "2023-02-13T07:23:45-05:00", "waiting_time": 0, "distance": 1177, "driving_time": 1125, "preparation_time": 0, "load_before": [0], "load_after": [0]}, {"type": "service", "id": "1604440000_44", "location_id": "1604440000", "address": {"location_id": "1604440000", "lat": 42.27971675, "lon": -71.05151551}, "arr_time": 1676291048, "arr_date_time": "2023-02-13T07:24:08-05:00", "end_time": 1676291348, "end_date_time": "2023-02-13T07:29:08-05:00", "waiting_time": 0, "distance": 1201, "driving_time": 1148, "preparation_time": 0, "load_before": [0], "load_after": [0]}, {"type": "service", "id": "1604444000_48", "location_id": "1604444000", "address": {"location_id": "1604444000", "lat": 42.27980956, "lon": -71.05110797}, "arr_time": 1676291348, "arr_date_time": "2023-02-13T07:29:08-05:00", "end_time": 1676291648, "end_date_time": "2023-02-13T07:34:08-05:00", "waiting_time": 0, "distance": 1202, "driving_time": 1148, "preparation_time": 0, "load_before": [0], "load_after": [0]}, {"type": "service", "id": "1604441000_45", "location_id": "1604441000", "address": {"location_id": "1604441000", "lat": 42.27955002, "lon": -71.05141133}, "arr_time": 1676291667, "arr_date_time": "2023-02-13T07:34:27-05:00", "end_time": 1676291967, "end_date_time": "2023-02-13T07:39:27-05:00", "waiting_time": 0, "distance": 1222, "driving_time": 1167, "preparation_time": 0, "load_before": [0], "load_after": [0]}, {"type": "service", "id": "1604443000_47", "location_id": "1604443000", "address": {"location_id": "1604443000", "lat": 42.27963858, "lon": -71.0510787}, "arr_time": 1676291968, "arr_date_time": "2023-02-13T07:39:28-05:00", "end_time": 1676292268, "end_date_time": "2023-02-13T07:44:28-05:00", "waiting_time": 0, "distance": 1223, "driving_time": 1168, "preparation_time": 0, "load_before": [0], "load_after": [0]}, {"type": "service", "id": "1604442000_46", "location_id": "1604442000", "address": {"location_id": "1604442000", "lat": 42.27950777, "lon": -71.05161365}, "arr_time": 1676292324, "arr_date_time": "2023-02-13T07:45:24-05:00", "end_time": 1676292624, "end_date_time": "2023-02-13T07:50:24-05:00", "waiting_time": 0, "distance": 1282, "driving_time": 1224, "preparation_time": 0, "load_before": [0], "load_after": [0]}, {"type": "service", "id": "1604419000_32", "location_id": "1604419000", "address": {"location_id": "1604419000", "lat": 42.27965248, "lon": -71.0517778}, "arr_time": 1676292680, "arr_date_time": "2023-02-13T07:51:20-05:00", "end_time": 1676292980, "end_date_time": "2023-02-13T07:56:20-05:00", "waiting_time": 0, "distance": 1341, "driving_time": 1280, "preparation_time": 0, "load_before": [0], "load_after": [0]}, {"type": "service", "id": "1604420000_33", "location_id": "1604420000", "address": {"location_id": "1604420000", "lat": 42.27974654, "lon": -71.05181873}, "arr_time": 1676292991, "arr_date_time": "2023-02-13T07:56:31-05:00", "end_time": 1676293291, "end_date_time": "2023-02-13T08:01:31-05:00", "waiting_time": 0, "distance": 1352, "driving_time": 1291, "preparation_time": 0, "load_before": [0], "load_after": [0]}, {"type": "service", "id": "1604414000_31", "location_id": "1604414000", "address": {"location_id": "1604414000", "lat": 42.27966457, "lon": -71.05223268}, "arr_time": 1676293292, "arr_date_time": "2023-02-13T08:01:32-05:00", "end_time": 1676293592, "end_date_time": "2023-02-13T08:06:32-05:00", "waiting_time": 0, "distance": 1354, "driving_time": 1292, "preparation_time": 0, "load_before": [0], "load_after": [0]}, {"type": "service", "id": "1604421000_34", "location_id": "1604421000", "address": {"location_id": "1604421000", "lat": 42.27985959, "lon": -71.05186791}, "arr_time": 1676293603, "arr_date_time": "2023-02-13T08:06:43-05:00", "end_time": 1676293903, "end_date_time": "2023-02-13T08:11:43-05:00", "waiting_time": 0, "distance": 1365, "driving_time": 1303, "preparation_time": 0, "load_before": [0], "load_after": [0]}, {"type": "service", "id": "1604413000_30", "location_id": "1604413000", "address": {"location_id": "1604413000", "lat": 42.27977174, "lon": -71.05226607}, "arr_time": 1676293904, "arr_date_time": "2023-02-13T08:11:44-05:00", "end_time": 1676294204, "end_date_time": "2023-02-13T08:16:44-05:00", "waiting_time": 0, "distance": 1366, "driving_time": 1304, "preparation_time": 0, "load_before": [0], "load_after": [0]}, {"type": "service", "id": "1604422000_35", "location_id": "1604422000", "address": {"location_id": "1604422000", "lat": 42.27996629, "lon": -71.05191435}, "arr_time": 1676294215, "arr_date_time": "2023-02-13T08:16:55-05:00", "end_time": 1676294515, "end_date_time": "2023-02-13T08:21:55-05:00", "waiting_time": 0, "distance": 1377, "driving_time": 1315, "preparation_time": 0, "load_before": [0], "load_after": [0]}, {"type": "service", "id": "1604423000_36", "location_id": "1604423000", "address": {"location_id": "1604423000", "lat": 42.28006616, "lon": -71.05195781}, "arr_time": 1676294525, "arr_date_time": "2023-02-13T08:22:05-05:00", "end_time": 1676294825, "end_date_time": "2023-02-13T08:27:05-05:00", "waiting_time": 0, "distance": 1389, "driving_time": 1325, "preparation_time": 0, "load_before": [0], "load_after": [0]}, {"type": "service", "id": "1604424000_37", "location_id": "1604424000", "address": {"location_id": "1604424000", "lat": 42.28018011, "lon": -71.05200738}, "arr_time": 1676294839, "arr_date_time": "2023-02-13T08:27:19-05:00", "end_time": 1676295139, "end_date_time": "2023-02-13T08:32:19-05:00", "waiting_time": 0, "distance": 1402, "driving_time": 1339, "preparation_time": 0, "load_before": [0], "load_after": [0]}, {"type": "service", "id": "1604410000_29", "location_id": "1604410000", "address": {"location_id": "1604410000", "lat": 42.28010076, "lon": -71.05236836}, "arr_time": 1676295140, "arr_date_time": "2023-02-13T08:32:20-05:00", "end_time": 1676295440, "end_date_time": "2023-02-13T08:37:20-05:00", "waiting_time": 0, "distance": 1403, "driving_time": 1340, "preparation_time": 0, "load_before": [0], "load_after": [0]}, {"type": "service", "id": "1604426000_38", "location_id": "1604426000", "address": {"location_id": "1604426000", "lat": 42.28044216, "lon": -71.05212139}, "arr_time": 1676295468, "arr_date_time": "2023-02-13T08:37:48-05:00", "end_time": 1676295768, "end_date_time": "2023-02-13T08:42:48-05:00", "waiting_time": 0, "distance": 1433, "driving_time": 1368, "preparation_time": 0, "load_before": [0], "load_after": [0]}, {"type": "service", "id": "1604402000_24", "location_id": "1604402000", "address": {"location_id": "1604402000", "lat": 42.28037648, "lon": -71.05268144}, "arr_time": 1676295775, "arr_date_time": "2023-02-13T08:42:55-05:00", "end_time": 1676296075, "end_date_time": "2023-02-13T08:47:55-05:00", "waiting_time": 0, "distance": 1441, "driving_time": 1375, "preparation_time": 0, "load_before": [0], "load_after": [0]}, {"type": "service", "id": "1604408000_28", "location_id": "1604408000", "address": {"location_id": "1604408000", "lat": 42.28049284, "lon": -71.05260622}, "arr_time": 1676296084, "arr_date_time": "2023-02-13T08:48:04-05:00", "end_time": 1676296384, "end_date_time": "2023-02-13T08:53:04-05:00", "waiting_time": 0, "distance": 1451, "driving_time": 1384, "preparation_time": 0, "load_before": [0], "load_after": [0]}, {"type": "service", "id": "1604427000_39", "location_id": "1604427000", "address": {"location_id": "1604427000", "lat": 42.28058937, "lon": -71.05218546}, "arr_time": 1676296384, "arr_date_time": "2023-02-13T08:53:04-05:00", "end_time": 1676296684, "end_date_time": "2023-02-13T08:58:04-05:00", "waiting_time": 0, "distance": 1452, "driving_time": 1384, "preparation_time": 0, "load_before": [0], "load_after": [0]}, {"type": "service", "id": "1604406000_27", "location_id": "1604406000", "address": {"location_id": "1604406000", "lat": 42.28064519, "lon": -71.05275295}, "arr_time": 1676296747, "arr_date_time": "2023-02-13T08:59:07-05:00", "end_time": 1676297047, "end_date_time": "2023-02-13T09:04:07-05:00", "waiting_time": 0, "distance": 1517, "driving_time": 1447, "preparation_time": 0, "load_before": [0], "load_after": [0]}, {"type": "service", "id": "1604405000_26", "location_id": "1604405000", "address": {"location_id": "1604405000", "lat": 42.28061151, "lon": -71.05289243}, "arr_time": 1676297059, "arr_date_time": "2023-02-13T09:04:19-05:00", "end_time": 1676297359, "end_date_time": "2023-02-13T09:09:19-05:00", "waiting_time": 0, "distance": 1529, "driving_time": 1459, "preparation_time": 0, "load_before": [0], "load_after": [0]}, {"type": "service", "id": "1604380000_17", "location_id": "1604380000", "address": {"location_id": "1604380000", "lat": 42.28047314, "lon": -71.0534744}, "arr_time": 1676297407, "arr_date_time": "2023-02-13T09:10:07-05:00", "end_time": 1676297707, "end_date_time": "2023-02-13T09:15:07-05:00", "waiting_time": 0, "distance": 1579, "driving_time": 1507, "preparation_time": 0, "load_before": [0], "load_after": [0]}, {"type": "service", "id": "1604403000_25", "location_id": "1604403000", "address": {"location_id": "1604403000", "lat": 42.28042391, "lon": -71.05288642}, "arr_time": 1676297771, "arr_date_time": "2023-02-13T09:16:11-05:00", "end_time": 1676298071, "end_date_time": "2023-02-13T09:21:11-05:00", "waiting_time": 0, "distance": 1645, "driving_time": 1571, "preparation_time": 0, "load_before": [0], "load_after": [0]}, {"type": "service", "id": "1604383000_18", "location_id": "1604383000", "address": {"location_id": "1604383000", "lat": 42.28021334, "lon": -71.05327431}, "arr_time": 1676298083, "arr_date_time": "2023-02-13T09:21:23-05:00", "end_time": 1676298383, "end_date_time": "2023-02-13T09:26:23-05:00", "waiting_time": 0, "distance": 1657, "driving_time": 1583, "preparation_time": 0, "load_before": [0], "load_after": [0]}, {"type": "service", "id": "1604401000_23", "location_id": "1604401000", "address": {"location_id": "1604401000", "lat": 42.28023959, "lon": -71.05272133}, "arr_time": 1676298393, "arr_date_time": "2023-02-13T09:26:33-05:00", "end_time": 1676298693, "end_date_time": "2023-02-13T09:31:33-05:00", "waiting_time": 0, "distance": 1668, "driving_time": 1593, "preparation_time": 0, "load_before": [0], "load_after": [0]}, {"type": "service", "id": "1604384000_19", "location_id": "1604384000", "address": {"location_id": "1604384000", "lat": 42.28011048, "lon": -71.05322961}, "arr_time": 1676298693, "arr_date_time": "2023-02-13T09:31:33-05:00", "end_time": 1676298993, "end_date_time": "2023-02-13T09:36:33-05:00", "waiting_time": 0, "distance": 1669, "driving_time": 1593, "preparation_time": 0, "load_before": [0], "load_after": [0]}, {"type": "service", "id": "1604399000_22", "location_id": "1604399000", "address": {"location_id": "1604399000", "lat": 42.28002525, "lon": -71.0526543}, "arr_time": 1676299016, "arr_date_time": "2023-02-13T09:36:56-05:00", "end_time": 1676299316, "end_date_time": "2023-02-13T09:41:56-05:00", "waiting_time": 0, "distance": 1693, "driving_time": 1616, "preparation_time": 0, "load_before": [0], "load_after": [0]}, {"type": "service", "id": "1604397000_21", "location_id": "1604397000", "address": {"location_id": "1604397000", "lat": 42.27980815, "lon": -71.0525892}, "arr_time": 1676299340, "arr_date_time": "2023-02-13T09:42:20-05:00", "end_time": 1676299640, "end_date_time": "2023-02-13T09:47:20-05:00", "waiting_time": 0, "distance": 1718, "driving_time": 1640, "preparation_time": 0, "load_before": [0], "load_after": [0]}, {"type": "service", "id": "1604395000_20", "location_id": "1604395000", "address": {"location_id": "1604395000", "lat": 42.27958875, "lon": -71.05252145}, "arr_time": 1676299664, "arr_date_time": "2023-02-13T09:47:44-05:00", "end_time": 1676299964, "end_date_time": "2023-02-13T09:52:44-05:00", "waiting_time": 0, "distance": 1743, "driving_time": 1664, "preparation_time": 0, "load_before": [0], "load_after": [0]}, {"type": "service", "id": "1604364000_16", "location_id": "1604364000", "address": {"location_id": "1604364000", "lat": 42.27930743, "lon": -71.05371247}, "arr_time": 1676300105, "arr_date_time": "2023-02-13T09:55:05-05:00", "end_time": 1676300405, "end_date_time": "2023-02-13T10:00:05-05:00", "waiting_time": 0, "distance": 1890, "driving_time": 1805, "preparation_time": 0, "load_before": [0], "load_after": [0]}, {"type": "service", "id": "1604361000_15", "location_id": "1604361000", "address": {"location_id": "1604361000", "lat": 42.2796626, "lon": -71.05386911}, "arr_time": 1676300445, "arr_date_time": "2023-02-13T10:00:45-05:00", "end_time": 1676300745, "end_date_time": "2023-02-13T10:05:45-05:00", "waiting_time": 0, "distance": 1932, "driving_time": 1845, "preparation_time": 0, "load_before": [0], "load_after": [0]}, {"type": "service", "id": "1604356000_14", "location_id": "1604356000", "address": {"location_id": "1604356000", "lat": 42.28032361, "lon": -71.05408379}, "arr_time": 1676300817, "arr_date_time": "2023-02-13T10:06:57-05:00", "end_time": 1676301117, "end_date_time": "2023-02-13T10:11:57-05:00", "waiting_time": 0, "distance": 2007, "driving_time": 1917, "preparation_time": 0, "load_before": [0], "load_after": [0]}, {"type": "service", "id": "1604355000_13", "location_id": "1604355000", "address": {"location_id": "1604355000", "lat": 42.2803315, "lon": -71.05424292}, "arr_time": 1676301160, "arr_date_time": "2023-02-13T10:12:40-05:00", "end_time": 1676301460, "end_date_time": "2023-02-13T10:17:40-05:00", "waiting_time": 0, "distance": 2051, "driving_time": 1960, "preparation_time": 0, "load_before": [0], "load_after": [0]}, {"type": "service", "id": "1604354000_12", "location_id": "1604354000", "address": {"location_id": "1604354000", "lat": 42.28029821, "lon": -71.05445679}, "arr_time": 1676301477, "arr_date_time": "2023-02-13T10:17:57-05:00", "end_time": 1676301777, "end_date_time": "2023-02-13T10:22:57-05:00", "waiting_time": 0, "distance": 2069, "driving_time": 1977, "preparation_time": 0, "load_before": [0], "load_after": [0]}, {"type": "service", "id": "1604350000_11", "location_id": "1604350000", "address": {"location_id": "1604350000", "lat": 42.27983008, "lon": -71.05425745}, "arr_time": 1676301861, "arr_date_time": "2023-02-13T10:24:21-05:00", "end_time": 1676302161, "end_date_time": "2023-02-13T10:29:21-05:00", "waiting_time": 0, "distance": 2156, "driving_time": 2061, "preparation_time": 0, "load_before": [0], "load_after": [0]}, {"type": "service", "id": "1604349000_10", "location_id": "1604349000", "address": {"location_id": "1604349000", "lat": 42.2797104, "lon": -71.05420594}, "arr_time": 1676302175, "arr_date_time": "2023-02-13T10:29:35-05:00", "end_time": 1676302475, "end_date_time": "2023-02-13T10:34:35-05:00", "waiting_time": 0, "distance": 2170, "driving_time": 2075, "preparation_time": 0, "load_before": [0], "load_after": [0]}]}], "unassigned": {"services": [], "shipments": [], "breaks": [], "details": []}}}