{"copyrights": ["GraphHopper", "OpenStreetMap contributors"], "job_id": "e6ca3ac7-cf6b-48a1-8081-131d99cc61b9", "status": "finished", "waiting_time_in_queue": 0, "processing_time": 223, "solution": {"costs": 361, "distance": 4581, "time": 4400, "transport_time": 4400, "completion_time": 20000, "max_operation_time": 20000, "waiting_time": 0, "service_duration": 15600, "preparation_time": 0, "no_vehicles": 1, "no_unassigned": 0, "routes": [{"vehicle_id": "my_vehicle", "shift_id": "default-shift", "distance": 4581, "transport_time": 4400, "completion_time": 20000, "waiting_time": 0, "service_duration": 15600, "preparation_time": 0, "activities": [{"type": "start", "location_id": "1200017000", "address": {"location_id": "1200017000", "lat": 42.32811808, "lon": -71.08244678}, "arr_time": 1676278800, "arr_date_time": "2023-02-13T04:00:00-05:00", "end_time": 1676278800, "end_date_time": "2023-02-13T04:00:00-05:00", "waiting_time": 0, "distance": 0, "driving_time": 0, "preparation_time": 0, "load_after": [0]}, {"type": "service", "id": "1200016000_37", "location_id": "1200016000", "address": {"location_id": "1200016000", "lat": 42.3281053, "lon": -71.08229235}, "arr_time": 1676278812, "arr_date_time": "2023-02-13T04:00:12-05:00", "end_time": 1676279112, "end_date_time": "2023-02-13T04:05:12-05:00", "waiting_time": 0, "distance": 13, "driving_time": 12, "preparation_time": 0, "load_before": [0], "load_after": [0]}, {"type": "service", "id": "1200013000_36", "location_id": "1200013000", "address": {"location_id": "1200013000", "lat": 42.32807088, "lon": -71.08184853}, "arr_time": 1676279147, "arr_date_time": "2023-02-13T04:05:47-05:00", "end_time": 1676279447, "end_date_time": "2023-02-13T04:10:47-05:00", "waiting_time": 0, "distance": 50, "driving_time": 47, "preparation_time": 0, "load_before": [0], "load_after": [0]}, {"type": "service", "id": "1200059000_41", "location_id": "1200059000", "address": {"location_id": "1200059000", "lat": 42.3277615, "lon": -71.08176327}, "arr_time": 1676279457, "arr_date_time": "2023-02-13T04:10:57-05:00", "end_time": 1676279757, "end_date_time": "2023-02-13T04:15:57-05:00", "waiting_time": 0, "distance": 61, "driving_time": 57, "preparation_time": 0, "load_before": [0], "load_after": [0]}, {"type": "service", "id": "1200078020_42", "location_id": "1200078020", "address": {"location_id": "1200078020", "lat": 42.32715273, "lon": -71.08284705}, "arr_time": 1676279943, "arr_date_time": "2023-02-13T04:19:03-05:00", "end_time": 1676280243, "end_date_time": "2023-02-13T04:24:03-05:00", "waiting_time": 0, "distance": 253, "driving_time": 243, "preparation_time": 0, "load_before": [0], "load_after": [0]}, {"type": "service", "id": "1200082000_43", "location_id": "1200082000", "address": {"location_id": "1200082000", "lat": 42.32634497, "lon": -71.08253905}, "arr_time": 1676280360, "arr_date_time": "2023-02-13T04:26:00-05:00", "end_time": 1676280660, "end_date_time": "2023-02-13T04:31:00-05:00", "waiting_time": 0, "distance": 375, "driving_time": 360, "preparation_time": 0, "load_before": [0], "load_after": [0]}, {"type": "service", "id": "1200084000_44", "location_id": "1200084000", "address": {"location_id": "1200084000", "lat": 42.32626434, "lon": -71.08241776}, "arr_time": 1676280672, "arr_date_time": "2023-02-13T04:31:12-05:00", "end_time": 1676280972, "end_date_time": "2023-02-13T04:36:12-05:00", "waiting_time": 0, "distance": 387, "driving_time": 372, "preparation_time": 0, "load_before": [0], "load_after": [0]}, {"type": "service", "id": "1200087000_45", "location_id": "1200087000", "address": {"location_id": "1200087000", "lat": 42.32622063, "lon": -71.08221772}, "arr_time": 1676280988, "arr_date_time": "2023-02-13T04:36:28-05:00", "end_time": 1676281288, "end_date_time": "2023-02-13T04:41:28-05:00", "waiting_time": 0, "distance": 404, "driving_time": 388, "preparation_time": 0, "load_before": [0], "load_after": [0]}, {"type": "service", "id": "1200105000_47", "location_id": "1200105000", "address": {"location_id": "1200105000", "lat": 42.32598115, "lon": -71.08268625}, "arr_time": 1676281491, "arr_date_time": "2023-02-13T04:44:51-05:00", "end_time": 1676281791, "end_date_time": "2023-02-13T04:49:51-05:00", "waiting_time": 0, "distance": 615, "driving_time": 591, "preparation_time": 0, "load_before": [0], "load_after": [0]}, {"type": "service", "id": "1200103000_46", "location_id": "1200103000", "address": {"location_id": "1200103000", "lat": 42.32599905, "lon": -71.08252006}, "arr_time": 1676281803, "arr_date_time": "2023-02-13T04:50:03-05:00", "end_time": 1676282103, "end_date_time": "2023-02-13T04:55:03-05:00", "waiting_time": 0, "distance": 627, "driving_time": 603, "preparation_time": 0, "load_before": [0], "load_after": [0]}, {"type": "service", "id": "1200144000_52", "location_id": "1200144000", "address": {"location_id": "1200144000", "lat": 42.32457954, "lon": -71.07985317}, "arr_time": 1676282361, "arr_date_time": "2023-02-13T04:59:21-05:00", "end_time": 1676282661, "end_date_time": "2023-02-13T05:04:21-05:00", "waiting_time": 0, "distance": 897, "driving_time": 861, "preparation_time": 0, "load_before": [0], "load_after": [0]}, {"type": "service", "id": "1200123000_49", "location_id": "1200123000", "address": {"location_id": "1200123000", "lat": 42.32497038, "lon": -71.08023203}, "arr_time": 1676282716, "arr_date_time": "2023-02-13T05:05:16-05:00", "end_time": 1676283016, "end_date_time": "2023-02-13T05:10:16-05:00", "waiting_time": 0, "distance": 953, "driving_time": 916, "preparation_time": 0, "load_before": [0], "load_after": [0]}, {"type": "service", "id": "1200133000_50", "location_id": "1200133000", "address": {"location_id": "1200133000", "lat": 42.32532743, "lon": -71.08049674}, "arr_time": 1676283175, "arr_date_time": "2023-02-13T05:12:55-05:00", "end_time": 1676283475, "end_date_time": "2023-02-13T05:17:55-05:00", "waiting_time": 0, "distance": 1119, "driving_time": 1075, "preparation_time": 0, "load_before": [0], "load_after": [0]}, {"type": "service", "id": "1200114000_48", "location_id": "1200114000", "address": {"location_id": "1200114000", "lat": 42.32568783, "lon": -71.08013888}, "arr_time": 1676283588, "arr_date_time": "2023-02-13T05:19:48-05:00", "end_time": 1676283888, "end_date_time": "2023-02-13T05:24:48-05:00", "waiting_time": 0, "distance": 1237, "driving_time": 1188, "preparation_time": 0, "load_before": [0], "load_after": [0]}, {"type": "service", "id": "802602000_03", "location_id": "802602000", "address": {"location_id": "802602000", "lat": 42.32667014, "lon": -71.08025415}, "arr_time": 1676283992, "arr_date_time": "2023-02-13T05:26:32-05:00", "end_time": 1676284292, "end_date_time": "2023-02-13T05:31:32-05:00", "waiting_time": 0, "distance": 1345, "driving_time": 1292, "preparation_time": 0, "load_before": [0], "load_after": [0]}, {"type": "service", "id": "1200038000_40", "location_id": "1200038000", "address": {"location_id": "1200038000", "lat": 42.32686033, "lon": -71.08080572}, "arr_time": 1676284320, "arr_date_time": "2023-02-13T05:32:00-05:00", "end_time": 1676284620, "end_date_time": "2023-02-13T05:37:00-05:00", "waiting_time": 0, "distance": 1374, "driving_time": 1320, "preparation_time": 0, "load_before": [0], "load_after": [0]}, {"type": "service", "id": "1200036010_39", "location_id": "1200036010", "address": {"location_id": "1200036010", "lat": 42.32731998, "lon": -71.08095544}, "arr_time": 1676284671, "arr_date_time": "2023-02-13T05:37:51-05:00", "end_time": 1676284971, "end_date_time": "2023-02-13T05:42:51-05:00", "waiting_time": 0, "distance": 1427, "driving_time": 1371, "preparation_time": 0, "load_before": [0], "load_after": [0]}, {"type": "service", "id": "802607010_04", "location_id": "802607010", "address": {"location_id": "802607010", "lat": 42.32751209, "lon": -71.08032592}, "arr_time": 1676284981, "arr_date_time": "2023-02-13T05:43:01-05:00", "end_time": 1676285281, "end_date_time": "2023-02-13T05:48:01-05:00", "waiting_time": 0, "distance": 1438, "driving_time": 1381, "preparation_time": 0, "load_before": [0], "load_after": [0]}, {"type": "service", "id": "802607020_05", "location_id": "802607020", "address": {"location_id": "802607020", "lat": 42.32767556, "lon": -71.08036655}, "arr_time": 1676285299, "arr_date_time": "2023-02-13T05:48:19-05:00", "end_time": 1676285599, "end_date_time": "2023-02-13T05:53:19-05:00", "waiting_time": 0, "distance": 1456, "driving_time": 1399, "preparation_time": 0, "load_before": [0], "load_after": [0]}, {"type": "service", "id": "1200033000_38", "location_id": "1200033000", "address": {"location_id": "1200033000", "lat": 42.32771647, "lon": -71.08096392}, "arr_time": 1676285612, "arr_date_time": "2023-02-13T05:53:32-05:00", "end_time": 1676285912, "end_date_time": "2023-02-13T05:58:32-05:00", "waiting_time": 0, "distance": 1470, "driving_time": 1412, "preparation_time": 0, "load_before": [0], "load_after": [0]}, {"type": "service", "id": "802696000_19", "location_id": "802696000", "address": {"location_id": "802696000", "lat": 42.32749316, "lon": -71.07927727}, "arr_time": 1676286089, "arr_date_time": "2023-02-13T06:01:29-05:00", "end_time": 1676286389, "end_date_time": "2023-02-13T06:06:29-05:00", "waiting_time": 0, "distance": 1655, "driving_time": 1589, "preparation_time": 0, "load_before": [0], "load_after": [0]}, {"type": "service", "id": "802578002_02", "location_id": "802578002", "address": {"location_id": "802578002", "lat": 42.32658764, "lon": -71.07980223}, "arr_time": 1676286495, "arr_date_time": "2023-02-13T06:08:15-05:00", "end_time": 1676286795, "end_date_time": "2023-02-13T06:13:15-05:00", "waiting_time": 0, "distance": 1765, "driving_time": 1695, "preparation_time": 0, "load_before": [0], "load_after": [0]}, {"type": "service", "id": "802578001_01", "location_id": "802578001", "address": {"location_id": "802578001", "lat": 42.32655028, "lon": -71.0799252}, "arr_time": 1676286804, "arr_date_time": "2023-02-13T06:13:24-05:00", "end_time": 1676287104, "end_date_time": "2023-02-13T06:18:24-05:00", "waiting_time": 0, "distance": 1775, "driving_time": 1704, "preparation_time": 0, "load_before": [0], "load_after": [0]}, {"type": "service", "id": "802689020_18", "location_id": "802689020", "address": {"location_id": "802689020", "lat": 42.32663932, "lon": -71.07877753}, "arr_time": 1676287215, "arr_date_time": "2023-02-13T06:20:15-05:00", "end_time": 1676287515, "end_date_time": "2023-02-13T06:25:15-05:00", "waiting_time": 0, "distance": 1891, "driving_time": 1815, "preparation_time": 0, "load_before": [0], "load_after": [0]}, {"type": "service", "id": "802765000_26", "location_id": "802765000", "address": {"location_id": "802765000", "lat": 42.32573929, "lon": -71.07765276}, "arr_time": 1676287675, "arr_date_time": "2023-02-13T06:27:55-05:00", "end_time": 1676287975, "end_date_time": "2023-02-13T06:32:55-05:00", "waiting_time": 0, "distance": 2057, "driving_time": 1975, "preparation_time": 0, "load_before": [0], "load_after": [0]}, {"type": "service", "id": "802674000_17", "location_id": "802674000", "address": {"location_id": "802674000", "lat": 42.32667082, "lon": -71.07806352}, "arr_time": 1676288131, "arr_date_time": "2023-02-13T06:35:31-05:00", "end_time": 1676288431, "end_date_time": "2023-02-13T06:40:31-05:00", "waiting_time": 0, "distance": 2219, "driving_time": 2131, "preparation_time": 0, "load_before": [0], "load_after": [0]}, {"type": "service", "id": "802660000_11", "location_id": "802660000", "address": {"location_id": "802660000", "lat": 42.32699776, "lon": -71.07772104}, "arr_time": 1676288436, "arr_date_time": "2023-02-13T06:40:36-05:00", "end_time": 1676288736, "end_date_time": "2023-02-13T06:45:36-05:00", "waiting_time": 0, "distance": 2224, "driving_time": 2136, "preparation_time": 0, "load_before": [0], "load_after": [0]}, {"type": "service", "id": "802661000_12", "location_id": "802661000", "address": {"location_id": "802661000", "lat": 42.3270825, "lon": -71.07770611}, "arr_time": 1676288741, "arr_date_time": "2023-02-13T06:45:41-05:00", "end_time": 1676289041, "end_date_time": "2023-02-13T06:50:41-05:00", "waiting_time": 0, "distance": 2230, "driving_time": 2141, "preparation_time": 0, "load_before": [0], "load_after": [0]}, {"type": "service", "id": "802671010_16", "location_id": "802671010", "address": {"location_id": "802671010", "lat": 42.32692194, "lon": -71.07841931}, "arr_time": 1676289069, "arr_date_time": "2023-02-13T06:51:09-05:00", "end_time": 1676289369, "end_date_time": "2023-02-13T06:56:09-05:00", "waiting_time": 0, "distance": 2260, "driving_time": 2169, "preparation_time": 0, "load_before": [0], "load_after": [0]}, {"type": "service", "id": "802670030_15", "location_id": "802670030", "address": {"location_id": "802670030", "lat": 42.3269831, "lon": -71.0785556}, "arr_time": 1676289384, "arr_date_time": "2023-02-13T06:56:24-05:00", "end_time": 1676289684, "end_date_time": "2023-02-13T07:01:24-05:00", "waiting_time": 0, "distance": 2275, "driving_time": 2184, "preparation_time": 0, "load_before": [0], "load_after": [0]}, {"type": "service", "id": "802670020_14", "location_id": "802670020", "address": {"location_id": "802670020", "lat": 42.32701051, "lon": -71.078688}, "arr_time": 1676289693, "arr_date_time": "2023-02-13T07:01:33-05:00", "end_time": 1676289993, "end_date_time": "2023-02-13T07:06:33-05:00", "waiting_time": 0, "distance": 2285, "driving_time": 2193, "preparation_time": 0, "load_before": [0], "load_after": [0]}, {"type": "service", "id": "802639000_07", "location_id": "802639000", "address": {"location_id": "802639000", "lat": 42.32741551, "lon": -71.07829933}, "arr_time": 1676289999, "arr_date_time": "2023-02-13T07:06:39-05:00", "end_time": 1676290299, "end_date_time": "2023-02-13T07:11:39-05:00", "waiting_time": 0, "distance": 2291, "driving_time": 2199, "preparation_time": 0, "load_before": [0], "load_after": [0]}, {"type": "service", "id": "802670010_13", "location_id": "802670010", "address": {"location_id": "802670010", "lat": 42.32715781, "lon": -71.07866059}, "arr_time": 1676290303, "arr_date_time": "2023-02-13T07:11:43-05:00", "end_time": 1676290603, "end_date_time": "2023-02-13T07:16:43-05:00", "waiting_time": 0, "distance": 2295, "driving_time": 2203, "preparation_time": 0, "load_before": [0], "load_after": [0]}, {"type": "service", "id": "802641010_08", "location_id": "802641010", "address": {"location_id": "802641010", "lat": 42.32754848, "lon": -71.07850628}, "arr_time": 1676290621, "arr_date_time": "2023-02-13T07:17:01-05:00", "end_time": 1676290921, "end_date_time": "2023-02-13T07:22:01-05:00", "waiting_time": 0, "distance": 2314, "driving_time": 2221, "preparation_time": 0, "load_before": [0], "load_after": [0]}, {"type": "service", "id": "802641020_09", "location_id": "802641020", "address": {"location_id": "802641020", "lat": 42.32761789, "lon": -71.07860771}, "arr_time": 1676290932, "arr_date_time": "2023-02-13T07:22:12-05:00", "end_time": 1676291232, "end_date_time": "2023-02-13T07:27:12-05:00", "waiting_time": 0, "distance": 2325, "driving_time": 2232, "preparation_time": 0, "load_before": [0], "load_after": [0]}, {"type": "service", "id": "802647000_10", "location_id": "802647000", "address": {"location_id": "802647000", "lat": 42.32791615, "lon": -71.07918645}, "arr_time": 1676291288, "arr_date_time": "2023-02-13T07:28:08-05:00", "end_time": 1676291588, "end_date_time": "2023-02-13T07:33:08-05:00", "waiting_time": 0, "distance": 2383, "driving_time": 2288, "preparation_time": 0, "load_before": [0], "load_after": [0]}, {"type": "service", "id": "802627000_06", "location_id": "802627000", "address": {"location_id": "802627000", "lat": 42.32793448, "lon": -71.07824303}, "arr_time": 1676291803, "arr_date_time": "2023-02-13T07:36:43-05:00", "end_time": 1676292103, "end_date_time": "2023-02-13T07:41:43-05:00", "waiting_time": 0, "distance": 2607, "driving_time": 2503, "preparation_time": 0, "load_before": [0], "load_after": [0]}, {"type": "service", "id": "802735000_23", "location_id": "802735000", "address": {"location_id": "802735000", "lat": 42.32626081, "lon": -71.07652295}, "arr_time": 1676292372, "arr_date_time": "2023-02-13T07:46:12-05:00", "end_time": 1676292672, "end_date_time": "2023-02-13T07:51:12-05:00", "waiting_time": 0, "distance": 2887, "driving_time": 2772, "preparation_time": 0, "load_before": [0], "load_after": [0]}, {"type": "service", "id": "802743000_24", "location_id": "802743000", "address": {"location_id": "802743000", "lat": 42.32582367, "lon": -71.07684504}, "arr_time": 1676292943, "arr_date_time": "2023-02-13T07:55:43-05:00", "end_time": 1676293243, "end_date_time": "2023-02-13T08:00:43-05:00", "waiting_time": 0, "distance": 3169, "driving_time": 3043, "preparation_time": 0, "load_before": [0], "load_after": [0]}, {"type": "service", "id": "802731000_21", "location_id": "802731000", "address": {"location_id": "802731000", "lat": 42.3259697, "lon": -71.07622911}, "arr_time": 1676293273, "arr_date_time": "2023-02-13T08:01:13-05:00", "end_time": 1676293573, "end_date_time": "2023-02-13T08:06:13-05:00", "waiting_time": 0, "distance": 3201, "driving_time": 3073, "preparation_time": 0, "load_before": [0], "load_after": [0]}, {"type": "service", "id": "802733000_22", "location_id": "802733000", "address": {"location_id": "802733000", "lat": 42.32606168, "lon": -71.0760036}, "arr_time": 1676293593, "arr_date_time": "2023-02-13T08:06:33-05:00", "end_time": 1676293893, "end_date_time": "2023-02-13T08:11:33-05:00", "waiting_time": 0, "distance": 3221, "driving_time": 3093, "preparation_time": 0, "load_before": [0], "load_after": [0]}, {"type": "service", "id": "802727000_20", "location_id": "802727000", "address": {"location_id": "802727000", "lat": 42.32579413, "lon": -71.07591479}, "arr_time": 1676293977, "arr_date_time": "2023-02-13T08:12:57-05:00", "end_time": 1676294277, "end_date_time": "2023-02-13T08:17:57-05:00", "waiting_time": 0, "distance": 3308, "driving_time": 3177, "preparation_time": 0, "load_before": [0], "load_after": [0]}, {"type": "service", "id": "802787000_28", "location_id": "802787000", "address": {"location_id": "802787000", "lat": 42.32508252, "lon": -71.07555105}, "arr_time": 1676294352, "arr_date_time": "2023-02-13T08:19:12-05:00", "end_time": 1676294652, "end_date_time": "2023-02-13T08:24:12-05:00", "waiting_time": 0, "distance": 3386, "driving_time": 3252, "preparation_time": 0, "load_before": [0], "load_after": [0]}, {"type": "service", "id": "802783000_27", "location_id": "802783000", "address": {"location_id": "802783000", "lat": 42.32494144, "lon": -71.07752208}, "arr_time": 1676294795, "arr_date_time": "2023-02-13T08:26:35-05:00", "end_time": 1676295095, "end_date_time": "2023-02-13T08:31:35-05:00", "waiting_time": 0, "distance": 3534, "driving_time": 3395, "preparation_time": 0, "load_before": [0], "load_after": [0]}, {"type": "service", "id": "802760000_25", "location_id": "802760000", "address": {"location_id": "802760000", "lat": 42.32546094, "lon": -71.07726347}, "arr_time": 1676295129, "arr_date_time": "2023-02-13T08:32:09-05:00", "end_time": 1676295429, "end_date_time": "2023-02-13T08:37:09-05:00", "waiting_time": 0, "distance": 3570, "driving_time": 3429, "preparation_time": 0, "load_before": [0], "load_after": [0]}, {"type": "service", "id": "1200140000_51", "location_id": "1200140000", "address": {"location_id": "1200140000", "lat": 42.32463865, "lon": -71.07932047}, "arr_time": 1676295648, "arr_date_time": "2023-02-13T08:40:48-05:00", "end_time": 1676295948, "end_date_time": "2023-02-13T08:45:48-05:00", "waiting_time": 0, "distance": 3797, "driving_time": 3648, "preparation_time": 0, "load_before": [0], "load_after": [0]}, {"type": "service", "id": "802923000_32", "location_id": "802923000", "address": {"location_id": "802923000", "lat": 42.32410956, "lon": -71.07793729}, "arr_time": 1676296093, "arr_date_time": "2023-02-13T08:48:13-05:00", "end_time": 1676296393, "end_date_time": "2023-02-13T08:53:13-05:00", "waiting_time": 0, "distance": 3949, "driving_time": 3793, "preparation_time": 0, "load_before": [0], "load_after": [0]}, {"type": "service", "id": "802807010_30", "location_id": "802807010", "address": {"location_id": "802807010", "lat": 42.32399961, "lon": -71.07636139}, "arr_time": 1676296524, "arr_date_time": "2023-02-13T08:55:24-05:00", "end_time": 1676296824, "end_date_time": "2023-02-13T09:00:24-05:00", "waiting_time": 0, "distance": 4085, "driving_time": 3924, "preparation_time": 0, "load_before": [0], "load_after": [0]}, {"type": "service", "id": "802807040_31", "location_id": "802807040", "address": {"location_id": "802807040", "lat": 42.32413248, "lon": -71.07625453}, "arr_time": 1676296832, "arr_date_time": "2023-02-13T09:00:32-05:00", "end_time": 1676297132, "end_date_time": "2023-02-13T09:05:32-05:00", "waiting_time": 0, "distance": 4093, "driving_time": 3932, "preparation_time": 0, "load_before": [0], "load_after": [0]}, {"type": "service", "id": "802928000_33", "location_id": "802928000", "address": {"location_id": "802928000", "lat": 42.32360314, "lon": -71.07678475}, "arr_time": 1676297169, "arr_date_time": "2023-02-13T09:06:09-05:00", "end_time": 1676297469, "end_date_time": "2023-02-13T09:11:09-05:00", "waiting_time": 0, "distance": 4132, "driving_time": 3969, "preparation_time": 0, "load_before": [0], "load_after": [0]}, {"type": "service", "id": "802797000_29", "location_id": "802797000", "address": {"location_id": "802797000", "lat": 42.32424147, "lon": -71.07620044}, "arr_time": 1676297611, "arr_date_time": "2023-02-13T09:13:31-05:00", "end_time": 1676297911, "end_date_time": "2023-02-13T09:18:31-05:00", "waiting_time": 0, "distance": 4279, "driving_time": 4111, "preparation_time": 0, "load_before": [0], "load_after": [0]}, {"type": "service", "id": "802942000_34", "location_id": "802942000", "address": {"location_id": "802942000", "lat": 42.32327659, "lon": -71.07706677}, "arr_time": 1676298145, "arr_date_time": "2023-02-13T09:22:25-05:00", "end_time": 1676298445, "end_date_time": "2023-02-13T09:27:25-05:00", "waiting_time": 0, "distance": 4524, "driving_time": 4345, "preparation_time": 0, "load_before": [0], "load_after": [0]}, {"type": "service", "id": "802945000_35", "location_id": "802945000", "address": {"location_id": "802945000", "lat": 42.32357123, "lon": -71.07763958}, "arr_time": 1676298500, "arr_date_time": "2023-02-13T09:28:20-05:00", "end_time": 1676298800, "end_date_time": "2023-02-13T09:33:20-05:00", "waiting_time": 0, "distance": 4581, "driving_time": 4400, "preparation_time": 0, "load_before": [0], "load_after": [0]}]}], "unassigned": {"services": [], "shipments": [], "breaks": [], "details": []}}}