{"copyrights": ["GraphHopper", "OpenStreetMap contributors"], "job_id": "5522a7a6-9228-4ce9-b2c9-080ea927be2d", "status": "finished", "waiting_time_in_queue": 0, "processing_time": 198, "solution": {"costs": 369, "distance": 4356, "time": 4183, "transport_time": 4183, "completion_time": 20983, "max_operation_time": 20983, "waiting_time": 0, "service_duration": 16800, "preparation_time": 0, "no_vehicles": 1, "no_unassigned": 0, "routes": [{"vehicle_id": "my_vehicle", "shift_id": "default-shift", "distance": 4356, "transport_time": 4183, "completion_time": 20983, "waiting_time": 0, "service_duration": 16800, "preparation_time": 0, "activities": [{"type": "start", "location_id": "1400991000", "address": {"location_id": "1400991000", "lat": 42.3039614, "lon": -71.08175457}, "arr_time": 1676278800, "arr_date_time": "2023-02-13T04:00:00-05:00", "end_time": 1676278800, "end_date_time": "2023-02-13T04:00:00-05:00", "waiting_time": 0, "distance": 0, "driving_time": 0, "preparation_time": 0, "load_after": [0]}, {"type": "service", "id": "1400952000_04", "location_id": "1400952000", "address": {"location_id": "1400952000", "lat": 42.30324609, "lon": -71.08137066}, "arr_time": 1676278875, "arr_date_time": "2023-02-13T04:01:15-05:00", "end_time": 1676279175, "end_date_time": "2023-02-13T04:06:15-05:00", "waiting_time": 0, "distance": 77, "driving_time": 75, "preparation_time": 0, "load_before": [0], "load_after": [0]}, {"type": "service", "id": "1401013000_10", "location_id": "1401013000", "address": {"location_id": "1401013000", "lat": 42.30342079, "lon": -71.08091178}, "arr_time": 1676279189, "arr_date_time": "2023-02-13T04:06:29-05:00", "end_time": 1676279489, "end_date_time": "2023-02-13T04:11:29-05:00", "waiting_time": 0, "distance": 92, "driving_time": 89, "preparation_time": 0, "load_before": [0], "load_after": [0]}, {"type": "service", "id": "1400987000_09", "location_id": "1400987000", "address": {"location_id": "1400987000", "lat": 42.30380654, "lon": -71.08114066}, "arr_time": 1676279553, "arr_date_time": "2023-02-13T04:12:33-05:00", "end_time": 1676279853, "end_date_time": "2023-02-13T04:17:33-05:00", "waiting_time": 0, "distance": 159, "driving_time": 153, "preparation_time": 0, "load_before": [0], "load_after": [0]}, {"type": "service", "id": "1401026000_11", "location_id": "1401026000", "address": {"location_id": "1401026000", "lat": 42.30383985, "lon": -71.08046169}, "arr_time": 1676279903, "arr_date_time": "2023-02-13T04:18:23-05:00", "end_time": 1676280203, "end_date_time": "2023-02-13T04:23:23-05:00", "waiting_time": 0, "distance": 210, "driving_time": 203, "preparation_time": 0, "load_before": [0], "load_after": [0]}, {"type": "service", "id": "1401045000_14", "location_id": "1401045000", "address": {"location_id": "1401045000", "lat": 42.30366333, "lon": -71.08000341}, "arr_time": 1676280241, "arr_date_time": "2023-02-13T04:24:01-05:00", "end_time": 1676280541, "end_date_time": "2023-02-13T04:29:01-05:00", "waiting_time": 0, "distance": 250, "driving_time": 241, "preparation_time": 0, "load_before": [0], "load_after": [0]}, {"type": "service", "id": "1401042000_13", "location_id": "1401042000", "address": {"location_id": "1401042000", "lat": 42.30357052, "lon": -71.07967614}, "arr_time": 1676280612, "arr_date_time": "2023-02-13T04:30:12-05:00", "end_time": 1676280912, "end_date_time": "2023-02-13T04:35:12-05:00", "waiting_time": 0, "distance": 323, "driving_time": 312, "preparation_time": 0, "load_before": [0], "load_after": [0]}, {"type": "service", "id": "1401040000_12", "location_id": "1401040000", "address": {"location_id": "1401040000", "lat": 42.30367216, "lon": -71.07944392}, "arr_time": 1676280933, "arr_date_time": "2023-02-13T04:35:33-05:00", "end_time": 1676281233, "end_date_time": "2023-02-13T04:40:33-05:00", "waiting_time": 0, "distance": 345, "driving_time": 333, "preparation_time": 0, "load_before": [0], "load_after": [0]}, {"type": "service", "id": "1400959000_06", "location_id": "1400959000", "address": {"location_id": "1400959000", "lat": 42.30269666, "lon": -71.08054559}, "arr_time": 1676281435, "arr_date_time": "2023-02-13T04:43:55-05:00", "end_time": 1676281735, "end_date_time": "2023-02-13T04:48:55-05:00", "waiting_time": 0, "distance": 554, "driving_time": 535, "preparation_time": 0, "load_before": [0], "load_after": [0]}, {"type": "service", "id": "1400958000_05", "location_id": "1400958000", "address": {"location_id": "1400958000", "lat": 42.30278713, "lon": -71.0806825}, "arr_time": 1676281749, "arr_date_time": "2023-02-13T04:49:09-05:00", "end_time": 1676282049, "end_date_time": "2023-02-13T04:54:09-05:00", "waiting_time": 0, "distance": 569, "driving_time": 549, "preparation_time": 0, "load_before": [0], "load_after": [0]}, {"type": "service", "id": "1401852000_37", "location_id": "1401852000", "address": {"location_id": "1401852000", "lat": 42.30234472, "lon": -71.08027653}, "arr_time": 1676282124, "arr_date_time": "2023-02-13T04:55:24-05:00", "end_time": 1676282424, "end_date_time": "2023-02-13T05:00:24-05:00", "waiting_time": 0, "distance": 647, "driving_time": 624, "preparation_time": 0, "load_before": [0], "load_after": [0]}, {"type": "service", "id": "1401850000_36", "location_id": "1401850000", "address": {"location_id": "1401850000", "lat": 42.30225818, "lon": -71.08049812}, "arr_time": 1676282444, "arr_date_time": "2023-02-13T05:00:44-05:00", "end_time": 1676282744, "end_date_time": "2023-02-13T05:05:44-05:00", "waiting_time": 0, "distance": 668, "driving_time": 644, "preparation_time": 0, "load_before": [0], "load_after": [0]}, {"type": "service", "id": "1401849000_35", "location_id": "1401849000", "address": {"location_id": "1401849000", "lat": 42.30221184, "lon": -71.08061581}, "arr_time": 1676282755, "arr_date_time": "2023-02-13T05:05:55-05:00", "end_time": 1676283055, "end_date_time": "2023-02-13T05:10:55-05:00", "waiting_time": 0, "distance": 679, "driving_time": 655, "preparation_time": 0, "load_before": [0], "load_after": [0]}, {"type": "service", "id": "1400965000_07", "location_id": "1400965000", "address": {"location_id": "1400965000", "lat": 42.30282544, "lon": -71.08119881}, "arr_time": 1676283121, "arr_date_time": "2023-02-13T05:12:01-05:00", "end_time": 1676283421, "end_date_time": "2023-02-13T05:17:01-05:00", "waiting_time": 0, "distance": 749, "driving_time": 721, "preparation_time": 0, "load_before": [0], "load_after": [0]}, {"type": "service", "id": "1400970000_08", "location_id": "1400970000", "address": {"location_id": "1400970000", "lat": 42.30329035, "lon": -71.08189486}, "arr_time": 1676283496, "arr_date_time": "2023-02-13T05:18:16-05:00", "end_time": 1676283796, "end_date_time": "2023-02-13T05:23:16-05:00", "waiting_time": 0, "distance": 826, "driving_time": 796, "preparation_time": 0, "load_before": [0], "load_after": [0]}, {"type": "service", "id": "1400921000_01", "location_id": "1400921000", "address": {"location_id": "1400921000", "lat": 42.30318489, "lon": -71.08239063}, "arr_time": 1676283817, "arr_date_time": "2023-02-13T05:23:37-05:00", "end_time": 1676284117, "end_date_time": "2023-02-13T05:28:37-05:00", "waiting_time": 0, "distance": 848, "driving_time": 817, "preparation_time": 0, "load_before": [0], "load_after": [0]}, {"type": "service", "id": "1400940000_03", "location_id": "1400940000", "address": {"location_id": "1400940000", "lat": 42.30302068, "lon": -71.08255278}, "arr_time": 1676284319, "arr_date_time": "2023-02-13T05:31:59-05:00", "end_time": 1676284619, "end_date_time": "2023-02-13T05:36:59-05:00", "waiting_time": 0, "distance": 1058, "driving_time": 1019, "preparation_time": 0, "load_before": [0], "load_after": [0]}, {"type": "service", "id": "1400939000_02", "location_id": "1400939000", "address": {"location_id": "1400939000", "lat": 42.30292145, "lon": -71.08241858}, "arr_time": 1676284633, "arr_date_time": "2023-02-13T05:37:13-05:00", "end_time": 1676284933, "end_date_time": "2023-02-13T05:42:13-05:00", "waiting_time": 0, "distance": 1074, "driving_time": 1033, "preparation_time": 0, "load_before": [0], "load_after": [0]}, {"type": "service", "id": "1402471000_43", "location_id": "1402471000", "address": {"location_id": "1402471000", "lat": 42.30229712, "lon": -71.08337377}, "arr_time": 1676285221, "arr_date_time": "2023-02-13T05:47:01-05:00", "end_time": 1676285521, "end_date_time": "2023-02-13T05:52:01-05:00", "waiting_time": 0, "distance": 1375, "driving_time": 1321, "preparation_time": 0, "load_before": [0], "load_after": [0]}, {"type": "service", "id": "1401912000_40", "location_id": "1401912000", "address": {"location_id": "1401912000", "lat": 42.30265038, "lon": -71.08311402}, "arr_time": 1676285535, "arr_date_time": "2023-02-13T05:52:15-05:00", "end_time": 1676285835, "end_date_time": "2023-02-13T05:57:15-05:00", "waiting_time": 0, "distance": 1389, "driving_time": 1335, "preparation_time": 0, "load_before": [0], "load_after": [0]}, {"type": "service", "id": "1401917000_41", "location_id": "1401917000", "address": {"location_id": "1401917000", "lat": 42.30313117, "lon": -71.08381025}, "arr_time": 1676285909, "arr_date_time": "2023-02-13T05:58:29-05:00", "end_time": 1676286209, "end_date_time": "2023-02-13T06:03:29-05:00", "waiting_time": 0, "distance": 1467, "driving_time": 1409, "preparation_time": 0, "load_before": [0], "load_after": [0]}, {"type": "service", "id": "1402503000_46", "location_id": "1402503000", "address": {"location_id": "1402503000", "lat": 42.30202911, "lon": -71.08438219}, "arr_time": 1676286412, "arr_date_time": "2023-02-13T06:06:52-05:00", "end_time": 1676286712, "end_date_time": "2023-02-13T06:11:52-05:00", "waiting_time": 0, "distance": 1678, "driving_time": 1612, "preparation_time": 0, "load_before": [0], "load_after": [0]}, {"type": "service", "id": "1402459000_42", "location_id": "1402459000", "address": {"location_id": "1402459000", "lat": 42.30225796, "lon": -71.083852}, "arr_time": 1676286727, "arr_date_time": "2023-02-13T06:12:07-05:00", "end_time": 1676287027, "end_date_time": "2023-02-13T06:17:07-05:00", "waiting_time": 0, "distance": 1694, "driving_time": 1627, "preparation_time": 0, "load_before": [0], "load_after": [0]}, {"type": "service", "id": "1401781000_32", "location_id": "1401781000", "address": {"location_id": "1401781000", "lat": 42.30118682, "lon": -71.08290657}, "arr_time": 1676287160, "arr_date_time": "2023-02-13T06:19:20-05:00", "end_time": 1676287460, "end_date_time": "2023-02-13T06:24:20-05:00", "waiting_time": 0, "distance": 1833, "driving_time": 1760, "preparation_time": 0, "load_before": [0], "load_after": [0]}, {"type": "service", "id": "1401787000_33", "location_id": "1401787000", "address": {"location_id": "1401787000", "lat": 42.3009918, "lon": -71.08214819}, "arr_time": 1676287513, "arr_date_time": "2023-02-13T06:25:13-05:00", "end_time": 1676287813, "end_date_time": "2023-02-13T06:30:13-05:00", "waiting_time": 0, "distance": 1888, "driving_time": 1813, "preparation_time": 0, "load_before": [0], "load_after": [0]}, {"type": "service", "id": "1401883000_39", "location_id": "1401883000", "address": {"location_id": "1401883000", "lat": 42.30137005, "lon": -71.08209753}, "arr_time": 1676287836, "arr_date_time": "2023-02-13T06:30:36-05:00", "end_time": 1676288136, "end_date_time": "2023-02-13T06:35:36-05:00", "waiting_time": 0, "distance": 1911, "driving_time": 1836, "preparation_time": 0, "load_before": [0], "load_after": [0]}, {"type": "service", "id": "1402487000_44", "location_id": "1402487000", "address": {"location_id": "1402487000", "lat": 42.30119261, "lon": -71.08385352}, "arr_time": 1676288331, "arr_date_time": "2023-02-13T06:38:51-05:00", "end_time": 1676288631, "end_date_time": "2023-02-13T06:43:51-05:00", "waiting_time": 0, "distance": 2114, "driving_time": 2031, "preparation_time": 0, "load_before": [0], "load_after": [0]}, {"type": "service", "id": "1402523000_48", "location_id": "1402523000", "address": {"location_id": "1402523000", "lat": 42.30104512, "lon": -71.08445425}, "arr_time": 1676288659, "arr_date_time": "2023-02-13T06:44:19-05:00", "end_time": 1676288959, "end_date_time": "2023-02-13T06:49:19-05:00", "waiting_time": 0, "distance": 2143, "driving_time": 2059, "preparation_time": 0, "load_before": [0], "load_after": [0]}, {"type": "service", "id": "1402490000_45", "location_id": "1402490000", "address": {"location_id": "1402490000", "lat": 42.30142597, "lon": -71.08408257}, "arr_time": 1676288960, "arr_date_time": "2023-02-13T06:49:20-05:00", "end_time": 1676289260, "end_date_time": "2023-02-13T06:54:20-05:00", "waiting_time": 0, "distance": 2144, "driving_time": 2060, "preparation_time": 0, "load_before": [0], "load_after": [0]}, {"type": "service", "id": "1402514000_47", "location_id": "1402514000", "address": {"location_id": "1402514000", "lat": 42.3008061, "lon": -71.084312}, "arr_time": 1676289359, "arr_date_time": "2023-02-13T06:55:59-05:00", "end_time": 1676289659, "end_date_time": "2023-02-13T07:00:59-05:00", "waiting_time": 0, "distance": 2246, "driving_time": 2159, "preparation_time": 0, "load_before": [0], "load_after": [0]}, {"type": "service", "id": "1402538000_50", "location_id": "1402538000", "address": {"location_id": "1402538000", "lat": 42.30015457, "lon": -71.08392196}, "arr_time": 1676289769, "arr_date_time": "2023-02-13T07:02:49-05:00", "end_time": 1676290069, "end_date_time": "2023-02-13T07:07:49-05:00", "waiting_time": 0, "distance": 2361, "driving_time": 2269, "preparation_time": 0, "load_before": [0], "load_after": [0]}, {"type": "service", "id": "1402530001_49", "location_id": "1402530001", "address": {"location_id": "1402530001", "lat": 42.30045879, "lon": -71.08333658}, "arr_time": 1676290252, "arr_date_time": "2023-02-13T07:10:52-05:00", "end_time": 1676290552, "end_date_time": "2023-02-13T07:15:52-05:00", "waiting_time": 0, "distance": 2552, "driving_time": 2452, "preparation_time": 0, "load_before": [0], "load_after": [0]}, {"type": "service", "id": "1401748000_27", "location_id": "1401748000", "address": {"location_id": "1401748000", "lat": 42.30043725, "lon": -71.08232784}, "arr_time": 1676290625, "arr_date_time": "2023-02-13T07:17:05-05:00", "end_time": 1676290925, "end_date_time": "2023-02-13T07:22:05-05:00", "waiting_time": 0, "distance": 2629, "driving_time": 2525, "preparation_time": 0, "load_before": [0], "load_after": [0]}, {"type": "service", "id": "1401827000_34", "location_id": "1401827000", "address": {"location_id": "1401827000", "lat": 42.30073283, "lon": -71.08245994}, "arr_time": 1676290927, "arr_date_time": "2023-02-13T07:22:07-05:00", "end_time": 1676291227, "end_date_time": "2023-02-13T07:27:07-05:00", "waiting_time": 0, "distance": 2630, "driving_time": 2527, "preparation_time": 0, "load_before": [0], "load_after": [0]}, {"type": "service", "id": "1401755000_28", "location_id": "1401755000", "address": {"location_id": "1401755000", "lat": 42.30066638, "lon": -71.08132394}, "arr_time": 1676291309, "arr_date_time": "2023-02-13T07:28:29-05:00", "end_time": 1676291609, "end_date_time": "2023-02-13T07:33:29-05:00", "waiting_time": 0, "distance": 2716, "driving_time": 2609, "preparation_time": 0, "load_before": [0], "load_after": [0]}, {"type": "service", "id": "1401760000_29", "location_id": "1401760000", "address": {"location_id": "1401760000", "lat": 42.30082942, "lon": -71.08061716}, "arr_time": 1676291667, "arr_date_time": "2023-02-13T07:34:27-05:00", "end_time": 1676291967, "end_date_time": "2023-02-13T07:39:27-05:00", "waiting_time": 0, "distance": 2776, "driving_time": 2667, "preparation_time": 0, "load_before": [0], "load_after": [0]}, {"type": "service", "id": "1401669000_16", "location_id": "1401669000", "address": {"location_id": "1401669000", "lat": 42.3014299, "lon": -71.07944931}, "arr_time": 1676292073, "arr_date_time": "2023-02-13T07:41:13-05:00", "end_time": 1676292373, "end_date_time": "2023-02-13T07:46:13-05:00", "waiting_time": 0, "distance": 2887, "driving_time": 2773, "preparation_time": 0, "load_before": [0], "load_after": [0]}, {"type": "service", "id": "1401667000_15", "location_id": "1401667000", "address": {"location_id": "1401667000", "lat": 42.30165442, "lon": -71.07938145}, "arr_time": 1676292397, "arr_date_time": "2023-02-13T07:46:37-05:00", "end_time": 1676292697, "end_date_time": "2023-02-13T07:51:37-05:00", "waiting_time": 0, "distance": 2913, "driving_time": 2797, "preparation_time": 0, "load_before": [0], "load_after": [0]}, {"type": "service", "id": "1401867000_38", "location_id": "1401867000", "address": {"location_id": "1401867000", "lat": 42.30217575, "lon": -71.08007199}, "arr_time": 1676292807, "arr_date_time": "2023-02-13T07:53:27-05:00", "end_time": 1676293107, "end_date_time": "2023-02-13T07:58:27-05:00", "waiting_time": 0, "distance": 3027, "driving_time": 2907, "preparation_time": 0, "load_before": [0], "load_after": [0]}, {"type": "service", "id": "1401671000_17", "location_id": "1401671000", "address": {"location_id": "1401671000", "lat": 42.30128813, "lon": -71.07948972}, "arr_time": 1676293256, "arr_date_time": "2023-02-13T08:00:56-05:00", "end_time": 1676293556, "end_date_time": "2023-02-13T08:05:56-05:00", "waiting_time": 0, "distance": 3183, "driving_time": 3056, "preparation_time": 0, "load_before": [0], "load_after": [0]}, {"type": "service", "id": "1401675000_18", "location_id": "1401675000", "address": {"location_id": "1401675000", "lat": 42.30083055, "lon": -71.0795885}, "arr_time": 1676293607, "arr_date_time": "2023-02-13T08:06:47-05:00", "end_time": 1676293907, "end_date_time": "2023-02-13T08:11:47-05:00", "waiting_time": 0, "distance": 3236, "driving_time": 3107, "preparation_time": 0, "load_before": [0], "load_after": [0]}, {"type": "service", "id": "1401679000_19", "location_id": "1401679000", "address": {"location_id": "1401679000", "lat": 42.30026663, "lon": -71.07964527}, "arr_time": 1676293971, "arr_date_time": "2023-02-13T08:12:51-05:00", "end_time": 1676294271, "end_date_time": "2023-02-13T08:17:51-05:00", "waiting_time": 0, "distance": 3302, "driving_time": 3171, "preparation_time": 0, "load_before": [0], "load_after": [0]}, {"type": "service", "id": "1401772000_30", "location_id": "1401772000", "address": {"location_id": "1401772000", "lat": 42.30043361, "lon": -71.08104655}, "arr_time": 1676294379, "arr_date_time": "2023-02-13T08:19:39-05:00", "end_time": 1676294679, "end_date_time": "2023-02-13T08:24:39-05:00", "waiting_time": 0, "distance": 3415, "driving_time": 3279, "preparation_time": 0, "load_before": [0], "load_after": [0]}, {"type": "service", "id": "1401731000_26", "location_id": "1401731000", "address": {"location_id": "1401731000", "lat": 42.30002946, "lon": -71.0809345}, "arr_time": 1676294681, "arr_date_time": "2023-02-13T08:24:41-05:00", "end_time": 1676294981, "end_date_time": "2023-02-13T08:29:41-05:00", "waiting_time": 0, "distance": 3418, "driving_time": 3281, "preparation_time": 0, "load_before": [0], "load_after": [0]}, {"type": "service", "id": "1401775000_31", "location_id": "1401775000", "address": {"location_id": "1401775000", "lat": 42.30033803, "lon": -71.08153224}, "arr_time": 1676295019, "arr_date_time": "2023-02-13T08:30:19-05:00", "end_time": 1676295319, "end_date_time": "2023-02-13T08:35:19-05:00", "waiting_time": 0, "distance": 3457, "driving_time": 3319, "preparation_time": 0, "load_before": [0], "load_after": [0]}, {"type": "service", "id": "1402575000_51", "location_id": "1402575000", "address": {"location_id": "1402575000", "lat": 42.29978853, "lon": -71.08215625}, "arr_time": 1676295388, "arr_date_time": "2023-02-13T08:36:28-05:00", "end_time": 1676295688, "end_date_time": "2023-02-13T08:41:28-05:00", "waiting_time": 0, "distance": 3530, "driving_time": 3388, "preparation_time": 0, "load_before": [0], "load_after": [0]}, {"type": "service", "id": "1401713000_22", "location_id": "1401713000", "address": {"location_id": "1401713000", "lat": 42.29936146, "lon": -71.08098072}, "arr_time": 1676295831, "arr_date_time": "2023-02-13T08:43:51-05:00", "end_time": 1676296131, "end_date_time": "2023-02-13T08:48:51-05:00", "waiting_time": 0, "distance": 3678, "driving_time": 3531, "preparation_time": 0, "load_before": [0], "load_after": [0]}, {"type": "service", "id": "1401685000_20", "location_id": "1401685000", "address": {"location_id": "1401685000", "lat": 42.29952988, "lon": -71.07962213}, "arr_time": 1676296247, "arr_date_time": "2023-02-13T08:50:47-05:00", "end_time": 1676296547, "end_date_time": "2023-02-13T08:55:47-05:00", "waiting_time": 0, "distance": 3798, "driving_time": 3647, "preparation_time": 0, "load_before": [0], "load_after": [0]}, {"type": "service", "id": "1401720000_23", "location_id": "1401720000", "address": {"location_id": "1401720000", "lat": 42.29915723, "lon": -71.08006055}, "arr_time": 1676296611, "arr_date_time": "2023-02-13T08:56:51-05:00", "end_time": 1676296911, "end_date_time": "2023-02-13T09:01:51-05:00", "waiting_time": 0, "distance": 3865, "driving_time": 3711, "preparation_time": 0, "load_before": [0], "load_after": [0]}, {"type": "service", "id": "1401722000_24", "location_id": "1401722000", "address": {"location_id": "1401722000", "lat": 42.29913211, "lon": -71.08048001}, "arr_time": 1676296943, "arr_date_time": "2023-02-13T09:02:23-05:00", "end_time": 1676297243, "end_date_time": "2023-02-13T09:07:23-05:00", "waiting_time": 0, "distance": 3899, "driving_time": 3743, "preparation_time": 0, "load_before": [0], "load_after": [0]}, {"type": "service", "id": "1401723000_25", "location_id": "1401723000", "address": {"location_id": "1401723000", "lat": 42.29909562, "lon": -71.08066258}, "arr_time": 1676297257, "arr_date_time": "2023-02-13T09:07:37-05:00", "end_time": 1676297557, "end_date_time": "2023-02-13T09:12:37-05:00", "waiting_time": 0, "distance": 3915, "driving_time": 3757, "preparation_time": 0, "load_before": [0], "load_after": [0]}, {"type": "service", "id": "1401696000_21", "location_id": "1401696000", "address": {"location_id": "1401696000", "lat": 42.29803683, "lon": -71.07940844}, "arr_time": 1676297735, "arr_date_time": "2023-02-13T09:15:35-05:00", "end_time": 1676298035, "end_date_time": "2023-02-13T09:20:35-05:00", "waiting_time": 0, "distance": 4099, "driving_time": 3935, "preparation_time": 0, "load_before": [0], "load_after": [0]}, {"type": "service", "id": "1402602000_52", "location_id": "1402602000", "address": {"location_id": "1402602000", "lat": 42.29846007, "lon": -71.08042758}, "arr_time": 1676298129, "arr_date_time": "2023-02-13T09:22:09-05:00", "end_time": 1676298429, "end_date_time": "2023-02-13T09:27:09-05:00", "waiting_time": 0, "distance": 4197, "driving_time": 4029, "preparation_time": 0, "load_before": [0], "load_after": [0]}, {"type": "service", "id": "1402603000_53", "location_id": "1402603000", "address": {"location_id": "1402603000", "lat": 42.29846859, "lon": -71.08061965}, "arr_time": 1676298444, "arr_date_time": "2023-02-13T09:27:24-05:00", "end_time": 1676298744, "end_date_time": "2023-02-13T09:32:24-05:00", "waiting_time": 0, "distance": 4212, "driving_time": 4044, "preparation_time": 0, "load_before": [0], "load_after": [0]}, {"type": "service", "id": "1402608000_56", "location_id": "1402608000", "address": {"location_id": "1402608000", "lat": 42.29805808, "lon": -71.08079641}, "arr_time": 1676298769, "arr_date_time": "2023-02-13T09:32:49-05:00", "end_time": 1676299069, "end_date_time": "2023-02-13T09:37:49-05:00", "waiting_time": 0, "distance": 4238, "driving_time": 4069, "preparation_time": 0, "load_before": [0], "load_after": [0]}, {"type": "service", "id": "1402606000_55", "location_id": "1402606000", "address": {"location_id": "1402606000", "lat": 42.29779769, "lon": -71.08069673}, "arr_time": 1676299133, "arr_date_time": "2023-02-13T09:38:53-05:00", "end_time": 1676299433, "end_date_time": "2023-02-13T09:43:53-05:00", "waiting_time": 0, "distance": 4305, "driving_time": 4133, "preparation_time": 0, "load_before": [0], "load_after": [0]}, {"type": "service", "id": "1402605000_54", "location_id": "1402605000", "address": {"location_id": "1402605000", "lat": 42.29766803, "lon": -71.0806482}, "arr_time": 1676299483, "arr_date_time": "2023-02-13T09:44:43-05:00", "end_time": 1676299783, "end_date_time": "2023-02-13T09:49:43-05:00", "waiting_time": 0, "distance": 4356, "driving_time": 4183, "preparation_time": 0, "load_before": [0], "load_after": [0]}]}], "unassigned": {"services": [], "shipments": [], "breaks": [], "details": []}}}