{"copyrights": ["GraphHopper", "OpenStreetMap contributors"], "job_id": "608f17ca-764e-4df4-8618-647808e80091", "status": "finished", "waiting_time_in_queue": 0, "processing_time": 120, "solution": {"costs": 345, "distance": 3489, "time": 3353, "transport_time": 3353, "completion_time": 18053, "max_operation_time": 18053, "waiting_time": 0, "service_duration": 14700, "preparation_time": 0, "no_vehicles": 1, "no_unassigned": 0, "routes": [{"vehicle_id": "my_vehicle", "shift_id": "default-shift", "distance": 3489, "transport_time": 3353, "completion_time": 18053, "waiting_time": 0, "service_duration": 14700, "preparation_time": 0, "activities": [{"type": "start", "location_id": "1602349000", "address": {"location_id": "1602349000", "lat": 42.292878, "lon": -71.04971869}, "arr_time": 1676278800, "arr_date_time": "2023-02-13T04:00:00-05:00", "end_time": 1676278800, "end_date_time": "2023-02-13T04:00:00-05:00", "waiting_time": 0, "distance": 0, "driving_time": 0, "preparation_time": 0, "load_after": [0]}, {"type": "service", "id": "1602373000_07", "location_id": "1602373000", "address": {"location_id": "1602373000", "lat": 42.29249778, "lon": -71.05004002}, "arr_time": 1676278963, "arr_date_time": "2023-02-13T04:02:43-05:00", "end_time": 1676279263, "end_date_time": "2023-02-13T04:07:43-05:00", "waiting_time": 0, "distance": 169, "driving_time": 163, "preparation_time": 0, "load_before": [0], "load_after": [0]}, {"type": "service", "id": "1602369000_06", "location_id": "1602369000", "address": {"location_id": "1602369000", "lat": 42.29210459, "lon": -71.0497195}, "arr_time": 1676279312, "arr_date_time": "2023-02-13T04:08:32-05:00", "end_time": 1676279612, "end_date_time": "2023-02-13T04:13:32-05:00", "waiting_time": 0, "distance": 220, "driving_time": 212, "preparation_time": 0, "load_before": [0], "load_after": [0]}, {"type": "service", "id": "1602402000_11", "location_id": "1602402000", "address": {"location_id": "1602402000", "lat": 42.29130888, "lon": -71.04909374}, "arr_time": 1676279721, "arr_date_time": "2023-02-13T04:15:21-05:00", "end_time": 1676280021, "end_date_time": "2023-02-13T04:20:21-05:00", "waiting_time": 0, "distance": 333, "driving_time": 321, "preparation_time": 0, "load_before": [0], "load_after": [0]}, {"type": "service", "id": "1602362000_05", "location_id": "1602362000", "address": {"location_id": "1602362000", "lat": 42.29158162, "lon": -71.04908688}, "arr_time": 1676280036, "arr_date_time": "2023-02-13T04:20:36-05:00", "end_time": 1676280336, "end_date_time": "2023-02-13T04:25:36-05:00", "waiting_time": 0, "distance": 349, "driving_time": 336, "preparation_time": 0, "load_before": [0], "load_after": [0]}, {"type": "service", "id": "1602403000_12", "location_id": "1602403000", "address": {"location_id": "1602403000", "lat": 42.29137403, "lon": -71.04886279}, "arr_time": 1676280340, "arr_date_time": "2023-02-13T04:25:40-05:00", "end_time": 1676280640, "end_date_time": "2023-02-13T04:30:40-05:00", "waiting_time": 0, "distance": 353, "driving_time": 340, "preparation_time": 0, "load_before": [0], "load_after": [0]}, {"type": "service", "id": "1602360000_04", "location_id": "1602360000", "address": {"location_id": "1602360000", "lat": 42.29165654, "lon": -71.04901586}, "arr_time": 1676280672, "arr_date_time": "2023-02-13T04:31:12-05:00", "end_time": 1676280972, "end_date_time": "2023-02-13T04:36:12-05:00", "waiting_time": 0, "distance": 386, "driving_time": 372, "preparation_time": 0, "load_before": [0], "load_after": [0]}, {"type": "service", "id": "1602359000_03", "location_id": "1602359000", "address": {"location_id": "1602359000", "lat": 42.29167654, "lon": -71.0489597}, "arr_time": 1676280972, "arr_date_time": "2023-02-13T04:36:12-05:00", "end_time": 1676281272, "end_date_time": "2023-02-13T04:41:12-05:00", "waiting_time": 0, "distance": 386, "driving_time": 372, "preparation_time": 0, "load_before": [0], "load_after": [0]}, {"type": "service", "id": "1602356000_02", "location_id": "1602356000", "address": {"location_id": "1602356000", "lat": 42.29204551, "lon": -71.0492933}, "arr_time": 1676281319, "arr_date_time": "2023-02-13T04:41:59-05:00", "end_time": 1676281619, "end_date_time": "2023-02-13T04:46:59-05:00", "waiting_time": 0, "distance": 435, "driving_time": 419, "preparation_time": 0, "load_before": [0], "load_after": [0]}, {"type": "service", "id": "1602355000_01", "location_id": "1602355000", "address": {"location_id": "1602355000", "lat": 42.29213598, "lon": -71.04935794}, "arr_time": 1676281629, "arr_date_time": "2023-02-13T04:47:09-05:00", "end_time": 1676281929, "end_date_time": "2023-02-13T04:52:09-05:00", "waiting_time": 0, "distance": 447, "driving_time": 429, "preparation_time": 0, "load_before": [0], "load_after": [0]}, {"type": "service", "id": "1602390000_08", "location_id": "1602390000", "address": {"location_id": "1602390000", "lat": 42.29131269, "lon": -71.04844082}, "arr_time": 1676282104, "arr_date_time": "2023-02-13T04:55:04-05:00", "end_time": 1676282404, "end_date_time": "2023-02-13T05:00:04-05:00", "waiting_time": 0, "distance": 629, "driving_time": 604, "preparation_time": 0, "load_before": [0], "load_after": [0]}, {"type": "service", "id": "1602391005_09", "location_id": "1602391005", "address": {"location_id": "1602391005", "lat": 42.29117789, "lon": -71.04848297}, "arr_time": 1676282419, "arr_date_time": "2023-02-13T05:00:19-05:00", "end_time": 1676282719, "end_date_time": "2023-02-13T05:05:19-05:00", "waiting_time": 0, "distance": 644, "driving_time": 619, "preparation_time": 0, "load_before": [0], "load_after": [0]}, {"type": "service", "id": "1602393000_10", "location_id": "1602393000", "address": {"location_id": "1602393000", "lat": 42.29079659, "lon": -71.04843948}, "arr_time": 1676282759, "arr_date_time": "2023-02-13T05:05:59-05:00", "end_time": 1676283059, "end_date_time": "2023-02-13T05:10:59-05:00", "waiting_time": 0, "distance": 686, "driving_time": 659, "preparation_time": 0, "load_before": [0], "load_after": [0]}, {"type": "service", "id": "1602525000_22", "location_id": "1602525000", "address": {"location_id": "1602525000", "lat": 42.29041111, "lon": -71.04798962}, "arr_time": 1676283095, "arr_date_time": "2023-02-13T05:11:35-05:00", "end_time": 1676283395, "end_date_time": "2023-02-13T05:16:35-05:00", "waiting_time": 0, "distance": 724, "driving_time": 695, "preparation_time": 0, "load_before": [0], "load_after": [0]}, {"type": "service", "id": "1603866000_29", "location_id": "1603866000", "address": {"location_id": "1603866000", "lat": 42.2898161, "lon": -71.04864668}, "arr_time": 1676283457, "arr_date_time": "2023-02-13T05:17:37-05:00", "end_time": 1676283757, "end_date_time": "2023-02-13T05:22:37-05:00", "waiting_time": 0, "distance": 789, "driving_time": 757, "preparation_time": 0, "load_before": [0], "load_after": [0]}, {"type": "service", "id": "1602464000_15", "location_id": "1602464000", "address": {"location_id": "1602464000", "lat": 42.28936323, "lon": -71.04720543}, "arr_time": 1676283920, "arr_date_time": "2023-02-13T05:25:20-05:00", "end_time": 1676284220, "end_date_time": "2023-02-13T05:30:20-05:00", "waiting_time": 0, "distance": 959, "driving_time": 920, "preparation_time": 0, "load_before": [0], "load_after": [0]}, {"type": "service", "id": "1602550000_25", "location_id": "1602550000", "address": {"location_id": "1602550000", "lat": 42.28979303, "lon": -71.04737068}, "arr_time": 1676284232, "arr_date_time": "2023-02-13T05:30:32-05:00", "end_time": 1676284532, "end_date_time": "2023-02-13T05:35:32-05:00", "waiting_time": 0, "distance": 972, "driving_time": 932, "preparation_time": 0, "load_before": [0], "load_after": [0]}, {"type": "service", "id": "1602465000_16", "location_id": "1602465000", "address": {"location_id": "1602465000", "lat": 42.28945512, "lon": -71.04710397}, "arr_time": 1676284532, "arr_date_time": "2023-02-13T05:35:32-05:00", "end_time": 1676284832, "end_date_time": "2023-02-13T05:40:32-05:00", "waiting_time": 0, "distance": 972, "driving_time": 932, "preparation_time": 0, "load_before": [0], "load_after": [0]}, {"type": "service", "id": "1602545000_24", "location_id": "1602545000", "address": {"location_id": "1602545000", "lat": 42.29038634, "lon": -71.04758443}, "arr_time": 1676284929, "arr_date_time": "2023-02-13T05:42:09-05:00", "end_time": 1676285229, "end_date_time": "2023-02-13T05:47:09-05:00", "waiting_time": 0, "distance": 1073, "driving_time": 1029, "preparation_time": 0, "load_before": [0], "load_after": [0]}, {"type": "service", "id": "1602542000_23", "location_id": "1602542000", "address": {"location_id": "1602542000", "lat": 42.29061916, "lon": -71.04755503}, "arr_time": 1676285255, "arr_date_time": "2023-02-13T05:47:35-05:00", "end_time": 1676285555, "end_date_time": "2023-02-13T05:52:35-05:00", "waiting_time": 0, "distance": 1099, "driving_time": 1055, "preparation_time": 0, "load_before": [0], "load_after": [0]}, {"type": "service", "id": "1602479000_17", "location_id": "1602479000", "address": {"location_id": "1602479000", "lat": 42.29030127, "lon": -71.04677028}, "arr_time": 1676285759, "arr_date_time": "2023-02-13T05:55:59-05:00", "end_time": 1676286059, "end_date_time": "2023-02-13T06:00:59-05:00", "waiting_time": 0, "distance": 1312, "driving_time": 1259, "preparation_time": 0, "load_before": [0], "load_after": [0]}, {"type": "service", "id": "1602482000_18", "location_id": "1602482000", "address": {"location_id": "1602482000", "lat": 42.28978125, "lon": -71.04651111}, "arr_time": 1676286103, "arr_date_time": "2023-02-13T06:01:43-05:00", "end_time": 1676286403, "end_date_time": "2023-02-13T06:06:43-05:00", "waiting_time": 0, "distance": 1357, "driving_time": 1303, "preparation_time": 0, "load_before": [0], "load_after": [0]}, {"type": "service", "id": "1602495000_21", "location_id": "1602495000", "address": {"location_id": "1602495000", "lat": 42.29056668, "lon": -71.04586112}, "arr_time": 1676286552, "arr_date_time": "2023-02-13T06:09:12-05:00", "end_time": 1676286852, "end_date_time": "2023-02-13T06:14:12-05:00", "waiting_time": 0, "distance": 1512, "driving_time": 1452, "preparation_time": 0, "load_before": [0], "load_after": [0]}, {"type": "service", "id": "1602485000_19", "location_id": "1602485000", "address": {"location_id": "1602485000", "lat": 42.28947605, "lon": -71.04651589}, "arr_time": 1676287003, "arr_date_time": "2023-02-13T06:16:43-05:00", "end_time": 1676287303, "end_date_time": "2023-02-13T06:21:43-05:00", "waiting_time": 0, "distance": 1669, "driving_time": 1603, "preparation_time": 0, "load_before": [0], "load_after": [0]}, {"type": "service", "id": "1602487000_20", "location_id": "1602487000", "address": {"location_id": "1602487000", "lat": 42.28931703, "lon": -71.04670716}, "arr_time": 1676287325, "arr_date_time": "2023-02-13T06:22:05-05:00", "end_time": 1676287625, "end_date_time": "2023-02-13T06:27:05-05:00", "waiting_time": 0, "distance": 1693, "driving_time": 1625, "preparation_time": 0, "load_before": [0], "load_after": [0]}, {"type": "service", "id": "1603904000_35", "location_id": "1603904000", "address": {"location_id": "1603904000", "lat": 42.28890347, "lon": -71.04800751}, "arr_time": 1676287769, "arr_date_time": "2023-02-13T06:29:29-05:00", "end_time": 1676288069, "end_date_time": "2023-02-13T06:34:29-05:00", "waiting_time": 0, "distance": 1843, "driving_time": 1769, "preparation_time": 0, "load_before": [0], "load_after": [0]}, {"type": "service", "id": "1602431000_14", "location_id": "1602431000", "address": {"location_id": "1602431000", "lat": 42.28874942, "lon": -71.04671527}, "arr_time": 1676288176, "arr_date_time": "2023-02-13T06:36:16-05:00", "end_time": 1676288476, "end_date_time": "2023-02-13T06:41:16-05:00", "waiting_time": 0, "distance": 1954, "driving_time": 1876, "preparation_time": 0, "load_before": [0], "load_after": [0]}, {"type": "service", "id": "1602428000_13", "location_id": "1602428000", "address": {"location_id": "1602428000", "lat": 42.28889187, "lon": -71.04634258}, "arr_time": 1676288501, "arr_date_time": "2023-02-13T06:41:41-05:00", "end_time": 1676288801, "end_date_time": "2023-02-13T06:46:41-05:00", "waiting_time": 0, "distance": 1980, "driving_time": 1901, "preparation_time": 0, "load_before": [0], "load_after": [0]}, {"type": "service", "id": "1603908000_36", "location_id": "1603908000", "address": {"location_id": "1603908000", "lat": 42.28818995, "lon": -71.04750323}, "arr_time": 1676288983, "arr_date_time": "2023-02-13T06:49:43-05:00", "end_time": 1676289283, "end_date_time": "2023-02-13T06:54:43-05:00", "waiting_time": 0, "distance": 2168, "driving_time": 2083, "preparation_time": 0, "load_before": [0], "load_after": [0]}, {"type": "service", "id": "1603950000_46", "location_id": "1603950000", "address": {"location_id": "1603950000", "lat": 42.28784876, "lon": -71.0474491}, "arr_time": 1676289287, "arr_date_time": "2023-02-13T06:54:47-05:00", "end_time": 1676289587, "end_date_time": "2023-02-13T06:59:47-05:00", "waiting_time": 0, "distance": 2172, "driving_time": 2087, "preparation_time": 0, "load_before": [0], "load_after": [0]}, {"type": "service", "id": "1603947000_45", "location_id": "1603947000", "address": {"location_id": "1603947000", "lat": 42.28776676, "lon": -71.04794376}, "arr_time": 1676289661, "arr_date_time": "2023-02-13T07:01:01-05:00", "end_time": 1676289961, "end_date_time": "2023-02-13T07:06:01-05:00", "waiting_time": 0, "distance": 2249, "driving_time": 2161, "preparation_time": 0, "load_before": [0], "load_after": [0]}, {"type": "service", "id": "1603962002_49", "location_id": "1603962002", "address": {"location_id": "1603962002", "lat": 42.28669182, "lon": -71.04710239}, "arr_time": 1676290148, "arr_date_time": "2023-02-13T07:09:08-05:00", "end_time": 1676290448, "end_date_time": "2023-02-13T07:14:08-05:00", "waiting_time": 0, "distance": 2444, "driving_time": 2348, "preparation_time": 0, "load_before": [0], "load_after": [0]}, {"type": "service", "id": "1603959000_47", "location_id": "1603959000", "address": {"location_id": "1603959000", "lat": 42.28686365, "lon": -71.04619964}, "arr_time": 1676290521, "arr_date_time": "2023-02-13T07:15:21-05:00", "end_time": 1676290821, "end_date_time": "2023-02-13T07:20:21-05:00", "waiting_time": 0, "distance": 2520, "driving_time": 2421, "preparation_time": 0, "load_before": [0], "load_after": [0]}, {"type": "service", "id": "1603960000_48", "location_id": "1603960000", "address": {"location_id": "1603960000", "lat": 42.28682196, "lon": -71.04636889}, "arr_time": 1676290836, "arr_date_time": "2023-02-13T07:20:36-05:00", "end_time": 1676291136, "end_date_time": "2023-02-13T07:25:36-05:00", "waiting_time": 0, "distance": 2535, "driving_time": 2436, "preparation_time": 0, "load_before": [0], "load_after": [0]}, {"type": "service", "id": "1603939030_40", "location_id": "1603939030", "address": {"location_id": "1603939030", "lat": 42.28821365, "lon": -71.04935643}, "arr_time": 1676291536, "arr_date_time": "2023-02-13T07:32:16-05:00", "end_time": 1676291836, "end_date_time": "2023-02-13T07:37:16-05:00", "waiting_time": 0, "distance": 2952, "driving_time": 2836, "preparation_time": 0, "load_before": [0], "load_after": [0]}, {"type": "service", "id": "1603939020_39", "location_id": "1603939020", "address": {"location_id": "1603939020", "lat": 42.28825498, "lon": -71.04912295}, "arr_time": 1676291855, "arr_date_time": "2023-02-13T07:37:35-05:00", "end_time": 1676292155, "end_date_time": "2023-02-13T07:42:35-05:00", "waiting_time": 0, "distance": 2972, "driving_time": 2855, "preparation_time": 0, "load_before": [0], "load_after": [0]}, {"type": "service", "id": "1603939010_38", "location_id": "1603939010", "address": {"location_id": "1603939010", "lat": 42.2882969, "lon": -71.04888967}, "arr_time": 1676292173, "arr_date_time": "2023-02-13T07:42:53-05:00", "end_time": 1676292473, "end_date_time": "2023-02-13T07:47:53-05:00", "waiting_time": 0, "distance": 2992, "driving_time": 2873, "preparation_time": 0, "load_before": [0], "load_after": [0]}, {"type": "service", "id": "1603938010_37", "location_id": "1603938010", "address": {"location_id": "1603938010", "lat": 42.28833701, "lon": -71.04865586}, "arr_time": 1676292492, "arr_date_time": "2023-02-13T07:48:12-05:00", "end_time": 1676292792, "end_date_time": "2023-02-13T07:53:12-05:00", "waiting_time": 0, "distance": 3012, "driving_time": 2892, "preparation_time": 0, "load_before": [0], "load_after": [0]}, {"type": "service", "id": "1603942000_41", "location_id": "1603942000", "address": {"location_id": "1603942000", "lat": 42.28819362, "lon": -71.04959699}, "arr_time": 1676292869, "arr_date_time": "2023-02-13T07:54:29-05:00", "end_time": 1676293169, "end_date_time": "2023-02-13T07:59:29-05:00", "waiting_time": 0, "distance": 3092, "driving_time": 2969, "preparation_time": 0, "load_before": [0], "load_after": [0]}, {"type": "service", "id": "1603943000_42", "location_id": "1603943000", "address": {"location_id": "1603943000", "lat": 42.28817593, "lon": -71.04979058}, "arr_time": 1676293185, "arr_date_time": "2023-02-13T07:59:45-05:00", "end_time": 1676293485, "end_date_time": "2023-02-13T08:04:45-05:00", "waiting_time": 0, "distance": 3108, "driving_time": 2985, "preparation_time": 0, "load_before": [0], "load_after": [0]}, {"type": "service", "id": "1603945000_43", "location_id": "1603945000", "address": {"location_id": "1603945000", "lat": 42.28812168, "lon": -71.05007707}, "arr_time": 1676293509, "arr_date_time": "2023-02-13T08:05:09-05:00", "end_time": 1676293809, "end_date_time": "2023-02-13T08:10:09-05:00", "waiting_time": 0, "distance": 3132, "driving_time": 3009, "preparation_time": 0, "load_before": [0], "load_after": [0]}, {"type": "service", "id": "1603946001_44", "location_id": "1603946001", "address": {"location_id": "1603946001", "lat": 42.28801544, "lon": -71.05038047}, "arr_time": 1676293835, "arr_date_time": "2023-02-13T08:10:35-05:00", "end_time": 1676294135, "end_date_time": "2023-02-13T08:15:35-05:00", "waiting_time": 0, "distance": 3159, "driving_time": 3035, "preparation_time": 0, "load_before": [0], "load_after": [0]}, {"type": "service", "id": "1603885000_31", "location_id": "1603885000", "address": {"location_id": "1603885000", "lat": 42.28797316, "lon": -71.05060515}, "arr_time": 1676294179, "arr_date_time": "2023-02-13T08:16:19-05:00", "end_time": 1676294479, "end_date_time": "2023-02-13T08:21:19-05:00", "waiting_time": 0, "distance": 3205, "driving_time": 3079, "preparation_time": 0, "load_before": [0], "load_after": [0]}, {"type": "service", "id": "1603885001_32", "location_id": "1603885001", "address": {"location_id": "1603885001", "lat": 42.28824558, "lon": -71.05057737}, "arr_time": 1676294505, "arr_date_time": "2023-02-13T08:21:45-05:00", "end_time": 1676294805, "end_date_time": "2023-02-13T08:26:45-05:00", "waiting_time": 0, "distance": 3232, "driving_time": 3105, "preparation_time": 0, "load_before": [0], "load_after": [0]}, {"type": "service", "id": "1603890000_33", "location_id": "1603890000", "address": {"location_id": "1603890000", "lat": 42.2883583, "lon": -71.05073606}, "arr_time": 1676294821, "arr_date_time": "2023-02-13T08:27:01-05:00", "end_time": 1676295121, "end_date_time": "2023-02-13T08:32:01-05:00", "waiting_time": 0, "distance": 3248, "driving_time": 3121, "preparation_time": 0, "load_before": [0], "load_after": [0]}, {"type": "service", "id": "1603891000_34", "location_id": "1603891000", "address": {"location_id": "1603891000", "lat": 42.28849141, "lon": -71.05080096}, "arr_time": 1676295136, "arr_date_time": "2023-02-13T08:32:16-05:00", "end_time": 1676295436, "end_date_time": "2023-02-13T08:37:16-05:00", "waiting_time": 0, "distance": 3264, "driving_time": 3136, "preparation_time": 0, "load_before": [0], "load_after": [0]}, {"type": "service", "id": "1603883000_30", "location_id": "1603883000", "address": {"location_id": "1603883000", "lat": 42.2890088, "lon": -71.05108696}, "arr_time": 1676295496, "arr_date_time": "2023-02-13T08:38:16-05:00", "end_time": 1676295796, "end_date_time": "2023-02-13T08:43:16-05:00", "waiting_time": 0, "distance": 3326, "driving_time": 3196, "preparation_time": 0, "load_before": [0], "load_after": [0]}, {"type": "service", "id": "1603855000_26", "location_id": "1603855000", "address": {"location_id": "1603855000", "lat": 42.2892148, "lon": -71.05122417}, "arr_time": 1676295820, "arr_date_time": "2023-02-13T08:43:40-05:00", "end_time": 1676296120, "end_date_time": "2023-02-13T08:48:40-05:00", "waiting_time": 0, "distance": 3351, "driving_time": 3220, "preparation_time": 0, "load_before": [0], "load_after": [0]}, {"type": "service", "id": "1603858000_27", "location_id": "1603858000", "address": {"location_id": "1603858000", "lat": 42.28931708, "lon": -71.05067876}, "arr_time": 1676296196, "arr_date_time": "2023-02-13T08:49:56-05:00", "end_time": 1676296496, "end_date_time": "2023-02-13T08:54:56-05:00", "waiting_time": 0, "distance": 3430, "driving_time": 3296, "preparation_time": 0, "load_before": [0], "load_after": [0]}, {"type": "service", "id": "1603862000_28", "location_id": "1603862000", "address": {"location_id": "1603862000", "lat": 42.28949631, "lon": -71.0500107}, "arr_time": 1676296553, "arr_date_time": "2023-02-13T08:55:53-05:00", "end_time": 1676296853, "end_date_time": "2023-02-13T09:00:53-05:00", "waiting_time": 0, "distance": 3489, "driving_time": 3353, "preparation_time": 0, "load_before": [0], "load_after": [0]}]}], "unassigned": {"services": [], "shipments": [], "breaks": [], "details": []}}}