{"copyrights": ["GraphHopper", "OpenStreetMap contributors"], "job_id": "0ef43009-c611-4969-8a0d-f7e699cfdc0e", "status": "finished", "waiting_time_in_queue": 0, "processing_time": 145, "solution": {"costs": 335, "distance": 2205, "time": 2116, "transport_time": 2116, "completion_time": 16816, "max_operation_time": 16816, "waiting_time": 0, "service_duration": 14700, "preparation_time": 0, "no_vehicles": 1, "no_unassigned": 0, "routes": [{"vehicle_id": "my_vehicle", "shift_id": "default-shift", "distance": 2205, "transport_time": 2116, "completion_time": 16816, "waiting_time": 0, "service_duration": 14700, "preparation_time": 0, "activities": [{"type": "start", "location_id": "1603976000", "address": {"location_id": "1603976000", "lat": 42.28648118, "lon": -71.04637741}, "arr_time": 1676278800, "arr_date_time": "2023-02-13T04:00:00-05:00", "end_time": 1676278800, "end_date_time": "2023-02-13T04:00:00-05:00", "waiting_time": 0, "distance": 0, "driving_time": 0, "preparation_time": 0, "load_after": [0]}, {"type": "service", "id": "1603973000_01", "location_id": "1603973000", "address": {"location_id": "1603973000", "lat": 42.28633697, "lon": -71.04717714}, "arr_time": 1676278865, "arr_date_time": "2023-02-13T04:01:05-05:00", "end_time": 1676279165, "end_date_time": "2023-02-13T04:06:05-05:00", "waiting_time": 0, "distance": 67, "driving_time": 65, "preparation_time": 0, "load_before": [0], "load_after": [0]}, {"type": "service", "id": "1604034000_12", "location_id": "1604034000", "address": {"location_id": "1604034000", "lat": 42.28621385, "lon": -71.04773401}, "arr_time": 1676279211, "arr_date_time": "2023-02-13T04:06:51-05:00", "end_time": 1676279511, "end_date_time": "2023-02-13T04:11:51-05:00", "waiting_time": 0, "distance": 115, "driving_time": 111, "preparation_time": 0, "load_before": [0], "load_after": [0]}, {"type": "service", "id": "1604213000_30", "location_id": "1604213000", "address": {"location_id": "1604213000", "lat": 42.28563843, "lon": -71.04670065}, "arr_time": 1676279649, "arr_date_time": "2023-02-13T04:14:09-05:00", "end_time": 1676279949, "end_date_time": "2023-02-13T04:19:09-05:00", "waiting_time": 0, "distance": 260, "driving_time": 249, "preparation_time": 0, "load_before": [0], "load_after": [0]}, {"type": "service", "id": "1603991000_03", "location_id": "1603991000", "address": {"location_id": "1603991000", "lat": 42.28606007, "lon": -71.04661976}, "arr_time": 1676279971, "arr_date_time": "2023-02-13T04:19:31-05:00", "end_time": 1676280271, "end_date_time": "2023-02-13T04:24:31-05:00", "waiting_time": 0, "distance": 282, "driving_time": 271, "preparation_time": 0, "load_before": [0], "load_after": [0]}, {"type": "service", "id": "1604219001_31", "location_id": "1604219001", "address": {"location_id": "1604219001", "lat": 42.28577564, "lon": -71.0462089}, "arr_time": 1676280291, "arr_date_time": "2023-02-13T04:24:51-05:00", "end_time": 1676280591, "end_date_time": "2023-02-13T04:29:51-05:00", "waiting_time": 0, "distance": 303, "driving_time": 291, "preparation_time": 0, "load_before": [0], "load_after": [0]}, {"type": "service", "id": "1604220040_35", "location_id": "1604220040", "address": {"location_id": "1604220040", "lat": 42.28564031, "lon": -71.04600228}, "arr_time": 1676280601, "arr_date_time": "2023-02-13T04:30:01-05:00", "end_time": 1676280901, "end_date_time": "2023-02-13T04:35:01-05:00", "waiting_time": 0, "distance": 314, "driving_time": 301, "preparation_time": 0, "load_before": [0], "load_after": [0]}, {"type": "service", "id": "1604220000_32", "location_id": "1604220000", "address": {"location_id": "1604220000", "lat": 42.28580893, "lon": -71.04608706}, "arr_time": 1676280901, "arr_date_time": "2023-02-13T04:35:01-05:00", "end_time": 1676281201, "end_date_time": "2023-02-13T04:40:01-05:00", "waiting_time": 0, "distance": 314, "driving_time": 301, "preparation_time": 0, "load_before": [0], "load_after": [0]}, {"type": "service", "id": "1604220060_36", "location_id": "1604220060", "address": {"location_id": "1604220060", "lat": 42.28552211, "lon": -71.04590509}, "arr_time": 1676281204, "arr_date_time": "2023-02-13T04:40:04-05:00", "end_time": 1676281504, "end_date_time": "2023-02-13T04:45:04-05:00", "waiting_time": 0, "distance": 317, "driving_time": 304, "preparation_time": 0, "load_before": [0], "load_after": [0]}, {"type": "service", "id": "1604220010_33", "location_id": "1604220010", "address": {"location_id": "1604220010", "lat": 42.28582919, "lon": -71.04601209}, "arr_time": 1676281507, "arr_date_time": "2023-02-13T04:45:07-05:00", "end_time": 1676281807, "end_date_time": "2023-02-13T04:50:07-05:00", "waiting_time": 0, "distance": 320, "driving_time": 307, "preparation_time": 0, "load_before": [0], "load_after": [0]}, {"type": "service", "id": "1604220030_34", "location_id": "1604220030", "address": {"location_id": "1604220030", "lat": 42.2856497, "lon": -71.04592417}, "arr_time": 1676281807, "arr_date_time": "2023-02-13T04:50:07-05:00", "end_time": 1676282107, "end_date_time": "2023-02-13T04:55:07-05:00", "waiting_time": 0, "distance": 320, "driving_time": 307, "preparation_time": 0, "load_before": [0], "load_after": [0]}, {"type": "service", "id": "1603990000_02", "location_id": "1603990000", "address": {"location_id": "1603990000", "lat": 42.28620383, "lon": -71.04608039}, "arr_time": 1676282115, "arr_date_time": "2023-02-13T04:55:15-05:00", "end_time": 1676282415, "end_date_time": "2023-02-13T05:00:15-05:00", "waiting_time": 0, "distance": 329, "driving_time": 315, "preparation_time": 0, "load_before": [0], "load_after": [0]}, {"type": "service", "id": "1604222000_45", "location_id": "1604222000", "address": {"location_id": "1604222000", "lat": 42.2858917, "lon": -71.04567751}, "arr_time": 1676282433, "arr_date_time": "2023-02-13T05:00:33-05:00", "end_time": 1676282733, "end_date_time": "2023-02-13T05:05:33-05:00", "waiting_time": 0, "distance": 349, "driving_time": 333, "preparation_time": 0, "load_before": [0], "load_after": [0]}, {"type": "service", "id": "1604238000_49", "location_id": "1604238000", "address": {"location_id": "1604238000", "lat": 42.28620752, "lon": -71.04464154}, "arr_time": 1676282827, "arr_date_time": "2023-02-13T05:07:07-05:00", "end_time": 1676283127, "end_date_time": "2023-02-13T05:12:07-05:00", "waiting_time": 0, "distance": 447, "driving_time": 427, "preparation_time": 0, "load_before": [0], "load_after": [0]}, {"type": "service", "id": "1604237001_48", "location_id": "1604237001", "address": {"location_id": "1604237001", "lat": 42.28615283, "lon": -71.04484131}, "arr_time": 1676283144, "arr_date_time": "2023-02-13T05:12:24-05:00", "end_time": 1676283444, "end_date_time": "2023-02-13T05:17:24-05:00", "waiting_time": 0, "distance": 465, "driving_time": 444, "preparation_time": 0, "load_before": [0], "load_after": [0]}, {"type": "service", "id": "1604234000_47", "location_id": "1604234000", "address": {"location_id": "1604234000", "lat": 42.28578472, "lon": -71.04520546}, "arr_time": 1676283529, "arr_date_time": "2023-02-13T05:18:49-05:00", "end_time": 1676283829, "end_date_time": "2023-02-13T05:23:49-05:00", "waiting_time": 0, "distance": 554, "driving_time": 529, "preparation_time": 0, "load_before": [0], "load_after": [0]}, {"type": "service", "id": "1604221000_44", "location_id": "1604221000", "address": {"location_id": "1604221000", "lat": 42.28565723, "lon": -71.04571691}, "arr_time": 1676283901, "arr_date_time": "2023-02-13T05:25:01-05:00", "end_time": 1676284201, "end_date_time": "2023-02-13T05:30:01-05:00", "waiting_time": 0, "distance": 629, "driving_time": 601, "preparation_time": 0, "load_before": [0], "load_after": [0]}, {"type": "service", "id": "1604220170_43", "location_id": "1604220170", "address": {"location_id": "1604220170", "lat": 42.28546856, "lon": -71.04561979}, "arr_time": 1676284223, "arr_date_time": "2023-02-13T05:30:23-05:00", "end_time": 1676284523, "end_date_time": "2023-02-13T05:35:23-05:00", "waiting_time": 0, "distance": 651, "driving_time": 623, "preparation_time": 0, "load_before": [0], "load_after": [0]}, {"type": "service", "id": "1604225000_46", "location_id": "1604225000", "address": {"location_id": "1604225000", "lat": 42.28547408, "lon": -71.04541732}, "arr_time": 1676284528, "arr_date_time": "2023-02-13T05:35:28-05:00", "end_time": 1676284828, "end_date_time": "2023-02-13T05:40:28-05:00", "waiting_time": 0, "distance": 656, "driving_time": 628, "preparation_time": 0, "load_before": [0], "load_after": [0]}, {"type": "service", "id": "1604220150_42", "location_id": "1604220150", "address": {"location_id": "1604220150", "lat": 42.28531369, "lon": -71.04558336}, "arr_time": 1676284840, "arr_date_time": "2023-02-13T05:40:40-05:00", "end_time": 1676285140, "end_date_time": "2023-02-13T05:45:40-05:00", "waiting_time": 0, "distance": 668, "driving_time": 640, "preparation_time": 0, "load_before": [0], "load_after": [0]}, {"type": "service", "id": "1604220140_41", "location_id": "1604220140", "address": {"location_id": "1604220140", "lat": 42.28527145, "lon": -71.04555977}, "arr_time": 1676285145, "arr_date_time": "2023-02-13T05:45:45-05:00", "end_time": 1676285445, "end_date_time": "2023-02-13T05:50:45-05:00", "waiting_time": 0, "distance": 673, "driving_time": 645, "preparation_time": 0, "load_before": [0], "load_after": [0]}, {"type": "service", "id": "1604220130_40", "location_id": "1604220130", "address": {"location_id": "1604220130", "lat": 42.28525102, "lon": -71.04550777}, "arr_time": 1676285449, "arr_date_time": "2023-02-13T05:50:49-05:00", "end_time": 1676285749, "end_date_time": "2023-02-13T05:55:49-05:00", "waiting_time": 0, "distance": 677, "driving_time": 649, "preparation_time": 0, "load_before": [0], "load_after": [0]}, {"type": "service", "id": "1604220120_39", "location_id": "1604220120", "address": {"location_id": "1604220120", "lat": 42.28517968, "lon": -71.04547167}, "arr_time": 1676285824, "arr_date_time": "2023-02-13T05:57:04-05:00", "end_time": 1676286124, "end_date_time": "2023-02-13T06:02:04-05:00", "waiting_time": 0, "distance": 755, "driving_time": 724, "preparation_time": 0, "load_before": [0], "load_after": [0]}, {"type": "service", "id": "1604220100_38", "location_id": "1604220100", "address": {"location_id": "1604220100", "lat": 42.28531506, "lon": -71.04582631}, "arr_time": 1676286167, "arr_date_time": "2023-02-13T06:02:47-05:00", "end_time": 1676286467, "end_date_time": "2023-02-13T06:07:47-05:00", "waiting_time": 0, "distance": 800, "driving_time": 767, "preparation_time": 0, "load_before": [0], "load_after": [0]}, {"type": "service", "id": "1604220090_37", "location_id": "1604220090", "address": {"location_id": "1604220090", "lat": 42.28538286, "lon": -71.04583512}, "arr_time": 1676286467, "arr_date_time": "2023-02-13T06:07:47-05:00", "end_time": 1676286767, "end_date_time": "2023-02-13T06:12:47-05:00", "waiting_time": 0, "distance": 800, "driving_time": 767, "preparation_time": 0, "load_before": [0], "load_after": [0]}, {"type": "service", "id": "1604171000_29", "location_id": "1604171000", "address": {"location_id": "1604171000", "lat": 42.28488191, "lon": -71.04691499}, "arr_time": 1676286844, "arr_date_time": "2023-02-13T06:14:04-05:00", "end_time": 1676287144, "end_date_time": "2023-02-13T06:19:04-05:00", "waiting_time": 0, "distance": 880, "driving_time": 844, "preparation_time": 0, "load_before": [0], "load_after": [0]}, {"type": "service", "id": "1604160010_25", "location_id": "1604160010", "address": {"location_id": "1604160010", "lat": 42.28422217, "lon": -71.04718546}, "arr_time": 1676287344, "arr_date_time": "2023-02-13T06:22:24-05:00", "end_time": 1676287644, "end_date_time": "2023-02-13T06:27:24-05:00", "waiting_time": 0, "distance": 1088, "driving_time": 1044, "preparation_time": 0, "load_before": [0], "load_after": [0]}, {"type": "service", "id": "1604162000_26", "location_id": "1604162000", "address": {"location_id": "1604162000", "lat": 42.28463675, "lon": -71.04728428}, "arr_time": 1676287689, "arr_date_time": "2023-02-13T06:28:09-05:00", "end_time": 1676287989, "end_date_time": "2023-02-13T06:33:09-05:00", "waiting_time": 0, "distance": 1135, "driving_time": 1089, "preparation_time": 0, "load_before": [0], "load_after": [0]}, {"type": "service", "id": "1604156000_24", "location_id": "1604156000", "address": {"location_id": "1604156000", "lat": 42.28476156, "lon": -71.04782596}, "arr_time": 1676288009, "arr_date_time": "2023-02-13T06:33:29-05:00", "end_time": 1676288309, "end_date_time": "2023-02-13T06:38:29-05:00", "waiting_time": 0, "distance": 1156, "driving_time": 1109, "preparation_time": 0, "load_before": [0], "load_after": [0]}, {"type": "service", "id": "1604164000_27", "location_id": "1604164000", "address": {"location_id": "1604164000", "lat": 42.28497822, "lon": -71.04736363}, "arr_time": 1676288325, "arr_date_time": "2023-02-13T06:38:45-05:00", "end_time": 1676288625, "end_date_time": "2023-02-13T06:43:45-05:00", "waiting_time": 0, "distance": 1173, "driving_time": 1125, "preparation_time": 0, "load_before": [0], "load_after": [0]}, {"type": "service", "id": "1604166000_28", "location_id": "1604166000", "address": {"location_id": "1604166000", "lat": 42.28525966, "lon": -71.04751941}, "arr_time": 1676288657, "arr_date_time": "2023-02-13T06:44:17-05:00", "end_time": 1676288957, "end_date_time": "2023-02-13T06:49:17-05:00", "waiting_time": 0, "distance": 1206, "driving_time": 1157, "preparation_time": 0, "load_before": [0], "load_after": [0]}, {"type": "service", "id": "1603998000_04", "location_id": "1603998000", "address": {"location_id": "1603998000", "lat": 42.28566486, "lon": -71.04789963}, "arr_time": 1676288993, "arr_date_time": "2023-02-13T06:49:53-05:00", "end_time": 1676289293, "end_date_time": "2023-02-13T06:54:53-05:00", "waiting_time": 0, "distance": 1244, "driving_time": 1193, "preparation_time": 0, "load_before": [0], "load_after": [0]}, {"type": "service", "id": "1604000000_05", "location_id": "1604000000", "address": {"location_id": "1604000000", "lat": 42.28560038, "lon": -71.0483529}, "arr_time": 1676289329, "arr_date_time": "2023-02-13T06:55:29-05:00", "end_time": 1676289629, "end_date_time": "2023-02-13T07:00:29-05:00", "waiting_time": 0, "distance": 1282, "driving_time": 1229, "preparation_time": 0, "load_before": [0], "load_after": [0]}, {"type": "service", "id": "1604001000_06", "location_id": "1604001000", "address": {"location_id": "1604001000", "lat": 42.28554885, "lon": -71.04855199}, "arr_time": 1676289645, "arr_date_time": "2023-02-13T07:00:45-05:00", "end_time": 1676289945, "end_date_time": "2023-02-13T07:05:45-05:00", "waiting_time": 0, "distance": 1299, "driving_time": 1245, "preparation_time": 0, "load_before": [0], "load_after": [0]}, {"type": "service", "id": "1604148000_23", "location_id": "1604148000", "address": {"location_id": "1604148000", "lat": 42.28450557, "lon": -71.04815565}, "arr_time": 1676290047, "arr_date_time": "2023-02-13T07:07:27-05:00", "end_time": 1676290347, "end_date_time": "2023-02-13T07:12:27-05:00", "waiting_time": 0, "distance": 1404, "driving_time": 1347, "preparation_time": 0, "load_before": [0], "load_after": [0]}, {"type": "service", "id": "1604002000_07", "location_id": "1604002000", "address": {"location_id": "1604002000", "lat": 42.28549689, "lon": -71.0487505}, "arr_time": 1676290441, "arr_date_time": "2023-02-13T07:14:01-05:00", "end_time": 1676290741, "end_date_time": "2023-02-13T07:19:01-05:00", "waiting_time": 0, "distance": 1503, "driving_time": 1441, "preparation_time": 0, "load_before": [0], "load_after": [0]}, {"type": "service", "id": "1604003000_08", "location_id": "1604003000", "address": {"location_id": "1604003000", "lat": 42.28544941, "lon": -71.04893374}, "arr_time": 1676290757, "arr_date_time": "2023-02-13T07:19:17-05:00", "end_time": 1676291057, "end_date_time": "2023-02-13T07:24:17-05:00", "waiting_time": 0, "distance": 1519, "driving_time": 1457, "preparation_time": 0, "load_before": [0], "load_after": [0]}, {"type": "service", "id": "1604004000_09", "location_id": "1604004000", "address": {"location_id": "1604004000", "lat": 42.28540246, "lon": -71.04912054}, "arr_time": 1676291073, "arr_date_time": "2023-02-13T07:24:33-05:00", "end_time": 1676291373, "end_date_time": "2023-02-13T07:29:33-05:00", "waiting_time": 0, "distance": 1535, "driving_time": 1473, "preparation_time": 0, "load_before": [0], "load_after": [0]}, {"type": "service", "id": "1604111000_22", "location_id": "1604111000", "address": {"location_id": "1604111000", "lat": 42.28459441, "lon": -71.04895656}, "arr_time": 1676291469, "arr_date_time": "2023-02-13T07:31:09-05:00", "end_time": 1676291769, "end_date_time": "2023-02-13T07:36:09-05:00", "waiting_time": 0, "distance": 1635, "driving_time": 1569, "preparation_time": 0, "load_before": [0], "load_after": [0]}, {"type": "service", "id": "1604110000_21", "location_id": "1604110000", "address": {"location_id": "1604110000", "lat": 42.2844817, "lon": -71.04890728}, "arr_time": 1676291781, "arr_date_time": "2023-02-13T07:36:21-05:00", "end_time": 1676292081, "end_date_time": "2023-02-13T07:41:21-05:00", "waiting_time": 0, "distance": 1648, "driving_time": 1581, "preparation_time": 0, "load_before": [0], "load_after": [0]}, {"type": "service", "id": "1604108000_20", "location_id": "1604108000", "address": {"location_id": "1604108000", "lat": 42.28423396, "lon": -71.04885629}, "arr_time": 1676292108, "arr_date_time": "2023-02-13T07:41:48-05:00", "end_time": 1676292408, "end_date_time": "2023-02-13T07:46:48-05:00", "waiting_time": 0, "distance": 1675, "driving_time": 1608, "preparation_time": 0, "load_before": [0], "load_after": [0]}, {"type": "service", "id": "1604100000_16", "location_id": "1604100000", "address": {"location_id": "1604100000", "lat": 42.28487149, "lon": -71.04952027}, "arr_time": 1676292489, "arr_date_time": "2023-02-13T07:48:09-05:00", "end_time": 1676292789, "end_date_time": "2023-02-13T07:53:09-05:00", "waiting_time": 0, "distance": 1760, "driving_time": 1689, "preparation_time": 0, "load_before": [0], "load_after": [0]}, {"type": "service", "id": "1604008000_10", "location_id": "1604008000", "address": {"location_id": "1604008000", "lat": 42.2852216, "lon": -71.04963088}, "arr_time": 1676292843, "arr_date_time": "2023-02-13T07:54:03-05:00", "end_time": 1676293143, "end_date_time": "2023-02-13T07:59:03-05:00", "waiting_time": 0, "distance": 1816, "driving_time": 1743, "preparation_time": 0, "load_before": [0], "load_after": [0]}, {"type": "service", "id": "1604099000_15", "location_id": "1604099000", "address": {"location_id": "1604099000", "lat": 42.28483076, "lon": -71.04967224}, "arr_time": 1676293173, "arr_date_time": "2023-02-13T07:59:33-05:00", "end_time": 1676293473, "end_date_time": "2023-02-13T08:04:33-05:00", "waiting_time": 0, "distance": 1847, "driving_time": 1773, "preparation_time": 0, "load_before": [0], "load_after": [0]}, {"type": "service", "id": "1604011000_11", "location_id": "1604011000", "address": {"location_id": "1604011000", "lat": 42.28514929, "lon": -71.05010541}, "arr_time": 1676293495, "arr_date_time": "2023-02-13T08:04:55-05:00", "end_time": 1676293795, "end_date_time": "2023-02-13T08:09:55-05:00", "waiting_time": 0, "distance": 1869, "driving_time": 1795, "preparation_time": 0, "load_before": [0], "load_after": [0]}, {"type": "service", "id": "1604093000_13", "location_id": "1604093000", "address": {"location_id": "1604093000", "lat": 42.28425031, "lon": -71.05069726}, "arr_time": 1676293907, "arr_date_time": "2023-02-13T08:11:47-05:00", "end_time": 1676294207, "end_date_time": "2023-02-13T08:16:47-05:00", "waiting_time": 0, "distance": 1985, "driving_time": 1907, "preparation_time": 0, "load_before": [0], "load_after": [0]}, {"type": "service", "id": "1604095000_14", "location_id": "1604095000", "address": {"location_id": "1604095000", "lat": 42.28464931, "lon": -71.05032583}, "arr_time": 1676294317, "arr_date_time": "2023-02-13T08:18:37-05:00", "end_time": 1676294617, "end_date_time": "2023-02-13T08:23:37-05:00", "waiting_time": 0, "distance": 2101, "driving_time": 2017, "preparation_time": 0, "load_before": [0], "load_after": [0]}, {"type": "service", "id": "1604103000_17", "location_id": "1604103000", "address": {"location_id": "1604103000", "lat": 42.28450657, "lon": -71.04943352}, "arr_time": 1676294688, "arr_date_time": "2023-02-13T08:24:48-05:00", "end_time": 1676294988, "end_date_time": "2023-02-13T08:29:48-05:00", "waiting_time": 0, "distance": 2175, "driving_time": 2088, "preparation_time": 0, "load_before": [0], "load_after": [0]}, {"type": "service", "id": "1604104000_18", "location_id": "1604104000", "address": {"location_id": "1604104000", "lat": 42.2843952, "lon": -71.04938213}, "arr_time": 1676295000, "arr_date_time": "2023-02-13T08:30:00-05:00", "end_time": 1676295300, "end_date_time": "2023-02-13T08:35:00-05:00", "waiting_time": 0, "distance": 2188, "driving_time": 2100, "preparation_time": 0, "load_before": [0], "load_after": [0]}, {"type": "service", "id": "1604105000_19", "location_id": "1604105000", "address": {"location_id": "1604105000", "lat": 42.28425144, "lon": -71.04931464}, "arr_time": 1676295316, "arr_date_time": "2023-02-13T08:35:16-05:00", "end_time": 1676295616, "end_date_time": "2023-02-13T08:40:16-05:00", "waiting_time": 0, "distance": 2205, "driving_time": 2116, "preparation_time": 0, "load_before": [0], "load_after": [0]}]}], "unassigned": {"services": [], "shipments": [], "breaks": [], "details": []}}}