{"copyrights": ["GraphHopper", "OpenStreetMap contributors"], "job_id": "c653b508-7b89-495f-a5d8-caec18da2ab1", "status": "finished", "waiting_time_in_queue": 0, "processing_time": 121, "solution": {"costs": 312, "distance": 2260, "time": 2167, "transport_time": 2167, "completion_time": 13867, "max_operation_time": 13867, "waiting_time": 0, "service_duration": 11700, "preparation_time": 0, "no_vehicles": 1, "no_unassigned": 0, "routes": [{"vehicle_id": "my_vehicle", "shift_id": "default-shift", "distance": 2260, "transport_time": 2167, "completion_time": 13867, "waiting_time": 0, "service_duration": 11700, "preparation_time": 0, "activities": [{"type": "start", "location_id": "1704304001", "address": {"location_id": "1704304001", "lat": 42.2822156, "lon": -71.06975881}, "arr_time": 1676278800, "arr_date_time": "2023-02-13T04:00:00-05:00", "end_time": 1676278800, "end_date_time": "2023-02-13T04:00:00-05:00", "waiting_time": 0, "distance": 0, "driving_time": 0, "preparation_time": 0, "load_after": [0]}, {"type": "service", "id": "1704304000_23", "location_id": "1704304000", "address": {"location_id": "1704304000", "lat": 42.28216641, "lon": -71.06992635}, "arr_time": 1676278800, "arr_date_time": "2023-02-13T04:00:00-05:00", "end_time": 1676279100, "end_date_time": "2023-02-13T04:05:00-05:00", "waiting_time": 0, "distance": 0, "driving_time": 0, "preparation_time": 0, "load_before": [0], "load_after": [0]}, {"type": "service", "id": "1704302000_22", "location_id": "1704302000", "address": {"location_id": "1704302000", "lat": 42.28208985, "lon": -71.07031877}, "arr_time": 1676279104, "arr_date_time": "2023-02-13T04:05:04-05:00", "end_time": 1676279404, "end_date_time": "2023-02-13T04:10:04-05:00", "waiting_time": 0, "distance": 4, "driving_time": 4, "preparation_time": 0, "load_before": [0], "load_after": [0]}, {"type": "service", "id": "1704305000_24", "location_id": "1704305000", "address": {"location_id": "1704305000", "lat": 42.28228512, "lon": -71.0695295}, "arr_time": 1676279472, "arr_date_time": "2023-02-13T04:11:12-05:00", "end_time": 1676279772, "end_date_time": "2023-02-13T04:16:12-05:00", "waiting_time": 0, "distance": 75, "driving_time": 72, "preparation_time": 0, "load_before": [0], "load_after": [0]}, {"type": "service", "id": "1704296000_21", "location_id": "1704296000", "address": {"location_id": "1704296000", "lat": 42.28181299, "lon": -71.07079207}, "arr_time": 1676279941, "arr_date_time": "2023-02-13T04:19:01-05:00", "end_time": 1676280241, "end_date_time": "2023-02-13T04:24:01-05:00", "waiting_time": 0, "distance": 252, "driving_time": 241, "preparation_time": 0, "load_before": [0], "load_after": [0]}, {"type": "service", "id": "1704358000_29", "location_id": "1704358000", "address": {"location_id": "1704358000", "lat": 42.28124341, "lon": -71.07064184}, "arr_time": 1676280315, "arr_date_time": "2023-02-13T04:25:15-05:00", "end_time": 1676280615, "end_date_time": "2023-02-13T04:30:15-05:00", "waiting_time": 0, "distance": 329, "driving_time": 315, "preparation_time": 0, "load_before": [0], "load_after": [0]}, {"type": "service", "id": "1704293000_20", "location_id": "1704293000", "address": {"location_id": "1704293000", "lat": 42.28155258, "lon": -71.070535}, "arr_time": 1676280632, "arr_date_time": "2023-02-13T04:30:32-05:00", "end_time": 1676280932, "end_date_time": "2023-02-13T04:35:32-05:00", "waiting_time": 0, "distance": 347, "driving_time": 332, "preparation_time": 0, "load_before": [0], "load_after": [0]}, {"type": "service", "id": "1704356000_28", "location_id": "1704356000", "address": {"location_id": "1704356000", "lat": 42.28098164, "lon": -71.07050722}, "arr_time": 1676281017, "arr_date_time": "2023-02-13T04:36:57-05:00", "end_time": 1676281317, "end_date_time": "2023-02-13T04:41:57-05:00", "waiting_time": 0, "distance": 436, "driving_time": 417, "preparation_time": 0, "load_before": [0], "load_after": [0]}, {"type": "service", "id": "1704266000_12", "location_id": "1704266000", "address": {"location_id": "1704266000", "lat": 42.28049982, "lon": -71.07023926}, "arr_time": 1676281372, "arr_date_time": "2023-02-13T04:42:52-05:00", "end_time": 1676281672, "end_date_time": "2023-02-13T04:47:52-05:00", "waiting_time": 0, "distance": 493, "driving_time": 472, "preparation_time": 0, "load_before": [0], "load_after": [0]}, {"type": "service", "id": "1704265000_11", "location_id": "1704265000", "address": {"location_id": "1704265000", "lat": 42.28039665, "lon": -71.07011357}, "arr_time": 1676281687, "arr_date_time": "2023-02-13T04:48:07-05:00", "end_time": 1676281987, "end_date_time": "2023-02-13T04:53:07-05:00", "waiting_time": 0, "distance": 508, "driving_time": 487, "preparation_time": 0, "load_before": [0], "load_after": [0]}, {"type": "service", "id": "1704264000_10", "location_id": "1704264000", "address": {"location_id": "1704264000", "lat": 42.28027344, "lon": -71.07004428}, "arr_time": 1676282003, "arr_date_time": "2023-02-13T04:53:23-05:00", "end_time": 1676282303, "end_date_time": "2023-02-13T04:58:23-05:00", "waiting_time": 0, "distance": 524, "driving_time": 503, "preparation_time": 0, "load_before": [0], "load_after": [0]}, {"type": "service", "id": "1704263000_09", "location_id": "1704263000", "address": {"location_id": "1704263000", "lat": 42.28014779, "lon": -71.06997301}, "arr_time": 1676282317, "arr_date_time": "2023-02-13T04:58:37-05:00", "end_time": 1676282617, "end_date_time": "2023-02-13T05:03:37-05:00", "waiting_time": 0, "distance": 539, "driving_time": 517, "preparation_time": 0, "load_before": [0], "load_after": [0]}, {"type": "service", "id": "1704262000_08", "location_id": "1704262000", "address": {"location_id": "1704262000", "lat": 42.28001841, "lon": -71.06989944}, "arr_time": 1676282635, "arr_date_time": "2023-02-13T05:03:55-05:00", "end_time": 1676282935, "end_date_time": "2023-02-13T05:08:55-05:00", "waiting_time": 0, "distance": 556, "driving_time": 535, "preparation_time": 0, "load_before": [0], "load_after": [0]}, {"type": "service", "id": "1704261000_07", "location_id": "1704261000", "address": {"location_id": "1704261000", "lat": 42.27988905, "lon": -71.06982628}, "arr_time": 1676282949, "arr_date_time": "2023-02-13T05:09:09-05:00", "end_time": 1676283249, "end_date_time": "2023-02-13T05:14:09-05:00", "waiting_time": 0, "distance": 572, "driving_time": 549, "preparation_time": 0, "load_before": [0], "load_after": [0]}, {"type": "service", "id": "1704260000_06", "location_id": "1704260000", "address": {"location_id": "1704260000", "lat": 42.27976406, "lon": -71.06975518}, "arr_time": 1676283264, "arr_date_time": "2023-02-13T05:14:24-05:00", "end_time": 1676283564, "end_date_time": "2023-02-13T05:19:24-05:00", "waiting_time": 0, "distance": 587, "driving_time": 564, "preparation_time": 0, "load_before": [0], "load_after": [0]}, {"type": "service", "id": "1704259000_05", "location_id": "1704259000", "address": {"location_id": "1704259000", "lat": 42.27964039, "lon": -71.06968537}, "arr_time": 1676283579, "arr_date_time": "2023-02-13T05:19:39-05:00", "end_time": 1676283879, "end_date_time": "2023-02-13T05:24:39-05:00", "waiting_time": 0, "distance": 602, "driving_time": 579, "preparation_time": 0, "load_before": [0], "load_after": [0]}, {"type": "service", "id": "1704258000_04", "location_id": "1704258000", "address": {"location_id": "1704258000", "lat": 42.2795126, "lon": -71.06961323}, "arr_time": 1676283893, "arr_date_time": "2023-02-13T05:24:53-05:00", "end_time": 1676284193, "end_date_time": "2023-02-13T05:29:53-05:00", "waiting_time": 0, "distance": 617, "driving_time": 593, "preparation_time": 0, "load_before": [0], "load_after": [0]}, {"type": "service", "id": "1704284000_16", "location_id": "1704284000", "address": {"location_id": "1704284000", "lat": 42.27975848, "lon": -71.06877036}, "arr_time": 1676284403, "arr_date_time": "2023-02-13T05:33:23-05:00", "end_time": 1676284703, "end_date_time": "2023-02-13T05:38:23-05:00", "waiting_time": 0, "distance": 835, "driving_time": 803, "preparation_time": 0, "load_before": [0], "load_after": [0]}, {"type": "service", "id": "1704285000_17", "location_id": "1704285000", "address": {"location_id": "1704285000", "lat": 42.27988698, "lon": -71.06883768}, "arr_time": 1676284717, "arr_date_time": "2023-02-13T05:38:37-05:00", "end_time": 1676285017, "end_date_time": "2023-02-13T05:43:37-05:00", "waiting_time": 0, "distance": 850, "driving_time": 817, "preparation_time": 0, "load_before": [0], "load_after": [0]}, {"type": "service", "id": "1704287000_18", "location_id": "1704287000", "address": {"location_id": "1704287000", "lat": 42.28014252, "lon": -71.06897261}, "arr_time": 1676285047, "arr_date_time": "2023-02-13T05:44:07-05:00", "end_time": 1676285347, "end_date_time": "2023-02-13T05:49:07-05:00", "waiting_time": 0, "distance": 881, "driving_time": 847, "preparation_time": 0, "load_before": [0], "load_after": [0]}, {"type": "service", "id": "1704244000_03", "location_id": "1704244000", "address": {"location_id": "1704244000", "lat": 42.28050619, "lon": -71.06973575}, "arr_time": 1676285405, "arr_date_time": "2023-02-13T05:50:05-05:00", "end_time": 1676285705, "end_date_time": "2023-02-13T05:55:05-05:00", "waiting_time": 0, "distance": 942, "driving_time": 905, "preparation_time": 0, "load_before": [0], "load_after": [0]}, {"type": "service", "id": "1704291000_19", "location_id": "1704291000", "address": {"location_id": "1704291000", "lat": 42.28065519, "lon": -71.06924122}, "arr_time": 1676285705, "arr_date_time": "2023-02-13T05:55:05-05:00", "end_time": 1676286005, "end_date_time": "2023-02-13T06:00:05-05:00", "waiting_time": 0, "distance": 943, "driving_time": 905, "preparation_time": 0, "load_before": [0], "load_after": [0]}, {"type": "service", "id": "1704242000_02", "location_id": "1704242000", "address": {"location_id": "1704242000", "lat": 42.28076212, "lon": -71.06983827}, "arr_time": 1676286065, "arr_date_time": "2023-02-13T06:01:05-05:00", "end_time": 1676286365, "end_date_time": "2023-02-13T06:06:05-05:00", "waiting_time": 0, "distance": 1005, "driving_time": 965, "preparation_time": 0, "load_before": [0], "load_after": [0]}, {"type": "service", "id": "1704354000_26", "location_id": "1704354000", "address": {"location_id": "1704354000", "lat": 42.28103162, "lon": -71.07024264}, "arr_time": 1676286384, "arr_date_time": "2023-02-13T06:06:24-05:00", "end_time": 1676286684, "end_date_time": "2023-02-13T06:11:24-05:00", "waiting_time": 0, "distance": 1024, "driving_time": 984, "preparation_time": 0, "load_before": [0], "load_after": [0]}, {"type": "service", "id": "1704241000_01", "location_id": "1704241000", "address": {"location_id": "1704241000", "lat": 42.28062308, "lon": -71.07004136}, "arr_time": 1676286685, "arr_date_time": "2023-02-13T06:11:25-05:00", "end_time": 1676286985, "end_date_time": "2023-02-13T06:16:25-05:00", "waiting_time": 0, "distance": 1026, "driving_time": 985, "preparation_time": 0, "load_before": [0], "load_after": [0]}, {"type": "service", "id": "1704355000_27", "location_id": "1704355000", "address": {"location_id": "1704355000", "lat": 42.28085546, "lon": -71.07043821}, "arr_time": 1676287005, "arr_date_time": "2023-02-13T06:16:45-05:00", "end_time": 1676287305, "end_date_time": "2023-02-13T06:21:45-05:00", "waiting_time": 0, "distance": 1046, "driving_time": 1005, "preparation_time": 0, "load_before": [0], "load_after": [0]}, {"type": "service", "id": "1704267000_13", "location_id": "1704267000", "address": {"location_id": "1704267000", "lat": 42.28091194, "lon": -71.06937415}, "arr_time": 1676287385, "arr_date_time": "2023-02-13T06:23:05-05:00", "end_time": 1676287685, "end_date_time": "2023-02-13T06:28:05-05:00", "waiting_time": 0, "distance": 1130, "driving_time": 1085, "preparation_time": 0, "load_before": [0], "load_after": [0]}, {"type": "service", "id": "1704268000_14", "location_id": "1704268000", "address": {"location_id": "1704268000", "lat": 42.28101786, "lon": -71.06901377}, "arr_time": 1676287716, "arr_date_time": "2023-02-13T06:28:36-05:00", "end_time": 1676288016, "end_date_time": "2023-02-13T06:33:36-05:00", "waiting_time": 0, "distance": 1162, "driving_time": 1116, "preparation_time": 0, "load_before": [0], "load_after": [0]}, {"type": "service", "id": "1704273000_15", "location_id": "1704273000", "address": {"location_id": "1704273000", "lat": 42.28037149, "lon": -71.06867701}, "arr_time": 1676288124, "arr_date_time": "2023-02-13T06:35:24-05:00", "end_time": 1676288424, "end_date_time": "2023-02-13T06:40:24-05:00", "waiting_time": 0, "distance": 1275, "driving_time": 1224, "preparation_time": 0, "load_before": [0], "load_after": [0]}, {"type": "service", "id": "1704426000_31", "location_id": "1704426000", "address": {"location_id": "1704426000", "lat": 42.28052176, "lon": -71.06818727}, "arr_time": 1676288425, "arr_date_time": "2023-02-13T06:40:25-05:00", "end_time": 1676288725, "end_date_time": "2023-02-13T06:45:25-05:00", "waiting_time": 0, "distance": 1276, "driving_time": 1225, "preparation_time": 0, "load_before": [0], "load_after": [0]}, {"type": "service", "id": "1704429000_32", "location_id": "1704429000", "address": {"location_id": "1704429000", "lat": 42.28090481, "lon": -71.06838812}, "arr_time": 1676288769, "arr_date_time": "2023-02-13T06:46:09-05:00", "end_time": 1676289069, "end_date_time": "2023-02-13T06:51:09-05:00", "waiting_time": 0, "distance": 1322, "driving_time": 1269, "preparation_time": 0, "load_before": [0], "load_after": [0]}, {"type": "service", "id": "1704432000_33", "location_id": "1704432000", "address": {"location_id": "1704432000", "lat": 42.28128967, "lon": -71.06859123}, "arr_time": 1676289113, "arr_date_time": "2023-02-13T06:51:53-05:00", "end_time": 1676289413, "end_date_time": "2023-02-13T06:56:53-05:00", "waiting_time": 0, "distance": 1368, "driving_time": 1313, "preparation_time": 0, "load_before": [0], "load_after": [0]}, {"type": "service", "id": "1704433000_34", "location_id": "1704433000", "address": {"location_id": "1704433000", "lat": 42.28141154, "lon": -71.06865515}, "arr_time": 1676289427, "arr_date_time": "2023-02-13T06:57:07-05:00", "end_time": 1676289727, "end_date_time": "2023-02-13T07:02:07-05:00", "waiting_time": 0, "distance": 1383, "driving_time": 1327, "preparation_time": 0, "load_before": [0], "load_after": [0]}, {"type": "service", "id": "1704352000_25", "location_id": "1704352000", "address": {"location_id": "1704352000", "lat": 42.28198362, "lon": -71.06929823}, "arr_time": 1676289803, "arr_date_time": "2023-02-13T07:03:23-05:00", "end_time": 1676290103, "end_date_time": "2023-02-13T07:08:23-05:00", "waiting_time": 0, "distance": 1462, "driving_time": 1403, "preparation_time": 0, "load_before": [0], "load_after": [0]}, {"type": "service", "id": "1704437000_35", "location_id": "1704437000", "address": {"location_id": "1704437000", "lat": 42.28189771, "lon": -71.06857516}, "arr_time": 1676290167, "arr_date_time": "2023-02-13T07:09:27-05:00", "end_time": 1676290467, "end_date_time": "2023-02-13T07:14:27-05:00", "waiting_time": 0, "distance": 1529, "driving_time": 1467, "preparation_time": 0, "load_before": [0], "load_after": [0]}, {"type": "service", "id": "1704438000_36", "location_id": "1704438000", "address": {"location_id": "1704438000", "lat": 42.28177598, "lon": -71.06851235}, "arr_time": 1676290507, "arr_date_time": "2023-02-13T07:15:07-05:00", "end_time": 1676290807, "end_date_time": "2023-02-13T07:20:07-05:00", "waiting_time": 0, "distance": 1571, "driving_time": 1507, "preparation_time": 0, "load_before": [0], "load_after": [0]}, {"type": "service", "id": "1704439000_37", "location_id": "1704439000", "address": {"location_id": "1704439000", "lat": 42.28162128, "lon": -71.06843141}, "arr_time": 1676290824, "arr_date_time": "2023-02-13T07:20:24-05:00", "end_time": 1676291124, "end_date_time": "2023-02-13T07:25:24-05:00", "waiting_time": 0, "distance": 1589, "driving_time": 1524, "preparation_time": 0, "load_before": [0], "load_after": [0]}, {"type": "service", "id": "1704440000_38", "location_id": "1704440000", "address": {"location_id": "1704440000", "lat": 42.28148331, "lon": -71.0683591}, "arr_time": 1676291140, "arr_date_time": "2023-02-13T07:25:40-05:00", "end_time": 1676291440, "end_date_time": "2023-02-13T07:30:40-05:00", "waiting_time": 0, "distance": 1606, "driving_time": 1540, "preparation_time": 0, "load_before": [0], "load_after": [0]}, {"type": "service", "id": "1704444000_39", "location_id": "1704444000", "address": {"location_id": "1704444000", "lat": 42.28092743, "lon": -71.06806814}, "arr_time": 1676291504, "arr_date_time": "2023-02-13T07:31:44-05:00", "end_time": 1676291804, "end_date_time": "2023-02-13T07:36:44-05:00", "waiting_time": 0, "distance": 1673, "driving_time": 1604, "preparation_time": 0, "load_before": [0], "load_after": [0]}, {"type": "service", "id": "1704418000_30", "location_id": "1704418000", "address": {"location_id": "1704418000", "lat": 42.27969814, "lon": -71.06765573}, "arr_time": 1676292367, "arr_date_time": "2023-02-13T07:46:07-05:00", "end_time": 1676292667, "end_date_time": "2023-02-13T07:51:07-05:00", "waiting_time": 0, "distance": 2260, "driving_time": 2167, "preparation_time": 0, "load_before": [0], "load_after": [0]}]}], "unassigned": {"services": [], "shipments": [], "breaks": [], "details": []}}}