{"copyrights": ["GraphHopper", "OpenStreetMap contributors"], "job_id": "f0dc1aea-3ade-4507-b9bf-b6b2fa1208a8", "status": "finished", "waiting_time_in_queue": 0, "processing_time": 206, "solution": {"costs": 374, "distance": 2813, "time": 2693, "transport_time": 2693, "completion_time": 21593, "max_operation_time": 21593, "waiting_time": 0, "service_duration": 18900, "preparation_time": 0, "no_vehicles": 1, "no_unassigned": 0, "routes": [{"vehicle_id": "my_vehicle", "shift_id": "default-shift", "distance": 2813, "transport_time": 2693, "completion_time": 21593, "waiting_time": 0, "service_duration": 18900, "preparation_time": 0, "activities": [{"type": "start", "location_id": "1501706000", "address": {"location_id": "1501706000", "lat": 42.3079631, "lon": -71.06387407}, "arr_time": 1676278800, "arr_date_time": "2023-02-13T04:00:00-05:00", "end_time": 1676278800, "end_date_time": "2023-02-13T04:00:00-05:00", "waiting_time": 0, "distance": 0, "driving_time": 0, "preparation_time": 0, "load_after": [0]}, {"type": "service", "id": "1501707000_55", "location_id": "1501707000", "address": {"location_id": "1501707000", "lat": 42.3077936, "lon": -71.06368274}, "arr_time": 1676278824, "arr_date_time": "2023-02-13T04:00:24-05:00", "end_time": 1676279124, "end_date_time": "2023-02-13T04:05:24-05:00", "waiting_time": 0, "distance": 25, "driving_time": 24, "preparation_time": 0, "load_before": [0], "load_after": [0]}, {"type": "service", "id": "1501708000_56", "location_id": "1501708000", "address": {"location_id": "1501708000", "lat": 42.30764719, "lon": -71.06366246}, "arr_time": 1676279132, "arr_date_time": "2023-02-13T04:05:32-05:00", "end_time": 1676279432, "end_date_time": "2023-02-13T04:10:32-05:00", "waiting_time": 0, "distance": 33, "driving_time": 32, "preparation_time": 0, "load_before": [0], "load_after": [0]}, {"type": "service", "id": "1501710000_57", "location_id": "1501710000", "address": {"location_id": "1501710000", "lat": 42.30753944, "lon": -71.06334204}, "arr_time": 1676279455, "arr_date_time": "2023-02-13T04:10:55-05:00", "end_time": 1676279755, "end_date_time": "2023-02-13T04:15:55-05:00", "waiting_time": 0, "distance": 57, "driving_time": 55, "preparation_time": 0, "load_before": [0], "load_after": [0]}, {"type": "service", "id": "1501712000_58", "location_id": "1501712000", "address": {"location_id": "1501712000", "lat": 42.30742013, "lon": -71.06309885}, "arr_time": 1676279777, "arr_date_time": "2023-02-13T04:16:17-05:00", "end_time": 1676280077, "end_date_time": "2023-02-13T04:21:17-05:00", "waiting_time": 0, "distance": 81, "driving_time": 77, "preparation_time": 0, "load_before": [0], "load_after": [0]}, {"type": "service", "id": "1501714000_59", "location_id": "1501714000", "address": {"location_id": "1501714000", "lat": 42.3071755, "lon": -71.06281291}, "arr_time": 1676280129, "arr_date_time": "2023-02-13T04:22:09-05:00", "end_time": 1676280429, "end_date_time": "2023-02-13T04:27:09-05:00", "waiting_time": 0, "distance": 134, "driving_time": 129, "preparation_time": 0, "load_before": [0], "load_after": [0]}, {"type": "service", "id": "1501612000_47", "location_id": "1501612000", "address": {"location_id": "1501612000", "lat": 42.30615438, "lon": -71.06211259}, "arr_time": 1676280555, "arr_date_time": "2023-02-13T04:29:15-05:00", "end_time": 1676280855, "end_date_time": "2023-02-13T04:34:15-05:00", "waiting_time": 0, "distance": 265, "driving_time": 255, "preparation_time": 0, "load_before": [0], "load_after": [0]}, {"type": "service", "id": "1501608000_46", "location_id": "1501608000", "address": {"location_id": "1501608000", "lat": 42.30665946, "lon": -71.06231977}, "arr_time": 1676280937, "arr_date_time": "2023-02-13T04:35:37-05:00", "end_time": 1676281237, "end_date_time": "2023-02-13T04:40:37-05:00", "waiting_time": 0, "distance": 352, "driving_time": 337, "preparation_time": 0, "load_before": [0], "load_after": [0]}, {"type": "service", "id": "1501644000_49", "location_id": "1501644000", "address": {"location_id": "1501644000", "lat": 42.30634407, "lon": -71.06300321}, "arr_time": 1676281300, "arr_date_time": "2023-02-13T04:41:40-05:00", "end_time": 1676281600, "end_date_time": "2023-02-13T04:46:40-05:00", "waiting_time": 0, "distance": 418, "driving_time": 400, "preparation_time": 0, "load_before": [0], "load_after": [0]}, {"type": "service", "id": "1501645000_50", "location_id": "1501645000", "address": {"location_id": "1501645000", "lat": 42.3061954, "lon": -71.06302394}, "arr_time": 1676281615, "arr_date_time": "2023-02-13T04:46:55-05:00", "end_time": 1676281915, "end_date_time": "2023-02-13T04:51:55-05:00", "waiting_time": 0, "distance": 433, "driving_time": 415, "preparation_time": 0, "load_before": [0], "load_after": [0]}, {"type": "service", "id": "1501623000_48", "location_id": "1501623000", "address": {"location_id": "1501623000", "lat": 42.30564972, "lon": -71.06226262}, "arr_time": 1676281988, "arr_date_time": "2023-02-13T04:53:08-05:00", "end_time": 1676282288, "end_date_time": "2023-02-13T04:58:08-05:00", "waiting_time": 0, "distance": 510, "driving_time": 488, "preparation_time": 0, "load_before": [0], "load_after": [0]}, {"type": "service", "id": "1501651000_52", "location_id": "1501651000", "address": {"location_id": "1501651000", "lat": 42.30562204, "lon": -71.06276682}, "arr_time": 1676282297, "arr_date_time": "2023-02-13T04:58:17-05:00", "end_time": 1676282597, "end_date_time": "2023-02-13T05:03:17-05:00", "waiting_time": 0, "distance": 520, "driving_time": 497, "preparation_time": 0, "load_before": [0], "load_after": [0]}, {"type": "service", "id": "1501649000_51", "location_id": "1501649000", "address": {"location_id": "1501649000", "lat": 42.30581662, "lon": -71.06285812}, "arr_time": 1676282619, "arr_date_time": "2023-02-13T05:03:39-05:00", "end_time": 1676282919, "end_date_time": "2023-02-13T05:08:39-05:00", "waiting_time": 0, "distance": 543, "driving_time": 519, "preparation_time": 0, "load_before": [0], "load_after": [0]}, {"type": "service", "id": "1501719001_60", "location_id": "1501719001", "address": {"location_id": "1501719001", "lat": 42.30672763, "lon": -71.0630967}, "arr_time": 1676282996, "arr_date_time": "2023-02-13T05:09:56-05:00", "end_time": 1676283296, "end_date_time": "2023-02-13T05:14:56-05:00", "waiting_time": 0, "distance": 624, "driving_time": 596, "preparation_time": 0, "load_before": [0], "load_after": [0]}, {"type": "service", "id": "1501720000_61", "location_id": "1501720000", "address": {"location_id": "1501720000", "lat": 42.30672761, "lon": -71.06330106}, "arr_time": 1676283311, "arr_date_time": "2023-02-13T05:15:11-05:00", "end_time": 1676283611, "end_date_time": "2023-02-13T05:20:11-05:00", "waiting_time": 0, "distance": 639, "driving_time": 611, "preparation_time": 0, "load_before": [0], "load_after": [0]}, {"type": "service", "id": "1501720001_62", "location_id": "1501720001", "address": {"location_id": "1501720001", "lat": 42.30648987, "lon": -71.0634728}, "arr_time": 1676283633, "arr_date_time": "2023-02-13T05:20:33-05:00", "end_time": 1676283933, "end_date_time": "2023-02-13T05:25:33-05:00", "waiting_time": 0, "distance": 663, "driving_time": 633, "preparation_time": 0, "load_before": [0], "load_after": [0]}, {"type": "service", "id": "1501720002_63", "location_id": "1501720002", "address": {"location_id": "1501720002", "lat": 42.30667764, "lon": -71.06357143}, "arr_time": 1676283995, "arr_date_time": "2023-02-13T05:26:35-05:00", "end_time": 1676284295, "end_date_time": "2023-02-13T05:31:35-05:00", "waiting_time": 0, "distance": 726, "driving_time": 695, "preparation_time": 0, "load_before": [0], "load_after": [0]}, {"type": "service", "id": "1501656000_53", "location_id": "1501656000", "address": {"location_id": "1501656000", "lat": 42.30606578, "lon": -71.06373083}, "arr_time": 1676284353, "arr_date_time": "2023-02-13T05:32:33-05:00", "end_time": 1676284653, "end_date_time": "2023-02-13T05:37:33-05:00", "waiting_time": 0, "distance": 787, "driving_time": 753, "preparation_time": 0, "load_before": [0], "load_after": [0]}, {"type": "service", "id": "1501393000_38", "location_id": "1501393000", "address": {"location_id": "1501393000", "lat": 42.30548408, "lon": -71.06478385}, "arr_time": 1676284813, "arr_date_time": "2023-02-13T05:40:13-05:00", "end_time": 1676285113, "end_date_time": "2023-02-13T05:45:13-05:00", "waiting_time": 0, "distance": 953, "driving_time": 913, "preparation_time": 0, "load_before": [0], "load_after": [0]}, {"type": "service", "id": "1501392000_37", "location_id": "1501392000", "address": {"location_id": "1501392000", "lat": 42.30554161, "lon": -71.06490965}, "arr_time": 1676285123, "arr_date_time": "2023-02-13T05:45:23-05:00", "end_time": 1676285423, "end_date_time": "2023-02-13T05:50:23-05:00", "waiting_time": 0, "distance": 963, "driving_time": 923, "preparation_time": 0, "load_before": [0], "load_after": [0]}, {"type": "service", "id": "1501388000_36", "location_id": "1501388000", "address": {"location_id": "1501388000", "lat": 42.30598019, "lon": -71.06518999}, "arr_time": 1676285475, "arr_date_time": "2023-02-13T05:51:15-05:00", "end_time": 1676285775, "end_date_time": "2023-02-13T05:56:15-05:00", "waiting_time": 0, "distance": 1017, "driving_time": 975, "preparation_time": 0, "load_before": [0], "load_after": [0]}, {"type": "service", "id": "1501684000_54", "location_id": "1501684000", "address": {"location_id": "1501684000", "lat": 42.30619265, "lon": -71.06481693}, "arr_time": 1676285783, "arr_date_time": "2023-02-13T05:56:23-05:00", "end_time": 1676286083, "end_date_time": "2023-02-13T06:01:23-05:00", "waiting_time": 0, "distance": 1025, "driving_time": 983, "preparation_time": 0, "load_before": [0], "load_after": [0]}, {"type": "service", "id": "1501387000_35", "location_id": "1501387000", "address": {"location_id": "1501387000", "lat": 42.30606969, "lon": -71.06524635}, "arr_time": 1676286085, "arr_date_time": "2023-02-13T06:01:25-05:00", "end_time": 1676286385, "end_date_time": "2023-02-13T06:06:25-05:00", "waiting_time": 0, "distance": 1028, "driving_time": 985, "preparation_time": 0, "load_before": [0], "load_after": [0]}, {"type": "service", "id": "1501431000_45", "location_id": "1501431000", "address": {"location_id": "1501431000", "lat": 42.30675826, "lon": -71.06610497}, "arr_time": 1676286587, "arr_date_time": "2023-02-13T06:09:47-05:00", "end_time": 1676286887, "end_date_time": "2023-02-13T06:14:47-05:00", "waiting_time": 0, "distance": 1237, "driving_time": 1187, "preparation_time": 0, "load_before": [0], "load_after": [0]}, {"type": "service", "id": "1501429000_44", "location_id": "1501429000", "address": {"location_id": "1501429000", "lat": 42.30661829, "lon": -71.06598552}, "arr_time": 1676286944, "arr_date_time": "2023-02-13T06:15:44-05:00", "end_time": 1676287244, "end_date_time": "2023-02-13T06:20:44-05:00", "waiting_time": 0, "distance": 1297, "driving_time": 1244, "preparation_time": 0, "load_before": [0], "load_after": [0]}, {"type": "service", "id": "1501334000_23", "location_id": "1501334000", "address": {"location_id": "1501334000", "lat": 42.30638135, "lon": -71.06625507}, "arr_time": 1676287249, "arr_date_time": "2023-02-13T06:20:49-05:00", "end_time": 1676287549, "end_date_time": "2023-02-13T06:25:49-05:00", "waiting_time": 0, "distance": 1302, "driving_time": 1249, "preparation_time": 0, "load_before": [0], "load_after": [0]}, {"type": "service", "id": "1501338000_24", "location_id": "1501338000", "address": {"location_id": "1501338000", "lat": 42.30588599, "lon": -71.06602222}, "arr_time": 1676287609, "arr_date_time": "2023-02-13T06:26:49-05:00", "end_time": 1676287909, "end_date_time": "2023-02-13T06:31:49-05:00", "waiting_time": 0, "distance": 1364, "driving_time": 1309, "preparation_time": 0, "load_before": [0], "load_after": [0]}, {"type": "service", "id": "1501419000_43", "location_id": "1501419000", "address": {"location_id": "1501419000", "lat": 42.30540464, "lon": -71.06517642}, "arr_time": 1676287984, "arr_date_time": "2023-02-13T06:33:04-05:00", "end_time": 1676288284, "end_date_time": "2023-02-13T06:38:04-05:00", "waiting_time": 0, "distance": 1442, "driving_time": 1384, "preparation_time": 0, "load_before": [0], "load_after": [0]}, {"type": "service", "id": "1501418000_42", "location_id": "1501418000", "address": {"location_id": "1501418000", "lat": 42.30526685, "lon": -71.06509972}, "arr_time": 1676288300, "arr_date_time": "2023-02-13T06:38:20-05:00", "end_time": 1676288600, "end_date_time": "2023-02-13T06:43:20-05:00", "waiting_time": 0, "distance": 1459, "driving_time": 1400, "preparation_time": 0, "load_before": [0], "load_after": [0]}, {"type": "service", "id": "1501347000_25", "location_id": "1501347000", "address": {"location_id": "1501347000", "lat": 42.30487735, "lon": -71.06538559}, "arr_time": 1676288628, "arr_date_time": "2023-02-13T06:43:48-05:00", "end_time": 1676288928, "end_date_time": "2023-02-13T06:48:48-05:00", "waiting_time": 0, "distance": 1488, "driving_time": 1428, "preparation_time": 0, "load_before": [0], "load_after": [0]}, {"type": "service", "id": "1501415000_41", "location_id": "1501415000", "address": {"location_id": "1501415000", "lat": 42.30499639, "lon": -71.06493366}, "arr_time": 1676288932, "arr_date_time": "2023-02-13T06:48:52-05:00", "end_time": 1676289232, "end_date_time": "2023-02-13T06:53:52-05:00", "waiting_time": 0, "distance": 1493, "driving_time": 1432, "preparation_time": 0, "load_before": [0], "load_after": [0]}, {"type": "service", "id": "1501349000_26", "location_id": "1501349000", "address": {"location_id": "1501349000", "lat": 42.30464253, "lon": -71.06523738}, "arr_time": 1676289255, "arr_date_time": "2023-02-13T06:54:15-05:00", "end_time": 1676289555, "end_date_time": "2023-02-13T06:59:15-05:00", "waiting_time": 0, "distance": 1517, "driving_time": 1455, "preparation_time": 0, "load_before": [0], "load_after": [0]}, {"type": "service", "id": "1501412000_40", "location_id": "1501412000", "address": {"location_id": "1501412000", "lat": 42.30472489, "lon": -71.06476777}, "arr_time": 1676289563, "arr_date_time": "2023-02-13T06:59:23-05:00", "end_time": 1676289863, "end_date_time": "2023-02-13T07:04:23-05:00", "waiting_time": 0, "distance": 1526, "driving_time": 1463, "preparation_time": 0, "load_before": [0], "load_after": [0]}, {"type": "service", "id": "1501350000_27", "location_id": "1501350000", "address": {"location_id": "1501350000", "lat": 42.30451233, "lon": -71.06515521}, "arr_time": 1676289871, "arr_date_time": "2023-02-13T07:04:31-05:00", "end_time": 1676290171, "end_date_time": "2023-02-13T07:09:31-05:00", "waiting_time": 0, "distance": 1535, "driving_time": 1471, "preparation_time": 0, "load_before": [0], "load_after": [0]}, {"type": "service", "id": "1501408000_39", "location_id": "1501408000", "address": {"location_id": "1501408000", "lat": 42.30443763, "lon": -71.06460663}, "arr_time": 1676290196, "arr_date_time": "2023-02-13T07:09:56-05:00", "end_time": 1676290496, "end_date_time": "2023-02-13T07:14:56-05:00", "waiting_time": 0, "distance": 1561, "driving_time": 1496, "preparation_time": 0, "load_before": [0], "load_after": [0]}, {"type": "service", "id": "1501230000_01", "location_id": "1501230000", "address": {"location_id": "1501230000", "lat": 42.30389202, "lon": -71.06568344}, "arr_time": 1676290624, "arr_date_time": "2023-02-13T07:17:04-05:00", "end_time": 1676290924, "end_date_time": "2023-02-13T07:22:04-05:00", "waiting_time": 0, "distance": 1695, "driving_time": 1624, "preparation_time": 0, "load_before": [0], "load_after": [0]}, {"type": "service", "id": "1501232020_02", "location_id": "1501232020", "address": {"location_id": "1501232020", "lat": 42.30385537, "lon": -71.06598265}, "arr_time": 1676290963, "arr_date_time": "2023-02-13T07:22:43-05:00", "end_time": 1676291263, "end_date_time": "2023-02-13T07:27:43-05:00", "waiting_time": 0, "distance": 1735, "driving_time": 1663, "preparation_time": 0, "load_before": [0], "load_after": [0]}, {"type": "service", "id": "1501234000_03", "location_id": "1501234000", "address": {"location_id": "1501234000", "lat": 42.30384561, "lon": -71.06629288}, "arr_time": 1676291313, "arr_date_time": "2023-02-13T07:28:33-05:00", "end_time": 1676291613, "end_date_time": "2023-02-13T07:33:33-05:00", "waiting_time": 0, "distance": 1788, "driving_time": 1713, "preparation_time": 0, "load_before": [0], "load_after": [0]}, {"type": "service", "id": "1501239000_04", "location_id": "1501239000", "address": {"location_id": "1501239000", "lat": 42.30364737, "lon": -71.0667613}, "arr_time": 1676291655, "arr_date_time": "2023-02-13T07:34:15-05:00", "end_time": 1676291955, "end_date_time": "2023-02-13T07:39:15-05:00", "waiting_time": 0, "distance": 1832, "driving_time": 1755, "preparation_time": 0, "load_before": [0], "load_after": [0]}, {"type": "service", "id": "1501241000_05", "location_id": "1501241000", "address": {"location_id": "1501241000", "lat": 42.30367662, "lon": -71.06706141}, "arr_time": 1676291976, "arr_date_time": "2023-02-13T07:39:36-05:00", "end_time": 1676292276, "end_date_time": "2023-02-13T07:44:36-05:00", "waiting_time": 0, "distance": 1854, "driving_time": 1776, "preparation_time": 0, "load_before": [0], "load_after": [0]}, {"type": "service", "id": "1501248000_06", "location_id": "1501248000", "address": {"location_id": "1501248000", "lat": 42.30323016, "lon": -71.06802376}, "arr_time": 1676292364, "arr_date_time": "2023-02-13T07:46:04-05:00", "end_time": 1676292664, "end_date_time": "2023-02-13T07:51:04-05:00", "waiting_time": 0, "distance": 1946, "driving_time": 1864, "preparation_time": 0, "load_before": [0], "load_after": [0]}, {"type": "service", "id": "1501274000_12", "location_id": "1501274000", "address": {"location_id": "1501274000", "lat": 42.3041551, "lon": -71.06781388}, "arr_time": 1676292819, "arr_date_time": "2023-02-13T07:53:39-05:00", "end_time": 1676293119, "end_date_time": "2023-02-13T07:58:39-05:00", "waiting_time": 0, "distance": 2108, "driving_time": 2019, "preparation_time": 0, "load_before": [0], "load_after": [0]}, {"type": "service", "id": "1501257000_07", "location_id": "1501257000", "address": {"location_id": "1501257000", "lat": 42.30393116, "lon": -71.06748447}, "arr_time": 1676293136, "arr_date_time": "2023-02-13T07:58:56-05:00", "end_time": 1676293436, "end_date_time": "2023-02-13T08:03:56-05:00", "waiting_time": 0, "distance": 2126, "driving_time": 2036, "preparation_time": 0, "load_before": [0], "load_after": [0]}, {"type": "service", "id": "1501258000_08", "location_id": "1501258000", "address": {"location_id": "1501258000", "lat": 42.30396605, "lon": -71.06735421}, "arr_time": 1676293447, "arr_date_time": "2023-02-13T08:04:07-05:00", "end_time": 1676293747, "end_date_time": "2023-02-13T08:09:07-05:00", "waiting_time": 0, "distance": 2137, "driving_time": 2047, "preparation_time": 0, "load_before": [0], "load_after": [0]}, {"type": "service", "id": "1501262000_09", "location_id": "1501262000", "address": {"location_id": "1501262000", "lat": 42.30413291, "lon": -71.06672113}, "arr_time": 1676293800, "arr_date_time": "2023-02-13T08:10:00-05:00", "end_time": 1676294100, "end_date_time": "2023-02-13T08:15:00-05:00", "waiting_time": 0, "distance": 2192, "driving_time": 2100, "preparation_time": 0, "load_before": [0], "load_after": [0]}, {"type": "service", "id": "1501263000_10", "location_id": "1501263000", "address": {"location_id": "1501263000", "lat": 42.30417949, "lon": -71.06654665}, "arr_time": 1676294115, "arr_date_time": "2023-02-13T08:15:15-05:00", "end_time": 1676294415, "end_date_time": "2023-02-13T08:20:15-05:00", "waiting_time": 0, "distance": 2207, "driving_time": 2115, "preparation_time": 0, "load_before": [0], "load_after": [0]}, {"type": "service", "id": "1501361000_28", "location_id": "1501361000", "address": {"location_id": "1501361000", "lat": 42.304615, "lon": -71.0655665}, "arr_time": 1676294488, "arr_date_time": "2023-02-13T08:21:28-05:00", "end_time": 1676294788, "end_date_time": "2023-02-13T08:26:28-05:00", "waiting_time": 0, "distance": 2284, "driving_time": 2188, "preparation_time": 0, "load_before": [0], "load_after": [0]}, {"type": "service", "id": "1501331000_22", "location_id": "1501331000", "address": {"location_id": "1501331000", "lat": 42.30467702, "lon": -71.06608591}, "arr_time": 1676294812, "arr_date_time": "2023-02-13T08:26:52-05:00", "end_time": 1676295112, "end_date_time": "2023-02-13T08:31:52-05:00", "waiting_time": 0, "distance": 2310, "driving_time": 2212, "preparation_time": 0, "load_before": [0], "load_after": [0]}, {"type": "service", "id": "1501364000_29", "location_id": "1501364000", "address": {"location_id": "1501364000", "lat": 42.30498832, "lon": -71.0658001}, "arr_time": 1676295132, "arr_date_time": "2023-02-13T08:32:12-05:00", "end_time": 1676295432, "end_date_time": "2023-02-13T08:37:12-05:00", "waiting_time": 0, "distance": 2331, "driving_time": 2232, "preparation_time": 0, "load_before": [0], "load_after": [0]}, {"type": "service", "id": "1501366000_30", "location_id": "1501366000", "address": {"location_id": "1501366000", "lat": 42.30523135, "lon": -71.0659519}, "arr_time": 1676295460, "arr_date_time": "2023-02-13T08:37:40-05:00", "end_time": 1676295760, "end_date_time": "2023-02-13T08:42:40-05:00", "waiting_time": 0, "distance": 2361, "driving_time": 2260, "preparation_time": 0, "load_before": [0], "load_after": [0]}, {"type": "service", "id": "1501367000_31", "location_id": "1501367000", "address": {"location_id": "1501367000", "lat": 42.30535307, "lon": -71.06602852}, "arr_time": 1676295775, "arr_date_time": "2023-02-13T08:42:55-05:00", "end_time": 1676296075, "end_date_time": "2023-02-13T08:47:55-05:00", "waiting_time": 0, "distance": 2376, "driving_time": 2275, "preparation_time": 0, "load_before": [0], "load_after": [0]}, {"type": "service", "id": "1501368000_32", "location_id": "1501368000", "address": {"location_id": "1501368000", "lat": 42.30547853, "lon": -71.06610865}, "arr_time": 1676296089, "arr_date_time": "2023-02-13T08:48:09-05:00", "end_time": 1676296389, "end_date_time": "2023-02-13T08:53:09-05:00", "waiting_time": 0, "distance": 2391, "driving_time": 2289, "preparation_time": 0, "load_before": [0], "load_after": [0]}, {"type": "service", "id": "1501371000_34", "location_id": "1501371000", "address": {"location_id": "1501371000", "lat": 42.30578441, "lon": -71.06630369}, "arr_time": 1676296425, "arr_date_time": "2023-02-13T08:53:45-05:00", "end_time": 1676296725, "end_date_time": "2023-02-13T08:58:45-05:00", "waiting_time": 0, "distance": 2429, "driving_time": 2325, "preparation_time": 0, "load_before": [0], "load_after": [0]}, {"type": "service", "id": "1501369000_33", "location_id": "1501369000", "address": {"location_id": "1501369000", "lat": 42.30559215, "lon": -71.0661811}, "arr_time": 1676296748, "arr_date_time": "2023-02-13T08:59:08-05:00", "end_time": 1676297048, "end_date_time": "2023-02-13T09:04:08-05:00", "waiting_time": 0, "distance": 2453, "driving_time": 2348, "preparation_time": 0, "load_before": [0], "load_after": [0]}, {"type": "service", "id": "1501325000_21", "location_id": "1501325000", "address": {"location_id": "1501325000", "lat": 42.30521342, "lon": -71.06657236}, "arr_time": 1676297083, "arr_date_time": "2023-02-13T09:04:43-05:00", "end_time": 1676297383, "end_date_time": "2023-02-13T09:09:43-05:00", "waiting_time": 0, "distance": 2489, "driving_time": 2383, "preparation_time": 0, "load_before": [0], "load_after": [0]}, {"type": "service", "id": "1501284000_15", "location_id": "1501284000", "address": {"location_id": "1501284000", "lat": 42.30500642, "lon": -71.0675791}, "arr_time": 1676297476, "arr_date_time": "2023-02-13T09:11:16-05:00", "end_time": 1676297776, "end_date_time": "2023-02-13T09:16:16-05:00", "waiting_time": 0, "distance": 2587, "driving_time": 2476, "preparation_time": 0, "load_before": [0], "load_after": [0]}, {"type": "service", "id": "1501309000_18", "location_id": "1501309000", "address": {"location_id": "1501309000", "lat": 42.3052677, "lon": -71.06724565}, "arr_time": 1676297779, "arr_date_time": "2023-02-13T09:16:19-05:00", "end_time": 1676298079, "end_date_time": "2023-02-13T09:21:19-05:00", "waiting_time": 0, "distance": 2589, "driving_time": 2479, "preparation_time": 0, "load_before": [0], "load_after": [0]}, {"type": "service", "id": "1501282000_14", "location_id": "1501282000", "address": {"location_id": "1501282000", "lat": 42.30523905, "lon": -71.06773357}, "arr_time": 1676298103, "arr_date_time": "2023-02-13T09:21:43-05:00", "end_time": 1676298403, "end_date_time": "2023-02-13T09:26:43-05:00", "waiting_time": 0, "distance": 2614, "driving_time": 2503, "preparation_time": 0, "load_before": [0], "load_after": [0]}, {"type": "service", "id": "1501322000_20", "location_id": "1501322000", "address": {"location_id": "1501322000", "lat": 42.30485437, "lon": -71.06674224}, "arr_time": 1676298479, "arr_date_time": "2023-02-13T09:27:59-05:00", "end_time": 1676298779, "end_date_time": "2023-02-13T09:32:59-05:00", "waiting_time": 0, "distance": 2694, "driving_time": 2579, "preparation_time": 0, "load_before": [0], "load_after": [0]}, {"type": "service", "id": "1501268000_11", "location_id": "1501268000", "address": {"location_id": "1501268000", "lat": 42.30460688, "lon": -71.06709169}, "arr_time": 1676298793, "arr_date_time": "2023-02-13T09:33:13-05:00", "end_time": 1676299093, "end_date_time": "2023-02-13T09:38:13-05:00", "waiting_time": 0, "distance": 2709, "driving_time": 2593, "preparation_time": 0, "load_before": [0], "load_after": [0]}, {"type": "service", "id": "1501320000_19", "location_id": "1501320000", "address": {"location_id": "1501320000", "lat": 42.30468036, "lon": -71.06665985}, "arr_time": 1676299097, "arr_date_time": "2023-02-13T09:38:17-05:00", "end_time": 1676299397, "end_date_time": "2023-02-13T09:43:17-05:00", "waiting_time": 0, "distance": 2713, "driving_time": 2597, "preparation_time": 0, "load_before": [0], "load_after": [0]}, {"type": "service", "id": "1501286000_16", "location_id": "1501286000", "address": {"location_id": "1501286000", "lat": 42.30483518, "lon": -71.06751253}, "arr_time": 1676299461, "arr_date_time": "2023-02-13T09:44:21-05:00", "end_time": 1676299761, "end_date_time": "2023-02-13T09:49:21-05:00", "waiting_time": 0, "distance": 2779, "driving_time": 2661, "preparation_time": 0, "load_before": [0], "load_after": [0]}, {"type": "service", "id": "1501287000_17", "location_id": "1501287000", "address": {"location_id": "1501287000", "lat": 42.30476295, "lon": -71.06766182}, "arr_time": 1676299775, "arr_date_time": "2023-02-13T09:49:35-05:00", "end_time": 1676300075, "end_date_time": "2023-02-13T09:54:35-05:00", "waiting_time": 0, "distance": 2793, "driving_time": 2675, "preparation_time": 0, "load_before": [0], "load_after": [0]}, {"type": "service", "id": "1501278000_13", "location_id": "1501278000", "address": {"location_id": "1501278000", "lat": 42.30440053, "lon": -71.06754365}, "arr_time": 1676300093, "arr_date_time": "2023-02-13T09:54:53-05:00", "end_time": 1676300393, "end_date_time": "2023-02-13T09:59:53-05:00", "waiting_time": 0, "distance": 2813, "driving_time": 2693, "preparation_time": 0, "load_before": [0], "load_after": [0]}]}], "unassigned": {"services": [], "shipments": [], "breaks": [], "details": []}}}