{"copyrights": ["GraphHopper", "OpenStreetMap contributors"], "job_id": "dd8d7ef8-9c04-4220-aef3-0c7301bc705e", "status": "finished", "waiting_time_in_queue": 0, "processing_time": 121, "solution": {"costs": 347, "distance": 3989, "time": 3827, "transport_time": 3827, "completion_time": 18227, "max_operation_time": 18227, "waiting_time": 0, "service_duration": 14400, "preparation_time": 0, "no_vehicles": 1, "no_unassigned": 0, "routes": [{"vehicle_id": "my_vehicle", "shift_id": "default-shift", "distance": 3989, "transport_time": 3827, "completion_time": 18227, "waiting_time": 0, "service_duration": 14400, "preparation_time": 0, "activities": [{"type": "start", "location_id": "1802652000", "address": {"location_id": "1802652000", "lat": 42.27510123, "lon": -71.10274891}, "arr_time": 1676278800, "arr_date_time": "2023-02-13T04:00:00-05:00", "end_time": 1676278800, "end_date_time": "2023-02-13T04:00:00-05:00", "waiting_time": 0, "distance": 0, "driving_time": 0, "preparation_time": 0, "load_after": [0]}, {"type": "service", "id": "1802650000_14", "location_id": "1802650000", "address": {"location_id": "1802650000", "lat": 42.27495354, "lon": -71.10289854}, "arr_time": 1676278852, "arr_date_time": "2023-02-13T04:00:52-05:00", "end_time": 1676279152, "end_date_time": "2023-02-13T04:05:52-05:00", "waiting_time": 0, "distance": 54, "driving_time": 52, "preparation_time": 0, "load_before": [0], "load_after": [0]}, {"type": "service", "id": "1802357000_01", "location_id": "1802357000", "address": {"location_id": "1802357000", "lat": 42.274543, "lon": -71.10443242}, "arr_time": 1676279235, "arr_date_time": "2023-02-13T04:07:15-05:00", "end_time": 1676279535, "end_date_time": "2023-02-13T04:12:15-05:00", "waiting_time": 0, "distance": 140, "driving_time": 135, "preparation_time": 0, "load_before": [0], "load_after": [0]}, {"type": "service", "id": "1802634000_12", "location_id": "1802634000", "address": {"location_id": "1802634000", "lat": 42.27441267, "lon": -71.10298322}, "arr_time": 1676279808, "arr_date_time": "2023-02-13T04:16:48-05:00", "end_time": 1676280108, "end_date_time": "2023-02-13T04:21:48-05:00", "waiting_time": 0, "distance": 424, "driving_time": 408, "preparation_time": 0, "load_before": [0], "load_after": [0]}, {"type": "service", "id": "1802833000_41", "location_id": "1802833000", "address": {"location_id": "1802833000", "lat": 42.27409032, "lon": -71.1026656}, "arr_time": 1676280119, "arr_date_time": "2023-02-13T04:21:59-05:00", "end_time": 1676280419, "end_date_time": "2023-02-13T04:26:59-05:00", "waiting_time": 0, "distance": 435, "driving_time": 419, "preparation_time": 0, "load_before": [0], "load_after": [0]}, {"type": "service", "id": "1802636000_13", "location_id": "1802636000", "address": {"location_id": "1802636000", "lat": 42.27417573, "lon": -71.10322327}, "arr_time": 1676280439, "arr_date_time": "2023-02-13T04:27:19-05:00", "end_time": 1676280739, "end_date_time": "2023-02-13T04:32:19-05:00", "waiting_time": 0, "distance": 457, "driving_time": 439, "preparation_time": 0, "load_before": [0], "load_after": [0]}, {"type": "service", "id": "1802831000_40", "location_id": "1802831000", "address": {"location_id": "1802831000", "lat": 42.27391127, "lon": -71.1028489}, "arr_time": 1676280741, "arr_date_time": "2023-02-13T04:32:21-05:00", "end_time": 1676281041, "end_date_time": "2023-02-13T04:37:21-05:00", "waiting_time": 0, "distance": 460, "driving_time": 441, "preparation_time": 0, "load_before": [0], "load_after": [0]}, {"type": "service", "id": "1802834000_42", "location_id": "1802834000", "address": {"location_id": "1802834000", "lat": 42.27417906, "lon": -71.10257344}, "arr_time": 1676281077, "arr_date_time": "2023-02-13T04:37:57-05:00", "end_time": 1676281377, "end_date_time": "2023-02-13T04:42:57-05:00", "waiting_time": 0, "distance": 497, "driving_time": 477, "preparation_time": 0, "load_before": [0], "load_after": [0]}, {"type": "service", "id": "1802836000_43", "location_id": "1802836000", "address": {"location_id": "1802836000", "lat": 42.2743673, "lon": -71.10237976}, "arr_time": 1676281401, "arr_date_time": "2023-02-13T04:43:21-05:00", "end_time": 1676281701, "end_date_time": "2023-02-13T04:48:21-05:00", "waiting_time": 0, "distance": 522, "driving_time": 501, "preparation_time": 0, "load_before": [0], "load_after": [0]}, {"type": "service", "id": "1802632000_11", "location_id": "1802632000", "address": {"location_id": "1802632000", "lat": 42.27466349, "lon": -71.10272985}, "arr_time": 1676281711, "arr_date_time": "2023-02-13T04:48:31-05:00", "end_time": 1676282011, "end_date_time": "2023-02-13T04:53:31-05:00", "waiting_time": 0, "distance": 532, "driving_time": 511, "preparation_time": 0, "load_before": [0], "load_after": [0]}, {"type": "service", "id": "1802837000_44", "location_id": "1802837000", "address": {"location_id": "1802837000", "lat": 42.27449394, "lon": -71.10225193}, "arr_time": 1676282019, "arr_date_time": "2023-02-13T04:53:39-05:00", "end_time": 1676282319, "end_date_time": "2023-02-13T04:58:39-05:00", "waiting_time": 0, "distance": 540, "driving_time": 519, "preparation_time": 0, "load_before": [0], "load_after": [0]}, {"type": "service", "id": "1802631000_10", "location_id": "1802631000", "address": {"location_id": "1802631000", "lat": 42.274773, "lon": -71.10261885}, "arr_time": 1676282325, "arr_date_time": "2023-02-13T04:58:45-05:00", "end_time": 1676282625, "end_date_time": "2023-02-13T05:03:45-05:00", "waiting_time": 0, "distance": 547, "driving_time": 525, "preparation_time": 0, "load_before": [0], "load_after": [0]}, {"type": "service", "id": "1802816000_37", "location_id": "1802816000", "address": {"location_id": "1802816000", "lat": 42.27420556, "lon": -71.10207912}, "arr_time": 1676282793, "arr_date_time": "2023-02-13T05:06:33-05:00", "end_time": 1676283093, "end_date_time": "2023-02-13T05:11:33-05:00", "waiting_time": 0, "distance": 723, "driving_time": 693, "preparation_time": 0, "load_before": [0], "load_after": [0]}, {"type": "service", "id": "1802795000_35", "location_id": "1802795000", "address": {"location_id": "1802795000", "lat": 42.27395863, "lon": -71.10169121}, "arr_time": 1676283096, "arr_date_time": "2023-02-13T05:11:36-05:00", "end_time": 1676283396, "end_date_time": "2023-02-13T05:16:36-05:00", "waiting_time": 0, "distance": 726, "driving_time": 696, "preparation_time": 0, "load_before": [0], "load_after": [0]}, {"type": "service", "id": "1802793000_34", "location_id": "1802793000", "address": {"location_id": "1802793000", "lat": 42.27372385, "lon": -71.10192695}, "arr_time": 1676283427, "arr_date_time": "2023-02-13T05:17:07-05:00", "end_time": 1676283727, "end_date_time": "2023-02-13T05:22:07-05:00", "waiting_time": 0, "distance": 759, "driving_time": 727, "preparation_time": 0, "load_before": [0], "load_after": [0]}, {"type": "service", "id": "1802820000_38", "location_id": "1802820000", "address": {"location_id": "1802820000", "lat": 42.27382192, "lon": -71.10247291}, "arr_time": 1676283744, "arr_date_time": "2023-02-13T05:22:24-05:00", "end_time": 1676284044, "end_date_time": "2023-02-13T05:27:24-05:00", "waiting_time": 0, "distance": 777, "driving_time": 744, "preparation_time": 0, "load_before": [0], "load_after": [0]}, {"type": "service", "id": "1802791000_33", "location_id": "1802791000", "address": {"location_id": "1802791000", "lat": 42.2734251, "lon": -71.10222773}, "arr_time": 1676284067, "arr_date_time": "2023-02-13T05:27:47-05:00", "end_time": 1676284367, "end_date_time": "2023-02-13T05:32:47-05:00", "waiting_time": 0, "distance": 800, "driving_time": 767, "preparation_time": 0, "load_before": [0], "load_after": [0]}, {"type": "service", "id": "1802815000_36", "location_id": "1802815000", "address": {"location_id": "1802815000", "lat": 42.27447873, "lon": -71.10173411}, "arr_time": 1676284480, "arr_date_time": "2023-02-13T05:34:40-05:00", "end_time": 1676284780, "end_date_time": "2023-02-13T05:39:40-05:00", "waiting_time": 0, "distance": 918, "driving_time": 880, "preparation_time": 0, "load_before": [0], "load_after": [0]}, {"type": "service", "id": "1802778002_28", "location_id": "1802778002", "address": {"location_id": "1802778002", "lat": 42.27395783, "lon": -71.10121046}, "arr_time": 1676284915, "arr_date_time": "2023-02-13T05:41:55-05:00", "end_time": 1676285215, "end_date_time": "2023-02-13T05:46:55-05:00", "waiting_time": 0, "distance": 1058, "driving_time": 1015, "preparation_time": 0, "load_before": [0], "load_after": [0]}, {"type": "service", "id": "1802780000_29", "location_id": "1802780000", "address": {"location_id": "1802780000", "lat": 42.27362876, "lon": -71.10154951}, "arr_time": 1676285259, "arr_date_time": "2023-02-13T05:47:39-05:00", "end_time": 1676285559, "end_date_time": "2023-02-13T05:52:39-05:00", "waiting_time": 0, "distance": 1104, "driving_time": 1059, "preparation_time": 0, "load_before": [0], "load_after": [0]}, {"type": "service", "id": "1802781000_30", "location_id": "1802781000", "address": {"location_id": "1802781000", "lat": 42.27350165, "lon": -71.10167918}, "arr_time": 1676285576, "arr_date_time": "2023-02-13T05:52:56-05:00", "end_time": 1676285876, "end_date_time": "2023-02-13T05:57:56-05:00", "waiting_time": 0, "distance": 1122, "driving_time": 1076, "preparation_time": 0, "load_before": [0], "load_after": [0]}, {"type": "service", "id": "1802782000_31", "location_id": "1802782000", "address": {"location_id": "1802782000", "lat": 42.27341533, "lon": -71.10176453}, "arr_time": 1676285888, "arr_date_time": "2023-02-13T05:58:08-05:00", "end_time": 1676286188, "end_date_time": "2023-02-13T06:03:08-05:00", "waiting_time": 0, "distance": 1134, "driving_time": 1088, "preparation_time": 0, "load_before": [0], "load_after": [0]}, {"type": "service", "id": "1802785000_32", "location_id": "1802785000", "address": {"location_id": "1802785000", "lat": 42.27315213, "lon": -71.10202884}, "arr_time": 1676286223, "arr_date_time": "2023-02-13T06:03:43-05:00", "end_time": 1676286523, "end_date_time": "2023-02-13T06:08:43-05:00", "waiting_time": 0, "distance": 1170, "driving_time": 1123, "preparation_time": 0, "load_before": [0], "load_after": [0]}, {"type": "service", "id": "1802679000_17", "location_id": "1802679000", "address": {"location_id": "1802679000", "lat": 42.27197755, "lon": -71.1031798}, "arr_time": 1676286673, "arr_date_time": "2023-02-13T06:11:13-05:00", "end_time": 1676286973, "end_date_time": "2023-02-13T06:16:13-05:00", "waiting_time": 0, "distance": 1327, "driving_time": 1273, "preparation_time": 0, "load_before": [0], "load_after": [0]}, {"type": "service", "id": "1802680000_18", "location_id": "1802680000", "address": {"location_id": "1802680000", "lat": 42.27185988, "lon": -71.10327851}, "arr_time": 1676286988, "arr_date_time": "2023-02-13T06:16:28-05:00", "end_time": 1676287288, "end_date_time": "2023-02-13T06:21:28-05:00", "waiting_time": 0, "distance": 1342, "driving_time": 1288, "preparation_time": 0, "load_before": [0], "load_after": [0]}, {"type": "service", "id": "1802683000_19", "location_id": "1802683000", "address": {"location_id": "1802683000", "lat": 42.27151429, "lon": -71.10351809}, "arr_time": 1676287327, "arr_date_time": "2023-02-13T06:22:07-05:00", "end_time": 1676287627, "end_date_time": "2023-02-13T06:27:07-05:00", "waiting_time": 0, "distance": 1383, "driving_time": 1327, "preparation_time": 0, "load_before": [0], "load_after": [0]}, {"type": "service", "id": "1802701000_27", "location_id": "1802701000", "address": {"location_id": "1802701000", "lat": 42.2728716, "lon": -71.102787}, "arr_time": 1676287837, "arr_date_time": "2023-02-13T06:30:37-05:00", "end_time": 1676288137, "end_date_time": "2023-02-13T06:35:37-05:00", "waiting_time": 0, "distance": 1603, "driving_time": 1537, "preparation_time": 0, "load_before": [0], "load_after": [0]}, {"type": "service", "id": "1802826000_39", "location_id": "1802826000", "address": {"location_id": "1802826000", "lat": 42.27327357, "lon": -71.10303114}, "arr_time": 1676288179, "arr_date_time": "2023-02-13T06:36:19-05:00", "end_time": 1676288479, "end_date_time": "2023-02-13T06:41:19-05:00", "waiting_time": 0, "distance": 1646, "driving_time": 1579, "preparation_time": 0, "load_before": [0], "load_after": [0]}, {"type": "service", "id": "1802700000_26", "location_id": "1802700000", "address": {"location_id": "1802700000", "lat": 42.27278328, "lon": -71.10287504}, "arr_time": 1676288524, "arr_date_time": "2023-02-13T06:42:04-05:00", "end_time": 1676288824, "end_date_time": "2023-02-13T06:47:04-05:00", "waiting_time": 0, "distance": 1693, "driving_time": 1624, "preparation_time": 0, "load_before": [0], "load_after": [0]}, {"type": "service", "id": "1802699001_25", "location_id": "1802699001", "address": {"location_id": "1802699001", "lat": 42.2726958, "lon": -71.10296432}, "arr_time": 1676288836, "arr_date_time": "2023-02-13T06:47:16-05:00", "end_time": 1676289136, "end_date_time": "2023-02-13T06:52:16-05:00", "waiting_time": 0, "distance": 1705, "driving_time": 1636, "preparation_time": 0, "load_before": [0], "load_after": [0]}, {"type": "service", "id": "1802655000_15", "location_id": "1802655000", "address": {"location_id": "1802655000", "lat": 42.27288508, "lon": -71.1034211}, "arr_time": 1676289141, "arr_date_time": "2023-02-13T06:52:21-05:00", "end_time": 1676289441, "end_date_time": "2023-02-13T06:57:21-05:00", "waiting_time": 0, "distance": 1711, "driving_time": 1641, "preparation_time": 0, "load_before": [0], "load_after": [0]}, {"type": "service", "id": "1802698000_24", "location_id": "1802698000", "address": {"location_id": "1802698000", "lat": 42.27254294, "lon": -71.10312245}, "arr_time": 1676289456, "arr_date_time": "2023-02-13T06:57:36-05:00", "end_time": 1676289756, "end_date_time": "2023-02-13T07:02:36-05:00", "waiting_time": 0, "distance": 1726, "driving_time": 1656, "preparation_time": 0, "load_before": [0], "load_after": [0]}, {"type": "service", "id": "1802696000_23", "location_id": "1802696000", "address": {"location_id": "1802696000", "lat": 42.27230023, "lon": -71.10337227}, "arr_time": 1676289788, "arr_date_time": "2023-02-13T07:03:08-05:00", "end_time": 1676290088, "end_date_time": "2023-02-13T07:08:08-05:00", "waiting_time": 0, "distance": 1760, "driving_time": 1688, "preparation_time": 0, "load_before": [0], "load_after": [0]}, {"type": "service", "id": "1802695000_22", "location_id": "1802695000", "address": {"location_id": "1802695000", "lat": 42.27221281, "lon": -71.10346166}, "arr_time": 1676290100, "arr_date_time": "2023-02-13T07:08:20-05:00", "end_time": 1676290400, "end_date_time": "2023-02-13T07:13:20-05:00", "waiting_time": 0, "distance": 1772, "driving_time": 1700, "preparation_time": 0, "load_before": [0], "load_after": [0]}, {"type": "service", "id": "1802693000_21", "location_id": "1802693000", "address": {"location_id": "1802693000", "lat": 42.27204091, "lon": -71.10363787}, "arr_time": 1676290423, "arr_date_time": "2023-02-13T07:13:43-05:00", "end_time": 1676290723, "end_date_time": "2023-02-13T07:18:43-05:00", "waiting_time": 0, "distance": 1796, "driving_time": 1723, "preparation_time": 0, "load_before": [0], "load_after": [0]}, {"type": "service", "id": "1802662000_16", "location_id": "1802662000", "address": {"location_id": "1802662000", "lat": 42.2722626, "lon": -71.10405804}, "arr_time": 1676290724, "arr_date_time": "2023-02-13T07:18:44-05:00", "end_time": 1676291024, "end_date_time": "2023-02-13T07:23:44-05:00", "waiting_time": 0, "distance": 1797, "driving_time": 1724, "preparation_time": 0, "load_before": [0], "load_after": [0]}, {"type": "service", "id": "1802690000_20", "location_id": "1802690000", "address": {"location_id": "1802690000", "lat": 42.27176054, "lon": -71.10392581}, "arr_time": 1676291060, "arr_date_time": "2023-02-13T07:24:20-05:00", "end_time": 1676291360, "end_date_time": "2023-02-13T07:29:20-05:00", "waiting_time": 0, "distance": 1835, "driving_time": 1760, "preparation_time": 0, "load_before": [0], "load_after": [0]}, {"type": "service", "id": "1802577001_06", "location_id": "1802577001", "address": {"location_id": "1802577001", "lat": 42.27183119, "lon": -71.10459191}, "arr_time": 1676291392, "arr_date_time": "2023-02-13T07:29:52-05:00", "end_time": 1676291692, "end_date_time": "2023-02-13T07:34:52-05:00", "waiting_time": 0, "distance": 1868, "driving_time": 1792, "preparation_time": 0, "load_before": [0], "load_after": [0]}, {"type": "service", "id": "1802583001_07", "location_id": "1802583001", "address": {"location_id": "1802583001", "lat": 42.2719351, "lon": -71.10467765}, "arr_time": 1676291700, "arr_date_time": "2023-02-13T07:35:00-05:00", "end_time": 1676292000, "end_date_time": "2023-02-13T07:40:00-05:00", "waiting_time": 0, "distance": 1877, "driving_time": 1800, "preparation_time": 0, "load_before": [0], "load_after": [0]}, {"type": "service", "id": "1802577000_05", "location_id": "1802577000", "address": {"location_id": "1802577000", "lat": 42.27186258, "lon": -71.10444063}, "arr_time": 1676292017, "arr_date_time": "2023-02-13T07:40:17-05:00", "end_time": 1676292317, "end_date_time": "2023-02-13T07:45:17-05:00", "waiting_time": 0, "distance": 1894, "driving_time": 1817, "preparation_time": 0, "load_before": [0], "load_after": [0]}, {"type": "service", "id": "1802587000_08", "location_id": "1802587000", "address": {"location_id": "1802587000", "lat": 42.27186564, "lon": -71.10598805}, "arr_time": 1676292519, "arr_date_time": "2023-02-13T07:48:39-05:00", "end_time": 1676292819, "end_date_time": "2023-02-13T07:53:39-05:00", "waiting_time": 0, "distance": 2104, "driving_time": 2019, "preparation_time": 0, "load_before": [0], "load_after": [0]}, {"type": "service", "id": "1802588000_09", "location_id": "1802588000", "address": {"location_id": "1802588000", "lat": 42.27190539, "lon": -71.10613552}, "arr_time": 1676292875, "arr_date_time": "2023-02-13T07:54:35-05:00", "end_time": 1676293175, "end_date_time": "2023-02-13T07:59:35-05:00", "waiting_time": 0, "distance": 2163, "driving_time": 2075, "preparation_time": 0, "load_before": [0], "load_after": [0]}, {"type": "service", "id": "1802566000_04", "location_id": "1802566000", "address": {"location_id": "1802566000", "lat": 42.2730006, "lon": -71.10596964}, "arr_time": 1676293392, "arr_date_time": "2023-02-13T08:03:12-05:00", "end_time": 1676293692, "end_date_time": "2023-02-13T08:08:12-05:00", "waiting_time": 0, "distance": 2390, "driving_time": 2292, "preparation_time": 0, "load_before": [0], "load_after": [0]}, {"type": "service", "id": "1802483000_02", "location_id": "1802483000", "address": {"location_id": "1802483000", "lat": 42.27343107, "lon": -71.10619015}, "arr_time": 1676293719, "arr_date_time": "2023-02-13T08:08:39-05:00", "end_time": 1676294019, "end_date_time": "2023-02-13T08:13:39-05:00", "waiting_time": 0, "distance": 2418, "driving_time": 2319, "preparation_time": 0, "load_before": [0], "load_after": [0]}, {"type": "service", "id": "1803375000_46", "location_id": "1803375000", "address": {"location_id": "1803375000", "lat": 42.27385456, "lon": -71.10834435}, "arr_time": 1676294367, "arr_date_time": "2023-02-13T08:19:27-05:00", "end_time": 1676294667, "end_date_time": "2023-02-13T08:24:27-05:00", "waiting_time": 0, "distance": 2781, "driving_time": 2667, "preparation_time": 0, "load_before": [0], "load_after": [0]}, {"type": "service", "id": "1803374000_45", "location_id": "1803374000", "address": {"location_id": "1803374000", "lat": 42.27389965, "lon": -71.10849309}, "arr_time": 1676294677, "arr_date_time": "2023-02-13T08:24:37-05:00", "end_time": 1676294977, "end_date_time": "2023-02-13T08:29:37-05:00", "waiting_time": 0, "distance": 2792, "driving_time": 2677, "preparation_time": 0, "load_before": [0], "load_after": [0]}, {"type": "service", "id": "1807435000_48", "location_id": "1807435000", "address": {"location_id": "1807435000", "lat": 42.27275241, "lon": -71.11067227}, "arr_time": 1676295333, "arr_date_time": "2023-02-13T08:35:33-05:00", "end_time": 1676295633, "end_date_time": "2023-02-13T08:40:33-05:00", "waiting_time": 0, "distance": 3163, "driving_time": 3033, "preparation_time": 0, "load_before": [0], "load_after": [0]}, {"type": "service", "id": "1803376000_47", "location_id": "1803376000", "address": {"location_id": "1803376000", "lat": 42.27384055, "lon": -71.10812485}, "arr_time": 1676296060, "arr_date_time": "2023-02-13T08:47:40-05:00", "end_time": 1676296360, "end_date_time": "2023-02-13T08:52:40-05:00", "waiting_time": 0, "distance": 3607, "driving_time": 3460, "preparation_time": 0, "load_before": [0], "load_after": [0]}, {"type": "service", "id": "1802487000_03", "location_id": "1802487000", "address": {"location_id": "1802487000", "lat": 42.2734874, "lon": -71.10661766}, "arr_time": 1676296727, "arr_date_time": "2023-02-13T08:58:47-05:00", "end_time": 1676297027, "end_date_time": "2023-02-13T09:03:47-05:00", "waiting_time": 0, "distance": 3989, "driving_time": 3827, "preparation_time": 0, "load_before": [0], "load_after": [0]}]}], "unassigned": {"services": [], "shipments": [], "breaks": [], "details": []}}}