{"copyrights": ["GraphHopper", "OpenStreetMap contributors"], "job_id": "39e4a377-dbb2-454f-8976-95f715e57451", "status": "finished", "waiting_time_in_queue": 0, "processing_time": 160, "solution": {"costs": 346, "distance": 1766, "time": 1693, "transport_time": 1693, "completion_time": 18193, "max_operation_time": 18193, "waiting_time": 0, "service_duration": 16500, "preparation_time": 0, "no_vehicles": 1, "no_unassigned": 0, "routes": [{"vehicle_id": "my_vehicle", "shift_id": "default-shift", "distance": 1766, "transport_time": 1693, "completion_time": 18193, "waiting_time": 0, "service_duration": 16500, "preparation_time": 0, "activities": [{"type": "start", "location_id": "1702112000", "address": {"location_id": "1702112000", "lat": 42.28367334, "lon": -71.08203507}, "arr_time": 1676278800, "arr_date_time": "2023-02-13T04:00:00-05:00", "end_time": 1676278800, "end_date_time": "2023-02-13T04:00:00-05:00", "waiting_time": 0, "distance": 0, "driving_time": 0, "preparation_time": 0, "load_after": [0]}, {"type": "service", "id": "1702111000_22", "location_id": "1702111000", "address": {"location_id": "1702111000", "lat": 42.2835022, "lon": -71.08183823}, "arr_time": 1676278823, "arr_date_time": "2023-02-13T04:00:23-05:00", "end_time": 1676279123, "end_date_time": "2023-02-13T04:05:23-05:00", "waiting_time": 0, "distance": 23, "driving_time": 23, "preparation_time": 0, "load_before": [0], "load_after": [0]}, {"type": "service", "id": "1702139000_28", "location_id": "1702139000", "address": {"location_id": "1702139000", "lat": 42.28326767, "lon": -71.08236442}, "arr_time": 1676279133, "arr_date_time": "2023-02-13T04:05:33-05:00", "end_time": 1676279433, "end_date_time": "2023-02-13T04:10:33-05:00", "waiting_time": 0, "distance": 34, "driving_time": 33, "preparation_time": 0, "load_before": [0], "load_after": [0]}, {"type": "service", "id": "1702140000_29", "location_id": "1702140000", "address": {"location_id": "1702140000", "lat": 42.28316926, "lon": -71.08233491}, "arr_time": 1676279444, "arr_date_time": "2023-02-13T04:10:44-05:00", "end_time": 1676279744, "end_date_time": "2023-02-13T04:15:44-05:00", "waiting_time": 0, "distance": 45, "driving_time": 44, "preparation_time": 0, "load_before": [0], "load_after": [0]}, {"type": "service", "id": "1702115000_23", "location_id": "1702115000", "address": {"location_id": "1702115000", "lat": 42.28375494, "lon": -71.08172548}, "arr_time": 1676279849, "arr_date_time": "2023-02-13T04:17:29-05:00", "end_time": 1676280149, "end_date_time": "2023-02-13T04:22:29-05:00", "waiting_time": 0, "distance": 155, "driving_time": 149, "preparation_time": 0, "load_before": [0], "load_after": [0]}, {"type": "service", "id": "1702087000_01", "location_id": "1702087000", "address": {"location_id": "1702087000", "lat": 42.28336379, "lon": -71.08100249}, "arr_time": 1676280316, "arr_date_time": "2023-02-13T04:25:16-05:00", "end_time": 1676280616, "end_date_time": "2023-02-13T04:30:16-05:00", "waiting_time": 0, "distance": 329, "driving_time": 316, "preparation_time": 0, "load_before": [0], "load_after": [0]}, {"type": "service", "id": "1702088000_02", "location_id": "1702088000", "address": {"location_id": "1702088000", "lat": 42.28320658, "lon": -71.08093608}, "arr_time": 1676280659, "arr_date_time": "2023-02-13T04:30:59-05:00", "end_time": 1676280959, "end_date_time": "2023-02-13T04:35:59-05:00", "waiting_time": 0, "distance": 374, "driving_time": 359, "preparation_time": 0, "load_before": [0], "load_after": [0]}, {"type": "service", "id": "1702094010_07", "location_id": "1702094010", "address": {"location_id": "1702094010", "lat": 42.28281959, "lon": -71.08076045}, "arr_time": 1676281008, "arr_date_time": "2023-02-13T04:36:48-05:00", "end_time": 1676281308, "end_date_time": "2023-02-13T04:41:48-05:00", "waiting_time": 0, "distance": 426, "driving_time": 408, "preparation_time": 0, "load_before": [0], "load_after": [0]}, {"type": "service", "id": "1702093040_06", "location_id": "1702093040", "address": {"location_id": "1702093040", "lat": 42.28273308, "lon": -71.08084529}, "arr_time": 1676281319, "arr_date_time": "2023-02-13T04:41:59-05:00", "end_time": 1676281619, "end_date_time": "2023-02-13T04:46:59-05:00", "waiting_time": 0, "distance": 437, "driving_time": 419, "preparation_time": 0, "load_before": [0], "load_after": [0]}, {"type": "service", "id": "1702093010_05", "location_id": "1702093010", "address": {"location_id": "1702093010", "lat": 42.28274146, "lon": -71.08096332}, "arr_time": 1676281627, "arr_date_time": "2023-02-13T04:47:07-05:00", "end_time": 1676281927, "end_date_time": "2023-02-13T04:52:07-05:00", "waiting_time": 0, "distance": 446, "driving_time": 427, "preparation_time": 0, "load_before": [0], "load_after": [0]}, {"type": "service", "id": "1702092000_04", "location_id": "1702092000", "address": {"location_id": "1702092000", "lat": 42.28271951, "lon": -71.0811671}, "arr_time": 1676281943, "arr_date_time": "2023-02-13T04:52:23-05:00", "end_time": 1676282243, "end_date_time": "2023-02-13T04:57:23-05:00", "waiting_time": 0, "distance": 462, "driving_time": 443, "preparation_time": 0, "load_before": [0], "load_after": [0]}, {"type": "service", "id": "1702091000_03", "location_id": "1702091000", "address": {"location_id": "1702091000", "lat": 42.28296564, "lon": -71.08132472}, "arr_time": 1676282244, "arr_date_time": "2023-02-13T04:57:24-05:00", "end_time": 1676282544, "end_date_time": "2023-02-13T05:02:24-05:00", "waiting_time": 0, "distance": 464, "driving_time": 444, "preparation_time": 0, "load_before": [0], "load_after": [0]}, {"type": "service", "id": "1702105000_21", "location_id": "1702105000", "address": {"location_id": "1702105000", "lat": 42.28291315, "lon": -71.08161379}, "arr_time": 1676282561, "arr_date_time": "2023-02-13T05:02:41-05:00", "end_time": 1676282861, "end_date_time": "2023-02-13T05:07:41-05:00", "waiting_time": 0, "distance": 482, "driving_time": 461, "preparation_time": 0, "load_before": [0], "load_after": [0]}, {"type": "service", "id": "1702094040_08", "location_id": "1702094040", "address": {"location_id": "1702094040", "lat": 42.28278589, "lon": -71.08066577}, "arr_time": 1676282951, "arr_date_time": "2023-02-13T05:09:11-05:00", "end_time": 1676283251, "end_date_time": "2023-02-13T05:14:11-05:00", "waiting_time": 0, "distance": 576, "driving_time": 551, "preparation_time": 0, "load_before": [0], "load_after": [0]}, {"type": "service", "id": "1702095040_09", "location_id": "1702095040", "address": {"location_id": "1702095040", "lat": 42.28263275, "lon": -71.08059126}, "arr_time": 1676283268, "arr_date_time": "2023-02-13T05:14:28-05:00", "end_time": 1676283568, "end_date_time": "2023-02-13T05:19:28-05:00", "waiting_time": 0, "distance": 594, "driving_time": 568, "preparation_time": 0, "load_before": [0], "load_after": [0]}, {"type": "service", "id": "1702096010_10", "location_id": "1702096010", "address": {"location_id": "1702096010", "lat": 42.28256566, "lon": -71.08042655}, "arr_time": 1676283580, "arr_date_time": "2023-02-13T05:19:40-05:00", "end_time": 1676283880, "end_date_time": "2023-02-13T05:24:40-05:00", "waiting_time": 0, "distance": 607, "driving_time": 580, "preparation_time": 0, "load_before": [0], "load_after": [0]}, {"type": "service", "id": "1702096040_11", "location_id": "1702096040", "address": {"location_id": "1702096040", "lat": 42.28250215, "lon": -71.08056985}, "arr_time": 1676283928, "arr_date_time": "2023-02-13T05:25:28-05:00", "end_time": 1676284228, "end_date_time": "2023-02-13T05:30:28-05:00", "waiting_time": 0, "distance": 657, "driving_time": 628, "preparation_time": 0, "load_before": [0], "load_after": [0]}, {"type": "service", "id": "1702097010_12", "location_id": "1702097010", "address": {"location_id": "1702097010", "lat": 42.28248151, "lon": -71.08070535}, "arr_time": 1676284239, "arr_date_time": "2023-02-13T05:30:39-05:00", "end_time": 1676284539, "end_date_time": "2023-02-13T05:35:39-05:00", "waiting_time": 0, "distance": 668, "driving_time": 639, "preparation_time": 0, "load_before": [0], "load_after": [0]}, {"type": "service", "id": "1702098010_13", "location_id": "1702098010", "address": {"location_id": "1702098010", "lat": 42.28248181, "lon": -71.08093565}, "arr_time": 1676284556, "arr_date_time": "2023-02-13T05:35:56-05:00", "end_time": 1676284856, "end_date_time": "2023-02-13T05:40:56-05:00", "waiting_time": 0, "distance": 686, "driving_time": 656, "preparation_time": 0, "load_before": [0], "load_after": [0]}, {"type": "service", "id": "1702098040_14", "location_id": "1702098040", "address": {"location_id": "1702098040", "lat": 42.28245552, "lon": -71.08103637}, "arr_time": 1676284864, "arr_date_time": "2023-02-13T05:41:04-05:00", "end_time": 1676285164, "end_date_time": "2023-02-13T05:46:04-05:00", "waiting_time": 0, "distance": 695, "driving_time": 664, "preparation_time": 0, "load_before": [0], "load_after": [0]}, {"type": "service", "id": "1702099010_15", "location_id": "1702099010", "address": {"location_id": "1702099010", "lat": 42.28243134, "lon": -71.08113462}, "arr_time": 1676285172, "arr_date_time": "2023-02-13T05:46:12-05:00", "end_time": 1676285472, "end_date_time": "2023-02-13T05:51:12-05:00", "waiting_time": 0, "distance": 704, "driving_time": 672, "preparation_time": 0, "load_before": [0], "load_after": [0]}, {"type": "service", "id": "1702100010_16", "location_id": "1702100010", "address": {"location_id": "1702100010", "lat": 42.28231208, "lon": -71.08133149}, "arr_time": 1676285491, "arr_date_time": "2023-02-13T05:51:31-05:00", "end_time": 1676285791, "end_date_time": "2023-02-13T05:56:31-05:00", "waiting_time": 0, "distance": 724, "driving_time": 691, "preparation_time": 0, "load_before": [0], "load_after": [0]}, {"type": "service", "id": "1702100040_17", "location_id": "1702100040", "address": {"location_id": "1702100040", "lat": 42.28227359, "lon": -71.08148687}, "arr_time": 1676285831, "arr_date_time": "2023-02-13T05:57:11-05:00", "end_time": 1676286131, "end_date_time": "2023-02-13T06:02:11-05:00", "waiting_time": 0, "distance": 766, "driving_time": 731, "preparation_time": 0, "load_before": [0], "load_after": [0]}, {"type": "service", "id": "1702101040_19", "location_id": "1702101040", "address": {"location_id": "1702101040", "lat": 42.28246025, "lon": -71.08147849}, "arr_time": 1676286149, "arr_date_time": "2023-02-13T06:02:29-05:00", "end_time": 1676286449, "end_date_time": "2023-02-13T06:07:29-05:00", "waiting_time": 0, "distance": 786, "driving_time": 749, "preparation_time": 0, "load_before": [0], "load_after": [0]}, {"type": "service", "id": "1702102010_20", "location_id": "1702102010", "address": {"location_id": "1702102010", "lat": 42.28253616, "lon": -71.0814481}, "arr_time": 1676286456, "arr_date_time": "2023-02-13T06:07:36-05:00", "end_time": 1676286756, "end_date_time": "2023-02-13T06:12:36-05:00", "waiting_time": 0, "distance": 793, "driving_time": 756, "preparation_time": 0, "load_before": [0], "load_after": [0]}, {"type": "service", "id": "1702101010_18", "location_id": "1702101010", "address": {"location_id": "1702101010", "lat": 42.28239545, "lon": -71.08144969}, "arr_time": 1676286771, "arr_date_time": "2023-02-13T06:12:51-05:00", "end_time": 1676287071, "end_date_time": "2023-02-13T06:17:51-05:00", "waiting_time": 0, "distance": 808, "driving_time": 771, "preparation_time": 0, "load_before": [0], "load_after": [0]}, {"type": "service", "id": "1702159000_33", "location_id": "1702159000", "address": {"location_id": "1702159000", "lat": 42.28194205, "lon": -71.0827929}, "arr_time": 1676287191, "arr_date_time": "2023-02-13T06:19:51-05:00", "end_time": 1676287491, "end_date_time": "2023-02-13T06:24:51-05:00", "waiting_time": 0, "distance": 933, "driving_time": 891, "preparation_time": 0, "load_before": [0], "load_after": [0]}, {"type": "service", "id": "1702122000_24", "location_id": "1702122000", "address": {"location_id": "1702122000", "lat": 42.28228922, "lon": -71.08226845}, "arr_time": 1676287553, "arr_date_time": "2023-02-13T06:25:53-05:00", "end_time": 1676287853, "end_date_time": "2023-02-13T06:30:53-05:00", "waiting_time": 0, "distance": 998, "driving_time": 953, "preparation_time": 0, "load_before": [0], "load_after": [0]}, {"type": "service", "id": "1702123000_25", "location_id": "1702123000", "address": {"location_id": "1702123000", "lat": 42.2823892, "lon": -71.08232872}, "arr_time": 1676287865, "arr_date_time": "2023-02-13T06:31:05-05:00", "end_time": 1676288165, "end_date_time": "2023-02-13T06:36:05-05:00", "waiting_time": 0, "distance": 1010, "driving_time": 965, "preparation_time": 0, "load_before": [0], "load_after": [0]}, {"type": "service", "id": "1702125000_26", "location_id": "1702125000", "address": {"location_id": "1702125000", "lat": 42.28260196, "lon": -71.08250113}, "arr_time": 1676288192, "arr_date_time": "2023-02-13T06:36:32-05:00", "end_time": 1676288492, "end_date_time": "2023-02-13T06:41:32-05:00", "waiting_time": 0, "distance": 1037, "driving_time": 992, "preparation_time": 0, "load_before": [0], "load_after": [0]}, {"type": "service", "id": "1702154000_32", "location_id": "1702154000", "address": {"location_id": "1702154000", "lat": 42.28253361, "lon": -71.08302462}, "arr_time": 1676288501, "arr_date_time": "2023-02-13T06:41:41-05:00", "end_time": 1676288801, "end_date_time": "2023-02-13T06:46:41-05:00", "waiting_time": 0, "distance": 1047, "driving_time": 1001, "preparation_time": 0, "load_before": [0], "load_after": [0]}, {"type": "service", "id": "1702152000_31", "location_id": "1702152000", "address": {"location_id": "1702152000", "lat": 42.28278554, "lon": -71.08317017}, "arr_time": 1676288831, "arr_date_time": "2023-02-13T06:47:11-05:00", "end_time": 1676289131, "end_date_time": "2023-02-13T06:52:11-05:00", "waiting_time": 0, "distance": 1077, "driving_time": 1031, "preparation_time": 0, "load_before": [0], "load_after": [0]}, {"type": "service", "id": "1702129000_27", "location_id": "1702129000", "address": {"location_id": "1702129000", "lat": 42.28292861, "lon": -71.08278937}, "arr_time": 1676289133, "arr_date_time": "2023-02-13T06:52:13-05:00", "end_time": 1676289433, "end_date_time": "2023-02-13T06:57:13-05:00", "waiting_time": 0, "distance": 1079, "driving_time": 1033, "preparation_time": 0, "load_before": [0], "load_after": [0]}, {"type": "service", "id": "1702150000_30", "location_id": "1702150000", "address": {"location_id": "1702150000", "lat": 42.28301321, "lon": -71.08331369}, "arr_time": 1676289540, "arr_date_time": "2023-02-13T06:59:00-05:00", "end_time": 1676289840, "end_date_time": "2023-02-13T07:04:00-05:00", "waiting_time": 0, "distance": 1190, "driving_time": 1140, "preparation_time": 0, "load_before": [0], "load_after": [0]}, {"type": "service", "id": "1702170000_36", "location_id": "1702170000", "address": {"location_id": "1702170000", "lat": 42.28286793, "lon": -71.08350353}, "arr_time": 1676289861, "arr_date_time": "2023-02-13T07:04:21-05:00", "end_time": 1676290161, "end_date_time": "2023-02-13T07:09:21-05:00", "waiting_time": 0, "distance": 1212, "driving_time": 1161, "preparation_time": 0, "load_before": [0], "load_after": [0]}, {"type": "service", "id": "1702169000_35", "location_id": "1702169000", "address": {"location_id": "1702169000", "lat": 42.28267875, "lon": -71.08349418}, "arr_time": 1676290189, "arr_date_time": "2023-02-13T07:09:49-05:00", "end_time": 1676290489, "end_date_time": "2023-02-13T07:14:49-05:00", "waiting_time": 0, "distance": 1241, "driving_time": 1189, "preparation_time": 0, "load_before": [0], "load_after": [0]}, {"type": "service", "id": "1702176000_37", "location_id": "1702176000", "address": {"location_id": "1702176000", "lat": 42.28267545, "lon": -71.08392278}, "arr_time": 1676290491, "arr_date_time": "2023-02-13T07:14:51-05:00", "end_time": 1676290791, "end_date_time": "2023-02-13T07:19:51-05:00", "waiting_time": 0, "distance": 1242, "driving_time": 1191, "preparation_time": 0, "load_before": [0], "load_after": [0]}, {"type": "service", "id": "1702199000_49", "location_id": "1702199000", "address": {"location_id": "1702199000", "lat": 42.28207494, "lon": -71.08359386}, "arr_time": 1676290855, "arr_date_time": "2023-02-13T07:20:55-05:00", "end_time": 1676291155, "end_date_time": "2023-02-13T07:25:55-05:00", "waiting_time": 0, "distance": 1309, "driving_time": 1255, "preparation_time": 0, "load_before": [0], "load_after": [0]}, {"type": "service", "id": "1702200000_50", "location_id": "1702200000", "address": {"location_id": "1702200000", "lat": 42.28189766, "lon": -71.08356098}, "arr_time": 1676291173, "arr_date_time": "2023-02-13T07:26:13-05:00", "end_time": 1676291473, "end_date_time": "2023-02-13T07:31:13-05:00", "waiting_time": 0, "distance": 1328, "driving_time": 1273, "preparation_time": 0, "load_before": [0], "load_after": [0]}, {"type": "service", "id": "1702163000_34", "location_id": "1702163000", "address": {"location_id": "1702163000", "lat": 42.28193706, "lon": -71.08317499}, "arr_time": 1676291481, "arr_date_time": "2023-02-13T07:31:21-05:00", "end_time": 1676291781, "end_date_time": "2023-02-13T07:36:21-05:00", "waiting_time": 0, "distance": 1336, "driving_time": 1281, "preparation_time": 0, "load_before": [0], "load_after": [0]}, {"type": "service", "id": "1702201000_51", "location_id": "1702201000", "address": {"location_id": "1702201000", "lat": 42.28172899, "lon": -71.08344523}, "arr_time": 1676291793, "arr_date_time": "2023-02-13T07:36:33-05:00", "end_time": 1676292093, "end_date_time": "2023-02-13T07:41:33-05:00", "waiting_time": 0, "distance": 1348, "driving_time": 1293, "preparation_time": 0, "load_before": [0], "load_after": [0]}, {"type": "service", "id": "1702178000_38", "location_id": "1702178000", "address": {"location_id": "1702178000", "lat": 42.28238565, "lon": -71.08404861}, "arr_time": 1676292189, "arr_date_time": "2023-02-13T07:43:09-05:00", "end_time": 1676292489, "end_date_time": "2023-02-13T07:48:09-05:00", "waiting_time": 0, "distance": 1448, "driving_time": 1389, "preparation_time": 0, "load_before": [0], "load_after": [0]}, {"type": "service", "id": "1702198000_48", "location_id": "1702198000", "address": {"location_id": "1702198000", "lat": 42.28221953, "lon": -71.08369137}, "arr_time": 1676292491, "arr_date_time": "2023-02-13T07:48:11-05:00", "end_time": 1676292791, "end_date_time": "2023-02-13T07:53:11-05:00", "waiting_time": 0, "distance": 1450, "driving_time": 1391, "preparation_time": 0, "load_before": [0], "load_after": [0]}, {"type": "service", "id": "1702197000_47", "location_id": "1702197000", "address": {"location_id": "1702197000", "lat": 42.28195999, "lon": -71.08386845}, "arr_time": 1676292821, "arr_date_time": "2023-02-13T07:53:41-05:00", "end_time": 1676293121, "end_date_time": "2023-02-13T07:58:41-05:00", "waiting_time": 0, "distance": 1482, "driving_time": 1421, "preparation_time": 0, "load_before": [0], "load_after": [0]}, {"type": "service", "id": "1702181000_39", "location_id": "1702181000", "address": {"location_id": "1702181000", "lat": 42.28202688, "lon": -71.08431445}, "arr_time": 1676293132, "arr_date_time": "2023-02-13T07:58:52-05:00", "end_time": 1676293432, "end_date_time": "2023-02-13T08:03:52-05:00", "waiting_time": 0, "distance": 1493, "driving_time": 1432, "preparation_time": 0, "load_before": [0], "load_after": [0]}, {"type": "service", "id": "1702196000_46", "location_id": "1702196000", "address": {"location_id": "1702196000", "lat": 42.28179065, "lon": -71.08392907}, "arr_time": 1676293439, "arr_date_time": "2023-02-13T08:03:59-05:00", "end_time": 1676293739, "end_date_time": "2023-02-13T08:08:59-05:00", "waiting_time": 0, "distance": 1500, "driving_time": 1439, "preparation_time": 0, "load_before": [0], "load_after": [0]}, {"type": "service", "id": "1702182000_40", "location_id": "1702182000", "address": {"location_id": "1702182000", "lat": 42.28191173, "lon": -71.08440093}, "arr_time": 1676293745, "arr_date_time": "2023-02-13T08:09:05-05:00", "end_time": 1676294045, "end_date_time": "2023-02-13T08:14:05-05:00", "waiting_time": 0, "distance": 1507, "driving_time": 1445, "preparation_time": 0, "load_before": [0], "load_after": [0]}, {"type": "service", "id": "1702185000_41", "location_id": "1702185000", "address": {"location_id": "1702185000", "lat": 42.28143871, "lon": -71.0843564}, "arr_time": 1676294075, "arr_date_time": "2023-02-13T08:14:35-05:00", "end_time": 1676294375, "end_date_time": "2023-02-13T08:19:35-05:00", "waiting_time": 0, "distance": 1538, "driving_time": 1475, "preparation_time": 0, "load_before": [0], "load_after": [0]}, {"type": "service", "id": "1702193000_45", "location_id": "1702193000", "address": {"location_id": "1702193000", "lat": 42.28147699, "lon": -71.08382425}, "arr_time": 1676294401, "arr_date_time": "2023-02-13T08:20:01-05:00", "end_time": 1676294701, "end_date_time": "2023-02-13T08:25:01-05:00", "waiting_time": 0, "distance": 1566, "driving_time": 1501, "preparation_time": 0, "load_before": [0], "load_after": [0]}, {"type": "service", "id": "1702187000_42", "location_id": "1702187000", "address": {"location_id": "1702187000", "lat": 42.28126531, "lon": -71.08413825}, "arr_time": 1676294737, "arr_date_time": "2023-02-13T08:25:37-05:00", "end_time": 1676295037, "end_date_time": "2023-02-13T08:30:37-05:00", "waiting_time": 0, "distance": 1603, "driving_time": 1537, "preparation_time": 0, "load_before": [0], "load_after": [0]}, {"type": "service", "id": "1702192000_44", "location_id": "1702192000", "address": {"location_id": "1702192000", "lat": 42.28158017, "lon": -71.08369554}, "arr_time": 1676295085, "arr_date_time": "2023-02-13T08:31:25-05:00", "end_time": 1676295385, "end_date_time": "2023-02-13T08:36:25-05:00", "waiting_time": 0, "distance": 1653, "driving_time": 1585, "preparation_time": 0, "load_before": [0], "load_after": [0]}, {"type": "service", "id": "1702215000_55", "location_id": "1702215000", "address": {"location_id": "1702215000", "lat": 42.2812952, "lon": -71.08338824}, "arr_time": 1676295387, "arr_date_time": "2023-02-13T08:36:27-05:00", "end_time": 1676295687, "end_date_time": "2023-02-13T08:41:27-05:00", "waiting_time": 0, "distance": 1654, "driving_time": 1587, "preparation_time": 0, "load_before": [0], "load_after": [0]}, {"type": "service", "id": "1702191000_43", "location_id": "1702191000", "address": {"location_id": "1702191000", "lat": 42.28158163, "lon": -71.08351236}, "arr_time": 1676295697, "arr_date_time": "2023-02-13T08:41:37-05:00", "end_time": 1676295997, "end_date_time": "2023-02-13T08:46:37-05:00", "waiting_time": 0, "distance": 1665, "driving_time": 1597, "preparation_time": 0, "load_before": [0], "load_after": [0]}, {"type": "service", "id": "1702203000_52", "location_id": "1702203000", "address": {"location_id": "1702203000", "lat": 42.28115359, "lon": -71.08319984}, "arr_time": 1676296068, "arr_date_time": "2023-02-13T08:47:48-05:00", "end_time": 1676296368, "end_date_time": "2023-02-13T08:52:48-05:00", "waiting_time": 0, "distance": 1739, "driving_time": 1668, "preparation_time": 0, "load_before": [0], "load_after": [0]}, {"type": "service", "id": "1702204000_53", "location_id": "1702204000", "address": {"location_id": "1702204000", "lat": 42.28111705, "lon": -71.08304327}, "arr_time": 1676296376, "arr_date_time": "2023-02-13T08:52:56-05:00", "end_time": 1676296676, "end_date_time": "2023-02-13T08:57:56-05:00", "waiting_time": 0, "distance": 1748, "driving_time": 1676, "preparation_time": 0, "load_before": [0], "load_after": [0]}, {"type": "service", "id": "1702205000_54", "location_id": "1702205000", "address": {"location_id": "1702205000", "lat": 42.28094684, "lon": -71.08302759}, "arr_time": 1676296693, "arr_date_time": "2023-02-13T08:58:13-05:00", "end_time": 1676296993, "end_date_time": "2023-02-13T09:03:13-05:00", "waiting_time": 0, "distance": 1766, "driving_time": 1693, "preparation_time": 0, "load_before": [0], "load_after": [0]}]}], "unassigned": {"services": [], "shipments": [], "breaks": [], "details": []}}}