{"copyrights": ["GraphHopper", "OpenStreetMap contributors"], "job_id": "c1f0f00c-91eb-453d-8b82-0bb9234265f4", "status": "finished", "waiting_time_in_queue": 0, "processing_time": 127, "solution": {"costs": 328, "distance": 2250, "time": 2157, "transport_time": 2157, "completion_time": 15957, "max_operation_time": 15957, "waiting_time": 0, "service_duration": 13800, "preparation_time": 0, "no_vehicles": 1, "no_unassigned": 0, "routes": [{"vehicle_id": "my_vehicle", "shift_id": "default-shift", "distance": 2250, "transport_time": 2157, "completion_time": 15957, "waiting_time": 0, "service_duration": 13800, "preparation_time": 0, "activities": [{"type": "start", "location_id": "1801754000", "address": {"location_id": "1801754000", "lat": 42.26869349, "lon": -71.09654232}, "arr_time": 1676278800, "arr_date_time": "2023-02-13T04:00:00-05:00", "end_time": 1676278800, "end_date_time": "2023-02-13T04:00:00-05:00", "waiting_time": 0, "distance": 0, "driving_time": 0, "preparation_time": 0, "load_after": [0]}, {"type": "service", "id": "1801680000_37", "location_id": "1801680000", "address": {"location_id": "1801680000", "lat": 42.2684541, "lon": -71.09613617}, "arr_time": 1676278800, "arr_date_time": "2023-02-13T04:00:00-05:00", "end_time": 1676279100, "end_date_time": "2023-02-13T04:05:00-05:00", "waiting_time": 0, "distance": 1, "driving_time": 0, "preparation_time": 0, "load_before": [0], "load_after": [0]}, {"type": "service", "id": "1801681000_38", "location_id": "1801681000", "address": {"location_id": "1801681000", "lat": 42.26856629, "lon": -71.09601184}, "arr_time": 1676279177, "arr_date_time": "2023-02-13T04:06:17-05:00", "end_time": 1676279477, "end_date_time": "2023-02-13T04:11:17-05:00", "waiting_time": 0, "distance": 82, "driving_time": 77, "preparation_time": 0, "load_before": [0], "load_after": [0]}, {"type": "service", "id": "1801679000_36", "location_id": "1801679000", "address": {"location_id": "1801679000", "lat": 42.26834123, "lon": -71.09625157}, "arr_time": 1676279569, "arr_date_time": "2023-02-13T04:12:49-05:00", "end_time": 1676279869, "end_date_time": "2023-02-13T04:17:49-05:00", "waiting_time": 0, "distance": 178, "driving_time": 169, "preparation_time": 0, "load_before": [0], "load_after": [0]}, {"type": "service", "id": "1801756000_45", "location_id": "1801756000", "address": {"location_id": "1801756000", "lat": 42.26847807, "lon": -71.0967678}, "arr_time": 1676279883, "arr_date_time": "2023-02-13T04:18:03-05:00", "end_time": 1676280183, "end_date_time": "2023-02-13T04:23:03-05:00", "waiting_time": 0, "distance": 192, "driving_time": 183, "preparation_time": 0, "load_before": [0], "load_after": [0]}, {"type": "service", "id": "1801678000_35", "location_id": "1801678000", "address": {"location_id": "1801678000", "lat": 42.26823649, "lon": -71.09636399}, "arr_time": 1676280184, "arr_date_time": "2023-02-13T04:23:04-05:00", "end_time": 1676280484, "end_date_time": "2023-02-13T04:28:04-05:00", "waiting_time": 0, "distance": 193, "driving_time": 184, "preparation_time": 0, "load_before": [0], "load_after": [0]}, {"type": "service", "id": "1801677000_34", "location_id": "1801677000", "address": {"location_id": "1801677000", "lat": 42.26812287, "lon": -71.09647979}, "arr_time": 1676280499, "arr_date_time": "2023-02-13T04:28:19-05:00", "end_time": 1676280799, "end_date_time": "2023-02-13T04:33:19-05:00", "waiting_time": 0, "distance": 209, "driving_time": 199, "preparation_time": 0, "load_before": [0], "load_after": [0]}, {"type": "service", "id": "1801675000_33", "location_id": "1801675000", "address": {"location_id": "1801675000", "lat": 42.26799439, "lon": -71.09675668}, "arr_time": 1676280823, "arr_date_time": "2023-02-13T04:33:43-05:00", "end_time": 1676281123, "end_date_time": "2023-02-13T04:38:43-05:00", "waiting_time": 0, "distance": 234, "driving_time": 223, "preparation_time": 0, "load_before": [0], "load_after": [0]}, {"type": "service", "id": "1801674000_32", "location_id": "1801674000", "address": {"location_id": "1801674000", "lat": 42.26776066, "lon": -71.09681195}, "arr_time": 1676281145, "arr_date_time": "2023-02-13T04:39:05-05:00", "end_time": 1676281445, "end_date_time": "2023-02-13T04:44:05-05:00", "waiting_time": 0, "distance": 257, "driving_time": 245, "preparation_time": 0, "load_before": [0], "load_after": [0]}, {"type": "service", "id": "1801760000_46", "location_id": "1801760000", "address": {"location_id": "1801760000", "lat": 42.26789609, "lon": -71.09724633}, "arr_time": 1676281455, "arr_date_time": "2023-02-13T04:44:15-05:00", "end_time": 1676281755, "end_date_time": "2023-02-13T04:49:15-05:00", "waiting_time": 0, "distance": 267, "driving_time": 255, "preparation_time": 0, "load_before": [0], "load_after": [0]}, {"type": "service", "id": "1801673000_31", "location_id": "1801673000", "address": {"location_id": "1801673000", "lat": 42.26770501, "lon": -71.09694991}, "arr_time": 1676281756, "arr_date_time": "2023-02-13T04:49:16-05:00", "end_time": 1676282056, "end_date_time": "2023-02-13T04:54:16-05:00", "waiting_time": 0, "distance": 269, "driving_time": 256, "preparation_time": 0, "load_before": [0], "load_after": [0]}, {"type": "service", "id": "1801672000_30", "location_id": "1801672000", "address": {"location_id": "1801672000", "lat": 42.26758698, "lon": -71.09704128}, "arr_time": 1676282071, "arr_date_time": "2023-02-13T04:54:31-05:00", "end_time": 1676282371, "end_date_time": "2023-02-13T04:59:31-05:00", "waiting_time": 0, "distance": 284, "driving_time": 271, "preparation_time": 0, "load_before": [0], "load_after": [0]}, {"type": "service", "id": "1801715000_43", "location_id": "1801715000", "address": {"location_id": "1801715000", "lat": 42.26750902, "lon": -71.09659571}, "arr_time": 1676282451, "arr_date_time": "2023-02-13T05:00:51-05:00", "end_time": 1676282751, "end_date_time": "2023-02-13T05:05:51-05:00", "waiting_time": 0, "distance": 367, "driving_time": 351, "preparation_time": 0, "load_before": [0], "load_after": [0]}, {"type": "service", "id": "1801714000_42", "location_id": "1801714000", "address": {"location_id": "1801714000", "lat": 42.26737227, "lon": -71.09666915}, "arr_time": 1676282751, "arr_date_time": "2023-02-13T05:05:51-05:00", "end_time": 1676283051, "end_date_time": "2023-02-13T05:10:51-05:00", "waiting_time": 0, "distance": 367, "driving_time": 351, "preparation_time": 0, "load_before": [0], "load_after": [0]}, {"type": "service", "id": "1801655000_23", "location_id": "1801655000", "address": {"location_id": "1801655000", "lat": 42.26717029, "lon": -71.09720027}, "arr_time": 1676283077, "arr_date_time": "2023-02-13T05:11:17-05:00", "end_time": 1676283377, "end_date_time": "2023-02-13T05:16:17-05:00", "waiting_time": 0, "distance": 395, "driving_time": 377, "preparation_time": 0, "load_before": [0], "load_after": [0]}, {"type": "service", "id": "1801656000_24", "location_id": "1801656000", "address": {"location_id": "1801656000", "lat": 42.26692444, "lon": -71.09732552}, "arr_time": 1676283405, "arr_date_time": "2023-02-13T05:16:45-05:00", "end_time": 1676283705, "end_date_time": "2023-02-13T05:21:45-05:00", "waiting_time": 0, "distance": 424, "driving_time": 405, "preparation_time": 0, "load_before": [0], "load_after": [0]}, {"type": "service", "id": "1801155000_01", "location_id": "1801155000", "address": {"location_id": "1801155000", "lat": 42.26651623, "lon": -71.09649923}, "arr_time": 1676283980, "arr_date_time": "2023-02-13T05:26:20-05:00", "end_time": 1676284280, "end_date_time": "2023-02-13T05:31:20-05:00", "waiting_time": 0, "distance": 710, "driving_time": 680, "preparation_time": 0, "load_before": [0], "load_after": [0]}, {"type": "service", "id": "1801704000_41", "location_id": "1801704000", "address": {"location_id": "1801704000", "lat": 42.26745349, "lon": -71.09634613}, "arr_time": 1676284517, "arr_date_time": "2023-02-13T05:35:17-05:00", "end_time": 1676284817, "end_date_time": "2023-02-13T05:40:17-05:00", "waiting_time": 0, "distance": 958, "driving_time": 917, "preparation_time": 0, "load_before": [0], "load_after": [0]}, {"type": "service", "id": "1801716000_44", "location_id": "1801716000", "address": {"location_id": "1801716000", "lat": 42.26770001, "lon": -71.09654353}, "arr_time": 1676284835, "arr_date_time": "2023-02-13T05:40:35-05:00", "end_time": 1676285135, "end_date_time": "2023-02-13T05:45:35-05:00", "waiting_time": 0, "distance": 975, "driving_time": 935, "preparation_time": 0, "load_before": [0], "load_after": [0]}, {"type": "service", "id": "1801696000_40", "location_id": "1801696000", "address": {"location_id": "1801696000", "lat": 42.26714358, "lon": -71.09615542}, "arr_time": 1676285177, "arr_date_time": "2023-02-13T05:46:17-05:00", "end_time": 1676285477, "end_date_time": "2023-02-13T05:51:17-05:00", "waiting_time": 0, "distance": 1020, "driving_time": 977, "preparation_time": 0, "load_before": [0], "load_after": [0]}, {"type": "service", "id": "1801695000_39", "location_id": "1801695000", "address": {"location_id": "1801695000", "lat": 42.26704147, "lon": -71.09621764}, "arr_time": 1676285489, "arr_date_time": "2023-02-13T05:51:29-05:00", "end_time": 1676285789, "end_date_time": "2023-02-13T05:56:29-05:00", "waiting_time": 0, "distance": 1032, "driving_time": 989, "preparation_time": 0, "load_before": [0], "load_after": [0]}, {"type": "service", "id": "1801173000_03", "location_id": "1801173000", "address": {"location_id": "1801173000", "lat": 42.26618412, "lon": -71.09725553}, "arr_time": 1676285931, "arr_date_time": "2023-02-13T05:58:51-05:00", "end_time": 1676286231, "end_date_time": "2023-02-13T06:03:51-05:00", "waiting_time": 0, "distance": 1179, "driving_time": 1131, "preparation_time": 0, "load_before": [0], "load_after": [0]}, {"type": "service", "id": "1801662010_25", "location_id": "1801662010", "address": {"location_id": "1801662010", "lat": 42.26620687, "lon": -71.09797365}, "arr_time": 1676286260, "arr_date_time": "2023-02-13T06:04:20-05:00", "end_time": 1676286560, "end_date_time": "2023-02-13T06:09:20-05:00", "waiting_time": 0, "distance": 1209, "driving_time": 1160, "preparation_time": 0, "load_before": [0], "load_after": [0]}, {"type": "service", "id": "1801171000_02", "location_id": "1801171000", "address": {"location_id": "1801171000", "lat": 42.26600813, "lon": -71.09744016}, "arr_time": 1676286580, "arr_date_time": "2023-02-13T06:09:40-05:00", "end_time": 1676286880, "end_date_time": "2023-02-13T06:14:40-05:00", "waiting_time": 0, "distance": 1230, "driving_time": 1180, "preparation_time": 0, "load_before": [0], "load_after": [0]}, {"type": "service", "id": "1801185000_06", "location_id": "1801185000", "address": {"location_id": "1801185000", "lat": 42.26581629, "lon": -71.097584}, "arr_time": 1676286888, "arr_date_time": "2023-02-13T06:14:48-05:00", "end_time": 1676287188, "end_date_time": "2023-02-13T06:19:48-05:00", "waiting_time": 0, "distance": 1238, "driving_time": 1188, "preparation_time": 0, "load_before": [0], "load_after": [0]}, {"type": "service", "id": "1801188000_07", "location_id": "1801188000", "address": {"location_id": "1801188000", "lat": 42.26536962, "lon": -71.0972032}, "arr_time": 1676287244, "arr_date_time": "2023-02-13T06:20:44-05:00", "end_time": 1676287544, "end_date_time": "2023-02-13T06:25:44-05:00", "waiting_time": 0, "distance": 1296, "driving_time": 1244, "preparation_time": 0, "load_before": [0], "load_after": [0]}, {"type": "service", "id": "1801183000_05", "location_id": "1801183000", "address": {"location_id": "1801183000", "lat": 42.26565196, "lon": -71.09780241}, "arr_time": 1676287660, "arr_date_time": "2023-02-13T06:27:40-05:00", "end_time": 1676287960, "end_date_time": "2023-02-13T06:32:40-05:00", "waiting_time": 0, "distance": 1417, "driving_time": 1360, "preparation_time": 0, "load_before": [0], "load_after": [0]}, {"type": "service", "id": "1801182000_04", "location_id": "1801182000", "address": {"location_id": "1801182000", "lat": 42.26558356, "lon": -71.09791214}, "arr_time": 1676287971, "arr_date_time": "2023-02-13T06:32:51-05:00", "end_time": 1676288271, "end_date_time": "2023-02-13T06:37:51-05:00", "waiting_time": 0, "distance": 1429, "driving_time": 1371, "preparation_time": 0, "load_before": [0], "load_after": [0]}, {"type": "service", "id": "1801665000_26", "location_id": "1801665000", "address": {"location_id": "1801665000", "lat": 42.26585306, "lon": -71.09839094}, "arr_time": 1676288280, "arr_date_time": "2023-02-13T06:38:00-05:00", "end_time": 1676288580, "end_date_time": "2023-02-13T06:43:00-05:00", "waiting_time": 0, "distance": 1439, "driving_time": 1380, "preparation_time": 0, "load_before": [0], "load_after": [0]}, {"type": "service", "id": "1801666000_27", "location_id": "1801666000", "address": {"location_id": "1801666000", "lat": 42.26576539, "lon": -71.0985133}, "arr_time": 1676288595, "arr_date_time": "2023-02-13T06:43:15-05:00", "end_time": 1676288895, "end_date_time": "2023-02-13T06:48:15-05:00", "waiting_time": 0, "distance": 1455, "driving_time": 1395, "preparation_time": 0, "load_before": [0], "load_after": [0]}, {"type": "service", "id": "1801669000_28", "location_id": "1801669000", "address": {"location_id": "1801669000", "lat": 42.26555355, "lon": -71.09885135}, "arr_time": 1676288929, "arr_date_time": "2023-02-13T06:48:49-05:00", "end_time": 1676289229, "end_date_time": "2023-02-13T06:53:49-05:00", "waiting_time": 0, "distance": 1491, "driving_time": 1429, "preparation_time": 0, "load_before": [0], "load_after": [0]}, {"type": "service", "id": "1801670000_29", "location_id": "1801670000", "address": {"location_id": "1801670000", "lat": 42.26547985, "lon": -71.09896558}, "arr_time": 1676289241, "arr_date_time": "2023-02-13T06:54:01-05:00", "end_time": 1676289541, "end_date_time": "2023-02-13T06:59:01-05:00", "waiting_time": 0, "distance": 1503, "driving_time": 1441, "preparation_time": 0, "load_before": [0], "load_after": [0]}, {"type": "service", "id": "1801204000_11", "location_id": "1801204000", "address": {"location_id": "1801204000", "lat": 42.26490352, "lon": -71.09872632}, "arr_time": 1676289563, "arr_date_time": "2023-02-13T06:59:23-05:00", "end_time": 1676289863, "end_date_time": "2023-02-13T07:04:23-05:00", "waiting_time": 0, "distance": 1525, "driving_time": 1463, "preparation_time": 0, "load_before": [0], "load_after": [0]}, {"type": "service", "id": "1801206000_12", "location_id": "1801206000", "address": {"location_id": "1801206000", "lat": 42.26530454, "lon": -71.09842293}, "arr_time": 1676289908, "arr_date_time": "2023-02-13T07:05:08-05:00", "end_time": 1676290208, "end_date_time": "2023-02-13T07:10:08-05:00", "waiting_time": 0, "distance": 1572, "driving_time": 1508, "preparation_time": 0, "load_before": [0], "load_after": [0]}, {"type": "service", "id": "1801197000_10", "location_id": "1801197000", "address": {"location_id": "1801197000", "lat": 42.26526651, "lon": -71.0975789}, "arr_time": 1676290299, "arr_date_time": "2023-02-13T07:11:39-05:00", "end_time": 1676290599, "end_date_time": "2023-02-13T07:16:39-05:00", "waiting_time": 0, "distance": 1667, "driving_time": 1599, "preparation_time": 0, "load_before": [0], "load_after": [0]}, {"type": "service", "id": "1801193000_09", "location_id": "1801193000", "address": {"location_id": "1801193000", "lat": 42.26483305, "lon": -71.09717998}, "arr_time": 1676290655, "arr_date_time": "2023-02-13T07:17:35-05:00", "end_time": 1676290955, "end_date_time": "2023-02-13T07:22:35-05:00", "waiting_time": 0, "distance": 1725, "driving_time": 1655, "preparation_time": 0, "load_before": [0], "load_after": [0]}, {"type": "service", "id": "1801215000_13", "location_id": "1801215000", "address": {"location_id": "1801215000", "lat": 42.26460523, "lon": -71.09747043}, "arr_time": 1676290957, "arr_date_time": "2023-02-13T07:22:37-05:00", "end_time": 1676291257, "end_date_time": "2023-02-13T07:27:37-05:00", "waiting_time": 0, "distance": 1728, "driving_time": 1657, "preparation_time": 0, "load_before": [0], "load_after": [0]}, {"type": "service", "id": "1801192000_08", "location_id": "1801192000", "address": {"location_id": "1801192000", "lat": 42.26492111, "lon": -71.09703739}, "arr_time": 1676291315, "arr_date_time": "2023-02-13T07:28:35-05:00", "end_time": 1676291615, "end_date_time": "2023-02-13T07:33:35-05:00", "waiting_time": 0, "distance": 1788, "driving_time": 1715, "preparation_time": 0, "load_before": [0], "load_after": [0]}, {"type": "service", "id": "1801220000_14", "location_id": "1801220000", "address": {"location_id": "1801220000", "lat": 42.26434288, "lon": -71.0976338}, "arr_time": 1676291771, "arr_date_time": "2023-02-13T07:36:11-05:00", "end_time": 1676292071, "end_date_time": "2023-02-13T07:41:11-05:00", "waiting_time": 0, "distance": 1951, "driving_time": 1871, "preparation_time": 0, "load_before": [0], "load_after": [0]}, {"type": "service", "id": "1801231000_20", "location_id": "1801231000", "address": {"location_id": "1801231000", "lat": 42.2641618, "lon": -71.09811954}, "arr_time": 1676292083, "arr_date_time": "2023-02-13T07:41:23-05:00", "end_time": 1676292383, "end_date_time": "2023-02-13T07:46:23-05:00", "waiting_time": 0, "distance": 1963, "driving_time": 1883, "preparation_time": 0, "load_before": [0], "load_after": [0]}, {"type": "service", "id": "1801221000_15", "location_id": "1801221000", "address": {"location_id": "1801221000", "lat": 42.26442028, "lon": -71.09774125}, "arr_time": 1676292383, "arr_date_time": "2023-02-13T07:46:23-05:00", "end_time": 1676292683, "end_date_time": "2023-02-13T07:51:23-05:00", "waiting_time": 0, "distance": 1963, "driving_time": 1883, "preparation_time": 0, "load_before": [0], "load_after": [0]}, {"type": "service", "id": "1801230000_19", "location_id": "1801230000", "address": {"location_id": "1801230000", "lat": 42.26424687, "lon": -71.0982198}, "arr_time": 1676292695, "arr_date_time": "2023-02-13T07:51:35-05:00", "end_time": 1676292995, "end_date_time": "2023-02-13T07:56:35-05:00", "waiting_time": 0, "distance": 1976, "driving_time": 1895, "preparation_time": 0, "load_before": [0], "load_after": [0]}, {"type": "service", "id": "1801228000_17", "location_id": "1801228000", "address": {"location_id": "1801228000", "lat": 42.2644295, "lon": -71.09843736}, "arr_time": 1676293020, "arr_date_time": "2023-02-13T07:57:00-05:00", "end_time": 1676293320, "end_date_time": "2023-02-13T08:02:00-05:00", "waiting_time": 0, "distance": 2003, "driving_time": 1920, "preparation_time": 0, "load_before": [0], "load_after": [0]}, {"type": "service", "id": "1801225000_16", "location_id": "1801225000", "address": {"location_id": "1801225000", "lat": 42.26467253, "lon": -71.09804085}, "arr_time": 1676293323, "arr_date_time": "2023-02-13T08:02:03-05:00", "end_time": 1676293623, "end_date_time": "2023-02-13T08:07:03-05:00", "waiting_time": 0, "distance": 2005, "driving_time": 1923, "preparation_time": 0, "load_before": [0], "load_after": [0]}, {"type": "service", "id": "1801229000_18", "location_id": "1801229000", "address": {"location_id": "1801229000", "lat": 42.26432897, "lon": -71.09831997}, "arr_time": 1676293635, "arr_date_time": "2023-02-13T08:07:15-05:00", "end_time": 1676293935, "end_date_time": "2023-02-13T08:12:15-05:00", "waiting_time": 0, "distance": 2017, "driving_time": 1935, "preparation_time": 0, "load_before": [0], "load_after": [0]}, {"type": "service", "id": "1801235000_21", "location_id": "1801235000", "address": {"location_id": "1801235000", "lat": 42.26376853, "lon": -71.09776478}, "arr_time": 1676294044, "arr_date_time": "2023-02-13T08:14:04-05:00", "end_time": 1676294344, "end_date_time": "2023-02-13T08:19:04-05:00", "waiting_time": 0, "distance": 2132, "driving_time": 2044, "preparation_time": 0, "load_before": [0], "load_after": [0]}, {"type": "service", "id": "1801274000_22", "location_id": "1801274000", "address": {"location_id": "1801274000", "lat": 42.26313034, "lon": -71.09863092}, "arr_time": 1676294457, "arr_date_time": "2023-02-13T08:20:57-05:00", "end_time": 1676294757, "end_date_time": "2023-02-13T08:25:57-05:00", "waiting_time": 0, "distance": 2250, "driving_time": 2157, "preparation_time": 0, "load_before": [0], "load_after": [0]}]}], "unassigned": {"services": [], "shipments": [], "breaks": [], "details": []}}}