{"copyrights": ["GraphHopper", "OpenStreetMap contributors"], "job_id": "40254f83-bc0d-4d03-8060-255e0f20e810", "status": "finished", "waiting_time_in_queue": 0, "processing_time": 103, "solution": {"costs": 332, "distance": 2675, "time": 2569, "transport_time": 2569, "completion_time": 16369, "max_operation_time": 16369, "waiting_time": 0, "service_duration": 13800, "preparation_time": 0, "no_vehicles": 1, "no_unassigned": 0, "routes": [{"vehicle_id": "my_vehicle", "shift_id": "default-shift", "distance": 2675, "transport_time": 2569, "completion_time": 16369, "waiting_time": 0, "service_duration": 13800, "preparation_time": 0, "activities": [{"type": "start", "location_id": "1600065010", "address": {"location_id": "1600065010", "lat": 42.30203003, "lon": -71.0529876}, "arr_time": 1676278800, "arr_date_time": "2023-02-13T04:00:00-05:00", "end_time": 1676278800, "end_date_time": "2023-02-13T04:00:00-05:00", "waiting_time": 0, "distance": 0, "driving_time": 0, "preparation_time": 0, "load_after": [0]}, {"type": "service", "id": "1600081000_09", "location_id": "1600081000", "address": {"location_id": "1600081000", "lat": 42.3015091, "lon": -71.05369964}, "arr_time": 1676278885, "arr_date_time": "2023-02-13T04:01:25-05:00", "end_time": 1676279185, "end_date_time": "2023-02-13T04:06:25-05:00", "waiting_time": 0, "distance": 89, "driving_time": 85, "preparation_time": 0, "load_before": [0], "load_after": [0]}, {"type": "service", "id": "1600044001_02", "location_id": "1600044001", "address": {"location_id": "1600044001", "lat": 42.30131158, "lon": -71.05462319}, "arr_time": 1676279247, "arr_date_time": "2023-02-13T04:07:27-05:00", "end_time": 1676279547, "end_date_time": "2023-02-13T04:12:27-05:00", "waiting_time": 0, "distance": 153, "driving_time": 147, "preparation_time": 0, "load_before": [0], "load_after": [0]}, {"type": "service", "id": "1600021000_01", "location_id": "1600021000", "address": {"location_id": "1600021000", "lat": 42.30154936, "lon": -71.05492737}, "arr_time": 1676279651, "arr_date_time": "2023-02-13T04:14:11-05:00", "end_time": 1676279951, "end_date_time": "2023-02-13T04:19:11-05:00", "waiting_time": 0, "distance": 262, "driving_time": 251, "preparation_time": 0, "load_before": [0], "load_after": [0]}, {"type": "service", "id": "1600093000_10", "location_id": "1600093000", "address": {"location_id": "1600093000", "lat": 42.30050929, "lon": -71.05446734}, "arr_time": 1676280068, "arr_date_time": "2023-02-13T04:21:08-05:00", "end_time": 1676280368, "end_date_time": "2023-02-13T04:26:08-05:00", "waiting_time": 0, "distance": 384, "driving_time": 368, "preparation_time": 0, "load_before": [0], "load_after": [0]}, {"type": "service", "id": "1600095000_11", "location_id": "1600095000", "address": {"location_id": "1600095000", "lat": 42.30031445, "lon": -71.05387366}, "arr_time": 1676280417, "arr_date_time": "2023-02-13T04:26:57-05:00", "end_time": 1676280717, "end_date_time": "2023-02-13T04:31:57-05:00", "waiting_time": 0, "distance": 436, "driving_time": 417, "preparation_time": 0, "load_before": [0], "load_after": [0]}, {"type": "service", "id": "1600103000_12", "location_id": "1600103000", "address": {"location_id": "1600103000", "lat": 42.3000098, "lon": -71.05354261}, "arr_time": 1676280765, "arr_date_time": "2023-02-13T04:32:45-05:00", "end_time": 1676281065, "end_date_time": "2023-02-13T04:37:45-05:00", "waiting_time": 0, "distance": 487, "driving_time": 465, "preparation_time": 0, "load_before": [0], "load_after": [0]}, {"type": "service", "id": "1600069000_08", "location_id": "1600069000", "address": {"location_id": "1600069000", "lat": 42.3009226, "lon": -71.0533936}, "arr_time": 1676281151, "arr_date_time": "2023-02-13T04:39:11-05:00", "end_time": 1676281451, "end_date_time": "2023-02-13T04:44:11-05:00", "waiting_time": 0, "distance": 576, "driving_time": 551, "preparation_time": 0, "load_before": [0], "load_after": [0]}, {"type": "service", "id": "1600067000_07", "location_id": "1600067000", "address": {"location_id": "1600067000", "lat": 42.30107124, "lon": -71.05318488}, "arr_time": 1676281473, "arr_date_time": "2023-02-13T04:44:33-05:00", "end_time": 1676281773, "end_date_time": "2023-02-13T04:49:33-05:00", "waiting_time": 0, "distance": 600, "driving_time": 573, "preparation_time": 0, "load_before": [0], "load_after": [0]}, {"type": "service", "id": "1600062000_06", "location_id": "1600062000", "address": {"location_id": "1600062000", "lat": 42.30151146, "lon": -71.05218685}, "arr_time": 1676281844, "arr_date_time": "2023-02-13T04:50:44-05:00", "end_time": 1676282144, "end_date_time": "2023-02-13T04:55:44-05:00", "waiting_time": 0, "distance": 673, "driving_time": 644, "preparation_time": 0, "load_before": [0], "load_after": [0]}, {"type": "service", "id": "1600061000_05", "location_id": "1600061000", "address": {"location_id": "1600061000", "lat": 42.301378, "lon": -71.05208751}, "arr_time": 1676282159, "arr_date_time": "2023-02-13T04:55:59-05:00", "end_time": 1676282459, "end_date_time": "2023-02-13T05:00:59-05:00", "waiting_time": 0, "distance": 689, "driving_time": 659, "preparation_time": 0, "load_before": [0], "load_after": [0]}, {"type": "service", "id": "1600059000_04", "location_id": "1600059000", "address": {"location_id": "1600059000", "lat": 42.30114441, "lon": -71.05177875}, "arr_time": 1676282493, "arr_date_time": "2023-02-13T05:01:33-05:00", "end_time": 1676282793, "end_date_time": "2023-02-13T05:06:33-05:00", "waiting_time": 0, "distance": 725, "driving_time": 693, "preparation_time": 0, "load_before": [0], "load_after": [0]}, {"type": "service", "id": "1600055000_03", "location_id": "1600055000", "address": {"location_id": "1600055000", "lat": 42.30169941, "lon": -71.05130025}, "arr_time": 1676282899, "arr_date_time": "2023-02-13T05:08:19-05:00", "end_time": 1676283199, "end_date_time": "2023-02-13T05:13:19-05:00", "waiting_time": 0, "distance": 835, "driving_time": 799, "preparation_time": 0, "load_before": [0], "load_after": [0]}, {"type": "service", "id": "1600187000_42", "location_id": "1600187000", "address": {"location_id": "1600187000", "lat": 42.30125714, "lon": -71.05112208}, "arr_time": 1676283232, "arr_date_time": "2023-02-13T05:13:52-05:00", "end_time": 1676283532, "end_date_time": "2023-02-13T05:18:52-05:00", "waiting_time": 0, "distance": 869, "driving_time": 832, "preparation_time": 0, "load_before": [0], "load_after": [0]}, {"type": "service", "id": "1600185000_41", "location_id": "1600185000", "address": {"location_id": "1600185000", "lat": 42.30106416, "lon": -71.0513058}, "arr_time": 1676283557, "arr_date_time": "2023-02-13T05:19:17-05:00", "end_time": 1676283857, "end_date_time": "2023-02-13T05:24:17-05:00", "waiting_time": 0, "distance": 895, "driving_time": 857, "preparation_time": 0, "load_before": [0], "load_after": [0]}, {"type": "service", "id": "1600182000_40", "location_id": "1600182000", "address": {"location_id": "1600182000", "lat": 42.30074282, "lon": -71.0515553}, "arr_time": 1676283896, "arr_date_time": "2023-02-13T05:24:56-05:00", "end_time": 1676284196, "end_date_time": "2023-02-13T05:29:56-05:00", "waiting_time": 0, "distance": 936, "driving_time": 896, "preparation_time": 0, "load_before": [0], "load_after": [0]}, {"type": "service", "id": "1600180000_38", "location_id": "1600180000", "address": {"location_id": "1600180000", "lat": 42.30052479, "lon": -71.05171498}, "arr_time": 1676284235, "arr_date_time": "2023-02-13T05:30:35-05:00", "end_time": 1676284535, "end_date_time": "2023-02-13T05:35:35-05:00", "waiting_time": 0, "distance": 977, "driving_time": 935, "preparation_time": 0, "load_before": [0], "load_after": [0]}, {"type": "service", "id": "1600181000_39", "location_id": "1600181000", "address": {"location_id": "1600181000", "lat": 42.30063248, "lon": -71.05163534}, "arr_time": 1676284535, "arr_date_time": "2023-02-13T05:35:35-05:00", "end_time": 1676284835, "end_date_time": "2023-02-13T05:40:35-05:00", "waiting_time": 0, "distance": 977, "driving_time": 935, "preparation_time": 0, "load_before": [0], "load_after": [0]}, {"type": "service", "id": "1600179000_37", "location_id": "1600179000", "address": {"location_id": "1600179000", "lat": 42.30037555, "lon": -71.05175544}, "arr_time": 1676284839, "arr_date_time": "2023-02-13T05:40:39-05:00", "end_time": 1676285139, "end_date_time": "2023-02-13T05:45:39-05:00", "waiting_time": 0, "distance": 981, "driving_time": 939, "preparation_time": 0, "load_before": [0], "load_after": [0]}, {"type": "service", "id": "1600178000_36", "location_id": "1600178000", "address": {"location_id": "1600178000", "lat": 42.30022705, "lon": -71.05178239}, "arr_time": 1676285201, "arr_date_time": "2023-02-13T05:46:41-05:00", "end_time": 1676285501, "end_date_time": "2023-02-13T05:51:41-05:00", "waiting_time": 0, "distance": 1046, "driving_time": 1001, "preparation_time": 0, "load_before": [0], "load_after": [0]}, {"type": "service", "id": "1600129000_26", "location_id": "1600129000", "address": {"location_id": "1600129000", "lat": 42.29966909, "lon": -71.05181993}, "arr_time": 1676285581, "arr_date_time": "2023-02-13T05:53:01-05:00", "end_time": 1676285881, "end_date_time": "2023-02-13T05:58:01-05:00", "waiting_time": 0, "distance": 1130, "driving_time": 1081, "preparation_time": 0, "load_before": [0], "load_after": [0]}, {"type": "service", "id": "1600127001_25", "location_id": "1600127001", "address": {"location_id": "1600127001", "lat": 42.29921723, "lon": -71.05177938}, "arr_time": 1676285973, "arr_date_time": "2023-02-13T05:59:33-05:00", "end_time": 1676286273, "end_date_time": "2023-02-13T06:04:33-05:00", "waiting_time": 0, "distance": 1225, "driving_time": 1173, "preparation_time": 0, "load_before": [0], "load_after": [0]}, {"type": "service", "id": "1600127000_24", "location_id": "1600127000", "address": {"location_id": "1600127000", "lat": 42.29906087, "lon": -71.05174714}, "arr_time": 1676286291, "arr_date_time": "2023-02-13T06:04:51-05:00", "end_time": 1676286591, "end_date_time": "2023-02-13T06:09:51-05:00", "waiting_time": 0, "distance": 1243, "driving_time": 1191, "preparation_time": 0, "load_before": [0], "load_after": [0]}, {"type": "service", "id": "1600109000_13", "location_id": "1600109000", "address": {"location_id": "1600109000", "lat": 42.29892044, "lon": -71.05263498}, "arr_time": 1676286596, "arr_date_time": "2023-02-13T06:09:56-05:00", "end_time": 1676286896, "end_date_time": "2023-02-13T06:14:56-05:00", "waiting_time": 0, "distance": 1248, "driving_time": 1196, "preparation_time": 0, "load_before": [0], "load_after": [0]}, {"type": "service", "id": "1600125000_22", "location_id": "1600125000", "address": {"location_id": "1600125000", "lat": 42.29798322, "lon": -71.05147051}, "arr_time": 1676287009, "arr_date_time": "2023-02-13T06:16:49-05:00", "end_time": 1676287309, "end_date_time": "2023-02-13T06:21:49-05:00", "waiting_time": 0, "distance": 1366, "driving_time": 1309, "preparation_time": 0, "load_before": [0], "load_after": [0]}, {"type": "service", "id": "1600123000_21", "location_id": "1600123000", "address": {"location_id": "1600123000", "lat": 42.29765781, "lon": -71.05154091}, "arr_time": 1676287343, "arr_date_time": "2023-02-13T06:22:23-05:00", "end_time": 1676287643, "end_date_time": "2023-02-13T06:27:23-05:00", "waiting_time": 0, "distance": 1401, "driving_time": 1343, "preparation_time": 0, "load_before": [0], "load_after": [0]}, {"type": "service", "id": "1600120000_20", "location_id": "1600120000", "address": {"location_id": "1600120000", "lat": 42.29768585, "lon": -71.05098812}, "arr_time": 1676287725, "arr_date_time": "2023-02-13T06:28:45-05:00", "end_time": 1676288025, "end_date_time": "2023-02-13T06:33:45-05:00", "waiting_time": 0, "distance": 1488, "driving_time": 1425, "preparation_time": 0, "load_before": [0], "load_after": [0]}, {"type": "service", "id": "1600119000_19", "location_id": "1600119000", "address": {"location_id": "1600119000", "lat": 42.29771736, "lon": -71.05080247}, "arr_time": 1676288072, "arr_date_time": "2023-02-13T06:34:32-05:00", "end_time": 1676288372, "end_date_time": "2023-02-13T06:39:32-05:00", "waiting_time": 0, "distance": 1536, "driving_time": 1472, "preparation_time": 0, "load_before": [0], "load_after": [0]}, {"type": "service", "id": "1600118000_18", "location_id": "1600118000", "address": {"location_id": "1600118000", "lat": 42.29789549, "lon": -71.05097725}, "arr_time": 1676288393, "arr_date_time": "2023-02-13T06:39:53-05:00", "end_time": 1676288693, "end_date_time": "2023-02-13T06:44:53-05:00", "waiting_time": 0, "distance": 1558, "driving_time": 1493, "preparation_time": 0, "load_before": [0], "load_after": [0]}, {"type": "service", "id": "1600116000_14", "location_id": "1600116000", "address": {"location_id": "1600116000", "lat": 42.29844632, "lon": -71.05121866}, "arr_time": 1676288757, "arr_date_time": "2023-02-13T06:45:57-05:00", "end_time": 1676289057, "end_date_time": "2023-02-13T06:50:57-05:00", "waiting_time": 0, "distance": 1624, "driving_time": 1557, "preparation_time": 0, "load_before": [0], "load_after": [0]}, {"type": "service", "id": "1600116003_17", "location_id": "1600116003", "address": {"location_id": "1600116003", "lat": 42.29831427, "lon": -71.05096644}, "arr_time": 1676289117, "arr_date_time": "2023-02-13T06:51:57-05:00", "end_time": 1676289417, "end_date_time": "2023-02-13T06:56:57-05:00", "waiting_time": 0, "distance": 1687, "driving_time": 1617, "preparation_time": 0, "load_before": [0], "load_after": [0]}, {"type": "service", "id": "1600149000_31", "location_id": "1600149000", "address": {"location_id": "1600149000", "lat": 42.29836142, "lon": -71.0505949}, "arr_time": 1676289417, "arr_date_time": "2023-02-13T06:56:57-05:00", "end_time": 1676289717, "end_date_time": "2023-02-13T07:01:57-05:00", "waiting_time": 0, "distance": 1687, "driving_time": 1617, "preparation_time": 0, "load_before": [0], "load_after": [0]}, {"type": "service", "id": "1600116002_16", "location_id": "1600116002", "address": {"location_id": "1600116002", "lat": 42.29846186, "lon": -71.05098798}, "arr_time": 1676289733, "arr_date_time": "2023-02-13T07:02:13-05:00", "end_time": 1676290033, "end_date_time": "2023-02-13T07:07:13-05:00", "waiting_time": 0, "distance": 1703, "driving_time": 1633, "preparation_time": 0, "load_before": [0], "load_after": [0]}, {"type": "service", "id": "1600126001_23", "location_id": "1600126001", "address": {"location_id": "1600126001", "lat": 42.29883485, "lon": -71.05127417}, "arr_time": 1676290092, "arr_date_time": "2023-02-13T07:08:12-05:00", "end_time": 1676290392, "end_date_time": "2023-02-13T07:13:12-05:00", "waiting_time": 0, "distance": 1764, "driving_time": 1692, "preparation_time": 0, "load_before": [0], "load_after": [0]}, {"type": "service", "id": "1600116001_15", "location_id": "1600116001", "address": {"location_id": "1600116001", "lat": 42.29859725, "lon": -71.05101802}, "arr_time": 1676290408, "arr_date_time": "2023-02-13T07:13:28-05:00", "end_time": 1676290708, "end_date_time": "2023-02-13T07:18:28-05:00", "waiting_time": 0, "distance": 1780, "driving_time": 1708, "preparation_time": 0, "load_before": [0], "load_after": [0]}, {"type": "service", "id": "1600162000_32", "location_id": "1600162000", "address": {"location_id": "1600162000", "lat": 42.29827002, "lon": -71.05005827}, "arr_time": 1676290824, "arr_date_time": "2023-02-13T07:20:24-05:00", "end_time": 1676291124, "end_date_time": "2023-02-13T07:25:24-05:00", "waiting_time": 0, "distance": 1901, "driving_time": 1824, "preparation_time": 0, "load_before": [0], "load_after": [0]}, {"type": "service", "id": "1600131003_29", "location_id": "1600131003", "address": {"location_id": "1600131003", "lat": 42.29901212, "lon": -71.05112792}, "arr_time": 1676291257, "arr_date_time": "2023-02-13T07:27:37-05:00", "end_time": 1676291557, "end_date_time": "2023-02-13T07:32:37-05:00", "waiting_time": 0, "distance": 2039, "driving_time": 1957, "preparation_time": 0, "load_before": [0], "load_after": [0]}, {"type": "service", "id": "1600131002_28", "location_id": "1600131002", "address": {"location_id": "1600131002", "lat": 42.29914989, "lon": -71.05115659}, "arr_time": 1676291572, "arr_date_time": "2023-02-13T07:32:52-05:00", "end_time": 1676291872, "end_date_time": "2023-02-13T07:37:52-05:00", "waiting_time": 0, "distance": 2054, "driving_time": 1972, "preparation_time": 0, "load_before": [0], "load_after": [0]}, {"type": "service", "id": "1600133000_30", "location_id": "1600133000", "address": {"location_id": "1600133000", "lat": 42.29916647, "lon": -71.05067317}, "arr_time": 1676291905, "arr_date_time": "2023-02-13T07:38:25-05:00", "end_time": 1676292205, "end_date_time": "2023-02-13T07:43:25-05:00", "waiting_time": 0, "distance": 2089, "driving_time": 2005, "preparation_time": 0, "load_before": [0], "load_after": [0]}, {"type": "service", "id": "1600131001_27", "location_id": "1600131001", "address": {"location_id": "1600131001", "lat": 42.29928822, "lon": -71.05118612}, "arr_time": 1676292227, "arr_date_time": "2023-02-13T07:43:47-05:00", "end_time": 1676292527, "end_date_time": "2023-02-13T07:48:47-05:00", "waiting_time": 0, "distance": 2111, "driving_time": 2027, "preparation_time": 0, "load_before": [0], "load_after": [0]}, {"type": "service", "id": "1600172000_33", "location_id": "1600172000", "address": {"location_id": "1600172000", "lat": 42.29948409, "lon": -71.05083126}, "arr_time": 1676292543, "arr_date_time": "2023-02-13T07:49:03-05:00", "end_time": 1676292843, "end_date_time": "2023-02-13T07:54:03-05:00", "waiting_time": 0, "distance": 2127, "driving_time": 2043, "preparation_time": 0, "load_before": [0], "load_after": [0]}, {"type": "service", "id": "1600174010_34", "location_id": "1600174010", "address": {"location_id": "1600174010", "lat": 42.29980447, "lon": -71.05049245}, "arr_time": 1676292933, "arr_date_time": "2023-02-13T07:55:33-05:00", "end_time": 1676293233, "end_date_time": "2023-02-13T08:00:33-05:00", "waiting_time": 0, "distance": 2222, "driving_time": 2133, "preparation_time": 0, "load_before": [0], "load_after": [0]}, {"type": "service", "id": "1600200000_46", "location_id": "1600200000", "address": {"location_id": "1600200000", "lat": 42.30023085, "lon": -71.05140904}, "arr_time": 1676293316, "arr_date_time": "2023-02-13T08:01:56-05:00", "end_time": 1676293616, "end_date_time": "2023-02-13T08:06:56-05:00", "waiting_time": 0, "distance": 2307, "driving_time": 2216, "preparation_time": 0, "load_before": [0], "load_after": [0]}, {"type": "service", "id": "1600196002_45", "location_id": "1600196002", "address": {"location_id": "1600196002", "lat": 42.30041734, "lon": -71.05137218}, "arr_time": 1676293631, "arr_date_time": "2023-02-13T08:07:11-05:00", "end_time": 1676293931, "end_date_time": "2023-02-13T08:12:11-05:00", "waiting_time": 0, "distance": 2323, "driving_time": 2231, "preparation_time": 0, "load_before": [0], "load_after": [0]}, {"type": "service", "id": "1600196001_44", "location_id": "1600196001", "address": {"location_id": "1600196001", "lat": 42.30055249, "lon": -71.05127691}, "arr_time": 1676293944, "arr_date_time": "2023-02-13T08:12:24-05:00", "end_time": 1676294244, "end_date_time": "2023-02-13T08:17:24-05:00", "waiting_time": 0, "distance": 2337, "driving_time": 2244, "preparation_time": 0, "load_before": [0], "load_after": [0]}, {"type": "service", "id": "1600192000_43", "location_id": "1600192000", "address": {"location_id": "1600192000", "lat": 42.30109853, "lon": -71.05082443}, "arr_time": 1676294309, "arr_date_time": "2023-02-13T08:18:29-05:00", "end_time": 1676294609, "end_date_time": "2023-02-13T08:23:29-05:00", "waiting_time": 0, "distance": 2405, "driving_time": 2309, "preparation_time": 0, "load_before": [0], "load_after": [0]}, {"type": "service", "id": "1600175001_35", "location_id": "1600175001", "address": {"location_id": "1600175001", "lat": 42.29957712, "lon": -71.05019217}, "arr_time": 1676294869, "arr_date_time": "2023-02-13T08:27:49-05:00", "end_time": 1676295169, "end_date_time": "2023-02-13T08:32:49-05:00", "waiting_time": 0, "distance": 2675, "driving_time": 2569, "preparation_time": 0, "load_before": [0], "load_after": [0]}]}], "unassigned": {"services": [], "shipments": [], "breaks": [], "details": []}}}