{"copyrights": ["GraphHopper", "OpenStreetMap contributors"], "job_id": "2e561e60-a833-4035-8bc1-0155b4718beb", "status": "finished", "waiting_time_in_queue": 0, "processing_time": 123, "solution": {"costs": 341, "distance": 2377, "time": 2283, "transport_time": 2283, "completion_time": 17583, "max_operation_time": 17583, "waiting_time": 0, "service_duration": 15300, "preparation_time": 0, "no_vehicles": 1, "no_unassigned": 0, "routes": [{"vehicle_id": "my_vehicle", "shift_id": "default-shift", "distance": 2377, "transport_time": 2283, "completion_time": 17583, "waiting_time": 0, "service_duration": 15300, "preparation_time": 0, "activities": [{"type": "start", "location_id": "1404755000", "address": {"location_id": "1404755000", "lat": 42.28508239, "lon": -71.0960874}, "arr_time": 1676278800, "arr_date_time": "2023-02-13T04:00:00-05:00", "end_time": 1676278800, "end_date_time": "2023-02-13T04:00:00-05:00", "waiting_time": 0, "distance": 0, "driving_time": 0, "preparation_time": 0, "load_after": [0]}, {"type": "service", "id": "1404757000_02", "location_id": "1404757000", "address": {"location_id": "1404757000", "lat": 42.28493209, "lon": -71.09628688}, "arr_time": 1676278821, "arr_date_time": "2023-02-13T04:00:21-05:00", "end_time": 1676279121, "end_date_time": "2023-02-13T04:05:21-05:00", "waiting_time": 0, "distance": 22, "driving_time": 21, "preparation_time": 0, "load_before": [0], "load_after": [0]}, {"type": "service", "id": "1404851000_38", "location_id": "1404851000", "address": {"location_id": "1404851000", "lat": 42.28450296, "lon": -71.09612264}, "arr_time": 1676279147, "arr_date_time": "2023-02-13T04:05:47-05:00", "end_time": 1676279447, "end_date_time": "2023-02-13T04:10:47-05:00", "waiting_time": 0, "distance": 48, "driving_time": 47, "preparation_time": 0, "load_before": [0], "load_after": [0]}, {"type": "service", "id": "1404848000_37", "location_id": "1404848000", "address": {"location_id": "1404848000", "lat": 42.28421527, "lon": -71.09641591}, "arr_time": 1676279487, "arr_date_time": "2023-02-13T04:11:27-05:00", "end_time": 1676279787, "end_date_time": "2023-02-13T04:16:27-05:00", "waiting_time": 0, "distance": 90, "driving_time": 87, "preparation_time": 0, "load_before": [0], "load_after": [0]}, {"type": "service", "id": "1404846000_36", "location_id": "1404846000", "address": {"location_id": "1404846000", "lat": 42.28402618, "lon": -71.09660659}, "arr_time": 1676279812, "arr_date_time": "2023-02-13T04:16:52-05:00", "end_time": 1676280112, "end_date_time": "2023-02-13T04:21:52-05:00", "waiting_time": 0, "distance": 116, "driving_time": 112, "preparation_time": 0, "load_before": [0], "load_after": [0]}, {"type": "service", "id": "1404845000_35", "location_id": "1404845000", "address": {"location_id": "1404845000", "lat": 42.28388945, "lon": -71.09672974}, "arr_time": 1676280129, "arr_date_time": "2023-02-13T04:22:09-05:00", "end_time": 1676280429, "end_date_time": "2023-02-13T04:27:09-05:00", "waiting_time": 0, "distance": 134, "driving_time": 129, "preparation_time": 0, "load_before": [0], "load_after": [0]}, {"type": "service", "id": "1404844000_34", "location_id": "1404844000", "address": {"location_id": "1404844000", "lat": 42.28374549, "lon": -71.09684939}, "arr_time": 1676280448, "arr_date_time": "2023-02-13T04:27:28-05:00", "end_time": 1676280748, "end_date_time": "2023-02-13T04:32:28-05:00", "waiting_time": 0, "distance": 153, "driving_time": 148, "preparation_time": 0, "load_before": [0], "load_after": [0]}, {"type": "service", "id": "1404842000_33", "location_id": "1404842000", "address": {"location_id": "1404842000", "lat": 42.28354583, "lon": -71.09701063}, "arr_time": 1676280773, "arr_date_time": "2023-02-13T04:32:53-05:00", "end_time": 1676281073, "end_date_time": "2023-02-13T04:37:53-05:00", "waiting_time": 0, "distance": 179, "driving_time": 173, "preparation_time": 0, "load_before": [0], "load_after": [0]}, {"type": "service", "id": "1404839000_32", "location_id": "1404839000", "address": {"location_id": "1404839000", "lat": 42.28326663, "lon": -71.09725564}, "arr_time": 1676281109, "arr_date_time": "2023-02-13T04:38:29-05:00", "end_time": 1676281409, "end_date_time": "2023-02-13T04:43:29-05:00", "waiting_time": 0, "distance": 216, "driving_time": 209, "preparation_time": 0, "load_before": [0], "load_after": [0]}, {"type": "service", "id": "1404838000_31", "location_id": "1404838000", "address": {"location_id": "1404838000", "lat": 42.28319155, "lon": -71.097363}, "arr_time": 1676281421, "arr_date_time": "2023-02-13T04:43:41-05:00", "end_time": 1676281721, "end_date_time": "2023-02-13T04:48:41-05:00", "waiting_time": 0, "distance": 228, "driving_time": 221, "preparation_time": 0, "load_before": [0], "load_after": [0]}, {"type": "service", "id": "1404775000_03", "location_id": "1404775000", "address": {"location_id": "1404775000", "lat": 42.28325247, "lon": -71.09795248}, "arr_time": 1676281743, "arr_date_time": "2023-02-13T04:49:03-05:00", "end_time": 1676282043, "end_date_time": "2023-02-13T04:54:03-05:00", "waiting_time": 0, "distance": 251, "driving_time": 243, "preparation_time": 0, "load_before": [0], "load_after": [0]}, {"type": "service", "id": "1404837000_30", "location_id": "1404837000", "address": {"location_id": "1404837000", "lat": 42.283092, "lon": -71.09745719}, "arr_time": 1676282068, "arr_date_time": "2023-02-13T04:54:28-05:00", "end_time": 1676282368, "end_date_time": "2023-02-13T04:59:28-05:00", "waiting_time": 0, "distance": 278, "driving_time": 268, "preparation_time": 0, "load_before": [0], "load_after": [0]}, {"type": "service", "id": "1404806000_15", "location_id": "1404806000", "address": {"location_id": "1404806000", "lat": 42.28273574, "lon": -71.09748036}, "arr_time": 1676282389, "arr_date_time": "2023-02-13T04:59:49-05:00", "end_time": 1676282689, "end_date_time": "2023-02-13T05:04:49-05:00", "waiting_time": 0, "distance": 300, "driving_time": 289, "preparation_time": 0, "load_before": [0], "load_after": [0]}, {"type": "service", "id": "1404807000_16", "location_id": "1404807000", "address": {"location_id": "1404807000", "lat": 42.282656, "lon": -71.09736065}, "arr_time": 1676282701, "arr_date_time": "2023-02-13T05:05:01-05:00", "end_time": 1676283001, "end_date_time": "2023-02-13T05:10:01-05:00", "waiting_time": 0, "distance": 313, "driving_time": 301, "preparation_time": 0, "load_before": [0], "load_after": [0]}, {"type": "service", "id": "1404804000_14", "location_id": "1404804000", "address": {"location_id": "1404804000", "lat": 42.28281401, "lon": -71.09772528}, "arr_time": 1676283079, "arr_date_time": "2023-02-13T05:11:19-05:00", "end_time": 1676283379, "end_date_time": "2023-02-13T05:16:19-05:00", "waiting_time": 0, "distance": 394, "driving_time": 379, "preparation_time": 0, "load_before": [0], "load_after": [0]}, {"type": "service", "id": "1404778000_04", "location_id": "1404778000", "address": {"location_id": "1404778000", "lat": 42.28296486, "lon": -71.09822153}, "arr_time": 1676283387, "arr_date_time": "2023-02-13T05:16:27-05:00", "end_time": 1676283687, "end_date_time": "2023-02-13T05:21:27-05:00", "waiting_time": 0, "distance": 403, "driving_time": 387, "preparation_time": 0, "load_before": [0], "load_after": [0]}, {"type": "service", "id": "1404803000_13", "location_id": "1404803000", "address": {"location_id": "1404803000", "lat": 42.28272039, "lon": -71.09781678}, "arr_time": 1676283691, "arr_date_time": "2023-02-13T05:21:31-05:00", "end_time": 1676283991, "end_date_time": "2023-02-13T05:26:31-05:00", "waiting_time": 0, "distance": 407, "driving_time": 391, "preparation_time": 0, "load_before": [0], "load_after": [0]}, {"type": "service", "id": "1405151000_51", "location_id": "1405151000", "address": {"location_id": "1405151000", "lat": 42.28232655, "lon": -71.09867902}, "arr_time": 1676284060, "arr_date_time": "2023-02-13T05:27:40-05:00", "end_time": 1676284360, "end_date_time": "2023-02-13T05:32:40-05:00", "waiting_time": 0, "distance": 480, "driving_time": 460, "preparation_time": 0, "load_before": [0], "load_after": [0]}, {"type": "service", "id": "1405150000_50", "location_id": "1405150000", "address": {"location_id": "1405150000", "lat": 42.28234261, "lon": -71.09885199}, "arr_time": 1676284377, "arr_date_time": "2023-02-13T05:32:57-05:00", "end_time": 1676284677, "end_date_time": "2023-02-13T05:37:57-05:00", "waiting_time": 0, "distance": 497, "driving_time": 477, "preparation_time": 0, "load_before": [0], "load_after": [0]}, {"type": "service", "id": "1404801000_12", "location_id": "1404801000", "address": {"location_id": "1404801000", "lat": 42.28252246, "lon": -71.09803903}, "arr_time": 1676284737, "arr_date_time": "2023-02-13T05:38:57-05:00", "end_time": 1676285037, "end_date_time": "2023-02-13T05:43:57-05:00", "waiting_time": 0, "distance": 560, "driving_time": 537, "preparation_time": 0, "load_before": [0], "load_after": [0]}, {"type": "service", "id": "1405113000_47", "location_id": "1405113000", "address": {"location_id": "1405113000", "lat": 42.28191064, "lon": -71.09701748}, "arr_time": 1676285135, "arr_date_time": "2023-02-13T05:45:35-05:00", "end_time": 1676285435, "end_date_time": "2023-02-13T05:50:35-05:00", "waiting_time": 0, "distance": 661, "driving_time": 635, "preparation_time": 0, "load_before": [0], "load_after": [0]}, {"type": "service", "id": "1404812000_17", "location_id": "1404812000", "address": {"location_id": "1404812000", "lat": 42.28242746, "lon": -71.09760544}, "arr_time": 1676285504, "arr_date_time": "2023-02-13T05:51:44-05:00", "end_time": 1676285804, "end_date_time": "2023-02-13T05:56:44-05:00", "waiting_time": 0, "distance": 733, "driving_time": 704, "preparation_time": 0, "load_before": [0], "load_after": [0]}, {"type": "service", "id": "1405056000_40", "location_id": "1405056000", "address": {"location_id": "1405056000", "lat": 42.28222338, "lon": -71.09667384}, "arr_time": 1676285929, "arr_date_time": "2023-02-13T05:58:49-05:00", "end_time": 1676286229, "end_date_time": "2023-02-13T06:03:49-05:00", "waiting_time": 0, "distance": 863, "driving_time": 829, "preparation_time": 0, "load_before": [0], "load_after": [0]}, {"type": "service", "id": "1405057000_41", "location_id": "1405057000", "address": {"location_id": "1405057000", "lat": 42.28207409, "lon": -71.09669468}, "arr_time": 1676286244, "arr_date_time": "2023-02-13T06:04:04-05:00", "end_time": 1676286544, "end_date_time": "2023-02-13T06:09:04-05:00", "waiting_time": 0, "distance": 878, "driving_time": 844, "preparation_time": 0, "load_before": [0], "load_after": [0]}, {"type": "service", "id": "1405058000_42", "location_id": "1405058000", "address": {"location_id": "1405058000", "lat": 42.28198733, "lon": -71.0965883}, "arr_time": 1676286552, "arr_date_time": "2023-02-13T06:09:12-05:00", "end_time": 1676286852, "end_date_time": "2023-02-13T06:14:12-05:00", "waiting_time": 0, "distance": 886, "driving_time": 852, "preparation_time": 0, "load_before": [0], "load_after": [0]}, {"type": "service", "id": "1405059000_43", "location_id": "1405059000", "address": {"location_id": "1405059000", "lat": 42.28189202, "lon": -71.09650678}, "arr_time": 1676286864, "arr_date_time": "2023-02-13T06:14:24-05:00", "end_time": 1676287164, "end_date_time": "2023-02-13T06:19:24-05:00", "waiting_time": 0, "distance": 899, "driving_time": 864, "preparation_time": 0, "load_before": [0], "load_after": [0]}, {"type": "service", "id": "1405060000_44", "location_id": "1405060000", "address": {"location_id": "1405060000", "lat": 42.28180109, "lon": -71.09641723}, "arr_time": 1676287173, "arr_date_time": "2023-02-13T06:19:33-05:00", "end_time": 1676287473, "end_date_time": "2023-02-13T06:24:33-05:00", "waiting_time": 0, "distance": 909, "driving_time": 873, "preparation_time": 0, "load_before": [0], "load_after": [0]}, {"type": "service", "id": "1405061000_45", "location_id": "1405061000", "address": {"location_id": "1405061000", "lat": 42.28170645, "lon": -71.09632933}, "arr_time": 1676287485, "arr_date_time": "2023-02-13T06:24:45-05:00", "end_time": 1676287785, "end_date_time": "2023-02-13T06:29:45-05:00", "waiting_time": 0, "distance": 922, "driving_time": 885, "preparation_time": 0, "load_before": [0], "load_after": [0]}, {"type": "service", "id": "1405065000_46", "location_id": "1405065000", "address": {"location_id": "1405065000", "lat": 42.28133274, "lon": -71.09599665}, "arr_time": 1676287839, "arr_date_time": "2023-02-13T06:30:39-05:00", "end_time": 1676288139, "end_date_time": "2023-02-13T06:35:39-05:00", "waiting_time": 0, "distance": 977, "driving_time": 939, "preparation_time": 0, "load_before": [0], "load_after": [0]}, {"type": "service", "id": "1404831000_29", "location_id": "1404831000", "address": {"location_id": "1404831000", "lat": 42.28313449, "lon": -71.09681043}, "arr_time": 1676288340, "arr_date_time": "2023-02-13T06:39:00-05:00", "end_time": 1676288640, "end_date_time": "2023-02-13T06:44:00-05:00", "waiting_time": 0, "distance": 1186, "driving_time": 1140, "preparation_time": 0, "load_before": [0], "load_after": [0]}, {"type": "service", "id": "1404830000_28", "location_id": "1404830000", "address": {"location_id": "1404830000", "lat": 42.28324943, "lon": -71.09677178}, "arr_time": 1676288648, "arr_date_time": "2023-02-13T06:44:08-05:00", "end_time": 1676288948, "end_date_time": "2023-02-13T06:49:08-05:00", "waiting_time": 0, "distance": 1194, "driving_time": 1148, "preparation_time": 0, "load_before": [0], "load_after": [0]}, {"type": "service", "id": "1404829000_27", "location_id": "1404829000", "address": {"location_id": "1404829000", "lat": 42.28336979, "lon": -71.0966978}, "arr_time": 1676288963, "arr_date_time": "2023-02-13T06:49:23-05:00", "end_time": 1676289263, "end_date_time": "2023-02-13T06:54:23-05:00", "waiting_time": 0, "distance": 1209, "driving_time": 1163, "preparation_time": 0, "load_before": [0], "load_after": [0]}, {"type": "service", "id": "1404828000_26", "location_id": "1404828000", "address": {"location_id": "1404828000", "lat": 42.28349962, "lon": -71.09662555}, "arr_time": 1676289276, "arr_date_time": "2023-02-13T06:54:36-05:00", "end_time": 1676289576, "end_date_time": "2023-02-13T06:59:36-05:00", "waiting_time": 0, "distance": 1223, "driving_time": 1176, "preparation_time": 0, "load_before": [0], "load_after": [0]}, {"type": "service", "id": "1404827000_25", "location_id": "1404827000", "address": {"location_id": "1404827000", "lat": 42.28366381, "lon": -71.09658666}, "arr_time": 1676289593, "arr_date_time": "2023-02-13T06:59:53-05:00", "end_time": 1676289893, "end_date_time": "2023-02-13T07:04:53-05:00", "waiting_time": 0, "distance": 1241, "driving_time": 1193, "preparation_time": 0, "load_before": [0], "load_after": [0]}, {"type": "service", "id": "1404826000_24", "location_id": "1404826000", "address": {"location_id": "1404826000", "lat": 42.28377405, "lon": -71.09649586}, "arr_time": 1676289903, "arr_date_time": "2023-02-13T07:05:03-05:00", "end_time": 1676290203, "end_date_time": "2023-02-13T07:10:03-05:00", "waiting_time": 0, "distance": 1251, "driving_time": 1203, "preparation_time": 0, "load_before": [0], "load_after": [0]}, {"type": "service", "id": "1404825000_23", "location_id": "1404825000", "address": {"location_id": "1404825000", "lat": 42.28385255, "lon": -71.09635472}, "arr_time": 1676290216, "arr_date_time": "2023-02-13T07:10:16-05:00", "end_time": 1676290516, "end_date_time": "2023-02-13T07:15:16-05:00", "waiting_time": 0, "distance": 1265, "driving_time": 1216, "preparation_time": 0, "load_before": [0], "load_after": [0]}, {"type": "service", "id": "1404824000_22", "location_id": "1404824000", "address": {"location_id": "1404824000", "lat": 42.28395756, "lon": -71.09625303}, "arr_time": 1676290528, "arr_date_time": "2023-02-13T07:15:28-05:00", "end_time": 1676290828, "end_date_time": "2023-02-13T07:20:28-05:00", "waiting_time": 0, "distance": 1277, "driving_time": 1228, "preparation_time": 0, "load_before": [0], "load_after": [0]}, {"type": "service", "id": "1404823000_21", "location_id": "1404823000", "address": {"location_id": "1404823000", "lat": 42.28407708, "lon": -71.09612547}, "arr_time": 1676290844, "arr_date_time": "2023-02-13T07:20:44-05:00", "end_time": 1676291144, "end_date_time": "2023-02-13T07:25:44-05:00", "waiting_time": 0, "distance": 1294, "driving_time": 1244, "preparation_time": 0, "load_before": [0], "load_after": [0]}, {"type": "service", "id": "1404821000_20", "location_id": "1404821000", "address": {"location_id": "1404821000", "lat": 42.28427785, "lon": -71.09589616}, "arr_time": 1676291171, "arr_date_time": "2023-02-13T07:26:11-05:00", "end_time": 1676291471, "end_date_time": "2023-02-13T07:31:11-05:00", "waiting_time": 0, "distance": 1322, "driving_time": 1271, "preparation_time": 0, "load_before": [0], "load_after": [0]}, {"type": "service", "id": "1404817000_19", "location_id": "1404817000", "address": {"location_id": "1404817000", "lat": 42.28461941, "lon": -71.09536235}, "arr_time": 1676291521, "arr_date_time": "2023-02-13T07:32:01-05:00", "end_time": 1676291821, "end_date_time": "2023-02-13T07:37:01-05:00", "waiting_time": 0, "distance": 1375, "driving_time": 1321, "preparation_time": 0, "load_before": [0], "load_after": [0]}, {"type": "service", "id": "1404815000_18", "location_id": "1404815000", "address": {"location_id": "1404815000", "lat": 42.28470763, "lon": -71.09504922}, "arr_time": 1676291845, "arr_date_time": "2023-02-13T07:37:25-05:00", "end_time": 1676292145, "end_date_time": "2023-02-13T07:42:25-05:00", "waiting_time": 0, "distance": 1399, "driving_time": 1345, "preparation_time": 0, "load_before": [0], "load_after": [0]}, {"type": "service", "id": "1404858000_39", "location_id": "1404858000", "address": {"location_id": "1404858000", "lat": 42.28501478, "lon": -71.09527673}, "arr_time": 1676292277, "arr_date_time": "2023-02-13T07:44:37-05:00", "end_time": 1676292577, "end_date_time": "2023-02-13T07:49:37-05:00", "waiting_time": 0, "distance": 1537, "driving_time": 1477, "preparation_time": 0, "load_before": [0], "load_after": [0]}, {"type": "service", "id": "1404743000_01", "location_id": "1404743000", "address": {"location_id": "1404743000", "lat": 42.28497379, "lon": -71.09675052}, "arr_time": 1676292787, "arr_date_time": "2023-02-13T07:53:07-05:00", "end_time": 1676293087, "end_date_time": "2023-02-13T07:58:07-05:00", "waiting_time": 0, "distance": 1754, "driving_time": 1687, "preparation_time": 0, "load_before": [0], "load_after": [0]}, {"type": "service", "id": "1404799000_11", "location_id": "1404799000", "address": {"location_id": "1404799000", "lat": 42.28409413, "lon": -71.0976103}, "arr_time": 1676293208, "arr_date_time": "2023-02-13T08:00:08-05:00", "end_time": 1676293508, "end_date_time": "2023-02-13T08:05:08-05:00", "waiting_time": 0, "distance": 1880, "driving_time": 1808, "preparation_time": 0, "load_before": [0], "load_after": [0]}, {"type": "service", "id": "1404796000_10", "location_id": "1404796000", "address": {"location_id": "1404796000", "lat": 42.28385173, "lon": -71.09783971}, "arr_time": 1676293581, "arr_date_time": "2023-02-13T08:06:21-05:00", "end_time": 1676293881, "end_date_time": "2023-02-13T08:11:21-05:00", "waiting_time": 0, "distance": 1957, "driving_time": 1881, "preparation_time": 0, "load_before": [0], "load_after": [0]}, {"type": "service", "id": "1404792000_09", "location_id": "1404792000", "address": {"location_id": "1404792000", "lat": 42.28352808, "lon": -71.09814581}, "arr_time": 1676293924, "arr_date_time": "2023-02-13T08:12:04-05:00", "end_time": 1676294224, "end_date_time": "2023-02-13T08:17:04-05:00", "waiting_time": 0, "distance": 2001, "driving_time": 1924, "preparation_time": 0, "load_before": [0], "load_after": [0]}, {"type": "service", "id": "1404791000_08", "location_id": "1404791000", "address": {"location_id": "1404791000", "lat": 42.28344186, "lon": -71.09822779}, "arr_time": 1676294235, "arr_date_time": "2023-02-13T08:17:15-05:00", "end_time": 1676294535, "end_date_time": "2023-02-13T08:22:15-05:00", "waiting_time": 0, "distance": 2013, "driving_time": 1935, "preparation_time": 0, "load_before": [0], "load_after": [0]}, {"type": "service", "id": "1404789000_07", "location_id": "1404789000", "address": {"location_id": "1404789000", "lat": 42.28332367, "lon": -71.09833793}, "arr_time": 1676294549, "arr_date_time": "2023-02-13T08:22:29-05:00", "end_time": 1676294849, "end_date_time": "2023-02-13T08:27:29-05:00", "waiting_time": 0, "distance": 2029, "driving_time": 1949, "preparation_time": 0, "load_before": [0], "load_after": [0]}, {"type": "service", "id": "1404787000_06", "location_id": "1404787000", "address": {"location_id": "1404787000", "lat": 42.28310916, "lon": -71.09853952}, "arr_time": 1676294877, "arr_date_time": "2023-02-13T08:27:57-05:00", "end_time": 1676295177, "end_date_time": "2023-02-13T08:32:57-05:00", "waiting_time": 0, "distance": 2058, "driving_time": 1977, "preparation_time": 0, "load_before": [0], "load_after": [0]}, {"type": "service", "id": "1404782000_05", "location_id": "1404782000", "address": {"location_id": "1404782000", "lat": 42.282714, "lon": -71.09905383}, "arr_time": 1676295235, "arr_date_time": "2023-02-13T08:33:55-05:00", "end_time": 1676295535, "end_date_time": "2023-02-13T08:38:55-05:00", "waiting_time": 0, "distance": 2118, "driving_time": 2035, "preparation_time": 0, "load_before": [0], "load_after": [0]}, {"type": "service", "id": "1405142000_49", "location_id": "1405142000", "address": {"location_id": "1405142000", "lat": 42.28182186, "lon": -71.09817688}, "arr_time": 1676295720, "arr_date_time": "2023-02-13T08:42:00-05:00", "end_time": 1676296020, "end_date_time": "2023-02-13T08:47:00-05:00", "waiting_time": 0, "distance": 2311, "driving_time": 2220, "preparation_time": 0, "load_before": [0], "load_after": [0]}, {"type": "service", "id": "1405137000_48", "location_id": "1405137000", "address": {"location_id": "1405137000", "lat": 42.28130158, "lon": -71.0975971}, "arr_time": 1676296083, "arr_date_time": "2023-02-13T08:48:03-05:00", "end_time": 1676296383, "end_date_time": "2023-02-13T08:53:03-05:00", "waiting_time": 0, "distance": 2377, "driving_time": 2283, "preparation_time": 0, "load_before": [0], "load_after": [0]}]}], "unassigned": {"services": [], "shipments": [], "breaks": [], "details": []}}}