{"copyrights": ["GraphHopper", "OpenStreetMap contributors"], "job_id": "82896487-e0a0-4c41-b02f-54f0d76b408c", "status": "finished", "waiting_time_in_queue": 0, "processing_time": 113, "solution": {"costs": 316, "distance": 1020, "time": 981, "transport_time": 981, "completion_time": 14481, "max_operation_time": 14481, "waiting_time": 0, "service_duration": 13500, "preparation_time": 0, "no_vehicles": 1, "no_unassigned": 0, "routes": [{"vehicle_id": "my_vehicle", "shift_id": "default-shift", "distance": 1020, "transport_time": 981, "completion_time": 14481, "waiting_time": 0, "service_duration": 13500, "preparation_time": 0, "activities": [{"type": "start", "location_id": "1801785000", "address": {"location_id": "1801785000", "lat": 42.26905488, "lon": -71.09728822}, "arr_time": 1676278800, "arr_date_time": "2023-02-13T04:00:00-05:00", "end_time": 1676278800, "end_date_time": "2023-02-13T04:00:00-05:00", "waiting_time": 0, "distance": 0, "driving_time": 0, "preparation_time": 0, "load_after": [0]}, {"type": "service", "id": "1801786000_31", "location_id": "1801786000", "address": {"location_id": "1801786000", "lat": 42.26894404, "lon": -71.09740232}, "arr_time": 1676278815, "arr_date_time": "2023-02-13T04:00:15-05:00", "end_time": 1676279115, "end_date_time": "2023-02-13T04:05:15-05:00", "waiting_time": 0, "distance": 15, "driving_time": 15, "preparation_time": 0, "load_before": [0], "load_after": [0]}, {"type": "service", "id": "1801787000_32", "location_id": "1801787000", "address": {"location_id": "1801787000", "lat": 42.26883859, "lon": -71.09751226}, "arr_time": 1676279129, "arr_date_time": "2023-02-13T04:05:29-05:00", "end_time": 1676279429, "end_date_time": "2023-02-13T04:10:29-05:00", "waiting_time": 0, "distance": 30, "driving_time": 29, "preparation_time": 0, "load_before": [0], "load_after": [0]}, {"type": "service", "id": "1801746000_21", "location_id": "1801746000", "address": {"location_id": "1801746000", "lat": 42.26853558, "lon": -71.09717292}, "arr_time": 1676279439, "arr_date_time": "2023-02-13T04:10:39-05:00", "end_time": 1676279739, "end_date_time": "2023-02-13T04:15:39-05:00", "waiting_time": 0, "distance": 40, "driving_time": 39, "preparation_time": 0, "load_before": [0], "load_after": [0]}, {"type": "service", "id": "1801788000_33", "location_id": "1801788000", "address": {"location_id": "1801788000", "lat": 42.26873615, "lon": -71.09761767}, "arr_time": 1676279743, "arr_date_time": "2023-02-13T04:15:43-05:00", "end_time": 1676280043, "end_date_time": "2023-02-13T04:20:43-05:00", "waiting_time": 0, "distance": 44, "driving_time": 43, "preparation_time": 0, "load_before": [0], "load_after": [0]}, {"type": "service", "id": "1801795000_34", "location_id": "1801795000", "address": {"location_id": "1801795000", "lat": 42.26799634, "lon": -71.09840011}, "arr_time": 1676280144, "arr_date_time": "2023-02-13T04:22:24-05:00", "end_time": 1676280444, "end_date_time": "2023-02-13T04:27:24-05:00", "waiting_time": 0, "distance": 150, "driving_time": 144, "preparation_time": 0, "load_before": [0], "load_after": [0]}, {"type": "service", "id": "1801797000_35", "location_id": "1801797000", "address": {"location_id": "1801797000", "lat": 42.2677821, "lon": -71.09864115}, "arr_time": 1676280473, "arr_date_time": "2023-02-13T04:27:53-05:00", "end_time": 1676280773, "end_date_time": "2023-02-13T04:32:53-05:00", "waiting_time": 0, "distance": 181, "driving_time": 173, "preparation_time": 0, "load_before": [0], "load_after": [0]}, {"type": "service", "id": "1801736000_20", "location_id": "1801736000", "address": {"location_id": "1801736000", "lat": 42.26737034, "lon": -71.09843378}, "arr_time": 1676280796, "arr_date_time": "2023-02-13T04:33:16-05:00", "end_time": 1676281096, "end_date_time": "2023-02-13T04:38:16-05:00", "waiting_time": 0, "distance": 205, "driving_time": 196, "preparation_time": 0, "load_before": [0], "load_after": [0]}, {"type": "service", "id": "1801733000_19", "location_id": "1801733000", "address": {"location_id": "1801733000", "lat": 42.26701077, "lon": -71.09890095}, "arr_time": 1676281149, "arr_date_time": "2023-02-13T04:39:09-05:00", "end_time": 1676281449, "end_date_time": "2023-02-13T04:44:09-05:00", "waiting_time": 0, "distance": 261, "driving_time": 249, "preparation_time": 0, "load_before": [0], "load_after": [0]}, {"type": "service", "id": "1801801002_36", "location_id": "1801801002", "address": {"location_id": "1801801002", "lat": 42.26718063, "lon": -71.09931143}, "arr_time": 1676281455, "arr_date_time": "2023-02-13T04:44:15-05:00", "end_time": 1676281755, "end_date_time": "2023-02-13T04:49:15-05:00", "waiting_time": 0, "distance": 267, "driving_time": 255, "preparation_time": 0, "load_before": [0], "load_after": [0]}, {"type": "service", "id": "1801802000_37", "location_id": "1801802000", "address": {"location_id": "1801802000", "lat": 42.26704786, "lon": -71.09945608}, "arr_time": 1676281773, "arr_date_time": "2023-02-13T04:49:33-05:00", "end_time": 1676282073, "end_date_time": "2023-02-13T04:54:33-05:00", "waiting_time": 0, "distance": 286, "driving_time": 273, "preparation_time": 0, "load_before": [0], "load_after": [0]}, {"type": "service", "id": "1801731000_18", "location_id": "1801731000", "address": {"location_id": "1801731000", "lat": 42.26677872, "lon": -71.09908766}, "arr_time": 1676282079, "arr_date_time": "2023-02-13T04:54:39-05:00", "end_time": 1676282379, "end_date_time": "2023-02-13T04:59:39-05:00", "waiting_time": 0, "distance": 291, "driving_time": 279, "preparation_time": 0, "load_before": [0], "load_after": [0]}, {"type": "service", "id": "1801730000_17", "location_id": "1801730000", "address": {"location_id": "1801730000", "lat": 42.26669246, "lon": -71.09917988}, "arr_time": 1676282391, "arr_date_time": "2023-02-13T04:59:51-05:00", "end_time": 1676282691, "end_date_time": "2023-02-13T05:04:51-05:00", "waiting_time": 0, "distance": 303, "driving_time": 291, "preparation_time": 0, "load_before": [0], "load_after": [0]}, {"type": "service", "id": "1801802002_38", "location_id": "1801802002", "address": {"location_id": "1801802002", "lat": 42.26690757, "lon": -71.0996049}, "arr_time": 1676282693, "arr_date_time": "2023-02-13T05:04:53-05:00", "end_time": 1676282993, "end_date_time": "2023-02-13T05:09:53-05:00", "waiting_time": 0, "distance": 306, "driving_time": 293, "preparation_time": 0, "load_before": [0], "load_after": [0]}, {"type": "service", "id": "1801729000_16", "location_id": "1801729000", "address": {"location_id": "1801729000", "lat": 42.26660943, "lon": -71.09926808}, "arr_time": 1676283003, "arr_date_time": "2023-02-13T05:10:03-05:00", "end_time": 1676283303, "end_date_time": "2023-02-13T05:15:03-05:00", "waiting_time": 0, "distance": 315, "driving_time": 303, "preparation_time": 0, "load_before": [0], "load_after": [0]}, {"type": "service", "id": "1801802003_39", "location_id": "1801802003", "address": {"location_id": "1801802003", "lat": 42.26677073, "lon": -71.09974818}, "arr_time": 1676283312, "arr_date_time": "2023-02-13T05:15:12-05:00", "end_time": 1676283612, "end_date_time": "2023-02-13T05:20:12-05:00", "waiting_time": 0, "distance": 325, "driving_time": 312, "preparation_time": 0, "load_before": [0], "load_after": [0]}, {"type": "service", "id": "1801728000_15", "location_id": "1801728000", "address": {"location_id": "1801728000", "lat": 42.26652346, "lon": -71.09935856}, "arr_time": 1676283613, "arr_date_time": "2023-02-13T05:20:13-05:00", "end_time": 1676283913, "end_date_time": "2023-02-13T05:25:13-05:00", "waiting_time": 0, "distance": 327, "driving_time": 313, "preparation_time": 0, "load_before": [0], "load_after": [0]}, {"type": "service", "id": "1801727000_14", "location_id": "1801727000", "address": {"location_id": "1801727000", "lat": 42.26643567, "lon": -71.09945107}, "arr_time": 1676283925, "arr_date_time": "2023-02-13T05:25:25-05:00", "end_time": 1676284225, "end_date_time": "2023-02-13T05:30:25-05:00", "waiting_time": 0, "distance": 339, "driving_time": 325, "preparation_time": 0, "load_before": [0], "load_after": [0]}, {"type": "service", "id": "1801802005_41", "location_id": "1801802005", "address": {"location_id": "1801802005", "lat": 42.2666882, "lon": -71.09998533}, "arr_time": 1676284231, "arr_date_time": "2023-02-13T05:30:31-05:00", "end_time": 1676284531, "end_date_time": "2023-02-13T05:35:31-05:00", "waiting_time": 0, "distance": 344, "driving_time": 331, "preparation_time": 0, "load_before": [0], "load_after": [0]}, {"type": "service", "id": "1801802004_40", "location_id": "1801802004", "address": {"location_id": "1801802004", "lat": 42.26660427, "lon": -71.09984148}, "arr_time": 1676284531, "arr_date_time": "2023-02-13T05:35:31-05:00", "end_time": 1676284831, "end_date_time": "2023-02-13T05:40:31-05:00", "waiting_time": 0, "distance": 344, "driving_time": 331, "preparation_time": 0, "load_before": [0], "load_after": [0]}, {"type": "service", "id": "1801726000_13", "location_id": "1801726000", "address": {"location_id": "1801726000", "lat": 42.26634834, "lon": -71.09954136}, "arr_time": 1676284837, "arr_date_time": "2023-02-13T05:40:37-05:00", "end_time": 1676285137, "end_date_time": "2023-02-13T05:45:37-05:00", "waiting_time": 0, "distance": 351, "driving_time": 337, "preparation_time": 0, "load_before": [0], "load_after": [0]}, {"type": "service", "id": "1801802006_42", "location_id": "1801802006", "address": {"location_id": "1801802006", "lat": 42.26654509, "lon": -71.09998752}, "arr_time": 1676285143, "arr_date_time": "2023-02-13T05:45:43-05:00", "end_time": 1676285443, "end_date_time": "2023-02-13T05:50:43-05:00", "waiting_time": 0, "distance": 356, "driving_time": 343, "preparation_time": 0, "load_before": [0], "load_after": [0]}, {"type": "service", "id": "1801725000_12", "location_id": "1801725000", "address": {"location_id": "1801725000", "lat": 42.26626159, "lon": -71.09963182}, "arr_time": 1676285449, "arr_date_time": "2023-02-13T05:50:49-05:00", "end_time": 1676285749, "end_date_time": "2023-02-13T05:55:49-05:00", "waiting_time": 0, "distance": 363, "driving_time": 349, "preparation_time": 0, "load_before": [0], "load_after": [0]}, {"type": "service", "id": "1801611000_03", "location_id": "1801611000", "address": {"location_id": "1801611000", "lat": 42.26585042, "lon": -71.10050804}, "arr_time": 1676285812, "arr_date_time": "2023-02-13T05:56:52-05:00", "end_time": 1676286112, "end_date_time": "2023-02-13T06:01:52-05:00", "waiting_time": 0, "distance": 428, "driving_time": 412, "preparation_time": 0, "load_before": [0], "load_after": [0]}, {"type": "service", "id": "1801609000_02", "location_id": "1801609000", "address": {"location_id": "1801609000", "lat": 42.26603221, "lon": -71.10070507}, "arr_time": 1676286135, "arr_date_time": "2023-02-13T06:02:15-05:00", "end_time": 1676286435, "end_date_time": "2023-02-13T06:07:15-05:00", "waiting_time": 0, "distance": 452, "driving_time": 435, "preparation_time": 0, "load_before": [0], "load_after": [0]}, {"type": "service", "id": "1801802010_43", "location_id": "1801802010", "address": {"location_id": "1801802010", "lat": 42.2662539, "lon": -71.10033152}, "arr_time": 1676286435, "arr_date_time": "2023-02-13T06:07:15-05:00", "end_time": 1676286735, "end_date_time": "2023-02-13T06:12:15-05:00", "waiting_time": 0, "distance": 452, "driving_time": 435, "preparation_time": 0, "load_before": [0], "load_after": [0]}, {"type": "service", "id": "1801802011_44", "location_id": "1801802011", "address": {"location_id": "1801802011", "lat": 42.26633202, "lon": -71.10043778}, "arr_time": 1676286747, "arr_date_time": "2023-02-13T06:12:27-05:00", "end_time": 1676287047, "end_date_time": "2023-02-13T06:17:27-05:00", "waiting_time": 0, "distance": 464, "driving_time": 447, "preparation_time": 0, "load_before": [0], "load_after": [0]}, {"type": "service", "id": "1801802013_45", "location_id": "1801802013", "address": {"location_id": "1801802013", "lat": 42.26653099, "lon": -71.10061446}, "arr_time": 1676287097, "arr_date_time": "2023-02-13T06:18:17-05:00", "end_time": 1676287397, "end_date_time": "2023-02-13T06:23:17-05:00", "waiting_time": 0, "distance": 516, "driving_time": 497, "preparation_time": 0, "load_before": [0], "load_after": [0]}, {"type": "service", "id": "1801607000_01", "location_id": "1801607000", "address": {"location_id": "1801607000", "lat": 42.26620126, "lon": -71.10094844}, "arr_time": 1676287441, "arr_date_time": "2023-02-13T06:24:01-05:00", "end_time": 1676287741, "end_date_time": "2023-02-13T06:29:01-05:00", "waiting_time": 0, "distance": 562, "driving_time": 541, "preparation_time": 0, "load_before": [0], "load_after": [0]}, {"type": "service", "id": "1801614000_04", "location_id": "1801614000", "address": {"location_id": "1801614000", "lat": 42.26563954, "lon": -71.10019607}, "arr_time": 1676287865, "arr_date_time": "2023-02-13T06:31:05-05:00", "end_time": 1676288165, "end_date_time": "2023-02-13T06:36:05-05:00", "waiting_time": 0, "distance": 691, "driving_time": 665, "preparation_time": 0, "load_before": [0], "load_after": [0]}, {"type": "service", "id": "1801718000_11", "location_id": "1801718000", "address": {"location_id": "1801718000", "lat": 42.26572909, "lon": -71.09958497}, "arr_time": 1676288229, "arr_date_time": "2023-02-13T06:37:09-05:00", "end_time": 1676288529, "end_date_time": "2023-02-13T06:42:09-05:00", "waiting_time": 0, "distance": 758, "driving_time": 729, "preparation_time": 0, "load_before": [0], "load_after": [0]}, {"type": "service", "id": "1801640000_05", "location_id": "1801640000", "address": {"location_id": "1801640000", "lat": 42.26572721, "lon": -71.09908222}, "arr_time": 1676288553, "arr_date_time": "2023-02-13T06:42:33-05:00", "end_time": 1676288853, "end_date_time": "2023-02-13T06:47:33-05:00", "waiting_time": 0, "distance": 783, "driving_time": 753, "preparation_time": 0, "load_before": [0], "load_after": [0]}, {"type": "service", "id": "1801641000_06", "location_id": "1801641000", "address": {"location_id": "1801641000", "lat": 42.26581079, "lon": -71.09898306}, "arr_time": 1676288865, "arr_date_time": "2023-02-13T06:47:45-05:00", "end_time": 1676289165, "end_date_time": "2023-02-13T06:52:45-05:00", "waiting_time": 0, "distance": 795, "driving_time": 765, "preparation_time": 0, "load_before": [0], "load_after": [0]}, {"type": "service", "id": "1801777000_30", "location_id": "1801777000", "address": {"location_id": "1801777000", "lat": 42.26618004, "lon": -71.09925015}, "arr_time": 1676289184, "arr_date_time": "2023-02-13T06:53:04-05:00", "end_time": 1676289484, "end_date_time": "2023-02-13T06:58:04-05:00", "waiting_time": 0, "distance": 814, "driving_time": 784, "preparation_time": 0, "load_before": [0], "load_after": [0]}, {"type": "service", "id": "1801775000_29", "location_id": "1801775000", "address": {"location_id": "1801775000", "lat": 42.26635169, "lon": -71.09906868}, "arr_time": 1676289507, "arr_date_time": "2023-02-13T06:58:27-05:00", "end_time": 1676289807, "end_date_time": "2023-02-13T07:03:27-05:00", "waiting_time": 0, "distance": 838, "driving_time": 807, "preparation_time": 0, "load_before": [0], "load_after": [0]}, {"type": "service", "id": "1801645000_07", "location_id": "1801645000", "address": {"location_id": "1801645000", "lat": 42.26610758, "lon": -71.09863846}, "arr_time": 1676289807, "arr_date_time": "2023-02-13T07:03:27-05:00", "end_time": 1676290107, "end_date_time": "2023-02-13T07:08:27-05:00", "waiting_time": 0, "distance": 838, "driving_time": 807, "preparation_time": 0, "load_before": [0], "load_after": [0]}, {"type": "service", "id": "1801646000_08", "location_id": "1801646000", "address": {"location_id": "1801646000", "lat": 42.26621479, "lon": -71.09852407}, "arr_time": 1676290121, "arr_date_time": "2023-02-13T07:08:41-05:00", "end_time": 1676290421, "end_date_time": "2023-02-13T07:13:41-05:00", "waiting_time": 0, "distance": 853, "driving_time": 821, "preparation_time": 0, "load_before": [0], "load_after": [0]}, {"type": "service", "id": "1801773000_28", "location_id": "1801773000", "address": {"location_id": "1801773000", "lat": 42.26652227, "lon": -71.0988899}, "arr_time": 1676290429, "arr_date_time": "2023-02-13T07:13:49-05:00", "end_time": 1676290729, "end_date_time": "2023-02-13T07:18:49-05:00", "waiting_time": 0, "distance": 862, "driving_time": 829, "preparation_time": 0, "load_before": [0], "load_after": [0]}, {"type": "service", "id": "1801772000_27", "location_id": "1801772000", "address": {"location_id": "1801772000", "lat": 42.26660835, "lon": -71.09879881}, "arr_time": 1676290741, "arr_date_time": "2023-02-13T07:19:01-05:00", "end_time": 1676291041, "end_date_time": "2023-02-13T07:24:01-05:00", "waiting_time": 0, "distance": 874, "driving_time": 841, "preparation_time": 0, "load_before": [0], "load_after": [0]}, {"type": "service", "id": "1801771000_26", "location_id": "1801771000", "address": {"location_id": "1801771000", "lat": 42.26669583, "lon": -71.09870665}, "arr_time": 1676291053, "arr_date_time": "2023-02-13T07:24:13-05:00", "end_time": 1676291353, "end_date_time": "2023-02-13T07:29:13-05:00", "waiting_time": 0, "distance": 886, "driving_time": 853, "preparation_time": 0, "load_before": [0], "load_after": [0]}, {"type": "service", "id": "1801770000_25", "location_id": "1801770000", "address": {"location_id": "1801770000", "lat": 42.26685389, "lon": -71.09859487}, "arr_time": 1676291372, "arr_date_time": "2023-02-13T07:29:32-05:00", "end_time": 1676291672, "end_date_time": "2023-02-13T07:34:32-05:00", "waiting_time": 0, "distance": 906, "driving_time": 872, "preparation_time": 0, "load_before": [0], "load_after": [0]}, {"type": "service", "id": "1801647000_09", "location_id": "1801647000", "address": {"location_id": "1801647000", "lat": 42.26666572, "lon": -71.09810497}, "arr_time": 1676291681, "arr_date_time": "2023-02-13T07:34:41-05:00", "end_time": 1676291981, "end_date_time": "2023-02-13T07:39:41-05:00", "waiting_time": 0, "distance": 915, "driving_time": 881, "preparation_time": 0, "load_before": [0], "load_after": [0]}, {"type": "service", "id": "1801648000_10", "location_id": "1801648000", "address": {"location_id": "1801648000", "lat": 42.26674257, "lon": -71.09798437}, "arr_time": 1676291993, "arr_date_time": "2023-02-13T07:39:53-05:00", "end_time": 1676292293, "end_date_time": "2023-02-13T07:44:53-05:00", "waiting_time": 0, "distance": 928, "driving_time": 893, "preparation_time": 0, "load_before": [0], "load_after": [0]}, {"type": "service", "id": "1801769000_24", "location_id": "1801769000", "address": {"location_id": "1801769000", "lat": 42.26699582, "lon": -71.09839814}, "arr_time": 1676292293, "arr_date_time": "2023-02-13T07:44:53-05:00", "end_time": 1676292593, "end_date_time": "2023-02-13T07:49:53-05:00", "waiting_time": 0, "distance": 929, "driving_time": 893, "preparation_time": 0, "load_before": [0], "load_after": [0]}, {"type": "service", "id": "1801766000_23", "location_id": "1801766000", "address": {"location_id": "1801766000", "lat": 42.267299, "lon": -71.09803114}, "arr_time": 1676292637, "arr_date_time": "2023-02-13T07:50:37-05:00", "end_time": 1676292937, "end_date_time": "2023-02-13T07:55:37-05:00", "waiting_time": 0, "distance": 974, "driving_time": 937, "preparation_time": 0, "load_before": [0], "load_after": [0]}, {"type": "service", "id": "1801763000_22", "location_id": "1801763000", "address": {"location_id": "1801763000", "lat": 42.26761926, "lon": -71.09766903}, "arr_time": 1676292981, "arr_date_time": "2023-02-13T07:56:21-05:00", "end_time": 1676293281, "end_date_time": "2023-02-13T08:01:21-05:00", "waiting_time": 0, "distance": 1020, "driving_time": 981, "preparation_time": 0, "load_before": [0], "load_after": [0]}]}], "unassigned": {"services": [], "shipments": [], "breaks": [], "details": []}}}