{"copyrights": ["GraphHopper", "OpenStreetMap contributors"], "job_id": "50ae2528-c2d5-4c42-a145-eb8bd8b8ef52", "status": "finished", "waiting_time_in_queue": 0, "processing_time": 146, "solution": {"costs": 333, "distance": 2191, "time": 2107, "transport_time": 2107, "completion_time": 16507, "max_operation_time": 16507, "waiting_time": 0, "service_duration": 14400, "preparation_time": 0, "no_vehicles": 1, "no_unassigned": 0, "routes": [{"vehicle_id": "my_vehicle", "shift_id": "default-shift", "distance": 2191, "transport_time": 2107, "completion_time": 16507, "waiting_time": 0, "service_duration": 14400, "preparation_time": 0, "activities": [{"type": "start", "location_id": "1702904000", "address": {"location_id": "1702904000", "lat": 42.2821341, "lon": -71.07420464}, "arr_time": 1676278800, "arr_date_time": "2023-02-13T04:00:00-05:00", "end_time": 1676278800, "end_date_time": "2023-02-13T04:00:00-05:00", "waiting_time": 0, "distance": 0, "driving_time": 0, "preparation_time": 0, "load_after": [0]}, {"type": "service", "id": "1702922000_11", "location_id": "1702922000", "address": {"location_id": "1702922000", "lat": 42.28190889, "lon": -71.07374004}, "arr_time": 1676278829, "arr_date_time": "2023-02-13T04:00:29-05:00", "end_time": 1676279129, "end_date_time": "2023-02-13T04:05:29-05:00", "waiting_time": 0, "distance": 30, "driving_time": 29, "preparation_time": 0, "load_before": [0], "load_after": [0]}, {"type": "service", "id": "1702924000_12", "location_id": "1702924000", "address": {"location_id": "1702924000", "lat": 42.28198268, "lon": -71.07338105}, "arr_time": 1676279159, "arr_date_time": "2023-02-13T04:05:59-05:00", "end_time": 1676279459, "end_date_time": "2023-02-13T04:10:59-05:00", "waiting_time": 0, "distance": 61, "driving_time": 59, "preparation_time": 0, "load_before": [0], "load_after": [0]}, {"type": "service", "id": "1702932000_13", "location_id": "1702932000", "address": {"location_id": "1702932000", "lat": 42.28222229, "lon": -71.07221536}, "arr_time": 1676279555, "arr_date_time": "2023-02-13T04:12:35-05:00", "end_time": 1676279855, "end_date_time": "2023-02-13T04:17:35-05:00", "waiting_time": 0, "distance": 161, "driving_time": 155, "preparation_time": 0, "load_before": [0], "load_after": [0]}, {"type": "service", "id": "1702906000_06", "location_id": "1702906000", "address": {"location_id": "1702906000", "lat": 42.28205785, "lon": -71.07457868}, "arr_time": 1676280040, "arr_date_time": "2023-02-13T04:20:40-05:00", "end_time": 1676280340, "end_date_time": "2023-02-13T04:25:40-05:00", "waiting_time": 0, "distance": 354, "driving_time": 340, "preparation_time": 0, "load_before": [0], "load_after": [0]}, {"type": "service", "id": "1702909000_07", "location_id": "1702909000", "address": {"location_id": "1702909000", "lat": 42.28196087, "lon": -71.07506964}, "arr_time": 1676280380, "arr_date_time": "2023-02-13T04:26:20-05:00", "end_time": 1676280680, "end_date_time": "2023-02-13T04:31:20-05:00", "waiting_time": 0, "distance": 396, "driving_time": 380, "preparation_time": 0, "load_before": [0], "load_after": [0]}, {"type": "service", "id": "1702915002_10", "location_id": "1702915002", "address": {"location_id": "1702915002", "lat": 42.28167225, "lon": -71.07505022}, "arr_time": 1676280687, "arr_date_time": "2023-02-13T04:31:27-05:00", "end_time": 1676280987, "end_date_time": "2023-02-13T04:36:27-05:00", "waiting_time": 0, "distance": 402, "driving_time": 387, "preparation_time": 0, "load_before": [0], "load_after": [0]}, {"type": "service", "id": "1702910000_08", "location_id": "1702910000", "address": {"location_id": "1702910000", "lat": 42.28193378, "lon": -71.07520833}, "arr_time": 1676280992, "arr_date_time": "2023-02-13T04:36:32-05:00", "end_time": 1676281292, "end_date_time": "2023-02-13T04:41:32-05:00", "waiting_time": 0, "distance": 407, "driving_time": 392, "preparation_time": 0, "load_before": [0], "load_after": [0]}, {"type": "service", "id": "1702915001_09", "location_id": "1702915001", "address": {"location_id": "1702915001", "lat": 42.28162054, "lon": -71.07534218}, "arr_time": 1676281311, "arr_date_time": "2023-02-13T04:41:51-05:00", "end_time": 1676281611, "end_date_time": "2023-02-13T04:46:51-05:00", "waiting_time": 0, "distance": 426, "driving_time": 411, "preparation_time": 0, "load_before": [0], "load_after": [0]}, {"type": "service", "id": "1702662003_02", "location_id": "1702662003", "address": {"location_id": "1702662003", "lat": 42.28154698, "lon": -71.07614135}, "arr_time": 1676281665, "arr_date_time": "2023-02-13T04:47:45-05:00", "end_time": 1676281965, "end_date_time": "2023-02-13T04:52:45-05:00", "waiting_time": 0, "distance": 482, "driving_time": 465, "preparation_time": 0, "load_before": [0], "load_after": [0]}, {"type": "service", "id": "1702662004_03", "location_id": "1702662004", "address": {"location_id": "1702662004", "lat": 42.28142107, "lon": -71.07616317}, "arr_time": 1676281977, "arr_date_time": "2023-02-13T04:52:57-05:00", "end_time": 1676282277, "end_date_time": "2023-02-13T04:57:57-05:00", "waiting_time": 0, "distance": 495, "driving_time": 477, "preparation_time": 0, "load_before": [0], "load_after": [0]}, {"type": "service", "id": "1702663010_04", "location_id": "1702663010", "address": {"location_id": "1702663010", "lat": 42.28130357, "lon": -71.07607092}, "arr_time": 1676282292, "arr_date_time": "2023-02-13T04:58:12-05:00", "end_time": 1676282592, "end_date_time": "2023-02-13T05:03:12-05:00", "waiting_time": 0, "distance": 510, "driving_time": 492, "preparation_time": 0, "load_before": [0], "load_after": [0]}, {"type": "service", "id": "1702663020_05", "location_id": "1702663020", "address": {"location_id": "1702663020", "lat": 42.28115278, "lon": -71.07601439}, "arr_time": 1676282609, "arr_date_time": "2023-02-13T05:03:29-05:00", "end_time": 1676282909, "end_date_time": "2023-02-13T05:08:29-05:00", "waiting_time": 0, "distance": 527, "driving_time": 509, "preparation_time": 0, "load_before": [0], "load_after": [0]}, {"type": "service", "id": "1702647000_01", "location_id": "1702647000", "address": {"location_id": "1702647000", "lat": 42.28076972, "lon": -71.07589637}, "arr_time": 1676282951, "arr_date_time": "2023-02-13T05:09:11-05:00", "end_time": 1676283251, "end_date_time": "2023-02-13T05:14:11-05:00", "waiting_time": 0, "distance": 571, "driving_time": 551, "preparation_time": 0, "load_before": [0], "load_after": [0]}, {"type": "service", "id": "1703009000_34", "location_id": "1703009000", "address": {"location_id": "1703009000", "lat": 42.28081068, "lon": -71.07533734}, "arr_time": 1676283259, "arr_date_time": "2023-02-13T05:14:19-05:00", "end_time": 1676283559, "end_date_time": "2023-02-13T05:19:19-05:00", "waiting_time": 0, "distance": 579, "driving_time": 559, "preparation_time": 0, "load_before": [0], "load_after": [0]}, {"type": "service", "id": "1702957000_21", "location_id": "1702957000", "address": {"location_id": "1702957000", "lat": 42.28096111, "lon": -71.07541313}, "arr_time": 1676283611, "arr_date_time": "2023-02-13T05:20:11-05:00", "end_time": 1676283911, "end_date_time": "2023-02-13T05:25:11-05:00", "waiting_time": 0, "distance": 633, "driving_time": 611, "preparation_time": 0, "load_before": [0], "load_after": [0]}, {"type": "service", "id": "1702954000_20", "location_id": "1702954000", "address": {"location_id": "1702954000", "lat": 42.2813859, "lon": -71.07525882}, "arr_time": 1676283937, "arr_date_time": "2023-02-13T05:25:37-05:00", "end_time": 1676284237, "end_date_time": "2023-02-13T05:30:37-05:00", "waiting_time": 0, "distance": 661, "driving_time": 637, "preparation_time": 0, "load_before": [0], "load_after": [0]}, {"type": "service", "id": "1702953000_19", "location_id": "1702953000", "address": {"location_id": "1702953000", "lat": 42.28142763, "lon": -71.0749651}, "arr_time": 1676284261, "arr_date_time": "2023-02-13T05:31:01-05:00", "end_time": 1676284561, "end_date_time": "2023-02-13T05:36:01-05:00", "waiting_time": 0, "distance": 686, "driving_time": 661, "preparation_time": 0, "load_before": [0], "load_after": [0]}, {"type": "service", "id": "1702962000_22", "location_id": "1702962000", "address": {"location_id": "1702962000", "lat": 42.28113342, "lon": -71.0744693}, "arr_time": 1676284591, "arr_date_time": "2023-02-13T05:36:31-05:00", "end_time": 1676284891, "end_date_time": "2023-02-13T05:41:31-05:00", "waiting_time": 0, "distance": 717, "driving_time": 691, "preparation_time": 0, "load_before": [0], "load_after": [0]}, {"type": "service", "id": "1702951000_18", "location_id": "1702951000", "address": {"location_id": "1702951000", "lat": 42.28151458, "lon": -71.0745692}, "arr_time": 1676284893, "arr_date_time": "2023-02-13T05:41:33-05:00", "end_time": 1676285193, "end_date_time": "2023-02-13T05:46:33-05:00", "waiting_time": 0, "distance": 720, "driving_time": 693, "preparation_time": 0, "load_before": [0], "load_after": [0]}, {"type": "service", "id": "1702948000_17", "location_id": "1702948000", "address": {"location_id": "1702948000", "lat": 42.28162538, "lon": -71.07401518}, "arr_time": 1676285239, "arr_date_time": "2023-02-13T05:47:19-05:00", "end_time": 1676285539, "end_date_time": "2023-02-13T05:52:19-05:00", "waiting_time": 0, "distance": 767, "driving_time": 739, "preparation_time": 0, "load_before": [0], "load_after": [0]}, {"type": "service", "id": "1702966000_23", "location_id": "1702966000", "address": {"location_id": "1702966000", "lat": 42.28126497, "lon": -71.07381781}, "arr_time": 1676285544, "arr_date_time": "2023-02-13T05:52:24-05:00", "end_time": 1676285844, "end_date_time": "2023-02-13T05:57:24-05:00", "waiting_time": 0, "distance": 772, "driving_time": 744, "preparation_time": 0, "load_before": [0], "load_after": [0]}, {"type": "service", "id": "1702947000_16", "location_id": "1702947000", "address": {"location_id": "1702947000", "lat": 42.28164338, "lon": -71.0738314}, "arr_time": 1676285853, "arr_date_time": "2023-02-13T05:57:33-05:00", "end_time": 1676286153, "end_date_time": "2023-02-13T06:02:33-05:00", "waiting_time": 0, "distance": 782, "driving_time": 753, "preparation_time": 0, "load_before": [0], "load_after": [0]}, {"type": "service", "id": "1702967000_24", "location_id": "1702967000", "address": {"location_id": "1702967000", "lat": 42.28129895, "lon": -71.07365153}, "arr_time": 1676286157, "arr_date_time": "2023-02-13T06:02:37-05:00", "end_time": 1676286457, "end_date_time": "2023-02-13T06:07:37-05:00", "waiting_time": 0, "distance": 786, "driving_time": 757, "preparation_time": 0, "load_before": [0], "load_after": [0]}, {"type": "service", "id": "1702946000_15", "location_id": "1702946000", "address": {"location_id": "1702946000", "lat": 42.28167953, "lon": -71.07365391}, "arr_time": 1676286468, "arr_date_time": "2023-02-13T06:07:48-05:00", "end_time": 1676286768, "end_date_time": "2023-02-13T06:12:48-05:00", "waiting_time": 0, "distance": 797, "driving_time": 768, "preparation_time": 0, "load_before": [0], "load_after": [0]}, {"type": "service", "id": "1702968000_25", "location_id": "1702968000", "address": {"location_id": "1702968000", "lat": 42.28133502, "lon": -71.07347954}, "arr_time": 1676286772, "arr_date_time": "2023-02-13T06:12:52-05:00", "end_time": 1676287072, "end_date_time": "2023-02-13T06:17:52-05:00", "waiting_time": 0, "distance": 801, "driving_time": 772, "preparation_time": 0, "load_before": [0], "load_after": [0]}, {"type": "service", "id": "1702969000_26", "location_id": "1702969000", "address": {"location_id": "1702969000", "lat": 42.28137341, "lon": -71.07329286}, "arr_time": 1676287087, "arr_date_time": "2023-02-13T06:18:07-05:00", "end_time": 1676287387, "end_date_time": "2023-02-13T06:23:07-05:00", "waiting_time": 0, "distance": 817, "driving_time": 787, "preparation_time": 0, "load_before": [0], "load_after": [0]}, {"type": "service", "id": "1702970000_27", "location_id": "1702970000", "address": {"location_id": "1702970000", "lat": 42.28141002, "lon": -71.07311228}, "arr_time": 1676287401, "arr_date_time": "2023-02-13T06:23:21-05:00", "end_time": 1676287701, "end_date_time": "2023-02-13T06:28:21-05:00", "waiting_time": 0, "distance": 832, "driving_time": 801, "preparation_time": 0, "load_before": [0], "load_after": [0]}, {"type": "service", "id": "1702972000_28", "location_id": "1702972000", "address": {"location_id": "1702972000", "lat": 42.28148239, "lon": -71.07276149}, "arr_time": 1676287731, "arr_date_time": "2023-02-13T06:28:51-05:00", "end_time": 1676288031, "end_date_time": "2023-02-13T06:33:51-05:00", "waiting_time": 0, "distance": 862, "driving_time": 831, "preparation_time": 0, "load_before": [0], "load_after": [0]}, {"type": "service", "id": "1702940000_14", "location_id": "1702940000", "address": {"location_id": "1702940000", "lat": 42.28191649, "lon": -71.07258725}, "arr_time": 1676288056, "arr_date_time": "2023-02-13T06:34:16-05:00", "end_time": 1676288356, "end_date_time": "2023-02-13T06:39:16-05:00", "waiting_time": 0, "distance": 889, "driving_time": 856, "preparation_time": 0, "load_before": [0], "load_after": [0]}, {"type": "service", "id": "1702974000_29", "location_id": "1702974000", "address": {"location_id": "1702974000", "lat": 42.28155261, "lon": -71.07241214}, "arr_time": 1676288359, "arr_date_time": "2023-02-13T06:39:19-05:00", "end_time": 1676288659, "end_date_time": "2023-02-13T06:44:19-05:00", "waiting_time": 0, "distance": 892, "driving_time": 859, "preparation_time": 0, "load_before": [0], "load_after": [0]}, {"type": "service", "id": "1702982000_30", "location_id": "1702982000", "address": {"location_id": "1702982000", "lat": 42.28145357, "lon": -71.07127997}, "arr_time": 1676288819, "arr_date_time": "2023-02-13T06:46:59-05:00", "end_time": 1676289119, "end_date_time": "2023-02-13T06:51:59-05:00", "waiting_time": 0, "distance": 1058, "driving_time": 1019, "preparation_time": 0, "load_before": [0], "load_after": [0]}, {"type": "service", "id": "1702987000_31", "location_id": "1702987000", "address": {"location_id": "1702987000", "lat": 42.28126923, "lon": -71.07187315}, "arr_time": 1676289215, "arr_date_time": "2023-02-13T06:53:35-05:00", "end_time": 1676289515, "end_date_time": "2023-02-13T06:58:35-05:00", "waiting_time": 0, "distance": 1157, "driving_time": 1115, "preparation_time": 0, "load_before": [0], "load_after": [0]}, {"type": "service", "id": "1703021000_37", "location_id": "1703021000", "address": {"location_id": "1703021000", "lat": 42.28067222, "lon": -71.07293395}, "arr_time": 1676289644, "arr_date_time": "2023-02-13T07:00:44-05:00", "end_time": 1676289944, "end_date_time": "2023-02-13T07:05:44-05:00", "waiting_time": 0, "distance": 1292, "driving_time": 1244, "preparation_time": 0, "load_before": [0], "load_after": [0]}, {"type": "service", "id": "1702999000_32", "location_id": "1702999000", "address": {"location_id": "1702999000", "lat": 42.2809462, "lon": -71.07372161}, "arr_time": 1676290003, "arr_date_time": "2023-02-13T07:06:43-05:00", "end_time": 1676290303, "end_date_time": "2023-02-13T07:11:43-05:00", "waiting_time": 0, "distance": 1353, "driving_time": 1303, "preparation_time": 0, "load_before": [0], "load_after": [0]}, {"type": "service", "id": "1703000000_33", "location_id": "1703000000", "address": {"location_id": "1703000000", "lat": 42.28090973, "lon": -71.07389973}, "arr_time": 1676290317, "arr_date_time": "2023-02-13T07:11:57-05:00", "end_time": 1676290617, "end_date_time": "2023-02-13T07:16:57-05:00", "waiting_time": 0, "distance": 1368, "driving_time": 1317, "preparation_time": 0, "load_before": [0], "load_after": [0]}, {"type": "service", "id": "1703044000_41", "location_id": "1703044000", "address": {"location_id": "1703044000", "lat": 42.28034954, "lon": -71.07453873}, "arr_time": 1676290681, "arr_date_time": "2023-02-13T07:18:01-05:00", "end_time": 1676290981, "end_date_time": "2023-02-13T07:23:01-05:00", "waiting_time": 0, "distance": 1435, "driving_time": 1381, "preparation_time": 0, "load_before": [0], "load_after": [0]}, {"type": "service", "id": "1703043000_40", "location_id": "1703043000", "address": {"location_id": "1703043000", "lat": 42.28031274, "lon": -71.07471732}, "arr_time": 1676290996, "arr_date_time": "2023-02-13T07:23:16-05:00", "end_time": 1676291296, "end_date_time": "2023-02-13T07:28:16-05:00", "waiting_time": 0, "distance": 1450, "driving_time": 1396, "preparation_time": 0, "load_before": [0], "load_after": [0]}, {"type": "service", "id": "1703040000_39", "location_id": "1703040000", "address": {"location_id": "1703040000", "lat": 42.28018537, "lon": -71.07524777}, "arr_time": 1676291372, "arr_date_time": "2023-02-13T07:29:32-05:00", "end_time": 1676291672, "end_date_time": "2023-02-13T07:34:32-05:00", "waiting_time": 0, "distance": 1529, "driving_time": 1472, "preparation_time": 0, "load_before": [0], "load_after": [0]}, {"type": "service", "id": "1703052000_42", "location_id": "1703052000", "address": {"location_id": "1703052000", "lat": 42.27991598, "lon": -71.07556106}, "arr_time": 1676291695, "arr_date_time": "2023-02-13T07:34:55-05:00", "end_time": 1676291995, "end_date_time": "2023-02-13T07:39:55-05:00", "waiting_time": 0, "distance": 1552, "driving_time": 1495, "preparation_time": 0, "load_before": [0], "load_after": [0]}, {"type": "service", "id": "1703053000_43", "location_id": "1703053000", "address": {"location_id": "1703053000", "lat": 42.27978613, "lon": -71.07551431}, "arr_time": 1676292043, "arr_date_time": "2023-02-13T07:40:43-05:00", "end_time": 1676292343, "end_date_time": "2023-02-13T07:45:43-05:00", "waiting_time": 0, "distance": 1601, "driving_time": 1543, "preparation_time": 0, "load_before": [0], "load_after": [0]}, {"type": "service", "id": "1703032000_38", "location_id": "1703032000", "address": {"location_id": "1703032000", "lat": 42.28019151, "lon": -71.07391345}, "arr_time": 1676292476, "arr_date_time": "2023-02-13T07:47:56-05:00", "end_time": 1676292776, "end_date_time": "2023-02-13T07:52:56-05:00", "waiting_time": 0, "distance": 1740, "driving_time": 1676, "preparation_time": 0, "load_before": [0], "load_after": [0]}, {"type": "service", "id": "1703016000_36", "location_id": "1703016000", "address": {"location_id": "1703016000", "lat": 42.28045014, "lon": -71.07209606}, "arr_time": 1676292919, "arr_date_time": "2023-02-13T07:55:19-05:00", "end_time": 1676293219, "end_date_time": "2023-02-13T08:00:19-05:00", "waiting_time": 0, "distance": 1889, "driving_time": 1819, "preparation_time": 0, "load_before": [0], "load_after": [0]}, {"type": "service", "id": "1703105000_47", "location_id": "1703105000", "address": {"location_id": "1703105000", "lat": 42.28036079, "lon": -71.07118748}, "arr_time": 1676293273, "arr_date_time": "2023-02-13T08:01:13-05:00", "end_time": 1676293573, "end_date_time": "2023-02-13T08:06:13-05:00", "waiting_time": 0, "distance": 1946, "driving_time": 1873, "preparation_time": 0, "load_before": [0], "load_after": [0]}, {"type": "service", "id": "1703013000_35", "location_id": "1703013000", "address": {"location_id": "1703013000", "lat": 42.28075305, "lon": -71.07174287}, "arr_time": 1676293621, "arr_date_time": "2023-02-13T08:07:01-05:00", "end_time": 1676293921, "end_date_time": "2023-02-13T08:12:01-05:00", "waiting_time": 0, "distance": 1996, "driving_time": 1921, "preparation_time": 0, "load_before": [0], "load_after": [0]}, {"type": "service", "id": "1703108000_48", "location_id": "1703108000", "address": {"location_id": "1703108000", "lat": 42.28078994, "lon": -71.0712609}, "arr_time": 1676293940, "arr_date_time": "2023-02-13T08:12:20-05:00", "end_time": 1676294240, "end_date_time": "2023-02-13T08:17:20-05:00", "waiting_time": 0, "distance": 2016, "driving_time": 1940, "preparation_time": 0, "load_before": [0], "load_after": [0]}, {"type": "service", "id": "1703083000_44", "location_id": "1703083000", "address": {"location_id": "1703083000", "lat": 42.28041894, "lon": -71.0708113}, "arr_time": 1676294376, "arr_date_time": "2023-02-13T08:19:36-05:00", "end_time": 1676294676, "end_date_time": "2023-02-13T08:24:36-05:00", "waiting_time": 0, "distance": 2158, "driving_time": 2076, "preparation_time": 0, "load_before": [0], "load_after": [0]}, {"type": "service", "id": "1703084000_45", "location_id": "1703084000", "address": {"location_id": "1703084000", "lat": 42.28035121, "lon": -71.07066302}, "arr_time": 1676294687, "arr_date_time": "2023-02-13T08:24:47-05:00", "end_time": 1676294987, "end_date_time": "2023-02-13T08:29:47-05:00", "waiting_time": 0, "distance": 2170, "driving_time": 2087, "preparation_time": 0, "load_before": [0], "load_after": [0]}, {"type": "service", "id": "1703085000_46", "location_id": "1703085000", "address": {"location_id": "1703085000", "lat": 42.28017947, "lon": -71.07056941}, "arr_time": 1676295007, "arr_date_time": "2023-02-13T08:30:07-05:00", "end_time": 1676295307, "end_date_time": "2023-02-13T08:35:07-05:00", "waiting_time": 0, "distance": 2191, "driving_time": 2107, "preparation_time": 0, "load_before": [0], "load_after": [0]}]}], "unassigned": {"services": [], "shipments": [], "breaks": [], "details": []}}}