{"copyrights": ["GraphHopper", "OpenStreetMap contributors"], "job_id": "8fcc5129-b4c0-4317-b2ac-11b853fb7973", "status": "finished", "waiting_time_in_queue": 0, "processing_time": 127, "solution": {"costs": 299, "distance": 2198, "time": 2123, "transport_time": 2123, "completion_time": 12323, "max_operation_time": 12323, "waiting_time": 0, "service_duration": 10200, "preparation_time": 0, "no_vehicles": 1, "no_unassigned": 0, "routes": [{"vehicle_id": "my_vehicle", "shift_id": "default-shift", "distance": 2198, "transport_time": 2123, "completion_time": 12323, "waiting_time": 0, "service_duration": 10200, "preparation_time": 0, "activities": [{"type": "start", "location_id": "1001232000", "address": {"location_id": "1001232000", "lat": 42.32835642, "lon": -71.10627653}, "arr_time": 1676278800, "arr_date_time": "2023-02-13T04:00:00-05:00", "end_time": 1676278800, "end_date_time": "2023-02-13T04:00:00-05:00", "waiting_time": 0, "distance": 0, "driving_time": 0, "preparation_time": 0, "load_after": [0]}, {"type": "service", "id": "1001227010_02", "location_id": "1001227010", "address": {"location_id": "1001227010", "lat": 42.32821333, "lon": -71.1057378}, "arr_time": 1676278852, "arr_date_time": "2023-02-13T04:00:52-05:00", "end_time": 1676279152, "end_date_time": "2023-02-13T04:05:52-05:00", "waiting_time": 0, "distance": 48, "driving_time": 52, "preparation_time": 0, "load_before": [0], "load_after": [0]}, {"type": "service", "id": "1001231000_03", "location_id": "1001231000", "address": {"location_id": "1001231000", "lat": 42.32829965, "lon": -71.10605847}, "arr_time": 1676279153, "arr_date_time": "2023-02-13T04:05:53-05:00", "end_time": 1676279453, "end_date_time": "2023-02-13T04:10:53-05:00", "waiting_time": 0, "distance": 49, "driving_time": 53, "preparation_time": 0, "load_before": [0], "load_after": [0]}, {"type": "service", "id": "1001337000_30", "location_id": "1001337000", "address": {"location_id": "1001337000", "lat": 42.32797523, "lon": -71.1063217}, "arr_time": 1676279533, "arr_date_time": "2023-02-13T04:12:13-05:00", "end_time": 1676279833, "end_date_time": "2023-02-13T04:17:13-05:00", "waiting_time": 0, "distance": 126, "driving_time": 133, "preparation_time": 0, "load_before": [0], "load_after": [0]}, {"type": "service", "id": "1001356010_33", "location_id": "1001356010", "address": {"location_id": "1001356010", "lat": 42.32705863, "lon": -71.10479926}, "arr_time": 1676280064, "arr_date_time": "2023-02-13T04:21:04-05:00", "end_time": 1676280364, "end_date_time": "2023-02-13T04:26:04-05:00", "waiting_time": 0, "distance": 366, "driving_time": 364, "preparation_time": 0, "load_before": [0], "load_after": [0]}, {"type": "service", "id": "1001339000_31", "location_id": "1001339000", "address": {"location_id": "1001339000", "lat": 42.32791378, "lon": -71.10610689}, "arr_time": 1676280649, "arr_date_time": "2023-02-13T04:30:49-05:00", "end_time": 1676280949, "end_date_time": "2023-02-13T04:35:49-05:00", "waiting_time": 0, "distance": 663, "driving_time": 649, "preparation_time": 0, "load_before": [0], "load_after": [0]}, {"type": "service", "id": "1001341010_32", "location_id": "1001341010", "address": {"location_id": "1001341010", "lat": 42.32779728, "lon": -71.10588698}, "arr_time": 1676281011, "arr_date_time": "2023-02-13T04:36:51-05:00", "end_time": 1676281311, "end_date_time": "2023-02-13T04:41:51-05:00", "waiting_time": 0, "distance": 727, "driving_time": 711, "preparation_time": 0, "load_before": [0], "load_after": [0]}, {"type": "service", "id": "1001312000_26", "location_id": "1001312000", "address": {"location_id": "1001312000", "lat": 42.32771725, "lon": -71.10364979}, "arr_time": 1676281495, "arr_date_time": "2023-02-13T04:44:55-05:00", "end_time": 1676281795, "end_date_time": "2023-02-13T04:49:55-05:00", "waiting_time": 0, "distance": 919, "driving_time": 895, "preparation_time": 0, "load_before": [0], "load_after": [0]}, {"type": "service", "id": "1001315000_27", "location_id": "1001315000", "address": {"location_id": "1001315000", "lat": 42.32769005, "lon": -71.10325955}, "arr_time": 1676281825, "arr_date_time": "2023-02-13T04:50:25-05:00", "end_time": 1676282125, "end_date_time": "2023-02-13T04:55:25-05:00", "waiting_time": 0, "distance": 951, "driving_time": 925, "preparation_time": 0, "load_before": [0], "load_after": [0]}, {"type": "service", "id": "1001317020_29", "location_id": "1001317020", "address": {"location_id": "1001317020", "lat": 42.32765078, "lon": -71.10280566}, "arr_time": 1676282164, "arr_date_time": "2023-02-13T04:56:04-05:00", "end_time": 1676282464, "end_date_time": "2023-02-13T05:01:04-05:00", "waiting_time": 0, "distance": 992, "driving_time": 964, "preparation_time": 0, "load_before": [0], "load_after": [0]}, {"type": "service", "id": "1001317010_28", "location_id": "1001317010", "address": {"location_id": "1001317010", "lat": 42.32767682, "lon": -71.10306406}, "arr_time": 1676282488, "arr_date_time": "2023-02-13T05:01:28-05:00", "end_time": 1676282788, "end_date_time": "2023-02-13T05:06:28-05:00", "waiting_time": 0, "distance": 1016, "driving_time": 988, "preparation_time": 0, "load_before": [0], "load_after": [0]}, {"type": "service", "id": "1001290080_17", "location_id": "1001290080", "address": {"location_id": "1001290080", "lat": 42.32725981, "lon": -71.10402485}, "arr_time": 1676282929, "arr_date_time": "2023-02-13T05:08:49-05:00", "end_time": 1676283229, "end_date_time": "2023-02-13T05:13:49-05:00", "waiting_time": 0, "distance": 1164, "driving_time": 1129, "preparation_time": 0, "load_before": [0], "load_after": [0]}, {"type": "service", "id": "1001290040_16", "location_id": "1001290040", "address": {"location_id": "1001290040", "lat": 42.32672657, "lon": -71.10394505}, "arr_time": 1676283293, "arr_date_time": "2023-02-13T05:14:53-05:00", "end_time": 1676283593, "end_date_time": "2023-02-13T05:19:53-05:00", "waiting_time": 0, "distance": 1231, "driving_time": 1193, "preparation_time": 0, "load_before": [0], "load_after": [0]}, {"type": "service", "id": "1001290030_15", "location_id": "1001290030", "address": {"location_id": "1001290030", "lat": 42.32665111, "lon": -71.10393126}, "arr_time": 1676283601, "arr_date_time": "2023-02-13T05:20:01-05:00", "end_time": 1676283901, "end_date_time": "2023-02-13T05:25:01-05:00", "waiting_time": 0, "distance": 1239, "driving_time": 1201, "preparation_time": 0, "load_before": [0], "load_after": [0]}, {"type": "service", "id": "1001290020_14", "location_id": "1001290020", "address": {"location_id": "1001290020", "lat": 42.32657632, "lon": -71.10391765}, "arr_time": 1676283909, "arr_date_time": "2023-02-13T05:25:09-05:00", "end_time": 1676284209, "end_date_time": "2023-02-13T05:30:09-05:00", "waiting_time": 0, "distance": 1247, "driving_time": 1209, "preparation_time": 0, "load_before": [0], "load_after": [0]}, {"type": "service", "id": "1001550010_34", "location_id": "1001550010", "address": {"location_id": "1001550010", "lat": 42.32630677, "lon": -71.10431808}, "arr_time": 1676284233, "arr_date_time": "2023-02-13T05:30:33-05:00", "end_time": 1676284533, "end_date_time": "2023-02-13T05:35:33-05:00", "waiting_time": 0, "distance": 1272, "driving_time": 1233, "preparation_time": 0, "load_before": [0], "load_after": [0]}, {"type": "service", "id": "1001290010_13", "location_id": "1001290010", "address": {"location_id": "1001290010", "lat": 42.3264955, "lon": -71.10390315}, "arr_time": 1676284549, "arr_date_time": "2023-02-13T05:35:49-05:00", "end_time": 1676284849, "end_date_time": "2023-02-13T05:40:49-05:00", "waiting_time": 0, "distance": 1288, "driving_time": 1249, "preparation_time": 0, "load_before": [0], "load_after": [0]}, {"type": "service", "id": "1001304020_25", "location_id": "1001304020", "address": {"location_id": "1001304020", "lat": 42.32749674, "lon": -71.10315332}, "arr_time": 1676285035, "arr_date_time": "2023-02-13T05:43:55-05:00", "end_time": 1676285335, "end_date_time": "2023-02-13T05:48:55-05:00", "waiting_time": 0, "distance": 1481, "driving_time": 1435, "preparation_time": 0, "load_before": [0], "load_after": [0]}, {"type": "service", "id": "1001304010_24", "location_id": "1001304010", "address": {"location_id": "1001304010", "lat": 42.32748691, "lon": -71.10302299}, "arr_time": 1676285345, "arr_date_time": "2023-02-13T05:49:05-05:00", "end_time": 1676285645, "end_date_time": "2023-02-13T05:54:05-05:00", "waiting_time": 0, "distance": 1492, "driving_time": 1445, "preparation_time": 0, "load_before": [0], "load_after": [0]}, {"type": "service", "id": "1001303010_23", "location_id": "1001303010", "address": {"location_id": "1001303010", "lat": 42.32747712, "lon": -71.10289373}, "arr_time": 1676285656, "arr_date_time": "2023-02-13T05:54:16-05:00", "end_time": 1676285956, "end_date_time": "2023-02-13T05:59:16-05:00", "waiting_time": 0, "distance": 1503, "driving_time": 1456, "preparation_time": 0, "load_before": [0], "load_after": [0]}, {"type": "service", "id": "1001302010_22", "location_id": "1001302010", "address": {"location_id": "1001302010", "lat": 42.3274673, "lon": -71.10276531}, "arr_time": 1676285967, "arr_date_time": "2023-02-13T05:59:27-05:00", "end_time": 1676286267, "end_date_time": "2023-02-13T06:04:27-05:00", "waiting_time": 0, "distance": 1514, "driving_time": 1467, "preparation_time": 0, "load_before": [0], "load_after": [0]}, {"type": "service", "id": "1001264010_08", "location_id": "1001264010", "address": {"location_id": "1001264010", "lat": 42.32714019, "lon": -71.10234034}, "arr_time": 1676286305, "arr_date_time": "2023-02-13T06:05:05-05:00", "end_time": 1676286605, "end_date_time": "2023-02-13T06:10:05-05:00", "waiting_time": 0, "distance": 1555, "driving_time": 1505, "preparation_time": 0, "load_before": [0], "load_after": [0]}, {"type": "service", "id": "1001263010_07", "location_id": "1001263010", "address": {"location_id": "1001263010", "lat": 42.32697403, "lon": -71.10234777}, "arr_time": 1676286623, "arr_date_time": "2023-02-13T06:10:23-05:00", "end_time": 1676286923, "end_date_time": "2023-02-13T06:15:23-05:00", "waiting_time": 0, "distance": 1573, "driving_time": 1523, "preparation_time": 0, "load_before": [0], "load_after": [0]}, {"type": "service", "id": "1001262030_06", "location_id": "1001262030", "address": {"location_id": "1001262030", "lat": 42.32693836, "lon": -71.10224361}, "arr_time": 1676286928, "arr_date_time": "2023-02-13T06:15:28-05:00", "end_time": 1676287228, "end_date_time": "2023-02-13T06:20:28-05:00", "waiting_time": 0, "distance": 1579, "driving_time": 1528, "preparation_time": 0, "load_before": [0], "load_after": [0]}, {"type": "service", "id": "1001262020_05", "location_id": "1001262020", "address": {"location_id": "1001262020", "lat": 42.3268666, "lon": -71.10221868}, "arr_time": 1676287236, "arr_date_time": "2023-02-13T06:20:36-05:00", "end_time": 1676287536, "end_date_time": "2023-02-13T06:25:36-05:00", "waiting_time": 0, "distance": 1587, "driving_time": 1536, "preparation_time": 0, "load_before": [0], "load_after": [0]}, {"type": "service", "id": "1001262010_04", "location_id": "1001262010", "address": {"location_id": "1001262010", "lat": 42.3267828, "lon": -71.10220445}, "arr_time": 1676287545, "arr_date_time": "2023-02-13T06:25:45-05:00", "end_time": 1676287845, "end_date_time": "2023-02-13T06:30:45-05:00", "waiting_time": 0, "distance": 1596, "driving_time": 1545, "preparation_time": 0, "load_before": [0], "load_after": [0]}, {"type": "service", "id": "1001264030_09", "location_id": "1001264030", "address": {"location_id": "1001264030", "lat": 42.32708613, "lon": -71.10179505}, "arr_time": 1676287971, "arr_date_time": "2023-02-13T06:32:51-05:00", "end_time": 1676288271, "end_date_time": "2023-02-13T06:37:51-05:00", "waiting_time": 0, "distance": 1727, "driving_time": 1671, "preparation_time": 0, "load_before": [0], "load_after": [0]}, {"type": "service", "id": "1001265010_10", "location_id": "1001265010", "address": {"location_id": "1001265010", "lat": 42.32695887, "lon": -71.10159814}, "arr_time": 1676288303, "arr_date_time": "2023-02-13T06:38:23-05:00", "end_time": 1676288603, "end_date_time": "2023-02-13T06:43:23-05:00", "waiting_time": 0, "distance": 1760, "driving_time": 1703, "preparation_time": 0, "load_before": [0], "load_after": [0]}, {"type": "service", "id": "1001267010_11", "location_id": "1001267010", "address": {"location_id": "1001267010", "lat": 42.32694926, "lon": -71.10141534}, "arr_time": 1676288615, "arr_date_time": "2023-02-13T06:43:35-05:00", "end_time": 1676288915, "end_date_time": "2023-02-13T06:48:35-05:00", "waiting_time": 0, "distance": 1773, "driving_time": 1715, "preparation_time": 0, "load_before": [0], "load_after": [0]}, {"type": "service", "id": "1001268010_12", "location_id": "1001268010", "address": {"location_id": "1001268010", "lat": 42.32685195, "lon": -71.10141606}, "arr_time": 1676288925, "arr_date_time": "2023-02-13T06:48:45-05:00", "end_time": 1676289225, "end_date_time": "2023-02-13T06:53:45-05:00", "waiting_time": 0, "distance": 1784, "driving_time": 1725, "preparation_time": 0, "load_before": [0], "load_after": [0]}, {"type": "service", "id": "1001294010_21", "location_id": "1001294010", "address": {"location_id": "1001294010", "lat": 42.32684849, "lon": -71.10040361}, "arr_time": 1676289289, "arr_date_time": "2023-02-13T06:54:49-05:00", "end_time": 1676289589, "end_date_time": "2023-02-13T06:59:49-05:00", "waiting_time": 0, "distance": 1850, "driving_time": 1789, "preparation_time": 0, "load_before": [0], "load_after": [0]}, {"type": "service", "id": "1001292040_20", "location_id": "1001292040", "address": {"location_id": "1001292040", "lat": 42.32670992, "lon": -71.10006711}, "arr_time": 1676289668, "arr_date_time": "2023-02-13T07:01:08-05:00", "end_time": 1676289968, "end_date_time": "2023-02-13T07:06:08-05:00", "waiting_time": 0, "distance": 1932, "driving_time": 1868, "preparation_time": 0, "load_before": [0], "load_after": [0]}, {"type": "service", "id": "1001292020_19", "location_id": "1001292020", "address": {"location_id": "1001292020", "lat": 42.3269362, "lon": -71.09989933}, "arr_time": 1676290007, "arr_date_time": "2023-02-13T07:06:47-05:00", "end_time": 1676290307, "end_date_time": "2023-02-13T07:11:47-05:00", "waiting_time": 0, "distance": 1972, "driving_time": 1907, "preparation_time": 0, "load_before": [0], "load_after": [0]}, {"type": "service", "id": "1001292010_18", "location_id": "1001292010", "address": {"location_id": "1001292010", "lat": 42.32699196, "lon": -71.10006507}, "arr_time": 1676290355, "arr_date_time": "2023-02-13T07:12:35-05:00", "end_time": 1676290655, "end_date_time": "2023-02-13T07:17:35-05:00", "waiting_time": 0, "distance": 2023, "driving_time": 1955, "preparation_time": 0, "load_before": [0], "load_after": [0]}, {"type": "service", "id": "1001216000_01", "location_id": "1001216000", "address": {"location_id": "1001216000", "lat": 42.32799017, "lon": -71.09990282}, "arr_time": 1676290823, "arr_date_time": "2023-02-13T07:20:23-05:00", "end_time": 1676291123, "end_date_time": "2023-02-13T07:25:23-05:00", "waiting_time": 0, "distance": 2198, "driving_time": 2123, "preparation_time": 0, "load_before": [0], "load_after": [0]}]}], "unassigned": {"services": [], "shipments": [], "breaks": [], "details": []}}}