{"copyrights": ["GraphHopper", "OpenStreetMap contributors"], "job_id": "c96ff1fc-1b69-4487-bec4-79eb880e0329", "status": "finished", "waiting_time_in_queue": 0, "processing_time": 145, "solution": {"costs": 343, "distance": 1710, "time": 1635, "transport_time": 1635, "completion_time": 17835, "max_operation_time": 17835, "waiting_time": 0, "service_duration": 16200, "preparation_time": 0, "no_vehicles": 1, "no_unassigned": 0, "routes": [{"vehicle_id": "my_vehicle", "shift_id": "default-shift", "distance": 1710, "transport_time": 1635, "completion_time": 17835, "waiting_time": 0, "service_duration": 16200, "preparation_time": 0, "activities": [{"type": "start", "location_id": "1800258000", "address": {"location_id": "1800258000", "lat": 42.27725019, "lon": -71.07792681}, "arr_time": 1676278800, "arr_date_time": "2023-02-13T04:00:00-05:00", "end_time": 1676278800, "end_date_time": "2023-02-13T04:00:00-05:00", "waiting_time": 0, "distance": 0, "driving_time": 0, "preparation_time": 0, "load_after": [0]}, {"type": "service", "id": "1800259000_01", "location_id": "1800259000", "address": {"location_id": "1800259000", "lat": 42.27713279, "lon": -71.0777737}, "arr_time": 1676278817, "arr_date_time": "2023-02-13T04:00:17-05:00", "end_time": 1676279117, "end_date_time": "2023-02-13T04:05:17-05:00", "waiting_time": 0, "distance": 18, "driving_time": 17, "preparation_time": 0, "load_before": [0], "load_after": [0]}, {"type": "service", "id": "1800261000_02", "location_id": "1800261000", "address": {"location_id": "1800261000", "lat": 42.27683386, "lon": -71.07777993}, "arr_time": 1676279204, "arr_date_time": "2023-02-13T04:06:44-05:00", "end_time": 1676279504, "end_date_time": "2023-02-13T04:11:44-05:00", "waiting_time": 0, "distance": 108, "driving_time": 104, "preparation_time": 0, "load_before": [0], "load_after": [0]}, {"type": "service", "id": "1800266000_07", "location_id": "1800266000", "address": {"location_id": "1800266000", "lat": 42.27645864, "lon": -71.07810828}, "arr_time": 1676279553, "arr_date_time": "2023-02-13T04:12:33-05:00", "end_time": 1676279853, "end_date_time": "2023-02-13T04:17:33-05:00", "waiting_time": 0, "distance": 159, "driving_time": 153, "preparation_time": 0, "load_before": [0], "load_after": [0]}, {"type": "service", "id": "1800262000_03", "location_id": "1800262000", "address": {"location_id": "1800262000", "lat": 42.27688191, "lon": -71.07799874}, "arr_time": 1676279868, "arr_date_time": "2023-02-13T04:17:48-05:00", "end_time": 1676280168, "end_date_time": "2023-02-13T04:22:48-05:00", "waiting_time": 0, "distance": 175, "driving_time": 168, "preparation_time": 0, "load_before": [0], "load_after": [0]}, {"type": "service", "id": "1800265000_06", "location_id": "1800265000", "address": {"location_id": "1800265000", "lat": 42.27653571, "lon": -71.07832673}, "arr_time": 1676280172, "arr_date_time": "2023-02-13T04:22:52-05:00", "end_time": 1676280472, "end_date_time": "2023-02-13T04:27:52-05:00", "waiting_time": 0, "distance": 179, "driving_time": 172, "preparation_time": 0, "load_before": [0], "load_after": [0]}, {"type": "service", "id": "1800263000_04", "location_id": "1800263000", "address": {"location_id": "1800263000", "lat": 42.27697125, "lon": -71.07818515}, "arr_time": 1676280485, "arr_date_time": "2023-02-13T04:28:05-05:00", "end_time": 1676280785, "end_date_time": "2023-02-13T04:33:05-05:00", "waiting_time": 0, "distance": 193, "driving_time": 185, "preparation_time": 0, "load_before": [0], "load_after": [0]}, {"type": "service", "id": "1800264000_05", "location_id": "1800264000", "address": {"location_id": "1800264000", "lat": 42.2765917, "lon": -71.07853711}, "arr_time": 1676280789, "arr_date_time": "2023-02-13T04:33:09-05:00", "end_time": 1676281089, "end_date_time": "2023-02-13T04:38:09-05:00", "waiting_time": 0, "distance": 197, "driving_time": 189, "preparation_time": 0, "load_before": [0], "load_after": [0]}, {"type": "service", "id": "1800267000_08", "location_id": "1800267000", "address": {"location_id": "1800267000", "lat": 42.27633874, "lon": -71.07827546}, "arr_time": 1676281179, "arr_date_time": "2023-02-13T04:39:39-05:00", "end_time": 1676281479, "end_date_time": "2023-02-13T04:44:39-05:00", "waiting_time": 0, "distance": 290, "driving_time": 279, "preparation_time": 0, "load_before": [0], "load_after": [0]}, {"type": "service", "id": "1800269000_09", "location_id": "1800269000", "address": {"location_id": "1800269000", "lat": 42.27602831, "lon": -71.07843673}, "arr_time": 1676281564, "arr_date_time": "2023-02-13T04:46:04-05:00", "end_time": 1676281864, "end_date_time": "2023-02-13T04:51:04-05:00", "waiting_time": 0, "distance": 380, "driving_time": 364, "preparation_time": 0, "load_before": [0], "load_after": [0]}, {"type": "service", "id": "1800274000_12", "location_id": "1800274000", "address": {"location_id": "1800274000", "lat": 42.27591059, "lon": -71.07896506}, "arr_time": 1676281880, "arr_date_time": "2023-02-13T04:51:20-05:00", "end_time": 1676282180, "end_date_time": "2023-02-13T04:56:20-05:00", "waiting_time": 0, "distance": 397, "driving_time": 380, "preparation_time": 0, "load_before": [0], "load_after": [0]}, {"type": "service", "id": "1800270000_10", "location_id": "1800270000", "address": {"location_id": "1800270000", "lat": 42.27625315, "lon": -71.07858267}, "arr_time": 1676282189, "arr_date_time": "2023-02-13T04:56:29-05:00", "end_time": 1676282489, "end_date_time": "2023-02-13T05:01:29-05:00", "waiting_time": 0, "distance": 407, "driving_time": 389, "preparation_time": 0, "load_before": [0], "load_after": [0]}, {"type": "service", "id": "1800271000_11", "location_id": "1800271000", "address": {"location_id": "1800271000", "lat": 42.27635647, "lon": -71.07875457}, "arr_time": 1676282507, "arr_date_time": "2023-02-13T05:01:47-05:00", "end_time": 1676282807, "end_date_time": "2023-02-13T05:06:47-05:00", "waiting_time": 0, "distance": 425, "driving_time": 407, "preparation_time": 0, "load_before": [0], "load_after": [0]}, {"type": "service", "id": "1800277000_13", "location_id": "1800277000", "address": {"location_id": "1800277000", "lat": 42.27559052, "lon": -71.07864862}, "arr_time": 1676282884, "arr_date_time": "2023-02-13T05:08:04-05:00", "end_time": 1676283184, "end_date_time": "2023-02-13T05:13:04-05:00", "waiting_time": 0, "distance": 505, "driving_time": 484, "preparation_time": 0, "load_before": [0], "load_after": [0]}, {"type": "service", "id": "1800399000_45", "location_id": "1800399000", "address": {"location_id": "1800399000", "lat": 42.27535839, "lon": -71.07846651}, "arr_time": 1676283212, "arr_date_time": "2023-02-13T05:13:32-05:00", "end_time": 1676283512, "end_date_time": "2023-02-13T05:18:32-05:00", "waiting_time": 0, "distance": 534, "driving_time": 512, "preparation_time": 0, "load_before": [0], "load_after": [0]}, {"type": "service", "id": "1800400000_46", "location_id": "1800400000", "address": {"location_id": "1800400000", "lat": 42.27516815, "lon": -71.07847294}, "arr_time": 1676283531, "arr_date_time": "2023-02-13T05:18:51-05:00", "end_time": 1676283831, "end_date_time": "2023-02-13T05:23:51-05:00", "waiting_time": 0, "distance": 554, "driving_time": 531, "preparation_time": 0, "load_before": [0], "load_after": [0]}, {"type": "service", "id": "1800401000_47", "location_id": "1800401000", "address": {"location_id": "1800401000", "lat": 42.27505846, "lon": -71.07842753}, "arr_time": 1676283845, "arr_date_time": "2023-02-13T05:24:05-05:00", "end_time": 1676284145, "end_date_time": "2023-02-13T05:29:05-05:00", "waiting_time": 0, "distance": 569, "driving_time": 545, "preparation_time": 0, "load_before": [0], "load_after": [0]}, {"type": "service", "id": "1800402000_48", "location_id": "1800402000", "address": {"location_id": "1800402000", "lat": 42.27491693, "lon": -71.07837656}, "arr_time": 1676284161, "arr_date_time": "2023-02-13T05:29:21-05:00", "end_time": 1676284461, "end_date_time": "2023-02-13T05:34:21-05:00", "waiting_time": 0, "distance": 585, "driving_time": 561, "preparation_time": 0, "load_before": [0], "load_after": [0]}, {"type": "service", "id": "1800403000_49", "location_id": "1800403000", "address": {"location_id": "1800403000", "lat": 42.27477697, "lon": -71.07832163}, "arr_time": 1676284477, "arr_date_time": "2023-02-13T05:34:37-05:00", "end_time": 1676284777, "end_date_time": "2023-02-13T05:39:37-05:00", "waiting_time": 0, "distance": 601, "driving_time": 577, "preparation_time": 0, "load_before": [0], "load_after": [0]}, {"type": "service", "id": "1800404000_50", "location_id": "1800404000", "address": {"location_id": "1800404000", "lat": 42.27458559, "lon": -71.0782354}, "arr_time": 1676284799, "arr_date_time": "2023-02-13T05:39:59-05:00", "end_time": 1676285099, "end_date_time": "2023-02-13T05:44:59-05:00", "waiting_time": 0, "distance": 623, "driving_time": 599, "preparation_time": 0, "load_before": [0], "load_after": [0]}, {"type": "service", "id": "1800407000_51", "location_id": "1800407000", "address": {"location_id": "1800407000", "lat": 42.27443891, "lon": -71.07817613}, "arr_time": 1676285115, "arr_date_time": "2023-02-13T05:45:15-05:00", "end_time": 1676285415, "end_date_time": "2023-02-13T05:50:15-05:00", "waiting_time": 0, "distance": 640, "driving_time": 615, "preparation_time": 0, "load_before": [0], "load_after": [0]}, {"type": "service", "id": "1800408000_52", "location_id": "1800408000", "address": {"location_id": "1800408000", "lat": 42.27430073, "lon": -71.07812038}, "arr_time": 1676285432, "arr_date_time": "2023-02-13T05:50:32-05:00", "end_time": 1676285732, "end_date_time": "2023-02-13T05:55:32-05:00", "waiting_time": 0, "distance": 658, "driving_time": 632, "preparation_time": 0, "load_before": [0], "load_after": [0]}, {"type": "service", "id": "1800409000_53", "location_id": "1800409000", "address": {"location_id": "1800409000", "lat": 42.27416366, "lon": -71.07806461}, "arr_time": 1676285747, "arr_date_time": "2023-02-13T05:55:47-05:00", "end_time": 1676286047, "end_date_time": "2023-02-13T06:00:47-05:00", "waiting_time": 0, "distance": 674, "driving_time": 647, "preparation_time": 0, "load_before": [0], "load_after": [0]}, {"type": "service", "id": "1800411000_54", "location_id": "1800411000", "address": {"location_id": "1800411000", "lat": 42.27396729, "lon": -71.07788568}, "arr_time": 1676286069, "arr_date_time": "2023-02-13T06:01:09-05:00", "end_time": 1676286369, "end_date_time": "2023-02-13T06:06:09-05:00", "waiting_time": 0, "distance": 698, "driving_time": 669, "preparation_time": 0, "load_before": [0], "load_after": [0]}, {"type": "service", "id": "1800388000_37", "location_id": "1800388000", "address": {"location_id": "1800388000", "lat": 42.27364296, "lon": -71.07878156}, "arr_time": 1676286485, "arr_date_time": "2023-02-13T06:08:05-05:00", "end_time": 1676286785, "end_date_time": "2023-02-13T06:13:05-05:00", "waiting_time": 0, "distance": 819, "driving_time": 785, "preparation_time": 0, "load_before": [0], "load_after": [0]}, {"type": "service", "id": "1800321000_32", "location_id": "1800321000", "address": {"location_id": "1800321000", "lat": 42.27289651, "lon": -71.07898573}, "arr_time": 1676286863, "arr_date_time": "2023-02-13T06:14:23-05:00", "end_time": 1676287163, "end_date_time": "2023-02-13T06:19:23-05:00", "waiting_time": 0, "distance": 899, "driving_time": 863, "preparation_time": 0, "load_before": [0], "load_after": [0]}, {"type": "service", "id": "1800322000_33", "location_id": "1800322000", "address": {"location_id": "1800322000", "lat": 42.27274886, "lon": -71.07889018}, "arr_time": 1676287181, "arr_date_time": "2023-02-13T06:19:41-05:00", "end_time": 1676287481, "end_date_time": "2023-02-13T06:24:41-05:00", "waiting_time": 0, "distance": 918, "driving_time": 881, "preparation_time": 0, "load_before": [0], "load_after": [0]}, {"type": "service", "id": "1800323000_34", "location_id": "1800323000", "address": {"location_id": "1800323000", "lat": 42.27263772, "lon": -71.07882934}, "arr_time": 1676287527, "arr_date_time": "2023-02-13T06:25:27-05:00", "end_time": 1676287827, "end_date_time": "2023-02-13T06:30:27-05:00", "waiting_time": 0, "distance": 966, "driving_time": 927, "preparation_time": 0, "load_before": [0], "load_after": [0]}, {"type": "service", "id": "1800325000_35", "location_id": "1800325000", "address": {"location_id": "1800325000", "lat": 42.27236079, "lon": -71.07879129}, "arr_time": 1676287829, "arr_date_time": "2023-02-13T06:30:29-05:00", "end_time": 1676288129, "end_date_time": "2023-02-13T06:35:29-05:00", "waiting_time": 0, "distance": 969, "driving_time": 929, "preparation_time": 0, "load_before": [0], "load_after": [0]}, {"type": "service", "id": "1800328000_36", "location_id": "1800328000", "address": {"location_id": "1800328000", "lat": 42.27205323, "lon": -71.07864247}, "arr_time": 1676288205, "arr_date_time": "2023-02-13T06:36:45-05:00", "end_time": 1676288505, "end_date_time": "2023-02-13T06:41:45-05:00", "waiting_time": 0, "distance": 1048, "driving_time": 1005, "preparation_time": 0, "load_before": [0], "load_after": [0]}, {"type": "service", "id": "1800310000_31", "location_id": "1800310000", "address": {"location_id": "1800310000", "lat": 42.27375422, "lon": -71.07942985}, "arr_time": 1676288708, "arr_date_time": "2023-02-13T06:45:08-05:00", "end_time": 1676289008, "end_date_time": "2023-02-13T06:50:08-05:00", "waiting_time": 0, "distance": 1259, "driving_time": 1208, "preparation_time": 0, "load_before": [0], "load_after": [0]}, {"type": "service", "id": "1800308000_30", "location_id": "1800308000", "address": {"location_id": "1800308000", "lat": 42.27394783, "lon": -71.07959491}, "arr_time": 1676289032, "arr_date_time": "2023-02-13T06:50:32-05:00", "end_time": 1676289332, "end_date_time": "2023-02-13T06:55:32-05:00", "waiting_time": 0, "distance": 1284, "driving_time": 1232, "preparation_time": 0, "load_before": [0], "load_after": [0]}, {"type": "service", "id": "1800296000_23", "location_id": "1800296000", "address": {"location_id": "1800296000", "lat": 42.27425707, "lon": -71.07932929}, "arr_time": 1676289345, "arr_date_time": "2023-02-13T06:55:45-05:00", "end_time": 1676289645, "end_date_time": "2023-02-13T07:00:45-05:00", "waiting_time": 0, "distance": 1298, "driving_time": 1245, "preparation_time": 0, "load_before": [0], "load_after": [0]}, {"type": "service", "id": "1800307000_29", "location_id": "1800307000", "address": {"location_id": "1800307000", "lat": 42.27403196, "lon": -71.07970014}, "arr_time": 1676289648, "arr_date_time": "2023-02-13T07:00:48-05:00", "end_time": 1676289948, "end_date_time": "2023-02-13T07:05:48-05:00", "waiting_time": 0, "distance": 1301, "driving_time": 1248, "preparation_time": 0, "load_before": [0], "load_after": [0]}, {"type": "service", "id": "1800306000_28", "location_id": "1800306000", "address": {"location_id": "1800306000", "lat": 42.2741155, "lon": -71.07981527}, "arr_time": 1676289963, "arr_date_time": "2023-02-13T07:06:03-05:00", "end_time": 1676290263, "end_date_time": "2023-02-13T07:11:03-05:00", "waiting_time": 0, "distance": 1317, "driving_time": 1263, "preparation_time": 0, "load_before": [0], "load_after": [0]}, {"type": "service", "id": "1800298000_24", "location_id": "1800298000", "address": {"location_id": "1800298000", "lat": 42.2744665, "lon": -71.07954126}, "arr_time": 1676290271, "arr_date_time": "2023-02-13T07:11:11-05:00", "end_time": 1676290571, "end_date_time": "2023-02-13T07:16:11-05:00", "waiting_time": 0, "distance": 1326, "driving_time": 1271, "preparation_time": 0, "load_before": [0], "load_after": [0]}, {"type": "service", "id": "1800300000_25", "location_id": "1800300000", "address": {"location_id": "1800300000", "lat": 42.27460328, "lon": -71.07968561}, "arr_time": 1676290589, "arr_date_time": "2023-02-13T07:16:29-05:00", "end_time": 1676290889, "end_date_time": "2023-02-13T07:21:29-05:00", "waiting_time": 0, "distance": 1345, "driving_time": 1289, "preparation_time": 0, "load_before": [0], "load_after": [0]}, {"type": "service", "id": "1800304000_27", "location_id": "1800304000", "address": {"location_id": "1800304000", "lat": 42.27433069, "lon": -71.08014656}, "arr_time": 1676290897, "arr_date_time": "2023-02-13T07:21:37-05:00", "end_time": 1676291197, "end_date_time": "2023-02-13T07:26:37-05:00", "waiting_time": 0, "distance": 1353, "driving_time": 1297, "preparation_time": 0, "load_before": [0], "load_after": [0]}, {"type": "service", "id": "1800301000_26", "location_id": "1800301000", "address": {"location_id": "1800301000", "lat": 42.2747047, "lon": -71.07982219}, "arr_time": 1676291204, "arr_date_time": "2023-02-13T07:26:44-05:00", "end_time": 1676291504, "end_date_time": "2023-02-13T07:31:44-05:00", "waiting_time": 0, "distance": 1361, "driving_time": 1304, "preparation_time": 0, "load_before": [0], "load_after": [0]}, {"type": "service", "id": "1800389000_38", "location_id": "1800389000", "address": {"location_id": "1800389000", "lat": 42.27384891, "lon": -71.07874596}, "arr_time": 1676291643, "arr_date_time": "2023-02-13T07:34:03-05:00", "end_time": 1676291943, "end_date_time": "2023-02-13T07:39:03-05:00", "waiting_time": 0, "distance": 1505, "driving_time": 1443, "preparation_time": 0, "load_before": [0], "load_after": [0]}, {"type": "service", "id": "1800391000_39", "location_id": "1800391000", "address": {"location_id": "1800391000", "lat": 42.2741693, "lon": -71.07855455}, "arr_time": 1676291971, "arr_date_time": "2023-02-13T07:39:31-05:00", "end_time": 1676292271, "end_date_time": "2023-02-13T07:44:31-05:00", "waiting_time": 0, "distance": 1535, "driving_time": 1471, "preparation_time": 0, "load_before": [0], "load_after": [0]}, {"type": "service", "id": "1800292000_22", "location_id": "1800292000", "address": {"location_id": "1800292000", "lat": 42.27443736, "lon": -71.07908724}, "arr_time": 1676292300, "arr_date_time": "2023-02-13T07:45:00-05:00", "end_time": 1676292600, "end_date_time": "2023-02-13T07:50:00-05:00", "waiting_time": 0, "distance": 1565, "driving_time": 1500, "preparation_time": 0, "load_before": [0], "load_after": [0]}, {"type": "service", "id": "1800291000_21", "location_id": "1800291000", "address": {"location_id": "1800291000", "lat": 42.27453574, "lon": -71.0791684}, "arr_time": 1676292611, "arr_date_time": "2023-02-13T07:50:11-05:00", "end_time": 1676292911, "end_date_time": "2023-02-13T07:55:11-05:00", "waiting_time": 0, "distance": 1577, "driving_time": 1511, "preparation_time": 0, "load_before": [0], "load_after": [0]}, {"type": "service", "id": "1800394000_40", "location_id": "1800394000", "address": {"location_id": "1800394000", "lat": 42.27463298, "lon": -71.07867536}, "arr_time": 1676292916, "arr_date_time": "2023-02-13T07:55:16-05:00", "end_time": 1676293216, "end_date_time": "2023-02-13T08:00:16-05:00", "waiting_time": 0, "distance": 1582, "driving_time": 1516, "preparation_time": 0, "load_before": [0], "load_after": [0]}, {"type": "service", "id": "1800395000_41", "location_id": "1800395000", "address": {"location_id": "1800395000", "lat": 42.27476901, "lon": -71.07870351}, "arr_time": 1676293229, "arr_date_time": "2023-02-13T08:00:29-05:00", "end_time": 1676293529, "end_date_time": "2023-02-13T08:05:29-05:00", "waiting_time": 0, "distance": 1596, "driving_time": 1529, "preparation_time": 0, "load_before": [0], "load_after": [0]}, {"type": "service", "id": "1800290000_20", "location_id": "1800290000", "address": {"location_id": "1800290000", "lat": 42.27467811, "lon": -71.07923038}, "arr_time": 1676293531, "arr_date_time": "2023-02-13T08:05:31-05:00", "end_time": 1676293831, "end_date_time": "2023-02-13T08:10:31-05:00", "waiting_time": 0, "distance": 1598, "driving_time": 1531, "preparation_time": 0, "load_before": [0], "load_after": [0]}, {"type": "service", "id": "1800396000_42", "location_id": "1800396000", "address": {"location_id": "1800396000", "lat": 42.27491054, "lon": -71.07875954}, "arr_time": 1676293844, "arr_date_time": "2023-02-13T08:10:44-05:00", "end_time": 1676294144, "end_date_time": "2023-02-13T08:15:44-05:00", "waiting_time": 0, "distance": 1613, "driving_time": 1544, "preparation_time": 0, "load_before": [0], "load_after": [0]}, {"type": "service", "id": "1800288000_19", "location_id": "1800288000", "address": {"location_id": "1800288000", "lat": 42.27479824, "lon": -71.07931043}, "arr_time": 1676294144, "arr_date_time": "2023-02-13T08:15:44-05:00", "end_time": 1676294444, "end_date_time": "2023-02-13T08:20:44-05:00", "waiting_time": 0, "distance": 1613, "driving_time": 1544, "preparation_time": 0, "load_before": [0], "load_after": [0]}, {"type": "service", "id": "1800397000_43", "location_id": "1800397000", "address": {"location_id": "1800397000", "lat": 42.27505647, "lon": -71.07881927}, "arr_time": 1676294459, "arr_date_time": "2023-02-13T08:20:59-05:00", "end_time": 1676294759, "end_date_time": "2023-02-13T08:25:59-05:00", "waiting_time": 0, "distance": 1628, "driving_time": 1559, "preparation_time": 0, "load_before": [0], "load_after": [0]}, {"type": "service", "id": "1800398000_44", "location_id": "1800398000", "address": {"location_id": "1800398000", "lat": 42.27519023, "lon": -71.07888209}, "arr_time": 1676294773, "arr_date_time": "2023-02-13T08:26:13-05:00", "end_time": 1676295073, "end_date_time": "2023-02-13T08:31:13-05:00", "waiting_time": 0, "distance": 1644, "driving_time": 1573, "preparation_time": 0, "load_before": [0], "load_after": [0]}, {"type": "service", "id": "1800278000_14", "location_id": "1800278000", "address": {"location_id": "1800278000", "lat": 42.27549179, "lon": -71.07895818}, "arr_time": 1676295099, "arr_date_time": "2023-02-13T08:31:39-05:00", "end_time": 1676295399, "end_date_time": "2023-02-13T08:36:39-05:00", "waiting_time": 0, "distance": 1671, "driving_time": 1599, "preparation_time": 0, "load_before": [0], "load_after": [0]}, {"type": "service", "id": "1800279000_15", "location_id": "1800279000", "address": {"location_id": "1800279000", "lat": 42.27552935, "lon": -71.07913201}, "arr_time": 1676295409, "arr_date_time": "2023-02-13T08:36:49-05:00", "end_time": 1676295709, "end_date_time": "2023-02-13T08:41:49-05:00", "waiting_time": 0, "distance": 1682, "driving_time": 1609, "preparation_time": 0, "load_before": [0], "load_after": [0]}, {"type": "service", "id": "1800280000_16", "location_id": "1800280000", "address": {"location_id": "1800280000", "lat": 42.27562812, "lon": -71.07921374}, "arr_time": 1676295721, "arr_date_time": "2023-02-13T08:42:01-05:00", "end_time": 1676296021, "end_date_time": "2023-02-13T08:47:01-05:00", "waiting_time": 0, "distance": 1695, "driving_time": 1621, "preparation_time": 0, "load_before": [0], "load_after": [0]}, {"type": "service", "id": "1800282000_18", "location_id": "1800282000", "address": {"location_id": "1800282000", "lat": 42.2754511, "lon": -71.07960979}, "arr_time": 1676296023, "arr_date_time": "2023-02-13T08:47:03-05:00", "end_time": 1676296323, "end_date_time": "2023-02-13T08:52:03-05:00", "waiting_time": 0, "distance": 1697, "driving_time": 1623, "preparation_time": 0, "load_before": [0], "load_after": [0]}, {"type": "service", "id": "1800281000_17", "location_id": "1800281000", "address": {"location_id": "1800281000", "lat": 42.27577967, "lon": -71.07925224}, "arr_time": 1676296335, "arr_date_time": "2023-02-13T08:52:15-05:00", "end_time": 1676296635, "end_date_time": "2023-02-13T08:57:15-05:00", "waiting_time": 0, "distance": 1710, "driving_time": 1635, "preparation_time": 0, "load_before": [0], "load_after": [0]}]}], "unassigned": {"services": [], "shipments": [], "breaks": [], "details": []}}}