{"copyrights": ["GraphHopper", "OpenStreetMap contributors"], "job_id": "d9c29431-f1ea-405b-8e96-8169b2115082", "status": "finished", "waiting_time_in_queue": 0, "processing_time": 187, "solution": {"costs": 358, "distance": 2703, "time": 2596, "transport_time": 2596, "completion_time": 19696, "max_operation_time": 19696, "waiting_time": 0, "service_duration": 17100, "preparation_time": 0, "no_vehicles": 1, "no_unassigned": 0, "routes": [{"vehicle_id": "my_vehicle", "shift_id": "default-shift", "distance": 2703, "transport_time": 2596, "completion_time": 19696, "waiting_time": 0, "service_duration": 17100, "preparation_time": 0, "activities": [{"type": "start", "location_id": "1501488000", "address": {"location_id": "1501488000", "lat": 42.30258472, "lon": -71.06207842}, "arr_time": 1676278800, "arr_date_time": "2023-02-13T04:00:00-05:00", "end_time": 1676278800, "end_date_time": "2023-02-13T04:00:00-05:00", "waiting_time": 0, "distance": 0, "driving_time": 0, "preparation_time": 0, "load_after": [0]}, {"type": "service", "id": "1501491000_36", "location_id": "1501491000", "address": {"location_id": "1501491000", "lat": 42.30263595, "lon": -71.06155193}, "arr_time": 1676278884, "arr_date_time": "2023-02-13T04:01:24-05:00", "end_time": 1676279184, "end_date_time": "2023-02-13T04:06:24-05:00", "waiting_time": 0, "distance": 88, "driving_time": 84, "preparation_time": 0, "load_before": [0], "load_after": [0]}, {"type": "service", "id": "1501480000_33", "location_id": "1501480000", "address": {"location_id": "1501480000", "lat": 42.30233993, "lon": -71.06301297}, "arr_time": 1676279347, "arr_date_time": "2023-02-13T04:09:07-05:00", "end_time": 1676279647, "end_date_time": "2023-02-13T04:14:07-05:00", "waiting_time": 0, "distance": 258, "driving_time": 247, "preparation_time": 0, "load_before": [0], "load_after": [0]}, {"type": "service", "id": "1501481000_34", "location_id": "1501481000", "address": {"location_id": "1501481000", "lat": 42.30229924, "lon": -71.06315934}, "arr_time": 1676279659, "arr_date_time": "2023-02-13T04:14:19-05:00", "end_time": 1676279959, "end_date_time": "2023-02-13T04:19:19-05:00", "waiting_time": 0, "distance": 271, "driving_time": 259, "preparation_time": 0, "load_before": [0], "load_after": [0]}, {"type": "service", "id": "1501482000_35", "location_id": "1501482000", "address": {"location_id": "1501482000", "lat": 42.30226072, "lon": -71.0632912}, "arr_time": 1676279969, "arr_date_time": "2023-02-13T04:19:29-05:00", "end_time": 1676280269, "end_date_time": "2023-02-13T04:24:29-05:00", "waiting_time": 0, "distance": 283, "driving_time": 269, "preparation_time": 0, "load_before": [0], "load_after": [0]}, {"type": "service", "id": "1501504000_42", "location_id": "1501504000", "address": {"location_id": "1501504000", "lat": 42.30187711, "lon": -71.06316194}, "arr_time": 1676280357, "arr_date_time": "2023-02-13T04:25:57-05:00", "end_time": 1676280657, "end_date_time": "2023-02-13T04:30:57-05:00", "waiting_time": 0, "distance": 375, "driving_time": 357, "preparation_time": 0, "load_before": [0], "load_after": [0]}, {"type": "service", "id": "1501503000_41", "location_id": "1501503000", "address": {"location_id": "1501503000", "lat": 42.30179132, "lon": -71.06310881}, "arr_time": 1676280668, "arr_date_time": "2023-02-13T04:31:08-05:00", "end_time": 1676280968, "end_date_time": "2023-02-13T04:36:08-05:00", "waiting_time": 0, "distance": 385, "driving_time": 368, "preparation_time": 0, "load_before": [0], "load_after": [0]}, {"type": "service", "id": "1501531000_51", "location_id": "1501531000", "address": {"location_id": "1501531000", "lat": 42.30140181, "lon": -71.06339591}, "arr_time": 1676280996, "arr_date_time": "2023-02-13T04:36:36-05:00", "end_time": 1676281296, "end_date_time": "2023-02-13T04:41:36-05:00", "waiting_time": 0, "distance": 415, "driving_time": 396, "preparation_time": 0, "load_before": [0], "load_after": [0]}, {"type": "service", "id": "1501501000_40", "location_id": "1501501000", "address": {"location_id": "1501501000", "lat": 42.30169981, "lon": -71.06265498}, "arr_time": 1676281348, "arr_date_time": "2023-02-13T04:42:28-05:00", "end_time": 1676281648, "end_date_time": "2023-02-13T04:47:28-05:00", "waiting_time": 0, "distance": 470, "driving_time": 448, "preparation_time": 0, "load_before": [0], "load_after": [0]}, {"type": "service", "id": "1501570001_57", "location_id": "1501570001", "address": {"location_id": "1501570001", "lat": 42.30144885, "lon": -71.06215438}, "arr_time": 1676281680, "arr_date_time": "2023-02-13T04:48:00-05:00", "end_time": 1676281980, "end_date_time": "2023-02-13T04:53:00-05:00", "waiting_time": 0, "distance": 503, "driving_time": 480, "preparation_time": 0, "load_before": [0], "load_after": [0]}, {"type": "service", "id": "1501566000_56", "location_id": "1501566000", "address": {"location_id": "1501566000", "lat": 42.30108656, "lon": -71.0623043}, "arr_time": 1676282012, "arr_date_time": "2023-02-13T04:53:32-05:00", "end_time": 1676282312, "end_date_time": "2023-02-13T04:58:32-05:00", "waiting_time": 0, "distance": 537, "driving_time": 512, "preparation_time": 0, "load_before": [0], "load_after": [0]}, {"type": "service", "id": "1501498000_38", "location_id": "1501498000", "address": {"location_id": "1501498000", "lat": 42.30208511, "lon": -71.06166791}, "arr_time": 1676282432, "arr_date_time": "2023-02-13T05:00:32-05:00", "end_time": 1676282732, "end_date_time": "2023-02-13T05:05:32-05:00", "waiting_time": 0, "distance": 661, "driving_time": 632, "preparation_time": 0, "load_before": [0], "load_after": [0]}, {"type": "service", "id": "1501496000_37", "location_id": "1501496000", "address": {"location_id": "1501496000", "lat": 42.30199691, "lon": -71.06123797}, "arr_time": 1676282760, "arr_date_time": "2023-02-13T05:06:00-05:00", "end_time": 1676283060, "end_date_time": "2023-02-13T05:11:00-05:00", "waiting_time": 0, "distance": 691, "driving_time": 660, "preparation_time": 0, "load_before": [0], "load_after": [0]}, {"type": "service", "id": "1501499000_39", "location_id": "1501499000", "address": {"location_id": "1501499000", "lat": 42.30177053, "lon": -71.0621715}, "arr_time": 1676283141, "arr_date_time": "2023-02-13T05:12:21-05:00", "end_time": 1676283441, "end_date_time": "2023-02-13T05:17:21-05:00", "waiting_time": 0, "distance": 775, "driving_time": 741, "preparation_time": 0, "load_before": [0], "load_after": [0]}, {"type": "service", "id": "1501513000_47", "location_id": "1501513000", "address": {"location_id": "1501513000", "lat": 42.30190754, "lon": -71.0622472}, "arr_time": 1676283457, "arr_date_time": "2023-02-13T05:17:37-05:00", "end_time": 1676283757, "end_date_time": "2023-02-13T05:22:37-05:00", "waiting_time": 0, "distance": 791, "driving_time": 757, "preparation_time": 0, "load_before": [0], "load_after": [0]}, {"type": "service", "id": "1501473000_28", "location_id": "1501473000", "address": {"location_id": "1501473000", "lat": 42.30208327, "lon": -71.06192971}, "arr_time": 1676283764, "arr_date_time": "2023-02-13T05:22:44-05:00", "end_time": 1676284064, "end_date_time": "2023-02-13T05:27:44-05:00", "waiting_time": 0, "distance": 799, "driving_time": 764, "preparation_time": 0, "load_before": [0], "load_after": [0]}, {"type": "service", "id": "1501512000_46", "location_id": "1501512000", "address": {"location_id": "1501512000", "lat": 42.30200268, "lon": -71.06229976}, "arr_time": 1676284068, "arr_date_time": "2023-02-13T05:27:48-05:00", "end_time": 1676284368, "end_date_time": "2023-02-13T05:32:48-05:00", "waiting_time": 0, "distance": 803, "driving_time": 768, "preparation_time": 0, "load_before": [0], "load_after": [0]}, {"type": "service", "id": "1501474000_29", "location_id": "1501474000", "address": {"location_id": "1501474000", "lat": 42.30217214, "lon": -71.06195945}, "arr_time": 1676284373, "arr_date_time": "2023-02-13T05:32:53-05:00", "end_time": 1676284673, "end_date_time": "2023-02-13T05:37:53-05:00", "waiting_time": 0, "distance": 809, "driving_time": 773, "preparation_time": 0, "load_before": [0], "load_after": [0]}, {"type": "service", "id": "1501475000_30", "location_id": "1501475000", "address": {"location_id": "1501475000", "lat": 42.30224571, "lon": -71.06203781}, "arr_time": 1676284683, "arr_date_time": "2023-02-13T05:38:03-05:00", "end_time": 1676284983, "end_date_time": "2023-02-13T05:43:03-05:00", "waiting_time": 0, "distance": 819, "driving_time": 783, "preparation_time": 0, "load_before": [0], "load_after": [0]}, {"type": "service", "id": "1501476000_31", "location_id": "1501476000", "address": {"location_id": "1501476000", "lat": 42.30236889, "lon": -71.06202657}, "arr_time": 1676284995, "arr_date_time": "2023-02-13T05:43:15-05:00", "end_time": 1676285295, "end_date_time": "2023-02-13T05:48:15-05:00", "waiting_time": 0, "distance": 831, "driving_time": 795, "preparation_time": 0, "load_before": [0], "load_after": [0]}, {"type": "service", "id": "1501509000_45", "location_id": "1501509000", "address": {"location_id": "1501509000", "lat": 42.30207079, "lon": -71.06251441}, "arr_time": 1676285323, "arr_date_time": "2023-02-13T05:48:43-05:00", "end_time": 1676285623, "end_date_time": "2023-02-13T05:53:43-05:00", "waiting_time": 0, "distance": 860, "driving_time": 823, "preparation_time": 0, "load_before": [0], "load_after": [0]}, {"type": "service", "id": "1501479000_32", "location_id": "1501479000", "address": {"location_id": "1501479000", "lat": 42.30232815, "lon": -71.06282819}, "arr_time": 1676285637, "arr_date_time": "2023-02-13T05:53:57-05:00", "end_time": 1676285937, "end_date_time": "2023-02-13T05:58:57-05:00", "waiting_time": 0, "distance": 875, "driving_time": 837, "preparation_time": 0, "load_before": [0], "load_after": [0]}, {"type": "service", "id": "1501507000_44", "location_id": "1501507000", "address": {"location_id": "1501507000", "lat": 42.30203663, "lon": -71.06277248}, "arr_time": 1676285944, "arr_date_time": "2023-02-13T05:59:04-05:00", "end_time": 1676286244, "end_date_time": "2023-02-13T06:04:04-05:00", "waiting_time": 0, "distance": 882, "driving_time": 844, "preparation_time": 0, "load_before": [0], "load_after": [0]}, {"type": "service", "id": "1501506000_43", "location_id": "1501506000", "address": {"location_id": "1501506000", "lat": 42.30191443, "lon": -71.06290255}, "arr_time": 1676286259, "arr_date_time": "2023-02-13T06:04:19-05:00", "end_time": 1676286559, "end_date_time": "2023-02-13T06:09:19-05:00", "waiting_time": 0, "distance": 897, "driving_time": 859, "preparation_time": 0, "load_before": [0], "load_after": [0]}, {"type": "service", "id": "1501527000_50", "location_id": "1501527000", "address": {"location_id": "1501527000", "lat": 42.3017952, "lon": -71.06362984}, "arr_time": 1676286617, "arr_date_time": "2023-02-13T06:10:17-05:00", "end_time": 1676286917, "end_date_time": "2023-02-13T06:15:17-05:00", "waiting_time": 0, "distance": 958, "driving_time": 917, "preparation_time": 0, "load_before": [0], "load_after": [0]}, {"type": "service", "id": "1501525000_49", "location_id": "1501525000", "address": {"location_id": "1501525000", "lat": 42.30173782, "lon": -71.06388508}, "arr_time": 1676286939, "arr_date_time": "2023-02-13T06:15:39-05:00", "end_time": 1676287239, "end_date_time": "2023-02-13T06:20:39-05:00", "waiting_time": 0, "distance": 980, "driving_time": 939, "preparation_time": 0, "load_before": [0], "load_after": [0]}, {"type": "service", "id": "1500689000_27", "location_id": "1500689000", "address": {"location_id": "1500689000", "lat": 42.301479, "lon": -71.0648412}, "arr_time": 1676287319, "arr_date_time": "2023-02-13T06:21:59-05:00", "end_time": 1676287619, "end_date_time": "2023-02-13T06:26:59-05:00", "waiting_time": 0, "distance": 1064, "driving_time": 1019, "preparation_time": 0, "load_before": [0], "load_after": [0]}, {"type": "service", "id": "1500685000_26", "location_id": "1500685000", "address": {"location_id": "1500685000", "lat": 42.30133832, "lon": -71.06540212}, "arr_time": 1676287665, "arr_date_time": "2023-02-13T06:27:45-05:00", "end_time": 1676287965, "end_date_time": "2023-02-13T06:32:45-05:00", "waiting_time": 0, "distance": 1112, "driving_time": 1065, "preparation_time": 0, "load_before": [0], "load_after": [0]}, {"type": "service", "id": "1500684000_25", "location_id": "1500684000", "address": {"location_id": "1500684000", "lat": 42.30130327, "lon": -71.06554224}, "arr_time": 1676287977, "arr_date_time": "2023-02-13T06:32:57-05:00", "end_time": 1676288277, "end_date_time": "2023-02-13T06:37:57-05:00", "waiting_time": 0, "distance": 1124, "driving_time": 1077, "preparation_time": 0, "load_before": [0], "load_after": [0]}, {"type": "service", "id": "1500683000_24", "location_id": "1500683000", "address": {"location_id": "1500683000", "lat": 42.30126821, "lon": -71.06568236}, "arr_time": 1676288289, "arr_date_time": "2023-02-13T06:38:09-05:00", "end_time": 1676288589, "end_date_time": "2023-02-13T06:43:09-05:00", "waiting_time": 0, "distance": 1136, "driving_time": 1089, "preparation_time": 0, "load_before": [0], "load_after": [0]}, {"type": "service", "id": "1500680000_23", "location_id": "1500680000", "address": {"location_id": "1500680000", "lat": 42.30116306, "lon": -71.06610272}, "arr_time": 1676288624, "arr_date_time": "2023-02-13T06:43:44-05:00", "end_time": 1676288924, "end_date_time": "2023-02-13T06:48:44-05:00", "waiting_time": 0, "distance": 1172, "driving_time": 1124, "preparation_time": 0, "load_before": [0], "load_after": [0]}, {"type": "service", "id": "1500677000_22", "location_id": "1500677000", "address": {"location_id": "1500677000", "lat": 42.3010579, "lon": -71.06652309}, "arr_time": 1676288959, "arr_date_time": "2023-02-13T06:49:19-05:00", "end_time": 1676289259, "end_date_time": "2023-02-13T06:54:19-05:00", "waiting_time": 0, "distance": 1208, "driving_time": 1159, "preparation_time": 0, "load_before": [0], "load_after": [0]}, {"type": "service", "id": "1500669000_21", "location_id": "1500669000", "address": {"location_id": "1500669000", "lat": 42.30093197, "lon": -71.06615957}, "arr_time": 1676289444, "arr_date_time": "2023-02-13T06:57:24-05:00", "end_time": 1676289744, "end_date_time": "2023-02-13T07:02:24-05:00", "waiting_time": 0, "distance": 1401, "driving_time": 1344, "preparation_time": 0, "load_before": [0], "load_after": [0]}, {"type": "service", "id": "1500642000_17", "location_id": "1500642000", "address": {"location_id": "1500642000", "lat": 42.30067895, "lon": -71.0658437}, "arr_time": 1676289759, "arr_date_time": "2023-02-13T07:02:39-05:00", "end_time": 1676290059, "end_date_time": "2023-02-13T07:07:39-05:00", "waiting_time": 0, "distance": 1417, "driving_time": 1359, "preparation_time": 0, "load_before": [0], "load_after": [0]}, {"type": "service", "id": "1500663000_20", "location_id": "1500663000", "address": {"location_id": "1500663000", "lat": 42.30114371, "lon": -71.06531191}, "arr_time": 1676290115, "arr_date_time": "2023-02-13T07:08:35-05:00", "end_time": 1676290415, "end_date_time": "2023-02-13T07:13:35-05:00", "waiting_time": 0, "distance": 1475, "driving_time": 1415, "preparation_time": 0, "load_before": [0], "load_after": [0]}, {"type": "service", "id": "1500658010_19", "location_id": "1500658010", "address": {"location_id": "1500658010", "lat": 42.30127755, "lon": -71.06477724}, "arr_time": 1676290459, "arr_date_time": "2023-02-13T07:14:19-05:00", "end_time": 1676290759, "end_date_time": "2023-02-13T07:19:19-05:00", "waiting_time": 0, "distance": 1521, "driving_time": 1459, "preparation_time": 0, "load_before": [0], "load_after": [0]}, {"type": "service", "id": "1500657010_18", "location_id": "1500657010", "address": {"location_id": "1500657010", "lat": 42.30131145, "lon": -71.06461575}, "arr_time": 1676290772, "arr_date_time": "2023-02-13T07:19:32-05:00", "end_time": 1676291072, "end_date_time": "2023-02-13T07:24:32-05:00", "waiting_time": 0, "distance": 1535, "driving_time": 1472, "preparation_time": 0, "load_before": [0], "load_after": [0]}, {"type": "service", "id": "1500625000_12", "location_id": "1500625000", "address": {"location_id": "1500625000", "lat": 42.30100244, "lon": -71.06412809}, "arr_time": 1676291141, "arr_date_time": "2023-02-13T07:25:41-05:00", "end_time": 1676291441, "end_date_time": "2023-02-13T07:30:41-05:00", "waiting_time": 0, "distance": 1607, "driving_time": 1541, "preparation_time": 0, "load_before": [0], "load_after": [0]}, {"type": "service", "id": "1501516000_48", "location_id": "1501516000", "address": {"location_id": "1501516000", "lat": 42.30117128, "lon": -71.06326493}, "arr_time": 1676291512, "arr_date_time": "2023-02-13T07:31:52-05:00", "end_time": 1676291812, "end_date_time": "2023-02-13T07:36:52-05:00", "waiting_time": 0, "distance": 1681, "driving_time": 1612, "preparation_time": 0, "load_before": [0], "load_after": [0]}, {"type": "service", "id": "1501533010_52", "location_id": "1501533010", "address": {"location_id": "1501533010", "lat": 42.3012315, "lon": -71.06303877}, "arr_time": 1676291831, "arr_date_time": "2023-02-13T07:37:11-05:00", "end_time": 1676292131, "end_date_time": "2023-02-13T07:42:11-05:00", "waiting_time": 0, "distance": 1701, "driving_time": 1631, "preparation_time": 0, "load_before": [0], "load_after": [0]}, {"type": "service", "id": "1500626000_13", "location_id": "1500626000", "address": {"location_id": "1500626000", "lat": 42.30085643, "lon": -71.06415441}, "arr_time": 1676292237, "arr_date_time": "2023-02-13T07:43:57-05:00", "end_time": 1676292537, "end_date_time": "2023-02-13T07:48:57-05:00", "waiting_time": 0, "distance": 1812, "driving_time": 1737, "preparation_time": 0, "load_before": [0], "load_after": [0]}, {"type": "service", "id": "1500617000_08", "location_id": "1500617000", "address": {"location_id": "1500617000", "lat": 42.30051359, "lon": -71.06428559}, "arr_time": 1676292561, "arr_date_time": "2023-02-13T07:49:21-05:00", "end_time": 1676292861, "end_date_time": "2023-02-13T07:54:21-05:00", "waiting_time": 0, "distance": 1837, "driving_time": 1761, "preparation_time": 0, "load_before": [0], "load_after": [0]}, {"type": "service", "id": "1500622000_10", "location_id": "1500622000", "address": {"location_id": "1500622000", "lat": 42.30046779, "lon": -71.06382949}, "arr_time": 1676292877, "arr_date_time": "2023-02-13T07:54:37-05:00", "end_time": 1676293177, "end_date_time": "2023-02-13T07:59:37-05:00", "waiting_time": 0, "distance": 1854, "driving_time": 1777, "preparation_time": 0, "load_before": [0], "load_after": [0]}, {"type": "service", "id": "1500619000_09", "location_id": "1500619000", "address": {"location_id": "1500619000", "lat": 42.30055441, "lon": -71.06399597}, "arr_time": 1676293191, "arr_date_time": "2023-02-13T07:59:51-05:00", "end_time": 1676293491, "end_date_time": "2023-02-13T08:04:51-05:00", "waiting_time": 0, "distance": 1868, "driving_time": 1791, "preparation_time": 0, "load_before": [0], "load_after": [0]}, {"type": "service", "id": "1500628000_14", "location_id": "1500628000", "address": {"location_id": "1500628000", "lat": 42.3007991, "lon": -71.0644968}, "arr_time": 1676293528, "arr_date_time": "2023-02-13T08:05:28-05:00", "end_time": 1676293828, "end_date_time": "2023-02-13T08:10:28-05:00", "waiting_time": 0, "distance": 1907, "driving_time": 1828, "preparation_time": 0, "load_before": [0], "load_after": [0]}, {"type": "service", "id": "1500616000_07", "location_id": "1500616000", "address": {"location_id": "1500616000", "lat": 42.30047676, "lon": -71.06442489}, "arr_time": 1676293833, "arr_date_time": "2023-02-13T08:10:33-05:00", "end_time": 1676294133, "end_date_time": "2023-02-13T08:15:33-05:00", "waiting_time": 0, "distance": 1912, "driving_time": 1833, "preparation_time": 0, "load_before": [0], "load_after": [0]}, {"type": "service", "id": "1500633000_15", "location_id": "1500633000", "address": {"location_id": "1500633000", "lat": 42.30062296, "lon": -71.06519945}, "arr_time": 1676294187, "arr_date_time": "2023-02-13T08:16:27-05:00", "end_time": 1676294487, "end_date_time": "2023-02-13T08:21:27-05:00", "waiting_time": 0, "distance": 1968, "driving_time": 1887, "preparation_time": 0, "load_before": [0], "load_after": [0]}, {"type": "service", "id": "1500634000_16", "location_id": "1500634000", "address": {"location_id": "1500634000", "lat": 42.30058791, "lon": -71.06533957}, "arr_time": 1676294499, "arr_date_time": "2023-02-13T08:21:39-05:00", "end_time": 1676294799, "end_date_time": "2023-02-13T08:26:39-05:00", "waiting_time": 0, "distance": 1980, "driving_time": 1899, "preparation_time": 0, "load_before": [0], "load_after": [0]}, {"type": "service", "id": "1500610000_06", "location_id": "1500610000", "address": {"location_id": "1500610000", "lat": 42.30026061, "lon": -71.06526204}, "arr_time": 1676294820, "arr_date_time": "2023-02-13T08:27:00-05:00", "end_time": 1676295120, "end_date_time": "2023-02-13T08:32:00-05:00", "waiting_time": 0, "distance": 2003, "driving_time": 1920, "preparation_time": 0, "load_before": [0], "load_after": [0]}, {"type": "service", "id": "1500584000_03", "location_id": "1500584000", "address": {"location_id": "1500584000", "lat": 42.29982223, "lon": -71.06395217}, "arr_time": 1676295315, "arr_date_time": "2023-02-13T08:35:15-05:00", "end_time": 1676295615, "end_date_time": "2023-02-13T08:40:15-05:00", "waiting_time": 0, "distance": 2205, "driving_time": 2115, "preparation_time": 0, "load_before": [0], "load_after": [0]}, {"type": "service", "id": "1500622001_11", "location_id": "1500622001", "address": {"location_id": "1500622001", "lat": 42.30039962, "lon": -71.06373815}, "arr_time": 1676295707, "arr_date_time": "2023-02-13T08:41:47-05:00", "end_time": 1676296007, "end_date_time": "2023-02-13T08:46:47-05:00", "waiting_time": 0, "distance": 2300, "driving_time": 2207, "preparation_time": 0, "load_before": [0], "load_after": [0]}, {"type": "service", "id": "1500590000_04", "location_id": "1500590000", "address": {"location_id": "1500590000", "lat": 42.30009839, "lon": -71.0630869}, "arr_time": 1676296061, "arr_date_time": "2023-02-13T08:47:41-05:00", "end_time": 1676296361, "end_date_time": "2023-02-13T08:52:41-05:00", "waiting_time": 0, "distance": 2356, "driving_time": 2261, "preparation_time": 0, "load_before": [0], "load_after": [0]}, {"type": "service", "id": "1501552000_55", "location_id": "1501552000", "address": {"location_id": "1501552000", "lat": 42.30044817, "lon": -71.06313637}, "arr_time": 1676296371, "arr_date_time": "2023-02-13T08:52:51-05:00", "end_time": 1676296671, "end_date_time": "2023-02-13T08:57:51-05:00", "waiting_time": 0, "distance": 2365, "driving_time": 2271, "preparation_time": 0, "load_before": [0], "load_after": [0]}, {"type": "service", "id": "1500593000_05", "location_id": "1500593000", "address": {"location_id": "1500593000", "lat": 42.30000236, "lon": -71.06291236}, "arr_time": 1676296715, "arr_date_time": "2023-02-13T08:58:35-05:00", "end_time": 1676297015, "end_date_time": "2023-02-13T09:03:35-05:00", "waiting_time": 0, "distance": 2411, "driving_time": 2315, "preparation_time": 0, "load_before": [0], "load_after": [0]}, {"type": "service", "id": "1501550000_54", "location_id": "1501550000", "address": {"location_id": "1501550000", "lat": 42.30060666, "lon": -71.06273665}, "arr_time": 1676297103, "arr_date_time": "2023-02-13T09:05:03-05:00", "end_time": 1676297403, "end_date_time": "2023-02-13T09:10:03-05:00", "waiting_time": 0, "distance": 2502, "driving_time": 2403, "preparation_time": 0, "load_before": [0], "load_after": [0]}, {"type": "service", "id": "1500568000_01", "location_id": "1500568000", "address": {"location_id": "1500568000", "lat": 42.3002593, "lon": -71.06225856}, "arr_time": 1676297447, "arr_date_time": "2023-02-13T09:10:47-05:00", "end_time": 1676297747, "end_date_time": "2023-02-13T09:15:47-05:00", "waiting_time": 0, "distance": 2547, "driving_time": 2447, "preparation_time": 0, "load_before": [0], "load_after": [0]}, {"type": "service", "id": "1500571000_02", "location_id": "1500571000", "address": {"location_id": "1500571000", "lat": 42.30044086, "lon": -71.06139724}, "arr_time": 1676297820, "arr_date_time": "2023-02-13T09:17:00-05:00", "end_time": 1676298120, "end_date_time": "2023-02-13T09:22:00-05:00", "waiting_time": 0, "distance": 2623, "driving_time": 2520, "preparation_time": 0, "load_before": [0], "load_after": [0]}, {"type": "service", "id": "1501542000_53", "location_id": "1501542000", "address": {"location_id": "1501542000", "lat": 42.30085209, "lon": -71.06055934}, "arr_time": 1676298196, "arr_date_time": "2023-02-13T09:23:16-05:00", "end_time": 1676298496, "end_date_time": "2023-02-13T09:28:16-05:00", "waiting_time": 0, "distance": 2703, "driving_time": 2596, "preparation_time": 0, "load_before": [0], "load_after": [0]}]}], "unassigned": {"services": [], "shipments": [], "breaks": [], "details": []}}}