{"copyrights": ["GraphHopper", "OpenStreetMap contributors"], "job_id": "f035fc96-2002-402e-9c37-86a8320f1a16", "status": "finished", "waiting_time_in_queue": 1, "processing_time": 144, "solution": {"costs": 347, "distance": 2224, "time": 2139, "transport_time": 2139, "completion_time": 18339, "max_operation_time": 18339, "waiting_time": 0, "service_duration": 16200, "preparation_time": 0, "no_vehicles": 1, "no_unassigned": 0, "routes": [{"vehicle_id": "my_vehicle", "shift_id": "default-shift", "distance": 2224, "transport_time": 2139, "completion_time": 18339, "waiting_time": 0, "service_duration": 16200, "preparation_time": 0, "activities": [{"type": "start", "location_id": "1601223000", "address": {"location_id": "1601223000", "lat": 42.29555252, "lon": -71.06290909}, "arr_time": 1676278800, "arr_date_time": "2023-02-13T04:00:00-05:00", "end_time": 1676278800, "end_date_time": "2023-02-13T04:00:00-05:00", "waiting_time": 0, "distance": 0, "driving_time": 0, "preparation_time": 0, "load_after": [0]}, {"type": "service", "id": "1700856000_43", "location_id": "1700856000", "address": {"location_id": "1700856000", "lat": 42.29532894, "lon": -71.06344461}, "arr_time": 1676278848, "arr_date_time": "2023-02-13T04:00:48-05:00", "end_time": 1676279148, "end_date_time": "2023-02-13T04:05:48-05:00", "waiting_time": 0, "distance": 50, "driving_time": 48, "preparation_time": 0, "load_before": [0], "load_after": [0]}, {"type": "service", "id": "1700855000_42", "location_id": "1700855000", "address": {"location_id": "1700855000", "lat": 42.29529102, "lon": -71.06363012}, "arr_time": 1676279163, "arr_date_time": "2023-02-13T04:06:03-05:00", "end_time": 1676279463, "end_date_time": "2023-02-13T04:11:03-05:00", "waiting_time": 0, "distance": 66, "driving_time": 63, "preparation_time": 0, "load_before": [0], "load_after": [0]}, {"type": "service", "id": "1700854000_41", "location_id": "1700854000", "address": {"location_id": "1700854000", "lat": 42.29518653, "lon": -71.06376559}, "arr_time": 1676279476, "arr_date_time": "2023-02-13T04:11:16-05:00", "end_time": 1676279776, "end_date_time": "2023-02-13T04:16:16-05:00", "waiting_time": 0, "distance": 80, "driving_time": 76, "preparation_time": 0, "load_before": [0], "load_after": [0]}, {"type": "service", "id": "1700848000_40", "location_id": "1700848000", "address": {"location_id": "1700848000", "lat": 42.29491704, "lon": -71.06496138}, "arr_time": 1676279875, "arr_date_time": "2023-02-13T04:17:55-05:00", "end_time": 1676280175, "end_date_time": "2023-02-13T04:22:55-05:00", "waiting_time": 0, "distance": 182, "driving_time": 175, "preparation_time": 0, "load_before": [0], "load_after": [0]}, {"type": "service", "id": "1700857000_44", "location_id": "1700857000", "address": {"location_id": "1700857000", "lat": 42.29539303, "lon": -71.06328376}, "arr_time": 1676280359, "arr_date_time": "2023-02-13T04:25:59-05:00", "end_time": 1676280659, "end_date_time": "2023-02-13T04:30:59-05:00", "waiting_time": 0, "distance": 373, "driving_time": 359, "preparation_time": 0, "load_before": [0], "load_after": [0]}, {"type": "service", "id": "1601222000_10", "location_id": "1601222000", "address": {"location_id": "1601222000", "lat": 42.29532657, "lon": -71.06295253}, "arr_time": 1676280665, "arr_date_time": "2023-02-13T04:31:05-05:00", "end_time": 1676280965, "end_date_time": "2023-02-13T04:36:05-05:00", "waiting_time": 0, "distance": 380, "driving_time": 365, "preparation_time": 0, "load_before": [0], "load_after": [0]}, {"type": "service", "id": "1601221000_09", "location_id": "1601221000", "address": {"location_id": "1601221000", "lat": 42.29517573, "lon": -71.06298089}, "arr_time": 1676280981, "arr_date_time": "2023-02-13T04:36:21-05:00", "end_time": 1676281281, "end_date_time": "2023-02-13T04:41:21-05:00", "waiting_time": 0, "distance": 397, "driving_time": 381, "preparation_time": 0, "load_before": [0], "load_after": [0]}, {"type": "service", "id": "1601213000_04", "location_id": "1601213000", "address": {"location_id": "1601213000", "lat": 42.29558684, "lon": -71.06265857}, "arr_time": 1676281412, "arr_date_time": "2023-02-13T04:43:32-05:00", "end_time": 1676281712, "end_date_time": "2023-02-13T04:48:32-05:00", "waiting_time": 0, "distance": 533, "driving_time": 512, "preparation_time": 0, "load_before": [0], "load_after": [0]}, {"type": "service", "id": "1601210000_03", "location_id": "1601210000", "address": {"location_id": "1601210000", "lat": 42.29550962, "lon": -71.06225025}, "arr_time": 1676281715, "arr_date_time": "2023-02-13T04:48:35-05:00", "end_time": 1676282015, "end_date_time": "2023-02-13T04:53:35-05:00", "waiting_time": 0, "distance": 535, "driving_time": 515, "preparation_time": 0, "load_before": [0], "load_after": [0]}, {"type": "service", "id": "1601214000_05", "location_id": "1601214000", "address": {"location_id": "1601214000", "lat": 42.29545349, "lon": -71.0626869}, "arr_time": 1676282027, "arr_date_time": "2023-02-13T04:53:47-05:00", "end_time": 1676282327, "end_date_time": "2023-02-13T04:58:47-05:00", "waiting_time": 0, "distance": 548, "driving_time": 527, "preparation_time": 0, "load_before": [0], "load_after": [0]}, {"type": "service", "id": "1601215000_06", "location_id": "1601215000", "address": {"location_id": "1601215000", "lat": 42.29531228, "lon": -71.06271673}, "arr_time": 1676282341, "arr_date_time": "2023-02-13T04:59:01-05:00", "end_time": 1676282641, "end_date_time": "2023-02-13T05:04:01-05:00", "waiting_time": 0, "distance": 564, "driving_time": 541, "preparation_time": 0, "load_before": [0], "load_after": [0]}, {"type": "service", "id": "1601216000_07", "location_id": "1601216000", "address": {"location_id": "1601216000", "lat": 42.29516282, "lon": -71.06274833}, "arr_time": 1676282657, "arr_date_time": "2023-02-13T05:04:17-05:00", "end_time": 1676282957, "end_date_time": "2023-02-13T05:09:17-05:00", "waiting_time": 0, "distance": 581, "driving_time": 557, "preparation_time": 0, "load_before": [0], "load_after": [0]}, {"type": "service", "id": "1601206000_02", "location_id": "1601206000", "address": {"location_id": "1601206000", "lat": 42.29499112, "lon": -71.06234716}, "arr_time": 1676282969, "arr_date_time": "2023-02-13T05:09:29-05:00", "end_time": 1676283269, "end_date_time": "2023-02-13T05:14:29-05:00", "waiting_time": 0, "distance": 594, "driving_time": 569, "preparation_time": 0, "load_before": [0], "load_after": [0]}, {"type": "service", "id": "1601205000_01", "location_id": "1601205000", "address": {"location_id": "1601205000", "lat": 42.29482294, "lon": -71.0624813}, "arr_time": 1676283289, "arr_date_time": "2023-02-13T05:14:49-05:00", "end_time": 1676283589, "end_date_time": "2023-02-13T05:19:49-05:00", "waiting_time": 0, "distance": 614, "driving_time": 589, "preparation_time": 0, "load_before": [0], "load_after": [0]}, {"type": "service", "id": "1601250000_18", "location_id": "1601250000", "address": {"location_id": "1601250000", "lat": 42.29452476, "lon": -71.06286801}, "arr_time": 1676283616, "arr_date_time": "2023-02-13T05:20:16-05:00", "end_time": 1676283916, "end_date_time": "2023-02-13T05:25:16-05:00", "waiting_time": 0, "distance": 642, "driving_time": 616, "preparation_time": 0, "load_before": [0], "load_after": [0]}, {"type": "service", "id": "1601218000_08", "location_id": "1601218000", "address": {"location_id": "1601218000", "lat": 42.29485118, "lon": -71.06281405}, "arr_time": 1676283919, "arr_date_time": "2023-02-13T05:25:19-05:00", "end_time": 1676284219, "end_date_time": "2023-02-13T05:30:19-05:00", "waiting_time": 0, "distance": 645, "driving_time": 619, "preparation_time": 0, "load_before": [0], "load_after": [0]}, {"type": "service", "id": "1700860000_45", "location_id": "1700860000", "address": {"location_id": "1700860000", "lat": 42.29483276, "lon": -71.0633265}, "arr_time": 1676284256, "arr_date_time": "2023-02-13T05:30:56-05:00", "end_time": 1676284556, "end_date_time": "2023-02-13T05:35:56-05:00", "waiting_time": 0, "distance": 684, "driving_time": 656, "preparation_time": 0, "load_before": [0], "load_after": [0]}, {"type": "service", "id": "1700861000_46", "location_id": "1700861000", "address": {"location_id": "1700861000", "lat": 42.29480584, "lon": -71.06357799}, "arr_time": 1676284612, "arr_date_time": "2023-02-13T05:36:52-05:00", "end_time": 1676284912, "end_date_time": "2023-02-13T05:41:52-05:00", "waiting_time": 0, "distance": 742, "driving_time": 712, "preparation_time": 0, "load_before": [0], "load_after": [0]}, {"type": "service", "id": "1601247000_17", "location_id": "1601247000", "address": {"location_id": "1601247000", "lat": 42.29429318, "lon": -71.06372328}, "arr_time": 1676284935, "arr_date_time": "2023-02-13T05:42:15-05:00", "end_time": 1676285235, "end_date_time": "2023-02-13T05:47:15-05:00", "waiting_time": 0, "distance": 766, "driving_time": 735, "preparation_time": 0, "load_before": [0], "load_after": [0]}, {"type": "service", "id": "1601246100_16", "location_id": "1601246100", "address": {"location_id": "1601246100", "lat": 42.294304, "lon": -71.06397581}, "arr_time": 1676285253, "arr_date_time": "2023-02-13T05:47:33-05:00", "end_time": 1676285553, "end_date_time": "2023-02-13T05:52:33-05:00", "waiting_time": 0, "distance": 786, "driving_time": 753, "preparation_time": 0, "load_before": [0], "load_after": [0]}, {"type": "service", "id": "1700863000_47", "location_id": "1700863000", "address": {"location_id": "1700863000", "lat": 42.29469677, "lon": -71.06419286}, "arr_time": 1676285561, "arr_date_time": "2023-02-13T05:52:41-05:00", "end_time": 1676285861, "end_date_time": "2023-02-13T05:57:41-05:00", "waiting_time": 0, "distance": 794, "driving_time": 761, "preparation_time": 0, "load_before": [0], "load_after": [0]}, {"type": "service", "id": "1700864000_48", "location_id": "1700864000", "address": {"location_id": "1700864000", "lat": 42.29465607, "lon": -71.06442534}, "arr_time": 1676285879, "arr_date_time": "2023-02-13T05:57:59-05:00", "end_time": 1676286179, "end_date_time": "2023-02-13T06:02:59-05:00", "waiting_time": 0, "distance": 812, "driving_time": 779, "preparation_time": 0, "load_before": [0], "load_after": [0]}, {"type": "service", "id": "1601245000_15", "location_id": "1601245000", "address": {"location_id": "1601245000", "lat": 42.29421007, "lon": -71.06451737}, "arr_time": 1676286203, "arr_date_time": "2023-02-13T06:03:23-05:00", "end_time": 1676286503, "end_date_time": "2023-02-13T06:08:23-05:00", "waiting_time": 0, "distance": 837, "driving_time": 803, "preparation_time": 0, "load_before": [0], "load_after": [0]}, {"type": "service", "id": "1601244000_14", "location_id": "1601244000", "address": {"location_id": "1601244000", "lat": 42.29414949, "lon": -71.06477376}, "arr_time": 1676286524, "arr_date_time": "2023-02-13T06:08:44-05:00", "end_time": 1676286824, "end_date_time": "2023-02-13T06:13:44-05:00", "waiting_time": 0, "distance": 859, "driving_time": 824, "preparation_time": 0, "load_before": [0], "load_after": [0]}, {"type": "service", "id": "1700867000_49", "location_id": "1700867000", "address": {"location_id": "1700867000", "lat": 42.29449277, "lon": -71.06500346}, "arr_time": 1676286825, "arr_date_time": "2023-02-13T06:13:45-05:00", "end_time": 1676287125, "end_date_time": "2023-02-13T06:18:45-05:00", "waiting_time": 0, "distance": 860, "driving_time": 825, "preparation_time": 0, "load_before": [0], "load_after": [0]}, {"type": "service", "id": "1700869000_50", "location_id": "1700869000", "address": {"location_id": "1700869000", "lat": 42.29438648, "lon": -71.06534408}, "arr_time": 1676287156, "arr_date_time": "2023-02-13T06:19:16-05:00", "end_time": 1676287456, "end_date_time": "2023-02-13T06:24:16-05:00", "waiting_time": 0, "distance": 892, "driving_time": 856, "preparation_time": 0, "load_before": [0], "load_after": [0]}, {"type": "service", "id": "1700870000_51", "location_id": "1700870000", "address": {"location_id": "1700870000", "lat": 42.29432849, "lon": -71.06551126}, "arr_time": 1676287471, "arr_date_time": "2023-02-13T06:24:31-05:00", "end_time": 1676287771, "end_date_time": "2023-02-13T06:29:31-05:00", "waiting_time": 0, "distance": 907, "driving_time": 871, "preparation_time": 0, "load_before": [0], "load_after": [0]}, {"type": "service", "id": "1700871000_52", "location_id": "1700871000", "address": {"location_id": "1700871000", "lat": 42.29427863, "lon": -71.06568467}, "arr_time": 1676287785, "arr_date_time": "2023-02-13T06:29:45-05:00", "end_time": 1676288085, "end_date_time": "2023-02-13T06:34:45-05:00", "waiting_time": 0, "distance": 922, "driving_time": 885, "preparation_time": 0, "load_before": [0], "load_after": [0]}, {"type": "service", "id": "1700812000_36", "location_id": "1700812000", "address": {"location_id": "1700812000", "lat": 42.29388655, "lon": -71.06548622}, "arr_time": 1676288087, "arr_date_time": "2023-02-13T06:34:47-05:00", "end_time": 1676288387, "end_date_time": "2023-02-13T06:39:47-05:00", "waiting_time": 0, "distance": 923, "driving_time": 887, "preparation_time": 0, "load_before": [0], "load_after": [0]}, {"type": "service", "id": "1700811000_35", "location_id": "1700811000", "address": {"location_id": "1700811000", "lat": 42.2938801, "lon": -71.06567742}, "arr_time": 1676288401, "arr_date_time": "2023-02-13T06:40:01-05:00", "end_time": 1676288701, "end_date_time": "2023-02-13T06:45:01-05:00", "waiting_time": 0, "distance": 938, "driving_time": 901, "preparation_time": 0, "load_before": [0], "load_after": [0]}, {"type": "service", "id": "1700873000_54", "location_id": "1700873000", "address": {"location_id": "1700873000", "lat": 42.29420174, "lon": -71.06597169}, "arr_time": 1676288743, "arr_date_time": "2023-02-13T06:45:43-05:00", "end_time": 1676289043, "end_date_time": "2023-02-13T06:50:43-05:00", "waiting_time": 0, "distance": 981, "driving_time": 943, "preparation_time": 0, "load_before": [0], "load_after": [0]}, {"type": "service", "id": "1700872000_53", "location_id": "1700872000", "address": {"location_id": "1700872000", "lat": 42.29423209, "lon": -71.06584007}, "arr_time": 1676289044, "arr_date_time": "2023-02-13T06:50:44-05:00", "end_time": 1676289344, "end_date_time": "2023-02-13T06:55:44-05:00", "waiting_time": 0, "distance": 982, "driving_time": 944, "preparation_time": 0, "load_before": [0], "load_after": [0]}, {"type": "service", "id": "1700818000_39", "location_id": "1700818000", "address": {"location_id": "1700818000", "lat": 42.2936128, "lon": -71.06551704}, "arr_time": 1676289413, "arr_date_time": "2023-02-13T06:56:53-05:00", "end_time": 1676289713, "end_date_time": "2023-02-13T07:01:53-05:00", "waiting_time": 0, "distance": 1054, "driving_time": 1013, "preparation_time": 0, "load_before": [0], "load_after": [0]}, {"type": "service", "id": "1700794000_34", "location_id": "1700794000", "address": {"location_id": "1700794000", "lat": 42.29307035, "lon": -71.06540528}, "arr_time": 1676289785, "arr_date_time": "2023-02-13T07:03:05-05:00", "end_time": 1676290085, "end_date_time": "2023-02-13T07:08:05-05:00", "waiting_time": 0, "distance": 1129, "driving_time": 1085, "preparation_time": 0, "load_before": [0], "load_after": [0]}, {"type": "service", "id": "1700793000_33", "location_id": "1700793000", "address": {"location_id": "1700793000", "lat": 42.29293934, "lon": -71.06536784}, "arr_time": 1676290096, "arr_date_time": "2023-02-13T07:08:16-05:00", "end_time": 1676290396, "end_date_time": "2023-02-13T07:13:16-05:00", "waiting_time": 0, "distance": 1140, "driving_time": 1096, "preparation_time": 0, "load_before": [0], "load_after": [0]}, {"type": "service", "id": "1700780000_29", "location_id": "1700780000", "address": {"location_id": "1700780000", "lat": 42.29326068, "lon": -71.06515181}, "arr_time": 1676290472, "arr_date_time": "2023-02-13T07:14:32-05:00", "end_time": 1676290772, "end_date_time": "2023-02-13T07:19:32-05:00", "waiting_time": 0, "distance": 1219, "driving_time": 1172, "preparation_time": 0, "load_before": [0], "load_after": [0]}, {"type": "service", "id": "1700816000_38", "location_id": "1700816000", "address": {"location_id": "1700816000", "lat": 42.29364091, "lon": -71.06525757}, "arr_time": 1676290820, "arr_date_time": "2023-02-13T07:20:20-05:00", "end_time": 1676291120, "end_date_time": "2023-02-13T07:25:20-05:00", "waiting_time": 0, "distance": 1269, "driving_time": 1220, "preparation_time": 0, "load_before": [0], "load_after": [0]}, {"type": "service", "id": "1700815000_37", "location_id": "1700815000", "address": {"location_id": "1700815000", "lat": 42.293764, "lon": -71.06529597}, "arr_time": 1676291133, "arr_date_time": "2023-02-13T07:25:33-05:00", "end_time": 1676291433, "end_date_time": "2023-02-13T07:30:33-05:00", "waiting_time": 0, "distance": 1283, "driving_time": 1233, "preparation_time": 0, "load_before": [0], "load_after": [0]}, {"type": "service", "id": "1601238000_13", "location_id": "1601238000", "address": {"location_id": "1601238000", "lat": 42.29335297, "lon": -71.06461386}, "arr_time": 1676291488, "arr_date_time": "2023-02-13T07:31:28-05:00", "end_time": 1676291788, "end_date_time": "2023-02-13T07:36:28-05:00", "waiting_time": 0, "distance": 1340, "driving_time": 1288, "preparation_time": 0, "load_before": [0], "load_after": [0]}, {"type": "service", "id": "1601273000_25", "location_id": "1601273000", "address": {"location_id": "1601273000", "lat": 42.29303383, "lon": -71.06367708}, "arr_time": 1676291907, "arr_date_time": "2023-02-13T07:38:27-05:00", "end_time": 1676292207, "end_date_time": "2023-02-13T07:43:27-05:00", "waiting_time": 0, "distance": 1463, "driving_time": 1407, "preparation_time": 0, "load_before": [0], "load_after": [0]}, {"type": "service", "id": "1601276000_26", "location_id": "1601276000", "address": {"location_id": "1601276000", "lat": 42.29313186, "lon": -71.06328481}, "arr_time": 1676292240, "arr_date_time": "2023-02-13T07:44:00-05:00", "end_time": 1676292540, "end_date_time": "2023-02-13T07:49:00-05:00", "waiting_time": 0, "distance": 1497, "driving_time": 1440, "preparation_time": 0, "load_before": [0], "load_after": [0]}, {"type": "service", "id": "1700784000_30", "location_id": "1700784000", "address": {"location_id": "1700784000", "lat": 42.29272651, "lon": -71.06498396}, "arr_time": 1676292680, "arr_date_time": "2023-02-13T07:51:20-05:00", "end_time": 1676292980, "end_date_time": "2023-02-13T07:56:20-05:00", "waiting_time": 0, "distance": 1643, "driving_time": 1580, "preparation_time": 0, "load_before": [0], "load_after": [0]}, {"type": "service", "id": "1601295000_27", "location_id": "1601295000", "address": {"location_id": "1601295000", "lat": 42.29212654, "lon": -71.06456977}, "arr_time": 1676293033, "arr_date_time": "2023-02-13T07:57:13-05:00", "end_time": 1676293333, "end_date_time": "2023-02-13T08:02:13-05:00", "waiting_time": 0, "distance": 1699, "driving_time": 1633, "preparation_time": 0, "load_before": [0], "load_after": [0]}, {"type": "service", "id": "1700786000_31", "location_id": "1700786000", "address": {"location_id": "1700786000", "lat": 42.29242001, "lon": -71.06488785}, "arr_time": 1676293344, "arr_date_time": "2023-02-13T08:02:24-05:00", "end_time": 1676293644, "end_date_time": "2023-02-13T08:07:24-05:00", "waiting_time": 0, "distance": 1711, "driving_time": 1644, "preparation_time": 0, "load_before": [0], "load_after": [0]}, {"type": "service", "id": "1700787000_32", "location_id": "1700787000", "address": {"location_id": "1700787000", "lat": 42.29235436, "lon": -71.0651417}, "arr_time": 1676293665, "arr_date_time": "2023-02-13T08:07:45-05:00", "end_time": 1676293965, "end_date_time": "2023-02-13T08:12:45-05:00", "waiting_time": 0, "distance": 1733, "driving_time": 1665, "preparation_time": 0, "load_before": [0], "load_after": [0]}, {"type": "service", "id": "1601298000_28", "location_id": "1601298000", "address": {"location_id": "1601298000", "lat": 42.29243358, "lon": -71.06358378}, "arr_time": 1676294083, "arr_date_time": "2023-02-13T08:14:43-05:00", "end_time": 1676294383, "end_date_time": "2023-02-13T08:19:43-05:00", "waiting_time": 0, "distance": 1855, "driving_time": 1783, "preparation_time": 0, "load_before": [0], "load_after": [0]}, {"type": "service", "id": "1601267000_24", "location_id": "1601267000", "address": {"location_id": "1601267000", "lat": 42.29291073, "lon": -71.06323135}, "arr_time": 1676294427, "arr_date_time": "2023-02-13T08:20:27-05:00", "end_time": 1676294727, "end_date_time": "2023-02-13T08:25:27-05:00", "waiting_time": 0, "distance": 1900, "driving_time": 1827, "preparation_time": 0, "load_before": [0], "load_after": [0]}, {"type": "service", "id": "1601264000_23", "location_id": "1601264000", "address": {"location_id": "1601264000", "lat": 42.29300505, "lon": -71.06287082}, "arr_time": 1676294757, "arr_date_time": "2023-02-13T08:25:57-05:00", "end_time": 1676295057, "end_date_time": "2023-02-13T08:30:57-05:00", "waiting_time": 0, "distance": 1931, "driving_time": 1857, "preparation_time": 0, "load_before": [0], "load_after": [0]}, {"type": "service", "id": "1601263000_22", "location_id": "1601263000", "address": {"location_id": "1601263000", "lat": 42.29300719, "lon": -71.06271401}, "arr_time": 1676295069, "arr_date_time": "2023-02-13T08:31:09-05:00", "end_time": 1676295369, "end_date_time": "2023-02-13T08:36:09-05:00", "waiting_time": 0, "distance": 1943, "driving_time": 1869, "preparation_time": 0, "load_before": [0], "load_after": [0]}, {"type": "service", "id": "1601262000_21", "location_id": "1601262000", "address": {"location_id": "1601262000", "lat": 42.29304001, "lon": -71.06251437}, "arr_time": 1676295385, "arr_date_time": "2023-02-13T08:36:25-05:00", "end_time": 1676295685, "end_date_time": "2023-02-13T08:41:25-05:00", "waiting_time": 0, "distance": 1960, "driving_time": 1885, "preparation_time": 0, "load_before": [0], "load_after": [0]}, {"type": "service", "id": "1601261000_20", "location_id": "1601261000", "address": {"location_id": "1601261000", "lat": 42.29318519, "lon": -71.06250306}, "arr_time": 1676295719, "arr_date_time": "2023-02-13T08:41:59-05:00", "end_time": 1676296019, "end_date_time": "2023-02-13T08:46:59-05:00", "waiting_time": 0, "distance": 1995, "driving_time": 1919, "preparation_time": 0, "load_before": [0], "load_after": [0]}, {"type": "service", "id": "1601224020_11", "location_id": "1601224020", "address": {"location_id": "1601224020", "lat": 42.29439964, "lon": -71.06216851}, "arr_time": 1676296151, "arr_date_time": "2023-02-13T08:49:11-05:00", "end_time": 1676296451, "end_date_time": "2023-02-13T08:54:11-05:00", "waiting_time": 0, "distance": 2133, "driving_time": 2051, "preparation_time": 0, "load_before": [0], "load_after": [0]}, {"type": "service", "id": "1601227000_12", "location_id": "1601227000", "address": {"location_id": "1601227000", "lat": 42.29425765, "lon": -71.06264502}, "arr_time": 1676296537, "arr_date_time": "2023-02-13T08:55:37-05:00", "end_time": 1676296837, "end_date_time": "2023-02-13T09:00:37-05:00", "waiting_time": 0, "distance": 2223, "driving_time": 2137, "preparation_time": 0, "load_before": [0], "load_after": [0]}, {"type": "service", "id": "1601252000_19", "location_id": "1601252000", "address": {"location_id": "1601252000", "lat": 42.29426648, "lon": -71.06278214}, "arr_time": 1676296839, "arr_date_time": "2023-02-13T09:00:39-05:00", "end_time": 1676297139, "end_date_time": "2023-02-13T09:05:39-05:00", "waiting_time": 0, "distance": 2224, "driving_time": 2139, "preparation_time": 0, "load_before": [0], "load_after": [0]}]}], "unassigned": {"services": [], "shipments": [], "breaks": [], "details": []}}}