{"copyrights": ["GraphHopper", "OpenStreetMap contributors"], "job_id": "8d3c7fcb-0a75-4e84-8171-038225bcc24d", "status": "finished", "waiting_time_in_queue": 0, "processing_time": 130, "solution": {"costs": 329, "distance": 1466, "time": 1408, "transport_time": 1408, "completion_time": 16108, "max_operation_time": 16108, "waiting_time": 0, "service_duration": 14700, "preparation_time": 0, "no_vehicles": 1, "no_unassigned": 0, "routes": [{"vehicle_id": "my_vehicle", "shift_id": "default-shift", "distance": 1466, "transport_time": 1408, "completion_time": 16108, "waiting_time": 0, "service_duration": 14700, "preparation_time": 0, "activities": [{"type": "start", "location_id": "1802136000", "address": {"location_id": "1802136000", "lat": 42.27405789, "lon": -71.09449765}, "arr_time": 1676278800, "arr_date_time": "2023-02-13T04:00:00-05:00", "end_time": 1676278800, "end_date_time": "2023-02-13T04:00:00-05:00", "waiting_time": 0, "distance": 0, "driving_time": 0, "preparation_time": 0, "load_after": [0]}, {"type": "service", "id": "1802140000_36", "location_id": "1802140000", "address": {"location_id": "1802140000", "lat": 42.2736703, "lon": -71.09509735}, "arr_time": 1676278815, "arr_date_time": "2023-02-13T04:00:15-05:00", "end_time": 1676279115, "end_date_time": "2023-02-13T04:05:15-05:00", "waiting_time": 0, "distance": 16, "driving_time": 15, "preparation_time": 0, "load_before": [0], "load_after": [0]}, {"type": "service", "id": "1802139000_35", "location_id": "1802139000", "address": {"location_id": "1802139000", "lat": 42.27376555, "lon": -71.09529571}, "arr_time": 1676279229, "arr_date_time": "2023-02-13T04:07:09-05:00", "end_time": 1676279529, "end_date_time": "2023-02-13T04:12:09-05:00", "waiting_time": 0, "distance": 136, "driving_time": 129, "preparation_time": 0, "load_before": [0], "load_after": [0]}, {"type": "service", "id": "1802141000_37", "location_id": "1802141000", "address": {"location_id": "1802141000", "lat": 42.27359739, "lon": -71.0948691}, "arr_time": 1676279664, "arr_date_time": "2023-02-13T04:14:24-05:00", "end_time": 1676279964, "end_date_time": "2023-02-13T04:19:24-05:00", "waiting_time": 0, "distance": 276, "driving_time": 264, "preparation_time": 0, "load_before": [0], "load_after": [0]}, {"type": "service", "id": "1802142000_38", "location_id": "1802142000", "address": {"location_id": "1802142000", "lat": 42.2735236, "lon": -71.09459976}, "arr_time": 1676279985, "arr_date_time": "2023-02-13T04:19:45-05:00", "end_time": 1676280285, "end_date_time": "2023-02-13T04:24:45-05:00", "waiting_time": 0, "distance": 299, "driving_time": 285, "preparation_time": 0, "load_before": [0], "load_after": [0]}, {"type": "service", "id": "1802144000_39", "location_id": "1802144000", "address": {"location_id": "1802144000", "lat": 42.27332138, "lon": -71.09464147}, "arr_time": 1676280396, "arr_date_time": "2023-02-13T04:26:36-05:00", "end_time": 1676280696, "end_date_time": "2023-02-13T04:31:36-05:00", "waiting_time": 0, "distance": 414, "driving_time": 396, "preparation_time": 0, "load_before": [0], "load_after": [0]}, {"type": "service", "id": "1801860010_14", "location_id": "1801860010", "address": {"location_id": "1801860010", "lat": 42.27290125, "lon": -71.09449366}, "arr_time": 1676280700, "arr_date_time": "2023-02-13T04:31:40-05:00", "end_time": 1676281000, "end_date_time": "2023-02-13T04:36:40-05:00", "waiting_time": 0, "distance": 418, "driving_time": 400, "preparation_time": 0, "load_before": [0], "load_after": [0]}, {"type": "service", "id": "1802145000_40", "location_id": "1802145000", "address": {"location_id": "1802145000", "lat": 42.27330403, "lon": -71.09491943}, "arr_time": 1676281017, "arr_date_time": "2023-02-13T04:36:57-05:00", "end_time": 1676281317, "end_date_time": "2023-02-13T04:41:57-05:00", "waiting_time": 0, "distance": 437, "driving_time": 417, "preparation_time": 0, "load_before": [0], "load_after": [0]}, {"type": "service", "id": "1802146000_41", "location_id": "1802146000", "address": {"location_id": "1802146000", "lat": 42.27328481, "lon": -71.09516935}, "arr_time": 1676281337, "arr_date_time": "2023-02-13T04:42:17-05:00", "end_time": 1676281637, "end_date_time": "2023-02-13T04:47:17-05:00", "waiting_time": 0, "distance": 457, "driving_time": 437, "preparation_time": 0, "load_before": [0], "load_after": [0]}, {"type": "service", "id": "1801855000_13", "location_id": "1801855000", "address": {"location_id": "1801855000", "lat": 42.27264598, "lon": -71.09547551}, "arr_time": 1676281688, "arr_date_time": "2023-02-13T04:48:08-05:00", "end_time": 1676281988, "end_date_time": "2023-02-13T04:53:08-05:00", "waiting_time": 0, "distance": 509, "driving_time": 488, "preparation_time": 0, "load_before": [0], "load_after": [0]}, {"type": "service", "id": "1802150000_42", "location_id": "1802150000", "address": {"location_id": "1802150000", "lat": 42.27299308, "lon": -71.09586279}, "arr_time": 1676281995, "arr_date_time": "2023-02-13T04:53:15-05:00", "end_time": 1676282295, "end_date_time": "2023-02-13T04:58:15-05:00", "waiting_time": 0, "distance": 517, "driving_time": 495, "preparation_time": 0, "load_before": [0], "load_after": [0]}, {"type": "service", "id": "1802151000_43", "location_id": "1802151000", "address": {"location_id": "1802151000", "lat": 42.27288703, "lon": -71.09601441}, "arr_time": 1676282309, "arr_date_time": "2023-02-13T04:58:29-05:00", "end_time": 1676282609, "end_date_time": "2023-02-13T05:03:29-05:00", "waiting_time": 0, "distance": 532, "driving_time": 509, "preparation_time": 0, "load_before": [0], "load_after": [0]}, {"type": "service", "id": "1801853000_12", "location_id": "1801853000", "address": {"location_id": "1801853000", "lat": 42.27247156, "lon": -71.09571169}, "arr_time": 1676282619, "arr_date_time": "2023-02-13T05:03:39-05:00", "end_time": 1676282919, "end_date_time": "2023-02-13T05:08:39-05:00", "waiting_time": 0, "distance": 542, "driving_time": 519, "preparation_time": 0, "load_before": [0], "load_after": [0]}, {"type": "service", "id": "1802152000_44", "location_id": "1802152000", "address": {"location_id": "1802152000", "lat": 42.27275382, "lon": -71.09618154}, "arr_time": 1676282925, "arr_date_time": "2023-02-13T05:08:45-05:00", "end_time": 1676283225, "end_date_time": "2023-02-13T05:13:45-05:00", "waiting_time": 0, "distance": 550, "driving_time": 525, "preparation_time": 0, "load_before": [0], "load_after": [0]}, {"type": "service", "id": "1801852000_11", "location_id": "1801852000", "address": {"location_id": "1801852000", "lat": 42.27228183, "lon": -71.09590701}, "arr_time": 1676283249, "arr_date_time": "2023-02-13T05:14:09-05:00", "end_time": 1676283549, "end_date_time": "2023-02-13T05:19:09-05:00", "waiting_time": 0, "distance": 575, "driving_time": 549, "preparation_time": 0, "load_before": [0], "load_after": [0]}, {"type": "service", "id": "1802156000_45", "location_id": "1802156000", "address": {"location_id": "1802156000", "lat": 42.27224429, "lon": -71.09676821}, "arr_time": 1676283592, "arr_date_time": "2023-02-13T05:19:52-05:00", "end_time": 1676283892, "end_date_time": "2023-02-13T05:24:52-05:00", "waiting_time": 0, "distance": 620, "driving_time": 592, "preparation_time": 0, "load_before": [0], "load_after": [0]}, {"type": "service", "id": "1801849000_10", "location_id": "1801849000", "address": {"location_id": "1801849000", "lat": 42.27162301, "lon": -71.096449}, "arr_time": 1676283932, "arr_date_time": "2023-02-13T05:25:32-05:00", "end_time": 1676284232, "end_date_time": "2023-02-13T05:30:32-05:00", "waiting_time": 0, "distance": 662, "driving_time": 632, "preparation_time": 0, "load_before": [0], "load_after": [0]}, {"type": "service", "id": "1802157000_46", "location_id": "1802157000", "address": {"location_id": "1802157000", "lat": 42.272112, "lon": -71.09690064}, "arr_time": 1676284263, "arr_date_time": "2023-02-13T05:31:03-05:00", "end_time": 1676284563, "end_date_time": "2023-02-13T05:36:03-05:00", "waiting_time": 0, "distance": 693, "driving_time": 663, "preparation_time": 0, "load_before": [0], "load_after": [0]}, {"type": "service", "id": "1801880000_22", "location_id": "1801880000", "address": {"location_id": "1801880000", "lat": 42.27196023, "lon": -71.09739155}, "arr_time": 1676284583, "arr_date_time": "2023-02-13T05:36:23-05:00", "end_time": 1676284883, "end_date_time": "2023-02-13T05:41:23-05:00", "waiting_time": 0, "distance": 714, "driving_time": 683, "preparation_time": 0, "load_before": [0], "load_after": [0]}, {"type": "service", "id": "1801879000_21", "location_id": "1801879000", "address": {"location_id": "1801879000", "lat": 42.27214839, "lon": -71.09756741}, "arr_time": 1676284907, "arr_date_time": "2023-02-13T05:41:47-05:00", "end_time": 1676285207, "end_date_time": "2023-02-13T05:46:47-05:00", "waiting_time": 0, "distance": 738, "driving_time": 707, "preparation_time": 0, "load_before": [0], "load_after": [0]}, {"type": "service", "id": "1801910000_27", "location_id": "1801910000", "address": {"location_id": "1801910000", "lat": 42.27237519, "lon": -71.09799195}, "arr_time": 1676285248, "arr_date_time": "2023-02-13T05:47:28-05:00", "end_time": 1676285548, "end_date_time": "2023-02-13T05:52:28-05:00", "waiting_time": 0, "distance": 781, "driving_time": 748, "preparation_time": 0, "load_before": [0], "load_after": [0]}, {"type": "service", "id": "1802161000_49", "location_id": "1802161000", "address": {"location_id": "1802161000", "lat": 42.2726099, "lon": -71.09776844}, "arr_time": 1676285549, "arr_date_time": "2023-02-13T05:52:29-05:00", "end_time": 1676285849, "end_date_time": "2023-02-13T05:57:29-05:00", "waiting_time": 0, "distance": 782, "driving_time": 749, "preparation_time": 0, "load_before": [0], "load_after": [0]}, {"type": "service", "id": "1802159000_47", "location_id": "1802159000", "address": {"location_id": "1802159000", "lat": 42.27241307, "lon": -71.09738308}, "arr_time": 1676285889, "arr_date_time": "2023-02-13T05:58:09-05:00", "end_time": 1676286189, "end_date_time": "2023-02-13T06:03:09-05:00", "waiting_time": 0, "distance": 824, "driving_time": 789, "preparation_time": 0, "load_before": [0], "load_after": [0]}, {"type": "service", "id": "1802160002_48", "location_id": "1802160002", "address": {"location_id": "1802160002", "lat": 42.27274045, "lon": -71.09763947}, "arr_time": 1676286205, "arr_date_time": "2023-02-13T06:03:25-05:00", "end_time": 1676286505, "end_date_time": "2023-02-13T06:08:25-05:00", "waiting_time": 0, "distance": 841, "driving_time": 805, "preparation_time": 0, "load_before": [0], "load_after": [0]}, {"type": "service", "id": "1801911000_28", "location_id": "1801911000", "address": {"location_id": "1801911000", "lat": 42.27223877, "lon": -71.09812265}, "arr_time": 1676286571, "arr_date_time": "2023-02-13T06:09:31-05:00", "end_time": 1676286871, "end_date_time": "2023-02-13T06:14:31-05:00", "waiting_time": 0, "distance": 909, "driving_time": 871, "preparation_time": 0, "load_before": [0], "load_after": [0]}, {"type": "service", "id": "1801877000_20", "location_id": "1801877000", "address": {"location_id": "1801877000", "lat": 42.27198279, "lon": -71.09769914}, "arr_time": 1676286873, "arr_date_time": "2023-02-13T06:14:33-05:00", "end_time": 1676287173, "end_date_time": "2023-02-13T06:19:33-05:00", "waiting_time": 0, "distance": 911, "driving_time": 873, "preparation_time": 0, "load_before": [0], "load_after": [0]}, {"type": "service", "id": "1801912000_29", "location_id": "1801912000", "address": {"location_id": "1801912000", "lat": 42.27210369, "lon": -71.0982482}, "arr_time": 1676287188, "arr_date_time": "2023-02-13T06:19:48-05:00", "end_time": 1676287488, "end_date_time": "2023-02-13T06:24:48-05:00", "waiting_time": 0, "distance": 927, "driving_time": 888, "preparation_time": 0, "load_before": [0], "load_after": [0]}, {"type": "service", "id": "1801914000_30", "location_id": "1801914000", "address": {"location_id": "1801914000", "lat": 42.27192678, "lon": -71.09841376}, "arr_time": 1676287511, "arr_date_time": "2023-02-13T06:25:11-05:00", "end_time": 1676287811, "end_date_time": "2023-02-13T06:30:11-05:00", "waiting_time": 0, "distance": 951, "driving_time": 911, "preparation_time": 0, "load_before": [0], "load_after": [0]}, {"type": "service", "id": "1801875000_19", "location_id": "1801875000", "address": {"location_id": "1801875000", "lat": 42.27161779, "lon": -71.09793711}, "arr_time": 1676287815, "arr_date_time": "2023-02-13T06:30:15-05:00", "end_time": 1676288115, "end_date_time": "2023-02-13T06:35:15-05:00", "waiting_time": 0, "distance": 956, "driving_time": 915, "preparation_time": 0, "load_before": [0], "load_after": [0]}, {"type": "service", "id": "1801874000_18", "location_id": "1801874000", "address": {"location_id": "1801874000", "lat": 42.27151028, "lon": -71.09804356}, "arr_time": 1676288129, "arr_date_time": "2023-02-13T06:35:29-05:00", "end_time": 1676288429, "end_date_time": "2023-02-13T06:40:29-05:00", "waiting_time": 0, "distance": 972, "driving_time": 929, "preparation_time": 0, "load_before": [0], "load_after": [0]}, {"type": "service", "id": "1801915000_31", "location_id": "1801915000", "address": {"location_id": "1801915000", "lat": 42.27176216, "lon": -71.09856656}, "arr_time": 1676288431, "arr_date_time": "2023-02-13T06:40:31-05:00", "end_time": 1676288731, "end_date_time": "2023-02-13T06:45:31-05:00", "waiting_time": 0, "distance": 973, "driving_time": 931, "preparation_time": 0, "load_before": [0], "load_after": [0]}, {"type": "service", "id": "1801916000_32", "location_id": "1801916000", "address": {"location_id": "1801916000", "lat": 42.27160151, "lon": -71.09871872}, "arr_time": 1676288752, "arr_date_time": "2023-02-13T06:45:52-05:00", "end_time": 1676289052, "end_date_time": "2023-02-13T06:50:52-05:00", "waiting_time": 0, "distance": 995, "driving_time": 952, "preparation_time": 0, "load_before": [0], "load_after": [0]}, {"type": "service", "id": "1801872000_17", "location_id": "1801872000", "address": {"location_id": "1801872000", "lat": 42.27128235, "lon": -71.09825698}, "arr_time": 1676289060, "arr_date_time": "2023-02-13T06:51:00-05:00", "end_time": 1676289360, "end_date_time": "2023-02-13T06:56:00-05:00", "waiting_time": 0, "distance": 1003, "driving_time": 960, "preparation_time": 0, "load_before": [0], "load_after": [0]}, {"type": "service", "id": "1801919000_33", "location_id": "1801919000", "address": {"location_id": "1801919000", "lat": 42.27131969, "lon": -71.09898402}, "arr_time": 1676289389, "arr_date_time": "2023-02-13T06:56:29-05:00", "end_time": 1676289689, "end_date_time": "2023-02-13T07:01:29-05:00", "waiting_time": 0, "distance": 1033, "driving_time": 989, "preparation_time": 0, "load_before": [0], "load_after": [0]}, {"type": "service", "id": "1801922000_34", "location_id": "1801922000", "address": {"location_id": "1801922000", "lat": 42.2709821, "lon": -71.09930074}, "arr_time": 1676289733, "arr_date_time": "2023-02-13T07:02:13-05:00", "end_time": 1676290033, "end_date_time": "2023-02-13T07:07:13-05:00", "waiting_time": 0, "distance": 1079, "driving_time": 1033, "preparation_time": 0, "load_before": [0], "load_after": [0]}, {"type": "service", "id": "1801866100_16", "location_id": "1801866100", "address": {"location_id": "1801866100", "lat": 42.27070948, "lon": -71.09880763}, "arr_time": 1676290036, "arr_date_time": "2023-02-13T07:07:16-05:00", "end_time": 1676290336, "end_date_time": "2023-02-13T07:12:16-05:00", "waiting_time": 0, "distance": 1081, "driving_time": 1036, "preparation_time": 0, "load_before": [0], "load_after": [0]}, {"type": "service", "id": "1801837000_01", "location_id": "1801837000", "address": {"location_id": "1801837000", "lat": 42.27032442, "lon": -71.09794374}, "arr_time": 1676290516, "arr_date_time": "2023-02-13T07:15:16-05:00", "end_time": 1676290816, "end_date_time": "2023-02-13T07:20:16-05:00", "waiting_time": 0, "distance": 1269, "driving_time": 1216, "preparation_time": 0, "load_before": [0], "load_after": [0]}, {"type": "service", "id": "1801865000_15", "location_id": "1801865000", "address": {"location_id": "1801865000", "lat": 42.27059766, "lon": -71.09833483}, "arr_time": 1676290863, "arr_date_time": "2023-02-13T07:21:03-05:00", "end_time": 1676291163, "end_date_time": "2023-02-13T07:26:03-05:00", "waiting_time": 0, "distance": 1317, "driving_time": 1263, "preparation_time": 0, "load_before": [0], "load_after": [0]}, {"type": "service", "id": "1801838000_02", "location_id": "1801838000", "address": {"location_id": "1801838000", "lat": 42.27041833, "lon": -71.09781334}, "arr_time": 1676291172, "arr_date_time": "2023-02-13T07:26:12-05:00", "end_time": 1676291472, "end_date_time": "2023-02-13T07:31:12-05:00", "waiting_time": 0, "distance": 1326, "driving_time": 1272, "preparation_time": 0, "load_before": [0], "load_after": [0]}, {"type": "service", "id": "1801839000_03", "location_id": "1801839000", "address": {"location_id": "1801839000", "lat": 42.27051287, "lon": -71.09770343}, "arr_time": 1676291485, "arr_date_time": "2023-02-13T07:31:25-05:00", "end_time": 1676291785, "end_date_time": "2023-02-13T07:36:25-05:00", "waiting_time": 0, "distance": 1339, "driving_time": 1285, "preparation_time": 0, "load_before": [0], "load_after": [0]}, {"type": "service", "id": "1801840000_04", "location_id": "1801840000", "address": {"location_id": "1801840000", "lat": 42.2706145, "lon": -71.09759458}, "arr_time": 1676291799, "arr_date_time": "2023-02-13T07:36:39-05:00", "end_time": 1676292099, "end_date_time": "2023-02-13T07:41:39-05:00", "waiting_time": 0, "distance": 1353, "driving_time": 1299, "preparation_time": 0, "load_before": [0], "load_after": [0]}, {"type": "service", "id": "1801889000_26", "location_id": "1801889000", "address": {"location_id": "1801889000", "lat": 42.2709685, "lon": -71.09797614}, "arr_time": 1676292113, "arr_date_time": "2023-02-13T07:41:53-05:00", "end_time": 1676292413, "end_date_time": "2023-02-13T07:46:53-05:00", "waiting_time": 0, "distance": 1368, "driving_time": 1313, "preparation_time": 0, "load_before": [0], "load_after": [0]}, {"type": "service", "id": "1801843000_05", "location_id": "1801843000", "address": {"location_id": "1801843000", "lat": 42.27097954, "lon": -71.09716584}, "arr_time": 1676292451, "arr_date_time": "2023-02-13T07:47:31-05:00", "end_time": 1676292751, "end_date_time": "2023-02-13T07:52:31-05:00", "waiting_time": 0, "distance": 1407, "driving_time": 1351, "preparation_time": 0, "load_before": [0], "load_after": [0]}, {"type": "service", "id": "1801844000_06", "location_id": "1801844000", "address": {"location_id": "1801844000", "lat": 42.27108646, "lon": -71.09704601}, "arr_time": 1676292765, "arr_date_time": "2023-02-13T07:52:45-05:00", "end_time": 1676293065, "end_date_time": "2023-02-13T07:57:45-05:00", "waiting_time": 0, "distance": 1422, "driving_time": 1365, "preparation_time": 0, "load_before": [0], "load_after": [0]}, {"type": "service", "id": "1801885000_25", "location_id": "1801885000", "address": {"location_id": "1801885000", "lat": 42.27142189, "lon": -71.09754753}, "arr_time": 1676293072, "arr_date_time": "2023-02-13T07:57:52-05:00", "end_time": 1676293372, "end_date_time": "2023-02-13T08:02:52-05:00", "waiting_time": 0, "distance": 1429, "driving_time": 1372, "preparation_time": 0, "load_before": [0], "load_after": [0]}, {"type": "service", "id": "1801845000_07", "location_id": "1801845000", "address": {"location_id": "1801845000", "lat": 42.27119292, "lon": -71.09692998}, "arr_time": 1676293380, "arr_date_time": "2023-02-13T08:03:00-05:00", "end_time": 1676293680, "end_date_time": "2023-02-13T08:08:00-05:00", "waiting_time": 0, "distance": 1437, "driving_time": 1380, "preparation_time": 0, "load_before": [0], "load_after": [0]}, {"type": "service", "id": "1801884000_24", "location_id": "1801884000", "address": {"location_id": "1801884000", "lat": 42.27153435, "lon": -71.09744269}, "arr_time": 1676293687, "arr_date_time": "2023-02-13T08:08:07-05:00", "end_time": 1676293987, "end_date_time": "2023-02-13T08:13:07-05:00", "waiting_time": 0, "distance": 1444, "driving_time": 1387, "preparation_time": 0, "load_before": [0], "load_after": [0]}, {"type": "service", "id": "1801846000_08", "location_id": "1801846000", "address": {"location_id": "1801846000", "lat": 42.27131014, "lon": -71.09683296}, "arr_time": 1676293995, "arr_date_time": "2023-02-13T08:13:15-05:00", "end_time": 1676294295, "end_date_time": "2023-02-13T08:18:15-05:00", "waiting_time": 0, "distance": 1452, "driving_time": 1395, "preparation_time": 0, "load_before": [0], "load_after": [0]}, {"type": "service", "id": "1801883000_23", "location_id": "1801883000", "address": {"location_id": "1801883000", "lat": 42.27164262, "lon": -71.09733839}, "arr_time": 1676294301, "arr_date_time": "2023-02-13T08:18:21-05:00", "end_time": 1676294601, "end_date_time": "2023-02-13T08:23:21-05:00", "waiting_time": 0, "distance": 1459, "driving_time": 1401, "preparation_time": 0, "load_before": [0], "load_after": [0]}, {"type": "service", "id": "1801847000_09", "location_id": "1801847000", "address": {"location_id": "1801847000", "lat": 42.27140723, "lon": -71.09671492}, "arr_time": 1676294608, "arr_date_time": "2023-02-13T08:23:28-05:00", "end_time": 1676294908, "end_date_time": "2023-02-13T08:28:28-05:00", "waiting_time": 0, "distance": 1466, "driving_time": 1408, "preparation_time": 0, "load_before": [0], "load_after": [0]}]}], "unassigned": {"services": [], "shipments": [], "breaks": [], "details": []}}}