{"copyrights": ["GraphHopper", "OpenStreetMap contributors"], "job_id": "28570b8d-e2a7-4cd0-b72c-d83c949ea8b9", "status": "finished", "waiting_time_in_queue": 0, "processing_time": 117, "solution": {"costs": 340, "distance": 1342, "time": 1285, "transport_time": 1285, "completion_time": 17485, "max_operation_time": 17485, "waiting_time": 0, "service_duration": 16200, "preparation_time": 0, "no_vehicles": 1, "no_unassigned": 0, "routes": [{"vehicle_id": "my_vehicle", "shift_id": "default-shift", "distance": 1342, "transport_time": 1285, "completion_time": 17485, "waiting_time": 0, "service_duration": 16200, "preparation_time": 0, "activities": [{"type": "start", "location_id": "1800116000", "address": {"location_id": "1800116000", "lat": 42.27507155, "lon": -71.08578398}, "arr_time": 1676278800, "arr_date_time": "2023-02-13T04:00:00-05:00", "end_time": 1676278800, "end_date_time": "2023-02-13T04:00:00-05:00", "waiting_time": 0, "distance": 0, "driving_time": 0, "preparation_time": 0, "load_after": [0]}, {"type": "service", "id": "1800115005_03", "location_id": "1800115005", "address": {"location_id": "1800115005", "lat": 42.27476774, "lon": -71.08539262}, "arr_time": 1676278808, "arr_date_time": "2023-02-13T04:00:08-05:00", "end_time": 1676279108, "end_date_time": "2023-02-13T04:05:08-05:00", "waiting_time": 0, "distance": 8, "driving_time": 8, "preparation_time": 0, "load_before": [0], "load_after": [0]}, {"type": "service", "id": "1800116001_04", "location_id": "1800116001", "address": {"location_id": "1800116001", "lat": 42.27485197, "lon": -71.08587665}, "arr_time": 1676279121, "arr_date_time": "2023-02-13T04:05:21-05:00", "end_time": 1676279421, "end_date_time": "2023-02-13T04:10:21-05:00", "waiting_time": 0, "distance": 22, "driving_time": 21, "preparation_time": 0, "load_before": [0], "load_after": [0]}, {"type": "service", "id": "1800115002_02", "location_id": "1800115002", "address": {"location_id": "1800115002", "lat": 42.27445085, "lon": -71.08485858}, "arr_time": 1676279493, "arr_date_time": "2023-02-13T04:11:33-05:00", "end_time": 1676279793, "end_date_time": "2023-02-13T04:16:33-05:00", "waiting_time": 0, "distance": 97, "driving_time": 93, "preparation_time": 0, "load_before": [0], "load_after": [0]}, {"type": "service", "id": "1800379003_17", "location_id": "1800379003", "address": {"location_id": "1800379003", "lat": 42.27407225, "lon": -71.08502025}, "arr_time": 1676279807, "arr_date_time": "2023-02-13T04:16:47-05:00", "end_time": 1676280107, "end_date_time": "2023-02-13T04:21:47-05:00", "waiting_time": 0, "distance": 111, "driving_time": 107, "preparation_time": 0, "load_before": [0], "load_after": [0]}, {"type": "service", "id": "1800115001_01", "location_id": "1800115001", "address": {"location_id": "1800115001", "lat": 42.2743527, "lon": -71.08468435}, "arr_time": 1676280112, "arr_date_time": "2023-02-13T04:21:52-05:00", "end_time": 1676280412, "end_date_time": "2023-02-13T04:26:52-05:00", "waiting_time": 0, "distance": 116, "driving_time": 112, "preparation_time": 0, "load_before": [0], "load_after": [0]}, {"type": "service", "id": "1800379004_18", "location_id": "1800379004", "address": {"location_id": "1800379004", "lat": 42.27398208, "lon": -71.08476111}, "arr_time": 1676280429, "arr_date_time": "2023-02-13T04:27:09-05:00", "end_time": 1676280729, "end_date_time": "2023-02-13T04:32:09-05:00", "waiting_time": 0, "distance": 134, "driving_time": 129, "preparation_time": 0, "load_before": [0], "load_after": [0]}, {"type": "service", "id": "1800380004_28", "location_id": "1800380004", "address": {"location_id": "1800380004", "lat": 42.27346586, "lon": -71.08535698}, "arr_time": 1676280849, "arr_date_time": "2023-02-13T04:34:09-05:00", "end_time": 1676281149, "end_date_time": "2023-02-13T04:39:09-05:00", "waiting_time": 0, "distance": 258, "driving_time": 249, "preparation_time": 0, "load_before": [0], "load_after": [0]}, {"type": "service", "id": "1800379007_19", "location_id": "1800379007", "address": {"location_id": "1800379007", "lat": 42.27386131, "lon": -71.08521209}, "arr_time": 1676281163, "arr_date_time": "2023-02-13T04:39:23-05:00", "end_time": 1676281463, "end_date_time": "2023-02-13T04:44:23-05:00", "waiting_time": 0, "distance": 272, "driving_time": 263, "preparation_time": 0, "load_before": [0], "load_after": [0]}, {"type": "service", "id": "1800380003_27", "location_id": "1800380003", "address": {"location_id": "1800380003", "lat": 42.27355649, "lon": -71.08554733}, "arr_time": 1676281467, "arr_date_time": "2023-02-13T04:44:27-05:00", "end_time": 1676281767, "end_date_time": "2023-02-13T04:49:27-05:00", "waiting_time": 0, "distance": 277, "driving_time": 267, "preparation_time": 0, "load_before": [0], "load_after": [0]}, {"type": "service", "id": "1800379008_20", "location_id": "1800379008", "address": {"location_id": "1800379008", "lat": 42.27395009, "lon": -71.08544251}, "arr_time": 1676281783, "arr_date_time": "2023-02-13T04:49:43-05:00", "end_time": 1676282083, "end_date_time": "2023-02-13T04:54:43-05:00", "waiting_time": 0, "distance": 294, "driving_time": 283, "preparation_time": 0, "load_before": [0], "load_after": [0]}, {"type": "service", "id": "1800380002_26", "location_id": "1800380002", "address": {"location_id": "1800380002", "lat": 42.27364564, "lon": -71.08573429}, "arr_time": 1676282084, "arr_date_time": "2023-02-13T04:54:44-05:00", "end_time": 1676282384, "end_date_time": "2023-02-13T04:59:44-05:00", "waiting_time": 0, "distance": 296, "driving_time": 284, "preparation_time": 0, "load_before": [0], "load_after": [0]}, {"type": "service", "id": "1800379009_21", "location_id": "1800379009", "address": {"location_id": "1800379009", "lat": 42.27404423, "lon": -71.08563785}, "arr_time": 1676282401, "arr_date_time": "2023-02-13T05:00:01-05:00", "end_time": 1676282701, "end_date_time": "2023-02-13T05:05:01-05:00", "waiting_time": 0, "distance": 313, "driving_time": 301, "preparation_time": 0, "load_before": [0], "load_after": [0]}, {"type": "service", "id": "1800380001_25", "location_id": "1800380001", "address": {"location_id": "1800380001", "lat": 42.27371087, "lon": -71.08594237}, "arr_time": 1676282703, "arr_date_time": "2023-02-13T05:05:03-05:00", "end_time": 1676283003, "end_date_time": "2023-02-13T05:10:03-05:00", "waiting_time": 0, "distance": 314, "driving_time": 303, "preparation_time": 0, "load_before": [0], "load_after": [0]}, {"type": "service", "id": "1800380000_24", "location_id": "1800380000", "address": {"location_id": "1800380000", "lat": 42.27381281, "lon": -71.08606936}, "arr_time": 1676283017, "arr_date_time": "2023-02-13T05:10:17-05:00", "end_time": 1676283317, "end_date_time": "2023-02-13T05:15:17-05:00", "waiting_time": 0, "distance": 329, "driving_time": 317, "preparation_time": 0, "load_before": [0], "load_after": [0]}, {"type": "service", "id": "1800379010_22", "location_id": "1800379010", "address": {"location_id": "1800379010", "lat": 42.27412003, "lon": -71.08590128}, "arr_time": 1676283324, "arr_date_time": "2023-02-13T05:15:24-05:00", "end_time": 1676283624, "end_date_time": "2023-02-13T05:20:24-05:00", "waiting_time": 0, "distance": 336, "driving_time": 324, "preparation_time": 0, "load_before": [0], "load_after": [0]}, {"type": "service", "id": "1800379011_23", "location_id": "1800379011", "address": {"location_id": "1800379011", "lat": 42.27429913, "lon": -71.08574159}, "arr_time": 1676283683, "arr_date_time": "2023-02-13T05:21:23-05:00", "end_time": 1676283983, "end_date_time": "2023-02-13T05:26:23-05:00", "waiting_time": 0, "distance": 397, "driving_time": 383, "preparation_time": 0, "load_before": [0], "load_after": [0]}, {"type": "service", "id": "1800116003_05", "location_id": "1800116003", "address": {"location_id": "1800116003", "lat": 42.27458209, "lon": -71.08611576}, "arr_time": 1676283991, "arr_date_time": "2023-02-13T05:26:31-05:00", "end_time": 1676284291, "end_date_time": "2023-02-13T05:31:31-05:00", "waiting_time": 0, "distance": 406, "driving_time": 391, "preparation_time": 0, "load_before": [0], "load_after": [0]}, {"type": "service", "id": "1800116004_06", "location_id": "1800116004", "address": {"location_id": "1800116004", "lat": 42.27436761, "lon": -71.08619581}, "arr_time": 1676284313, "arr_date_time": "2023-02-13T05:31:53-05:00", "end_time": 1676284613, "end_date_time": "2023-02-13T05:36:53-05:00", "waiting_time": 0, "distance": 429, "driving_time": 413, "preparation_time": 0, "load_before": [0], "load_after": [0]}, {"type": "service", "id": "1800116006_07", "location_id": "1800116006", "address": {"location_id": "1800116006", "lat": 42.27416829, "lon": -71.08647865}, "arr_time": 1676284643, "arr_date_time": "2023-02-13T05:37:23-05:00", "end_time": 1676284943, "end_date_time": "2023-02-13T05:42:23-05:00", "waiting_time": 0, "distance": 460, "driving_time": 443, "preparation_time": 0, "load_before": [0], "load_after": [0]}, {"type": "service", "id": "1800380014_34", "location_id": "1800380014", "address": {"location_id": "1800380014", "lat": 42.27373998, "lon": -71.08622588}, "arr_time": 1676284971, "arr_date_time": "2023-02-13T05:42:51-05:00", "end_time": 1676285271, "end_date_time": "2023-02-13T05:47:51-05:00", "waiting_time": 0, "distance": 489, "driving_time": 471, "preparation_time": 0, "load_before": [0], "load_after": [0]}, {"type": "service", "id": "1800116009_08", "location_id": "1800116009", "address": {"location_id": "1800116009", "lat": 42.27375263, "lon": -71.08684598}, "arr_time": 1676285296, "arr_date_time": "2023-02-13T05:48:16-05:00", "end_time": 1676285596, "end_date_time": "2023-02-13T05:53:16-05:00", "waiting_time": 0, "distance": 515, "driving_time": 496, "preparation_time": 0, "load_before": [0], "load_after": [0]}, {"type": "service", "id": "1800381000_35", "location_id": "1800381000", "address": {"location_id": "1800381000", "lat": 42.2733534, "lon": -71.08655572}, "arr_time": 1676285624, "arr_date_time": "2023-02-13T05:53:44-05:00", "end_time": 1676285924, "end_date_time": "2023-02-13T05:58:44-05:00", "waiting_time": 0, "distance": 545, "driving_time": 524, "preparation_time": 0, "load_before": [0], "load_after": [0]}, {"type": "service", "id": "1800380013_33", "location_id": "1800380013", "address": {"location_id": "1800380013", "lat": 42.27360043, "lon": -71.08634429}, "arr_time": 1676285925, "arr_date_time": "2023-02-13T05:58:45-05:00", "end_time": 1676286225, "end_date_time": "2023-02-13T06:03:45-05:00", "waiting_time": 0, "distance": 546, "driving_time": 525, "preparation_time": 0, "load_before": [0], "load_after": [0]}, {"type": "service", "id": "1800381001_36", "location_id": "1800381001", "address": {"location_id": "1800381001", "lat": 42.27314, "lon": -71.0863981}, "arr_time": 1676286247, "arr_date_time": "2023-02-13T06:04:07-05:00", "end_time": 1676286547, "end_date_time": "2023-02-13T06:09:07-05:00", "waiting_time": 0, "distance": 569, "driving_time": 547, "preparation_time": 0, "load_before": [0], "load_after": [0]}, {"type": "service", "id": "1800381002_37", "location_id": "1800381002", "address": {"location_id": "1800381002", "lat": 42.27309754, "lon": -71.08618891}, "arr_time": 1676286563, "arr_date_time": "2023-02-13T06:09:23-05:00", "end_time": 1676286863, "end_date_time": "2023-02-13T06:14:23-05:00", "waiting_time": 0, "distance": 586, "driving_time": 563, "preparation_time": 0, "load_before": [0], "load_after": [0]}, {"type": "service", "id": "1800380011_32", "location_id": "1800380011", "address": {"location_id": "1800380011", "lat": 42.27343891, "lon": -71.08591531}, "arr_time": 1676286863, "arr_date_time": "2023-02-13T06:14:23-05:00", "end_time": 1676287163, "end_date_time": "2023-02-13T06:19:23-05:00", "waiting_time": 0, "distance": 586, "driving_time": 563, "preparation_time": 0, "load_before": [0], "load_after": [0]}, {"type": "service", "id": "1800381003_38", "location_id": "1800381003", "address": {"location_id": "1800381003", "lat": 42.27300481, "lon": -71.08600151}, "arr_time": 1676287181, "arr_date_time": "2023-02-13T06:19:41-05:00", "end_time": 1676287481, "end_date_time": "2023-02-13T06:24:41-05:00", "waiting_time": 0, "distance": 606, "driving_time": 581, "preparation_time": 0, "load_before": [0], "load_after": [0]}, {"type": "service", "id": "1800380008_31", "location_id": "1800380008", "address": {"location_id": "1800380008", "lat": 42.27318044, "lon": -71.08536679}, "arr_time": 1676287513, "arr_date_time": "2023-02-13T06:25:13-05:00", "end_time": 1676287813, "end_date_time": "2023-02-13T06:30:13-05:00", "waiting_time": 0, "distance": 639, "driving_time": 613, "preparation_time": 0, "load_before": [0], "load_after": [0]}, {"type": "service", "id": "1800381005_39", "location_id": "1800381005", "address": {"location_id": "1800381005", "lat": 42.27282168, "lon": -71.08561966}, "arr_time": 1676287817, "arr_date_time": "2023-02-13T06:30:17-05:00", "end_time": 1676288117, "end_date_time": "2023-02-13T06:35:17-05:00", "waiting_time": 0, "distance": 643, "driving_time": 617, "preparation_time": 0, "load_before": [0], "load_after": [0]}, {"type": "service", "id": "1800380007_30", "location_id": "1800380007", "address": {"location_id": "1800380007", "lat": 42.27309771, "lon": -71.08519042}, "arr_time": 1676288129, "arr_date_time": "2023-02-13T06:35:29-05:00", "end_time": 1676288429, "end_date_time": "2023-02-13T06:40:29-05:00", "waiting_time": 0, "distance": 656, "driving_time": 629, "preparation_time": 0, "load_before": [0], "load_after": [0]}, {"type": "service", "id": "1800381006_40", "location_id": "1800381006", "address": {"location_id": "1800381006", "lat": 42.27272777, "lon": -71.08542501}, "arr_time": 1676288436, "arr_date_time": "2023-02-13T06:40:36-05:00", "end_time": 1676288736, "end_date_time": "2023-02-13T06:45:36-05:00", "waiting_time": 0, "distance": 662, "driving_time": 636, "preparation_time": 0, "load_before": [0], "load_after": [0]}, {"type": "service", "id": "1800381007_41", "location_id": "1800381007", "address": {"location_id": "1800381007", "lat": 42.27265777, "lon": -71.08515426}, "arr_time": 1676288757, "arr_date_time": "2023-02-13T06:45:57-05:00", "end_time": 1676289057, "end_date_time": "2023-02-13T06:50:57-05:00", "waiting_time": 0, "distance": 685, "driving_time": 657, "preparation_time": 0, "load_before": [0], "load_after": [0]}, {"type": "service", "id": "1800380006_29", "location_id": "1800380006", "address": {"location_id": "1800380006", "lat": 42.27298545, "lon": -71.08502014}, "arr_time": 1676289121, "arr_date_time": "2023-02-13T06:52:01-05:00", "end_time": 1676289421, "end_date_time": "2023-02-13T06:57:01-05:00", "waiting_time": 0, "distance": 752, "driving_time": 721, "preparation_time": 0, "load_before": [0], "load_after": [0]}, {"type": "service", "id": "1800381008_42", "location_id": "1800381008", "address": {"location_id": "1800381008", "lat": 42.27253053, "lon": -71.0854544}, "arr_time": 1676289513, "arr_date_time": "2023-02-13T06:58:33-05:00", "end_time": 1676289813, "end_date_time": "2023-02-13T07:03:33-05:00", "waiting_time": 0, "distance": 848, "driving_time": 813, "preparation_time": 0, "load_before": [0], "load_after": [0]}, {"type": "service", "id": "1800381009_43", "location_id": "1800381009", "address": {"location_id": "1800381009", "lat": 42.27247082, "lon": -71.08566207}, "arr_time": 1676289872, "arr_date_time": "2023-02-13T07:04:32-05:00", "end_time": 1676290172, "end_date_time": "2023-02-13T07:09:32-05:00", "waiting_time": 0, "distance": 909, "driving_time": 872, "preparation_time": 0, "load_before": [0], "load_after": [0]}, {"type": "service", "id": "1800382004_50", "location_id": "1800382004", "address": {"location_id": "1800382004", "lat": 42.27207755, "lon": -71.08600695}, "arr_time": 1676290173, "arr_date_time": "2023-02-13T07:09:33-05:00", "end_time": 1676290473, "end_date_time": "2023-02-13T07:14:33-05:00", "waiting_time": 0, "distance": 911, "driving_time": 873, "preparation_time": 0, "load_before": [0], "load_after": [0]}, {"type": "service", "id": "1800382003_49", "location_id": "1800382003", "address": {"location_id": "1800382003", "lat": 42.27215586, "lon": -71.08615743}, "arr_time": 1676290488, "arr_date_time": "2023-02-13T07:14:48-05:00", "end_time": 1676290788, "end_date_time": "2023-02-13T07:19:48-05:00", "waiting_time": 0, "distance": 926, "driving_time": 888, "preparation_time": 0, "load_before": [0], "load_after": [0]}, {"type": "service", "id": "1800382002_48", "location_id": "1800382002", "address": {"location_id": "1800382002", "lat": 42.2722286, "lon": -71.08631187}, "arr_time": 1676290801, "arr_date_time": "2023-02-13T07:20:01-05:00", "end_time": 1676291101, "end_date_time": "2023-02-13T07:25:01-05:00", "waiting_time": 0, "distance": 940, "driving_time": 901, "preparation_time": 0, "load_before": [0], "load_after": [0]}, {"type": "service", "id": "1800381011_44", "location_id": "1800381011", "address": {"location_id": "1800381011", "lat": 42.27262548, "lon": -71.08602537}, "arr_time": 1676291105, "arr_date_time": "2023-02-13T07:25:05-05:00", "end_time": 1676291405, "end_date_time": "2023-02-13T07:30:05-05:00", "waiting_time": 0, "distance": 945, "driving_time": 905, "preparation_time": 0, "load_before": [0], "load_after": [0]}, {"type": "service", "id": "1800382045_54", "location_id": "1800382045", "address": {"location_id": "1800382045", "lat": 42.2723124, "lon": -71.08645153}, "arr_time": 1676291415, "arr_date_time": "2023-02-13T07:30:15-05:00", "end_time": 1676291715, "end_date_time": "2023-02-13T07:35:15-05:00", "waiting_time": 0, "distance": 955, "driving_time": 915, "preparation_time": 0, "load_before": [0], "load_after": [0]}, {"type": "service", "id": "1800381012_45", "location_id": "1800381012", "address": {"location_id": "1800381012", "lat": 42.2727193, "lon": -71.08621831}, "arr_time": 1676291723, "arr_date_time": "2023-02-13T07:35:23-05:00", "end_time": 1676292023, "end_date_time": "2023-02-13T07:40:23-05:00", "waiting_time": 0, "distance": 964, "driving_time": 923, "preparation_time": 0, "load_before": [0], "load_after": [0]}, {"type": "service", "id": "1800382035_53", "location_id": "1800382035", "address": {"location_id": "1800382035", "lat": 42.27231661, "lon": -71.08662808}, "arr_time": 1676292027, "arr_date_time": "2023-02-13T07:40:27-05:00", "end_time": 1676292327, "end_date_time": "2023-02-13T07:45:27-05:00", "waiting_time": 0, "distance": 968, "driving_time": 927, "preparation_time": 0, "load_before": [0], "load_after": [0]}, {"type": "service", "id": "1800381013_46", "location_id": "1800381013", "address": {"location_id": "1800381013", "lat": 42.27280409, "lon": -71.08640249}, "arr_time": 1676292340, "arr_date_time": "2023-02-13T07:45:40-05:00", "end_time": 1676292640, "end_date_time": "2023-02-13T07:50:40-05:00", "waiting_time": 0, "distance": 982, "driving_time": 940, "preparation_time": 0, "load_before": [0], "load_after": [0]}, {"type": "service", "id": "1800381014_47", "location_id": "1800381014", "address": {"location_id": "1800381014", "lat": 42.27289088, "lon": -71.08657955}, "arr_time": 1676292655, "arr_date_time": "2023-02-13T07:50:55-05:00", "end_time": 1676292955, "end_date_time": "2023-02-13T07:55:55-05:00", "waiting_time": 0, "distance": 997, "driving_time": 955, "preparation_time": 0, "load_before": [0], "load_after": [0]}, {"type": "service", "id": "1800116017_11", "location_id": "1800116017", "address": {"location_id": "1800116017", "lat": 42.27293176, "lon": -71.08723009}, "arr_time": 1676293000, "arr_date_time": "2023-02-13T07:56:40-05:00", "end_time": 1676293300, "end_date_time": "2023-02-13T08:01:40-05:00", "waiting_time": 0, "distance": 1044, "driving_time": 1000, "preparation_time": 0, "load_before": [0], "load_after": [0]}, {"type": "service", "id": "1800117000_12", "location_id": "1800117000", "address": {"location_id": "1800117000", "lat": 42.27269163, "lon": -71.08756729}, "arr_time": 1676293352, "arr_date_time": "2023-02-13T08:02:32-05:00", "end_time": 1676293652, "end_date_time": "2023-02-13T08:07:32-05:00", "waiting_time": 0, "distance": 1098, "driving_time": 1052, "preparation_time": 0, "load_before": [0], "load_after": [0]}, {"type": "service", "id": "1800116014_10", "location_id": "1800116014", "address": {"location_id": "1800116014", "lat": 42.27294786, "lon": -71.08768894}, "arr_time": 1676293659, "arr_date_time": "2023-02-13T08:07:39-05:00", "end_time": 1676293959, "end_date_time": "2023-02-13T08:12:39-05:00", "waiting_time": 0, "distance": 1105, "driving_time": 1059, "preparation_time": 0, "load_before": [0], "load_after": [0]}, {"type": "service", "id": "1800116011_09", "location_id": "1800116011", "address": {"location_id": "1800116011", "lat": 42.27340697, "lon": -71.08714877}, "arr_time": 1676294032, "arr_date_time": "2023-02-13T08:13:52-05:00", "end_time": 1676294332, "end_date_time": "2023-02-13T08:18:52-05:00", "waiting_time": 0, "distance": 1182, "driving_time": 1132, "preparation_time": 0, "load_before": [0], "load_after": [0]}, {"type": "service", "id": "1800117001_13", "location_id": "1800117001", "address": {"location_id": "1800117001", "lat": 42.2724752, "lon": -71.08742245}, "arr_time": 1676294425, "arr_date_time": "2023-02-13T08:20:25-05:00", "end_time": 1676294725, "end_date_time": "2023-02-13T08:25:25-05:00", "waiting_time": 0, "distance": 1279, "driving_time": 1225, "preparation_time": 0, "load_before": [0], "load_after": [0]}, {"type": "service", "id": "1800382015_52", "location_id": "1800382015", "address": {"location_id": "1800382015", "lat": 42.27233999, "lon": -71.08685648}, "arr_time": 1676294735, "arr_date_time": "2023-02-13T08:25:35-05:00", "end_time": 1676295035, "end_date_time": "2023-02-13T08:30:35-05:00", "waiting_time": 0, "distance": 1288, "driving_time": 1235, "preparation_time": 0, "load_before": [0], "load_after": [0]}, {"type": "service", "id": "1800117002_14", "location_id": "1800117002", "address": {"location_id": "1800117002", "lat": 42.27221891, "lon": -71.08747333}, "arr_time": 1676295053, "arr_date_time": "2023-02-13T08:30:53-05:00", "end_time": 1676295353, "end_date_time": "2023-02-13T08:35:53-05:00", "waiting_time": 0, "distance": 1308, "driving_time": 1253, "preparation_time": 0, "load_before": [0], "load_after": [0]}, {"type": "service", "id": "1800382013_51", "location_id": "1800382013", "address": {"location_id": "1800382013", "lat": 42.27207267, "lon": -71.08682184}, "arr_time": 1676295363, "arr_date_time": "2023-02-13T08:36:03-05:00", "end_time": 1676295663, "end_date_time": "2023-02-13T08:41:03-05:00", "waiting_time": 0, "distance": 1317, "driving_time": 1263, "preparation_time": 0, "load_before": [0], "load_after": [0]}, {"type": "service", "id": "1800117004_15", "location_id": "1800117004", "address": {"location_id": "1800117004", "lat": 42.27207322, "lon": -71.08750253}, "arr_time": 1676295671, "arr_date_time": "2023-02-13T08:41:11-05:00", "end_time": 1676295971, "end_date_time": "2023-02-13T08:46:11-05:00", "waiting_time": 0, "distance": 1326, "driving_time": 1271, "preparation_time": 0, "load_before": [0], "load_after": [0]}, {"type": "service", "id": "1800117006_16", "location_id": "1800117006", "address": {"location_id": "1800117006", "lat": 42.27193206, "lon": -71.08753342}, "arr_time": 1676295985, "arr_date_time": "2023-02-13T08:46:25-05:00", "end_time": 1676296285, "end_date_time": "2023-02-13T08:51:25-05:00", "waiting_time": 0, "distance": 1342, "driving_time": 1285, "preparation_time": 0, "load_before": [0], "load_after": [0]}]}], "unassigned": {"services": [], "shipments": [], "breaks": [], "details": []}}}