{"copyrights": ["GraphHopper", "OpenStreetMap contributors"], "job_id": "8a818b9a-9187-4194-8080-847663f172f0", "status": "finished", "waiting_time_in_queue": 0, "processing_time": 118, "solution": {"costs": 311, "distance": 2195, "time": 2101, "transport_time": 2101, "completion_time": 13801, "max_operation_time": 13801, "waiting_time": 0, "service_duration": 11700, "preparation_time": 0, "no_vehicles": 1, "no_unassigned": 0, "routes": [{"vehicle_id": "my_vehicle", "shift_id": "default-shift", "distance": 2195, "transport_time": 2101, "completion_time": 13801, "waiting_time": 0, "service_duration": 11700, "preparation_time": 0, "activities": [{"type": "start", "location_id": "1701552000", "address": {"location_id": "1701552000", "lat": 42.29085505, "lon": -71.07565555}, "arr_time": 1676278800, "arr_date_time": "2023-02-13T04:00:00-05:00", "end_time": 1676278800, "end_date_time": "2023-02-13T04:00:00-05:00", "waiting_time": 0, "distance": 0, "driving_time": 0, "preparation_time": 0, "load_after": [0]}, {"type": "service", "id": "1701519000_26", "location_id": "1701519000", "address": {"location_id": "1701519000", "lat": 42.29063907, "lon": -71.07524507}, "arr_time": 1676278824, "arr_date_time": "2023-02-13T04:00:24-05:00", "end_time": 1676279124, "end_date_time": "2023-02-13T04:05:24-05:00", "waiting_time": 0, "distance": 25, "driving_time": 24, "preparation_time": 0, "load_before": [0], "load_after": [0]}, {"type": "service", "id": "1701524000_27", "location_id": "1701524000", "address": {"location_id": "1701524000", "lat": 42.29075965, "lon": -71.07450174}, "arr_time": 1676279201, "arr_date_time": "2023-02-13T04:06:41-05:00", "end_time": 1676279501, "end_date_time": "2023-02-13T04:11:41-05:00", "waiting_time": 0, "distance": 106, "driving_time": 101, "preparation_time": 0, "load_before": [0], "load_after": [0]}, {"type": "service", "id": "1701415000_22", "location_id": "1701415000", "address": {"location_id": "1701415000", "lat": 42.29021653, "lon": -71.07330583}, "arr_time": 1676279635, "arr_date_time": "2023-02-13T04:13:55-05:00", "end_time": 1676279935, "end_date_time": "2023-02-13T04:18:55-05:00", "waiting_time": 0, "distance": 244, "driving_time": 235, "preparation_time": 0, "load_before": [0], "load_after": [0]}, {"type": "service", "id": "1701512000_23", "location_id": "1701512000", "address": {"location_id": "1701512000", "lat": 42.29048759, "lon": -71.0747302}, "arr_time": 1676280060, "arr_date_time": "2023-02-13T04:21:00-05:00", "end_time": 1676280360, "end_date_time": "2023-02-13T04:26:00-05:00", "waiting_time": 0, "distance": 374, "driving_time": 360, "preparation_time": 0, "load_before": [0], "load_after": [0]}, {"type": "service", "id": "1701513000_24", "location_id": "1701513000", "address": {"location_id": "1701513000", "lat": 42.29044523, "lon": -71.07490997}, "arr_time": 1676280375, "arr_date_time": "2023-02-13T04:26:15-05:00", "end_time": 1676280675, "end_date_time": "2023-02-13T04:31:15-05:00", "waiting_time": 0, "distance": 390, "driving_time": 375, "preparation_time": 0, "load_before": [0], "load_after": [0]}, {"type": "service", "id": "1701516000_25", "location_id": "1701516000", "address": {"location_id": "1701516000", "lat": 42.29031784, "lon": -71.0754456}, "arr_time": 1676280756, "arr_date_time": "2023-02-13T04:32:36-05:00", "end_time": 1676281056, "end_date_time": "2023-02-13T04:37:36-05:00", "waiting_time": 0, "distance": 475, "driving_time": 456, "preparation_time": 0, "load_before": [0], "load_after": [0]}, {"type": "service", "id": "1701399000_18", "location_id": "1701399000", "address": {"location_id": "1701399000", "lat": 42.28855331, "lon": -71.07482059}, "arr_time": 1676281375, "arr_date_time": "2023-02-13T04:42:55-05:00", "end_time": 1676281675, "end_date_time": "2023-02-13T04:47:55-05:00", "waiting_time": 0, "distance": 807, "driving_time": 775, "preparation_time": 0, "load_before": [0], "load_after": [0]}, {"type": "service", "id": "1701402000_19", "location_id": "1701402000", "address": {"location_id": "1701402000", "lat": 42.28827705, "lon": -71.07483466}, "arr_time": 1676281703, "arr_date_time": "2023-02-13T04:48:23-05:00", "end_time": 1676282003, "end_date_time": "2023-02-13T04:53:23-05:00", "waiting_time": 0, "distance": 837, "driving_time": 803, "preparation_time": 0, "load_before": [0], "load_after": [0]}, {"type": "service", "id": "1701363000_16", "location_id": "1701363000", "address": {"location_id": "1701363000", "lat": 42.28823182, "lon": -71.07429423}, "arr_time": 1676282016, "arr_date_time": "2023-02-13T04:53:36-05:00", "end_time": 1676282316, "end_date_time": "2023-02-13T04:58:36-05:00", "waiting_time": 0, "distance": 851, "driving_time": 816, "preparation_time": 0, "load_before": [0], "load_after": [0]}, {"type": "service", "id": "1701404000_20", "location_id": "1701404000", "address": {"location_id": "1701404000", "lat": 42.28801114, "lon": -71.07475663}, "arr_time": 1676282331, "arr_date_time": "2023-02-13T04:58:51-05:00", "end_time": 1676282631, "end_date_time": "2023-02-13T05:03:51-05:00", "waiting_time": 0, "distance": 867, "driving_time": 831, "preparation_time": 0, "load_before": [0], "load_after": [0]}, {"type": "service", "id": "1701407000_21", "location_id": "1701407000", "address": {"location_id": "1701407000", "lat": 42.28762453, "lon": -71.07464335}, "arr_time": 1676282673, "arr_date_time": "2023-02-13T05:04:33-05:00", "end_time": 1676282973, "end_date_time": "2023-02-13T05:09:33-05:00", "waiting_time": 0, "distance": 911, "driving_time": 873, "preparation_time": 0, "load_before": [0], "load_after": [0]}, {"type": "service", "id": "1701358000_15", "location_id": "1701358000", "address": {"location_id": "1701358000", "lat": 42.28755818, "lon": -71.07409951}, "arr_time": 1676282989, "arr_date_time": "2023-02-13T05:09:49-05:00", "end_time": 1676283289, "end_date_time": "2023-02-13T05:14:49-05:00", "waiting_time": 0, "distance": 928, "driving_time": 889, "preparation_time": 0, "load_before": [0], "load_after": [0]}, {"type": "service", "id": "1701723000_36", "location_id": "1701723000", "address": {"location_id": "1701723000", "lat": 42.28702188, "lon": -71.07377966}, "arr_time": 1676283365, "arr_date_time": "2023-02-13T05:16:05-05:00", "end_time": 1676283665, "end_date_time": "2023-02-13T05:21:05-05:00", "waiting_time": 0, "distance": 1007, "driving_time": 965, "preparation_time": 0, "load_before": [0], "load_after": [0]}, {"type": "service", "id": "1701728000_37", "location_id": "1701728000", "address": {"location_id": "1701728000", "lat": 42.28715, "lon": -71.07290517}, "arr_time": 1676283735, "arr_date_time": "2023-02-13T05:22:15-05:00", "end_time": 1676284035, "end_date_time": "2023-02-13T05:27:15-05:00", "waiting_time": 0, "distance": 1080, "driving_time": 1035, "preparation_time": 0, "load_before": [0], "load_after": [0]}, {"type": "service", "id": "1701326000_05", "location_id": "1701326000", "address": {"location_id": "1701326000", "lat": 42.287508, "lon": -71.07298703}, "arr_time": 1676284039, "arr_date_time": "2023-02-13T05:27:19-05:00", "end_time": 1676284339, "end_date_time": "2023-02-13T05:32:19-05:00", "waiting_time": 0, "distance": 1084, "driving_time": 1039, "preparation_time": 0, "load_before": [0], "load_after": [0]}, {"type": "service", "id": "1701729000_38", "location_id": "1701729000", "address": {"location_id": "1701729000", "lat": 42.28718537, "lon": -71.07273023}, "arr_time": 1676284349, "arr_date_time": "2023-02-13T05:32:29-05:00", "end_time": 1676284649, "end_date_time": "2023-02-13T05:37:29-05:00", "waiting_time": 0, "distance": 1095, "driving_time": 1049, "preparation_time": 0, "load_before": [0], "load_after": [0]}, {"type": "service", "id": "1701325000_04", "location_id": "1701325000", "address": {"location_id": "1701325000", "lat": 42.28753163, "lon": -71.07284716}, "arr_time": 1676284649, "arr_date_time": "2023-02-13T05:37:29-05:00", "end_time": 1676284949, "end_date_time": "2023-02-13T05:42:29-05:00", "waiting_time": 0, "distance": 1096, "driving_time": 1049, "preparation_time": 0, "load_before": [0], "load_after": [0]}, {"type": "service", "id": "1701328000_06", "location_id": "1701328000", "address": {"location_id": "1701328000", "lat": 42.28745779, "lon": -71.07328002}, "arr_time": 1676285017, "arr_date_time": "2023-02-13T05:43:37-05:00", "end_time": 1676285317, "end_date_time": "2023-02-13T05:48:37-05:00", "waiting_time": 0, "distance": 1166, "driving_time": 1117, "preparation_time": 0, "load_before": [0], "load_after": [0]}, {"type": "service", "id": "1701331000_07", "location_id": "1701331000", "address": {"location_id": "1701331000", "lat": 42.28784516, "lon": -71.07327531}, "arr_time": 1676285357, "arr_date_time": "2023-02-13T05:49:17-05:00", "end_time": 1676285657, "end_date_time": "2023-02-13T05:54:17-05:00", "waiting_time": 0, "distance": 1208, "driving_time": 1157, "preparation_time": 0, "load_before": [0], "load_after": [0]}, {"type": "service", "id": "1701334000_08", "location_id": "1701334000", "address": {"location_id": "1701334000", "lat": 42.28825254, "lon": -71.07337007}, "arr_time": 1676285701, "arr_date_time": "2023-02-13T05:55:01-05:00", "end_time": 1676286001, "end_date_time": "2023-02-13T06:00:01-05:00", "waiting_time": 0, "distance": 1254, "driving_time": 1201, "preparation_time": 0, "load_before": [0], "load_after": [0]}, {"type": "service", "id": "1701337000_09", "location_id": "1701337000", "address": {"location_id": "1701337000", "lat": 42.28854405, "lon": -71.07347361}, "arr_time": 1676286033, "arr_date_time": "2023-02-13T06:00:33-05:00", "end_time": 1676286333, "end_date_time": "2023-02-13T06:05:33-05:00", "waiting_time": 0, "distance": 1287, "driving_time": 1233, "preparation_time": 0, "load_before": [0], "load_after": [0]}, {"type": "service", "id": "1701338000_10", "location_id": "1701338000", "address": {"location_id": "1701338000", "lat": 42.28864657, "lon": -71.07350336}, "arr_time": 1676286344, "arr_date_time": "2023-02-13T06:05:44-05:00", "end_time": 1676286644, "end_date_time": "2023-02-13T06:10:44-05:00", "waiting_time": 0, "distance": 1299, "driving_time": 1244, "preparation_time": 0, "load_before": [0], "load_after": [0]}, {"type": "service", "id": "1701339000_11", "location_id": "1701339000", "address": {"location_id": "1701339000", "lat": 42.28878179, "lon": -71.0735427}, "arr_time": 1676286659, "arr_date_time": "2023-02-13T06:10:59-05:00", "end_time": 1676286959, "end_date_time": "2023-02-13T06:15:59-05:00", "waiting_time": 0, "distance": 1314, "driving_time": 1259, "preparation_time": 0, "load_before": [0], "load_after": [0]}, {"type": "service", "id": "1701370000_17", "location_id": "1701370000", "address": {"location_id": "1701370000", "lat": 42.28885871, "lon": -71.07400166}, "arr_time": 1676286975, "arr_date_time": "2023-02-13T06:16:15-05:00", "end_time": 1676287275, "end_date_time": "2023-02-13T06:21:15-05:00", "waiting_time": 0, "distance": 1331, "driving_time": 1275, "preparation_time": 0, "load_before": [0], "load_after": [0]}, {"type": "service", "id": "1701302000_03", "location_id": "1701302000", "address": {"location_id": "1701302000", "lat": 42.28890075, "lon": -71.07266724}, "arr_time": 1676287408, "arr_date_time": "2023-02-13T06:23:28-05:00", "end_time": 1676287708, "end_date_time": "2023-02-13T06:28:28-05:00", "waiting_time": 0, "distance": 1470, "driving_time": 1408, "preparation_time": 0, "load_before": [0], "load_after": [0]}, {"type": "service", "id": "1701346000_12", "location_id": "1701346000", "address": {"location_id": "1701346000", "lat": 42.288576, "lon": -71.07310348}, "arr_time": 1676287735, "arr_date_time": "2023-02-13T06:28:55-05:00", "end_time": 1676288035, "end_date_time": "2023-02-13T06:33:55-05:00", "waiting_time": 0, "distance": 1498, "driving_time": 1435, "preparation_time": 0, "load_before": [0], "load_after": [0]}, {"type": "service", "id": "1701348000_13", "location_id": "1701348000", "address": {"location_id": "1701348000", "lat": 42.2883089, "lon": -71.07300678}, "arr_time": 1676288064, "arr_date_time": "2023-02-13T06:34:24-05:00", "end_time": 1676288364, "end_date_time": "2023-02-13T06:39:24-05:00", "waiting_time": 0, "distance": 1529, "driving_time": 1464, "preparation_time": 0, "load_before": [0], "load_after": [0]}, {"type": "service", "id": "1701296000_02", "location_id": "1701296000", "address": {"location_id": "1701296000", "lat": 42.28858014, "lon": -71.07227583}, "arr_time": 1676288420, "arr_date_time": "2023-02-13T06:40:20-05:00", "end_time": 1676288720, "end_date_time": "2023-02-13T06:45:20-05:00", "waiting_time": 0, "distance": 1587, "driving_time": 1520, "preparation_time": 0, "load_before": [0], "load_after": [0]}, {"type": "service", "id": "1701292000_01", "location_id": "1701292000", "address": {"location_id": "1701292000", "lat": 42.28876235, "lon": -71.07172766}, "arr_time": 1676288767, "arr_date_time": "2023-02-13T06:46:07-05:00", "end_time": 1676289067, "end_date_time": "2023-02-13T06:51:07-05:00", "waiting_time": 0, "distance": 1636, "driving_time": 1567, "preparation_time": 0, "load_before": [0], "load_after": [0]}, {"type": "service", "id": "1701351000_14", "location_id": "1701351000", "address": {"location_id": "1701351000", "lat": 42.287907, "lon": -71.07291379}, "arr_time": 1676289195, "arr_date_time": "2023-02-13T06:53:15-05:00", "end_time": 1676289495, "end_date_time": "2023-02-13T06:58:15-05:00", "waiting_time": 0, "distance": 1770, "driving_time": 1695, "preparation_time": 0, "load_before": [0], "load_after": [0]}, {"type": "service", "id": "1701678000_35", "location_id": "1701678000", "address": {"location_id": "1701678000", "lat": 42.28742015, "lon": -71.07181845}, "arr_time": 1676289603, "arr_date_time": "2023-02-13T07:00:03-05:00", "end_time": 1676289903, "end_date_time": "2023-02-13T07:05:03-05:00", "waiting_time": 0, "distance": 1882, "driving_time": 1803, "preparation_time": 0, "load_before": [0], "load_after": [0]}, {"type": "service", "id": "1701731000_39", "location_id": "1701731000", "address": {"location_id": "1701731000", "lat": 42.28725133, "lon": -71.07231637}, "arr_time": 1676289951, "arr_date_time": "2023-02-13T07:05:51-05:00", "end_time": 1676290251, "end_date_time": "2023-02-13T07:10:51-05:00", "waiting_time": 0, "distance": 1932, "driving_time": 1851, "preparation_time": 0, "load_before": [0], "load_after": [0]}, {"type": "service", "id": "1701676000_34", "location_id": "1701676000", "address": {"location_id": "1701676000", "lat": 42.28722925, "lon": -71.07189924}, "arr_time": 1676290253, "arr_date_time": "2023-02-13T07:10:53-05:00", "end_time": 1676290553, "end_date_time": "2023-02-13T07:15:53-05:00", "waiting_time": 0, "distance": 1935, "driving_time": 1853, "preparation_time": 0, "load_before": [0], "load_after": [0]}, {"type": "service", "id": "1701671000_33", "location_id": "1701671000", "address": {"location_id": "1701671000", "lat": 42.28665025, "lon": -71.07164673}, "arr_time": 1676290672, "arr_date_time": "2023-02-13T07:17:52-05:00", "end_time": 1676290972, "end_date_time": "2023-02-13T07:22:52-05:00", "waiting_time": 0, "distance": 2059, "driving_time": 1972, "preparation_time": 0, "load_before": [0], "load_after": [0]}, {"type": "service", "id": "1701670000_32", "location_id": "1701670000", "address": {"location_id": "1701670000", "lat": 42.28656532, "lon": -71.07143685}, "arr_time": 1676290988, "arr_date_time": "2023-02-13T07:23:08-05:00", "end_time": 1676291288, "end_date_time": "2023-02-13T07:28:08-05:00", "waiting_time": 0, "distance": 2076, "driving_time": 1988, "preparation_time": 0, "load_before": [0], "load_after": [0]}, {"type": "service", "id": "1701669000_31", "location_id": "1701669000", "address": {"location_id": "1701669000", "lat": 42.28665526, "lon": -71.07144143}, "arr_time": 1676291331, "arr_date_time": "2023-02-13T07:28:51-05:00", "end_time": 1676291631, "end_date_time": "2023-02-13T07:33:51-05:00", "waiting_time": 0, "distance": 2121, "driving_time": 2031, "preparation_time": 0, "load_before": [0], "load_after": [0]}, {"type": "service", "id": "1701668000_30", "location_id": "1701668000", "address": {"location_id": "1701668000", "lat": 42.28673908, "lon": -71.07144521}, "arr_time": 1676291640, "arr_date_time": "2023-02-13T07:34:00-05:00", "end_time": 1676291940, "end_date_time": "2023-02-13T07:39:00-05:00", "waiting_time": 0, "distance": 2130, "driving_time": 2040, "preparation_time": 0, "load_before": [0], "load_after": [0]}, {"type": "service", "id": "1701662000_29", "location_id": "1701662000", "address": {"location_id": "1701662000", "lat": 42.2871777, "lon": -71.0715272}, "arr_time": 1676291987, "arr_date_time": "2023-02-13T07:39:47-05:00", "end_time": 1676292287, "end_date_time": "2023-02-13T07:44:47-05:00", "waiting_time": 0, "distance": 2179, "driving_time": 2087, "preparation_time": 0, "load_before": [0], "load_after": [0]}, {"type": "service", "id": "1701660000_28", "location_id": "1701660000", "address": {"location_id": "1701660000", "lat": 42.28733198, "lon": -71.07153375}, "arr_time": 1676292301, "arr_date_time": "2023-02-13T07:45:01-05:00", "end_time": 1676292601, "end_date_time": "2023-02-13T07:50:01-05:00", "waiting_time": 0, "distance": 2195, "driving_time": 2101, "preparation_time": 0, "load_before": [0], "load_after": [0]}]}], "unassigned": {"services": [], "shipments": [], "breaks": [], "details": []}}}