{"copyrights": ["GraphHopper", "OpenStreetMap contributors"], "job_id": "0d203c03-e090-4c5f-8ab6-d68688e65810", "status": "finished", "waiting_time_in_queue": 0, "processing_time": 129, "solution": {"costs": 330, "distance": 2096, "time": 2015, "transport_time": 2015, "completion_time": 16115, "max_operation_time": 16115, "waiting_time": 0, "service_duration": 14100, "preparation_time": 0, "no_vehicles": 1, "no_unassigned": 0, "routes": [{"vehicle_id": "my_vehicle", "shift_id": "default-shift", "distance": 2096, "transport_time": 2015, "completion_time": 16115, "waiting_time": 0, "service_duration": 14100, "preparation_time": 0, "activities": [{"type": "start", "location_id": "1200628000", "address": {"location_id": "1200628000", "lat": 42.32330951, "lon": -71.08546762}, "arr_time": 1676278800, "arr_date_time": "2023-02-13T04:00:00-05:00", "end_time": 1676278800, "end_date_time": "2023-02-13T04:00:00-05:00", "waiting_time": 0, "distance": 0, "driving_time": 0, "preparation_time": 0, "load_after": [0]}, {"type": "service", "id": "1200629000_03", "location_id": "1200629000", "address": {"location_id": "1200629000", "lat": 42.32329294, "lon": -71.08527476}, "arr_time": 1676278800, "arr_date_time": "2023-02-13T04:00:00-05:00", "end_time": 1676279100, "end_date_time": "2023-02-13T04:05:00-05:00", "waiting_time": 0, "distance": 0, "driving_time": 0, "preparation_time": 0, "load_before": [0], "load_after": [0]}, {"type": "service", "id": "1200591000_01", "location_id": "1200591000", "address": {"location_id": "1200591000", "lat": 42.32291859, "lon": -71.08506752}, "arr_time": 1676279123, "arr_date_time": "2023-02-13T04:05:23-05:00", "end_time": 1676279423, "end_date_time": "2023-02-13T04:10:23-05:00", "waiting_time": 0, "distance": 24, "driving_time": 23, "preparation_time": 0, "load_before": [0], "load_after": [0]}, {"type": "service", "id": "1200597000_02", "location_id": "1200597000", "address": {"location_id": "1200597000", "lat": 42.32281834, "lon": -71.08540836}, "arr_time": 1676279559, "arr_date_time": "2023-02-13T04:12:39-05:00", "end_time": 1676279859, "end_date_time": "2023-02-13T04:17:39-05:00", "waiting_time": 0, "distance": 166, "driving_time": 159, "preparation_time": 0, "load_before": [0], "load_after": [0]}, {"type": "service", "id": "1200709000_12", "location_id": "1200709000", "address": {"location_id": "1200709000", "lat": 42.32170209, "lon": -71.08507672}, "arr_time": 1676280005, "arr_date_time": "2023-02-13T04:20:05-05:00", "end_time": 1676280305, "end_date_time": "2023-02-13T04:25:05-05:00", "waiting_time": 0, "distance": 318, "driving_time": 305, "preparation_time": 0, "load_before": [0], "load_after": [0]}, {"type": "service", "id": "1200716000_16", "location_id": "1200716000", "address": {"location_id": "1200716000", "lat": 42.32183117, "lon": -71.0846729}, "arr_time": 1676280327, "arr_date_time": "2023-02-13T04:25:27-05:00", "end_time": 1676280627, "end_date_time": "2023-02-13T04:30:27-05:00", "waiting_time": 0, "distance": 340, "driving_time": 327, "preparation_time": 0, "load_before": [0], "load_after": [0]}, {"type": "service", "id": "1200714000_15", "location_id": "1200714000", "address": {"location_id": "1200714000", "lat": 42.32175755, "lon": -71.08437582}, "arr_time": 1676280651, "arr_date_time": "2023-02-13T04:30:51-05:00", "end_time": 1676280951, "end_date_time": "2023-02-13T04:35:51-05:00", "waiting_time": 0, "distance": 365, "driving_time": 351, "preparation_time": 0, "load_before": [0], "load_after": [0]}, {"type": "service", "id": "1200713000_14", "location_id": "1200713000", "address": {"location_id": "1200713000", "lat": 42.32143601, "lon": -71.0845902}, "arr_time": 1676280953, "arr_date_time": "2023-02-13T04:35:53-05:00", "end_time": 1676281253, "end_date_time": "2023-02-13T04:40:53-05:00", "waiting_time": 0, "distance": 367, "driving_time": 353, "preparation_time": 0, "load_before": [0], "load_after": [0]}, {"type": "service", "id": "1200674000_08", "location_id": "1200674000", "address": {"location_id": "1200674000", "lat": 42.32171363, "lon": -71.08569987}, "arr_time": 1676281372, "arr_date_time": "2023-02-13T04:42:52-05:00", "end_time": 1676281672, "end_date_time": "2023-02-13T04:47:52-05:00", "waiting_time": 0, "distance": 490, "driving_time": 472, "preparation_time": 0, "load_before": [0], "load_after": [0]}, {"type": "service", "id": "1200670000_04", "location_id": "1200670000", "address": {"location_id": "1200670000", "lat": 42.3218297, "lon": -71.08561072}, "arr_time": 1676281672, "arr_date_time": "2023-02-13T04:47:52-05:00", "end_time": 1676281972, "end_date_time": "2023-02-13T04:52:52-05:00", "waiting_time": 0, "distance": 490, "driving_time": 472, "preparation_time": 0, "load_before": [0], "load_after": [0]}, {"type": "service", "id": "1200672000_06", "location_id": "1200672000", "address": {"location_id": "1200672000", "lat": 42.32198492, "lon": -71.08589481}, "arr_time": 1676282000, "arr_date_time": "2023-02-13T04:53:20-05:00", "end_time": 1676282300, "end_date_time": "2023-02-13T04:58:20-05:00", "waiting_time": 0, "distance": 519, "driving_time": 500, "preparation_time": 0, "load_before": [0], "load_after": [0]}, {"type": "service", "id": "1200678000_10", "location_id": "1200678000", "address": {"location_id": "1200678000", "lat": 42.32172734, "lon": -71.08609427}, "arr_time": 1676282301, "arr_date_time": "2023-02-13T04:58:21-05:00", "end_time": 1676282601, "end_date_time": "2023-02-13T05:03:21-05:00", "waiting_time": 0, "distance": 520, "driving_time": 501, "preparation_time": 0, "load_before": [0], "load_after": [0]}, {"type": "service", "id": "1200673000_07", "location_id": "1200673000", "address": {"location_id": "1200673000", "lat": 42.32203483, "lon": -71.0860282}, "arr_time": 1676282612, "arr_date_time": "2023-02-13T05:03:32-05:00", "end_time": 1676282912, "end_date_time": "2023-02-13T05:08:32-05:00", "waiting_time": 0, "distance": 531, "driving_time": 512, "preparation_time": 0, "load_before": [0], "load_after": [0]}, {"type": "service", "id": "1200671000_05", "location_id": "1200671000", "address": {"location_id": "1200671000", "lat": 42.32195763, "lon": -71.08576436}, "arr_time": 1676282935, "arr_date_time": "2023-02-13T05:08:55-05:00", "end_time": 1676283235, "end_date_time": "2023-02-13T05:13:55-05:00", "waiting_time": 0, "distance": 554, "driving_time": 535, "preparation_time": 0, "load_before": [0], "load_after": [0]}, {"type": "service", "id": "1200710000_13", "location_id": "1200710000", "address": {"location_id": "1200710000", "lat": 42.32154991, "lon": -71.0849127}, "arr_time": 1676283311, "arr_date_time": "2023-02-13T05:15:11-05:00", "end_time": 1676283611, "end_date_time": "2023-02-13T05:20:11-05:00", "waiting_time": 0, "distance": 634, "driving_time": 611, "preparation_time": 0, "load_before": [0], "load_after": [0]}, {"type": "service", "id": "1200677000_09", "location_id": "1200677000", "address": {"location_id": "1200677000", "lat": 42.32166985, "lon": -71.08599065}, "arr_time": 1676283724, "arr_date_time": "2023-02-13T05:22:04-05:00", "end_time": 1676284024, "end_date_time": "2023-02-13T05:27:04-05:00", "waiting_time": 0, "distance": 753, "driving_time": 724, "preparation_time": 0, "load_before": [0], "load_after": [0]}, {"type": "service", "id": "1201584000_40", "location_id": "1201584000", "address": {"location_id": "1201584000", "lat": 42.32084151, "lon": -71.0849476}, "arr_time": 1676284139, "arr_date_time": "2023-02-13T05:28:59-05:00", "end_time": 1676284439, "end_date_time": "2023-02-13T05:33:59-05:00", "waiting_time": 0, "distance": 872, "driving_time": 839, "preparation_time": 0, "load_before": [0], "load_after": [0]}, {"type": "service", "id": "1200702000_11", "location_id": "1200702000", "address": {"location_id": "1200702000", "lat": 42.32105621, "lon": -71.08456292}, "arr_time": 1676284455, "arr_date_time": "2023-02-13T05:34:15-05:00", "end_time": 1676284755, "end_date_time": "2023-02-13T05:39:15-05:00", "waiting_time": 0, "distance": 888, "driving_time": 855, "preparation_time": 0, "load_before": [0], "load_after": [0]}, {"type": "service", "id": "1200758000_25", "location_id": "1200758000", "address": {"location_id": "1200758000", "lat": 42.32096607, "lon": -71.08334979}, "arr_time": 1676284872, "arr_date_time": "2023-02-13T05:41:12-05:00", "end_time": 1676285172, "end_date_time": "2023-02-13T05:46:12-05:00", "waiting_time": 0, "distance": 1010, "driving_time": 972, "preparation_time": 0, "load_before": [0], "load_after": [0]}, {"type": "service", "id": "1200759000_26", "location_id": "1200759000", "address": {"location_id": "1200759000", "lat": 42.3210371, "lon": -71.08334407}, "arr_time": 1676285180, "arr_date_time": "2023-02-13T05:46:20-05:00", "end_time": 1676285480, "end_date_time": "2023-02-13T05:51:20-05:00", "waiting_time": 0, "distance": 1018, "driving_time": 980, "preparation_time": 0, "load_before": [0], "load_after": [0]}, {"type": "service", "id": "1200760000_27", "location_id": "1200760000", "address": {"location_id": "1200760000", "lat": 42.32111116, "lon": -71.08333776}, "arr_time": 1676285488, "arr_date_time": "2023-02-13T05:51:28-05:00", "end_time": 1676285788, "end_date_time": "2023-02-13T05:56:28-05:00", "waiting_time": 0, "distance": 1026, "driving_time": 988, "preparation_time": 0, "load_before": [0], "load_after": [0]}, {"type": "service", "id": "1200729000_19", "location_id": "1200729000", "address": {"location_id": "1200729000", "lat": 42.32129831, "lon": -71.08360887}, "arr_time": 1676285803, "arr_date_time": "2023-02-13T05:56:43-05:00", "end_time": 1676286103, "end_date_time": "2023-02-13T06:01:43-05:00", "waiting_time": 0, "distance": 1041, "driving_time": 1003, "preparation_time": 0, "load_before": [0], "load_after": [0]}, {"type": "service", "id": "1200763000_28", "location_id": "1200763000", "address": {"location_id": "1200763000", "lat": 42.32131319, "lon": -71.08328983}, "arr_time": 1676286111, "arr_date_time": "2023-02-13T06:01:51-05:00", "end_time": 1676286411, "end_date_time": "2023-02-13T06:06:51-05:00", "waiting_time": 0, "distance": 1049, "driving_time": 1011, "preparation_time": 0, "load_before": [0], "load_after": [0]}, {"type": "service", "id": "1200728000_18", "location_id": "1200728000", "address": {"location_id": "1200728000", "lat": 42.32138803, "lon": -71.08355619}, "arr_time": 1676286413, "arr_date_time": "2023-02-13T06:06:53-05:00", "end_time": 1676286713, "end_date_time": "2023-02-13T06:11:53-05:00", "waiting_time": 0, "distance": 1052, "driving_time": 1013, "preparation_time": 0, "load_before": [0], "load_after": [0]}, {"type": "service", "id": "1200764000_29", "location_id": "1200764000", "address": {"location_id": "1200764000", "lat": 42.32138625, "lon": -71.08326498}, "arr_time": 1676286719, "arr_date_time": "2023-02-13T06:11:59-05:00", "end_time": 1676287019, "end_date_time": "2023-02-13T06:16:59-05:00", "waiting_time": 0, "distance": 1058, "driving_time": 1019, "preparation_time": 0, "load_before": [0], "load_after": [0]}, {"type": "service", "id": "1200765000_30", "location_id": "1200765000", "address": {"location_id": "1200765000", "lat": 42.32145118, "lon": -71.08324248}, "arr_time": 1676287025, "arr_date_time": "2023-02-13T06:17:05-05:00", "end_time": 1676287325, "end_date_time": "2023-02-13T06:22:05-05:00", "waiting_time": 0, "distance": 1065, "driving_time": 1025, "preparation_time": 0, "load_before": [0], "load_after": [0]}, {"type": "service", "id": "1200725000_17", "location_id": "1200725000", "address": {"location_id": "1200725000", "lat": 42.32176638, "lon": -71.08347078}, "arr_time": 1676287353, "arr_date_time": "2023-02-13T06:22:33-05:00", "end_time": 1676287653, "end_date_time": "2023-02-13T06:27:33-05:00", "waiting_time": 0, "distance": 1094, "driving_time": 1053, "preparation_time": 0, "load_before": [0], "load_after": [0]}, {"type": "service", "id": "1200744000_20", "location_id": "1200744000", "address": {"location_id": "1200744000", "lat": 42.32166907, "lon": -71.08377459}, "arr_time": 1676287751, "arr_date_time": "2023-02-13T06:29:11-05:00", "end_time": 1676288051, "end_date_time": "2023-02-13T06:34:11-05:00", "waiting_time": 0, "distance": 1195, "driving_time": 1151, "preparation_time": 0, "load_before": [0], "load_after": [0]}, {"type": "service", "id": "1200750000_21", "location_id": "1200750000", "address": {"location_id": "1200750000", "lat": 42.32125921, "lon": -71.08307806}, "arr_time": 1676288224, "arr_date_time": "2023-02-13T06:37:04-05:00", "end_time": 1676288524, "end_date_time": "2023-02-13T06:42:04-05:00", "waiting_time": 0, "distance": 1376, "driving_time": 1324, "preparation_time": 0, "load_before": [0], "load_after": [0]}, {"type": "service", "id": "1200753000_22", "location_id": "1200753000", "address": {"location_id": "1200753000", "lat": 42.32094417, "lon": -71.08305312}, "arr_time": 1676288555, "arr_date_time": "2023-02-13T06:42:35-05:00", "end_time": 1676288855, "end_date_time": "2023-02-13T06:47:35-05:00", "waiting_time": 0, "distance": 1408, "driving_time": 1355, "preparation_time": 0, "load_before": [0], "load_after": [0]}, {"type": "service", "id": "1200754000_23", "location_id": "1200754000", "address": {"location_id": "1200754000", "lat": 42.3208291, "lon": -71.0829652}, "arr_time": 1676288868, "arr_date_time": "2023-02-13T06:47:48-05:00", "end_time": 1676289168, "end_date_time": "2023-02-13T06:52:48-05:00", "waiting_time": 0, "distance": 1422, "driving_time": 1368, "preparation_time": 0, "load_before": [0], "load_after": [0]}, {"type": "service", "id": "1200755000_24", "location_id": "1200755000", "address": {"location_id": "1200755000", "lat": 42.32077942, "lon": -71.08308526}, "arr_time": 1676289209, "arr_date_time": "2023-02-13T06:53:29-05:00", "end_time": 1676289509, "end_date_time": "2023-02-13T06:58:29-05:00", "waiting_time": 0, "distance": 1465, "driving_time": 1409, "preparation_time": 0, "load_before": [0], "load_after": [0]}, {"type": "service", "id": "1201167000_39", "location_id": "1201167000", "address": {"location_id": "1201167000", "lat": 42.32054465, "lon": -71.08392962}, "arr_time": 1676289573, "arr_date_time": "2023-02-13T06:59:33-05:00", "end_time": 1676289873, "end_date_time": "2023-02-13T07:04:33-05:00", "waiting_time": 0, "distance": 1532, "driving_time": 1473, "preparation_time": 0, "load_before": [0], "load_after": [0]}, {"type": "service", "id": "1201163000_38", "location_id": "1201163000", "address": {"location_id": "1201163000", "lat": 42.32070743, "lon": -71.08447641}, "arr_time": 1676289917, "arr_date_time": "2023-02-13T07:05:17-05:00", "end_time": 1676290217, "end_date_time": "2023-02-13T07:10:17-05:00", "waiting_time": 0, "distance": 1578, "driving_time": 1517, "preparation_time": 0, "load_before": [0], "load_after": [0]}, {"type": "service", "id": "1201585000_41", "location_id": "1201585000", "address": {"location_id": "1201585000", "lat": 42.32080234, "lon": -71.08479203}, "arr_time": 1676290244, "arr_date_time": "2023-02-13T07:10:44-05:00", "end_time": 1676290544, "end_date_time": "2023-02-13T07:15:44-05:00", "waiting_time": 0, "distance": 1605, "driving_time": 1544, "preparation_time": 0, "load_before": [0], "load_after": [0]}, {"type": "service", "id": "1201161000_37", "location_id": "1201161000", "address": {"location_id": "1201161000", "lat": 42.32048296, "lon": -71.08458987}, "arr_time": 1676290565, "arr_date_time": "2023-02-13T07:16:05-05:00", "end_time": 1676290865, "end_date_time": "2023-02-13T07:21:05-05:00", "waiting_time": 0, "distance": 1628, "driving_time": 1565, "preparation_time": 0, "load_before": [0], "load_after": [0]}, {"type": "service", "id": "1201160000_36", "location_id": "1201160000", "address": {"location_id": "1201160000", "lat": 42.32040214, "lon": -71.08464082}, "arr_time": 1676290875, "arr_date_time": "2023-02-13T07:21:15-05:00", "end_time": 1676291175, "end_date_time": "2023-02-13T07:26:15-05:00", "waiting_time": 0, "distance": 1638, "driving_time": 1575, "preparation_time": 0, "load_before": [0], "load_after": [0]}, {"type": "service", "id": "1201587000_42", "location_id": "1201587000", "address": {"location_id": "1201587000", "lat": 42.32057983, "lon": -71.08508169}, "arr_time": 1676291176, "arr_date_time": "2023-02-13T07:26:16-05:00", "end_time": 1676291476, "end_date_time": "2023-02-13T07:31:16-05:00", "waiting_time": 0, "distance": 1639, "driving_time": 1576, "preparation_time": 0, "load_before": [0], "load_after": [0]}, {"type": "service", "id": "1201599000_44", "location_id": "1201599000", "address": {"location_id": "1201599000", "lat": 42.32000784, "lon": -71.08503082}, "arr_time": 1676291525, "arr_date_time": "2023-02-13T07:32:05-05:00", "end_time": 1676291825, "end_date_time": "2023-02-13T07:37:05-05:00", "waiting_time": 0, "distance": 1691, "driving_time": 1625, "preparation_time": 0, "load_before": [0], "load_after": [0]}, {"type": "service", "id": "1201593000_43", "location_id": "1201593000", "address": {"location_id": "1201593000", "lat": 42.32005482, "lon": -71.08554141}, "arr_time": 1676291845, "arr_date_time": "2023-02-13T07:37:25-05:00", "end_time": 1676292145, "end_date_time": "2023-02-13T07:42:25-05:00", "waiting_time": 0, "distance": 1711, "driving_time": 1645, "preparation_time": 0, "load_before": [0], "load_after": [0]}, {"type": "service", "id": "1201158000_35", "location_id": "1201158000", "address": {"location_id": "1201158000", "lat": 42.32033087, "lon": -71.08441953}, "arr_time": 1676292233, "arr_date_time": "2023-02-13T07:43:53-05:00", "end_time": 1676292533, "end_date_time": "2023-02-13T07:48:53-05:00", "waiting_time": 0, "distance": 1802, "driving_time": 1733, "preparation_time": 0, "load_before": [0], "load_after": [0]}, {"type": "service", "id": "1201157000_34", "location_id": "1201157000", "address": {"location_id": "1201157000", "lat": 42.32032014, "lon": -71.08427984}, "arr_time": 1676292544, "arr_date_time": "2023-02-13T07:49:04-05:00", "end_time": 1676292844, "end_date_time": "2023-02-13T07:54:04-05:00", "waiting_time": 0, "distance": 1813, "driving_time": 1744, "preparation_time": 0, "load_before": [0], "load_after": [0]}, {"type": "service", "id": "1201156000_33", "location_id": "1201156000", "address": {"location_id": "1201156000", "lat": 42.32028962, "lon": -71.08415875}, "arr_time": 1676292855, "arr_date_time": "2023-02-13T07:54:15-05:00", "end_time": 1676293155, "end_date_time": "2023-02-13T07:59:15-05:00", "waiting_time": 0, "distance": 1824, "driving_time": 1755, "preparation_time": 0, "load_before": [0], "load_after": [0]}, {"type": "service", "id": "1201605000_45", "location_id": "1201605000", "address": {"location_id": "1201605000", "lat": 42.31987449, "lon": -71.08414657}, "arr_time": 1676293171, "arr_date_time": "2023-02-13T07:59:31-05:00", "end_time": 1676293471, "end_date_time": "2023-02-13T08:04:31-05:00", "waiting_time": 0, "distance": 1841, "driving_time": 1771, "preparation_time": 0, "load_before": [0], "load_after": [0]}, {"type": "service", "id": "1201152000_32", "location_id": "1201152000", "address": {"location_id": "1201152000", "lat": 42.32016863, "lon": -71.08368758}, "arr_time": 1676293493, "arr_date_time": "2023-02-13T08:04:53-05:00", "end_time": 1676293793, "end_date_time": "2023-02-13T08:09:53-05:00", "waiting_time": 0, "distance": 1865, "driving_time": 1793, "preparation_time": 0, "load_before": [0], "load_after": [0]}, {"type": "service", "id": "1201148000_31", "location_id": "1201148000", "address": {"location_id": "1201148000", "lat": 42.32007191, "lon": -71.08331151}, "arr_time": 1676293825, "arr_date_time": "2023-02-13T08:10:25-05:00", "end_time": 1676294125, "end_date_time": "2023-02-13T08:15:25-05:00", "waiting_time": 0, "distance": 1898, "driving_time": 1825, "preparation_time": 0, "load_before": [0], "load_after": [0]}, {"type": "service", "id": "1201605005_46", "location_id": "1201605005", "address": {"location_id": "1201605005", "lat": 42.31985197, "lon": -71.08406042}, "arr_time": 1676294315, "arr_date_time": "2023-02-13T08:18:35-05:00", "end_time": 1676294615, "end_date_time": "2023-02-13T08:23:35-05:00", "waiting_time": 0, "distance": 2096, "driving_time": 2015, "preparation_time": 0, "load_before": [0], "load_after": [0]}, {"type": "service", "id": "1201607000_47", "location_id": "1201607000", "address": {"location_id": "1201607000", "lat": 42.31980609, "lon": -71.08388796}, "arr_time": 1676294615, "arr_date_time": "2023-02-13T08:23:35-05:00", "end_time": 1676294915, "end_date_time": "2023-02-13T08:28:35-05:00", "waiting_time": 0, "distance": 2096, "driving_time": 2015, "preparation_time": 0, "load_before": [0], "load_after": [0]}]}], "unassigned": {"services": [], "shipments": [], "breaks": [], "details": []}}}