{"copyrights": ["GraphHopper", "OpenStreetMap contributors"], "job_id": "3b94f322-c61b-4e64-a486-f1aab310f39e", "status": "finished", "waiting_time_in_queue": 0, "processing_time": 138, "solution": {"costs": 334, "distance": 4441, "time": 4267, "transport_time": 4267, "completion_time": 16567, "max_operation_time": 16567, "waiting_time": 0, "service_duration": 12300, "preparation_time": 0, "no_vehicles": 1, "no_unassigned": 0, "routes": [{"vehicle_id": "my_vehicle", "shift_id": "default-shift", "distance": 4441, "transport_time": 4267, "completion_time": 16567, "waiting_time": 0, "service_duration": 12300, "preparation_time": 0, "activities": [{"type": "start", "location_id": "1402746000", "address": {"location_id": "1402746000", "lat": 42.29981984, "lon": -71.08440669}, "arr_time": 1676278800, "arr_date_time": "2023-02-13T04:00:00-05:00", "end_time": 1676278800, "end_date_time": "2023-02-13T04:00:00-05:00", "waiting_time": 0, "distance": 0, "driving_time": 0, "preparation_time": 0, "load_after": [0]}, {"type": "service", "id": "1402749000_25", "location_id": "1402749000", "address": {"location_id": "1402749000", "lat": 42.29957673, "lon": -71.08411804}, "arr_time": 1676278835, "arr_date_time": "2023-02-13T04:00:35-05:00", "end_time": 1676279135, "end_date_time": "2023-02-13T04:05:35-05:00", "waiting_time": 0, "distance": 36, "driving_time": 35, "preparation_time": 0, "load_before": [0], "load_after": [0]}, {"type": "service", "id": "1402714000_24", "location_id": "1402714000", "address": {"location_id": "1402714000", "lat": 42.29882589, "lon": -71.08323331}, "arr_time": 1676279249, "arr_date_time": "2023-02-13T04:07:29-05:00", "end_time": 1676279549, "end_date_time": "2023-02-13T04:12:29-05:00", "waiting_time": 0, "distance": 155, "driving_time": 149, "preparation_time": 0, "load_before": [0], "load_after": [0]}, {"type": "service", "id": "1402635000_09", "location_id": "1402635000", "address": {"location_id": "1402635000", "lat": 42.29820089, "lon": -71.08181551}, "arr_time": 1676279695, "arr_date_time": "2023-02-13T04:14:55-05:00", "end_time": 1676279995, "end_date_time": "2023-02-13T04:19:55-05:00", "waiting_time": 0, "distance": 307, "driving_time": 295, "preparation_time": 0, "load_before": [0], "load_after": [0]}, {"type": "service", "id": "1402679000_16", "location_id": "1402679000", "address": {"location_id": "1402679000", "lat": 42.29796342, "lon": -71.08226645}, "arr_time": 1676280009, "arr_date_time": "2023-02-13T04:20:09-05:00", "end_time": 1676280309, "end_date_time": "2023-02-13T04:25:09-05:00", "waiting_time": 0, "distance": 322, "driving_time": 309, "preparation_time": 0, "load_before": [0], "load_after": [0]}, {"type": "service", "id": "1402680000_17", "location_id": "1402680000", "address": {"location_id": "1402680000", "lat": 42.29782813, "lon": -71.08221429}, "arr_time": 1676280324, "arr_date_time": "2023-02-13T04:25:24-05:00", "end_time": 1676280624, "end_date_time": "2023-02-13T04:30:24-05:00", "waiting_time": 0, "distance": 338, "driving_time": 324, "preparation_time": 0, "load_before": [0], "load_after": [0]}, {"type": "service", "id": "1402632000_08", "location_id": "1402632000", "address": {"location_id": "1402632000", "lat": 42.29781209, "lon": -71.0816638}, "arr_time": 1676280637, "arr_date_time": "2023-02-13T04:30:37-05:00", "end_time": 1676280937, "end_date_time": "2023-02-13T04:35:37-05:00", "waiting_time": 0, "distance": 352, "driving_time": 337, "preparation_time": 0, "load_before": [0], "load_after": [0]}, {"type": "service", "id": "1402682000_18", "location_id": "1402682000", "address": {"location_id": "1402682000", "lat": 42.29754424, "lon": -71.08210109}, "arr_time": 1676280955, "arr_date_time": "2023-02-13T04:35:55-05:00", "end_time": 1676281255, "end_date_time": "2023-02-13T04:40:55-05:00", "waiting_time": 0, "distance": 370, "driving_time": 355, "preparation_time": 0, "load_before": [0], "load_after": [0]}, {"type": "service", "id": "1402630000_07", "location_id": "1402630000", "address": {"location_id": "1402630000", "lat": 42.29744542, "lon": -71.08152559}, "arr_time": 1676281277, "arr_date_time": "2023-02-13T04:41:17-05:00", "end_time": 1676281577, "end_date_time": "2023-02-13T04:46:17-05:00", "waiting_time": 0, "distance": 394, "driving_time": 377, "preparation_time": 0, "load_before": [0], "load_after": [0]}, {"type": "service", "id": "1402629030_06", "location_id": "1402629030", "address": {"location_id": "1402629030", "lat": 42.29728101, "lon": -71.08146474}, "arr_time": 1676281596, "arr_date_time": "2023-02-13T04:46:36-05:00", "end_time": 1676281896, "end_date_time": "2023-02-13T04:51:36-05:00", "waiting_time": 0, "distance": 413, "driving_time": 396, "preparation_time": 0, "load_before": [0], "load_after": [0]}, {"type": "service", "id": "1402629010_05", "location_id": "1402629010", "address": {"location_id": "1402629010", "lat": 42.29700663, "lon": -71.08136343}, "arr_time": 1676281927, "arr_date_time": "2023-02-13T04:52:07-05:00", "end_time": 1676282227, "end_date_time": "2023-02-13T04:57:07-05:00", "waiting_time": 0, "distance": 445, "driving_time": 427, "preparation_time": 0, "load_before": [0], "load_after": [0]}, {"type": "service", "id": "1402686000_19", "location_id": "1402686000", "address": {"location_id": "1402686000", "lat": 42.29680576, "lon": -71.08176687}, "arr_time": 1676282239, "arr_date_time": "2023-02-13T04:57:19-05:00", "end_time": 1676282539, "end_date_time": "2023-02-13T05:02:19-05:00", "waiting_time": 0, "distance": 457, "driving_time": 439, "preparation_time": 0, "load_before": [0], "load_after": [0]}, {"type": "service", "id": "1402628000_04", "location_id": "1402628000", "address": {"location_id": "1402628000", "lat": 42.29690699, "lon": -71.08129335}, "arr_time": 1676282539, "arr_date_time": "2023-02-13T05:02:19-05:00", "end_time": 1676282839, "end_date_time": "2023-02-13T05:07:19-05:00", "waiting_time": 0, "distance": 457, "driving_time": 439, "preparation_time": 0, "load_before": [0], "load_after": [0]}, {"type": "service", "id": "1402654000_13", "location_id": "1402654000", "address": {"location_id": "1402654000", "lat": 42.29682286, "lon": -71.08089282}, "arr_time": 1676283024, "arr_date_time": "2023-02-13T05:10:24-05:00", "end_time": 1676283324, "end_date_time": "2023-02-13T05:15:24-05:00", "waiting_time": 0, "distance": 650, "driving_time": 624, "preparation_time": 0, "load_before": [0], "load_after": [0]}, {"type": "service", "id": "1402648000_12", "location_id": "1402648000", "address": {"location_id": "1402648000", "lat": 42.29762977, "lon": -71.08121699}, "arr_time": 1676283415, "arr_date_time": "2023-02-13T05:16:55-05:00", "end_time": 1676283715, "end_date_time": "2023-02-13T05:21:55-05:00", "waiting_time": 0, "distance": 744, "driving_time": 715, "preparation_time": 0, "load_before": [0], "load_after": [0]}, {"type": "service", "id": "1402647000_11", "location_id": "1402647000", "address": {"location_id": "1402647000", "lat": 42.29776484, "lon": -71.0812677}, "arr_time": 1676283729, "arr_date_time": "2023-02-13T05:22:09-05:00", "end_time": 1676284029, "end_date_time": "2023-02-13T05:27:09-05:00", "waiting_time": 0, "distance": 760, "driving_time": 729, "preparation_time": 0, "load_before": [0], "load_after": [0]}, {"type": "service", "id": "1402642000_10", "location_id": "1402642000", "address": {"location_id": "1402642000", "lat": 42.2984142, "lon": -71.08151841}, "arr_time": 1676284101, "arr_date_time": "2023-02-13T05:28:21-05:00", "end_time": 1676284401, "end_date_time": "2023-02-13T05:33:21-05:00", "waiting_time": 0, "distance": 835, "driving_time": 801, "preparation_time": 0, "load_before": [0], "load_after": [0]}, {"type": "service", "id": "1402703000_22", "location_id": "1402703000", "address": {"location_id": "1402703000", "lat": 42.29806196, "lon": -71.08325014}, "arr_time": 1676284664, "arr_date_time": "2023-02-13T05:37:44-05:00", "end_time": 1676284964, "end_date_time": "2023-02-13T05:42:44-05:00", "waiting_time": 0, "distance": 1109, "driving_time": 1064, "preparation_time": 0, "load_before": [0], "load_after": [0]}, {"type": "service", "id": "1402670000_15", "location_id": "1402670000", "address": {"location_id": "1402670000", "lat": 42.29807918, "lon": -71.08271592}, "arr_time": 1676284973, "arr_date_time": "2023-02-13T05:42:53-05:00", "end_time": 1676285273, "end_date_time": "2023-02-13T05:47:53-05:00", "waiting_time": 0, "distance": 1119, "driving_time": 1073, "preparation_time": 0, "load_before": [0], "load_after": [0]}, {"type": "service", "id": "1402669000_14", "location_id": "1402669000", "address": {"location_id": "1402669000", "lat": 42.2979529, "lon": -71.0826661}, "arr_time": 1676285288, "arr_date_time": "2023-02-13T05:48:08-05:00", "end_time": 1676285588, "end_date_time": "2023-02-13T05:53:08-05:00", "waiting_time": 0, "distance": 1134, "driving_time": 1088, "preparation_time": 0, "load_before": [0], "load_after": [0]}, {"type": "service", "id": "1402705000_23", "location_id": "1402705000", "address": {"location_id": "1402705000", "lat": 42.29779112, "lon": -71.08313987}, "arr_time": 1676285595, "arr_date_time": "2023-02-13T05:53:15-05:00", "end_time": 1676285895, "end_date_time": "2023-02-13T05:58:15-05:00", "waiting_time": 0, "distance": 1141, "driving_time": 1095, "preparation_time": 0, "load_before": [0], "load_after": [0]}, {"type": "service", "id": "1402784000_28", "location_id": "1402784000", "address": {"location_id": "1402784000", "lat": 42.29887458, "lon": -71.08454558}, "arr_time": 1676286103, "arr_date_time": "2023-02-13T06:01:43-05:00", "end_time": 1676286403, "end_date_time": "2023-02-13T06:06:43-05:00", "waiting_time": 0, "distance": 1357, "driving_time": 1303, "preparation_time": 0, "load_before": [0], "load_after": [0]}, {"type": "service", "id": "1402778000_27", "location_id": "1402778000", "address": {"location_id": "1402778000", "lat": 42.29953692, "lon": -71.08538465}, "arr_time": 1676286500, "arr_date_time": "2023-02-13T06:08:20-05:00", "end_time": 1676286800, "end_date_time": "2023-02-13T06:13:20-05:00", "waiting_time": 0, "distance": 1458, "driving_time": 1400, "preparation_time": 0, "load_before": [0], "load_after": [0]}, {"type": "service", "id": "1402759000_26", "location_id": "1402759000", "address": {"location_id": "1402759000", "lat": 42.29826179, "lon": -71.0842295}, "arr_time": 1676287108, "arr_date_time": "2023-02-13T06:18:28-05:00", "end_time": 1676287408, "end_date_time": "2023-02-13T06:23:28-05:00", "waiting_time": 0, "distance": 1779, "driving_time": 1708, "preparation_time": 0, "load_before": [0], "load_after": [0]}, {"type": "service", "id": "1402815000_29", "location_id": "1402815000", "address": {"location_id": "1402815000", "lat": 42.29802417, "lon": -71.08463845}, "arr_time": 1676287412, "arr_date_time": "2023-02-13T06:23:32-05:00", "end_time": 1676287712, "end_date_time": "2023-02-13T06:28:32-05:00", "waiting_time": 0, "distance": 1783, "driving_time": 1712, "preparation_time": 0, "load_before": [0], "load_after": [0]}, {"type": "service", "id": "1402694000_21", "location_id": "1402694000", "address": {"location_id": "1402694000", "lat": 42.29744855, "lon": -71.08350052}, "arr_time": 1676287812, "arr_date_time": "2023-02-13T06:30:12-05:00", "end_time": 1676288112, "end_date_time": "2023-02-13T06:35:12-05:00", "waiting_time": 0, "distance": 1887, "driving_time": 1812, "preparation_time": 0, "load_before": [0], "load_after": [0]}, {"type": "service", "id": "1402691000_20", "location_id": "1402691000", "address": {"location_id": "1402691000", "lat": 42.29703664, "lon": -71.08337103}, "arr_time": 1676288164, "arr_date_time": "2023-02-13T06:36:04-05:00", "end_time": 1676288464, "end_date_time": "2023-02-13T06:41:04-05:00", "waiting_time": 0, "distance": 1941, "driving_time": 1864, "preparation_time": 0, "load_before": [0], "load_after": [0]}, {"type": "service", "id": "1402824001_30", "location_id": "1402824001", "address": {"location_id": "1402824001", "lat": 42.29661632, "lon": -71.08397897}, "arr_time": 1676288495, "arr_date_time": "2023-02-13T06:41:35-05:00", "end_time": 1676288795, "end_date_time": "2023-02-13T06:46:35-05:00", "waiting_time": 0, "distance": 1973, "driving_time": 1895, "preparation_time": 0, "load_before": [0], "load_after": [0]}, {"type": "service", "id": "1401941000_02", "location_id": "1401941000", "address": {"location_id": "1401941000", "lat": 42.29750327, "lon": -71.085406}, "arr_time": 1676289144, "arr_date_time": "2023-02-13T06:52:24-05:00", "end_time": 1676289444, "end_date_time": "2023-02-13T06:57:24-05:00", "waiting_time": 0, "distance": 2337, "driving_time": 2244, "preparation_time": 0, "load_before": [0], "load_after": [0]}, {"type": "service", "id": "1401928000_01", "location_id": "1401928000", "address": {"location_id": "1401928000", "lat": 42.29716069, "lon": -71.0856627}, "arr_time": 1676289819, "arr_date_time": "2023-02-13T07:03:39-05:00", "end_time": 1676290119, "end_date_time": "2023-02-13T07:08:39-05:00", "waiting_time": 0, "distance": 2727, "driving_time": 2619, "preparation_time": 0, "load_before": [0], "load_after": [0]}, {"type": "service", "id": "1401961000_03", "location_id": "1401961000", "address": {"location_id": "1401961000", "lat": 42.29643835, "lon": -71.08640087}, "arr_time": 1676290400, "arr_date_time": "2023-02-13T07:13:20-05:00", "end_time": 1676290700, "end_date_time": "2023-02-13T07:18:20-05:00", "waiting_time": 0, "distance": 3021, "driving_time": 2900, "preparation_time": 0, "load_before": [0], "load_after": [0]}, {"type": "service", "id": "1404216000_34", "location_id": "1404216000", "address": {"location_id": "1404216000", "lat": 42.29654951, "lon": -71.08781577}, "arr_time": 1676291137, "arr_date_time": "2023-02-13T07:25:37-05:00", "end_time": 1676291437, "end_date_time": "2023-02-13T07:30:37-05:00", "waiting_time": 0, "distance": 3476, "driving_time": 3337, "preparation_time": 0, "load_before": [0], "load_after": [0]}, {"type": "service", "id": "1404212000_33", "location_id": "1404212000", "address": {"location_id": "1404212000", "lat": 42.29697702, "lon": -71.08831841}, "arr_time": 1676291497, "arr_date_time": "2023-02-13T07:31:37-05:00", "end_time": 1676291797, "end_date_time": "2023-02-13T07:36:37-05:00", "waiting_time": 0, "distance": 3538, "driving_time": 3397, "preparation_time": 0, "load_before": [0], "load_after": [0]}, {"type": "service", "id": "1404209001_32", "location_id": "1404209001", "address": {"location_id": "1404209001", "lat": 42.29739126, "lon": -71.08852721}, "arr_time": 1676291844, "arr_date_time": "2023-02-13T07:37:24-05:00", "end_time": 1676292144, "end_date_time": "2023-02-13T07:42:24-05:00", "waiting_time": 0, "distance": 3586, "driving_time": 3444, "preparation_time": 0, "load_before": [0], "load_after": [0]}, {"type": "service", "id": "1404205000_31", "location_id": "1404205000", "address": {"location_id": "1404205000", "lat": 42.29764803, "lon": -71.08828011}, "arr_time": 1676292157, "arr_date_time": "2023-02-13T07:42:37-05:00", "end_time": 1676292457, "end_date_time": "2023-02-13T07:47:37-05:00", "waiting_time": 0, "distance": 3600, "driving_time": 3457, "preparation_time": 0, "load_before": [0], "load_after": [0]}, {"type": "service", "id": "1404248000_41", "location_id": "1404248000", "address": {"location_id": "1404248000", "lat": 42.29725427, "lon": -71.08965727}, "arr_time": 1676292589, "arr_date_time": "2023-02-13T07:49:49-05:00", "end_time": 1676292889, "end_date_time": "2023-02-13T07:54:49-05:00", "waiting_time": 0, "distance": 3737, "driving_time": 3589, "preparation_time": 0, "load_before": [0], "load_after": [0]}, {"type": "service", "id": "1404233000_37", "location_id": "1404233000", "address": {"location_id": "1404233000", "lat": 42.29714003, "lon": -71.08912956}, "arr_time": 1676292921, "arr_date_time": "2023-02-13T07:55:21-05:00", "end_time": 1676293221, "end_date_time": "2023-02-13T08:00:21-05:00", "waiting_time": 0, "distance": 3770, "driving_time": 3621, "preparation_time": 0, "load_before": [0], "load_after": [0]}, {"type": "service", "id": "1404230000_35", "location_id": "1404230000", "address": {"location_id": "1404230000", "lat": 42.29680842, "lon": -71.0887214}, "arr_time": 1676293268, "arr_date_time": "2023-02-13T08:01:08-05:00", "end_time": 1676293568, "end_date_time": "2023-02-13T08:06:08-05:00", "waiting_time": 0, "distance": 3819, "driving_time": 3668, "preparation_time": 0, "load_before": [0], "load_after": [0]}, {"type": "service", "id": "1404232000_36", "location_id": "1404232000", "address": {"location_id": "1404232000", "lat": 42.2970607, "lon": -71.08892536}, "arr_time": 1676293600, "arr_date_time": "2023-02-13T08:06:40-05:00", "end_time": 1676293900, "end_date_time": "2023-02-13T08:11:40-05:00", "waiting_time": 0, "distance": 3852, "driving_time": 3700, "preparation_time": 0, "load_before": [0], "load_after": [0]}, {"type": "service", "id": "1404247000_40", "location_id": "1404247000", "address": {"location_id": "1404247000", "lat": 42.2971837, "lon": -71.08986428}, "arr_time": 1676293996, "arr_date_time": "2023-02-13T08:13:16-05:00", "end_time": 1676294296, "end_date_time": "2023-02-13T08:18:16-05:00", "waiting_time": 0, "distance": 3952, "driving_time": 3796, "preparation_time": 0, "load_before": [0], "load_after": [0]}, {"type": "service", "id": "1404244000_38", "location_id": "1404244000", "address": {"location_id": "1404244000", "lat": 42.29651721, "lon": -71.09039644}, "arr_time": 1676294417, "arr_date_time": "2023-02-13T08:20:17-05:00", "end_time": 1676294717, "end_date_time": "2023-02-13T08:25:17-05:00", "waiting_time": 0, "distance": 4078, "driving_time": 3917, "preparation_time": 0, "load_before": [0], "load_after": [0]}, {"type": "service", "id": "1404245000_39", "location_id": "1404245000", "address": {"location_id": "1404245000", "lat": 42.2963339, "lon": -71.0902952}, "arr_time": 1676295067, "arr_date_time": "2023-02-13T08:31:07-05:00", "end_time": 1676295367, "end_date_time": "2023-02-13T08:36:07-05:00", "waiting_time": 0, "distance": 4441, "driving_time": 4267, "preparation_time": 0, "load_before": [0], "load_after": [0]}]}], "unassigned": {"services": [], "shipments": [], "breaks": [], "details": []}}}