{"copyrights": ["GraphHopper", "OpenStreetMap contributors"], "job_id": "9471e181-3667-4710-9e2f-d0f680eb8a92", "status": "finished", "waiting_time_in_queue": 0, "processing_time": 127, "solution": {"costs": 331, "distance": 2330, "time": 2245, "transport_time": 2245, "completion_time": 16345, "max_operation_time": 16345, "waiting_time": 0, "service_duration": 14100, "preparation_time": 0, "no_vehicles": 1, "no_unassigned": 0, "routes": [{"vehicle_id": "my_vehicle", "shift_id": "default-shift", "distance": 2330, "transport_time": 2245, "completion_time": 16345, "waiting_time": 0, "service_duration": 14100, "preparation_time": 0, "activities": [{"type": "start", "location_id": "1601900000", "address": {"location_id": "1601900000", "lat": 42.29329767, "lon": -71.05560473}, "arr_time": 1676278800, "arr_date_time": "2023-02-13T04:00:00-05:00", "end_time": 1676278800, "end_date_time": "2023-02-13T04:00:00-05:00", "waiting_time": 0, "distance": 0, "driving_time": 0, "preparation_time": 0, "load_after": [0]}, {"type": "service", "id": "1601902000_09", "location_id": "1601902000", "address": {"location_id": "1601902000", "lat": 42.29336663, "lon": -71.05531065}, "arr_time": 1676278824, "arr_date_time": "2023-02-13T04:00:24-05:00", "end_time": 1676279124, "end_date_time": "2023-02-13T04:05:24-05:00", "waiting_time": 0, "distance": 25, "driving_time": 24, "preparation_time": 0, "load_before": [0], "load_after": [0]}, {"type": "service", "id": "1601899000_08", "location_id": "1601899000", "address": {"location_id": "1601899000", "lat": 42.29326229, "lon": -71.05575566}, "arr_time": 1676279161, "arr_date_time": "2023-02-13T04:06:01-05:00", "end_time": 1676279461, "end_date_time": "2023-02-13T04:11:01-05:00", "waiting_time": 0, "distance": 63, "driving_time": 61, "preparation_time": 0, "load_before": [0], "load_after": [0]}, {"type": "service", "id": "1601887000_05", "location_id": "1601887000", "address": {"location_id": "1601887000", "lat": 42.29315685, "lon": -71.05626281}, "arr_time": 1676279505, "arr_date_time": "2023-02-13T04:11:45-05:00", "end_time": 1676279805, "end_date_time": "2023-02-13T04:16:45-05:00", "waiting_time": 0, "distance": 109, "driving_time": 105, "preparation_time": 0, "load_before": [0], "load_after": [0]}, {"type": "service", "id": "1601898000_07", "location_id": "1601898000", "address": {"location_id": "1601898000", "lat": 42.29321235, "lon": -71.05590556}, "arr_time": 1676279808, "arr_date_time": "2023-02-13T04:16:48-05:00", "end_time": 1676280108, "end_date_time": "2023-02-13T04:21:48-05:00", "waiting_time": 0, "distance": 112, "driving_time": 108, "preparation_time": 0, "load_before": [0], "load_after": [0]}, {"type": "service", "id": "1601877000_01", "location_id": "1601877000", "address": {"location_id": "1601877000", "lat": 42.2929015, "lon": -71.05611645}, "arr_time": 1676280135, "arr_date_time": "2023-02-13T04:22:15-05:00", "end_time": 1676280435, "end_date_time": "2023-02-13T04:27:15-05:00", "waiting_time": 0, "distance": 140, "driving_time": 135, "preparation_time": 0, "load_before": [0], "load_after": [0]}, {"type": "service", "id": "1601878000_02", "location_id": "1601878000", "address": {"location_id": "1601878000", "lat": 42.29286273, "lon": -71.05629218}, "arr_time": 1676280484, "arr_date_time": "2023-02-13T04:28:04-05:00", "end_time": 1676280784, "end_date_time": "2023-02-13T04:33:04-05:00", "waiting_time": 0, "distance": 191, "driving_time": 184, "preparation_time": 0, "load_before": [0], "load_after": [0]}, {"type": "service", "id": "1602010000_34", "location_id": "1602010000", "address": {"location_id": "1602010000", "lat": 42.29229319, "lon": -71.05668203}, "arr_time": 1676280839, "arr_date_time": "2023-02-13T04:33:59-05:00", "end_time": 1676281139, "end_date_time": "2023-02-13T04:38:59-05:00", "waiting_time": 0, "distance": 249, "driving_time": 239, "preparation_time": 0, "load_before": [0], "load_after": [0]}, {"type": "service", "id": "1602011000_35", "location_id": "1602011000", "address": {"location_id": "1602011000", "lat": 42.2921777, "lon": -71.05666288}, "arr_time": 1676281151, "arr_date_time": "2023-02-13T04:39:11-05:00", "end_time": 1676281451, "end_date_time": "2023-02-13T04:44:11-05:00", "waiting_time": 0, "distance": 262, "driving_time": 251, "preparation_time": 0, "load_before": [0], "load_after": [0]}, {"type": "service", "id": "1602012000_36", "location_id": "1602012000", "address": {"location_id": "1602012000", "lat": 42.29206608, "lon": -71.05663502}, "arr_time": 1676281463, "arr_date_time": "2023-02-13T04:44:23-05:00", "end_time": 1676281763, "end_date_time": "2023-02-13T04:49:23-05:00", "waiting_time": 0, "distance": 275, "driving_time": 263, "preparation_time": 0, "load_before": [0], "load_after": [0]}, {"type": "service", "id": "1601881000_03", "location_id": "1601881000", "address": {"location_id": "1601881000", "lat": 42.29268989, "lon": -71.0568072}, "arr_time": 1676281835, "arr_date_time": "2023-02-13T04:50:35-05:00", "end_time": 1676282135, "end_date_time": "2023-02-13T04:55:35-05:00", "waiting_time": 0, "distance": 350, "driving_time": 335, "preparation_time": 0, "load_before": [0], "load_after": [0]}, {"type": "service", "id": "1601883000_04", "location_id": "1601883000", "address": {"location_id": "1601883000", "lat": 42.29281715, "lon": -71.05709097}, "arr_time": 1676282223, "arr_date_time": "2023-02-13T04:57:03-05:00", "end_time": 1676282523, "end_date_time": "2023-02-13T05:02:03-05:00", "waiting_time": 0, "distance": 442, "driving_time": 423, "preparation_time": 0, "load_before": [0], "load_after": [0]}, {"type": "service", "id": "1602006000_33", "location_id": "1602006000", "address": {"location_id": "1602006000", "lat": 42.29215124, "lon": -71.05705405}, "arr_time": 1676282595, "arr_date_time": "2023-02-13T05:03:15-05:00", "end_time": 1676282895, "end_date_time": "2023-02-13T05:08:15-05:00", "waiting_time": 0, "distance": 516, "driving_time": 495, "preparation_time": 0, "load_before": [0], "load_after": [0]}, {"type": "service", "id": "1602004000_32", "location_id": "1602004000", "address": {"location_id": "1602004000", "lat": 42.29184834, "lon": -71.05704065}, "arr_time": 1676283009, "arr_date_time": "2023-02-13T05:10:09-05:00", "end_time": 1676283309, "end_date_time": "2023-02-13T05:15:09-05:00", "waiting_time": 0, "distance": 636, "driving_time": 609, "preparation_time": 0, "load_before": [0], "load_after": [0]}, {"type": "service", "id": "1601937000_16", "location_id": "1601937000", "address": {"location_id": "1601937000", "lat": 42.29206158, "lon": -71.05536735}, "arr_time": 1676283503, "arr_date_time": "2023-02-13T05:18:23-05:00", "end_time": 1676283803, "end_date_time": "2023-02-13T05:23:23-05:00", "waiting_time": 0, "distance": 824, "driving_time": 803, "preparation_time": 0, "load_before": [0], "load_after": [0]}, {"type": "service", "id": "1601936000_15", "location_id": "1601936000", "address": {"location_id": "1601936000", "lat": 42.29183467, "lon": -71.05523244}, "arr_time": 1676283829, "arr_date_time": "2023-02-13T05:23:49-05:00", "end_time": 1676284129, "end_date_time": "2023-02-13T05:28:49-05:00", "waiting_time": 0, "distance": 852, "driving_time": 829, "preparation_time": 0, "load_before": [0], "load_after": [0]}, {"type": "service", "id": "1602020001_37", "location_id": "1602020001", "address": {"location_id": "1602020001", "lat": 42.29146788, "lon": -71.05521689}, "arr_time": 1676284148, "arr_date_time": "2023-02-13T05:29:08-05:00", "end_time": 1676284448, "end_date_time": "2023-02-13T05:34:08-05:00", "waiting_time": 0, "distance": 872, "driving_time": 848, "preparation_time": 0, "load_before": [0], "load_after": [0]}, {"type": "service", "id": "1601945011_25", "location_id": "1601945011", "address": {"location_id": "1601945011", "lat": 42.29163017, "lon": -71.05461499}, "arr_time": 1676284500, "arr_date_time": "2023-02-13T05:35:00-05:00", "end_time": 1676284800, "end_date_time": "2023-02-13T05:40:00-05:00", "waiting_time": 0, "distance": 926, "driving_time": 900, "preparation_time": 0, "load_before": [0], "load_after": [0]}, {"type": "service", "id": "1602020003_38", "location_id": "1602020003", "address": {"location_id": "1602020003", "lat": 42.29122266, "lon": -71.05510285}, "arr_time": 1676284820, "arr_date_time": "2023-02-13T05:40:20-05:00", "end_time": 1676285120, "end_date_time": "2023-02-13T05:45:20-05:00", "waiting_time": 0, "distance": 947, "driving_time": 920, "preparation_time": 0, "load_before": [0], "load_after": [0]}, {"type": "service", "id": "1601934000_14", "location_id": "1601934000", "address": {"location_id": "1601934000", "lat": 42.29191401, "lon": -71.05493229}, "arr_time": 1676285163, "arr_date_time": "2023-02-13T05:46:03-05:00", "end_time": 1676285463, "end_date_time": "2023-02-13T05:51:03-05:00", "waiting_time": 0, "distance": 991, "driving_time": 963, "preparation_time": 0, "load_before": [0], "load_after": [0]}, {"type": "service", "id": "1601932000_13", "location_id": "1601932000", "address": {"location_id": "1601932000", "lat": 42.29195039, "lon": -71.05476927}, "arr_time": 1676285476, "arr_date_time": "2023-02-13T05:51:16-05:00", "end_time": 1676285776, "end_date_time": "2023-02-13T05:56:16-05:00", "waiting_time": 0, "distance": 1005, "driving_time": 976, "preparation_time": 0, "load_before": [0], "load_after": [0]}, {"type": "service", "id": "1601945012_26", "location_id": "1601945012", "address": {"location_id": "1601945012", "lat": 42.2916681, "lon": -71.05439678}, "arr_time": 1676285795, "arr_date_time": "2023-02-13T05:56:35-05:00", "end_time": 1676286095, "end_date_time": "2023-02-13T06:01:35-05:00", "waiting_time": 0, "distance": 1024, "driving_time": 995, "preparation_time": 0, "load_before": [0], "load_after": [0]}, {"type": "service", "id": "1601926000_11", "location_id": "1601926000", "address": {"location_id": "1601926000", "lat": 42.29230325, "lon": -71.05419037}, "arr_time": 1676286193, "arr_date_time": "2023-02-13T06:03:13-05:00", "end_time": 1676286493, "end_date_time": "2023-02-13T06:08:13-05:00", "waiting_time": 0, "distance": 1127, "driving_time": 1093, "preparation_time": 0, "load_before": [0], "load_after": [0]}, {"type": "service", "id": "1601910000_10", "location_id": "1601910000", "address": {"location_id": "1601910000", "lat": 42.29259868, "lon": -71.05474805}, "arr_time": 1676286568, "arr_date_time": "2023-02-13T06:09:28-05:00", "end_time": 1676286868, "end_date_time": "2023-02-13T06:14:28-05:00", "waiting_time": 0, "distance": 1205, "driving_time": 1168, "preparation_time": 0, "load_before": [0], "load_after": [0]}, {"type": "service", "id": "1601890000_06", "location_id": "1601890000", "address": {"location_id": "1601890000", "lat": 42.29323626, "lon": -71.05474611}, "arr_time": 1676287005, "arr_date_time": "2023-02-13T06:16:45-05:00", "end_time": 1676287305, "end_date_time": "2023-02-13T06:21:45-05:00", "waiting_time": 0, "distance": 1348, "driving_time": 1305, "preparation_time": 0, "load_before": [0], "load_after": [0]}, {"type": "service", "id": "1601927000_12", "location_id": "1601927000", "address": {"location_id": "1601927000", "lat": 42.2921486, "lon": -71.05403335}, "arr_time": 1676287439, "arr_date_time": "2023-02-13T06:23:59-05:00", "end_time": 1676287739, "end_date_time": "2023-02-13T06:28:59-05:00", "waiting_time": 0, "distance": 1487, "driving_time": 1439, "preparation_time": 0, "load_before": [0], "load_after": [0]}, {"type": "service", "id": "1601945001_17", "location_id": "1601945001", "address": {"location_id": "1601945001", "lat": 42.29166302, "lon": -71.05389222}, "arr_time": 1676287789, "arr_date_time": "2023-02-13T06:29:49-05:00", "end_time": 1676288089, "end_date_time": "2023-02-13T06:34:49-05:00", "waiting_time": 0, "distance": 1540, "driving_time": 1489, "preparation_time": 0, "load_before": [0], "load_after": [0]}, {"type": "service", "id": "1601945002_18", "location_id": "1601945002", "address": {"location_id": "1601945002", "lat": 42.29152673, "lon": -71.05384866}, "arr_time": 1676288105, "arr_date_time": "2023-02-13T06:35:05-05:00", "end_time": 1676288405, "end_date_time": "2023-02-13T06:40:05-05:00", "waiting_time": 0, "distance": 1557, "driving_time": 1505, "preparation_time": 0, "load_before": [0], "load_after": [0]}, {"type": "service", "id": "1601945003_19", "location_id": "1601945003", "address": {"location_id": "1601945003", "lat": 42.29139788, "lon": -71.05377839}, "arr_time": 1676288420, "arr_date_time": "2023-02-13T06:40:20-05:00", "end_time": 1676288720, "end_date_time": "2023-02-13T06:45:20-05:00", "waiting_time": 0, "distance": 1572, "driving_time": 1520, "preparation_time": 0, "load_before": [0], "load_after": [0]}, {"type": "service", "id": "1601945004_20", "location_id": "1601945004", "address": {"location_id": "1601945004", "lat": 42.2912452, "lon": -71.05367199}, "arr_time": 1676288739, "arr_date_time": "2023-02-13T06:45:39-05:00", "end_time": 1676289039, "end_date_time": "2023-02-13T06:50:39-05:00", "waiting_time": 0, "distance": 1591, "driving_time": 1539, "preparation_time": 0, "load_before": [0], "load_after": [0]}, {"type": "service", "id": "1602021000_44", "location_id": "1602021000", "address": {"location_id": "1602021000", "lat": 42.29066031, "lon": -71.05331056}, "arr_time": 1676289107, "arr_date_time": "2023-02-13T06:51:47-05:00", "end_time": 1676289407, "end_date_time": "2023-02-13T06:56:47-05:00", "waiting_time": 0, "distance": 1662, "driving_time": 1607, "preparation_time": 0, "load_before": [0], "load_after": [0]}, {"type": "service", "id": "1602023000_45", "location_id": "1602023000", "address": {"location_id": "1602023000", "lat": 42.29045473, "lon": -71.05318995}, "arr_time": 1676289431, "arr_date_time": "2023-02-13T06:57:11-05:00", "end_time": 1676289731, "end_date_time": "2023-02-13T07:02:11-05:00", "waiting_time": 0, "distance": 1687, "driving_time": 1631, "preparation_time": 0, "load_before": [0], "load_after": [0]}, {"type": "service", "id": "1602025000_46", "location_id": "1602025000", "address": {"location_id": "1602025000", "lat": 42.2902453, "lon": -71.05307061}, "arr_time": 1676289755, "arr_date_time": "2023-02-13T07:02:35-05:00", "end_time": 1676290055, "end_date_time": "2023-02-13T07:07:35-05:00", "waiting_time": 0, "distance": 1712, "driving_time": 1655, "preparation_time": 0, "load_before": [0], "load_after": [0]}, {"type": "service", "id": "1601945005_21", "location_id": "1601945005", "address": {"location_id": "1601945005", "lat": 42.29111586, "lon": -71.05358156}, "arr_time": 1676290157, "arr_date_time": "2023-02-13T07:09:17-05:00", "end_time": 1676290457, "end_date_time": "2023-02-13T07:14:17-05:00", "waiting_time": 0, "distance": 1819, "driving_time": 1757, "preparation_time": 0, "load_before": [0], "load_after": [0]}, {"type": "service", "id": "1601945015_27", "location_id": "1601945015", "address": {"location_id": "1601945015", "lat": 42.29074816, "lon": -71.05367805}, "arr_time": 1676290477, "arr_date_time": "2023-02-13T07:14:37-05:00", "end_time": 1676290777, "end_date_time": "2023-02-13T07:19:37-05:00", "waiting_time": 0, "distance": 1840, "driving_time": 1777, "preparation_time": 0, "load_before": [0], "load_after": [0]}, {"type": "service", "id": "1601945006_22", "location_id": "1601945006", "address": {"location_id": "1601945006", "lat": 42.29107047, "lon": -71.05385291}, "arr_time": 1676290777, "arr_date_time": "2023-02-13T07:19:37-05:00", "end_time": 1676291077, "end_date_time": "2023-02-13T07:24:37-05:00", "waiting_time": 0, "distance": 1840, "driving_time": 1777, "preparation_time": 0, "load_before": [0], "load_after": [0]}, {"type": "service", "id": "1602020008_42", "location_id": "1602020008", "address": {"location_id": "1602020008", "lat": 42.2907146, "lon": -71.05436678}, "arr_time": 1676291108, "arr_date_time": "2023-02-13T07:25:08-05:00", "end_time": 1676291408, "end_date_time": "2023-02-13T07:30:08-05:00", "waiting_time": 0, "distance": 1872, "driving_time": 1808, "preparation_time": 0, "load_before": [0], "load_after": [0]}, {"type": "service", "id": "1602020005_39", "location_id": "1602020005", "address": {"location_id": "1602020005", "lat": 42.29108724, "lon": -71.05465498}, "arr_time": 1676291452, "arr_date_time": "2023-02-13T07:30:52-05:00", "end_time": 1676291752, "end_date_time": "2023-02-13T07:35:52-05:00", "waiting_time": 0, "distance": 1919, "driving_time": 1852, "preparation_time": 0, "load_before": [0], "load_after": [0]}, {"type": "service", "id": "1601945008_24", "location_id": "1601945008", "address": {"location_id": "1601945008", "lat": 42.29124664, "lon": -71.05412507}, "arr_time": 1676291768, "arr_date_time": "2023-02-13T07:36:08-05:00", "end_time": 1676292068, "end_date_time": "2023-02-13T07:41:08-05:00", "waiting_time": 0, "distance": 1936, "driving_time": 1868, "preparation_time": 0, "load_before": [0], "load_after": [0]}, {"type": "service", "id": "1602020006_40", "location_id": "1602020006", "address": {"location_id": "1602020006", "lat": 42.29095944, "lon": -71.05454872}, "arr_time": 1676292068, "arr_date_time": "2023-02-13T07:41:08-05:00", "end_time": 1676292368, "end_date_time": "2023-02-13T07:46:08-05:00", "waiting_time": 0, "distance": 1936, "driving_time": 1868, "preparation_time": 0, "load_before": [0], "load_after": [0]}, {"type": "service", "id": "1602020007_41", "location_id": "1602020007", "address": {"location_id": "1602020007", "lat": 42.29082988, "lon": -71.05446032}, "arr_time": 1676292383, "arr_date_time": "2023-02-13T07:46:23-05:00", "end_time": 1676292683, "end_date_time": "2023-02-13T07:51:23-05:00", "waiting_time": 0, "distance": 1952, "driving_time": 1883, "preparation_time": 0, "load_before": [0], "load_after": [0]}, {"type": "service", "id": "1601945007_23", "location_id": "1601945007", "address": {"location_id": "1601945007", "lat": 42.29113301, "lon": -71.05401737}, "arr_time": 1676292683, "arr_date_time": "2023-02-13T07:51:23-05:00", "end_time": 1676292983, "end_date_time": "2023-02-13T07:56:23-05:00", "waiting_time": 0, "distance": 1952, "driving_time": 1883, "preparation_time": 0, "load_before": [0], "load_after": [0]}, {"type": "service", "id": "1601947000_28", "location_id": "1601947000", "address": {"location_id": "1601947000", "lat": 42.29051439, "lon": -71.05403925}, "arr_time": 1676293036, "arr_date_time": "2023-02-13T07:57:16-05:00", "end_time": 1676293336, "end_date_time": "2023-02-13T08:02:16-05:00", "waiting_time": 0, "distance": 2008, "driving_time": 1936, "preparation_time": 0, "load_before": [0], "load_after": [0]}, {"type": "service", "id": "1601949000_29", "location_id": "1601949000", "address": {"location_id": "1601949000", "lat": 42.29039344, "lon": -71.05397173}, "arr_time": 1676293352, "arr_date_time": "2023-02-13T08:02:32-05:00", "end_time": 1676293652, "end_date_time": "2023-02-13T08:07:32-05:00", "waiting_time": 0, "distance": 2025, "driving_time": 1952, "preparation_time": 0, "load_before": [0], "load_after": [0]}, {"type": "service", "id": "1601951000_30", "location_id": "1601951000", "address": {"location_id": "1601951000", "lat": 42.29029063, "lon": -71.05391379}, "arr_time": 1676293664, "arr_date_time": "2023-02-13T08:07:44-05:00", "end_time": 1676293964, "end_date_time": "2023-02-13T08:12:44-05:00", "waiting_time": 0, "distance": 2037, "driving_time": 1964, "preparation_time": 0, "load_before": [0], "load_after": [0]}, {"type": "service", "id": "1602036000_47", "location_id": "1602036000", "address": {"location_id": "1602036000", "lat": 42.290354, "lon": -71.05346363}, "arr_time": 1676293971, "arr_date_time": "2023-02-13T08:12:51-05:00", "end_time": 1676294271, "end_date_time": "2023-02-13T08:17:51-05:00", "waiting_time": 0, "distance": 2044, "driving_time": 1971, "preparation_time": 0, "load_before": [0], "load_after": [0]}, {"type": "service", "id": "1601953000_31", "location_id": "1601953000", "address": {"location_id": "1601953000", "lat": 42.29018247, "lon": -71.05385249}, "arr_time": 1676294276, "arr_date_time": "2023-02-13T08:17:56-05:00", "end_time": 1676294576, "end_date_time": "2023-02-13T08:22:56-05:00", "waiting_time": 0, "distance": 2050, "driving_time": 1976, "preparation_time": 0, "load_before": [0], "load_after": [0]}, {"type": "service", "id": "1602020009_43", "location_id": "1602020009", "address": {"location_id": "1602020009", "lat": 42.29058853, "lon": -71.05428081}, "arr_time": 1676294845, "arr_date_time": "2023-02-13T08:27:25-05:00", "end_time": 1676295145, "end_date_time": "2023-02-13T08:32:25-05:00", "waiting_time": 0, "distance": 2330, "driving_time": 2245, "preparation_time": 0, "load_before": [0], "load_after": [0]}]}], "unassigned": {"services": [], "shipments": [], "breaks": [], "details": []}}}