{"copyrights": ["GraphHopper", "OpenStreetMap contributors"], "job_id": "ee29ef80-5342-4600-aa42-fe5f69ea6a8a", "status": "finished", "waiting_time_in_queue": 0, "processing_time": 181, "solution": {"costs": 353, "distance": 2320, "time": 2224, "transport_time": 2224, "completion_time": 19024, "max_operation_time": 19024, "waiting_time": 0, "service_duration": 16800, "preparation_time": 0, "no_vehicles": 1, "no_unassigned": 0, "routes": [{"vehicle_id": "my_vehicle", "shift_id": "default-shift", "distance": 2320, "transport_time": 2224, "completion_time": 19024, "waiting_time": 0, "service_duration": 16800, "preparation_time": 0, "activities": [{"type": "start", "location_id": "1603389000", "address": {"location_id": "1603389000", "lat": 42.28510625, "lon": -71.05612451}, "arr_time": 1676278800, "arr_date_time": "2023-02-13T04:00:00-05:00", "end_time": 1676278800, "end_date_time": "2023-02-13T04:00:00-05:00", "waiting_time": 0, "distance": 0, "driving_time": 0, "preparation_time": 0, "load_after": [0]}, {"type": "service", "id": "1603388000_06", "location_id": "1603388000", "address": {"location_id": "1603388000", "lat": 42.28513408, "lon": -71.0558964}, "arr_time": 1676278819, "arr_date_time": "2023-02-13T04:00:19-05:00", "end_time": 1676279119, "end_date_time": "2023-02-13T04:05:19-05:00", "waiting_time": 0, "distance": 19, "driving_time": 19, "preparation_time": 0, "load_before": [0], "load_after": [0]}, {"type": "service", "id": "1603455000_20", "location_id": "1603455000", "address": {"location_id": "1603455000", "lat": 42.28477855, "lon": -71.05571281}, "arr_time": 1676279127, "arr_date_time": "2023-02-13T04:05:27-05:00", "end_time": 1676279427, "end_date_time": "2023-02-13T04:10:27-05:00", "waiting_time": 0, "distance": 27, "driving_time": 27, "preparation_time": 0, "load_before": [0], "load_after": [0]}, {"type": "service", "id": "1603387000_05", "location_id": "1603387000", "address": {"location_id": "1603387000", "lat": 42.28515798, "lon": -71.05570761}, "arr_time": 1676279433, "arr_date_time": "2023-02-13T04:10:33-05:00", "end_time": 1676279733, "end_date_time": "2023-02-13T04:15:33-05:00", "waiting_time": 0, "distance": 34, "driving_time": 33, "preparation_time": 0, "load_before": [0], "load_after": [0]}, {"type": "service", "id": "1603386000_04", "location_id": "1603386000", "address": {"location_id": "1603386000", "lat": 42.28518134, "lon": -71.05551914}, "arr_time": 1676279748, "arr_date_time": "2023-02-13T04:15:48-05:00", "end_time": 1676280048, "end_date_time": "2023-02-13T04:20:48-05:00", "waiting_time": 0, "distance": 50, "driving_time": 48, "preparation_time": 0, "load_before": [0], "load_after": [0]}, {"type": "service", "id": "1603385000_03", "location_id": "1603385000", "address": {"location_id": "1603385000", "lat": 42.28519419, "lon": -71.05532585}, "arr_time": 1676280088, "arr_date_time": "2023-02-13T04:21:28-05:00", "end_time": 1676280388, "end_date_time": "2023-02-13T04:26:28-05:00", "waiting_time": 0, "distance": 91, "driving_time": 88, "preparation_time": 0, "load_before": [0], "load_after": [0]}, {"type": "service", "id": "1603390000_07", "location_id": "1603390000", "address": {"location_id": "1603390000", "lat": 42.2850763, "lon": -71.05636093}, "arr_time": 1676280495, "arr_date_time": "2023-02-13T04:28:15-05:00", "end_time": 1676280795, "end_date_time": "2023-02-13T04:33:15-05:00", "waiting_time": 0, "distance": 203, "driving_time": 195, "preparation_time": 0, "load_before": [0], "load_after": [0]}, {"type": "service", "id": "1603452000_19", "location_id": "1603452000", "address": {"location_id": "1603452000", "lat": 42.28467932, "lon": -71.05648089}, "arr_time": 1676280811, "arr_date_time": "2023-02-13T04:33:31-05:00", "end_time": 1676281111, "end_date_time": "2023-02-13T04:38:31-05:00", "waiting_time": 0, "distance": 220, "driving_time": 211, "preparation_time": 0, "load_before": [0], "load_after": [0]}, {"type": "service", "id": "1603451000_18", "location_id": "1603451000", "address": {"location_id": "1603451000", "lat": 42.28465014, "lon": -71.05670702}, "arr_time": 1676281129, "arr_date_time": "2023-02-13T04:38:49-05:00", "end_time": 1676281429, "end_date_time": "2023-02-13T04:43:49-05:00", "waiting_time": 0, "distance": 239, "driving_time": 229, "preparation_time": 0, "load_before": [0], "load_after": [0]}, {"type": "service", "id": "1603469001_22", "location_id": "1603469001", "address": {"location_id": "1603469001", "lat": 42.28501407, "lon": -71.05738213}, "arr_time": 1676281483, "arr_date_time": "2023-02-13T04:44:43-05:00", "end_time": 1676281783, "end_date_time": "2023-02-13T04:49:43-05:00", "waiting_time": 0, "distance": 295, "driving_time": 283, "preparation_time": 0, "load_before": [0], "load_after": [0]}, {"type": "service", "id": "1603470000_23", "location_id": "1603470000", "address": {"location_id": "1603470000", "lat": 42.28489007, "lon": -71.05734057}, "arr_time": 1676281825, "arr_date_time": "2023-02-13T04:50:25-05:00", "end_time": 1676282125, "end_date_time": "2023-02-13T04:55:25-05:00", "waiting_time": 0, "distance": 340, "driving_time": 325, "preparation_time": 0, "load_before": [0], "load_after": [0]}, {"type": "service", "id": "1603475000_24", "location_id": "1603475000", "address": {"location_id": "1603475000", "lat": 42.28466379, "lon": -71.05836658}, "arr_time": 1676282207, "arr_date_time": "2023-02-13T04:56:47-05:00", "end_time": 1676282507, "end_date_time": "2023-02-13T05:01:47-05:00", "waiting_time": 0, "distance": 425, "driving_time": 407, "preparation_time": 0, "load_before": [0], "load_after": [0]}, {"type": "service", "id": "1603444000_17", "location_id": "1603444000", "address": {"location_id": "1603444000", "lat": 42.28428786, "lon": -71.05831288}, "arr_time": 1676282519, "arr_date_time": "2023-02-13T05:01:59-05:00", "end_time": 1676282819, "end_date_time": "2023-02-13T05:06:59-05:00", "waiting_time": 0, "distance": 437, "driving_time": 419, "preparation_time": 0, "load_before": [0], "load_after": [0]}, {"type": "service", "id": "1603475001_25", "location_id": "1603475001", "address": {"location_id": "1603475001", "lat": 42.28456257, "lon": -71.05850358}, "arr_time": 1676282823, "arr_date_time": "2023-02-13T05:07:03-05:00", "end_time": 1676283123, "end_date_time": "2023-02-13T05:12:03-05:00", "waiting_time": 0, "distance": 441, "driving_time": 423, "preparation_time": 0, "load_before": [0], "load_after": [0]}, {"type": "service", "id": "1603378000_01", "location_id": "1603378000", "address": {"location_id": "1603378000", "lat": 42.28447391, "lon": -71.06019332}, "arr_time": 1676283323, "arr_date_time": "2023-02-13T05:15:23-05:00", "end_time": 1676283623, "end_date_time": "2023-02-13T05:20:23-05:00", "waiting_time": 0, "distance": 650, "driving_time": 623, "preparation_time": 0, "load_before": [0], "load_after": [0]}, {"type": "service", "id": "1603460000_21", "location_id": "1603460000", "address": {"location_id": "1603460000", "lat": 42.28477356, "lon": -71.0588318}, "arr_time": 1676283735, "arr_date_time": "2023-02-13T05:22:15-05:00", "end_time": 1676284035, "end_date_time": "2023-02-13T05:27:15-05:00", "waiting_time": 0, "distance": 767, "driving_time": 735, "preparation_time": 0, "load_before": [0], "load_after": [0]}, {"type": "service", "id": "1603380000_02", "location_id": "1603380000", "address": {"location_id": "1603380000", "lat": 42.28426637, "lon": -71.05976823}, "arr_time": 1676284195, "arr_date_time": "2023-02-13T05:29:55-05:00", "end_time": 1676284495, "end_date_time": "2023-02-13T05:34:55-05:00", "waiting_time": 0, "distance": 933, "driving_time": 895, "preparation_time": 0, "load_before": [0], "load_after": [0]}, {"type": "service", "id": "1603436000_16", "location_id": "1603436000", "address": {"location_id": "1603436000", "lat": 42.28393226, "lon": -71.0597173}, "arr_time": 1676284503, "arr_date_time": "2023-02-13T05:35:03-05:00", "end_time": 1676284803, "end_date_time": "2023-02-13T05:40:03-05:00", "waiting_time": 0, "distance": 941, "driving_time": 903, "preparation_time": 0, "load_before": [0], "load_after": [0]}, {"type": "service", "id": "1603435000_15", "location_id": "1603435000", "address": {"location_id": "1603435000", "lat": 42.2838519, "lon": -71.06001653}, "arr_time": 1676284828, "arr_date_time": "2023-02-13T05:40:28-05:00", "end_time": 1676285128, "end_date_time": "2023-02-13T05:45:28-05:00", "waiting_time": 0, "distance": 967, "driving_time": 928, "preparation_time": 0, "load_before": [0], "load_after": [0]}, {"type": "service", "id": "1605244000_50", "location_id": "1605244000", "address": {"location_id": "1605244000", "lat": 42.28313737, "lon": -71.06008456}, "arr_time": 1676285281, "arr_date_time": "2023-02-13T05:48:01-05:00", "end_time": 1676285581, "end_date_time": "2023-02-13T05:53:01-05:00", "waiting_time": 0, "distance": 1127, "driving_time": 1081, "preparation_time": 0, "load_before": [0], "load_after": [0]}, {"type": "service", "id": "1605244001_51", "location_id": "1605244001", "address": {"location_id": "1605244001", "lat": 42.28319102, "lon": -71.05992653}, "arr_time": 1676285595, "arr_date_time": "2023-02-13T05:53:15-05:00", "end_time": 1676285895, "end_date_time": "2023-02-13T05:58:15-05:00", "waiting_time": 0, "distance": 1140, "driving_time": 1095, "preparation_time": 0, "load_before": [0], "load_after": [0]}, {"type": "service", "id": "1603427000_14", "location_id": "1603427000", "address": {"location_id": "1603427000", "lat": 42.28363238, "lon": -71.05982412}, "arr_time": 1676285908, "arr_date_time": "2023-02-13T05:58:28-05:00", "end_time": 1676286208, "end_date_time": "2023-02-13T06:03:28-05:00", "waiting_time": 0, "distance": 1154, "driving_time": 1108, "preparation_time": 0, "load_before": [0], "load_after": [0]}, {"type": "service", "id": "1603426000_13", "location_id": "1603426000", "address": {"location_id": "1603426000", "lat": 42.28365921, "lon": -71.05968321}, "arr_time": 1676286219, "arr_date_time": "2023-02-13T06:03:39-05:00", "end_time": 1676286519, "end_date_time": "2023-02-13T06:08:39-05:00", "waiting_time": 0, "distance": 1165, "driving_time": 1119, "preparation_time": 0, "load_before": [0], "load_after": [0]}, {"type": "service", "id": "1605221000_43", "location_id": "1605221000", "address": {"location_id": "1605221000", "lat": 42.28338021, "lon": -71.0583781}, "arr_time": 1676286619, "arr_date_time": "2023-02-13T06:10:19-05:00", "end_time": 1676286919, "end_date_time": "2023-02-13T06:15:19-05:00", "waiting_time": 0, "distance": 1269, "driving_time": 1219, "preparation_time": 0, "load_before": [0], "load_after": [0]}, {"type": "service", "id": "1603417001_12", "location_id": "1603417001", "address": {"location_id": "1603417001", "lat": 42.28372057, "lon": -71.0582858}, "arr_time": 1676286927, "arr_date_time": "2023-02-13T06:15:27-05:00", "end_time": 1676287227, "end_date_time": "2023-02-13T06:20:27-05:00", "waiting_time": 0, "distance": 1278, "driving_time": 1227, "preparation_time": 0, "load_before": [0], "load_after": [0]}, {"type": "service", "id": "1605222000_44", "location_id": "1605222000", "address": {"location_id": "1605222000", "lat": 42.28334986, "lon": -71.05815143}, "arr_time": 1676287236, "arr_date_time": "2023-02-13T06:20:36-05:00", "end_time": 1676287536, "end_date_time": "2023-02-13T06:25:36-05:00", "waiting_time": 0, "distance": 1288, "driving_time": 1236, "preparation_time": 0, "load_before": [0], "load_after": [0]}, {"type": "service", "id": "1605224000_45", "location_id": "1605224000", "address": {"location_id": "1605224000", "lat": 42.28340182, "lon": -71.05778365}, "arr_time": 1676287565, "arr_date_time": "2023-02-13T06:26:05-05:00", "end_time": 1676287865, "end_date_time": "2023-02-13T06:31:05-05:00", "waiting_time": 0, "distance": 1318, "driving_time": 1265, "preparation_time": 0, "load_before": [0], "load_after": [0]}, {"type": "service", "id": "1603405000_11", "location_id": "1603405000", "address": {"location_id": "1603405000", "lat": 42.28371408, "lon": -71.05742453}, "arr_time": 1676287929, "arr_date_time": "2023-02-13T06:32:09-05:00", "end_time": 1676288229, "end_date_time": "2023-02-13T06:37:09-05:00", "waiting_time": 0, "distance": 1385, "driving_time": 1329, "preparation_time": 0, "load_before": [0], "load_after": [0]}, {"type": "service", "id": "1605225000_46", "location_id": "1605225000", "address": {"location_id": "1605225000", "lat": 42.2834269, "lon": -71.05759195}, "arr_time": 1676288300, "arr_date_time": "2023-02-13T06:38:20-05:00", "end_time": 1676288600, "end_date_time": "2023-02-13T06:43:20-05:00", "waiting_time": 0, "distance": 1458, "driving_time": 1400, "preparation_time": 0, "load_before": [0], "load_after": [0]}, {"type": "service", "id": "1603404000_10", "location_id": "1603404000", "address": {"location_id": "1603404000", "lat": 42.2837197, "lon": -71.05725929}, "arr_time": 1676288628, "arr_date_time": "2023-02-13T06:43:48-05:00", "end_time": 1676288928, "end_date_time": "2023-02-13T06:48:48-05:00", "waiting_time": 0, "distance": 1487, "driving_time": 1428, "preparation_time": 0, "load_before": [0], "load_after": [0]}, {"type": "service", "id": "1605179000_26", "location_id": "1605179000", "address": {"location_id": "1605179000", "lat": 42.28343806, "lon": -71.05626336}, "arr_time": 1676289005, "arr_date_time": "2023-02-13T06:50:05-05:00", "end_time": 1676289305, "end_date_time": "2023-02-13T06:55:05-05:00", "waiting_time": 0, "distance": 1568, "driving_time": 1505, "preparation_time": 0, "load_before": [0], "load_after": [0]}, {"type": "service", "id": "1603400000_08", "location_id": "1603400000", "address": {"location_id": "1603400000", "lat": 42.2837527, "lon": -71.05648864}, "arr_time": 1676289336, "arr_date_time": "2023-02-13T06:55:36-05:00", "end_time": 1676289636, "end_date_time": "2023-02-13T07:00:36-05:00", "waiting_time": 0, "distance": 1600, "driving_time": 1536, "preparation_time": 0, "load_before": [0], "load_after": [0]}, {"type": "service", "id": "1603401001_09", "location_id": "1603401001", "address": {"location_id": "1603401001", "lat": 42.28373578, "lon": -71.05686873}, "arr_time": 1676289691, "arr_date_time": "2023-02-13T07:01:31-05:00", "end_time": 1676289991, "end_date_time": "2023-02-13T07:06:31-05:00", "waiting_time": 0, "distance": 1657, "driving_time": 1591, "preparation_time": 0, "load_before": [0], "load_after": [0]}, {"type": "service", "id": "1605209000_36", "location_id": "1605209000", "address": {"location_id": "1605209000", "lat": 42.28329638, "lon": -71.05725589}, "arr_time": 1676290068, "arr_date_time": "2023-02-13T07:07:48-05:00", "end_time": 1676290368, "end_date_time": "2023-02-13T07:12:48-05:00", "waiting_time": 0, "distance": 1738, "driving_time": 1668, "preparation_time": 0, "load_before": [0], "load_after": [0]}, {"type": "service", "id": "1605205000_35", "location_id": "1605205000", "address": {"location_id": "1605205000", "lat": 42.28293528, "lon": -71.05729197}, "arr_time": 1676290383, "arr_date_time": "2023-02-13T07:13:03-05:00", "end_time": 1676290683, "end_date_time": "2023-02-13T07:18:03-05:00", "waiting_time": 0, "distance": 1754, "driving_time": 1683, "preparation_time": 0, "load_before": [0], "load_after": [0]}, {"type": "service", "id": "1605210000_37", "location_id": "1605210000", "address": {"location_id": "1605210000", "lat": 42.28325253, "lon": -71.05743914}, "arr_time": 1676290683, "arr_date_time": "2023-02-13T07:18:03-05:00", "end_time": 1676290983, "end_date_time": "2023-02-13T07:23:03-05:00", "waiting_time": 0, "distance": 1754, "driving_time": 1683, "preparation_time": 0, "load_before": [0], "load_after": [0]}, {"type": "service", "id": "1605204000_34", "location_id": "1605204000", "address": {"location_id": "1605204000", "lat": 42.28289047, "lon": -71.05746553}, "arr_time": 1676290997, "arr_date_time": "2023-02-13T07:23:17-05:00", "end_time": 1676291297, "end_date_time": "2023-02-13T07:28:17-05:00", "waiting_time": 0, "distance": 1769, "driving_time": 1697, "preparation_time": 0, "load_before": [0], "load_after": [0]}, {"type": "service", "id": "1605211000_38", "location_id": "1605211000", "address": {"location_id": "1605211000", "lat": 42.2832085, "lon": -71.0576176}, "arr_time": 1676291297, "arr_date_time": "2023-02-13T07:28:17-05:00", "end_time": 1676291597, "end_date_time": "2023-02-13T07:33:17-05:00", "waiting_time": 0, "distance": 1770, "driving_time": 1697, "preparation_time": 0, "load_before": [0], "load_after": [0]}, {"type": "service", "id": "1605212000_39", "location_id": "1605212000", "address": {"location_id": "1605212000", "lat": 42.28316448, "lon": -71.05779777}, "arr_time": 1676291612, "arr_date_time": "2023-02-13T07:33:32-05:00", "end_time": 1676291912, "end_date_time": "2023-02-13T07:38:32-05:00", "waiting_time": 0, "distance": 1786, "driving_time": 1712, "preparation_time": 0, "load_before": [0], "load_after": [0]}, {"type": "service", "id": "1605213000_40", "location_id": "1605213000", "address": {"location_id": "1605213000", "lat": 42.28312256, "lon": -71.05796994}, "arr_time": 1676291927, "arr_date_time": "2023-02-13T07:38:47-05:00", "end_time": 1676292227, "end_date_time": "2023-02-13T07:43:47-05:00", "waiting_time": 0, "distance": 1801, "driving_time": 1727, "preparation_time": 0, "load_before": [0], "load_after": [0]}, {"type": "service", "id": "1605201000_33", "location_id": "1605201000", "address": {"location_id": "1605201000", "lat": 42.28277922, "lon": -71.05800198}, "arr_time": 1676292241, "arr_date_time": "2023-02-13T07:44:01-05:00", "end_time": 1676292541, "end_date_time": "2023-02-13T07:49:01-05:00", "waiting_time": 0, "distance": 1816, "driving_time": 1741, "preparation_time": 0, "load_before": [0], "load_after": [0]}, {"type": "service", "id": "1605214000_41", "location_id": "1605214000", "address": {"location_id": "1605214000", "lat": 42.28308962, "lon": -71.0581425}, "arr_time": 1676292541, "arr_date_time": "2023-02-13T07:49:01-05:00", "end_time": 1676292841, "end_date_time": "2023-02-13T07:54:01-05:00", "waiting_time": 0, "distance": 1816, "driving_time": 1741, "preparation_time": 0, "load_before": [0], "load_after": [0]}, {"type": "service", "id": "1605200000_32", "location_id": "1605200000", "address": {"location_id": "1605200000", "lat": 42.2827329, "lon": -71.05817528}, "arr_time": 1676292856, "arr_date_time": "2023-02-13T07:54:16-05:00", "end_time": 1676293156, "end_date_time": "2023-02-13T07:59:16-05:00", "waiting_time": 0, "distance": 1831, "driving_time": 1756, "preparation_time": 0, "load_before": [0], "load_after": [0]}, {"type": "service", "id": "1605215000_42", "location_id": "1605215000", "address": {"location_id": "1605215000", "lat": 42.28304324, "lon": -71.05832358}, "arr_time": 1676293156, "arr_date_time": "2023-02-13T07:59:16-05:00", "end_time": 1676293456, "end_date_time": "2023-02-13T08:04:16-05:00", "waiting_time": 0, "distance": 1832, "driving_time": 1756, "preparation_time": 0, "load_before": [0], "load_after": [0]}, {"type": "service", "id": "1605199000_31", "location_id": "1605199000", "address": {"location_id": "1605199000", "lat": 42.28268675, "lon": -71.05834942}, "arr_time": 1676293471, "arr_date_time": "2023-02-13T08:04:31-05:00", "end_time": 1676293771, "end_date_time": "2023-02-13T08:09:31-05:00", "waiting_time": 0, "distance": 1847, "driving_time": 1771, "preparation_time": 0, "load_before": [0], "load_after": [0]}, {"type": "service", "id": "1605247000_52", "location_id": "1605247000", "address": {"location_id": "1605247000", "lat": 42.28287913, "lon": -71.05908889}, "arr_time": 1676293819, "arr_date_time": "2023-02-13T08:10:19-05:00", "end_time": 1676294119, "end_date_time": "2023-02-13T08:15:19-05:00", "waiting_time": 0, "distance": 1897, "driving_time": 1819, "preparation_time": 0, "load_before": [0], "load_after": [0]}, {"type": "service", "id": "1605248000_53", "location_id": "1605248000", "address": {"location_id": "1605248000", "lat": 42.28273213, "lon": -71.05901644}, "arr_time": 1676294136, "arr_date_time": "2023-02-13T08:15:36-05:00", "end_time": 1676294436, "end_date_time": "2023-02-13T08:20:36-05:00", "waiting_time": 0, "distance": 1914, "driving_time": 1836, "preparation_time": 0, "load_before": [0], "load_after": [0]}, {"type": "service", "id": "1605249000_54", "location_id": "1605249000", "address": {"location_id": "1605249000", "lat": 42.28258222, "lon": -71.05894224}, "arr_time": 1676294453, "arr_date_time": "2023-02-13T08:20:53-05:00", "end_time": 1676294753, "end_date_time": "2023-02-13T08:25:53-05:00", "waiting_time": 0, "distance": 1932, "driving_time": 1853, "preparation_time": 0, "load_before": [0], "load_after": [0]}, {"type": "service", "id": "1605198000_30", "location_id": "1605198000", "address": {"location_id": "1605198000", "lat": 42.28264123, "lon": -71.05852263}, "arr_time": 1676294759, "arr_date_time": "2023-02-13T08:25:59-05:00", "end_time": 1676295059, "end_date_time": "2023-02-13T08:30:59-05:00", "waiting_time": 0, "distance": 1937, "driving_time": 1859, "preparation_time": 0, "load_before": [0], "load_after": [0]}, {"type": "service", "id": "1605250000_55", "location_id": "1605250000", "address": {"location_id": "1605250000", "lat": 42.28244167, "lon": -71.05887217}, "arr_time": 1676295069, "arr_date_time": "2023-02-13T08:31:09-05:00", "end_time": 1676295369, "end_date_time": "2023-02-13T08:36:09-05:00", "waiting_time": 0, "distance": 1949, "driving_time": 1869, "preparation_time": 0, "load_before": [0], "load_after": [0]}, {"type": "service", "id": "1605197000_29", "location_id": "1605197000", "address": {"location_id": "1605197000", "lat": 42.28242046, "lon": -71.05836458}, "arr_time": 1676295384, "arr_date_time": "2023-02-13T08:36:24-05:00", "end_time": 1676295684, "end_date_time": "2023-02-13T08:41:24-05:00", "waiting_time": 0, "distance": 1965, "driving_time": 1884, "preparation_time": 0, "load_before": [0], "load_after": [0]}, {"type": "service", "id": "1605196000_28", "location_id": "1605196000", "address": {"location_id": "1605196000", "lat": 42.28248033, "lon": -71.05814331}, "arr_time": 1676295747, "arr_date_time": "2023-02-13T08:42:27-05:00", "end_time": 1676296047, "end_date_time": "2023-02-13T08:47:27-05:00", "waiting_time": 0, "distance": 2030, "driving_time": 1947, "preparation_time": 0, "load_before": [0], "load_after": [0]}, {"type": "service", "id": "1605194000_27", "location_id": "1605194000", "address": {"location_id": "1605194000", "lat": 42.28257224, "lon": -71.05771}, "arr_time": 1676296081, "arr_date_time": "2023-02-13T08:48:01-05:00", "end_time": 1676296381, "end_date_time": "2023-02-13T08:53:01-05:00", "waiting_time": 0, "distance": 2067, "driving_time": 1981, "preparation_time": 0, "load_before": [0], "load_after": [0]}, {"type": "service", "id": "1605230000_47", "location_id": "1605230000", "address": {"location_id": "1605230000", "lat": 42.28219377, "lon": -71.05900236}, "arr_time": 1676296491, "arr_date_time": "2023-02-13T08:54:51-05:00", "end_time": 1676296791, "end_date_time": "2023-02-13T08:59:51-05:00", "waiting_time": 0, "distance": 2181, "driving_time": 2091, "preparation_time": 0, "load_before": [0], "load_after": [0]}, {"type": "service", "id": "1605251000_56", "location_id": "1605251000", "address": {"location_id": "1605251000", "lat": 42.2820233, "lon": -71.05949302}, "arr_time": 1676296835, "arr_date_time": "2023-02-13T09:00:35-05:00", "end_time": 1676297135, "end_date_time": "2023-02-13T09:05:35-05:00", "waiting_time": 0, "distance": 2227, "driving_time": 2135, "preparation_time": 0, "load_before": [0], "load_after": [0]}, {"type": "service", "id": "1605231000_48", "location_id": "1605231000", "address": {"location_id": "1605231000", "lat": 42.282144, "lon": -71.0591737}, "arr_time": 1676297139, "arr_date_time": "2023-02-13T09:05:39-05:00", "end_time": 1676297439, "end_date_time": "2023-02-13T09:10:39-05:00", "waiting_time": 0, "distance": 2231, "driving_time": 2139, "preparation_time": 0, "load_before": [0], "load_after": [0]}, {"type": "service", "id": "1605238000_49", "location_id": "1605238000", "address": {"location_id": "1605238000", "lat": 42.28293744, "lon": -71.05977613}, "arr_time": 1676297524, "arr_date_time": "2023-02-13T09:12:04-05:00", "end_time": 1676297824, "end_date_time": "2023-02-13T09:17:04-05:00", "waiting_time": 0, "distance": 2320, "driving_time": 2224, "preparation_time": 0, "load_before": [0], "load_after": [0]}]}], "unassigned": {"services": [], "shipments": [], "breaks": [], "details": []}}}