{"copyrights": ["GraphHopper", "OpenStreetMap contributors"], "job_id": "dd2b108e-773c-4a2c-a2f9-bb95bd5d6ea0", "status": "finished", "waiting_time_in_queue": 0, "processing_time": 187, "solution": {"costs": 348, "distance": 2000, "time": 1915, "transport_time": 1915, "completion_time": 18415, "max_operation_time": 18415, "waiting_time": 0, "service_duration": 16500, "preparation_time": 0, "no_vehicles": 1, "no_unassigned": 0, "routes": [{"vehicle_id": "my_vehicle", "shift_id": "default-shift", "distance": 2000, "transport_time": 1915, "completion_time": 18415, "waiting_time": 0, "service_duration": 16500, "preparation_time": 0, "activities": [{"type": "start", "location_id": "1702725000", "address": {"location_id": "1702725000", "lat": 42.28272615, "lon": -71.07758829}, "arr_time": 1676278800, "arr_date_time": "2023-02-13T04:00:00-05:00", "end_time": 1676278800, "end_date_time": "2023-02-13T04:00:00-05:00", "waiting_time": 0, "distance": 0, "driving_time": 0, "preparation_time": 0, "load_after": [0]}, {"type": "service", "id": "1702728000_39", "location_id": "1702728000", "address": {"location_id": "1702728000", "lat": 42.28279369, "lon": -71.07725081}, "arr_time": 1676278828, "arr_date_time": "2023-02-13T04:00:28-05:00", "end_time": 1676279128, "end_date_time": "2023-02-13T04:05:28-05:00", "waiting_time": 0, "distance": 29, "driving_time": 28, "preparation_time": 0, "load_before": [0], "load_after": [0]}, {"type": "service", "id": "1702722000_38", "location_id": "1702722000", "address": {"location_id": "1702722000", "lat": 42.28260154, "lon": -71.07820856}, "arr_time": 1676279207, "arr_date_time": "2023-02-13T04:06:47-05:00", "end_time": 1676279507, "end_date_time": "2023-02-13T04:11:47-05:00", "waiting_time": 0, "distance": 111, "driving_time": 107, "preparation_time": 0, "load_before": [0], "load_after": [0]}, {"type": "service", "id": "1702721000_37", "location_id": "1702721000", "address": {"location_id": "1702721000", "lat": 42.28255405, "lon": -71.07844439}, "arr_time": 1676279527, "arr_date_time": "2023-02-13T04:12:07-05:00", "end_time": 1676279827, "end_date_time": "2023-02-13T04:17:07-05:00", "waiting_time": 0, "distance": 131, "driving_time": 127, "preparation_time": 0, "load_before": [0], "load_after": [0]}, {"type": "service", "id": "1702748000_41", "location_id": "1702748000", "address": {"location_id": "1702748000", "lat": 42.28204681, "lon": -71.07950491}, "arr_time": 1676280056, "arr_date_time": "2023-02-13T04:20:56-05:00", "end_time": 1676280356, "end_date_time": "2023-02-13T04:25:56-05:00", "waiting_time": 0, "distance": 369, "driving_time": 356, "preparation_time": 0, "load_before": [0], "load_after": [0]}, {"type": "service", "id": "1702679000_26", "location_id": "1702679000", "address": {"location_id": "1702679000", "lat": 42.28182586, "lon": -71.07870892}, "arr_time": 1676280411, "arr_date_time": "2023-02-13T04:26:51-05:00", "end_time": 1676280711, "end_date_time": "2023-02-13T04:31:51-05:00", "waiting_time": 0, "distance": 426, "driving_time": 411, "preparation_time": 0, "load_before": [0], "load_after": [0]}, {"type": "service", "id": "1702680000_27", "location_id": "1702680000", "address": {"location_id": "1702680000", "lat": 42.28186278, "lon": -71.07852592}, "arr_time": 1676280725, "arr_date_time": "2023-02-13T04:32:05-05:00", "end_time": 1676281025, "end_date_time": "2023-02-13T04:37:05-05:00", "waiting_time": 0, "distance": 442, "driving_time": 425, "preparation_time": 0, "load_before": [0], "load_after": [0]}, {"type": "service", "id": "1702740000_40", "location_id": "1702740000", "address": {"location_id": "1702740000", "lat": 42.28237261, "lon": -71.07804213}, "arr_time": 1676281076, "arr_date_time": "2023-02-13T04:37:56-05:00", "end_time": 1676281376, "end_date_time": "2023-02-13T04:42:56-05:00", "waiting_time": 0, "distance": 495, "driving_time": 476, "preparation_time": 0, "load_before": [0], "load_after": [0]}, {"type": "service", "id": "1702684000_28", "location_id": "1702684000", "address": {"location_id": "1702684000", "lat": 42.28200892, "lon": -71.07780566}, "arr_time": 1676281384, "arr_date_time": "2023-02-13T04:43:04-05:00", "end_time": 1676281684, "end_date_time": "2023-02-13T04:48:04-05:00", "waiting_time": 0, "distance": 503, "driving_time": 484, "preparation_time": 0, "load_before": [0], "load_after": [0]}, {"type": "service", "id": "1702685000_29", "location_id": "1702685000", "address": {"location_id": "1702685000", "lat": 42.28203091, "lon": -71.0776959}, "arr_time": 1676281693, "arr_date_time": "2023-02-13T04:48:13-05:00", "end_time": 1676281993, "end_date_time": "2023-02-13T04:53:13-05:00", "waiting_time": 0, "distance": 512, "driving_time": 493, "preparation_time": 0, "load_before": [0], "load_after": [0]}, {"type": "service", "id": "1702691000_30", "location_id": "1702691000", "address": {"location_id": "1702691000", "lat": 42.28204925, "lon": -71.07635752}, "arr_time": 1676282175, "arr_date_time": "2023-02-13T04:56:15-05:00", "end_time": 1676282475, "end_date_time": "2023-02-13T05:01:15-05:00", "waiting_time": 0, "distance": 701, "driving_time": 675, "preparation_time": 0, "load_before": [0], "load_after": [0]}, {"type": "service", "id": "1702692000_31", "location_id": "1702692000", "address": {"location_id": "1702692000", "lat": 42.28191259, "lon": -71.07622301}, "arr_time": 1676282491, "arr_date_time": "2023-02-13T05:01:31-05:00", "end_time": 1676282791, "end_date_time": "2023-02-13T05:06:31-05:00", "waiting_time": 0, "distance": 718, "driving_time": 691, "preparation_time": 0, "load_before": [0], "load_after": [0]}, {"type": "service", "id": "1702692001_32", "location_id": "1702692001", "address": {"location_id": "1702692001", "lat": 42.28187582, "lon": -71.076403}, "arr_time": 1676282831, "arr_date_time": "2023-02-13T05:07:11-05:00", "end_time": 1676283131, "end_date_time": "2023-02-13T05:12:11-05:00", "waiting_time": 0, "distance": 760, "driving_time": 731, "preparation_time": 0, "load_before": [0], "load_after": [0]}, {"type": "service", "id": "1702662000_19", "location_id": "1702662000", "address": {"location_id": "1702662000", "lat": 42.28153465, "lon": -71.07649449}, "arr_time": 1676283148, "arr_date_time": "2023-02-13T05:12:28-05:00", "end_time": 1676283448, "end_date_time": "2023-02-13T05:17:28-05:00", "waiting_time": 0, "distance": 778, "driving_time": 748, "preparation_time": 0, "load_before": [0], "load_after": [0]}, {"type": "service", "id": "1702700000_33", "location_id": "1702700000", "address": {"location_id": "1702700000", "lat": 42.28170108, "lon": -71.07765287}, "arr_time": 1676283531, "arr_date_time": "2023-02-13T05:18:51-05:00", "end_time": 1676283831, "end_date_time": "2023-02-13T05:23:51-05:00", "waiting_time": 0, "distance": 865, "driving_time": 831, "preparation_time": 0, "load_before": [0], "load_after": [0]}, {"type": "service", "id": "1702655000_18", "location_id": "1702655000", "address": {"location_id": "1702655000", "lat": 42.28118585, "lon": -71.07787996}, "arr_time": 1676283863, "arr_date_time": "2023-02-13T05:24:23-05:00", "end_time": 1676284163, "end_date_time": "2023-02-13T05:29:23-05:00", "waiting_time": 0, "distance": 899, "driving_time": 863, "preparation_time": 0, "load_before": [0], "load_after": [0]}, {"type": "service", "id": "1702705000_34", "location_id": "1702705000", "address": {"location_id": "1702705000", "lat": 42.28155368, "lon": -71.0783655}, "arr_time": 1676284189, "arr_date_time": "2023-02-13T05:29:49-05:00", "end_time": 1676284489, "end_date_time": "2023-02-13T05:34:49-05:00", "waiting_time": 0, "distance": 926, "driving_time": 889, "preparation_time": 0, "load_before": [0], "load_after": [0]}, {"type": "service", "id": "1702706000_35", "location_id": "1702706000", "address": {"location_id": "1702706000", "lat": 42.28152533, "lon": -71.07850378}, "arr_time": 1676284500, "arr_date_time": "2023-02-13T05:35:00-05:00", "end_time": 1676284800, "end_date_time": "2023-02-13T05:40:00-05:00", "waiting_time": 0, "distance": 938, "driving_time": 900, "preparation_time": 0, "load_before": [0], "load_after": [0]}, {"type": "service", "id": "1702708000_36", "location_id": "1702708000", "address": {"location_id": "1702708000", "lat": 42.28141123, "lon": -71.07877174}, "arr_time": 1676284824, "arr_date_time": "2023-02-13T05:40:24-05:00", "end_time": 1676285124, "end_date_time": "2023-02-13T05:45:24-05:00", "waiting_time": 0, "distance": 963, "driving_time": 924, "preparation_time": 0, "load_before": [0], "load_after": [0]}, {"type": "service", "id": "1702674000_25", "location_id": "1702674000", "address": {"location_id": "1702674000", "lat": 42.28078526, "lon": -71.07846176}, "arr_time": 1676285217, "arr_date_time": "2023-02-13T05:46:57-05:00", "end_time": 1676285517, "end_date_time": "2023-02-13T05:51:57-05:00", "waiting_time": 0, "distance": 1061, "driving_time": 1017, "preparation_time": 0, "load_before": [0], "load_after": [0]}, {"type": "service", "id": "1702635000_11", "location_id": "1702635000", "address": {"location_id": "1702635000", "lat": 42.28034573, "lon": -71.07779218}, "arr_time": 1676285601, "arr_date_time": "2023-02-13T05:53:21-05:00", "end_time": 1676285901, "end_date_time": "2023-02-13T05:58:21-05:00", "waiting_time": 0, "distance": 1149, "driving_time": 1101, "preparation_time": 0, "load_before": [0], "load_after": [0]}, {"type": "service", "id": "1702636000_12", "location_id": "1702636000", "address": {"location_id": "1702636000", "lat": 42.28038046, "lon": -71.07764448}, "arr_time": 1676285913, "arr_date_time": "2023-02-13T05:58:33-05:00", "end_time": 1676286213, "end_date_time": "2023-02-13T06:03:33-05:00", "waiting_time": 0, "distance": 1162, "driving_time": 1113, "preparation_time": 0, "load_before": [0], "load_after": [0]}, {"type": "service", "id": "1702669000_24", "location_id": "1702669000", "address": {"location_id": "1702669000", "lat": 42.28084297, "lon": -71.0777455}, "arr_time": 1676286220, "arr_date_time": "2023-02-13T06:03:40-05:00", "end_time": 1676286520, "end_date_time": "2023-02-13T06:08:40-05:00", "waiting_time": 0, "distance": 1169, "driving_time": 1120, "preparation_time": 0, "load_before": [0], "load_after": [0]}, {"type": "service", "id": "1702668000_23", "location_id": "1702668000", "address": {"location_id": "1702668000", "lat": 42.2808813, "lon": -71.07756905}, "arr_time": 1676286535, "arr_date_time": "2023-02-13T06:08:55-05:00", "end_time": 1676286835, "end_date_time": "2023-02-13T06:13:55-05:00", "waiting_time": 0, "distance": 1184, "driving_time": 1135, "preparation_time": 0, "load_before": [0], "load_after": [0]}, {"type": "service", "id": "1702639000_13", "location_id": "1702639000", "address": {"location_id": "1702639000", "lat": 42.28048385, "lon": -71.07719447}, "arr_time": 1676286851, "arr_date_time": "2023-02-13T06:14:11-05:00", "end_time": 1676287151, "end_date_time": "2023-02-13T06:19:11-05:00", "waiting_time": 0, "distance": 1201, "driving_time": 1151, "preparation_time": 0, "load_before": [0], "load_after": [0]}, {"type": "service", "id": "1702666000_22", "location_id": "1702666000", "address": {"location_id": "1702666000", "lat": 42.28095756, "lon": -71.07721461}, "arr_time": 1676287164, "arr_date_time": "2023-02-13T06:19:24-05:00", "end_time": 1676287464, "end_date_time": "2023-02-13T06:24:24-05:00", "waiting_time": 0, "distance": 1215, "driving_time": 1164, "preparation_time": 0, "load_before": [0], "load_after": [0]}, {"type": "service", "id": "1702640000_14", "location_id": "1702640000", "address": {"location_id": "1702640000", "lat": 42.28052286, "lon": -71.07702752}, "arr_time": 1676287465, "arr_date_time": "2023-02-13T06:24:25-05:00", "end_time": 1676287765, "end_date_time": "2023-02-13T06:29:25-05:00", "waiting_time": 0, "distance": 1216, "driving_time": 1165, "preparation_time": 0, "load_before": [0], "load_after": [0]}, {"type": "service", "id": "1702665000_21", "location_id": "1702665000", "address": {"location_id": "1702665000", "lat": 42.28099616, "lon": -71.07703514}, "arr_time": 1676287779, "arr_date_time": "2023-02-13T06:29:39-05:00", "end_time": 1676288079, "end_date_time": "2023-02-13T06:34:39-05:00", "waiting_time": 0, "distance": 1231, "driving_time": 1179, "preparation_time": 0, "load_before": [0], "load_after": [0]}, {"type": "service", "id": "1702641000_15", "location_id": "1702641000", "address": {"location_id": "1702641000", "lat": 42.28056442, "lon": -71.07685161}, "arr_time": 1676288079, "arr_date_time": "2023-02-13T06:34:39-05:00", "end_time": 1676288379, "end_date_time": "2023-02-13T06:39:39-05:00", "waiting_time": 0, "distance": 1232, "driving_time": 1179, "preparation_time": 0, "load_before": [0], "load_after": [0]}, {"type": "service", "id": "1702643000_16", "location_id": "1702643000", "address": {"location_id": "1702643000", "lat": 42.28064782, "lon": -71.0764949}, "arr_time": 1676288408, "arr_date_time": "2023-02-13T06:40:08-05:00", "end_time": 1676288708, "end_date_time": "2023-02-13T06:45:08-05:00", "waiting_time": 0, "distance": 1263, "driving_time": 1208, "preparation_time": 0, "load_before": [0], "load_after": [0]}, {"type": "service", "id": "1702645000_17", "location_id": "1702645000", "address": {"location_id": "1702645000", "lat": 42.28073043, "lon": -71.07615436}, "arr_time": 1676288736, "arr_date_time": "2023-02-13T06:45:36-05:00", "end_time": 1676289036, "end_date_time": "2023-02-13T06:50:36-05:00", "waiting_time": 0, "distance": 1292, "driving_time": 1236, "preparation_time": 0, "load_before": [0], "load_after": [0]}, {"type": "service", "id": "1702663030_20", "location_id": "1702663030", "address": {"location_id": "1702663030", "lat": 42.28113508, "lon": -71.07629277}, "arr_time": 1676289037, "arr_date_time": "2023-02-13T06:50:37-05:00", "end_time": 1676289337, "end_date_time": "2023-02-13T06:55:37-05:00", "waiting_time": 0, "distance": 1294, "driving_time": 1237, "preparation_time": 0, "load_before": [0], "load_after": [0]}, {"type": "service", "id": "1703079000_55", "location_id": "1703079000", "address": {"location_id": "1703079000", "lat": 42.2800592, "lon": -71.07583247}, "arr_time": 1676289492, "arr_date_time": "2023-02-13T06:58:12-05:00", "end_time": 1676289792, "end_date_time": "2023-02-13T07:03:12-05:00", "waiting_time": 0, "distance": 1455, "driving_time": 1392, "preparation_time": 0, "load_before": [0], "load_after": [0]}, {"type": "service", "id": "1702616000_01", "location_id": "1702616000", "address": {"location_id": "1702616000", "lat": 42.28037675, "lon": -71.0760192}, "arr_time": 1676289795, "arr_date_time": "2023-02-13T07:03:15-05:00", "end_time": 1676290095, "end_date_time": "2023-02-13T07:08:15-05:00", "waiting_time": 0, "distance": 1457, "driving_time": 1395, "preparation_time": 0, "load_before": [0], "load_after": [0]}, {"type": "service", "id": "1702617000_02", "location_id": "1702617000", "address": {"location_id": "1702617000", "lat": 42.28038736, "lon": -71.07618278}, "arr_time": 1676290107, "arr_date_time": "2023-02-13T07:08:27-05:00", "end_time": 1676290407, "end_date_time": "2023-02-13T07:13:27-05:00", "waiting_time": 0, "distance": 1469, "driving_time": 1407, "preparation_time": 0, "load_before": [0], "load_after": [0]}, {"type": "service", "id": "1702619000_03", "location_id": "1702619000", "address": {"location_id": "1702619000", "lat": 42.28031079, "lon": -71.07647783}, "arr_time": 1676290432, "arr_date_time": "2023-02-13T07:13:52-05:00", "end_time": 1676290732, "end_date_time": "2023-02-13T07:18:52-05:00", "waiting_time": 0, "distance": 1495, "driving_time": 1432, "preparation_time": 0, "load_before": [0], "load_after": [0]}, {"type": "service", "id": "1702620000_04", "location_id": "1702620000", "address": {"location_id": "1702620000", "lat": 42.28027233, "lon": -71.07662499}, "arr_time": 1676290744, "arr_date_time": "2023-02-13T07:19:04-05:00", "end_time": 1676291044, "end_date_time": "2023-02-13T07:24:04-05:00", "waiting_time": 0, "distance": 1508, "driving_time": 1444, "preparation_time": 0, "load_before": [0], "load_after": [0]}, {"type": "service", "id": "1703075000_54", "location_id": "1703075000", "address": {"location_id": "1703075000", "lat": 42.2798723, "lon": -71.07653467}, "arr_time": 1676291052, "arr_date_time": "2023-02-13T07:24:12-05:00", "end_time": 1676291352, "end_date_time": "2023-02-13T07:29:12-05:00", "waiting_time": 0, "distance": 1516, "driving_time": 1452, "preparation_time": 0, "load_before": [0], "load_after": [0]}, {"type": "service", "id": "1702621000_05", "location_id": "1702621000", "address": {"location_id": "1702621000", "lat": 42.28023203, "lon": -71.07677502}, "arr_time": 1676291357, "arr_date_time": "2023-02-13T07:29:17-05:00", "end_time": 1676291657, "end_date_time": "2023-02-13T07:34:17-05:00", "waiting_time": 0, "distance": 1521, "driving_time": 1457, "preparation_time": 0, "load_before": [0], "load_after": [0]}, {"type": "service", "id": "1703073000_53", "location_id": "1703073000", "address": {"location_id": "1703073000", "lat": 42.27977928, "lon": -71.07688674}, "arr_time": 1676291683, "arr_date_time": "2023-02-13T07:34:43-05:00", "end_time": 1676291983, "end_date_time": "2023-02-13T07:39:43-05:00", "waiting_time": 0, "distance": 1547, "driving_time": 1483, "preparation_time": 0, "load_before": [0], "load_after": [0]}, {"type": "service", "id": "1702623000_06", "location_id": "1702623000", "address": {"location_id": "1702623000", "lat": 42.28014634, "lon": -71.07711297}, "arr_time": 1676291987, "arr_date_time": "2023-02-13T07:39:47-05:00", "end_time": 1676292287, "end_date_time": "2023-02-13T07:44:47-05:00", "waiting_time": 0, "distance": 1551, "driving_time": 1487, "preparation_time": 0, "load_before": [0], "load_after": [0]}, {"type": "service", "id": "1702624000_07", "location_id": "1702624000", "address": {"location_id": "1702624000", "lat": 42.28010164, "lon": -71.07728486}, "arr_time": 1676292301, "arr_date_time": "2023-02-13T07:45:01-05:00", "end_time": 1676292601, "end_date_time": "2023-02-13T07:50:01-05:00", "waiting_time": 0, "distance": 1566, "driving_time": 1501, "preparation_time": 0, "load_before": [0], "load_after": [0]}, {"type": "service", "id": "1703071000_52", "location_id": "1703071000", "address": {"location_id": "1703071000", "lat": 42.27968827, "lon": -71.07722955}, "arr_time": 1676292612, "arr_date_time": "2023-02-13T07:50:12-05:00", "end_time": 1676292912, "end_date_time": "2023-02-13T07:55:12-05:00", "waiting_time": 0, "distance": 1577, "driving_time": 1512, "preparation_time": 0, "load_before": [0], "load_after": [0]}, {"type": "service", "id": "1702625000_08", "location_id": "1702625000", "address": {"location_id": "1702625000", "lat": 42.28005761, "lon": -71.07745268}, "arr_time": 1676292915, "arr_date_time": "2023-02-13T07:55:15-05:00", "end_time": 1676293215, "end_date_time": "2023-02-13T08:00:15-05:00", "waiting_time": 0, "distance": 1580, "driving_time": 1515, "preparation_time": 0, "load_before": [0], "load_after": [0]}, {"type": "service", "id": "1703070000_51", "location_id": "1703070000", "address": {"location_id": "1703070000", "lat": 42.27964252, "lon": -71.07740209}, "arr_time": 1676293225, "arr_date_time": "2023-02-13T08:00:25-05:00", "end_time": 1676293525, "end_date_time": "2023-02-13T08:05:25-05:00", "waiting_time": 0, "distance": 1592, "driving_time": 1525, "preparation_time": 0, "load_before": [0], "load_after": [0]}, {"type": "service", "id": "1703068000_50", "location_id": "1703068000", "address": {"location_id": "1703068000", "lat": 42.27954456, "lon": -71.07776457}, "arr_time": 1676293556, "arr_date_time": "2023-02-13T08:05:56-05:00", "end_time": 1676293856, "end_date_time": "2023-02-13T08:10:56-05:00", "waiting_time": 0, "distance": 1624, "driving_time": 1556, "preparation_time": 0, "load_before": [0], "load_after": [0]}, {"type": "service", "id": "1702628000_09", "location_id": "1702628000", "address": {"location_id": "1702628000", "lat": 42.27978203, "lon": -71.07800957}, "arr_time": 1676293865, "arr_date_time": "2023-02-13T08:11:05-05:00", "end_time": 1676294165, "end_date_time": "2023-02-13T08:16:05-05:00", "waiting_time": 0, "distance": 1634, "driving_time": 1565, "preparation_time": 0, "load_before": [0], "load_after": [0]}, {"type": "service", "id": "1702630000_10", "location_id": "1702630000", "address": {"location_id": "1702630000", "lat": 42.27999832, "lon": -71.07809262}, "arr_time": 1676294225, "arr_date_time": "2023-02-13T08:17:05-05:00", "end_time": 1676294525, "end_date_time": "2023-02-13T08:22:05-05:00", "waiting_time": 0, "distance": 1696, "driving_time": 1625, "preparation_time": 0, "load_before": [0], "load_after": [0]}, {"type": "service", "id": "1703065000_49", "location_id": "1703065000", "address": {"location_id": "1703065000", "lat": 42.27932679, "lon": -71.07767051}, "arr_time": 1676294655, "arr_date_time": "2023-02-13T08:24:15-05:00", "end_time": 1676294955, "end_date_time": "2023-02-13T08:29:15-05:00", "waiting_time": 0, "distance": 1831, "driving_time": 1755, "preparation_time": 0, "load_before": [0], "load_after": [0]}, {"type": "service", "id": "1703064000_48", "location_id": "1703064000", "address": {"location_id": "1703064000", "lat": 42.27937432, "lon": -71.07748602}, "arr_time": 1676294969, "arr_date_time": "2023-02-13T08:29:29-05:00", "end_time": 1676295269, "end_date_time": "2023-02-13T08:34:29-05:00", "waiting_time": 0, "distance": 1847, "driving_time": 1769, "preparation_time": 0, "load_before": [0], "load_after": [0]}, {"type": "service", "id": "1703063000_47", "location_id": "1703063000", "address": {"location_id": "1703063000", "lat": 42.27942055, "lon": -71.07730552}, "arr_time": 1676295284, "arr_date_time": "2023-02-13T08:34:44-05:00", "end_time": 1676295584, "end_date_time": "2023-02-13T08:39:44-05:00", "waiting_time": 0, "distance": 1863, "driving_time": 1784, "preparation_time": 0, "load_before": [0], "load_after": [0]}, {"type": "service", "id": "1703061000_46", "location_id": "1703061000", "address": {"location_id": "1703061000", "lat": 42.27950116, "lon": -71.07697125}, "arr_time": 1676295612, "arr_date_time": "2023-02-13T08:40:12-05:00", "end_time": 1676295912, "end_date_time": "2023-02-13T08:45:12-05:00", "waiting_time": 0, "distance": 1892, "driving_time": 1812, "preparation_time": 0, "load_before": [0], "load_after": [0]}, {"type": "service", "id": "1703060000_45", "location_id": "1703060000", "address": {"location_id": "1703060000", "lat": 42.27954352, "lon": -71.07679751}, "arr_time": 1676295927, "arr_date_time": "2023-02-13T08:45:27-05:00", "end_time": 1676296227, "end_date_time": "2023-02-13T08:50:27-05:00", "waiting_time": 0, "distance": 1907, "driving_time": 1827, "preparation_time": 0, "load_before": [0], "load_after": [0]}, {"type": "service", "id": "1703059000_44", "location_id": "1703059000", "address": {"location_id": "1703059000", "lat": 42.27958773, "lon": -71.07661771}, "arr_time": 1676296241, "arr_date_time": "2023-02-13T08:50:41-05:00", "end_time": 1676296541, "end_date_time": "2023-02-13T08:55:41-05:00", "waiting_time": 0, "distance": 1923, "driving_time": 1841, "preparation_time": 0, "load_before": [0], "load_after": [0]}, {"type": "service", "id": "1703056000_43", "location_id": "1703056000", "address": {"location_id": "1703056000", "lat": 42.27971623, "lon": -71.07608956}, "arr_time": 1676296585, "arr_date_time": "2023-02-13T08:56:25-05:00", "end_time": 1676296885, "end_date_time": "2023-02-13T09:01:25-05:00", "waiting_time": 0, "distance": 1969, "driving_time": 1885, "preparation_time": 0, "load_before": [0], "load_after": [0]}, {"type": "service", "id": "1703054000_42", "location_id": "1703054000", "address": {"location_id": "1703054000", "lat": 42.27975992, "lon": -71.07572011}, "arr_time": 1676296915, "arr_date_time": "2023-02-13T09:01:55-05:00", "end_time": 1676297215, "end_date_time": "2023-02-13T09:06:55-05:00", "waiting_time": 0, "distance": 2000, "driving_time": 1915, "preparation_time": 0, "load_before": [0], "load_after": [0]}]}], "unassigned": {"services": [], "shipments": [], "breaks": [], "details": []}}}