{"copyrights": ["GraphHopper", "OpenStreetMap contributors"], "job_id": "eed991d0-a900-495d-9063-890387b11710", "status": "finished", "waiting_time_in_queue": 0, "processing_time": 175, "solution": {"costs": 338, "distance": 2253, "time": 2160, "transport_time": 2160, "completion_time": 17160, "max_operation_time": 17160, "waiting_time": 0, "service_duration": 15000, "preparation_time": 0, "no_vehicles": 1, "no_unassigned": 0, "routes": [{"vehicle_id": "my_vehicle", "shift_id": "default-shift", "distance": 2253, "transport_time": 2160, "completion_time": 17160, "waiting_time": 0, "service_duration": 15000, "preparation_time": 0, "activities": [{"type": "start", "location_id": "1601854000", "address": {"location_id": "1601854000", "lat": 42.29268688, "lon": -71.05837176}, "arr_time": 1676278800, "arr_date_time": "2023-02-13T04:00:00-05:00", "end_time": 1676278800, "end_date_time": "2023-02-13T04:00:00-05:00", "waiting_time": 0, "distance": 0, "driving_time": 0, "preparation_time": 0, "load_after": [0]}, {"type": "service", "id": "1601849000_24", "location_id": "1601849000", "address": {"location_id": "1601849000", "lat": 42.29248403, "lon": -71.05917857}, "arr_time": 1676278868, "arr_date_time": "2023-02-13T04:01:08-05:00", "end_time": 1676279168, "end_date_time": "2023-02-13T04:06:08-05:00", "waiting_time": 0, "distance": 71, "driving_time": 68, "preparation_time": 0, "load_before": [0], "load_after": [0]}, {"type": "service", "id": "1601860000_25", "location_id": "1601860000", "address": {"location_id": "1601860000", "lat": 42.2926649, "lon": -71.05751102}, "arr_time": 1676279381, "arr_date_time": "2023-02-13T04:09:41-05:00", "end_time": 1676279681, "end_date_time": "2023-02-13T04:14:41-05:00", "waiting_time": 0, "distance": 293, "driving_time": 281, "preparation_time": 0, "load_before": [0], "load_after": [0]}, {"type": "service", "id": "1601841000_23", "location_id": "1601841000", "address": {"location_id": "1601841000", "lat": 42.29232282, "lon": -71.05767662}, "arr_time": 1676279728, "arr_date_time": "2023-02-13T04:15:28-05:00", "end_time": 1676280028, "end_date_time": "2023-02-13T04:20:28-05:00", "waiting_time": 0, "distance": 341, "driving_time": 328, "preparation_time": 0, "load_before": [0], "load_after": [0]}, {"type": "service", "id": "1601862000_26", "location_id": "1601862000", "address": {"location_id": "1601862000", "lat": 42.29259043, "lon": -71.05782916}, "arr_time": 1676280031, "arr_date_time": "2023-02-13T04:20:31-05:00", "end_time": 1676280331, "end_date_time": "2023-02-13T04:25:31-05:00", "waiting_time": 0, "distance": 344, "driving_time": 331, "preparation_time": 0, "load_before": [0], "load_after": [0]}, {"type": "service", "id": "1601839000_22", "location_id": "1601839000", "address": {"location_id": "1601839000", "lat": 42.29217054, "lon": -71.05813538}, "arr_time": 1676280368, "arr_date_time": "2023-02-13T04:26:08-05:00", "end_time": 1676280668, "end_date_time": "2023-02-13T04:31:08-05:00", "waiting_time": 0, "distance": 382, "driving_time": 368, "preparation_time": 0, "load_before": [0], "load_after": [0]}, {"type": "service", "id": "1601866000_27", "location_id": "1601866000", "address": {"location_id": "1601866000", "lat": 42.2923395, "lon": -71.05859728}, "arr_time": 1676280697, "arr_date_time": "2023-02-13T04:31:37-05:00", "end_time": 1676280997, "end_date_time": "2023-02-13T04:36:37-05:00", "waiting_time": 0, "distance": 412, "driving_time": 397, "preparation_time": 0, "load_before": [0], "load_after": [0]}, {"type": "service", "id": "1601867000_28", "location_id": "1601867000", "address": {"location_id": "1601867000", "lat": 42.29227344, "lon": -71.05886023}, "arr_time": 1676281019, "arr_date_time": "2023-02-13T04:36:59-05:00", "end_time": 1676281319, "end_date_time": "2023-02-13T04:41:59-05:00", "waiting_time": 0, "distance": 435, "driving_time": 419, "preparation_time": 0, "load_before": [0], "load_after": [0]}, {"type": "service", "id": "1601834000_21", "location_id": "1601834000", "address": {"location_id": "1601834000", "lat": 42.29195246, "lon": -71.05901149}, "arr_time": 1676281341, "arr_date_time": "2023-02-13T04:42:21-05:00", "end_time": 1676281641, "end_date_time": "2023-02-13T04:47:21-05:00", "waiting_time": 0, "distance": 458, "driving_time": 441, "preparation_time": 0, "load_before": [0], "load_after": [0]}, {"type": "service", "id": "1601869000_29", "location_id": "1601869000", "address": {"location_id": "1601869000", "lat": 42.29222701, "lon": -71.05925805}, "arr_time": 1676281651, "arr_date_time": "2023-02-13T04:47:31-05:00", "end_time": 1676281951, "end_date_time": "2023-02-13T04:52:31-05:00", "waiting_time": 0, "distance": 468, "driving_time": 451, "preparation_time": 0, "load_before": [0], "load_after": [0]}, {"type": "service", "id": "1601870000_30", "location_id": "1601870000", "address": {"location_id": "1601870000", "lat": 42.29216744, "lon": -71.05941531}, "arr_time": 1676281960, "arr_date_time": "2023-02-13T04:52:40-05:00", "end_time": 1676282260, "end_date_time": "2023-02-13T04:57:40-05:00", "waiting_time": 0, "distance": 478, "driving_time": 460, "preparation_time": 0, "load_before": [0], "load_after": [0]}, {"type": "service", "id": "1601813000_17", "location_id": "1601813000", "address": {"location_id": "1601813000", "lat": 42.29138551, "lon": -71.05940678}, "arr_time": 1676282320, "arr_date_time": "2023-02-13T04:58:40-05:00", "end_time": 1676282620, "end_date_time": "2023-02-13T05:03:40-05:00", "waiting_time": 0, "distance": 540, "driving_time": 520, "preparation_time": 0, "load_before": [0], "load_after": [0]}, {"type": "service", "id": "1601810000_16", "location_id": "1601810000", "address": {"location_id": "1601810000", "lat": 42.29147269, "lon": -71.05969155}, "arr_time": 1676282729, "arr_date_time": "2023-02-13T05:05:29-05:00", "end_time": 1676283029, "end_date_time": "2023-02-13T05:10:29-05:00", "waiting_time": 0, "distance": 655, "driving_time": 629, "preparation_time": 0, "load_before": [0], "load_after": [0]}, {"type": "service", "id": "1601808000_15", "location_id": "1601808000", "address": {"location_id": "1601808000", "lat": 42.29121338, "lon": -71.05957693}, "arr_time": 1676283059, "arr_date_time": "2023-02-13T05:10:59-05:00", "end_time": 1676283359, "end_date_time": "2023-02-13T05:15:59-05:00", "waiting_time": 0, "distance": 685, "driving_time": 659, "preparation_time": 0, "load_before": [0], "load_after": [0]}, {"type": "service", "id": "1601763000_01", "location_id": "1601763000", "address": {"location_id": "1601763000", "lat": 42.29085654, "lon": -71.05879118}, "arr_time": 1676283463, "arr_date_time": "2023-02-13T05:17:43-05:00", "end_time": 1676283763, "end_date_time": "2023-02-13T05:22:43-05:00", "waiting_time": 0, "distance": 794, "driving_time": 763, "preparation_time": 0, "load_before": [0], "load_after": [0]}, {"type": "service", "id": "1601764000_02", "location_id": "1601764000", "address": {"location_id": "1601764000", "lat": 42.2908939, "lon": -71.05863781}, "arr_time": 1676283776, "arr_date_time": "2023-02-13T05:22:56-05:00", "end_time": 1676284076, "end_date_time": "2023-02-13T05:27:56-05:00", "waiting_time": 0, "distance": 807, "driving_time": 776, "preparation_time": 0, "load_before": [0], "load_after": [0]}, {"type": "service", "id": "1601766000_03", "location_id": "1601766000", "address": {"location_id": "1601766000", "lat": 42.2909351, "lon": -71.05847789}, "arr_time": 1676284089, "arr_date_time": "2023-02-13T05:28:09-05:00", "end_time": 1676284389, "end_date_time": "2023-02-13T05:33:09-05:00", "waiting_time": 0, "distance": 821, "driving_time": 789, "preparation_time": 0, "load_before": [0], "load_after": [0]}, {"type": "service", "id": "1601800000_14", "location_id": "1601800000", "address": {"location_id": "1601800000", "lat": 42.29129151, "lon": -71.05848905}, "arr_time": 1676284400, "arr_date_time": "2023-02-13T05:33:20-05:00", "end_time": 1676284700, "end_date_time": "2023-02-13T05:38:20-05:00", "waiting_time": 0, "distance": 833, "driving_time": 800, "preparation_time": 0, "load_before": [0], "load_after": [0]}, {"type": "service", "id": "1601798000_13", "location_id": "1601798000", "address": {"location_id": "1601798000", "lat": 42.29137146, "lon": -71.05816555}, "arr_time": 1676284727, "arr_date_time": "2023-02-13T05:38:47-05:00", "end_time": 1676285027, "end_date_time": "2023-02-13T05:43:47-05:00", "waiting_time": 0, "distance": 861, "driving_time": 827, "preparation_time": 0, "load_before": [0], "load_after": [0]}, {"type": "service", "id": "1601770000_04", "location_id": "1601770000", "address": {"location_id": "1601770000", "lat": 42.29109326, "lon": -71.05784254}, "arr_time": 1676285041, "arr_date_time": "2023-02-13T05:44:01-05:00", "end_time": 1676285341, "end_date_time": "2023-02-13T05:49:01-05:00", "waiting_time": 0, "distance": 876, "driving_time": 841, "preparation_time": 0, "load_before": [0], "load_after": [0]}, {"type": "service", "id": "1601795000_12", "location_id": "1601795000", "address": {"location_id": "1601795000", "lat": 42.29145645, "lon": -71.05768213}, "arr_time": 1676285365, "arr_date_time": "2023-02-13T05:49:25-05:00", "end_time": 1676285665, "end_date_time": "2023-02-13T05:54:25-05:00", "waiting_time": 0, "distance": 901, "driving_time": 865, "preparation_time": 0, "load_before": [0], "load_after": [0]}, {"type": "service", "id": "1601773000_05", "location_id": "1601773000", "address": {"location_id": "1601773000", "lat": 42.29127547, "lon": -71.05735375}, "arr_time": 1676285684, "arr_date_time": "2023-02-13T05:54:44-05:00", "end_time": 1676285984, "end_date_time": "2023-02-13T05:59:44-05:00", "waiting_time": 0, "distance": 920, "driving_time": 884, "preparation_time": 0, "load_before": [0], "load_after": [0]}, {"type": "service", "id": "1601821000_18", "location_id": "1601821000", "address": {"location_id": "1601821000", "lat": 42.2916684, "lon": -71.0579063}, "arr_time": 1676286109, "arr_date_time": "2023-02-13T06:01:49-05:00", "end_time": 1676286409, "end_date_time": "2023-02-13T06:06:49-05:00", "waiting_time": 0, "distance": 1051, "driving_time": 1009, "preparation_time": 0, "load_before": [0], "load_after": [0]}, {"type": "service", "id": "1601827000_20", "location_id": "1601827000", "address": {"location_id": "1601827000", "lat": 42.29192548, "lon": -71.05821882}, "arr_time": 1676286424, "arr_date_time": "2023-02-13T06:07:04-05:00", "end_time": 1676286724, "end_date_time": "2023-02-13T06:12:04-05:00", "waiting_time": 0, "distance": 1066, "driving_time": 1024, "preparation_time": 0, "load_before": [0], "load_after": [0]}, {"type": "service", "id": "1601823000_19", "location_id": "1601823000", "address": {"location_id": "1601823000", "lat": 42.29175285, "lon": -71.05755865}, "arr_time": 1676286768, "arr_date_time": "2023-02-13T06:12:48-05:00", "end_time": 1676287068, "end_date_time": "2023-02-13T06:17:48-05:00", "waiting_time": 0, "distance": 1112, "driving_time": 1068, "preparation_time": 0, "load_before": [0], "load_after": [0]}, {"type": "service", "id": "1601775000_06", "location_id": "1601775000", "address": {"location_id": "1601775000", "lat": 42.29087939, "lon": -71.05704737}, "arr_time": 1676287209, "arr_date_time": "2023-02-13T06:20:09-05:00", "end_time": 1676287509, "end_date_time": "2023-02-13T06:25:09-05:00", "waiting_time": 0, "distance": 1259, "driving_time": 1209, "preparation_time": 0, "load_before": [0], "load_after": [0]}, {"type": "service", "id": "1602881000_42", "location_id": "1602881000", "address": {"location_id": "1602881000", "lat": 42.29024171, "lon": -71.05660089}, "arr_time": 1676287617, "arr_date_time": "2023-02-13T06:26:57-05:00", "end_time": 1676287917, "end_date_time": "2023-02-13T06:31:57-05:00", "waiting_time": 0, "distance": 1372, "driving_time": 1317, "preparation_time": 0, "load_before": [0], "load_after": [0]}, {"type": "service", "id": "1602912000_45", "location_id": "1602912000", "address": {"location_id": "1602912000", "lat": 42.28974955, "lon": -71.05639915}, "arr_time": 1676287987, "arr_date_time": "2023-02-13T06:33:07-05:00", "end_time": 1676288287, "end_date_time": "2023-02-13T06:38:07-05:00", "waiting_time": 0, "distance": 1444, "driving_time": 1387, "preparation_time": 0, "load_before": [0], "load_after": [0]}, {"type": "service", "id": "1602939000_50", "location_id": "1602939000", "address": {"location_id": "1602939000", "lat": 42.28952709, "lon": -71.05687097}, "arr_time": 1676288329, "arr_date_time": "2023-02-13T06:38:49-05:00", "end_time": 1676288629, "end_date_time": "2023-02-13T06:43:49-05:00", "waiting_time": 0, "distance": 1489, "driving_time": 1429, "preparation_time": 0, "load_before": [0], "load_after": [0]}, {"type": "service", "id": "1602934000_49", "location_id": "1602934000", "address": {"location_id": "1602934000", "lat": 42.28930548, "lon": -71.05773899}, "arr_time": 1676288701, "arr_date_time": "2023-02-13T06:45:01-05:00", "end_time": 1676289001, "end_date_time": "2023-02-13T06:50:01-05:00", "waiting_time": 0, "distance": 1564, "driving_time": 1501, "preparation_time": 0, "load_before": [0], "load_after": [0]}, {"type": "service", "id": "1602903000_43", "location_id": "1602903000", "address": {"location_id": "1602903000", "lat": 42.28963465, "lon": -71.05810656}, "arr_time": 1676289019, "arr_date_time": "2023-02-13T06:50:19-05:00", "end_time": 1676289319, "end_date_time": "2023-02-13T06:55:19-05:00", "waiting_time": 0, "distance": 1582, "driving_time": 1519, "preparation_time": 0, "load_before": [0], "load_after": [0]}, {"type": "service", "id": "1602855000_33", "location_id": "1602855000", "address": {"location_id": "1602855000", "lat": 42.2895358, "lon": -71.0584917}, "arr_time": 1676289349, "arr_date_time": "2023-02-13T06:55:49-05:00", "end_time": 1676289649, "end_date_time": "2023-02-13T07:00:49-05:00", "waiting_time": 0, "distance": 1614, "driving_time": 1549, "preparation_time": 0, "load_before": [0], "load_after": [0]}, {"type": "service", "id": "1602857000_34", "location_id": "1602857000", "address": {"location_id": "1602857000", "lat": 42.28950393, "lon": -71.05861743}, "arr_time": 1676289660, "arr_date_time": "2023-02-13T07:01:00-05:00", "end_time": 1676289960, "end_date_time": "2023-02-13T07:06:00-05:00", "waiting_time": 0, "distance": 1625, "driving_time": 1560, "preparation_time": 0, "load_before": [0], "load_after": [0]}, {"type": "service", "id": "1602931000_48", "location_id": "1602931000", "address": {"location_id": "1602931000", "lat": 42.28911463, "lon": -71.05843855}, "arr_time": 1676289961, "arr_date_time": "2023-02-13T07:06:01-05:00", "end_time": 1676290261, "end_date_time": "2023-02-13T07:11:01-05:00", "waiting_time": 0, "distance": 1627, "driving_time": 1561, "preparation_time": 0, "load_before": [0], "load_after": [0]}, {"type": "service", "id": "1602904000_44", "location_id": "1602904000", "address": {"location_id": "1602904000", "lat": 42.28960977, "lon": -71.05820159}, "arr_time": 1676290304, "arr_date_time": "2023-02-13T07:11:44-05:00", "end_time": 1676290604, "end_date_time": "2023-02-13T07:16:44-05:00", "waiting_time": 0, "distance": 1671, "driving_time": 1604, "preparation_time": 0, "load_before": [0], "load_after": [0]}, {"type": "service", "id": "1602850000_32", "location_id": "1602850000", "address": {"location_id": "1602850000", "lat": 42.28980565, "lon": -71.05863909}, "arr_time": 1676290635, "arr_date_time": "2023-02-13T07:17:15-05:00", "end_time": 1676290935, "end_date_time": "2023-02-13T07:22:15-05:00", "waiting_time": 0, "distance": 1703, "driving_time": 1635, "preparation_time": 0, "load_before": [0], "load_after": [0]}, {"type": "service", "id": "1602849000_31", "location_id": "1602849000", "address": {"location_id": "1602849000", "lat": 42.28985698, "lon": -71.05866386}, "arr_time": 1676290940, "arr_date_time": "2023-02-13T07:22:20-05:00", "end_time": 1676291240, "end_date_time": "2023-02-13T07:27:20-05:00", "waiting_time": 0, "distance": 1709, "driving_time": 1640, "preparation_time": 0, "load_before": [0], "load_after": [0]}, {"type": "service", "id": "1601785000_11", "location_id": "1601785000", "address": {"location_id": "1601785000", "lat": 42.29044333, "lon": -71.05851023}, "arr_time": 1676291292, "arr_date_time": "2023-02-13T07:28:12-05:00", "end_time": 1676291592, "end_date_time": "2023-02-13T07:33:12-05:00", "waiting_time": 0, "distance": 1763, "driving_time": 1692, "preparation_time": 0, "load_before": [0], "load_after": [0]}, {"type": "service", "id": "1601784000_10", "location_id": "1601784000", "address": {"location_id": "1601784000", "lat": 42.29050397, "lon": -71.0583881}, "arr_time": 1676291603, "arr_date_time": "2023-02-13T07:33:23-05:00", "end_time": 1676291903, "end_date_time": "2023-02-13T07:38:23-05:00", "waiting_time": 0, "distance": 1775, "driving_time": 1703, "preparation_time": 0, "load_before": [0], "load_after": [0]}, {"type": "service", "id": "1602871000_39", "location_id": "1602871000", "address": {"location_id": "1602871000", "lat": 42.29020027, "lon": -71.05815251}, "arr_time": 1676291909, "arr_date_time": "2023-02-13T07:38:29-05:00", "end_time": 1676292209, "end_date_time": "2023-02-13T07:43:29-05:00", "waiting_time": 0, "distance": 1782, "driving_time": 1709, "preparation_time": 0, "load_before": [0], "load_after": [0]}, {"type": "service", "id": "1601781000_08", "location_id": "1601781000", "address": {"location_id": "1601781000", "lat": 42.29059035, "lon": -71.05796977}, "arr_time": 1676292236, "arr_date_time": "2023-02-13T07:43:56-05:00", "end_time": 1676292536, "end_date_time": "2023-02-13T07:48:56-05:00", "waiting_time": 0, "distance": 1810, "driving_time": 1736, "preparation_time": 0, "load_before": [0], "load_after": [0]}, {"type": "service", "id": "1601780000_07", "location_id": "1601780000", "address": {"location_id": "1601780000", "lat": 42.29062396, "lon": -71.05783455}, "arr_time": 1676292547, "arr_date_time": "2023-02-13T07:49:07-05:00", "end_time": 1676292847, "end_date_time": "2023-02-13T07:54:07-05:00", "waiting_time": 0, "distance": 1822, "driving_time": 1747, "preparation_time": 0, "load_before": [0], "load_after": [0]}, {"type": "service", "id": "1602875000_41", "location_id": "1602875000", "address": {"location_id": "1602875000", "lat": 42.29034269, "lon": -71.05759568}, "arr_time": 1676292855, "arr_date_time": "2023-02-13T07:54:15-05:00", "end_time": 1676293155, "end_date_time": "2023-02-13T07:59:15-05:00", "waiting_time": 0, "distance": 1830, "driving_time": 1755, "preparation_time": 0, "load_before": [0], "load_after": [0]}, {"type": "service", "id": "1601782000_09", "location_id": "1601782000", "address": {"location_id": "1601782000", "lat": 42.2905553, "lon": -71.05810745}, "arr_time": 1676293185, "arr_date_time": "2023-02-13T07:59:45-05:00", "end_time": 1676293485, "end_date_time": "2023-02-13T08:04:45-05:00", "waiting_time": 0, "distance": 1862, "driving_time": 1785, "preparation_time": 0, "load_before": [0], "load_after": [0]}, {"type": "service", "id": "1602872000_40", "location_id": "1602872000", "address": {"location_id": "1602872000", "lat": 42.2902352, "lon": -71.05801594}, "arr_time": 1676293489, "arr_date_time": "2023-02-13T08:04:49-05:00", "end_time": 1676293789, "end_date_time": "2023-02-13T08:09:49-05:00", "waiting_time": 0, "distance": 1867, "driving_time": 1789, "preparation_time": 0, "load_before": [0], "load_after": [0]}, {"type": "service", "id": "1602865000_38", "location_id": "1602865000", "address": {"location_id": "1602865000", "lat": 42.28992236, "lon": -71.05900797}, "arr_time": 1676293916, "arr_date_time": "2023-02-13T08:11:56-05:00", "end_time": 1676294216, "end_date_time": "2023-02-13T08:16:56-05:00", "waiting_time": 0, "distance": 1999, "driving_time": 1916, "preparation_time": 0, "load_before": [0], "load_after": [0]}, {"type": "service", "id": "1602864000_37", "location_id": "1602864000", "address": {"location_id": "1602864000", "lat": 42.28986445, "lon": -71.05898117}, "arr_time": 1676294223, "arr_date_time": "2023-02-13T08:17:03-05:00", "end_time": 1676294523, "end_date_time": "2023-02-13T08:22:03-05:00", "waiting_time": 0, "distance": 2006, "driving_time": 1923, "preparation_time": 0, "load_before": [0], "load_after": [0]}, {"type": "service", "id": "1602862000_36", "location_id": "1602862000", "address": {"location_id": "1602862000", "lat": 42.28974874, "lon": -71.0589267}, "arr_time": 1676294536, "arr_date_time": "2023-02-13T08:22:16-05:00", "end_time": 1676294836, "end_date_time": "2023-02-13T08:27:16-05:00", "waiting_time": 0, "distance": 2020, "driving_time": 1936, "preparation_time": 0, "load_before": [0], "load_after": [0]}, {"type": "service", "id": "1602860000_35", "location_id": "1602860000", "address": {"location_id": "1602860000", "lat": 42.28963146, "lon": -71.0588729}, "arr_time": 1676294849, "arr_date_time": "2023-02-13T08:27:29-05:00", "end_time": 1676295149, "end_date_time": "2023-02-13T08:32:29-05:00", "waiting_time": 0, "distance": 2034, "driving_time": 1949, "preparation_time": 0, "load_before": [0], "load_after": [0]}, {"type": "service", "id": "1602923000_47", "location_id": "1602923000", "address": {"location_id": "1602923000", "lat": 42.28880348, "lon": -71.05819337}, "arr_time": 1676295320, "arr_date_time": "2023-02-13T08:35:20-05:00", "end_time": 1676295620, "end_date_time": "2023-02-13T08:40:20-05:00", "waiting_time": 0, "distance": 2212, "driving_time": 2120, "preparation_time": 0, "load_before": [0], "load_after": [0]}, {"type": "service", "id": "1602920000_46", "location_id": "1602920000", "address": {"location_id": "1602920000", "lat": 42.28892002, "lon": -71.05773827}, "arr_time": 1676295660, "arr_date_time": "2023-02-13T08:41:00-05:00", "end_time": 1676295960, "end_date_time": "2023-02-13T08:46:00-05:00", "waiting_time": 0, "distance": 2253, "driving_time": 2160, "preparation_time": 0, "load_before": [0], "load_after": [0]}]}], "unassigned": {"services": [], "shipments": [], "breaks": [], "details": []}}}