{"copyrights": ["GraphHopper", "OpenStreetMap contributors"], "job_id": "11e19903-2f2f-46cb-b59a-eb26e22d3361", "status": "finished", "waiting_time_in_queue": 0, "processing_time": 140, "solution": {"costs": 341, "distance": 1473, "time": 1412, "transport_time": 1412, "completion_time": 17612, "max_operation_time": 17612, "waiting_time": 0, "service_duration": 16200, "preparation_time": 0, "no_vehicles": 1, "no_unassigned": 0, "routes": [{"vehicle_id": "my_vehicle", "shift_id": "default-shift", "distance": 1473, "transport_time": 1412, "completion_time": 17612, "waiting_time": 0, "service_duration": 16200, "preparation_time": 0, "activities": [{"type": "start", "location_id": "1601983000", "address": {"location_id": "1601983000", "lat": 42.29089106, "lon": -71.05528446}, "arr_time": 1676278800, "arr_date_time": "2023-02-13T04:00:00-05:00", "end_time": 1676278800, "end_date_time": "2023-02-13T04:00:00-05:00", "waiting_time": 0, "distance": 0, "driving_time": 0, "preparation_time": 0, "load_after": [0]}, {"type": "service", "id": "1601982000_16", "location_id": "1601982000", "address": {"location_id": "1601982000", "lat": 42.29078435, "lon": -71.05522634}, "arr_time": 1676278812, "arr_date_time": "2023-02-13T04:00:12-05:00", "end_time": 1676279112, "end_date_time": "2023-02-13T04:05:12-05:00", "waiting_time": 0, "distance": 13, "driving_time": 12, "preparation_time": 0, "load_before": [0], "load_after": [0]}, {"type": "service", "id": "1601986000_18", "location_id": "1601986000", "address": {"location_id": "1601986000", "lat": 42.29051091, "lon": -71.05568718}, "arr_time": 1676279124, "arr_date_time": "2023-02-13T04:05:24-05:00", "end_time": 1676279424, "end_date_time": "2023-02-13T04:10:24-05:00", "waiting_time": 0, "distance": 26, "driving_time": 24, "preparation_time": 0, "load_before": [0], "load_after": [0]}, {"type": "service", "id": "1601981000_15", "location_id": "1601981000", "address": {"location_id": "1601981000", "lat": 42.29063191, "lon": -71.05519965}, "arr_time": 1676279428, "arr_date_time": "2023-02-13T04:10:28-05:00", "end_time": 1676279728, "end_date_time": "2023-02-13T04:15:28-05:00", "waiting_time": 0, "distance": 30, "driving_time": 28, "preparation_time": 0, "load_before": [0], "load_after": [0]}, {"type": "service", "id": "1601987000_19", "location_id": "1601987000", "address": {"location_id": "1601987000", "lat": 42.29039492, "lon": -71.05562198}, "arr_time": 1676279737, "arr_date_time": "2023-02-13T04:15:37-05:00", "end_time": 1676280037, "end_date_time": "2023-02-13T04:20:37-05:00", "waiting_time": 0, "distance": 40, "driving_time": 37, "preparation_time": 0, "load_before": [0], "load_after": [0]}, {"type": "service", "id": "1601990000_20", "location_id": "1601990000", "address": {"location_id": "1601990000", "lat": 42.29004158, "lon": -71.05545842}, "arr_time": 1676280077, "arr_date_time": "2023-02-13T04:21:17-05:00", "end_time": 1676280377, "end_date_time": "2023-02-13T04:26:17-05:00", "waiting_time": 0, "distance": 82, "driving_time": 77, "preparation_time": 0, "load_before": [0], "load_after": [0]}, {"type": "service", "id": "1601991000_21", "location_id": "1601991000", "address": {"location_id": "1601991000", "lat": 42.28993573, "lon": -71.05539814}, "arr_time": 1676280389, "arr_date_time": "2023-02-13T04:26:29-05:00", "end_time": 1676280689, "end_date_time": "2023-02-13T04:31:29-05:00", "waiting_time": 0, "distance": 95, "driving_time": 89, "preparation_time": 0, "load_before": [0], "load_after": [0]}, {"type": "service", "id": "1601993000_22", "location_id": "1601993000", "address": {"location_id": "1601993000", "lat": 42.28972475, "lon": -71.05527914}, "arr_time": 1676280713, "arr_date_time": "2023-02-13T04:31:53-05:00", "end_time": 1676281013, "end_date_time": "2023-02-13T04:36:53-05:00", "waiting_time": 0, "distance": 120, "driving_time": 113, "preparation_time": 0, "load_before": [0], "load_after": [0]}, {"type": "service", "id": "1602055000_38", "location_id": "1602055000", "address": {"location_id": "1602055000", "lat": 42.28997724, "lon": -71.05489656}, "arr_time": 1676281027, "arr_date_time": "2023-02-13T04:37:07-05:00", "end_time": 1676281327, "end_date_time": "2023-02-13T04:42:07-05:00", "waiting_time": 0, "distance": 134, "driving_time": 127, "preparation_time": 0, "load_before": [0], "load_after": [0]}, {"type": "service", "id": "1601979000_14", "location_id": "1601979000", "address": {"location_id": "1601979000", "lat": 42.29037867, "lon": -71.05511896}, "arr_time": 1676281377, "arr_date_time": "2023-02-13T04:42:57-05:00", "end_time": 1676281677, "end_date_time": "2023-02-13T04:47:57-05:00", "waiting_time": 0, "distance": 187, "driving_time": 177, "preparation_time": 0, "load_before": [0], "load_after": [0]}, {"type": "service", "id": "1602040000_29", "location_id": "1602040000", "address": {"location_id": "1602040000", "lat": 42.29022492, "lon": -71.0547068}, "arr_time": 1676281703, "arr_date_time": "2023-02-13T04:48:23-05:00", "end_time": 1676282003, "end_date_time": "2023-02-13T04:53:23-05:00", "waiting_time": 0, "distance": 214, "driving_time": 203, "preparation_time": 0, "load_before": [0], "load_after": [0]}, {"type": "service", "id": "1601977000_13", "location_id": "1601977000", "address": {"location_id": "1601977000", "lat": 42.29070995, "lon": -71.05478921}, "arr_time": 1676282011, "arr_date_time": "2023-02-13T04:53:31-05:00", "end_time": 1676282311, "end_date_time": "2023-02-13T04:58:31-05:00", "waiting_time": 0, "distance": 223, "driving_time": 211, "preparation_time": 0, "load_before": [0], "load_after": [0]}, {"type": "service", "id": "1601976000_12", "location_id": "1601976000", "address": {"location_id": "1601976000", "lat": 42.29043592, "lon": -71.0543282}, "arr_time": 1676282323, "arr_date_time": "2023-02-13T04:58:43-05:00", "end_time": 1676282623, "end_date_time": "2023-02-13T05:03:43-05:00", "waiting_time": 0, "distance": 236, "driving_time": 223, "preparation_time": 0, "load_before": [0], "load_after": [0]}, {"type": "service", "id": "1601975000_11", "location_id": "1601975000", "address": {"location_id": "1601975000", "lat": 42.29032507, "lon": -71.05426452}, "arr_time": 1676282633, "arr_date_time": "2023-02-13T05:03:53-05:00", "end_time": 1676282933, "end_date_time": "2023-02-13T05:08:53-05:00", "waiting_time": 0, "distance": 247, "driving_time": 233, "preparation_time": 0, "load_before": [0], "load_after": [0]}, {"type": "service", "id": "1602041000_30", "location_id": "1602041000", "address": {"location_id": "1602041000", "lat": 42.29010635, "lon": -71.05463879}, "arr_time": 1676282943, "arr_date_time": "2023-02-13T05:09:03-05:00", "end_time": 1676283243, "end_date_time": "2023-02-13T05:14:03-05:00", "waiting_time": 0, "distance": 257, "driving_time": 243, "preparation_time": 0, "load_before": [0], "load_after": [0]}, {"type": "service", "id": "1602042000_31", "location_id": "1602042000", "address": {"location_id": "1602042000", "lat": 42.29001072, "lon": -71.05458366}, "arr_time": 1676283253, "arr_date_time": "2023-02-13T05:14:13-05:00", "end_time": 1676283553, "end_date_time": "2023-02-13T05:19:13-05:00", "waiting_time": 0, "distance": 269, "driving_time": 253, "preparation_time": 0, "load_before": [0], "load_after": [0]}, {"type": "service", "id": "1601972000_10", "location_id": "1601972000", "address": {"location_id": "1601972000", "lat": 42.29013588, "lon": -71.05415597}, "arr_time": 1676283555, "arr_date_time": "2023-02-13T05:19:15-05:00", "end_time": 1676283855, "end_date_time": "2023-02-13T05:24:15-05:00", "waiting_time": 0, "distance": 270, "driving_time": 255, "preparation_time": 0, "load_before": [0], "load_after": [0]}, {"type": "service", "id": "1602043000_32", "location_id": "1602043000", "address": {"location_id": "1602043000", "lat": 42.28991305, "lon": -71.05452705}, "arr_time": 1676283865, "arr_date_time": "2023-02-13T05:24:25-05:00", "end_time": 1676284165, "end_date_time": "2023-02-13T05:29:25-05:00", "waiting_time": 0, "distance": 281, "driving_time": 265, "preparation_time": 0, "load_before": [0], "load_after": [0]}, {"type": "service", "id": "1601970000_09", "location_id": "1601970000", "address": {"location_id": "1601970000", "lat": 42.28987069, "lon": -71.05400292}, "arr_time": 1676284185, "arr_date_time": "2023-02-13T05:29:45-05:00", "end_time": 1676284485, "end_date_time": "2023-02-13T05:34:45-05:00", "waiting_time": 0, "distance": 302, "driving_time": 285, "preparation_time": 0, "load_before": [0], "load_after": [0]}, {"type": "service", "id": "1601969000_08", "location_id": "1601969000", "address": {"location_id": "1601969000", "lat": 42.28977115, "lon": -71.05394671}, "arr_time": 1676284497, "arr_date_time": "2023-02-13T05:34:57-05:00", "end_time": 1676284797, "end_date_time": "2023-02-13T05:39:57-05:00", "waiting_time": 0, "distance": 314, "driving_time": 297, "preparation_time": 0, "load_before": [0], "load_after": [0]}, {"type": "service", "id": "1602047000_33", "location_id": "1602047000", "address": {"location_id": "1602047000", "lat": 42.28941718, "lon": -71.05415325}, "arr_time": 1676284825, "arr_date_time": "2023-02-13T05:40:25-05:00", "end_time": 1676285125, "end_date_time": "2023-02-13T05:45:25-05:00", "waiting_time": 0, "distance": 343, "driving_time": 325, "preparation_time": 0, "load_before": [0], "load_after": [0]}, {"type": "service", "id": "1601966000_07", "location_id": "1601966000", "address": {"location_id": "1601966000", "lat": 42.28949719, "lon": -71.05387237}, "arr_time": 1676285127, "arr_date_time": "2023-02-13T05:45:27-05:00", "end_time": 1676285427, "end_date_time": "2023-02-13T05:50:27-05:00", "waiting_time": 0, "distance": 344, "driving_time": 327, "preparation_time": 0, "load_before": [0], "load_after": [0]}, {"type": "service", "id": "1601965000_06", "location_id": "1601965000", "address": {"location_id": "1601965000", "lat": 42.28953721, "lon": -71.05373236}, "arr_time": 1676285468, "arr_date_time": "2023-02-13T05:51:08-05:00", "end_time": 1676285768, "end_date_time": "2023-02-13T05:56:08-05:00", "waiting_time": 0, "distance": 387, "driving_time": 368, "preparation_time": 0, "load_before": [0], "load_after": [0]}, {"type": "service", "id": "1602103000_50", "location_id": "1602103000", "address": {"location_id": "1602103000", "lat": 42.28922272, "lon": -71.05355055}, "arr_time": 1676285769, "arr_date_time": "2023-02-13T05:56:09-05:00", "end_time": 1676286069, "end_date_time": "2023-02-13T06:01:09-05:00", "waiting_time": 0, "distance": 388, "driving_time": 369, "preparation_time": 0, "load_before": [0], "load_after": [0]}, {"type": "service", "id": "1601964000_05", "location_id": "1601964000", "address": {"location_id": "1601964000", "lat": 42.2895776, "lon": -71.05358676}, "arr_time": 1676286080, "arr_date_time": "2023-02-13T06:01:20-05:00", "end_time": 1676286380, "end_date_time": "2023-02-13T06:06:20-05:00", "waiting_time": 0, "distance": 400, "driving_time": 380, "preparation_time": 0, "load_before": [0], "load_after": [0]}, {"type": "service", "id": "1602105000_51", "location_id": "1602105000", "address": {"location_id": "1602105000", "lat": 42.2893004, "lon": -71.05327291}, "arr_time": 1676286392, "arr_date_time": "2023-02-13T06:06:32-05:00", "end_time": 1676286692, "end_date_time": "2023-02-13T06:11:32-05:00", "waiting_time": 0, "distance": 413, "driving_time": 392, "preparation_time": 0, "load_before": [0], "load_after": [0]}, {"type": "service", "id": "1602106000_52", "location_id": "1602106000", "address": {"location_id": "1602106000", "lat": 42.28933994, "lon": -71.05313286}, "arr_time": 1676286704, "arr_date_time": "2023-02-13T06:11:44-05:00", "end_time": 1676287004, "end_date_time": "2023-02-13T06:16:44-05:00", "waiting_time": 0, "distance": 425, "driving_time": 404, "preparation_time": 0, "load_before": [0], "load_after": [0]}, {"type": "service", "id": "1602031000_27", "location_id": "1602031000", "address": {"location_id": "1602031000", "lat": 42.28969207, "lon": -71.05316196}, "arr_time": 1676287023, "arr_date_time": "2023-02-13T06:17:03-05:00", "end_time": 1676287323, "end_date_time": "2023-02-13T06:22:03-05:00", "waiting_time": 0, "distance": 444, "driving_time": 423, "preparation_time": 0, "load_before": [0], "load_after": [0]}, {"type": "service", "id": "1601963000_04", "location_id": "1601963000", "address": {"location_id": "1601963000", "lat": 42.28961889, "lon": -71.05344807}, "arr_time": 1676287324, "arr_date_time": "2023-02-13T06:22:04-05:00", "end_time": 1676287624, "end_date_time": "2023-02-13T06:27:04-05:00", "waiting_time": 0, "distance": 445, "driving_time": 424, "preparation_time": 0, "load_before": [0], "load_after": [0]}, {"type": "service", "id": "1602033000_28", "location_id": "1602033000", "address": {"location_id": "1602033000", "lat": 42.29002438, "lon": -71.05327412}, "arr_time": 1676287659, "arr_date_time": "2023-02-13T06:27:39-05:00", "end_time": 1676287959, "end_date_time": "2023-02-13T06:32:39-05:00", "waiting_time": 0, "distance": 481, "driving_time": 459, "preparation_time": 0, "load_before": [0], "load_after": [0]}, {"type": "service", "id": "1601957000_02", "location_id": "1601957000", "address": {"location_id": "1601957000", "lat": 42.2899558, "lon": -71.05372443}, "arr_time": 1676287965, "arr_date_time": "2023-02-13T06:32:45-05:00", "end_time": 1676288265, "end_date_time": "2023-02-13T06:37:45-05:00", "waiting_time": 0, "distance": 488, "driving_time": 465, "preparation_time": 0, "load_before": [0], "load_after": [0]}, {"type": "service", "id": "1601955000_01", "location_id": "1601955000", "address": {"location_id": "1601955000", "lat": 42.29006668, "lon": -71.05378759}, "arr_time": 1676288279, "arr_date_time": "2023-02-13T06:37:59-05:00", "end_time": 1676288579, "end_date_time": "2023-02-13T06:42:59-05:00", "waiting_time": 0, "distance": 501, "driving_time": 479, "preparation_time": 0, "load_before": [0], "load_after": [0]}, {"type": "service", "id": "1601959000_03", "location_id": "1601959000", "address": {"location_id": "1601959000", "lat": 42.28985871, "lon": -71.05366954}, "arr_time": 1676288603, "arr_date_time": "2023-02-13T06:43:23-05:00", "end_time": 1676288903, "end_date_time": "2023-02-13T06:48:23-05:00", "waiting_time": 0, "distance": 526, "driving_time": 503, "preparation_time": 0, "load_before": [0], "load_after": [0]}, {"type": "service", "id": "1602107000_53", "location_id": "1602107000", "address": {"location_id": "1602107000", "lat": 42.28938031, "lon": -71.05299626}, "arr_time": 1676288961, "arr_date_time": "2023-02-13T06:49:21-05:00", "end_time": 1676289261, "end_date_time": "2023-02-13T06:54:21-05:00", "waiting_time": 0, "distance": 588, "driving_time": 561, "preparation_time": 0, "load_before": [0], "load_after": [0]}, {"type": "service", "id": "1602108000_54", "location_id": "1602108000", "address": {"location_id": "1602108000", "lat": 42.28938638, "lon": -71.05284279}, "arr_time": 1676289272, "arr_date_time": "2023-02-13T06:54:32-05:00", "end_time": 1676289572, "end_date_time": "2023-02-13T06:59:32-05:00", "waiting_time": 0, "distance": 600, "driving_time": 572, "preparation_time": 0, "load_before": [0], "load_after": [0]}, {"type": "service", "id": "1602030000_26", "location_id": "1602030000", "address": {"location_id": "1602030000", "lat": 42.28971175, "lon": -71.05301613}, "arr_time": 1676289573, "arr_date_time": "2023-02-13T06:59:33-05:00", "end_time": 1676289873, "end_date_time": "2023-02-13T07:04:33-05:00", "waiting_time": 0, "distance": 602, "driving_time": 573, "preparation_time": 0, "load_before": [0], "load_after": [0]}, {"type": "service", "id": "1602028000_25", "location_id": "1602028000", "address": {"location_id": "1602028000", "lat": 42.2898647, "lon": -71.05285335}, "arr_time": 1676289935, "arr_date_time": "2023-02-13T07:05:35-05:00", "end_time": 1676290235, "end_date_time": "2023-02-13T07:10:35-05:00", "waiting_time": 0, "distance": 666, "driving_time": 635, "preparation_time": 0, "load_before": [0], "load_after": [0]}, {"type": "service", "id": "1602097000_45", "location_id": "1602097000", "address": {"location_id": "1602097000", "lat": 42.28911197, "lon": -71.05301888}, "arr_time": 1676290389, "arr_date_time": "2023-02-13T07:13:09-05:00", "end_time": 1676290689, "end_date_time": "2023-02-13T07:18:09-05:00", "waiting_time": 0, "distance": 828, "driving_time": 789, "preparation_time": 0, "load_before": [0], "load_after": [0]}, {"type": "service", "id": "1602098000_46", "location_id": "1602098000", "address": {"location_id": "1602098000", "lat": 42.28907299, "lon": -71.05315853}, "arr_time": 1676290701, "arr_date_time": "2023-02-13T07:18:21-05:00", "end_time": 1676291001, "end_date_time": "2023-02-13T07:23:21-05:00", "waiting_time": 0, "distance": 840, "driving_time": 801, "preparation_time": 0, "load_before": [0], "load_after": [0]}, {"type": "service", "id": "1602099000_47", "location_id": "1602099000", "address": {"location_id": "1602099000", "lat": 42.2890364, "lon": -71.05329783}, "arr_time": 1676291013, "arr_date_time": "2023-02-13T07:23:33-05:00", "end_time": 1676291313, "end_date_time": "2023-02-13T07:28:33-05:00", "waiting_time": 0, "distance": 852, "driving_time": 813, "preparation_time": 0, "load_before": [0], "load_after": [0]}, {"type": "service", "id": "1602100000_48", "location_id": "1602100000", "address": {"location_id": "1602100000", "lat": 42.28899766, "lon": -71.05343783}, "arr_time": 1676291325, "arr_date_time": "2023-02-13T07:28:45-05:00", "end_time": 1676291625, "end_date_time": "2023-02-13T07:33:45-05:00", "waiting_time": 0, "distance": 864, "driving_time": 825, "preparation_time": 0, "load_before": [0], "load_after": [0]}, {"type": "service", "id": "1602102000_49", "location_id": "1602102000", "address": {"location_id": "1602102000", "lat": 42.2891835, "lon": -71.0536934}, "arr_time": 1676291691, "arr_date_time": "2023-02-13T07:34:51-05:00", "end_time": 1676291991, "end_date_time": "2023-02-13T07:39:51-05:00", "waiting_time": 0, "distance": 932, "driving_time": 891, "preparation_time": 0, "load_before": [0], "load_after": [0]}, {"type": "service", "id": "1602048000_34", "location_id": "1602048000", "address": {"location_id": "1602048000", "lat": 42.28937535, "lon": -71.05430242}, "arr_time": 1676292036, "arr_date_time": "2023-02-13T07:40:36-05:00", "end_time": 1676292336, "end_date_time": "2023-02-13T07:45:36-05:00", "waiting_time": 0, "distance": 979, "driving_time": 936, "preparation_time": 0, "load_before": [0], "load_after": [0]}, {"type": "service", "id": "1602090000_44", "location_id": "1602090000", "address": {"location_id": "1602090000", "lat": 42.28903025, "lon": -71.0542526}, "arr_time": 1676292344, "arr_date_time": "2023-02-13T07:45:44-05:00", "end_time": 1676292644, "end_date_time": "2023-02-13T07:50:44-05:00", "waiting_time": 0, "distance": 987, "driving_time": 944, "preparation_time": 0, "load_before": [0], "load_after": [0]}, {"type": "service", "id": "1602049000_35", "location_id": "1602049000", "address": {"location_id": "1602049000", "lat": 42.28933546, "lon": -71.05444788}, "arr_time": 1676292648, "arr_date_time": "2023-02-13T07:50:48-05:00", "end_time": 1676292948, "end_date_time": "2023-02-13T07:55:48-05:00", "waiting_time": 0, "distance": 992, "driving_time": 948, "preparation_time": 0, "load_before": [0], "load_after": [0]}, {"type": "service", "id": "1602089000_43", "location_id": "1602089000", "address": {"location_id": "1602089000", "lat": 42.28899184, "lon": -71.05439097}, "arr_time": 1676292957, "arr_date_time": "2023-02-13T07:55:57-05:00", "end_time": 1676293257, "end_date_time": "2023-02-13T08:00:57-05:00", "waiting_time": 0, "distance": 1001, "driving_time": 957, "preparation_time": 0, "load_before": [0], "load_after": [0]}, {"type": "service", "id": "1602088000_42", "location_id": "1602088000", "address": {"location_id": "1602088000", "lat": 42.28895302, "lon": -71.05453051}, "arr_time": 1676293269, "arr_date_time": "2023-02-13T08:01:09-05:00", "end_time": 1676293569, "end_date_time": "2023-02-13T08:06:09-05:00", "waiting_time": 0, "distance": 1013, "driving_time": 969, "preparation_time": 0, "load_before": [0], "load_after": [0]}, {"type": "service", "id": "1602086000_41", "location_id": "1602086000", "address": {"location_id": "1602086000", "lat": 42.28887562, "lon": -71.05480642}, "arr_time": 1676293592, "arr_date_time": "2023-02-13T08:06:32-05:00", "end_time": 1676293892, "end_date_time": "2023-02-13T08:11:32-05:00", "waiting_time": 0, "distance": 1036, "driving_time": 992, "preparation_time": 0, "load_before": [0], "load_after": [0]}, {"type": "service", "id": "1602066000_40", "location_id": "1602066000", "address": {"location_id": "1602066000", "lat": 42.28921784, "lon": -71.0548689}, "arr_time": 1676293929, "arr_date_time": "2023-02-13T08:12:09-05:00", "end_time": 1676294229, "end_date_time": "2023-02-13T08:17:09-05:00", "waiting_time": 0, "distance": 1074, "driving_time": 1029, "preparation_time": 0, "load_before": [0], "load_after": [0]}, {"type": "service", "id": "1602050000_36", "location_id": "1602050000", "address": {"location_id": "1602050000", "lat": 42.28929551, "lon": -71.05459371}, "arr_time": 1676294229, "arr_date_time": "2023-02-13T08:17:09-05:00", "end_time": 1676294529, "end_date_time": "2023-02-13T08:22:09-05:00", "waiting_time": 0, "distance": 1074, "driving_time": 1029, "preparation_time": 0, "load_before": [0], "load_after": [0]}, {"type": "service", "id": "1602053000_37", "location_id": "1602053000", "address": {"location_id": "1602053000", "lat": 42.28972809, "lon": -71.05475558}, "arr_time": 1676294577, "arr_date_time": "2023-02-13T08:22:57-05:00", "end_time": 1676294877, "end_date_time": "2023-02-13T08:27:57-05:00", "waiting_time": 0, "distance": 1123, "driving_time": 1077, "preparation_time": 0, "load_before": [0], "load_after": [0]}, {"type": "service", "id": "1602064000_39", "location_id": "1602064000", "address": {"location_id": "1602064000", "lat": 42.28939864, "lon": -71.05506008}, "arr_time": 1676294904, "arr_date_time": "2023-02-13T08:28:24-05:00", "end_time": 1676295204, "end_date_time": "2023-02-13T08:33:24-05:00", "waiting_time": 0, "distance": 1151, "driving_time": 1104, "preparation_time": 0, "load_before": [0], "load_after": [0]}, {"type": "service", "id": "1601999000_23", "location_id": "1601999000", "address": {"location_id": "1601999000", "lat": 42.29000996, "lon": -71.05585829}, "arr_time": 1676295325, "arr_date_time": "2023-02-13T08:35:25-05:00", "end_time": 1676295625, "end_date_time": "2023-02-13T08:40:25-05:00", "waiting_time": 0, "distance": 1278, "driving_time": 1225, "preparation_time": 0, "load_before": [0], "load_after": [0]}, {"type": "service", "id": "1602002000_24", "location_id": "1602002000", "address": {"location_id": "1602002000", "lat": 42.29045576, "lon": -71.05608307}, "arr_time": 1676295676, "arr_date_time": "2023-02-13T08:41:16-05:00", "end_time": 1676295976, "end_date_time": "2023-02-13T08:46:16-05:00", "waiting_time": 0, "distance": 1331, "driving_time": 1276, "preparation_time": 0, "load_before": [0], "load_after": [0]}, {"type": "service", "id": "1601984000_17", "location_id": "1601984000", "address": {"location_id": "1601984000", "lat": 42.29073995, "lon": -71.05581593}, "arr_time": 1676296112, "arr_date_time": "2023-02-13T08:48:32-05:00", "end_time": 1676296412, "end_date_time": "2023-02-13T08:53:32-05:00", "waiting_time": 0, "distance": 1473, "driving_time": 1412, "preparation_time": 0, "load_before": [0], "load_after": [0]}]}], "unassigned": {"services": [], "shipments": [], "breaks": [], "details": []}}}