{"copyrights": ["GraphHopper", "OpenStreetMap contributors"], "job_id": "dbc4d8c1-821e-477a-aa28-48be5f0659d1", "status": "finished", "waiting_time_in_queue": 0, "processing_time": 131, "solution": {"costs": 325, "distance": 2191, "time": 2105, "transport_time": 2105, "completion_time": 15605, "max_operation_time": 15605, "waiting_time": 0, "service_duration": 13500, "preparation_time": 0, "no_vehicles": 1, "no_unassigned": 0, "routes": [{"vehicle_id": "my_vehicle", "shift_id": "default-shift", "distance": 2191, "transport_time": 2105, "completion_time": 15605, "waiting_time": 0, "service_duration": 13500, "preparation_time": 0, "activities": [{"type": "start", "location_id": "1601030001", "address": {"location_id": "1601030001", "lat": 42.29556475, "lon": -71.05732566}, "arr_time": 1676278800, "arr_date_time": "2023-02-13T04:00:00-05:00", "end_time": 1676278800, "end_date_time": "2023-02-13T04:00:00-05:00", "waiting_time": 0, "distance": 0, "driving_time": 0, "preparation_time": 0, "load_after": [0]}, {"type": "service", "id": "1601032010_18", "location_id": "1601032010", "address": {"location_id": "1601032010", "lat": 42.29534161, "lon": -71.05755292}, "arr_time": 1676278811, "arr_date_time": "2023-02-13T04:00:11-05:00", "end_time": 1676279111, "end_date_time": "2023-02-13T04:05:11-05:00", "waiting_time": 0, "distance": 11, "driving_time": 11, "preparation_time": 0, "load_before": [0], "load_after": [0]}, {"type": "service", "id": "1601034010_19", "location_id": "1601034010", "address": {"location_id": "1601034010", "lat": 42.29508898, "lon": -71.05745377}, "arr_time": 1676279139, "arr_date_time": "2023-02-13T04:05:39-05:00", "end_time": 1676279439, "end_date_time": "2023-02-13T04:10:39-05:00", "waiting_time": 0, "distance": 40, "driving_time": 39, "preparation_time": 0, "load_before": [0], "load_after": [0]}, {"type": "service", "id": "1601094000_34", "location_id": "1601094000", "address": {"location_id": "1601094000", "lat": 42.29445058, "lon": -71.05838155}, "arr_time": 1676279571, "arr_date_time": "2023-02-13T04:12:51-05:00", "end_time": 1676279871, "end_date_time": "2023-02-13T04:17:51-05:00", "waiting_time": 0, "distance": 178, "driving_time": 171, "preparation_time": 0, "load_before": [0], "load_after": [0]}, {"type": "service", "id": "1601099000_36", "location_id": "1601099000", "address": {"location_id": "1601099000", "lat": 42.29437233, "lon": -71.05795501}, "arr_time": 1676279891, "arr_date_time": "2023-02-13T04:18:11-05:00", "end_time": 1676280191, "end_date_time": "2023-02-13T04:23:11-05:00", "waiting_time": 0, "distance": 199, "driving_time": 191, "preparation_time": 0, "load_before": [0], "load_after": [0]}, {"type": "service", "id": "1601097000_35", "location_id": "1601097000", "address": {"location_id": "1601097000", "lat": 42.29401279, "lon": -71.05833299}, "arr_time": 1676280216, "arr_date_time": "2023-02-13T04:23:36-05:00", "end_time": 1676280516, "end_date_time": "2023-02-13T04:28:36-05:00", "waiting_time": 0, "distance": 225, "driving_time": 216, "preparation_time": 0, "load_before": [0], "load_after": [0]}, {"type": "service", "id": "1600990000_14", "location_id": "1600990000", "address": {"location_id": "1600990000", "lat": 42.29498521, "lon": -71.05879685}, "arr_time": 1676280627, "arr_date_time": "2023-02-13T04:30:27-05:00", "end_time": 1676280927, "end_date_time": "2023-02-13T04:35:27-05:00", "waiting_time": 0, "distance": 340, "driving_time": 327, "preparation_time": 0, "load_before": [0], "load_after": [0]}, {"type": "service", "id": "1601042000_20", "location_id": "1601042000", "address": {"location_id": "1601042000", "lat": 42.29532779, "lon": -71.05840051}, "arr_time": 1676280949, "arr_date_time": "2023-02-13T04:35:49-05:00", "end_time": 1676281249, "end_date_time": "2023-02-13T04:40:49-05:00", "waiting_time": 0, "distance": 364, "driving_time": 349, "preparation_time": 0, "load_before": [0], "load_after": [0]}, {"type": "service", "id": "1600946000_01", "location_id": "1600946000", "address": {"location_id": "1600946000", "lat": 42.29494154, "lon": -71.0597964}, "arr_time": 1676281415, "arr_date_time": "2023-02-13T04:43:35-05:00", "end_time": 1676281715, "end_date_time": "2023-02-13T04:48:35-05:00", "waiting_time": 0, "distance": 536, "driving_time": 515, "preparation_time": 0, "load_before": [0], "load_after": [0]}, {"type": "service", "id": "1601000000_17", "location_id": "1601000000", "address": {"location_id": "1601000000", "lat": 42.29508935, "lon": -71.0592482}, "arr_time": 1676281715, "arr_date_time": "2023-02-13T04:48:35-05:00", "end_time": 1676282015, "end_date_time": "2023-02-13T04:53:35-05:00", "waiting_time": 0, "distance": 536, "driving_time": 515, "preparation_time": 0, "load_before": [0], "load_after": [0]}, {"type": "service", "id": "1600998000_16", "location_id": "1600998000", "address": {"location_id": "1600998000", "lat": 42.29488565, "lon": -71.05913972}, "arr_time": 1676282039, "arr_date_time": "2023-02-13T04:53:59-05:00", "end_time": 1676282339, "end_date_time": "2023-02-13T04:58:59-05:00", "waiting_time": 0, "distance": 560, "driving_time": 539, "preparation_time": 0, "load_before": [0], "load_after": [0]}, {"type": "service", "id": "1600997000_15", "location_id": "1600997000", "address": {"location_id": "1600997000", "lat": 42.29478507, "lon": -71.05908603}, "arr_time": 1676282351, "arr_date_time": "2023-02-13T04:59:11-05:00", "end_time": 1676282651, "end_date_time": "2023-02-13T05:04:11-05:00", "waiting_time": 0, "distance": 572, "driving_time": 551, "preparation_time": 0, "load_before": [0], "load_after": [0]}, {"type": "service", "id": "1600951000_02", "location_id": "1600951000", "address": {"location_id": "1600951000", "lat": 42.29448418, "lon": -71.05954438}, "arr_time": 1676282712, "arr_date_time": "2023-02-13T05:05:12-05:00", "end_time": 1676283012, "end_date_time": "2023-02-13T05:10:12-05:00", "waiting_time": 0, "distance": 635, "driving_time": 612, "preparation_time": 0, "load_before": [0], "load_after": [0]}, {"type": "service", "id": "1600954000_03", "location_id": "1600954000", "address": {"location_id": "1600954000", "lat": 42.29430277, "lon": -71.06001341}, "arr_time": 1676283053, "arr_date_time": "2023-02-13T05:10:53-05:00", "end_time": 1676283353, "end_date_time": "2023-02-13T05:15:53-05:00", "waiting_time": 0, "distance": 678, "driving_time": 653, "preparation_time": 0, "load_before": [0], "load_after": [0]}, {"type": "service", "id": "1600955000_04", "location_id": "1600955000", "address": {"location_id": "1600955000", "lat": 42.29439756, "lon": -71.06004286}, "arr_time": 1676283393, "arr_date_time": "2023-02-13T05:16:33-05:00", "end_time": 1676283693, "end_date_time": "2023-02-13T05:21:33-05:00", "waiting_time": 0, "distance": 720, "driving_time": 693, "preparation_time": 0, "load_before": [0], "load_after": [0]}, {"type": "service", "id": "1600963000_09", "location_id": "1600963000", "address": {"location_id": "1600963000", "lat": 42.29440711, "lon": -71.06045614}, "arr_time": 1676283703, "arr_date_time": "2023-02-13T05:21:43-05:00", "end_time": 1676284003, "end_date_time": "2023-02-13T05:26:43-05:00", "waiting_time": 0, "distance": 730, "driving_time": 703, "preparation_time": 0, "load_before": [0], "load_after": [0]}, {"type": "service", "id": "1600956000_05", "location_id": "1600956000", "address": {"location_id": "1600956000", "lat": 42.29450564, "lon": -71.06007651}, "arr_time": 1676284005, "arr_date_time": "2023-02-13T05:26:45-05:00", "end_time": 1676284305, "end_date_time": "2023-02-13T05:31:45-05:00", "waiting_time": 0, "distance": 732, "driving_time": 705, "preparation_time": 0, "load_before": [0], "load_after": [0]}, {"type": "service", "id": "1600962000_08", "location_id": "1600962000", "address": {"location_id": "1600962000", "lat": 42.29451432, "lon": -71.06049386}, "arr_time": 1676284313, "arr_date_time": "2023-02-13T05:31:53-05:00", "end_time": 1676284613, "end_date_time": "2023-02-13T05:36:53-05:00", "waiting_time": 0, "distance": 741, "driving_time": 713, "preparation_time": 0, "load_before": [0], "load_after": [0]}, {"type": "service", "id": "1600958000_06", "location_id": "1600958000", "address": {"location_id": "1600958000", "lat": 42.29468885, "lon": -71.06013267}, "arr_time": 1676284627, "arr_date_time": "2023-02-13T05:37:07-05:00", "end_time": 1676284927, "end_date_time": "2023-02-13T05:42:07-05:00", "waiting_time": 0, "distance": 755, "driving_time": 727, "preparation_time": 0, "load_before": [0], "load_after": [0]}, {"type": "service", "id": "1600959000_07", "location_id": "1600959000", "address": {"location_id": "1600959000", "lat": 42.29479442, "lon": -71.06016581}, "arr_time": 1676284939, "arr_date_time": "2023-02-13T05:42:19-05:00", "end_time": 1676285239, "end_date_time": "2023-02-13T05:47:19-05:00", "waiting_time": 0, "distance": 767, "driving_time": 739, "preparation_time": 0, "load_before": [0], "load_after": [0]}, {"type": "service", "id": "1600965000_10", "location_id": "1600965000", "address": {"location_id": "1600965000", "lat": 42.29421253, "lon": -71.0603876}, "arr_time": 1676285323, "arr_date_time": "2023-02-13T05:48:43-05:00", "end_time": 1676285623, "end_date_time": "2023-02-13T05:53:43-05:00", "waiting_time": 0, "distance": 855, "driving_time": 823, "preparation_time": 0, "load_before": [0], "load_after": [0]}, {"type": "service", "id": "1600966000_11", "location_id": "1600966000", "address": {"location_id": "1600966000", "lat": 42.29416639, "lon": -71.06066656}, "arr_time": 1676285645, "arr_date_time": "2023-02-13T05:54:05-05:00", "end_time": 1676285945, "end_date_time": "2023-02-13T05:59:05-05:00", "waiting_time": 0, "distance": 878, "driving_time": 845, "preparation_time": 0, "load_before": [0], "load_after": [0]}, {"type": "service", "id": "1600973000_13", "location_id": "1600973000", "address": {"location_id": "1600973000", "lat": 42.29406247, "lon": -71.06116258}, "arr_time": 1676285985, "arr_date_time": "2023-02-13T05:59:45-05:00", "end_time": 1676286285, "end_date_time": "2023-02-13T06:04:45-05:00", "waiting_time": 0, "distance": 920, "driving_time": 885, "preparation_time": 0, "load_before": [0], "load_after": [0]}, {"type": "service", "id": "1600967000_12", "location_id": "1600967000", "address": {"location_id": "1600967000", "lat": 42.29430305, "lon": -71.06071572}, "arr_time": 1676286337, "arr_date_time": "2023-02-13T06:05:37-05:00", "end_time": 1676286637, "end_date_time": "2023-02-13T06:10:37-05:00", "waiting_time": 0, "distance": 974, "driving_time": 937, "preparation_time": 0, "load_before": [0], "load_after": [0]}, {"type": "service", "id": "1601061000_23", "location_id": "1601061000", "address": {"location_id": "1601061000", "lat": 42.29358301, "lon": -71.06094078}, "arr_time": 1676286708, "arr_date_time": "2023-02-13T06:11:48-05:00", "end_time": 1676287008, "end_date_time": "2023-02-13T06:16:48-05:00", "waiting_time": 0, "distance": 1047, "driving_time": 1008, "preparation_time": 0, "load_before": [0], "load_after": [0]}, {"type": "service", "id": "1601062000_24", "location_id": "1601062000", "address": {"location_id": "1601062000", "lat": 42.29348155, "lon": -71.06089495}, "arr_time": 1676287017, "arr_date_time": "2023-02-13T06:16:57-05:00", "end_time": 1676287317, "end_date_time": "2023-02-13T06:21:57-05:00", "waiting_time": 0, "distance": 1057, "driving_time": 1017, "preparation_time": 0, "load_before": [0], "load_after": [0]}, {"type": "service", "id": "1601088000_33", "location_id": "1601088000", "address": {"location_id": "1601088000", "lat": 42.29358515, "lon": -71.06047197}, "arr_time": 1676287319, "arr_date_time": "2023-02-13T06:21:59-05:00", "end_time": 1676287619, "end_date_time": "2023-02-13T06:26:59-05:00", "waiting_time": 0, "distance": 1058, "driving_time": 1019, "preparation_time": 0, "load_before": [0], "load_after": [0]}, {"type": "service", "id": "1601087000_32", "location_id": "1601087000", "address": {"location_id": "1601087000", "lat": 42.29348605, "lon": -71.06042763}, "arr_time": 1676287629, "arr_date_time": "2023-02-13T06:27:09-05:00", "end_time": 1676287929, "end_date_time": "2023-02-13T06:32:09-05:00", "waiting_time": 0, "distance": 1070, "driving_time": 1029, "preparation_time": 0, "load_before": [0], "load_after": [0]}, {"type": "service", "id": "1601063000_25", "location_id": "1601063000", "address": {"location_id": "1601063000", "lat": 42.29337521, "lon": -71.06084657}, "arr_time": 1676287929, "arr_date_time": "2023-02-13T06:32:09-05:00", "end_time": 1676288229, "end_date_time": "2023-02-13T06:37:09-05:00", "waiting_time": 0, "distance": 1070, "driving_time": 1029, "preparation_time": 0, "load_before": [0], "load_after": [0]}, {"type": "service", "id": "1601064000_26", "location_id": "1601064000", "address": {"location_id": "1601064000", "lat": 42.29328012, "lon": -71.0607982}, "arr_time": 1676288240, "arr_date_time": "2023-02-13T06:37:20-05:00", "end_time": 1676288540, "end_date_time": "2023-02-13T06:42:20-05:00", "waiting_time": 0, "distance": 1081, "driving_time": 1040, "preparation_time": 0, "load_before": [0], "load_after": [0]}, {"type": "service", "id": "1601175000_43", "location_id": "1601175000", "address": {"location_id": "1601175000", "lat": 42.29300458, "lon": -71.06022888}, "arr_time": 1676288581, "arr_date_time": "2023-02-13T06:43:01-05:00", "end_time": 1676288881, "end_date_time": "2023-02-13T06:48:01-05:00", "waiting_time": 0, "distance": 1124, "driving_time": 1081, "preparation_time": 0, "load_before": [0], "load_after": [0]}, {"type": "service", "id": "1601085000_31", "location_id": "1601085000", "address": {"location_id": "1601085000", "lat": 42.29327338, "lon": -71.06034026}, "arr_time": 1676288883, "arr_date_time": "2023-02-13T06:48:03-05:00", "end_time": 1676289183, "end_date_time": "2023-02-13T06:53:03-05:00", "waiting_time": 0, "distance": 1125, "driving_time": 1083, "preparation_time": 0, "load_before": [0], "load_after": [0]}, {"type": "service", "id": "1601176000_44", "location_id": "1601176000", "address": {"location_id": "1601176000", "lat": 42.29304056, "lon": -71.0600858}, "arr_time": 1676289193, "arr_date_time": "2023-02-13T06:53:13-05:00", "end_time": 1676289493, "end_date_time": "2023-02-13T06:58:13-05:00", "waiting_time": 0, "distance": 1136, "driving_time": 1093, "preparation_time": 0, "load_before": [0], "load_after": [0]}, {"type": "service", "id": "1601082000_30", "location_id": "1601082000", "address": {"location_id": "1601082000", "lat": 42.29344216, "lon": -71.05986049}, "arr_time": 1676289524, "arr_date_time": "2023-02-13T06:58:44-05:00", "end_time": 1676289824, "end_date_time": "2023-02-13T07:03:44-05:00", "waiting_time": 0, "distance": 1168, "driving_time": 1124, "preparation_time": 0, "load_before": [0], "load_after": [0]}, {"type": "service", "id": "1601065000_27", "location_id": "1601065000", "address": {"location_id": "1601065000", "lat": 42.29317417, "lon": -71.06074717}, "arr_time": 1676289900, "arr_date_time": "2023-02-13T07:05:00-05:00", "end_time": 1676290200, "end_date_time": "2023-02-13T07:10:00-05:00", "waiting_time": 0, "distance": 1247, "driving_time": 1200, "preparation_time": 0, "load_before": [0], "load_after": [0]}, {"type": "service", "id": "1601172000_42", "location_id": "1601172000", "address": {"location_id": "1601172000", "lat": 42.29289287, "lon": -71.06067169}, "arr_time": 1676290203, "arr_date_time": "2023-02-13T07:10:03-05:00", "end_time": 1676290503, "end_date_time": "2023-02-13T07:15:03-05:00", "waiting_time": 0, "distance": 1250, "driving_time": 1203, "preparation_time": 0, "load_before": [0], "load_after": [0]}, {"type": "service", "id": "1601068000_28", "location_id": "1601068000", "address": {"location_id": "1601068000", "lat": 42.29330442, "lon": -71.06112609}, "arr_time": 1676290573, "arr_date_time": "2023-02-13T07:16:13-05:00", "end_time": 1676290873, "end_date_time": "2023-02-13T07:21:13-05:00", "waiting_time": 0, "distance": 1324, "driving_time": 1273, "preparation_time": 0, "load_before": [0], "load_after": [0]}, {"type": "service", "id": "1601048000_22", "location_id": "1601048000", "address": {"location_id": "1601048000", "lat": 42.29329156, "lon": -71.06157506}, "arr_time": 1676290884, "arr_date_time": "2023-02-13T07:21:24-05:00", "end_time": 1676291184, "end_date_time": "2023-02-13T07:26:24-05:00", "waiting_time": 0, "distance": 1335, "driving_time": 1284, "preparation_time": 0, "load_before": [0], "load_after": [0]}, {"type": "service", "id": "1601069000_29", "location_id": "1601069000", "address": {"location_id": "1601069000", "lat": 42.29341092, "lon": -71.06117489}, "arr_time": 1676291185, "arr_date_time": "2023-02-13T07:26:25-05:00", "end_time": 1676291485, "end_date_time": "2023-02-13T07:31:25-05:00", "waiting_time": 0, "distance": 1337, "driving_time": 1285, "preparation_time": 0, "load_before": [0], "load_after": [0]}, {"type": "service", "id": "1601047000_21", "location_id": "1601047000", "address": {"location_id": "1601047000", "lat": 42.29340341, "lon": -71.06162547}, "arr_time": 1676291496, "arr_date_time": "2023-02-13T07:31:36-05:00", "end_time": 1676291796, "end_date_time": "2023-02-13T07:36:36-05:00", "waiting_time": 0, "distance": 1349, "driving_time": 1296, "preparation_time": 0, "load_before": [0], "load_after": [0]}, {"type": "service", "id": "1601163000_41", "location_id": "1601163000", "address": {"location_id": "1601163000", "lat": 42.29256384, "lon": -71.06201615}, "arr_time": 1676291927, "arr_date_time": "2023-02-13T07:38:47-05:00", "end_time": 1676292227, "end_date_time": "2023-02-13T07:43:47-05:00", "waiting_time": 0, "distance": 1486, "driving_time": 1427, "preparation_time": 0, "load_before": [0], "load_after": [0]}, {"type": "service", "id": "1601307000_45", "location_id": "1601307000", "address": {"location_id": "1601307000", "lat": 42.29227187, "lon": -71.06305772}, "arr_time": 1676292344, "arr_date_time": "2023-02-13T07:45:44-05:00", "end_time": 1676292644, "end_date_time": "2023-02-13T07:50:44-05:00", "waiting_time": 0, "distance": 1608, "driving_time": 1544, "preparation_time": 0, "load_before": [0], "load_after": [0]}, {"type": "service", "id": "1601159000_40", "location_id": "1601159000", "address": {"location_id": "1601159000", "lat": 42.29221335, "lon": -71.06207432}, "arr_time": 1676292783, "arr_date_time": "2023-02-13T07:53:03-05:00", "end_time": 1676293083, "end_date_time": "2023-02-13T07:58:03-05:00", "waiting_time": 0, "distance": 1752, "driving_time": 1683, "preparation_time": 0, "load_before": [0], "load_after": [0]}, {"type": "service", "id": "1601153000_39", "location_id": "1601153000", "address": {"location_id": "1601153000", "lat": 42.29240814, "lon": -71.06097876}, "arr_time": 1676293172, "arr_date_time": "2023-02-13T07:59:32-05:00", "end_time": 1676293472, "end_date_time": "2023-02-13T08:04:32-05:00", "waiting_time": 0, "distance": 1844, "driving_time": 1772, "preparation_time": 0, "load_before": [0], "load_after": [0]}, {"type": "service", "id": "1601151000_38", "location_id": "1601151000", "address": {"location_id": "1601151000", "lat": 42.29256095, "lon": -71.06067169}, "arr_time": 1676293500, "arr_date_time": "2023-02-13T08:05:00-05:00", "end_time": 1676293800, "end_date_time": "2023-02-13T08:10:00-05:00", "waiting_time": 0, "distance": 1873, "driving_time": 1800, "preparation_time": 0, "load_before": [0], "load_after": [0]}, {"type": "service", "id": "1601132000_37", "location_id": "1601132000", "address": {"location_id": "1601132000", "lat": 42.2935082, "lon": -71.05752563}, "arr_time": 1676294105, "arr_date_time": "2023-02-13T08:15:05-05:00", "end_time": 1676294405, "end_date_time": "2023-02-13T08:20:05-05:00", "waiting_time": 0, "distance": 2191, "driving_time": 2105, "preparation_time": 0, "load_before": [0], "load_after": [0]}]}], "unassigned": {"services": [], "shipments": [], "breaks": [], "details": []}}}