{"copyrights": ["GraphHopper", "OpenStreetMap contributors"], "job_id": "57ed99d5-e7d1-4260-98fd-95af9ec8144c", "status": "finished", "waiting_time_in_queue": 0, "processing_time": 173, "solution": {"costs": 364, "distance": 4901, "time": 4697, "transport_time": 4697, "completion_time": 20297, "max_operation_time": 20297, "waiting_time": 0, "service_duration": 15600, "preparation_time": 0, "no_vehicles": 1, "no_unassigned": 0, "routes": [{"vehicle_id": "my_vehicle", "shift_id": "default-shift", "distance": 4901, "transport_time": 4697, "completion_time": 20297, "waiting_time": 0, "service_duration": 15600, "preparation_time": 0, "activities": [{"type": "start", "location_id": "1400401000", "address": {"location_id": "1400401000", "lat": 42.30945533, "lon": -71.07850878}, "arr_time": 1676278800, "arr_date_time": "2023-02-13T04:00:00-05:00", "end_time": 1676278800, "end_date_time": "2023-02-13T04:00:00-05:00", "waiting_time": 0, "distance": 0, "driving_time": 0, "preparation_time": 0, "load_after": [0]}, {"type": "service", "id": "1400588000_11", "location_id": "1400588000", "address": {"location_id": "1400588000", "lat": 42.30913031, "lon": -71.07886175}, "arr_time": 1676278985, "arr_date_time": "2023-02-13T04:03:05-05:00", "end_time": 1676279285, "end_date_time": "2023-02-13T04:08:05-05:00", "waiting_time": 0, "distance": 193, "driving_time": 185, "preparation_time": 0, "load_before": [0], "load_after": [0]}, {"type": "service", "id": "1400618000_13", "location_id": "1400618000", "address": {"location_id": "1400618000", "lat": 42.30813742, "lon": -71.07727786}, "arr_time": 1676279449, "arr_date_time": "2023-02-13T04:10:49-05:00", "end_time": 1676279749, "end_date_time": "2023-02-13T04:15:49-05:00", "waiting_time": 0, "distance": 364, "driving_time": 349, "preparation_time": 0, "load_before": [0], "load_after": [0]}, {"type": "service", "id": "1400619000_14", "location_id": "1400619000", "address": {"location_id": "1400619000", "lat": 42.30802226, "lon": -71.07716749}, "arr_time": 1676279764, "arr_date_time": "2023-02-13T04:16:04-05:00", "end_time": 1676280064, "end_date_time": "2023-02-13T04:21:04-05:00", "waiting_time": 0, "distance": 379, "driving_time": 364, "preparation_time": 0, "load_before": [0], "load_after": [0]}, {"type": "service", "id": "1400367010_10", "location_id": "1400367010", "address": {"location_id": "1400367010", "lat": 42.30787465, "lon": -71.0761647}, "arr_time": 1676280177, "arr_date_time": "2023-02-13T04:22:57-05:00", "end_time": 1676280477, "end_date_time": "2023-02-13T04:27:57-05:00", "waiting_time": 0, "distance": 497, "driving_time": 477, "preparation_time": 0, "load_before": [0], "load_after": [0]}, {"type": "service", "id": "1400367006_09", "location_id": "1400367006", "address": {"location_id": "1400367006", "lat": 42.30814683, "lon": -71.07604093}, "arr_time": 1676280580, "arr_date_time": "2023-02-13T04:29:40-05:00", "end_time": 1676280880, "end_date_time": "2023-02-13T04:34:40-05:00", "waiting_time": 0, "distance": 605, "driving_time": 580, "preparation_time": 0, "load_before": [0], "load_after": [0]}, {"type": "service", "id": "1400367002_08", "location_id": "1400367002", "address": {"location_id": "1400367002", "lat": 42.30842886, "lon": -71.0764946}, "arr_time": 1676280927, "arr_date_time": "2023-02-13T04:35:27-05:00", "end_time": 1676281227, "end_date_time": "2023-02-13T04:40:27-05:00", "waiting_time": 0, "distance": 654, "driving_time": 627, "preparation_time": 0, "load_before": [0], "load_after": [0]}, {"type": "service", "id": "1400366000_07", "location_id": "1400366000", "address": {"location_id": "1400366000", "lat": 42.30871525, "lon": -71.07618348}, "arr_time": 1676281249, "arr_date_time": "2023-02-13T04:40:49-05:00", "end_time": 1676281549, "end_date_time": "2023-02-13T04:45:49-05:00", "waiting_time": 0, "distance": 678, "driving_time": 649, "preparation_time": 0, "load_before": [0], "load_after": [0]}, {"type": "service", "id": "1400365000_06", "location_id": "1400365000", "address": {"location_id": "1400365000", "lat": 42.308632, "lon": -71.07603322}, "arr_time": 1676281564, "arr_date_time": "2023-02-13T04:46:04-05:00", "end_time": 1676281864, "end_date_time": "2023-02-13T04:51:04-05:00", "waiting_time": 0, "distance": 693, "driving_time": 664, "preparation_time": 0, "load_before": [0], "load_after": [0]}, {"type": "service", "id": "1400095000_05", "location_id": "1400095000", "address": {"location_id": "1400095000", "lat": 42.30763564, "lon": -71.0753859}, "arr_time": 1676282045, "arr_date_time": "2023-02-13T04:54:05-05:00", "end_time": 1676282345, "end_date_time": "2023-02-13T04:59:05-05:00", "waiting_time": 0, "distance": 883, "driving_time": 845, "preparation_time": 0, "load_before": [0], "load_after": [0]}, {"type": "service", "id": "1400073000_03", "location_id": "1400073000", "address": {"location_id": "1400073000", "lat": 42.30644648, "lon": -71.07642338}, "arr_time": 1676282567, "arr_date_time": "2023-02-13T05:02:47-05:00", "end_time": 1676282867, "end_date_time": "2023-02-13T05:07:47-05:00", "waiting_time": 0, "distance": 1114, "driving_time": 1067, "preparation_time": 0, "load_before": [0], "load_after": [0]}, {"type": "service", "id": "1400074000_04", "location_id": "1400074000", "address": {"location_id": "1400074000", "lat": 42.30638949, "lon": -71.07651322}, "arr_time": 1676282876, "arr_date_time": "2023-02-13T05:07:56-05:00", "end_time": 1676283176, "end_date_time": "2023-02-13T05:12:56-05:00", "waiting_time": 0, "distance": 1124, "driving_time": 1076, "preparation_time": 0, "load_before": [0], "load_after": [0]}, {"type": "service", "id": "1400056000_02", "location_id": "1400056000", "address": {"location_id": "1400056000", "lat": 42.3060228, "lon": -71.0762715}, "arr_time": 1676283189, "arr_date_time": "2023-02-13T05:13:09-05:00", "end_time": 1676283489, "end_date_time": "2023-02-13T05:18:09-05:00", "waiting_time": 0, "distance": 1138, "driving_time": 1089, "preparation_time": 0, "load_before": [0], "load_after": [0]}, {"type": "service", "id": "1400049000_01", "location_id": "1400049000", "address": {"location_id": "1400049000", "lat": 42.30559807, "lon": -71.07683599}, "arr_time": 1676283552, "arr_date_time": "2023-02-13T05:19:12-05:00", "end_time": 1676283852, "end_date_time": "2023-02-13T05:24:12-05:00", "waiting_time": 0, "distance": 1204, "driving_time": 1152, "preparation_time": 0, "load_before": [0], "load_after": [0]}, {"type": "service", "id": "1401119000_52", "location_id": "1401119000", "address": {"location_id": "1401119000", "lat": 42.30510249, "lon": -71.07730586}, "arr_time": 1676283963, "arr_date_time": "2023-02-13T05:26:03-05:00", "end_time": 1676284263, "end_date_time": "2023-02-13T05:31:03-05:00", "waiting_time": 0, "distance": 1319, "driving_time": 1263, "preparation_time": 0, "load_before": [0], "load_after": [0]}, {"type": "service", "id": "1400716000_40", "location_id": "1400716000", "address": {"location_id": "1400716000", "lat": 42.30714239, "lon": -71.07887279}, "arr_time": 1676284632, "arr_date_time": "2023-02-13T05:37:12-05:00", "end_time": 1676284932, "end_date_time": "2023-02-13T05:42:12-05:00", "waiting_time": 0, "distance": 1703, "driving_time": 1632, "preparation_time": 0, "load_before": [0], "load_after": [0]}, {"type": "service", "id": "1400689000_31", "location_id": "1400689000", "address": {"location_id": "1400689000", "lat": 42.30744408, "lon": -71.07774733}, "arr_time": 1676285252, "arr_date_time": "2023-02-13T05:47:32-05:00", "end_time": 1676285552, "end_date_time": "2023-02-13T05:52:32-05:00", "waiting_time": 0, "distance": 2036, "driving_time": 1952, "preparation_time": 0, "load_before": [0], "load_after": [0]}, {"type": "service", "id": "1400688000_30", "location_id": "1400688000", "address": {"location_id": "1400688000", "lat": 42.30751621, "lon": -71.07787325}, "arr_time": 1676285564, "arr_date_time": "2023-02-13T05:52:44-05:00", "end_time": 1676285864, "end_date_time": "2023-02-13T05:57:44-05:00", "waiting_time": 0, "distance": 2049, "driving_time": 1964, "preparation_time": 0, "load_before": [0], "load_after": [0]}, {"type": "service", "id": "1400687000_29", "location_id": "1400687000", "address": {"location_id": "1400687000", "lat": 42.30762844, "lon": -71.07793016}, "arr_time": 1676285875, "arr_date_time": "2023-02-13T05:57:55-05:00", "end_time": 1676286175, "end_date_time": "2023-02-13T06:02:55-05:00", "waiting_time": 0, "distance": 2061, "driving_time": 1975, "preparation_time": 0, "load_before": [0], "load_after": [0]}, {"type": "service", "id": "1400636010_15", "location_id": "1400636010", "address": {"location_id": "1400636010", "lat": 42.30797059, "lon": -71.07772866}, "arr_time": 1676286185, "arr_date_time": "2023-02-13T06:03:05-05:00", "end_time": 1676286485, "end_date_time": "2023-02-13T06:08:05-05:00", "waiting_time": 0, "distance": 2072, "driving_time": 1985, "preparation_time": 0, "load_before": [0], "load_after": [0]}, {"type": "service", "id": "1400685000_28", "location_id": "1400685000", "address": {"location_id": "1400685000", "lat": 42.30770493, "lon": -71.07805644}, "arr_time": 1676286487, "arr_date_time": "2023-02-13T06:08:07-05:00", "end_time": 1676286787, "end_date_time": "2023-02-13T06:13:07-05:00", "waiting_time": 0, "distance": 2074, "driving_time": 1987, "preparation_time": 0, "load_before": [0], "load_after": [0]}, {"type": "service", "id": "1400636020_16", "location_id": "1400636020", "address": {"location_id": "1400636020", "lat": 42.30804654, "lon": -71.07779375}, "arr_time": 1676286793, "arr_date_time": "2023-02-13T06:13:13-05:00", "end_time": 1676287093, "end_date_time": "2023-02-13T06:18:13-05:00", "waiting_time": 0, "distance": 2082, "driving_time": 1993, "preparation_time": 0, "load_before": [0], "load_after": [0]}, {"type": "service", "id": "1400637010_17", "location_id": "1400637010", "address": {"location_id": "1400637010", "lat": 42.30810236, "lon": -71.0778831}, "arr_time": 1676287103, "arr_date_time": "2023-02-13T06:18:23-05:00", "end_time": 1676287403, "end_date_time": "2023-02-13T06:23:23-05:00", "waiting_time": 0, "distance": 2092, "driving_time": 2003, "preparation_time": 0, "load_before": [0], "load_after": [0]}, {"type": "service", "id": "1400638010_18", "location_id": "1400638010", "address": {"location_id": "1400638010", "lat": 42.30815794, "lon": -71.07797353}, "arr_time": 1676287412, "arr_date_time": "2023-02-13T06:23:32-05:00", "end_time": 1676287712, "end_date_time": "2023-02-13T06:28:32-05:00", "waiting_time": 0, "distance": 2102, "driving_time": 2012, "preparation_time": 0, "load_before": [0], "load_after": [0]}, {"type": "service", "id": "1400682060_27", "location_id": "1400682060", "address": {"location_id": "1400682060", "lat": 42.30792878, "lon": -71.07850123}, "arr_time": 1676287728, "arr_date_time": "2023-02-13T06:28:48-05:00", "end_time": 1676288028, "end_date_time": "2023-02-13T06:33:48-05:00", "waiting_time": 0, "distance": 2119, "driving_time": 2028, "preparation_time": 0, "load_before": [0], "load_after": [0]}, {"type": "service", "id": "1400639000_19", "location_id": "1400639000", "address": {"location_id": "1400639000", "lat": 42.30823734, "lon": -71.07807597}, "arr_time": 1676288059, "arr_date_time": "2023-02-13T06:34:19-05:00", "end_time": 1676288359, "end_date_time": "2023-02-13T06:39:19-05:00", "waiting_time": 0, "distance": 2150, "driving_time": 2059, "preparation_time": 0, "load_before": [0], "load_after": [0]}, {"type": "service", "id": "1400682050_26", "location_id": "1400682050", "address": {"location_id": "1400682050", "lat": 42.30799343, "lon": -71.07860861}, "arr_time": 1676288387, "arr_date_time": "2023-02-13T06:39:47-05:00", "end_time": 1676288687, "end_date_time": "2023-02-13T06:44:47-05:00", "waiting_time": 0, "distance": 2179, "driving_time": 2087, "preparation_time": 0, "load_before": [0], "load_after": [0]}, {"type": "service", "id": "1400598000_12", "location_id": "1400598000", "address": {"location_id": "1400598000", "lat": 42.30846021, "lon": -71.07844955}, "arr_time": 1676288708, "arr_date_time": "2023-02-13T06:45:08-05:00", "end_time": 1676289008, "end_date_time": "2023-02-13T06:50:08-05:00", "waiting_time": 0, "distance": 2201, "driving_time": 2108, "preparation_time": 0, "load_before": [0], "load_after": [0]}, {"type": "service", "id": "1400675000_23", "location_id": "1400675000", "address": {"location_id": "1400675000", "lat": 42.30862924, "lon": -71.07960663}, "arr_time": 1676289091, "arr_date_time": "2023-02-13T06:51:31-05:00", "end_time": 1676289391, "end_date_time": "2023-02-13T06:56:31-05:00", "waiting_time": 0, "distance": 2287, "driving_time": 2191, "preparation_time": 0, "load_before": [0], "load_after": [0]}, {"type": "service", "id": "1400673010_22", "location_id": "1400673010", "address": {"location_id": "1400673010", "lat": 42.30869677, "lon": -71.07972266}, "arr_time": 1676289403, "arr_date_time": "2023-02-13T06:56:43-05:00", "end_time": 1676289703, "end_date_time": "2023-02-13T07:01:43-05:00", "waiting_time": 0, "distance": 2299, "driving_time": 2203, "preparation_time": 0, "load_before": [0], "load_after": [0]}, {"type": "service", "id": "1400705090_39", "location_id": "1400705090", "address": {"location_id": "1400705090", "lat": 42.30885481, "lon": -71.08049088}, "arr_time": 1676289819, "arr_date_time": "2023-02-13T07:03:39-05:00", "end_time": 1676290119, "end_date_time": "2023-02-13T07:08:39-05:00", "waiting_time": 0, "distance": 2420, "driving_time": 2319, "preparation_time": 0, "load_before": [0], "load_after": [0]}, {"type": "service", "id": "1400705080_38", "location_id": "1400705080", "address": {"location_id": "1400705080", "lat": 42.30873998, "lon": -71.08038433}, "arr_time": 1676290165, "arr_date_time": "2023-02-13T07:09:25-05:00", "end_time": 1676290465, "end_date_time": "2023-02-13T07:14:25-05:00", "waiting_time": 0, "distance": 2469, "driving_time": 2365, "preparation_time": 0, "load_before": [0], "load_after": [0]}, {"type": "service", "id": "1400705070_37", "location_id": "1400705070", "address": {"location_id": "1400705070", "lat": 42.30865927, "lon": -71.08025727}, "arr_time": 1676290479, "arr_date_time": "2023-02-13T07:14:39-05:00", "end_time": 1676290779, "end_date_time": "2023-02-13T07:19:39-05:00", "waiting_time": 0, "distance": 2483, "driving_time": 2379, "preparation_time": 0, "load_before": [0], "load_after": [0]}, {"type": "service", "id": "1400705060_36", "location_id": "1400705060", "address": {"location_id": "1400705060", "lat": 42.30857821, "lon": -71.08013063}, "arr_time": 1676290792, "arr_date_time": "2023-02-13T07:19:52-05:00", "end_time": 1676291092, "end_date_time": "2023-02-13T07:24:52-05:00", "waiting_time": 0, "distance": 2497, "driving_time": 2392, "preparation_time": 0, "load_before": [0], "load_after": [0]}, {"type": "service", "id": "1400705040_35", "location_id": "1400705040", "address": {"location_id": "1400705040", "lat": 42.30836302, "lon": -71.0797941}, "arr_time": 1676291172, "arr_date_time": "2023-02-13T07:26:12-05:00", "end_time": 1676291472, "end_date_time": "2023-02-13T07:31:12-05:00", "waiting_time": 0, "distance": 2580, "driving_time": 2472, "preparation_time": 0, "load_before": [0], "load_after": [0]}, {"type": "service", "id": "1400705030_34", "location_id": "1400705030", "address": {"location_id": "1400705030", "lat": 42.30826151, "lon": -71.07964396}, "arr_time": 1676291487, "arr_date_time": "2023-02-13T07:31:27-05:00", "end_time": 1676291787, "end_date_time": "2023-02-13T07:36:27-05:00", "waiting_time": 0, "distance": 2595, "driving_time": 2487, "preparation_time": 0, "load_before": [0], "load_after": [0]}, {"type": "service", "id": "1400705020_33", "location_id": "1400705020", "address": {"location_id": "1400705020", "lat": 42.30817501, "lon": -71.07952381}, "arr_time": 1676291787, "arr_date_time": "2023-02-13T07:36:27-05:00", "end_time": 1676292087, "end_date_time": "2023-02-13T07:41:27-05:00", "waiting_time": 0, "distance": 2595, "driving_time": 2487, "preparation_time": 0, "load_before": [0], "load_after": [0]}, {"type": "service", "id": "1400662030_20", "location_id": "1400662030", "address": {"location_id": "1400662030", "lat": 42.30781429, "lon": -71.07975436}, "arr_time": 1676292152, "arr_date_time": "2023-02-13T07:42:32-05:00", "end_time": 1676292452, "end_date_time": "2023-02-13T07:47:32-05:00", "waiting_time": 0, "distance": 2663, "driving_time": 2552, "preparation_time": 0, "load_before": [0], "load_after": [0]}, {"type": "service", "id": "1400662040_21", "location_id": "1400662040", "address": {"location_id": "1400662040", "lat": 42.30770846, "lon": -71.0796105}, "arr_time": 1676292468, "arr_date_time": "2023-02-13T07:47:48-05:00", "end_time": 1676292768, "end_date_time": "2023-02-13T07:52:48-05:00", "waiting_time": 0, "distance": 2680, "driving_time": 2568, "preparation_time": 0, "load_before": [0], "load_after": [0]}, {"type": "service", "id": "1400681060_25", "location_id": "1400681060", "address": {"location_id": "1400681060", "lat": 42.30792491, "lon": -71.07915808}, "arr_time": 1676292779, "arr_date_time": "2023-02-13T07:52:59-05:00", "end_time": 1676293079, "end_date_time": "2023-02-13T07:57:59-05:00", "waiting_time": 0, "distance": 2692, "driving_time": 2579, "preparation_time": 0, "load_before": [0], "load_after": [0]}, {"type": "service", "id": "1400681050_24", "location_id": "1400681050", "address": {"location_id": "1400681050", "lat": 42.30784496, "lon": -71.07903623}, "arr_time": 1676293088, "arr_date_time": "2023-02-13T07:58:08-05:00", "end_time": 1676293388, "end_date_time": "2023-02-13T08:03:08-05:00", "waiting_time": 0, "distance": 2701, "driving_time": 2588, "preparation_time": 0, "load_before": [0], "load_after": [0]}, {"type": "service", "id": "1400705010_32", "location_id": "1400705010", "address": {"location_id": "1400705010", "lat": 42.30808905, "lon": -71.07940699}, "arr_time": 1676293423, "arr_date_time": "2023-02-13T08:03:43-05:00", "end_time": 1676293723, "end_date_time": "2023-02-13T08:08:43-05:00", "waiting_time": 0, "distance": 2738, "driving_time": 2623, "preparation_time": 0, "load_before": [0], "load_after": [0]}, {"type": "service", "id": "1400745000_41", "location_id": "1400745000", "address": {"location_id": "1400745000", "lat": 42.30772114, "lon": -71.08157962}, "arr_time": 1676294243, "arr_date_time": "2023-02-13T08:17:23-05:00", "end_time": 1676294543, "end_date_time": "2023-02-13T08:22:23-05:00", "waiting_time": 0, "distance": 3280, "driving_time": 3143, "preparation_time": 0, "load_before": [0], "load_after": [0]}, {"type": "service", "id": "1400840000_43", "location_id": "1400840000", "address": {"location_id": "1400840000", "lat": 42.30638879, "lon": -71.08231564}, "arr_time": 1676294697, "arr_date_time": "2023-02-13T08:24:57-05:00", "end_time": 1676294997, "end_date_time": "2023-02-13T08:29:57-05:00", "waiting_time": 0, "distance": 3441, "driving_time": 3297, "preparation_time": 0, "load_before": [0], "load_after": [0]}, {"type": "service", "id": "1400803000_42", "location_id": "1400803000", "address": {"location_id": "1400803000", "lat": 42.30652222, "lon": -71.08329555}, "arr_time": 1676295103, "arr_date_time": "2023-02-13T08:31:43-05:00", "end_time": 1676295403, "end_date_time": "2023-02-13T08:36:43-05:00", "waiting_time": 0, "distance": 3551, "driving_time": 3403, "preparation_time": 0, "load_before": [0], "load_after": [0]}, {"type": "service", "id": "1400858000_45", "location_id": "1400858000", "address": {"location_id": "1400858000", "lat": 42.30555094, "lon": -71.08211237}, "arr_time": 1676295539, "arr_date_time": "2023-02-13T08:38:59-05:00", "end_time": 1676295839, "end_date_time": "2023-02-13T08:43:59-05:00", "waiting_time": 0, "distance": 3693, "driving_time": 3539, "preparation_time": 0, "load_before": [0], "load_after": [0]}, {"type": "service", "id": "1400868000_47", "location_id": "1400868000", "address": {"location_id": "1400868000", "lat": 42.30518041, "lon": -71.08292591}, "arr_time": 1676296012, "arr_date_time": "2023-02-13T08:46:52-05:00", "end_time": 1676296312, "end_date_time": "2023-02-13T08:51:52-05:00", "waiting_time": 0, "distance": 3873, "driving_time": 3712, "preparation_time": 0, "load_before": [0], "load_after": [0]}, {"type": "service", "id": "1400864000_46", "location_id": "1400864000", "address": {"location_id": "1400864000", "lat": 42.30480884, "lon": -71.08293873}, "arr_time": 1676296451, "arr_date_time": "2023-02-13T08:54:11-05:00", "end_time": 1676296751, "end_date_time": "2023-02-13T08:59:11-05:00", "waiting_time": 0, "distance": 4017, "driving_time": 3851, "preparation_time": 0, "load_before": [0], "load_after": [0]}, {"type": "service", "id": "1400878000_48", "location_id": "1400878000", "address": {"location_id": "1400878000", "lat": 42.30389054, "lon": -71.08333574}, "arr_time": 1676296899, "arr_date_time": "2023-02-13T09:01:39-05:00", "end_time": 1676297199, "end_date_time": "2023-02-13T09:06:39-05:00", "waiting_time": 0, "distance": 4172, "driving_time": 3999, "preparation_time": 0, "load_before": [0], "load_after": [0]}, {"type": "service", "id": "1400846000_44", "location_id": "1400846000", "address": {"location_id": "1400846000", "lat": 42.30503273, "lon": -71.08185544}, "arr_time": 1676297373, "arr_date_time": "2023-02-13T09:09:33-05:00", "end_time": 1676297673, "end_date_time": "2023-02-13T09:14:33-05:00", "waiting_time": 0, "distance": 4354, "driving_time": 4173, "preparation_time": 0, "load_before": [0], "load_after": [0]}, {"type": "service", "id": "1401072000_49", "location_id": "1401072000", "address": {"location_id": "1401072000", "lat": 42.30499139, "lon": -71.07937903}, "arr_time": 1676297953, "arr_date_time": "2023-02-13T09:19:13-05:00", "end_time": 1676298253, "end_date_time": "2023-02-13T09:24:13-05:00", "waiting_time": 0, "distance": 4645, "driving_time": 4453, "preparation_time": 0, "load_before": [0], "load_after": [0]}, {"type": "service", "id": "1401100000_51", "location_id": "1401100000", "address": {"location_id": "1401100000", "lat": 42.30417469, "lon": -71.07802799}, "arr_time": 1676298476, "arr_date_time": "2023-02-13T09:27:56-05:00", "end_time": 1676298776, "end_date_time": "2023-02-13T09:32:56-05:00", "waiting_time": 0, "distance": 4878, "driving_time": 4676, "preparation_time": 0, "load_before": [0], "load_after": [0]}, {"type": "service", "id": "1401098000_50", "location_id": "1401098000", "address": {"location_id": "1401098000", "lat": 42.30402654, "lon": -71.07829017}, "arr_time": 1676298797, "arr_date_time": "2023-02-13T09:33:17-05:00", "end_time": 1676299097, "end_date_time": "2023-02-13T09:38:17-05:00", "waiting_time": 0, "distance": 4901, "driving_time": 4697, "preparation_time": 0, "load_before": [0], "load_after": [0]}]}], "unassigned": {"services": [], "shipments": [], "breaks": [], "details": []}}}