{"copyrights": ["GraphHopper", "OpenStreetMap contributors"], "job_id": "9674ecc9-04b7-4620-ad68-1f3950e8ec18", "status": "finished", "waiting_time_in_queue": 0, "processing_time": 171, "solution": {"costs": 352, "distance": 4316, "time": 4144, "transport_time": 4144, "completion_time": 18844, "max_operation_time": 18844, "waiting_time": 0, "service_duration": 14700, "preparation_time": 0, "no_vehicles": 1, "no_unassigned": 0, "routes": [{"vehicle_id": "my_vehicle", "shift_id": "default-shift", "distance": 4316, "transport_time": 4144, "completion_time": 18844, "waiting_time": 0, "service_duration": 14700, "preparation_time": 0, "activities": [{"type": "start", "location_id": "901950000", "address": {"location_id": "901950000", "lat": 42.33646631, "lon": -71.08412686}, "arr_time": 1676278800, "arr_date_time": "2023-02-13T04:00:00-05:00", "end_time": 1676278800, "end_date_time": "2023-02-13T04:00:00-05:00", "waiting_time": 0, "distance": 0, "driving_time": 0, "preparation_time": 0, "load_after": [0]}, {"type": "service", "id": "901843000_06", "location_id": "901843000", "address": {"location_id": "901843000", "lat": 42.33622903, "lon": -71.08357185}, "arr_time": 1676278929, "arr_date_time": "2023-02-13T04:02:09-05:00", "end_time": 1676279229, "end_date_time": "2023-02-13T04:07:09-05:00", "waiting_time": 0, "distance": 134, "driving_time": 129, "preparation_time": 0, "load_before": [0], "load_after": [0]}, {"type": "service", "id": "901809000_04", "location_id": "901809000", "address": {"location_id": "901809000", "lat": 42.33592763, "lon": -71.08370373}, "arr_time": 1676279256, "arr_date_time": "2023-02-13T04:07:36-05:00", "end_time": 1676279556, "end_date_time": "2023-02-13T04:12:36-05:00", "waiting_time": 0, "distance": 161, "driving_time": 156, "preparation_time": 0, "load_before": [0], "load_after": [0]}, {"type": "service", "id": "901808000_03", "location_id": "901808000", "address": {"location_id": "901808000", "lat": 42.33595094, "lon": -71.08373454}, "arr_time": 1676279560, "arr_date_time": "2023-02-13T04:12:40-05:00", "end_time": 1676279860, "end_date_time": "2023-02-13T04:17:40-05:00", "waiting_time": 0, "distance": 165, "driving_time": 160, "preparation_time": 0, "load_before": [0], "load_after": [0]}, {"type": "service", "id": "901846000_07", "location_id": "901846000", "address": {"location_id": "901846000", "lat": 42.33614917, "lon": -71.08366253}, "arr_time": 1676279868, "arr_date_time": "2023-02-13T04:17:48-05:00", "end_time": 1676280168, "end_date_time": "2023-02-13T04:22:48-05:00", "waiting_time": 0, "distance": 173, "driving_time": 168, "preparation_time": 0, "load_before": [0], "load_after": [0]}, {"type": "service", "id": "901835000_05", "location_id": "901835000", "address": {"location_id": "901835000", "lat": 42.33629408, "lon": -71.08382018}, "arr_time": 1676280215, "arr_date_time": "2023-02-13T04:23:35-05:00", "end_time": 1676280515, "end_date_time": "2023-02-13T04:28:35-05:00", "waiting_time": 0, "distance": 221, "driving_time": 215, "preparation_time": 0, "load_before": [0], "load_after": [0]}, {"type": "service", "id": "901798000_02", "location_id": "901798000", "address": {"location_id": "901798000", "lat": 42.33593052, "lon": -71.08394114}, "arr_time": 1676280583, "arr_date_time": "2023-02-13T04:29:43-05:00", "end_time": 1676280883, "end_date_time": "2023-02-13T04:34:43-05:00", "waiting_time": 0, "distance": 292, "driving_time": 283, "preparation_time": 0, "load_before": [0], "load_after": [0]}, {"type": "service", "id": "901793000_01", "location_id": "901793000", "address": {"location_id": "901793000", "lat": 42.33582726, "lon": -71.08375305}, "arr_time": 1676280901, "arr_date_time": "2023-02-13T04:35:01-05:00", "end_time": 1676281201, "end_date_time": "2023-02-13T04:40:01-05:00", "waiting_time": 0, "distance": 311, "driving_time": 301, "preparation_time": 0, "load_before": [0], "load_after": [0]}, {"type": "service", "id": "901895000_18", "location_id": "901895000", "address": {"location_id": "901895000", "lat": 42.33548989, "lon": -71.08372199}, "arr_time": 1676281309, "arr_date_time": "2023-02-13T04:41:49-05:00", "end_time": 1676281609, "end_date_time": "2023-02-13T04:46:49-05:00", "waiting_time": 0, "distance": 423, "driving_time": 409, "preparation_time": 0, "load_before": [0], "load_after": [0]}, {"type": "service", "id": "901894000_17", "location_id": "901894000", "address": {"location_id": "901894000", "lat": 42.33552762, "lon": -71.08374366}, "arr_time": 1676281613, "arr_date_time": "2023-02-13T04:46:53-05:00", "end_time": 1676281913, "end_date_time": "2023-02-13T04:51:53-05:00", "waiting_time": 0, "distance": 427, "driving_time": 413, "preparation_time": 0, "load_before": [0], "load_after": [0]}, {"type": "service", "id": "901886000_14", "location_id": "901886000", "address": {"location_id": "901886000", "lat": 42.33555025, "lon": -71.08417596}, "arr_time": 1676281951, "arr_date_time": "2023-02-13T04:52:31-05:00", "end_time": 1676282251, "end_date_time": "2023-02-13T04:57:31-05:00", "waiting_time": 0, "distance": 467, "driving_time": 451, "preparation_time": 0, "load_before": [0], "load_after": [0]}, {"type": "service", "id": "901887000_15", "location_id": "901887000", "address": {"location_id": "901887000", "lat": 42.33553676, "lon": -71.08424504}, "arr_time": 1676282253, "arr_date_time": "2023-02-13T04:57:33-05:00", "end_time": 1676282553, "end_date_time": "2023-02-13T05:02:33-05:00", "waiting_time": 0, "distance": 470, "driving_time": 453, "preparation_time": 0, "load_before": [0], "load_after": [0]}, {"type": "service", "id": "901885000_13", "location_id": "901885000", "address": {"location_id": "901885000", "lat": 42.33557438, "lon": -71.08413779}, "arr_time": 1676282560, "arr_date_time": "2023-02-13T05:02:40-05:00", "end_time": 1676282860, "end_date_time": "2023-02-13T05:07:40-05:00", "waiting_time": 0, "distance": 477, "driving_time": 460, "preparation_time": 0, "load_before": [0], "load_after": [0]}, {"type": "service", "id": "901890000_16", "location_id": "901890000", "address": {"location_id": "901890000", "lat": 42.33543362, "lon": -71.08387801}, "arr_time": 1676282860, "arr_date_time": "2023-02-13T05:07:40-05:00", "end_time": 1676283160, "end_date_time": "2023-02-13T05:12:40-05:00", "waiting_time": 0, "distance": 477, "driving_time": 460, "preparation_time": 0, "load_before": [0], "load_after": [0]}, {"type": "service", "id": "901880000_12", "location_id": "901880000", "address": {"location_id": "901880000", "lat": 42.33568477, "lon": -71.08412205}, "arr_time": 1676283199, "arr_date_time": "2023-02-13T05:13:19-05:00", "end_time": 1676283499, "end_date_time": "2023-02-13T05:18:19-05:00", "waiting_time": 0, "distance": 518, "driving_time": 499, "preparation_time": 0, "load_before": [0], "load_after": [0]}, {"type": "service", "id": "901878000_11", "location_id": "901878000", "address": {"location_id": "901878000", "lat": 42.33571829, "lon": -71.08420727}, "arr_time": 1676283507, "arr_date_time": "2023-02-13T05:18:27-05:00", "end_time": 1676283807, "end_date_time": "2023-02-13T05:23:27-05:00", "waiting_time": 0, "distance": 526, "driving_time": 507, "preparation_time": 0, "load_before": [0], "load_after": [0]}, {"type": "service", "id": "901876000_10", "location_id": "901876000", "address": {"location_id": "901876000", "lat": 42.33579332, "lon": -71.08424944}, "arr_time": 1676283815, "arr_date_time": "2023-02-13T05:23:35-05:00", "end_time": 1676284115, "end_date_time": "2023-02-13T05:28:35-05:00", "waiting_time": 0, "distance": 534, "driving_time": 515, "preparation_time": 0, "load_before": [0], "load_after": [0]}, {"type": "service", "id": "901872000_09", "location_id": "901872000", "address": {"location_id": "901872000", "lat": 42.33570683, "lon": -71.08439053}, "arr_time": 1676284147, "arr_date_time": "2023-02-13T05:29:07-05:00", "end_time": 1676284447, "end_date_time": "2023-02-13T05:34:07-05:00", "waiting_time": 0, "distance": 568, "driving_time": 547, "preparation_time": 0, "load_before": [0], "load_after": [0]}, {"type": "service", "id": "901862000_08", "location_id": "901862000", "address": {"location_id": "901862000", "lat": 42.33543046, "lon": -71.08448412}, "arr_time": 1676284504, "arr_date_time": "2023-02-13T05:35:04-05:00", "end_time": 1676284804, "end_date_time": "2023-02-13T05:40:04-05:00", "waiting_time": 0, "distance": 628, "driving_time": 604, "preparation_time": 0, "load_before": [0], "load_after": [0]}, {"type": "service", "id": "902460000_19", "location_id": "902460000", "address": {"location_id": "902460000", "lat": 42.33106615, "lon": -71.08439588}, "arr_time": 1676285421, "arr_date_time": "2023-02-13T05:50:21-05:00", "end_time": 1676285721, "end_date_time": "2023-02-13T05:55:21-05:00", "waiting_time": 0, "distance": 1271, "driving_time": 1221, "preparation_time": 0, "load_before": [0], "load_after": [0]}, {"type": "service", "id": "903266000_35", "location_id": "903266000", "address": {"location_id": "903266000", "lat": 42.33018196, "lon": -71.08802606}, "arr_time": 1676286372, "arr_date_time": "2023-02-13T06:06:12-05:00", "end_time": 1676286672, "end_date_time": "2023-02-13T06:11:12-05:00", "waiting_time": 0, "distance": 1949, "driving_time": 1872, "preparation_time": 0, "load_before": [0], "load_after": [0]}, {"type": "service", "id": "903262020_34", "location_id": "903262020", "address": {"location_id": "903262020", "lat": 42.32985834, "lon": -71.08832037}, "arr_time": 1676286713, "arr_date_time": "2023-02-13T06:11:53-05:00", "end_time": 1676287013, "end_date_time": "2023-02-13T06:16:53-05:00", "waiting_time": 0, "distance": 1992, "driving_time": 1913, "preparation_time": 0, "load_before": [0], "load_after": [0]}, {"type": "service", "id": "903262010_33", "location_id": "903262010", "address": {"location_id": "903262010", "lat": 42.32988821, "lon": -71.08853264}, "arr_time": 1676287016, "arr_date_time": "2023-02-13T06:16:56-05:00", "end_time": 1676287316, "end_date_time": "2023-02-13T06:21:56-05:00", "waiting_time": 0, "distance": 1994, "driving_time": 1916, "preparation_time": 0, "load_before": [0], "load_after": [0]}, {"type": "service", "id": "903259020_32", "location_id": "903259020", "address": {"location_id": "903259020", "lat": 42.33021478, "lon": -71.08872665}, "arr_time": 1676287495, "arr_date_time": "2023-02-13T06:24:55-05:00", "end_time": 1676287795, "end_date_time": "2023-02-13T06:29:55-05:00", "waiting_time": 0, "distance": 2180, "driving_time": 2095, "preparation_time": 0, "load_before": [0], "load_after": [0]}, {"type": "service", "id": "903259010_31", "location_id": "903259010", "address": {"location_id": "903259010", "lat": 42.33008783, "lon": -71.08872107}, "arr_time": 1676287808, "arr_date_time": "2023-02-13T06:30:08-05:00", "end_time": 1676288108, "end_date_time": "2023-02-13T06:35:08-05:00", "waiting_time": 0, "distance": 2194, "driving_time": 2108, "preparation_time": 0, "load_before": [0], "load_after": [0]}, {"type": "service", "id": "903257000_30", "location_id": "903257000", "address": {"location_id": "903257000", "lat": 42.32984321, "lon": -71.08878948}, "arr_time": 1676288135, "arr_date_time": "2023-02-13T06:35:35-05:00", "end_time": 1676288435, "end_date_time": "2023-02-13T06:40:35-05:00", "waiting_time": 0, "distance": 2222, "driving_time": 2135, "preparation_time": 0, "load_before": [0], "load_after": [0]}, {"type": "service", "id": "903256040_29", "location_id": "903256040", "address": {"location_id": "903256040", "lat": 42.32962897, "lon": -71.08882593}, "arr_time": 1676288457, "arr_date_time": "2023-02-13T06:40:57-05:00", "end_time": 1676288757, "end_date_time": "2023-02-13T06:45:57-05:00", "waiting_time": 0, "distance": 2246, "driving_time": 2157, "preparation_time": 0, "load_before": [0], "load_after": [0]}, {"type": "service", "id": "903256030_28", "location_id": "903256030", "address": {"location_id": "903256030", "lat": 42.32958295, "lon": -71.08867367}, "arr_time": 1676288801, "arr_date_time": "2023-02-13T06:46:41-05:00", "end_time": 1676289101, "end_date_time": "2023-02-13T06:51:41-05:00", "waiting_time": 0, "distance": 2292, "driving_time": 2201, "preparation_time": 0, "load_before": [0], "load_after": [0]}, {"type": "service", "id": "903256020_27", "location_id": "903256020", "address": {"location_id": "903256020", "lat": 42.32956156, "lon": -71.08852305}, "arr_time": 1676289113, "arr_date_time": "2023-02-13T06:51:53-05:00", "end_time": 1676289413, "end_date_time": "2023-02-13T06:56:53-05:00", "waiting_time": 0, "distance": 2305, "driving_time": 2213, "preparation_time": 0, "load_before": [0], "load_after": [0]}, {"type": "service", "id": "903256010_26", "location_id": "903256010", "address": {"location_id": "903256010", "lat": 42.32954071, "lon": -71.08837627}, "arr_time": 1676289424, "arr_date_time": "2023-02-13T06:57:04-05:00", "end_time": 1676289724, "end_date_time": "2023-02-13T07:02:04-05:00", "waiting_time": 0, "distance": 2317, "driving_time": 2224, "preparation_time": 0, "load_before": [0], "load_after": [0]}, {"type": "service", "id": "903253000_25", "location_id": "903253000", "address": {"location_id": "903253000", "lat": 42.32947558, "lon": -71.08792008}, "arr_time": 1676289787, "arr_date_time": "2023-02-13T07:03:07-05:00", "end_time": 1676290087, "end_date_time": "2023-02-13T07:08:07-05:00", "waiting_time": 0, "distance": 2383, "driving_time": 2287, "preparation_time": 0, "load_before": [0], "load_after": [0]}, {"type": "service", "id": "903230000_22", "location_id": "903230000", "address": {"location_id": "903230000", "lat": 42.32910961, "lon": -71.08775722}, "arr_time": 1676290116, "arr_date_time": "2023-02-13T07:08:36-05:00", "end_time": 1676290416, "end_date_time": "2023-02-13T07:13:36-05:00", "waiting_time": 0, "distance": 2413, "driving_time": 2316, "preparation_time": 0, "load_before": [0], "load_after": [0]}, {"type": "service", "id": "903234000_23", "location_id": "903234000", "address": {"location_id": "903234000", "lat": 42.32907148, "lon": -71.08737158}, "arr_time": 1676290447, "arr_date_time": "2023-02-13T07:14:07-05:00", "end_time": 1676290747, "end_date_time": "2023-02-13T07:19:07-05:00", "waiting_time": 0, "distance": 2445, "driving_time": 2347, "preparation_time": 0, "load_before": [0], "load_after": [0]}, {"type": "service", "id": "903247000_24", "location_id": "903247000", "address": {"location_id": "903247000", "lat": 42.32960016, "lon": -71.08733208}, "arr_time": 1676290795, "arr_date_time": "2023-02-13T07:19:55-05:00", "end_time": 1676291095, "end_date_time": "2023-02-13T07:24:55-05:00", "waiting_time": 0, "distance": 2495, "driving_time": 2395, "preparation_time": 0, "load_before": [0], "load_after": [0]}, {"type": "service", "id": "903226000_21", "location_id": "903226000", "address": {"location_id": "903226000", "lat": 42.32892584, "lon": -71.08771695}, "arr_time": 1676291281, "arr_date_time": "2023-02-13T07:28:01-05:00", "end_time": 1676291581, "end_date_time": "2023-02-13T07:33:01-05:00", "waiting_time": 0, "distance": 2689, "driving_time": 2581, "preparation_time": 0, "load_before": [0], "load_after": [0]}, {"type": "service", "id": "903222000_20", "location_id": "903222000", "address": {"location_id": "903222000", "lat": 42.32888893, "lon": -71.08726858}, "arr_time": 1676291639, "arr_date_time": "2023-02-13T07:33:59-05:00", "end_time": 1676291939, "end_date_time": "2023-02-13T07:38:59-05:00", "waiting_time": 0, "distance": 2749, "driving_time": 2639, "preparation_time": 0, "load_before": [0], "load_after": [0]}, {"type": "service", "id": "1201351010_44", "location_id": "1201351010", "address": {"location_id": "1201351010", "lat": 42.32655639, "lon": -71.08569086}, "arr_time": 1676292417, "arr_date_time": "2023-02-13T07:46:57-05:00", "end_time": 1676292717, "end_date_time": "2023-02-13T07:51:57-05:00", "waiting_time": 0, "distance": 3247, "driving_time": 3117, "preparation_time": 0, "load_before": [0], "load_after": [0]}, {"type": "service", "id": "1201351020_45", "location_id": "1201351020", "address": {"location_id": "1201351020", "lat": 42.32643491, "lon": -71.08561376}, "arr_time": 1676292767, "arr_date_time": "2023-02-13T07:52:47-05:00", "end_time": 1676293067, "end_date_time": "2023-02-13T07:57:47-05:00", "waiting_time": 0, "distance": 3298, "driving_time": 3167, "preparation_time": 0, "load_before": [0], "load_after": [0]}, {"type": "service", "id": "1201225000_36", "location_id": "1201225000", "address": {"location_id": "1201225000", "lat": 42.32636978, "lon": -71.08433582}, "arr_time": 1676293175, "arr_date_time": "2023-02-13T07:59:35-05:00", "end_time": 1676293475, "end_date_time": "2023-02-13T08:04:35-05:00", "waiting_time": 0, "distance": 3411, "driving_time": 3275, "preparation_time": 0, "load_before": [0], "load_after": [0]}, {"type": "service", "id": "1201324000_37", "location_id": "1201324000", "address": {"location_id": "1201324000", "lat": 42.32595381, "lon": -71.08413335}, "arr_time": 1676293511, "arr_date_time": "2023-02-13T08:05:11-05:00", "end_time": 1676293811, "end_date_time": "2023-02-13T08:10:11-05:00", "waiting_time": 0, "distance": 3448, "driving_time": 3311, "preparation_time": 0, "load_before": [0], "load_after": [0]}, {"type": "service", "id": "1201330000_38", "location_id": "1201330000", "address": {"location_id": "1201330000", "lat": 42.32565523, "lon": -71.08435325}, "arr_time": 1676293909, "arr_date_time": "2023-02-13T08:11:49-05:00", "end_time": 1676294209, "end_date_time": "2023-02-13T08:16:49-05:00", "waiting_time": 0, "distance": 3551, "driving_time": 3409, "preparation_time": 0, "load_before": [0], "load_after": [0]}, {"type": "service", "id": "1201337000_42", "location_id": "1201337000", "address": {"location_id": "1201337000", "lat": 42.32565489, "lon": -71.08483448}, "arr_time": 1676294308, "arr_date_time": "2023-02-13T08:18:28-05:00", "end_time": 1676294608, "end_date_time": "2023-02-13T08:23:28-05:00", "waiting_time": 0, "distance": 3653, "driving_time": 3508, "preparation_time": 0, "load_before": [0], "load_after": [0]}, {"type": "service", "id": "1201336000_41", "location_id": "1201336000", "address": {"location_id": "1201336000", "lat": 42.32572061, "lon": -71.0847597}, "arr_time": 1676294617, "arr_date_time": "2023-02-13T08:23:37-05:00", "end_time": 1676294917, "end_date_time": "2023-02-13T08:28:37-05:00", "waiting_time": 0, "distance": 3662, "driving_time": 3517, "preparation_time": 0, "load_before": [0], "load_after": [0]}, {"type": "service", "id": "1201334000_40", "location_id": "1201334000", "address": {"location_id": "1201334000", "lat": 42.32582852, "lon": -71.08470072}, "arr_time": 1676294929, "arr_date_time": "2023-02-13T08:28:49-05:00", "end_time": 1676295229, "end_date_time": "2023-02-13T08:33:49-05:00", "waiting_time": 0, "distance": 3675, "driving_time": 3529, "preparation_time": 0, "load_before": [0], "load_after": [0]}, {"type": "service", "id": "1201333000_39", "location_id": "1201333000", "address": {"location_id": "1201333000", "lat": 42.32587966, "lon": -71.08466907}, "arr_time": 1676295231, "arr_date_time": "2023-02-13T08:33:51-05:00", "end_time": 1676295531, "end_date_time": "2023-02-13T08:38:51-05:00", "waiting_time": 0, "distance": 3676, "driving_time": 3531, "preparation_time": 0, "load_before": [0], "load_after": [0]}, {"type": "service", "id": "1201389000_48", "location_id": "1201389000", "address": {"location_id": "1201389000", "lat": 42.32544309, "lon": -71.08520952}, "arr_time": 1676295592, "arr_date_time": "2023-02-13T08:39:52-05:00", "end_time": 1676295892, "end_date_time": "2023-02-13T08:44:52-05:00", "waiting_time": 0, "distance": 3740, "driving_time": 3592, "preparation_time": 0, "load_before": [0], "load_after": [0]}, {"type": "service", "id": "1201340000_43", "location_id": "1201340000", "address": {"location_id": "1201340000", "lat": 42.32590875, "lon": -71.08523616}, "arr_time": 1676295916, "arr_date_time": "2023-02-13T08:45:16-05:00", "end_time": 1676296216, "end_date_time": "2023-02-13T08:50:16-05:00", "waiting_time": 0, "distance": 3765, "driving_time": 3616, "preparation_time": 0, "load_before": [0], "load_after": [0]}, {"type": "service", "id": "1201382001_47", "location_id": "1201382001", "address": {"location_id": "1201382001", "lat": 42.32574573, "lon": -71.08648512}, "arr_time": 1676296343, "arr_date_time": "2023-02-13T08:52:23-05:00", "end_time": 1676296643, "end_date_time": "2023-02-13T08:57:23-05:00", "waiting_time": 0, "distance": 3898, "driving_time": 3743, "preparation_time": 0, "load_before": [0], "load_after": [0]}, {"type": "service", "id": "1201369000_46", "location_id": "1201369000", "address": {"location_id": "1201369000", "lat": 42.32519832, "lon": -71.08558225}, "arr_time": 1676296783, "arr_date_time": "2023-02-13T08:59:43-05:00", "end_time": 1676297083, "end_date_time": "2023-02-13T09:04:43-05:00", "waiting_time": 0, "distance": 4044, "driving_time": 3883, "preparation_time": 0, "load_before": [0], "load_after": [0]}, {"type": "service", "id": "1201414010_49", "location_id": "1201414010", "address": {"location_id": "1201414010", "lat": 42.32421366, "lon": -71.08678264}, "arr_time": 1676297344, "arr_date_time": "2023-02-13T09:09:04-05:00", "end_time": 1676297644, "end_date_time": "2023-02-13T09:14:04-05:00", "waiting_time": 0, "distance": 4316, "driving_time": 4144, "preparation_time": 0, "load_before": [0], "load_after": [0]}]}], "unassigned": {"services": [], "shipments": [], "breaks": [], "details": []}}}