{"copyrights": ["GraphHopper", "OpenStreetMap contributors"], "job_id": "8ff2e385-f469-4c80-b9da-3593551c9036", "status": "finished", "waiting_time_in_queue": 0, "processing_time": 134, "solution": {"costs": 333, "distance": 3166, "time": 3040, "transport_time": 3040, "completion_time": 16540, "max_operation_time": 16540, "waiting_time": 0, "service_duration": 13500, "preparation_time": 0, "no_vehicles": 1, "no_unassigned": 0, "routes": [{"vehicle_id": "my_vehicle", "shift_id": "default-shift", "distance": 3166, "transport_time": 3040, "completion_time": 16540, "waiting_time": 0, "service_duration": 13500, "preparation_time": 0, "activities": [{"type": "start", "location_id": "1600565000", "address": {"location_id": "1600565000", "lat": 42.2993519, "lon": -71.0574978}, "arr_time": 1676278800, "arr_date_time": "2023-02-13T04:00:00-05:00", "end_time": 1676278800, "end_date_time": "2023-02-13T04:00:00-05:00", "waiting_time": 0, "distance": 0, "driving_time": 0, "preparation_time": 0, "load_after": [0]}, {"type": "service", "id": "1600662000_14", "location_id": "1600662000", "address": {"location_id": "1600662000", "lat": 42.29890839, "lon": -71.05805685}, "arr_time": 1676278928, "arr_date_time": "2023-02-13T04:02:08-05:00", "end_time": 1676279228, "end_date_time": "2023-02-13T04:07:08-05:00", "waiting_time": 0, "distance": 133, "driving_time": 128, "preparation_time": 0, "load_before": [0], "load_after": [0]}, {"type": "service", "id": "1600671001_15", "location_id": "1600671001", "address": {"location_id": "1600671001", "lat": 42.29877681, "lon": -71.05903023}, "arr_time": 1676279409, "arr_date_time": "2023-02-13T04:10:09-05:00", "end_time": 1676279709, "end_date_time": "2023-02-13T04:15:09-05:00", "waiting_time": 0, "distance": 322, "driving_time": 309, "preparation_time": 0, "load_before": [0], "load_after": [0]}, {"type": "service", "id": "1600686000_17", "location_id": "1600686000", "address": {"location_id": "1600686000", "lat": 42.29796856, "lon": -71.0602737}, "arr_time": 1676279945, "arr_date_time": "2023-02-13T04:19:05-05:00", "end_time": 1676280245, "end_date_time": "2023-02-13T04:24:05-05:00", "waiting_time": 0, "distance": 567, "driving_time": 545, "preparation_time": 0, "load_before": [0], "load_after": [0]}, {"type": "service", "id": "1600676000_16", "location_id": "1600676000", "address": {"location_id": "1600676000", "lat": 42.29769881, "lon": -71.06002907}, "arr_time": 1676280488, "arr_date_time": "2023-02-13T04:28:08-05:00", "end_time": 1676280788, "end_date_time": "2023-02-13T04:33:08-05:00", "waiting_time": 0, "distance": 819, "driving_time": 788, "preparation_time": 0, "load_before": [0], "load_after": [0]}, {"type": "service", "id": "1600705000_18", "location_id": "1600705000", "address": {"location_id": "1600705000", "lat": 42.29769343, "lon": -71.05803889}, "arr_time": 1676280936, "arr_date_time": "2023-02-13T04:35:36-05:00", "end_time": 1676281236, "end_date_time": "2023-02-13T04:40:36-05:00", "waiting_time": 0, "distance": 974, "driving_time": 936, "preparation_time": 0, "load_before": [0], "load_after": [0]}, {"type": "service", "id": "1600706000_19", "location_id": "1600706000", "address": {"location_id": "1600706000", "lat": 42.29773683, "lon": -71.05787176}, "arr_time": 1676281249, "arr_date_time": "2023-02-13T04:40:49-05:00", "end_time": 1676281549, "end_date_time": "2023-02-13T04:45:49-05:00", "waiting_time": 0, "distance": 989, "driving_time": 949, "preparation_time": 0, "load_before": [0], "load_after": [0]}, {"type": "service", "id": "1600709000_20", "location_id": "1600709000", "address": {"location_id": "1600709000", "lat": 42.29789167, "lon": -71.05738071}, "arr_time": 1676281592, "arr_date_time": "2023-02-13T04:46:32-05:00", "end_time": 1676281892, "end_date_time": "2023-02-13T04:51:32-05:00", "waiting_time": 0, "distance": 1033, "driving_time": 992, "preparation_time": 0, "load_before": [0], "load_after": [0]}, {"type": "service", "id": "1600471000_01", "location_id": "1600471000", "address": {"location_id": "1600471000", "lat": 42.29695564, "lon": -71.05620422}, "arr_time": 1676282077, "arr_date_time": "2023-02-13T04:54:37-05:00", "end_time": 1676282377, "end_date_time": "2023-02-13T04:59:37-05:00", "waiting_time": 0, "distance": 1226, "driving_time": 1177, "preparation_time": 0, "load_before": [0], "load_after": [0]}, {"type": "service", "id": "1600472000_02", "location_id": "1600472000", "address": {"location_id": "1600472000", "lat": 42.2967958, "lon": -71.05598933}, "arr_time": 1676282401, "arr_date_time": "2023-02-13T05:00:01-05:00", "end_time": 1676282701, "end_date_time": "2023-02-13T05:05:01-05:00", "waiting_time": 0, "distance": 1251, "driving_time": 1201, "preparation_time": 0, "load_before": [0], "load_after": [0]}, {"type": "service", "id": "1600476000_03", "location_id": "1600476000", "address": {"location_id": "1600476000", "lat": 42.29623571, "lon": -71.05530277}, "arr_time": 1676282783, "arr_date_time": "2023-02-13T05:06:23-05:00", "end_time": 1676283083, "end_date_time": "2023-02-13T05:11:23-05:00", "waiting_time": 0, "distance": 1336, "driving_time": 1283, "preparation_time": 0, "load_before": [0], "load_after": [0]}, {"type": "service", "id": "1600477000_04", "location_id": "1600477000", "address": {"location_id": "1600477000", "lat": 42.29617813, "lon": -71.05518321}, "arr_time": 1676283093, "arr_date_time": "2023-02-13T05:11:33-05:00", "end_time": 1676283393, "end_date_time": "2023-02-13T05:16:33-05:00", "waiting_time": 0, "distance": 1347, "driving_time": 1293, "preparation_time": 0, "load_before": [0], "load_after": [0]}, {"type": "service", "id": "1600501000_08", "location_id": "1600501000", "address": {"location_id": "1600501000", "lat": 42.29666631, "lon": -71.05512159}, "arr_time": 1676283440, "arr_date_time": "2023-02-13T05:17:20-05:00", "end_time": 1676283740, "end_date_time": "2023-02-13T05:22:20-05:00", "waiting_time": 0, "distance": 1395, "driving_time": 1340, "preparation_time": 0, "load_before": [0], "load_after": [0]}, {"type": "service", "id": "1600526000_13", "location_id": "1600526000", "address": {"location_id": "1600526000", "lat": 42.29687047, "lon": -71.05469851}, "arr_time": 1676283780, "arr_date_time": "2023-02-13T05:23:00-05:00", "end_time": 1676284080, "end_date_time": "2023-02-13T05:28:00-05:00", "waiting_time": 0, "distance": 1436, "driving_time": 1380, "preparation_time": 0, "load_before": [0], "load_after": [0]}, {"type": "service", "id": "1600524000_12", "location_id": "1600524000", "address": {"location_id": "1600524000", "lat": 42.29667625, "lon": -71.05419775}, "arr_time": 1676284109, "arr_date_time": "2023-02-13T05:28:29-05:00", "end_time": 1676284409, "end_date_time": "2023-02-13T05:33:29-05:00", "waiting_time": 0, "distance": 1467, "driving_time": 1409, "preparation_time": 0, "load_before": [0], "load_after": [0]}, {"type": "service", "id": "1600502000_09", "location_id": "1600502000", "address": {"location_id": "1600502000", "lat": 42.29675414, "lon": -71.05521981}, "arr_time": 1676284512, "arr_date_time": "2023-02-13T05:35:12-05:00", "end_time": 1676284812, "end_date_time": "2023-02-13T05:40:12-05:00", "waiting_time": 0, "distance": 1574, "driving_time": 1512, "preparation_time": 0, "load_before": [0], "load_after": [0]}, {"type": "service", "id": "1600505000_10", "location_id": "1600505000", "address": {"location_id": "1600505000", "lat": 42.29694632, "lon": -71.05520063}, "arr_time": 1676284905, "arr_date_time": "2023-02-13T05:41:45-05:00", "end_time": 1676285205, "end_date_time": "2023-02-13T05:46:45-05:00", "waiting_time": 0, "distance": 1671, "driving_time": 1605, "preparation_time": 0, "load_before": [0], "load_after": [0]}, {"type": "service", "id": "1600508000_11", "location_id": "1600508000", "address": {"location_id": "1600508000", "lat": 42.29710729, "lon": -71.05463526}, "arr_time": 1676285248, "arr_date_time": "2023-02-13T05:47:28-05:00", "end_time": 1676285548, "end_date_time": "2023-02-13T05:52:28-05:00", "waiting_time": 0, "distance": 1716, "driving_time": 1648, "preparation_time": 0, "load_before": [0], "load_after": [0]}, {"type": "service", "id": "1600716000_21", "location_id": "1600716000", "address": {"location_id": "1600716000", "lat": 42.2973326, "lon": -71.05709754}, "arr_time": 1676285755, "arr_date_time": "2023-02-13T05:55:55-05:00", "end_time": 1676286055, "end_date_time": "2023-02-13T06:00:55-05:00", "waiting_time": 0, "distance": 1932, "driving_time": 1855, "preparation_time": 0, "load_before": [0], "load_after": [0]}, {"type": "service", "id": "1600717000_22", "location_id": "1600717000", "address": {"location_id": "1600717000", "lat": 42.29747067, "lon": -71.05730714}, "arr_time": 1676286065, "arr_date_time": "2023-02-13T06:01:05-05:00", "end_time": 1676286365, "end_date_time": "2023-02-13T06:06:05-05:00", "waiting_time": 0, "distance": 1943, "driving_time": 1865, "preparation_time": 0, "load_before": [0], "load_after": [0]}, {"type": "service", "id": "1600899000_35", "location_id": "1600899000", "address": {"location_id": "1600899000", "lat": 42.29675496, "lon": -71.05736108}, "arr_time": 1676286395, "arr_date_time": "2023-02-13T06:06:35-05:00", "end_time": 1676286695, "end_date_time": "2023-02-13T06:11:35-05:00", "waiting_time": 0, "distance": 1973, "driving_time": 1895, "preparation_time": 0, "load_before": [0], "load_after": [0]}, {"type": "service", "id": "1600897000_34", "location_id": "1600897000", "address": {"location_id": "1600897000", "lat": 42.29674914, "lon": -71.05765487}, "arr_time": 1676286717, "arr_date_time": "2023-02-13T06:11:57-05:00", "end_time": 1676287017, "end_date_time": "2023-02-13T06:16:57-05:00", "waiting_time": 0, "distance": 1996, "driving_time": 1917, "preparation_time": 0, "load_before": [0], "load_after": [0]}, {"type": "service", "id": "1600721000_23", "location_id": "1600721000", "address": {"location_id": "1600721000", "lat": 42.29718559, "lon": -71.05797993}, "arr_time": 1676287063, "arr_date_time": "2023-02-13T06:17:43-05:00", "end_time": 1676287363, "end_date_time": "2023-02-13T06:22:43-05:00", "waiting_time": 0, "distance": 2043, "driving_time": 1963, "preparation_time": 0, "load_before": [0], "load_after": [0]}, {"type": "service", "id": "1600722000_24", "location_id": "1600722000", "address": {"location_id": "1600722000", "lat": 42.29733717, "lon": -71.05833077}, "arr_time": 1676287384, "arr_date_time": "2023-02-13T06:23:04-05:00", "end_time": 1676287684, "end_date_time": "2023-02-13T06:28:04-05:00", "waiting_time": 0, "distance": 2065, "driving_time": 1984, "preparation_time": 0, "load_before": [0], "load_after": [0]}, {"type": "service", "id": "1600895000_33", "location_id": "1600895000", "address": {"location_id": "1600895000", "lat": 42.29666789, "lon": -71.05795764}, "arr_time": 1676287736, "arr_date_time": "2023-02-13T06:28:56-05:00", "end_time": 1676288036, "end_date_time": "2023-02-13T06:33:56-05:00", "waiting_time": 0, "distance": 2119, "driving_time": 2036, "preparation_time": 0, "load_before": [0], "load_after": [0]}, {"type": "service", "id": "1600894000_32", "location_id": "1600894000", "address": {"location_id": "1600894000", "lat": 42.29662187, "lon": -71.05812623}, "arr_time": 1676288051, "arr_date_time": "2023-02-13T06:34:11-05:00", "end_time": 1676288351, "end_date_time": "2023-02-13T06:39:11-05:00", "waiting_time": 0, "distance": 2134, "driving_time": 2051, "preparation_time": 0, "load_before": [0], "load_after": [0]}, {"type": "service", "id": "1600893000_31", "location_id": "1600893000", "address": {"location_id": "1600893000", "lat": 42.29657756, "lon": -71.05829531}, "arr_time": 1676288365, "arr_date_time": "2023-02-13T06:39:25-05:00", "end_time": 1676288665, "end_date_time": "2023-02-13T06:44:25-05:00", "waiting_time": 0, "distance": 2149, "driving_time": 2065, "preparation_time": 0, "load_before": [0], "load_after": [0]}, {"type": "service", "id": "1600726000_25", "location_id": "1600726000", "address": {"location_id": "1600726000", "lat": 42.29699364, "lon": -71.05863494}, "arr_time": 1676288675, "arr_date_time": "2023-02-13T06:44:35-05:00", "end_time": 1676288975, "end_date_time": "2023-02-13T06:49:35-05:00", "waiting_time": 0, "distance": 2159, "driving_time": 2075, "preparation_time": 0, "load_before": [0], "load_after": [0]}, {"type": "service", "id": "1600729000_26", "location_id": "1600729000", "address": {"location_id": "1600729000", "lat": 42.29683573, "lon": -71.0593337}, "arr_time": 1676289033, "arr_date_time": "2023-02-13T06:50:33-05:00", "end_time": 1676289333, "end_date_time": "2023-02-13T06:55:33-05:00", "waiting_time": 0, "distance": 2220, "driving_time": 2133, "preparation_time": 0, "load_before": [0], "load_after": [0]}, {"type": "service", "id": "1600730000_27", "location_id": "1600730000", "address": {"location_id": "1600730000", "lat": 42.29683807, "lon": -71.05953565}, "arr_time": 1676289348, "arr_date_time": "2023-02-13T06:55:48-05:00", "end_time": 1676289648, "end_date_time": "2023-02-13T07:00:48-05:00", "waiting_time": 0, "distance": 2236, "driving_time": 2148, "preparation_time": 0, "load_before": [0], "load_after": [0]}, {"type": "service", "id": "1600732000_28", "location_id": "1600732000", "address": {"location_id": "1600732000", "lat": 42.29671184, "lon": -71.06002087}, "arr_time": 1676289692, "arr_date_time": "2023-02-13T07:01:32-05:00", "end_time": 1676289992, "end_date_time": "2023-02-13T07:06:32-05:00", "waiting_time": 0, "distance": 2282, "driving_time": 2192, "preparation_time": 0, "load_before": [0], "load_after": [0]}, {"type": "service", "id": "1600882000_30", "location_id": "1600882000", "address": {"location_id": "1600882000", "lat": 42.29615105, "lon": -71.06019965}, "arr_time": 1676290019, "arr_date_time": "2023-02-13T07:06:59-05:00", "end_time": 1676290319, "end_date_time": "2023-02-13T07:11:59-05:00", "waiting_time": 0, "distance": 2310, "driving_time": 2219, "preparation_time": 0, "load_before": [0], "load_after": [0]}, {"type": "service", "id": "1600734000_29", "location_id": "1600734000", "address": {"location_id": "1600734000", "lat": 42.29663676, "lon": -71.06037693}, "arr_time": 1676290321, "arr_date_time": "2023-02-13T07:12:01-05:00", "end_time": 1676290621, "end_date_time": "2023-02-13T07:17:01-05:00", "waiting_time": 0, "distance": 2312, "driving_time": 2221, "preparation_time": 0, "load_before": [0], "load_after": [0]}, {"type": "service", "id": "1600931000_42", "location_id": "1600931000", "address": {"location_id": "1600931000", "lat": 42.29555525, "lon": -71.0612083}, "arr_time": 1676290764, "arr_date_time": "2023-02-13T07:19:24-05:00", "end_time": 1676291064, "end_date_time": "2023-02-13T07:24:24-05:00", "waiting_time": 0, "distance": 2461, "driving_time": 2364, "preparation_time": 0, "load_before": [0], "load_after": [0]}, {"type": "service", "id": "1600929000_41", "location_id": "1600929000", "address": {"location_id": "1600929000", "lat": 42.29533072, "lon": -71.06100317}, "arr_time": 1676291208, "arr_date_time": "2023-02-13T07:26:48-05:00", "end_time": 1676291508, "end_date_time": "2023-02-13T07:31:48-05:00", "waiting_time": 0, "distance": 2610, "driving_time": 2508, "preparation_time": 0, "load_before": [0], "load_after": [0]}, {"type": "service", "id": "1600923000_40", "location_id": "1600923000", "address": {"location_id": "1600923000", "lat": 42.29566252, "lon": -71.05986558}, "arr_time": 1676291611, "arr_date_time": "2023-02-13T07:33:31-05:00", "end_time": 1676291911, "end_date_time": "2023-02-13T07:38:31-05:00", "waiting_time": 0, "distance": 2716, "driving_time": 2611, "preparation_time": 0, "load_before": [0], "load_after": [0]}, {"type": "service", "id": "1600982000_43", "location_id": "1600982000", "address": {"location_id": "1600982000", "lat": 42.29531567, "lon": -71.05948897}, "arr_time": 1676291935, "arr_date_time": "2023-02-13T07:38:55-05:00", "end_time": 1676292235, "end_date_time": "2023-02-13T07:43:55-05:00", "waiting_time": 0, "distance": 2741, "driving_time": 2635, "preparation_time": 0, "load_before": [0], "load_after": [0]}, {"type": "service", "id": "1600922000_39", "location_id": "1600922000", "address": {"location_id": "1600922000", "lat": 42.29569305, "lon": -71.05974265}, "arr_time": 1676292259, "arr_date_time": "2023-02-13T07:44:19-05:00", "end_time": 1676292559, "end_date_time": "2023-02-13T07:49:19-05:00", "waiting_time": 0, "distance": 2766, "driving_time": 2659, "preparation_time": 0, "load_before": [0], "load_after": [0]}, {"type": "service", "id": "1600983000_44", "location_id": "1600983000", "address": {"location_id": "1600983000", "lat": 42.29535534, "lon": -71.05934754}, "arr_time": 1676292572, "arr_date_time": "2023-02-13T07:49:32-05:00", "end_time": 1676292872, "end_date_time": "2023-02-13T07:54:32-05:00", "waiting_time": 0, "distance": 2781, "driving_time": 2672, "preparation_time": 0, "load_before": [0], "load_after": [0]}, {"type": "service", "id": "1600917000_38", "location_id": "1600917000", "address": {"location_id": "1600917000", "lat": 42.29585634, "lon": -71.05904697}, "arr_time": 1676292913, "arr_date_time": "2023-02-13T07:55:13-05:00", "end_time": 1676293213, "end_date_time": "2023-02-13T08:00:13-05:00", "waiting_time": 0, "distance": 2824, "driving_time": 2713, "preparation_time": 0, "load_before": [0], "load_after": [0]}, {"type": "service", "id": "1601004000_45", "location_id": "1601004000", "address": {"location_id": "1601004000", "lat": 42.29562843, "lon": -71.0583814}, "arr_time": 1676293255, "arr_date_time": "2023-02-13T08:00:55-05:00", "end_time": 1676293555, "end_date_time": "2023-02-13T08:05:55-05:00", "waiting_time": 0, "distance": 2868, "driving_time": 2755, "preparation_time": 0, "load_before": [0], "load_after": [0]}, {"type": "service", "id": "1600910000_37", "location_id": "1600910000", "address": {"location_id": "1600910000", "lat": 42.29620324, "lon": -71.0580229}, "arr_time": 1676293603, "arr_date_time": "2023-02-13T08:06:43-05:00", "end_time": 1676293903, "end_date_time": "2023-02-13T08:11:43-05:00", "waiting_time": 0, "distance": 2918, "driving_time": 2803, "preparation_time": 0, "load_before": [0], "load_after": [0]}, {"type": "service", "id": "1600906000_36", "location_id": "1600906000", "address": {"location_id": "1600906000", "lat": 42.2963801, "lon": -71.05716499}, "arr_time": 1676293973, "arr_date_time": "2023-02-13T08:12:53-05:00", "end_time": 1676294273, "end_date_time": "2023-02-13T08:17:53-05:00", "waiting_time": 0, "distance": 2991, "driving_time": 2873, "preparation_time": 0, "load_before": [0], "load_after": [0]}, {"type": "service", "id": "1600487000_07", "location_id": "1600487000", "address": {"location_id": "1600487000", "lat": 42.29638521, "lon": -71.0561837}, "arr_time": 1676294328, "arr_date_time": "2023-02-13T08:18:48-05:00", "end_time": 1676294628, "end_date_time": "2023-02-13T08:23:48-05:00", "waiting_time": 0, "distance": 3049, "driving_time": 2928, "preparation_time": 0, "load_before": [0], "load_after": [0]}, {"type": "service", "id": "1600485000_06", "location_id": "1600485000", "address": {"location_id": "1600485000", "lat": 42.29615244, "lon": -71.05601418}, "arr_time": 1676294655, "arr_date_time": "2023-02-13T08:24:15-05:00", "end_time": 1676294955, "end_date_time": "2023-02-13T08:29:15-05:00", "waiting_time": 0, "distance": 3077, "driving_time": 2955, "preparation_time": 0, "load_before": [0], "load_after": [0]}, {"type": "service", "id": "1600483000_05", "location_id": "1600483000", "address": {"location_id": "1600483000", "lat": 42.29599438, "lon": -71.05567342}, "arr_time": 1676295040, "arr_date_time": "2023-02-13T08:30:40-05:00", "end_time": 1676295340, "end_date_time": "2023-02-13T08:35:40-05:00", "waiting_time": 0, "distance": 3166, "driving_time": 3040, "preparation_time": 0, "load_before": [0], "load_after": [0]}]}], "unassigned": {"services": [], "shipments": [], "breaks": [], "details": []}}}