{"copyrights": ["GraphHopper", "OpenStreetMap contributors"], "job_id": "8dced43f-98bf-49fa-aa99-a39ad7460055", "status": "finished", "waiting_time_in_queue": 0, "processing_time": 196, "solution": {"costs": 353, "distance": 2329, "time": 2239, "transport_time": 2239, "completion_time": 19039, "max_operation_time": 19039, "waiting_time": 0, "service_duration": 16800, "preparation_time": 0, "no_vehicles": 1, "no_unassigned": 0, "routes": [{"vehicle_id": "my_vehicle", "shift_id": "default-shift", "distance": 2329, "transport_time": 2239, "completion_time": 19039, "waiting_time": 0, "service_duration": 16800, "preparation_time": 0, "activities": [{"type": "start", "location_id": "1603141000", "address": {"location_id": "1603141000", "lat": 42.28887858, "lon": -71.05614566}, "arr_time": 1676278800, "arr_date_time": "2023-02-13T04:00:00-05:00", "end_time": 1676278800, "end_date_time": "2023-02-13T04:00:00-05:00", "waiting_time": 0, "distance": 0, "driving_time": 0, "preparation_time": 0, "load_after": [0]}, {"type": "service", "id": "1603140000_44", "location_id": "1603140000", "address": {"location_id": "1603140000", "lat": 42.28880821, "lon": -71.05626965}, "arr_time": 1676278812, "arr_date_time": "2023-02-13T04:00:12-05:00", "end_time": 1676279112, "end_date_time": "2023-02-13T04:05:12-05:00", "waiting_time": 0, "distance": 12, "driving_time": 12, "preparation_time": 0, "load_before": [0], "load_after": [0]}, {"type": "service", "id": "1603138000_42", "location_id": "1603138000", "address": {"location_id": "1603138000", "lat": 42.28874577, "lon": -71.05655146}, "arr_time": 1676279135, "arr_date_time": "2023-02-13T04:05:35-05:00", "end_time": 1676279435, "end_date_time": "2023-02-13T04:10:35-05:00", "waiting_time": 0, "distance": 36, "driving_time": 35, "preparation_time": 0, "load_before": [0], "load_after": [0]}, {"type": "service", "id": "1603139000_43", "location_id": "1603139000", "address": {"location_id": "1603139000", "lat": 42.28877518, "lon": -71.05641203}, "arr_time": 1676279447, "arr_date_time": "2023-02-13T04:10:47-05:00", "end_time": 1676279747, "end_date_time": "2023-02-13T04:15:47-05:00", "waiting_time": 0, "distance": 48, "driving_time": 47, "preparation_time": 0, "load_before": [0], "load_after": [0]}, {"type": "service", "id": "1603142000_45", "location_id": "1603142000", "address": {"location_id": "1603142000", "lat": 42.28893888, "lon": -71.05601286}, "arr_time": 1676279781, "arr_date_time": "2023-02-13T04:16:21-05:00", "end_time": 1676280081, "end_date_time": "2023-02-13T04:21:21-05:00", "waiting_time": 0, "distance": 85, "driving_time": 81, "preparation_time": 0, "load_before": [0], "load_after": [0]}, {"type": "service", "id": "1603143000_46", "location_id": "1603143000", "address": {"location_id": "1603143000", "lat": 42.28896327, "lon": -71.05583735}, "arr_time": 1676280129, "arr_date_time": "2023-02-13T04:22:09-05:00", "end_time": 1676280429, "end_date_time": "2023-02-13T04:27:09-05:00", "waiting_time": 0, "distance": 135, "driving_time": 129, "preparation_time": 0, "load_before": [0], "load_after": [0]}, {"type": "service", "id": "1603144000_47", "location_id": "1603144000", "address": {"location_id": "1603144000", "lat": 42.28880445, "lon": -71.05583106}, "arr_time": 1676280445, "arr_date_time": "2023-02-13T04:27:25-05:00", "end_time": 1676280745, "end_date_time": "2023-02-13T04:32:25-05:00", "waiting_time": 0, "distance": 152, "driving_time": 145, "preparation_time": 0, "load_before": [0], "load_after": [0]}, {"type": "service", "id": "1603119000_37", "location_id": "1603119000", "address": {"location_id": "1603119000", "lat": 42.28778679, "lon": -71.05739322}, "arr_time": 1676280980, "arr_date_time": "2023-02-13T04:36:20-05:00", "end_time": 1676281280, "end_date_time": "2023-02-13T04:41:20-05:00", "waiting_time": 0, "distance": 396, "driving_time": 380, "preparation_time": 0, "load_before": [0], "load_after": [0]}, {"type": "service", "id": "1603150000_50", "location_id": "1603150000", "address": {"location_id": "1603150000", "lat": 42.28771021, "lon": -71.05874195}, "arr_time": 1676281447, "arr_date_time": "2023-02-13T04:44:07-05:00", "end_time": 1676281747, "end_date_time": "2023-02-13T04:49:07-05:00", "waiting_time": 0, "distance": 570, "driving_time": 547, "preparation_time": 0, "load_before": [0], "load_after": [0]}, {"type": "service", "id": "1603146000_49", "location_id": "1603146000", "address": {"location_id": "1603146000", "lat": 42.28820187, "lon": -71.05875252}, "arr_time": 1676281797, "arr_date_time": "2023-02-13T04:49:57-05:00", "end_time": 1676282097, "end_date_time": "2023-02-13T04:54:57-05:00", "waiting_time": 0, "distance": 623, "driving_time": 597, "preparation_time": 0, "load_before": [0], "load_after": [0]}, {"type": "service", "id": "1603127000_38", "location_id": "1603127000", "address": {"location_id": "1603127000", "lat": 42.28831371, "lon": -71.05832177}, "arr_time": 1676282099, "arr_date_time": "2023-02-13T04:54:59-05:00", "end_time": 1676282399, "end_date_time": "2023-02-13T04:59:59-05:00", "waiting_time": 0, "distance": 625, "driving_time": 599, "preparation_time": 0, "load_before": [0], "load_after": [0]}, {"type": "service", "id": "1603129000_39", "location_id": "1603129000", "address": {"location_id": "1603129000", "lat": 42.28834432, "lon": -71.05810642}, "arr_time": 1676282455, "arr_date_time": "2023-02-13T05:00:55-05:00", "end_time": 1676282755, "end_date_time": "2023-02-13T05:05:55-05:00", "waiting_time": 0, "distance": 683, "driving_time": 655, "preparation_time": 0, "load_before": [0], "load_after": [0]}, {"type": "service", "id": "1603130000_40", "location_id": "1603130000", "address": {"location_id": "1603130000", "lat": 42.28842856, "lon": -71.05798655}, "arr_time": 1676282767, "arr_date_time": "2023-02-13T05:06:07-05:00", "end_time": 1676283067, "end_date_time": "2023-02-13T05:11:07-05:00", "waiting_time": 0, "distance": 695, "driving_time": 667, "preparation_time": 0, "load_before": [0], "load_after": [0]}, {"type": "service", "id": "1603132002_41", "location_id": "1603132002", "address": {"location_id": "1603132002", "lat": 42.28858241, "lon": -71.0574301}, "arr_time": 1676283112, "arr_date_time": "2023-02-13T05:11:52-05:00", "end_time": 1676283412, "end_date_time": "2023-02-13T05:16:52-05:00", "waiting_time": 0, "distance": 743, "driving_time": 712, "preparation_time": 0, "load_before": [0], "load_after": [0]}, {"type": "service", "id": "1603145000_48", "location_id": "1603145000", "address": {"location_id": "1603145000", "lat": 42.28831183, "lon": -71.05879613}, "arr_time": 1676283521, "arr_date_time": "2023-02-13T05:18:41-05:00", "end_time": 1676283821, "end_date_time": "2023-02-13T05:23:41-05:00", "waiting_time": 0, "distance": 857, "driving_time": 821, "preparation_time": 0, "load_before": [0], "load_after": [0]}, {"type": "service", "id": "1603163001_56", "location_id": "1603163001", "address": {"location_id": "1603163001", "lat": 42.28810386, "lon": -71.0593167}, "arr_time": 1676283865, "arr_date_time": "2023-02-13T05:24:25-05:00", "end_time": 1676284165, "end_date_time": "2023-02-13T05:29:25-05:00", "waiting_time": 0, "distance": 902, "driving_time": 865, "preparation_time": 0, "load_before": [0], "load_after": [0]}, {"type": "service", "id": "1603163000_55", "location_id": "1603163000", "address": {"location_id": "1603163000", "lat": 42.28817611, "lon": -71.05987965}, "arr_time": 1676284208, "arr_date_time": "2023-02-13T05:30:08-05:00", "end_time": 1676284508, "end_date_time": "2023-02-13T05:35:08-05:00", "waiting_time": 0, "distance": 946, "driving_time": 908, "preparation_time": 0, "load_before": [0], "load_after": [0]}, {"type": "service", "id": "1603022000_06", "location_id": "1603022000", "address": {"location_id": "1603022000", "lat": 42.28818562, "lon": -71.06032077}, "arr_time": 1676284544, "arr_date_time": "2023-02-13T05:35:44-05:00", "end_time": 1676284844, "end_date_time": "2023-02-13T05:40:44-05:00", "waiting_time": 0, "distance": 983, "driving_time": 944, "preparation_time": 0, "load_before": [0], "load_after": [0]}, {"type": "service", "id": "1603020000_05", "location_id": "1603020000", "address": {"location_id": "1603020000", "lat": 42.2880885, "lon": -71.06069108}, "arr_time": 1676284879, "arr_date_time": "2023-02-13T05:41:19-05:00", "end_time": 1676285179, "end_date_time": "2023-02-13T05:46:19-05:00", "waiting_time": 0, "distance": 1019, "driving_time": 979, "preparation_time": 0, "load_before": [0], "load_after": [0]}, {"type": "service", "id": "1603015000_04", "location_id": "1603015000", "address": {"location_id": "1603015000", "lat": 42.28786532, "lon": -71.06156682}, "arr_time": 1676285252, "arr_date_time": "2023-02-13T05:47:32-05:00", "end_time": 1676285552, "end_date_time": "2023-02-13T05:52:32-05:00", "waiting_time": 0, "distance": 1096, "driving_time": 1052, "preparation_time": 0, "load_before": [0], "load_after": [0]}, {"type": "service", "id": "1603011000_03", "location_id": "1603011000", "address": {"location_id": "1603011000", "lat": 42.28769943, "lon": -71.06222211}, "arr_time": 1676285605, "arr_date_time": "2023-02-13T05:53:25-05:00", "end_time": 1676285905, "end_date_time": "2023-02-13T05:58:25-05:00", "waiting_time": 0, "distance": 1152, "driving_time": 1105, "preparation_time": 0, "load_before": [0], "load_after": [0]}, {"type": "service", "id": "1603010000_02", "location_id": "1603010000", "address": {"location_id": "1603010000", "lat": 42.28765999, "lon": -71.06238018}, "arr_time": 1676285919, "arr_date_time": "2023-02-13T05:58:39-05:00", "end_time": 1676286219, "end_date_time": "2023-02-13T06:03:39-05:00", "waiting_time": 0, "distance": 1166, "driving_time": 1119, "preparation_time": 0, "load_before": [0], "load_after": [0]}, {"type": "service", "id": "1603009000_01", "location_id": "1603009000", "address": {"location_id": "1603009000", "lat": 42.28762153, "lon": -71.0625345}, "arr_time": 1676286232, "arr_date_time": "2023-02-13T06:03:52-05:00", "end_time": 1676286532, "end_date_time": "2023-02-13T06:08:52-05:00", "waiting_time": 0, "distance": 1179, "driving_time": 1132, "preparation_time": 0, "load_before": [0], "load_after": [0]}, {"type": "service", "id": "1603043000_18", "location_id": "1603043000", "address": {"location_id": "1603043000", "lat": 42.28689957, "lon": -71.0632999}, "arr_time": 1676286741, "arr_date_time": "2023-02-13T06:12:21-05:00", "end_time": 1676287041, "end_date_time": "2023-02-13T06:17:21-05:00", "waiting_time": 0, "distance": 1397, "driving_time": 1341, "preparation_time": 0, "load_before": [0], "load_after": [0]}, {"type": "service", "id": "1603040000_16", "location_id": "1603040000", "address": {"location_id": "1603040000", "lat": 42.28717785, "lon": -71.06339489}, "arr_time": 1676287044, "arr_date_time": "2023-02-13T06:17:24-05:00", "end_time": 1676287344, "end_date_time": "2023-02-13T06:22:24-05:00", "waiting_time": 0, "distance": 1400, "driving_time": 1344, "preparation_time": 0, "load_before": [0], "load_after": [0]}, {"type": "service", "id": "1603044000_19", "location_id": "1603044000", "address": {"location_id": "1603044000", "lat": 42.28695177, "lon": -71.06310752}, "arr_time": 1676287357, "arr_date_time": "2023-02-13T06:22:37-05:00", "end_time": 1676287657, "end_date_time": "2023-02-13T06:27:37-05:00", "waiting_time": 0, "distance": 1413, "driving_time": 1357, "preparation_time": 0, "load_before": [0], "load_after": [0]}, {"type": "service", "id": "1603045000_20", "location_id": "1603045000", "address": {"location_id": "1603045000", "lat": 42.28699613, "lon": -71.06294837}, "arr_time": 1676287671, "arr_date_time": "2023-02-13T06:27:51-05:00", "end_time": 1676287971, "end_date_time": "2023-02-13T06:32:51-05:00", "waiting_time": 0, "distance": 1427, "driving_time": 1371, "preparation_time": 0, "load_before": [0], "load_after": [0]}, {"type": "service", "id": "1603038000_15", "location_id": "1603038000", "address": {"location_id": "1603038000", "lat": 42.28728768, "lon": -71.06308526}, "arr_time": 1676287972, "arr_date_time": "2023-02-13T06:32:52-05:00", "end_time": 1676288272, "end_date_time": "2023-02-13T06:37:52-05:00", "waiting_time": 0, "distance": 1428, "driving_time": 1372, "preparation_time": 0, "load_before": [0], "load_after": [0]}, {"type": "service", "id": "1603037000_14", "location_id": "1603037000", "address": {"location_id": "1603037000", "lat": 42.28732758, "lon": -71.0629265}, "arr_time": 1676288285, "arr_date_time": "2023-02-13T06:38:05-05:00", "end_time": 1676288585, "end_date_time": "2023-02-13T06:43:05-05:00", "waiting_time": 0, "distance": 1442, "driving_time": 1385, "preparation_time": 0, "load_before": [0], "load_after": [0]}, {"type": "service", "id": "1603046000_21", "location_id": "1603046000", "address": {"location_id": "1603046000", "lat": 42.28703951, "lon": -71.06279283}, "arr_time": 1676288585, "arr_date_time": "2023-02-13T06:43:05-05:00", "end_time": 1676288885, "end_date_time": "2023-02-13T06:48:05-05:00", "waiting_time": 0, "distance": 1442, "driving_time": 1385, "preparation_time": 0, "load_before": [0], "load_after": [0]}, {"type": "service", "id": "1603036000_13", "location_id": "1603036000", "address": {"location_id": "1603036000", "lat": 42.28736779, "lon": -71.06276777}, "arr_time": 1676288899, "arr_date_time": "2023-02-13T06:48:19-05:00", "end_time": 1676289199, "end_date_time": "2023-02-13T06:53:19-05:00", "waiting_time": 0, "distance": 1456, "driving_time": 1399, "preparation_time": 0, "load_before": [0], "load_after": [0]}, {"type": "service", "id": "1603034000_12", "location_id": "1603034000", "address": {"location_id": "1603034000", "lat": 42.2874467, "lon": -71.06245472}, "arr_time": 1676289225, "arr_date_time": "2023-02-13T06:53:45-05:00", "end_time": 1676289525, "end_date_time": "2023-02-13T06:58:45-05:00", "waiting_time": 0, "distance": 1483, "driving_time": 1425, "preparation_time": 0, "load_before": [0], "load_after": [0]}, {"type": "service", "id": "1603050000_22", "location_id": "1603050000", "address": {"location_id": "1603050000", "lat": 42.28719888, "lon": -71.06216548}, "arr_time": 1676289539, "arr_date_time": "2023-02-13T06:58:59-05:00", "end_time": 1676289839, "end_date_time": "2023-02-13T07:03:59-05:00", "waiting_time": 0, "distance": 1497, "driving_time": 1439, "preparation_time": 0, "load_before": [0], "load_after": [0]}, {"type": "service", "id": "1603033000_11", "location_id": "1603033000", "address": {"location_id": "1603033000", "lat": 42.28748588, "lon": -71.06229788}, "arr_time": 1676289839, "arr_date_time": "2023-02-13T07:03:59-05:00", "end_time": 1676290139, "end_date_time": "2023-02-13T07:08:59-05:00", "waiting_time": 0, "distance": 1497, "driving_time": 1439, "preparation_time": 0, "load_before": [0], "load_after": [0]}, {"type": "service", "id": "1603051000_23", "location_id": "1603051000", "address": {"location_id": "1603051000", "lat": 42.28724038, "lon": -71.06200504}, "arr_time": 1676290152, "arr_date_time": "2023-02-13T07:09:12-05:00", "end_time": 1676290452, "end_date_time": "2023-02-13T07:14:12-05:00", "waiting_time": 0, "distance": 1511, "driving_time": 1452, "preparation_time": 0, "load_before": [0], "load_after": [0]}, {"type": "service", "id": "1603032000_10", "location_id": "1603032000", "address": {"location_id": "1603032000", "lat": 42.2875254, "lon": -71.06213998}, "arr_time": 1676290452, "arr_date_time": "2023-02-13T07:14:12-05:00", "end_time": 1676290752, "end_date_time": "2023-02-13T07:19:12-05:00", "waiting_time": 0, "distance": 1511, "driving_time": 1452, "preparation_time": 0, "load_before": [0], "load_after": [0]}, {"type": "service", "id": "1603030000_09", "location_id": "1603030000", "address": {"location_id": "1603030000", "lat": 42.28760512, "lon": -71.06182402}, "arr_time": 1676290779, "arr_date_time": "2023-02-13T07:19:39-05:00", "end_time": 1676291079, "end_date_time": "2023-02-13T07:24:39-05:00", "waiting_time": 0, "distance": 1538, "driving_time": 1479, "preparation_time": 0, "load_before": [0], "load_after": [0]}, {"type": "service", "id": "1603056000_24", "location_id": "1603056000", "address": {"location_id": "1603056000", "lat": 42.28741847, "lon": -71.06129228}, "arr_time": 1676291112, "arr_date_time": "2023-02-13T07:25:12-05:00", "end_time": 1676291412, "end_date_time": "2023-02-13T07:30:12-05:00", "waiting_time": 0, "distance": 1573, "driving_time": 1512, "preparation_time": 0, "load_before": [0], "load_after": [0]}, {"type": "service", "id": "1603028000_08", "location_id": "1603028000", "address": {"location_id": "1603028000", "lat": 42.28771737, "lon": -71.06137804}, "arr_time": 1676291416, "arr_date_time": "2023-02-13T07:30:16-05:00", "end_time": 1676291716, "end_date_time": "2023-02-13T07:35:16-05:00", "waiting_time": 0, "distance": 1577, "driving_time": 1516, "preparation_time": 0, "load_before": [0], "load_after": [0]}, {"type": "service", "id": "1603057000_25", "location_id": "1603057000", "address": {"location_id": "1603057000", "lat": 42.28746828, "lon": -71.06109875}, "arr_time": 1676291728, "arr_date_time": "2023-02-13T07:35:28-05:00", "end_time": 1676292028, "end_date_time": "2023-02-13T07:40:28-05:00", "waiting_time": 0, "distance": 1590, "driving_time": 1528, "preparation_time": 0, "load_before": [0], "load_after": [0]}, {"type": "service", "id": "1603059000_26", "location_id": "1603059000", "address": {"location_id": "1603059000", "lat": 42.28756752, "lon": -71.06063846}, "arr_time": 1676292065, "arr_date_time": "2023-02-13T07:41:05-05:00", "end_time": 1676292365, "end_date_time": "2023-02-13T07:46:05-05:00", "waiting_time": 0, "distance": 1629, "driving_time": 1565, "preparation_time": 0, "load_before": [0], "load_after": [0]}, {"type": "service", "id": "1603024000_07", "location_id": "1603024000", "address": {"location_id": "1603024000", "lat": 42.28797706, "lon": -71.06035963}, "arr_time": 1676292400, "arr_date_time": "2023-02-13T07:46:40-05:00", "end_time": 1676292700, "end_date_time": "2023-02-13T07:51:40-05:00", "waiting_time": 0, "distance": 1665, "driving_time": 1600, "preparation_time": 0, "load_before": [0], "load_after": [0]}, {"type": "service", "id": "1603061000_27", "location_id": "1603061000", "address": {"location_id": "1603061000", "lat": 42.28766191, "lon": -71.06014621}, "arr_time": 1676292705, "arr_date_time": "2023-02-13T07:51:45-05:00", "end_time": 1676293005, "end_date_time": "2023-02-13T07:56:45-05:00", "waiting_time": 0, "distance": 1670, "driving_time": 1605, "preparation_time": 0, "load_before": [0], "load_after": [0]}, {"type": "service", "id": "1603162000_54", "location_id": "1603162000", "address": {"location_id": "1603162000", "lat": 42.28812234, "lon": -71.05974569}, "arr_time": 1676293051, "arr_date_time": "2023-02-13T07:57:31-05:00", "end_time": 1676293351, "end_date_time": "2023-02-13T08:02:31-05:00", "waiting_time": 0, "distance": 1717, "driving_time": 1651, "preparation_time": 0, "load_before": [0], "load_after": [0]}, {"type": "service", "id": "1603160000_53", "location_id": "1603160000", "address": {"location_id": "1603160000", "lat": 42.28797036, "lon": -71.05957111}, "arr_time": 1676293373, "arr_date_time": "2023-02-13T08:02:53-05:00", "end_time": 1676293673, "end_date_time": "2023-02-13T08:07:53-05:00", "waiting_time": 0, "distance": 1740, "driving_time": 1673, "preparation_time": 0, "load_before": [0], "load_after": [0]}, {"type": "service", "id": "1603159000_52", "location_id": "1603159000", "address": {"location_id": "1603159000", "lat": 42.28789065, "lon": -71.0594806}, "arr_time": 1676293684, "arr_date_time": "2023-02-13T08:08:04-05:00", "end_time": 1676293984, "end_date_time": "2023-02-13T08:13:04-05:00", "waiting_time": 0, "distance": 1752, "driving_time": 1684, "preparation_time": 0, "load_before": [0], "load_after": [0]}, {"type": "service", "id": "1603064000_28", "location_id": "1603064000", "address": {"location_id": "1603064000", "lat": 42.28760057, "lon": -71.05984769}, "arr_time": 1676293988, "arr_date_time": "2023-02-13T08:13:08-05:00", "end_time": 1676294288, "end_date_time": "2023-02-13T08:18:08-05:00", "waiting_time": 0, "distance": 1757, "driving_time": 1688, "preparation_time": 0, "load_before": [0], "load_after": [0]}, {"type": "service", "id": "1603065000_29", "location_id": "1603065000", "address": {"location_id": "1603065000", "lat": 42.28751467, "lon": -71.05971332}, "arr_time": 1676294301, "arr_date_time": "2023-02-13T08:18:21-05:00", "end_time": 1676294601, "end_date_time": "2023-02-13T08:23:21-05:00", "waiting_time": 0, "distance": 1771, "driving_time": 1701, "preparation_time": 0, "load_before": [0], "load_after": [0]}, {"type": "service", "id": "1603157000_51", "location_id": "1603157000", "address": {"location_id": "1603157000", "lat": 42.28767297, "lon": -71.05923192}, "arr_time": 1676294613, "arr_date_time": "2023-02-13T08:23:33-05:00", "end_time": 1676294913, "end_date_time": "2023-02-13T08:28:33-05:00", "waiting_time": 0, "distance": 1783, "driving_time": 1713, "preparation_time": 0, "load_before": [0], "load_after": [0]}, {"type": "service", "id": "1603067000_30", "location_id": "1603067000", "address": {"location_id": "1603067000", "lat": 42.28725589, "lon": -71.05958654}, "arr_time": 1676295013, "arr_date_time": "2023-02-13T08:30:13-05:00", "end_time": 1676295313, "end_date_time": "2023-02-13T08:35:13-05:00", "waiting_time": 0, "distance": 1888, "driving_time": 1813, "preparation_time": 0, "load_before": [0], "load_after": [0]}, {"type": "service", "id": "1603072000_31", "location_id": "1603072000", "address": {"location_id": "1603072000", "lat": 42.28688066, "lon": -71.06091847}, "arr_time": 1676295460, "arr_date_time": "2023-02-13T08:37:40-05:00", "end_time": 1676295760, "end_date_time": "2023-02-13T08:42:40-05:00", "waiting_time": 0, "distance": 2040, "driving_time": 1960, "preparation_time": 0, "load_before": [0], "load_after": [0]}, {"type": "service", "id": "1603080000_32", "location_id": "1603080000", "address": {"location_id": "1603080000", "lat": 42.28684549, "lon": -71.06125633}, "arr_time": 1676295764, "arr_date_time": "2023-02-13T08:42:44-05:00", "end_time": 1676296064, "end_date_time": "2023-02-13T08:47:44-05:00", "waiting_time": 0, "distance": 2044, "driving_time": 1964, "preparation_time": 0, "load_before": [0], "load_after": [0]}, {"type": "service", "id": "1603081000_33", "location_id": "1603081000", "address": {"location_id": "1603081000", "lat": 42.28681159, "lon": -71.06143209}, "arr_time": 1676296117, "arr_date_time": "2023-02-13T08:48:37-05:00", "end_time": 1676296417, "end_date_time": "2023-02-13T08:53:37-05:00", "waiting_time": 0, "distance": 2099, "driving_time": 2017, "preparation_time": 0, "load_before": [0], "load_after": [0]}, {"type": "service", "id": "1603086000_34", "location_id": "1603086000", "address": {"location_id": "1603086000", "lat": 42.28637324, "lon": -71.0629409}, "arr_time": 1676296543, "arr_date_time": "2023-02-13T08:55:43-05:00", "end_time": 1676296843, "end_date_time": "2023-02-13T09:00:43-05:00", "waiting_time": 0, "distance": 2230, "driving_time": 2143, "preparation_time": 0, "load_before": [0], "load_after": [0]}, {"type": "service", "id": "1603088000_35", "location_id": "1603088000", "address": {"location_id": "1603088000", "lat": 42.28651796, "lon": -71.06312959}, "arr_time": 1676296909, "arr_date_time": "2023-02-13T09:01:49-05:00", "end_time": 1676297209, "end_date_time": "2023-02-13T09:06:49-05:00", "waiting_time": 0, "distance": 2299, "driving_time": 2209, "preparation_time": 0, "load_before": [0], "load_after": [0]}, {"type": "service", "id": "1603092000_36", "location_id": "1603092000", "address": {"location_id": "1603092000", "lat": 42.28642855, "lon": -71.06354965}, "arr_time": 1676297213, "arr_date_time": "2023-02-13T09:06:53-05:00", "end_time": 1676297513, "end_date_time": "2023-02-13T09:11:53-05:00", "waiting_time": 0, "distance": 2303, "driving_time": 2213, "preparation_time": 0, "load_before": [0], "load_after": [0]}, {"type": "service", "id": "1603042000_17", "location_id": "1603042000", "address": {"location_id": "1603042000", "lat": 42.28684914, "lon": -71.06347723}, "arr_time": 1676297539, "arr_date_time": "2023-02-13T09:12:19-05:00", "end_time": 1676297839, "end_date_time": "2023-02-13T09:17:19-05:00", "waiting_time": 0, "distance": 2329, "driving_time": 2239, "preparation_time": 0, "load_before": [0], "load_after": [0]}]}], "unassigned": {"services": [], "shipments": [], "breaks": [], "details": []}}}