{"copyrights": ["GraphHopper", "OpenStreetMap contributors"], "job_id": "5e487665-f30d-415f-9542-57a978eb43ed", "status": "finished", "waiting_time_in_queue": 0, "processing_time": 191, "solution": {"costs": 350, "distance": 2887, "time": 2768, "transport_time": 2768, "completion_time": 18668, "max_operation_time": 18668, "waiting_time": 0, "service_duration": 15900, "preparation_time": 0, "no_vehicles": 1, "no_unassigned": 0, "routes": [{"vehicle_id": "my_vehicle", "shift_id": "default-shift", "distance": 2887, "transport_time": 2768, "completion_time": 18668, "waiting_time": 0, "service_duration": 15900, "preparation_time": 0, "activities": [{"type": "start", "location_id": "704049000", "address": {"location_id": "704049000", "lat": 42.31946788, "lon": -71.06173976}, "arr_time": 1676278800, "arr_date_time": "2023-02-13T04:00:00-05:00", "end_time": 1676278800, "end_date_time": "2023-02-13T04:00:00-05:00", "waiting_time": 0, "distance": 0, "driving_time": 0, "preparation_time": 0, "load_after": [0]}, {"type": "service", "id": "704052000_20", "location_id": "704052000", "address": {"location_id": "704052000", "lat": 42.31914829, "lon": -71.0619463}, "arr_time": 1676278803, "arr_date_time": "2023-02-13T04:00:03-05:00", "end_time": 1676279103, "end_date_time": "2023-02-13T04:05:03-05:00", "waiting_time": 0, "distance": 3, "driving_time": 3, "preparation_time": 0, "load_before": [0], "load_after": [0]}, {"type": "service", "id": "703988000_10", "location_id": "703988000", "address": {"location_id": "703988000", "lat": 42.31887763, "lon": -71.06112948}, "arr_time": 1676279167, "arr_date_time": "2023-02-13T04:06:07-05:00", "end_time": 1676279467, "end_date_time": "2023-02-13T04:11:07-05:00", "waiting_time": 0, "distance": 70, "driving_time": 67, "preparation_time": 0, "load_before": [0], "load_after": [0]}, {"type": "service", "id": "704056000_21", "location_id": "704056000", "address": {"location_id": "704056000", "lat": 42.31888857, "lon": -71.06168268}, "arr_time": 1676279480, "arr_date_time": "2023-02-13T04:11:20-05:00", "end_time": 1676279780, "end_date_time": "2023-02-13T04:16:20-05:00", "waiting_time": 0, "distance": 84, "driving_time": 80, "preparation_time": 0, "load_before": [0], "load_after": [0]}, {"type": "service", "id": "704057000_22", "location_id": "704057000", "address": {"location_id": "704057000", "lat": 42.31877999, "lon": -71.06173378}, "arr_time": 1676279821, "arr_date_time": "2023-02-13T04:17:01-05:00", "end_time": 1676280121, "end_date_time": "2023-02-13T04:22:01-05:00", "waiting_time": 0, "distance": 127, "driving_time": 121, "preparation_time": 0, "load_before": [0], "load_after": [0]}, {"type": "service", "id": "704068000_27", "location_id": "704068000", "address": {"location_id": "704068000", "lat": 42.31857228, "lon": -71.06184137}, "arr_time": 1676280121, "arr_date_time": "2023-02-13T04:22:01-05:00", "end_time": 1676280421, "end_date_time": "2023-02-13T04:27:01-05:00", "waiting_time": 0, "distance": 128, "driving_time": 121, "preparation_time": 0, "load_before": [0], "load_after": [0]}, {"type": "service", "id": "704066000_26", "location_id": "704066000", "address": {"location_id": "704066000", "lat": 42.31864052, "lon": -71.06224321}, "arr_time": 1676280452, "arr_date_time": "2023-02-13T04:27:32-05:00", "end_time": 1676280752, "end_date_time": "2023-02-13T04:32:32-05:00", "waiting_time": 0, "distance": 160, "driving_time": 152, "preparation_time": 0, "load_before": [0], "load_after": [0]}, {"type": "service", "id": "704059000_23", "location_id": "704059000", "address": {"location_id": "704059000", "lat": 42.31893714, "lon": -71.06207779}, "arr_time": 1676280753, "arr_date_time": "2023-02-13T04:32:33-05:00", "end_time": 1676281053, "end_date_time": "2023-02-13T04:37:33-05:00", "waiting_time": 0, "distance": 162, "driving_time": 153, "preparation_time": 0, "load_before": [0], "load_after": [0]}, {"type": "service", "id": "704061000_25", "location_id": "704061000", "address": {"location_id": "704061000", "lat": 42.31902623, "lon": -71.0624045}, "arr_time": 1676281071, "arr_date_time": "2023-02-13T04:37:51-05:00", "end_time": 1676281371, "end_date_time": "2023-02-13T04:42:51-05:00", "waiting_time": 0, "distance": 180, "driving_time": 171, "preparation_time": 0, "load_before": [0], "load_after": [0]}, {"type": "service", "id": "704060000_24", "location_id": "704060000", "address": {"location_id": "704060000", "lat": 42.31899383, "lon": -71.06222251}, "arr_time": 1676281375, "arr_date_time": "2023-02-13T04:42:55-05:00", "end_time": 1676281675, "end_date_time": "2023-02-13T04:47:55-05:00", "waiting_time": 0, "distance": 185, "driving_time": 175, "preparation_time": 0, "load_before": [0], "load_after": [0]}, {"type": "service", "id": "703959000_02", "location_id": "703959000", "address": {"location_id": "703959000", "lat": 42.31840999, "lon": -71.0603496}, "arr_time": 1676281881, "arr_date_time": "2023-02-13T04:51:21-05:00", "end_time": 1676282181, "end_date_time": "2023-02-13T04:56:21-05:00", "waiting_time": 0, "distance": 400, "driving_time": 381, "preparation_time": 0, "load_before": [0], "load_after": [0]}, {"type": "service", "id": "703980000_09", "location_id": "703980000", "address": {"location_id": "703980000", "lat": 42.31870524, "lon": -71.06075227}, "arr_time": 1676282199, "arr_date_time": "2023-02-13T04:56:39-05:00", "end_time": 1676282499, "end_date_time": "2023-02-13T05:01:39-05:00", "waiting_time": 0, "distance": 418, "driving_time": 399, "preparation_time": 0, "load_before": [0], "load_after": [0]}, {"type": "service", "id": "703961000_03", "location_id": "703961000", "address": {"location_id": "703961000", "lat": 42.31859508, "lon": -71.06026826}, "arr_time": 1676282501, "arr_date_time": "2023-02-13T05:01:41-05:00", "end_time": 1676282801, "end_date_time": "2023-02-13T05:06:41-05:00", "waiting_time": 0, "distance": 421, "driving_time": 401, "preparation_time": 0, "load_before": [0], "load_after": [0]}, {"type": "service", "id": "703977000_07", "location_id": "703977000", "address": {"location_id": "703977000", "lat": 42.31893908, "lon": -71.06076568}, "arr_time": 1676282861, "arr_date_time": "2023-02-13T05:07:41-05:00", "end_time": 1676283161, "end_date_time": "2023-02-13T05:12:41-05:00", "waiting_time": 0, "distance": 483, "driving_time": 461, "preparation_time": 0, "load_before": [0], "load_after": [0]}, {"type": "service", "id": "703979000_08", "location_id": "703979000", "address": {"location_id": "703979000", "lat": 42.31880167, "lon": -71.06070164}, "arr_time": 1676283172, "arr_date_time": "2023-02-13T05:12:52-05:00", "end_time": 1676283472, "end_date_time": "2023-02-13T05:17:52-05:00", "waiting_time": 0, "distance": 494, "driving_time": 472, "preparation_time": 0, "load_before": [0], "load_after": [0]}, {"type": "service", "id": "703964000_04", "location_id": "703964000", "address": {"location_id": "703964000", "lat": 42.31886754, "lon": -71.06013365}, "arr_time": 1676283497, "arr_date_time": "2023-02-13T05:18:17-05:00", "end_time": 1676283797, "end_date_time": "2023-02-13T05:23:17-05:00", "waiting_time": 0, "distance": 520, "driving_time": 497, "preparation_time": 0, "load_before": [0], "load_after": [0]}, {"type": "service", "id": "703995000_11", "location_id": "703995000", "address": {"location_id": "703995000", "lat": 42.3193628, "lon": -71.0605013}, "arr_time": 1676283868, "arr_date_time": "2023-02-13T05:24:28-05:00", "end_time": 1676284168, "end_date_time": "2023-02-13T05:29:28-05:00", "waiting_time": 0, "distance": 594, "driving_time": 568, "preparation_time": 0, "load_before": [0], "load_after": [0]}, {"type": "service", "id": "703969000_05", "location_id": "703969000", "address": {"location_id": "703969000", "lat": 42.31871487, "lon": -71.0598912}, "arr_time": 1676284277, "arr_date_time": "2023-02-13T05:31:17-05:00", "end_time": 1676284577, "end_date_time": "2023-02-13T05:36:17-05:00", "waiting_time": 0, "distance": 708, "driving_time": 677, "preparation_time": 0, "load_before": [0], "load_after": [0]}, {"type": "service", "id": "703971000_06", "location_id": "703971000", "address": {"location_id": "703971000", "lat": 42.31853092, "lon": -71.05995045}, "arr_time": 1676284597, "arr_date_time": "2023-02-13T05:36:37-05:00", "end_time": 1676284897, "end_date_time": "2023-02-13T05:41:37-05:00", "waiting_time": 0, "distance": 729, "driving_time": 697, "preparation_time": 0, "load_before": [0], "load_after": [0]}, {"type": "service", "id": "1301896000_53", "location_id": "1301896000", "address": {"location_id": "1301896000", "lat": 42.31809681, "lon": -71.05968848}, "arr_time": 1676284939, "arr_date_time": "2023-02-13T05:42:19-05:00", "end_time": 1676285239, "end_date_time": "2023-02-13T05:47:19-05:00", "waiting_time": 0, "distance": 771, "driving_time": 739, "preparation_time": 0, "load_before": [0], "load_after": [0]}, {"type": "service", "id": "703956000_01", "location_id": "703956000", "address": {"location_id": "703956000", "lat": 42.31820286, "lon": -71.06016616}, "arr_time": 1676285283, "arr_date_time": "2023-02-13T05:48:03-05:00", "end_time": 1676285583, "end_date_time": "2023-02-13T05:53:03-05:00", "waiting_time": 0, "distance": 817, "driving_time": 783, "preparation_time": 0, "load_before": [0], "load_after": [0]}, {"type": "service", "id": "1301881000_52", "location_id": "1301881000", "address": {"location_id": "1301881000", "lat": 42.31761735, "lon": -71.06023488}, "arr_time": 1676285716, "arr_date_time": "2023-02-13T05:55:16-05:00", "end_time": 1676286016, "end_date_time": "2023-02-13T06:00:16-05:00", "waiting_time": 0, "distance": 956, "driving_time": 916, "preparation_time": 0, "load_before": [0], "load_after": [0]}, {"type": "service", "id": "1301872000_51", "location_id": "1301872000", "address": {"location_id": "1301872000", "lat": 42.31723735, "lon": -71.06001171}, "arr_time": 1676286043, "arr_date_time": "2023-02-13T06:00:43-05:00", "end_time": 1676286343, "end_date_time": "2023-02-13T06:05:43-05:00", "waiting_time": 0, "distance": 984, "driving_time": 943, "preparation_time": 0, "load_before": [0], "load_after": [0]}, {"type": "service", "id": "1301784000_38", "location_id": "1301784000", "address": {"location_id": "1301784000", "lat": 42.31710909, "lon": -71.061254}, "arr_time": 1676286473, "arr_date_time": "2023-02-13T06:07:53-05:00", "end_time": 1676286773, "end_date_time": "2023-02-13T06:12:53-05:00", "waiting_time": 0, "distance": 1120, "driving_time": 1073, "preparation_time": 0, "load_before": [0], "load_after": [0]}, {"type": "service", "id": "1301783000_37", "location_id": "1301783000", "address": {"location_id": "1301783000", "lat": 42.31713992, "lon": -71.0613855}, "arr_time": 1676286784, "arr_date_time": "2023-02-13T06:13:04-05:00", "end_time": 1676287084, "end_date_time": "2023-02-13T06:18:04-05:00", "waiting_time": 0, "distance": 1131, "driving_time": 1084, "preparation_time": 0, "load_before": [0], "load_after": [0]}, {"type": "service", "id": "1301782000_36", "location_id": "1301782000", "address": {"location_id": "1301782000", "lat": 42.31717038, "lon": -71.06151573}, "arr_time": 1676287095, "arr_date_time": "2023-02-13T06:18:15-05:00", "end_time": 1676287395, "end_date_time": "2023-02-13T06:23:15-05:00", "waiting_time": 0, "distance": 1142, "driving_time": 1095, "preparation_time": 0, "load_before": [0], "load_after": [0]}, {"type": "service", "id": "1301865000_50", "location_id": "1301865000", "address": {"location_id": "1301865000", "lat": 42.3171358, "lon": -71.06063134}, "arr_time": 1676287483, "arr_date_time": "2023-02-13T06:24:43-05:00", "end_time": 1676287783, "end_date_time": "2023-02-13T06:29:43-05:00", "waiting_time": 0, "distance": 1233, "driving_time": 1183, "preparation_time": 0, "load_before": [0], "load_after": [0]}, {"type": "service", "id": "1301864000_49", "location_id": "1301864000", "address": {"location_id": "1301864000", "lat": 42.31709549, "lon": -71.06048125}, "arr_time": 1676287795, "arr_date_time": "2023-02-13T06:29:55-05:00", "end_time": 1676288095, "end_date_time": "2023-02-13T06:34:55-05:00", "waiting_time": 0, "distance": 1246, "driving_time": 1195, "preparation_time": 0, "load_before": [0], "load_after": [0]}, {"type": "service", "id": "1301863000_48", "location_id": "1301863000", "address": {"location_id": "1301863000", "lat": 42.31706678, "lon": -71.06031945}, "arr_time": 1676288108, "arr_date_time": "2023-02-13T06:35:08-05:00", "end_time": 1676288408, "end_date_time": "2023-02-13T06:40:08-05:00", "waiting_time": 0, "distance": 1260, "driving_time": 1208, "preparation_time": 0, "load_before": [0], "load_after": [0]}, {"type": "service", "id": "1301862000_47", "location_id": "1301862000", "address": {"location_id": "1301862000", "lat": 42.31703984, "lon": -71.06016661}, "arr_time": 1676288420, "arr_date_time": "2023-02-13T06:40:20-05:00", "end_time": 1676288720, "end_date_time": "2023-02-13T06:45:20-05:00", "waiting_time": 0, "distance": 1273, "driving_time": 1220, "preparation_time": 0, "load_before": [0], "load_after": [0]}, {"type": "service", "id": "1301855000_46", "location_id": "1301855000", "address": {"location_id": "1301855000", "lat": 42.31671346, "lon": -71.06019569}, "arr_time": 1676288725, "arr_date_time": "2023-02-13T06:45:25-05:00", "end_time": 1676289025, "end_date_time": "2023-02-13T06:50:25-05:00", "waiting_time": 0, "distance": 1279, "driving_time": 1225, "preparation_time": 0, "load_before": [0], "load_after": [0]}, {"type": "service", "id": "1301847000_45", "location_id": "1301847000", "address": {"location_id": "1301847000", "lat": 42.31656952, "lon": -71.06064205}, "arr_time": 1676289185, "arr_date_time": "2023-02-13T06:53:05-05:00", "end_time": 1676289485, "end_date_time": "2023-02-13T06:58:05-05:00", "waiting_time": 0, "distance": 1445, "driving_time": 1385, "preparation_time": 0, "load_before": [0], "load_after": [0]}, {"type": "service", "id": "1301839000_43", "location_id": "1301839000", "address": {"location_id": "1301839000", "lat": 42.31623508, "lon": -71.06070548}, "arr_time": 1676289489, "arr_date_time": "2023-02-13T06:58:09-05:00", "end_time": 1676289789, "end_date_time": "2023-02-13T07:03:09-05:00", "waiting_time": 0, "distance": 1449, "driving_time": 1389, "preparation_time": 0, "load_before": [0], "load_after": [0]}, {"type": "service", "id": "1301844000_44", "location_id": "1301844000", "address": {"location_id": "1301844000", "lat": 42.31648353, "lon": -71.0601732}, "arr_time": 1676289824, "arr_date_time": "2023-02-13T07:03:44-05:00", "end_time": 1676290124, "end_date_time": "2023-02-13T07:08:44-05:00", "waiting_time": 0, "distance": 1485, "driving_time": 1424, "preparation_time": 0, "load_before": [0], "load_after": [0]}, {"type": "service", "id": "1301805000_40", "location_id": "1301805000", "address": {"location_id": "1301805000", "lat": 42.31540004, "lon": -71.06014009}, "arr_time": 1676290271, "arr_date_time": "2023-02-13T07:11:11-05:00", "end_time": 1676290571, "end_date_time": "2023-02-13T07:16:11-05:00", "waiting_time": 0, "distance": 1638, "driving_time": 1571, "preparation_time": 0, "load_before": [0], "load_after": [0]}, {"type": "service", "id": "1301821000_41", "location_id": "1301821000", "address": {"location_id": "1301821000", "lat": 42.31568769, "lon": -71.06085851}, "arr_time": 1676290692, "arr_date_time": "2023-02-13T07:18:12-05:00", "end_time": 1676290992, "end_date_time": "2023-02-13T07:23:12-05:00", "waiting_time": 0, "distance": 1765, "driving_time": 1692, "preparation_time": 0, "load_before": [0], "load_after": [0]}, {"type": "service", "id": "1301833000_42", "location_id": "1301833000", "address": {"location_id": "1301833000", "lat": 42.31601895, "lon": -71.06075455}, "arr_time": 1676290992, "arr_date_time": "2023-02-13T07:23:12-05:00", "end_time": 1676291292, "end_date_time": "2023-02-13T07:28:12-05:00", "waiting_time": 0, "distance": 1766, "driving_time": 1692, "preparation_time": 0, "load_before": [0], "load_after": [0]}, {"type": "service", "id": "1301758010_31", "location_id": "1301758010", "address": {"location_id": "1301758010", "lat": 42.31585141, "lon": -71.06190569}, "arr_time": 1676291457, "arr_date_time": "2023-02-13T07:30:57-05:00", "end_time": 1676291757, "end_date_time": "2023-02-13T07:35:57-05:00", "waiting_time": 0, "distance": 1938, "driving_time": 1857, "preparation_time": 0, "load_before": [0], "load_after": [0]}, {"type": "service", "id": "1301793000_39", "location_id": "1301793000", "address": {"location_id": "1301793000", "lat": 42.31614549, "lon": -71.06146029}, "arr_time": 1676291799, "arr_date_time": "2023-02-13T07:36:39-05:00", "end_time": 1676292099, "end_date_time": "2023-02-13T07:41:39-05:00", "waiting_time": 0, "distance": 1981, "driving_time": 1899, "preparation_time": 0, "load_before": [0], "load_after": [0]}, {"type": "service", "id": "1301757000_30", "location_id": "1301757000", "address": {"location_id": "1301757000", "lat": 42.31598699, "lon": -71.06183754}, "arr_time": 1676292125, "arr_date_time": "2023-02-13T07:42:05-05:00", "end_time": 1676292425, "end_date_time": "2023-02-13T07:47:05-05:00", "waiting_time": 0, "distance": 2008, "driving_time": 1925, "preparation_time": 0, "load_before": [0], "load_after": [0]}, {"type": "service", "id": "1301758020_32", "location_id": "1301758020", "address": {"location_id": "1301758020", "lat": 42.31588951, "lon": -71.0619934}, "arr_time": 1676292440, "arr_date_time": "2023-02-13T07:47:20-05:00", "end_time": 1676292740, "end_date_time": "2023-02-13T07:52:20-05:00", "waiting_time": 0, "distance": 2023, "driving_time": 1940, "preparation_time": 0, "load_before": [0], "load_after": [0]}, {"type": "service", "id": "704021000_15", "location_id": "704021000", "address": {"location_id": "704021000", "lat": 42.31685163, "lon": -71.06259469}, "arr_time": 1676292929, "arr_date_time": "2023-02-13T07:55:29-05:00", "end_time": 1676293229, "end_date_time": "2023-02-13T08:00:29-05:00", "waiting_time": 0, "distance": 2221, "driving_time": 2129, "preparation_time": 0, "load_before": [0], "load_after": [0]}, {"type": "service", "id": "704026000_18", "location_id": "704026000", "address": {"location_id": "704026000", "lat": 42.31665751, "lon": -71.06303402}, "arr_time": 1676293256, "arr_date_time": "2023-02-13T08:00:56-05:00", "end_time": 1676293556, "end_date_time": "2023-02-13T08:05:56-05:00", "waiting_time": 0, "distance": 2249, "driving_time": 2156, "preparation_time": 0, "load_before": [0], "load_after": [0]}, {"type": "service", "id": "704024000_16", "location_id": "704024000", "address": {"location_id": "704024000", "lat": 42.31700347, "lon": -71.06303448}, "arr_time": 1676293567, "arr_date_time": "2023-02-13T08:06:07-05:00", "end_time": 1676293867, "end_date_time": "2023-02-13T08:11:07-05:00", "waiting_time": 0, "distance": 2260, "driving_time": 2167, "preparation_time": 0, "load_before": [0], "load_after": [0]}, {"type": "service", "id": "704025000_17", "location_id": "704025000", "address": {"location_id": "704025000", "lat": 42.31668598, "lon": -71.06316196}, "arr_time": 1676293867, "arr_date_time": "2023-02-13T08:11:07-05:00", "end_time": 1676294167, "end_date_time": "2023-02-13T08:16:07-05:00", "waiting_time": 0, "distance": 2260, "driving_time": 2167, "preparation_time": 0, "load_before": [0], "load_after": [0]}, {"type": "service", "id": "1301776000_35", "location_id": "1301776000", "address": {"location_id": "1301776000", "lat": 42.31684349, "lon": -71.06218173}, "arr_time": 1676294244, "arr_date_time": "2023-02-13T08:17:24-05:00", "end_time": 1676294544, "end_date_time": "2023-02-13T08:22:24-05:00", "waiting_time": 0, "distance": 2341, "driving_time": 2244, "preparation_time": 0, "load_before": [0], "load_after": [0]}, {"type": "service", "id": "1301770000_34", "location_id": "1301770000", "address": {"location_id": "1301770000", "lat": 42.31652617, "lon": -71.06192113}, "arr_time": 1676294573, "arr_date_time": "2023-02-13T08:22:53-05:00", "end_time": 1676294873, "end_date_time": "2023-02-13T08:27:53-05:00", "waiting_time": 0, "distance": 2372, "driving_time": 2273, "preparation_time": 0, "load_before": [0], "load_after": [0]}, {"type": "service", "id": "1301768000_33", "location_id": "1301768000", "address": {"location_id": "1301768000", "lat": 42.31662545, "lon": -71.0622629}, "arr_time": 1676294903, "arr_date_time": "2023-02-13T08:28:23-05:00", "end_time": 1676295203, "end_date_time": "2023-02-13T08:33:23-05:00", "waiting_time": 0, "distance": 2402, "driving_time": 2303, "preparation_time": 0, "load_before": [0], "load_after": [0]}, {"type": "service", "id": "704015000_14", "location_id": "704015000", "address": {"location_id": "704015000", "lat": 42.31727625, "lon": -71.06267027}, "arr_time": 1676295289, "arr_date_time": "2023-02-13T08:34:49-05:00", "end_time": 1676295589, "end_date_time": "2023-02-13T08:39:49-05:00", "waiting_time": 0, "distance": 2493, "driving_time": 2389, "preparation_time": 0, "load_before": [0], "load_after": [0]}, {"type": "service", "id": "704073000_28", "location_id": "704073000", "address": {"location_id": "704073000", "lat": 42.31839763, "lon": -71.06240767}, "arr_time": 1676295791, "arr_date_time": "2023-02-13T08:43:11-05:00", "end_time": 1676296091, "end_date_time": "2023-02-13T08:48:11-05:00", "waiting_time": 0, "distance": 2703, "driving_time": 2591, "preparation_time": 0, "load_before": [0], "load_after": [0]}, {"type": "service", "id": "704008000_13", "location_id": "704008000", "address": {"location_id": "704008000", "lat": 42.31805268, "lon": -71.06256427}, "arr_time": 1676296091, "arr_date_time": "2023-02-13T08:48:11-05:00", "end_time": 1676296391, "end_date_time": "2023-02-13T08:53:11-05:00", "waiting_time": 0, "distance": 2703, "driving_time": 2591, "preparation_time": 0, "load_before": [0], "load_after": [0]}, {"type": "service", "id": "704074000_29", "location_id": "704074000", "address": {"location_id": "704074000", "lat": 42.31845864, "lon": -71.06249659}, "arr_time": 1676296400, "arr_date_time": "2023-02-13T08:53:20-05:00", "end_time": 1676296700, "end_date_time": "2023-02-13T08:58:20-05:00", "waiting_time": 0, "distance": 2712, "driving_time": 2600, "preparation_time": 0, "load_before": [0], "load_after": [0]}, {"type": "service", "id": "704007000_12", "location_id": "704007000", "address": {"location_id": "704007000", "lat": 42.31806898, "lon": -71.06279908}, "arr_time": 1676296709, "arr_date_time": "2023-02-13T08:58:29-05:00", "end_time": 1676297009, "end_date_time": "2023-02-13T09:03:29-05:00", "waiting_time": 0, "distance": 2722, "driving_time": 2609, "preparation_time": 0, "load_before": [0], "load_after": [0]}, {"type": "service", "id": "704036000_19", "location_id": "704036000", "address": {"location_id": "704036000", "lat": 42.31920313, "lon": -71.06259712}, "arr_time": 1676297168, "arr_date_time": "2023-02-13T09:06:08-05:00", "end_time": 1676297468, "end_date_time": "2023-02-13T09:11:08-05:00", "waiting_time": 0, "distance": 2887, "driving_time": 2768, "preparation_time": 0, "load_before": [0], "load_after": [0]}]}], "unassigned": {"services": [], "shipments": [], "breaks": [], "details": []}}}