{"copyrights": ["GraphHopper", "OpenStreetMap contributors"], "job_id": "2b2b5cbc-a1b6-4719-b24c-33b8cf7982b3", "status": "finished", "waiting_time_in_queue": 0, "processing_time": 188, "solution": {"costs": 364, "distance": 2507, "time": 2403, "transport_time": 2403, "completion_time": 20403, "max_operation_time": 20403, "waiting_time": 0, "service_duration": 18000, "preparation_time": 0, "no_vehicles": 1, "no_unassigned": 0, "routes": [{"vehicle_id": "my_vehicle", "shift_id": "default-shift", "distance": 2507, "transport_time": 2403, "completion_time": 20403, "waiting_time": 0, "service_duration": 18000, "preparation_time": 0, "activities": [{"type": "start", "location_id": "802891050", "address": {"location_id": "802891050", "lat": 42.32356584, "lon": -71.07519394}, "arr_time": 1676278800, "arr_date_time": "2023-02-13T04:00:00-05:00", "end_time": 1676278800, "end_date_time": "2023-02-13T04:00:00-05:00", "waiting_time": 0, "distance": 0, "driving_time": 0, "preparation_time": 0, "load_after": [0]}, {"type": "service", "id": "802892050_04", "location_id": "802892050", "address": {"location_id": "802892050", "lat": 42.32337691, "lon": -71.07510975}, "arr_time": 1676278820, "arr_date_time": "2023-02-13T04:00:20-05:00", "end_time": 1676279120, "end_date_time": "2023-02-13T04:05:20-05:00", "waiting_time": 0, "distance": 21, "driving_time": 20, "preparation_time": 0, "load_before": [0], "load_after": [0]}, {"type": "service", "id": "802895050_05", "location_id": "802895050", "address": {"location_id": "802895050", "lat": 42.32331172, "lon": -71.07498171}, "arr_time": 1676279132, "arr_date_time": "2023-02-13T04:05:32-05:00", "end_time": 1676279432, "end_date_time": "2023-02-13T04:10:32-05:00", "waiting_time": 0, "distance": 33, "driving_time": 32, "preparation_time": 0, "load_before": [0], "load_after": [0]}, {"type": "service", "id": "802870050_01", "location_id": "802870050", "address": {"location_id": "802870050", "lat": 42.32321596, "lon": -71.07487011}, "arr_time": 1676279445, "arr_date_time": "2023-02-13T04:10:45-05:00", "end_time": 1676279745, "end_date_time": "2023-02-13T04:15:45-05:00", "waiting_time": 0, "distance": 47, "driving_time": 45, "preparation_time": 0, "load_before": [0], "load_after": [0]}, {"type": "service", "id": "803102010_41", "location_id": "803102010", "address": {"location_id": "803102010", "lat": 42.32304089, "lon": -71.07436946}, "arr_time": 1676279760, "arr_date_time": "2023-02-13T04:16:00-05:00", "end_time": 1676280060, "end_date_time": "2023-02-13T04:21:00-05:00", "waiting_time": 0, "distance": 62, "driving_time": 60, "preparation_time": 0, "load_before": [0], "load_after": [0]}, {"type": "service", "id": "803100010_40", "location_id": "803100010", "address": {"location_id": "803100010", "lat": 42.32295976, "lon": -71.07446307}, "arr_time": 1676280071, "arr_date_time": "2023-02-13T04:21:11-05:00", "end_time": 1676280371, "end_date_time": "2023-02-13T04:26:11-05:00", "waiting_time": 0, "distance": 74, "driving_time": 71, "preparation_time": 0, "load_before": [0], "load_after": [0]}, {"type": "service", "id": "802873050_02", "location_id": "802873050", "address": {"location_id": "802873050", "lat": 42.32314358, "lon": -71.07499456}, "arr_time": 1676280375, "arr_date_time": "2023-02-13T04:26:15-05:00", "end_time": 1676280675, "end_date_time": "2023-02-13T04:31:15-05:00", "waiting_time": 0, "distance": 78, "driving_time": 75, "preparation_time": 0, "load_before": [0], "load_after": [0]}, {"type": "service", "id": "802899050_07", "location_id": "802899050", "address": {"location_id": "802899050", "lat": 42.32285044, "lon": -71.07522522}, "arr_time": 1676280716, "arr_date_time": "2023-02-13T04:31:56-05:00", "end_time": 1676281016, "end_date_time": "2023-02-13T04:36:56-05:00", "waiting_time": 0, "distance": 122, "driving_time": 116, "preparation_time": 0, "load_before": [0], "load_after": [0]}, {"type": "service", "id": "802875050_03", "location_id": "802875050", "address": {"location_id": "802875050", "lat": 42.32305691, "lon": -71.0750509}, "arr_time": 1676281024, "arr_date_time": "2023-02-13T04:37:04-05:00", "end_time": 1676281324, "end_date_time": "2023-02-13T04:42:04-05:00", "waiting_time": 0, "distance": 131, "driving_time": 124, "preparation_time": 0, "load_before": [0], "load_after": [0]}, {"type": "service", "id": "802920050_11", "location_id": "802920050", "address": {"location_id": "802920050", "lat": 42.32301969, "lon": -71.07543768}, "arr_time": 1676281340, "arr_date_time": "2023-02-13T04:42:20-05:00", "end_time": 1676281640, "end_date_time": "2023-02-13T04:47:20-05:00", "waiting_time": 0, "distance": 148, "driving_time": 140, "preparation_time": 0, "load_before": [0], "load_after": [0]}, {"type": "service", "id": "802898050_06", "location_id": "802898050", "address": {"location_id": "802898050", "lat": 42.32288649, "lon": -71.07542614}, "arr_time": 1676281652, "arr_date_time": "2023-02-13T04:47:32-05:00", "end_time": 1676281952, "end_date_time": "2023-02-13T04:52:32-05:00", "waiting_time": 0, "distance": 160, "driving_time": 152, "preparation_time": 0, "load_before": [0], "load_after": [0]}, {"type": "service", "id": "803097010_38", "location_id": "803097010", "address": {"location_id": "803097010", "lat": 42.32282312, "lon": -71.07475771}, "arr_time": 1676281991, "arr_date_time": "2023-02-13T04:53:11-05:00", "end_time": 1676282291, "end_date_time": "2023-02-13T04:58:11-05:00", "waiting_time": 0, "distance": 201, "driving_time": 191, "preparation_time": 0, "load_before": [0], "load_after": [0]}, {"type": "service", "id": "803096010_37", "location_id": "803096010", "address": {"location_id": "803096010", "lat": 42.32274675, "lon": -71.07452123}, "arr_time": 1676282309, "arr_date_time": "2023-02-13T04:58:29-05:00", "end_time": 1676282609, "end_date_time": "2023-02-13T05:03:29-05:00", "waiting_time": 0, "distance": 220, "driving_time": 209, "preparation_time": 0, "load_before": [0], "load_after": [0]}, {"type": "service", "id": "803093000_36", "location_id": "803093000", "address": {"location_id": "803093000", "lat": 42.32248758, "lon": -71.07426486}, "arr_time": 1676282649, "arr_date_time": "2023-02-13T05:04:09-05:00", "end_time": 1676282949, "end_date_time": "2023-02-13T05:09:09-05:00", "waiting_time": 0, "distance": 262, "driving_time": 249, "preparation_time": 0, "load_before": [0], "load_after": [0]}, {"type": "service", "id": "803145000_48", "location_id": "803145000", "address": {"location_id": "803145000", "lat": 42.32250535, "lon": -71.07330166}, "arr_time": 1676283049, "arr_date_time": "2023-02-13T05:10:49-05:00", "end_time": 1676283349, "end_date_time": "2023-02-13T05:15:49-05:00", "waiting_time": 0, "distance": 366, "driving_time": 349, "preparation_time": 0, "load_before": [0], "load_after": [0]}, {"type": "service", "id": "803110010_42", "location_id": "803110010", "address": {"location_id": "803110010", "lat": 42.32311927, "lon": -71.07429035}, "arr_time": 1676283495, "arr_date_time": "2023-02-13T05:18:15-05:00", "end_time": 1676283795, "end_date_time": "2023-02-13T05:23:15-05:00", "waiting_time": 0, "distance": 517, "driving_time": 495, "preparation_time": 0, "load_before": [0], "load_after": [0]}, {"type": "service", "id": "803112010_43", "location_id": "803112010", "address": {"location_id": "803112010", "lat": 42.3231891, "lon": -71.07422516}, "arr_time": 1676283795, "arr_date_time": "2023-02-13T05:23:15-05:00", "end_time": 1676284095, "end_date_time": "2023-02-13T05:28:15-05:00", "waiting_time": 0, "distance": 517, "driving_time": 495, "preparation_time": 0, "load_before": [0], "load_after": [0]}, {"type": "service", "id": "803115010_46", "location_id": "803115010", "address": {"location_id": "803115010", "lat": 42.32356441, "lon": -71.07402533}, "arr_time": 1676284199, "arr_date_time": "2023-02-13T05:29:59-05:00", "end_time": 1676284499, "end_date_time": "2023-02-13T05:34:59-05:00", "waiting_time": 0, "distance": 626, "driving_time": 599, "preparation_time": 0, "load_before": [0], "load_after": [0]}, {"type": "service", "id": "803114010_45", "location_id": "803114010", "address": {"location_id": "803114010", "lat": 42.3234184, "lon": -71.07415714}, "arr_time": 1676284519, "arr_date_time": "2023-02-13T05:35:19-05:00", "end_time": 1676284819, "end_date_time": "2023-02-13T05:40:19-05:00", "waiting_time": 0, "distance": 647, "driving_time": 619, "preparation_time": 0, "load_before": [0], "load_after": [0]}, {"type": "service", "id": "803113010_44", "location_id": "803113010", "address": {"location_id": "803113010", "lat": 42.32334871, "lon": -71.07425706}, "arr_time": 1676284829, "arr_date_time": "2023-02-13T05:40:29-05:00", "end_time": 1676285129, "end_date_time": "2023-02-13T05:45:29-05:00", "waiting_time": 0, "distance": 658, "driving_time": 629, "preparation_time": 0, "load_before": [0], "load_after": [0]}, {"type": "service", "id": "803098010_39", "location_id": "803098010", "address": {"location_id": "803098010", "lat": 42.32290918, "lon": -71.07464748}, "arr_time": 1676285189, "arr_date_time": "2023-02-13T05:46:29-05:00", "end_time": 1676285489, "end_date_time": "2023-02-13T05:51:29-05:00", "waiting_time": 0, "distance": 721, "driving_time": 689, "preparation_time": 0, "load_before": [0], "load_after": [0]}, {"type": "service", "id": "802901050_08", "location_id": "802901050", "address": {"location_id": "802901050", "lat": 42.3226694, "lon": -71.07539366}, "arr_time": 1676285544, "arr_date_time": "2023-02-13T05:52:24-05:00", "end_time": 1676285844, "end_date_time": "2023-02-13T05:57:24-05:00", "waiting_time": 0, "distance": 777, "driving_time": 744, "preparation_time": 0, "load_before": [0], "load_after": [0]}, {"type": "service", "id": "802950050_12", "location_id": "802950050", "address": {"location_id": "802950050", "lat": 42.32239477, "lon": -71.0756512}, "arr_time": 1676285884, "arr_date_time": "2023-02-13T05:58:04-05:00", "end_time": 1676286184, "end_date_time": "2023-02-13T06:03:04-05:00", "waiting_time": 0, "distance": 818, "driving_time": 784, "preparation_time": 0, "load_before": [0], "load_after": [0]}, {"type": "service", "id": "802902050_09", "location_id": "802902050", "address": {"location_id": "802902050", "lat": 42.32262319, "lon": -71.0755024}, "arr_time": 1676286189, "arr_date_time": "2023-02-13T06:03:09-05:00", "end_time": 1676286489, "end_date_time": "2023-02-13T06:08:09-05:00", "waiting_time": 0, "distance": 824, "driving_time": 789, "preparation_time": 0, "load_before": [0], "load_after": [0]}, {"type": "service", "id": "802904050_10", "location_id": "802904050", "address": {"location_id": "802904050", "lat": 42.32272647, "lon": -71.07573604}, "arr_time": 1676286508, "arr_date_time": "2023-02-13T06:08:28-05:00", "end_time": 1676286808, "end_date_time": "2023-02-13T06:13:28-05:00", "waiting_time": 0, "distance": 844, "driving_time": 808, "preparation_time": 0, "load_before": [0], "load_after": [0]}, {"type": "service", "id": "803056000_32", "location_id": "803056000", "address": {"location_id": "803056000", "lat": 42.32214451, "lon": -71.07540064}, "arr_time": 1676286867, "arr_date_time": "2023-02-13T06:14:27-05:00", "end_time": 1676287167, "end_date_time": "2023-02-13T06:19:27-05:00", "waiting_time": 0, "distance": 906, "driving_time": 867, "preparation_time": 0, "load_before": [0], "load_after": [0]}, {"type": "service", "id": "802954050_13", "location_id": "802954050", "address": {"location_id": "802954050", "lat": 42.32227056, "lon": -71.07581639}, "arr_time": 1676287179, "arr_date_time": "2023-02-13T06:19:39-05:00", "end_time": 1676287479, "end_date_time": "2023-02-13T06:24:39-05:00", "waiting_time": 0, "distance": 918, "driving_time": 879, "preparation_time": 0, "load_before": [0], "load_after": [0]}, {"type": "service", "id": "803060010_33", "location_id": "803060010", "address": {"location_id": "803060010", "lat": 42.32197429, "lon": -71.07491987}, "arr_time": 1676287565, "arr_date_time": "2023-02-13T06:26:05-05:00", "end_time": 1676287865, "end_date_time": "2023-02-13T06:31:05-05:00", "waiting_time": 0, "distance": 1008, "driving_time": 965, "preparation_time": 0, "load_before": [0], "load_after": [0]}, {"type": "service", "id": "803060020_34", "location_id": "803060020", "address": {"location_id": "803060020", "lat": 42.32195205, "lon": -71.07482661}, "arr_time": 1676287873, "arr_date_time": "2023-02-13T06:31:13-05:00", "end_time": 1676288173, "end_date_time": "2023-02-13T06:36:13-05:00", "waiting_time": 0, "distance": 1016, "driving_time": 973, "preparation_time": 0, "load_before": [0], "load_after": [0]}, {"type": "service", "id": "803139000_47", "location_id": "803139000", "address": {"location_id": "803139000", "lat": 42.32187446, "lon": -71.07383229}, "arr_time": 1676288249, "arr_date_time": "2023-02-13T06:37:29-05:00", "end_time": 1676288549, "end_date_time": "2023-02-13T06:42:29-05:00", "waiting_time": 0, "distance": 1095, "driving_time": 1049, "preparation_time": 0, "load_before": [0], "load_after": [0]}, {"type": "service", "id": "803155000_52", "location_id": "803155000", "address": {"location_id": "803155000", "lat": 42.32193979, "lon": -71.07358409}, "arr_time": 1676288629, "arr_date_time": "2023-02-13T06:43:49-05:00", "end_time": 1676288929, "end_date_time": "2023-02-13T06:48:49-05:00", "waiting_time": 0, "distance": 1178, "driving_time": 1129, "preparation_time": 0, "load_before": [0], "load_after": [0]}, {"type": "service", "id": "803158001_53", "location_id": "803158001", "address": {"location_id": "803158001", "lat": 42.32158331, "lon": -71.07333571}, "arr_time": 1676288931, "arr_date_time": "2023-02-13T06:48:51-05:00", "end_time": 1676289231, "end_date_time": "2023-02-13T06:53:51-05:00", "waiting_time": 0, "distance": 1179, "driving_time": 1131, "preparation_time": 0, "load_before": [0], "load_after": [0]}, {"type": "service", "id": "803154000_51", "location_id": "803154000", "address": {"location_id": "803154000", "lat": 42.32200169, "lon": -71.0734728}, "arr_time": 1676289240, "arr_date_time": "2023-02-13T06:54:00-05:00", "end_time": 1676289540, "end_date_time": "2023-02-13T06:59:00-05:00", "waiting_time": 0, "distance": 1189, "driving_time": 1140, "preparation_time": 0, "load_before": [0], "load_after": [0]}, {"type": "service", "id": "803160000_54", "location_id": "803160000", "address": {"location_id": "803160000", "lat": 42.3216357, "lon": -71.0731848}, "arr_time": 1676289544, "arr_date_time": "2023-02-13T06:59:04-05:00", "end_time": 1676289844, "end_date_time": "2023-02-13T07:04:04-05:00", "waiting_time": 0, "distance": 1193, "driving_time": 1144, "preparation_time": 0, "load_before": [0], "load_after": [0]}, {"type": "service", "id": "803153000_50", "location_id": "803153000", "address": {"location_id": "803153000", "lat": 42.32204332, "lon": -71.07335146}, "arr_time": 1676289851, "arr_date_time": "2023-02-13T07:04:11-05:00", "end_time": 1676290151, "end_date_time": "2023-02-13T07:09:11-05:00", "waiting_time": 0, "distance": 1200, "driving_time": 1151, "preparation_time": 0, "load_before": [0], "load_after": [0]}, {"type": "service", "id": "803161000_55", "location_id": "803161000", "address": {"location_id": "803161000", "lat": 42.32167473, "lon": -71.07307548}, "arr_time": 1676290153, "arr_date_time": "2023-02-13T07:09:13-05:00", "end_time": 1676290453, "end_date_time": "2023-02-13T07:14:13-05:00", "waiting_time": 0, "distance": 1203, "driving_time": 1153, "preparation_time": 0, "load_before": [0], "load_after": [0]}, {"type": "service", "id": "803152000_49", "location_id": "803152000", "address": {"location_id": "803152000", "lat": 42.32208642, "lon": -71.07322877}, "arr_time": 1676290461, "arr_date_time": "2023-02-13T07:14:21-05:00", "end_time": 1676290761, "end_date_time": "2023-02-13T07:19:21-05:00", "waiting_time": 0, "distance": 1211, "driving_time": 1161, "preparation_time": 0, "load_before": [0], "load_after": [0]}, {"type": "service", "id": "803162000_56", "location_id": "803162000", "address": {"location_id": "803162000", "lat": 42.32167888, "lon": -71.07288375}, "arr_time": 1676290767, "arr_date_time": "2023-02-13T07:19:27-05:00", "end_time": 1676291067, "end_date_time": "2023-02-13T07:24:27-05:00", "waiting_time": 0, "distance": 1217, "driving_time": 1167, "preparation_time": 0, "load_before": [0], "load_after": [0]}, {"type": "service", "id": "803185000_60", "location_id": "803185000", "address": {"location_id": "803185000", "lat": 42.32130576, "lon": -71.0737957}, "arr_time": 1676291185, "arr_date_time": "2023-02-13T07:26:25-05:00", "end_time": 1676291485, "end_date_time": "2023-02-13T07:31:25-05:00", "waiting_time": 0, "distance": 1341, "driving_time": 1285, "preparation_time": 0, "load_before": [0], "load_after": [0]}, {"type": "service", "id": "803184000_59", "location_id": "803184000", "address": {"location_id": "803184000", "lat": 42.32116441, "lon": -71.07384737}, "arr_time": 1676291500, "arr_date_time": "2023-02-13T07:31:40-05:00", "end_time": 1676291800, "end_date_time": "2023-02-13T07:36:40-05:00", "waiting_time": 0, "distance": 1357, "driving_time": 1300, "preparation_time": 0, "load_before": [0], "load_after": [0]}, {"type": "service", "id": "803180020_58", "location_id": "803180020", "address": {"location_id": "803180020", "lat": 42.32111338, "lon": -71.07372393}, "arr_time": 1676291805, "arr_date_time": "2023-02-13T07:36:45-05:00", "end_time": 1676292105, "end_date_time": "2023-02-13T07:41:45-05:00", "waiting_time": 0, "distance": 1363, "driving_time": 1305, "preparation_time": 0, "load_before": [0], "load_after": [0]}, {"type": "service", "id": "803180010_57", "location_id": "803180010", "address": {"location_id": "803180010", "lat": 42.32116415, "lon": -71.07354128}, "arr_time": 1676292199, "arr_date_time": "2023-02-13T07:43:19-05:00", "end_time": 1676292499, "end_date_time": "2023-02-13T07:48:19-05:00", "waiting_time": 0, "distance": 1461, "driving_time": 1399, "preparation_time": 0, "load_before": [0], "load_after": [0]}, {"type": "service", "id": "803077000_35", "location_id": "803077000", "address": {"location_id": "803077000", "lat": 42.32077552, "lon": -71.07507331}, "arr_time": 1676292633, "arr_date_time": "2023-02-13T07:50:33-05:00", "end_time": 1676292933, "end_date_time": "2023-02-13T07:55:33-05:00", "waiting_time": 0, "distance": 1602, "driving_time": 1533, "preparation_time": 0, "load_before": [0], "load_after": [0]}, {"type": "service", "id": "803019000_21", "location_id": "803019000", "address": {"location_id": "803019000", "lat": 42.32077921, "lon": -71.0759997}, "arr_time": 1676293007, "arr_date_time": "2023-02-13T07:56:47-05:00", "end_time": 1676293307, "end_date_time": "2023-02-13T08:01:47-05:00", "waiting_time": 0, "distance": 1679, "driving_time": 1607, "preparation_time": 0, "load_before": [0], "load_after": [0]}, {"type": "service", "id": "803024000_22", "location_id": "803024000", "address": {"location_id": "803024000", "lat": 42.32075088, "lon": -71.07700701}, "arr_time": 1676293387, "arr_date_time": "2023-02-13T08:03:07-05:00", "end_time": 1676293687, "end_date_time": "2023-02-13T08:08:07-05:00", "waiting_time": 0, "distance": 1762, "driving_time": 1687, "preparation_time": 0, "load_before": [0], "load_after": [0]}, {"type": "service", "id": "803016000_20", "location_id": "803016000", "address": {"location_id": "803016000", "lat": 42.32073791, "lon": -71.07563529}, "arr_time": 1676293817, "arr_date_time": "2023-02-13T08:10:17-05:00", "end_time": 1676294117, "end_date_time": "2023-02-13T08:15:17-05:00", "waiting_time": 0, "distance": 1899, "driving_time": 1817, "preparation_time": 0, "load_before": [0], "load_after": [0]}, {"type": "service", "id": "803015000_19", "location_id": "803015000", "address": {"location_id": "803015000", "lat": 42.32090711, "lon": -71.07574184}, "arr_time": 1676294133, "arr_date_time": "2023-02-13T08:15:33-05:00", "end_time": 1676294433, "end_date_time": "2023-02-13T08:20:33-05:00", "waiting_time": 0, "distance": 1916, "driving_time": 1833, "preparation_time": 0, "load_before": [0], "load_after": [0]}, {"type": "service", "id": "803028000_23", "location_id": "803028000", "address": {"location_id": "803028000", "lat": 42.32088084, "lon": -71.07525347}, "arr_time": 1676294436, "arr_date_time": "2023-02-13T08:20:36-05:00", "end_time": 1676294736, "end_date_time": "2023-02-13T08:25:36-05:00", "waiting_time": 0, "distance": 1919, "driving_time": 1836, "preparation_time": 0, "load_before": [0], "load_after": [0]}, {"type": "service", "id": "803034000_25", "location_id": "803034000", "address": {"location_id": "803034000", "lat": 42.32142226, "lon": -71.07522795}, "arr_time": 1676294789, "arr_date_time": "2023-02-13T08:26:29-05:00", "end_time": 1676295089, "end_date_time": "2023-02-13T08:31:29-05:00", "waiting_time": 0, "distance": 1974, "driving_time": 1889, "preparation_time": 0, "load_before": [0], "load_after": [0]}, {"type": "service", "id": "803031000_24", "location_id": "803031000", "address": {"location_id": "803031000", "lat": 42.32118328, "lon": -71.07514571}, "arr_time": 1676295097, "arr_date_time": "2023-02-13T08:31:37-05:00", "end_time": 1676295397, "end_date_time": "2023-02-13T08:36:37-05:00", "waiting_time": 0, "distance": 1983, "driving_time": 1897, "preparation_time": 0, "load_before": [0], "load_after": [0]}, {"type": "service", "id": "803036000_26", "location_id": "803036000", "address": {"location_id": "803036000", "lat": 42.32147771, "lon": -71.07546791}, "arr_time": 1676295433, "arr_date_time": "2023-02-13T08:37:13-05:00", "end_time": 1676295733, "end_date_time": "2023-02-13T08:42:13-05:00", "waiting_time": 0, "distance": 2020, "driving_time": 1933, "preparation_time": 0, "load_before": [0], "load_after": [0]}, {"type": "service", "id": "803038000_27", "location_id": "803038000", "address": {"location_id": "803038000", "lat": 42.32149961, "lon": -71.0757332}, "arr_time": 1676295755, "arr_date_time": "2023-02-13T08:42:35-05:00", "end_time": 1676296055, "end_date_time": "2023-02-13T08:47:35-05:00", "waiting_time": 0, "distance": 2042, "driving_time": 1955, "preparation_time": 0, "load_before": [0], "load_after": [0]}, {"type": "service", "id": "803009000_18", "location_id": "803009000", "address": {"location_id": "803009000", "lat": 42.32117183, "lon": -71.07638225}, "arr_time": 1676296096, "arr_date_time": "2023-02-13T08:48:16-05:00", "end_time": 1676296396, "end_date_time": "2023-02-13T08:53:16-05:00", "waiting_time": 0, "distance": 2085, "driving_time": 1996, "preparation_time": 0, "load_before": [0], "load_after": [0]}, {"type": "service", "id": "803008000_17", "location_id": "803008000", "address": {"location_id": "803008000", "lat": 42.32117845, "lon": -71.07651686}, "arr_time": 1676296413, "arr_date_time": "2023-02-13T08:53:33-05:00", "end_time": 1676296713, "end_date_time": "2023-02-13T08:58:33-05:00", "waiting_time": 0, "distance": 2103, "driving_time": 2013, "preparation_time": 0, "load_before": [0], "load_after": [0]}, {"type": "service", "id": "802981000_15", "location_id": "802981000", "address": {"location_id": "802981000", "lat": 42.321506, "lon": -71.07705572}, "arr_time": 1676296751, "arr_date_time": "2023-02-13T08:59:11-05:00", "end_time": 1676297051, "end_date_time": "2023-02-13T09:04:11-05:00", "waiting_time": 0, "distance": 2141, "driving_time": 2051, "preparation_time": 0, "load_before": [0], "load_after": [0]}, {"type": "service", "id": "803005000_16", "location_id": "803005000", "address": {"location_id": "803005000", "lat": 42.32110601, "lon": -71.07694394}, "arr_time": 1676297064, "arr_date_time": "2023-02-13T09:04:24-05:00", "end_time": 1676297364, "end_date_time": "2023-02-13T09:09:24-05:00", "waiting_time": 0, "distance": 2155, "driving_time": 2064, "preparation_time": 0, "load_before": [0], "load_after": [0]}, {"type": "service", "id": "803040000_28", "location_id": "803040000", "address": {"location_id": "803040000", "lat": 42.32153622, "lon": -71.07598353}, "arr_time": 1676297453, "arr_date_time": "2023-02-13T09:10:53-05:00", "end_time": 1676297753, "end_date_time": "2023-02-13T09:15:53-05:00", "waiting_time": 0, "distance": 2248, "driving_time": 2153, "preparation_time": 0, "load_before": [0], "load_after": [0]}, {"type": "service", "id": "802961000_14", "location_id": "802961000", "address": {"location_id": "802961000", "lat": 42.32228912, "lon": -71.07656799}, "arr_time": 1676297845, "arr_date_time": "2023-02-13T09:17:25-05:00", "end_time": 1676298145, "end_date_time": "2023-02-13T09:22:25-05:00", "waiting_time": 0, "distance": 2344, "driving_time": 2245, "preparation_time": 0, "load_before": [0], "load_after": [0]}, {"type": "service", "id": "803043000_29", "location_id": "803043000", "address": {"location_id": "803043000", "lat": 42.32173634, "lon": -71.075516}, "arr_time": 1676298260, "arr_date_time": "2023-02-13T09:24:20-05:00", "end_time": 1676298560, "end_date_time": "2023-02-13T09:29:20-05:00", "waiting_time": 0, "distance": 2463, "driving_time": 2360, "preparation_time": 0, "load_before": [0], "load_after": [0]}, {"type": "service", "id": "803045000_30", "location_id": "803045000", "address": {"location_id": "803045000", "lat": 42.32166276, "lon": -71.07527859}, "arr_time": 1676298580, "arr_date_time": "2023-02-13T09:29:40-05:00", "end_time": 1676298880, "end_date_time": "2023-02-13T09:34:40-05:00", "waiting_time": 0, "distance": 2484, "driving_time": 2380, "preparation_time": 0, "load_before": [0], "load_after": [0]}, {"type": "service", "id": "803047000_31", "location_id": "803047000", "address": {"location_id": "803047000", "lat": 42.32158165, "lon": -71.07501932}, "arr_time": 1676298903, "arr_date_time": "2023-02-13T09:35:03-05:00", "end_time": 1676299203, "end_date_time": "2023-02-13T09:40:03-05:00", "waiting_time": 0, "distance": 2507, "driving_time": 2403, "preparation_time": 0, "load_before": [0], "load_after": [0]}]}], "unassigned": {"services": [], "shipments": [], "breaks": [], "details": []}}}