{"copyrights": ["GraphHopper", "OpenStreetMap contributors"], "job_id": "5637bbba-bde8-4839-8968-ccc1f595616d", "status": "finished", "waiting_time_in_queue": 0, "processing_time": 217, "solution": {"costs": 355, "distance": 2832, "time": 2720, "transport_time": 2720, "completion_time": 19220, "max_operation_time": 19220, "waiting_time": 0, "service_duration": 16500, "preparation_time": 0, "no_vehicles": 1, "no_unassigned": 0, "routes": [{"vehicle_id": "my_vehicle", "shift_id": "default-shift", "distance": 2832, "transport_time": 2720, "completion_time": 19220, "waiting_time": 0, "service_duration": 16500, "preparation_time": 0, "activities": [{"type": "start", "location_id": "1704926000", "address": {"location_id": "1704926000", "lat": 42.28838036, "lon": -71.06792609}, "arr_time": 1676278800, "arr_date_time": "2023-02-13T04:00:00-05:00", "end_time": 1676278800, "end_date_time": "2023-02-13T04:00:00-05:00", "waiting_time": 0, "distance": 0, "driving_time": 0, "preparation_time": 0, "load_after": [0]}, {"type": "service", "id": "1704761000_35", "location_id": "1704761000", "address": {"location_id": "1704761000", "lat": 42.2873112, "lon": -71.06797231}, "arr_time": 1676278907, "arr_date_time": "2023-02-13T04:01:47-05:00", "end_time": 1676279207, "end_date_time": "2023-02-13T04:06:47-05:00", "waiting_time": 0, "distance": 111, "driving_time": 107, "preparation_time": 0, "load_before": [0], "load_after": [0]}, {"type": "service", "id": "1704696020_20", "location_id": "1704696020", "address": {"location_id": "1704696020", "lat": 42.28647477, "lon": -71.06771687}, "arr_time": 1676279297, "arr_date_time": "2023-02-13T04:08:17-05:00", "end_time": 1676279597, "end_date_time": "2023-02-13T04:13:17-05:00", "waiting_time": 0, "distance": 205, "driving_time": 197, "preparation_time": 0, "load_before": [0], "load_after": [0]}, {"type": "service", "id": "1704763000_36", "location_id": "1704763000", "address": {"location_id": "1704763000", "lat": 42.28695525, "lon": -71.06829782}, "arr_time": 1676279693, "arr_date_time": "2023-02-13T04:14:53-05:00", "end_time": 1676279993, "end_date_time": "2023-02-13T04:19:53-05:00", "waiting_time": 0, "distance": 305, "driving_time": 293, "preparation_time": 0, "load_before": [0], "load_after": [0]}, {"type": "service", "id": "1704695000_19", "location_id": "1704695000", "address": {"location_id": "1704695000", "lat": 42.28645386, "lon": -71.06826001}, "arr_time": 1676280008, "arr_date_time": "2023-02-13T04:20:08-05:00", "end_time": 1676280308, "end_date_time": "2023-02-13T04:25:08-05:00", "waiting_time": 0, "distance": 320, "driving_time": 308, "preparation_time": 0, "load_before": [0], "load_after": [0]}, {"type": "service", "id": "1704693000_18", "location_id": "1704693000", "address": {"location_id": "1704693000", "lat": 42.28638873, "lon": -71.06857853}, "arr_time": 1676280335, "arr_date_time": "2023-02-13T04:25:35-05:00", "end_time": 1676280635, "end_date_time": "2023-02-13T04:30:35-05:00", "waiting_time": 0, "distance": 347, "driving_time": 335, "preparation_time": 0, "load_before": [0], "load_after": [0]}, {"type": "service", "id": "1704747000_32", "location_id": "1704747000", "address": {"location_id": "1704747000", "lat": 42.28672029, "lon": -71.0692915}, "arr_time": 1676280679, "arr_date_time": "2023-02-13T04:31:19-05:00", "end_time": 1676280979, "end_date_time": "2023-02-13T04:36:19-05:00", "waiting_time": 0, "distance": 392, "driving_time": 379, "preparation_time": 0, "load_before": [0], "load_after": [0]}, {"type": "service", "id": "1704769000_37", "location_id": "1704769000", "address": {"location_id": "1704769000", "lat": 42.28776297, "lon": -71.06886671}, "arr_time": 1676281137, "arr_date_time": "2023-02-13T04:38:57-05:00", "end_time": 1676281437, "end_date_time": "2023-02-13T04:43:57-05:00", "waiting_time": 0, "distance": 558, "driving_time": 537, "preparation_time": 0, "load_before": [0], "load_after": [0]}, {"type": "service", "id": "1704770000_38", "location_id": "1704770000", "address": {"location_id": "1704770000", "lat": 42.28790645, "lon": -71.06893324}, "arr_time": 1676281453, "arr_date_time": "2023-02-13T04:44:13-05:00", "end_time": 1676281753, "end_date_time": "2023-02-13T04:49:13-05:00", "waiting_time": 0, "distance": 575, "driving_time": 553, "preparation_time": 0, "load_before": [0], "load_after": [0]}, {"type": "service", "id": "1704770001_39", "location_id": "1704770001", "address": {"location_id": "1704770001", "lat": 42.288073, "lon": -71.06895556}, "arr_time": 1676281772, "arr_date_time": "2023-02-13T04:49:32-05:00", "end_time": 1676282072, "end_date_time": "2023-02-13T04:54:32-05:00", "waiting_time": 0, "distance": 595, "driving_time": 572, "preparation_time": 0, "load_before": [0], "load_after": [0]}, {"type": "service", "id": "1704731000_28", "location_id": "1704731000", "address": {"location_id": "1704731000", "lat": 42.28706164, "lon": -71.07068122}, "arr_time": 1676282256, "arr_date_time": "2023-02-13T04:57:36-05:00", "end_time": 1676282556, "end_date_time": "2023-02-13T05:02:36-05:00", "waiting_time": 0, "distance": 787, "driving_time": 756, "preparation_time": 0, "load_before": [0], "load_after": [0]}, {"type": "service", "id": "1704739000_31", "location_id": "1704739000", "address": {"location_id": "1704739000", "lat": 42.2870823, "lon": -71.07015637}, "arr_time": 1676282605, "arr_date_time": "2023-02-13T05:03:25-05:00", "end_time": 1676282905, "end_date_time": "2023-02-13T05:08:25-05:00", "waiting_time": 0, "distance": 838, "driving_time": 805, "preparation_time": 0, "load_before": [0], "load_after": [0]}, {"type": "service", "id": "1704753000_34", "location_id": "1704753000", "address": {"location_id": "1704753000", "lat": 42.28690271, "lon": -71.07000281}, "arr_time": 1676282925, "arr_date_time": "2023-02-13T05:08:45-05:00", "end_time": 1676283225, "end_date_time": "2023-02-13T05:13:45-05:00", "waiting_time": 0, "distance": 858, "driving_time": 825, "preparation_time": 0, "load_before": [0], "load_after": [0]}, {"type": "service", "id": "1704733000_29", "location_id": "1704733000", "address": {"location_id": "1704733000", "lat": 42.28688913, "lon": -71.07057316}, "arr_time": 1676283225, "arr_date_time": "2023-02-13T05:13:45-05:00", "end_time": 1676283525, "end_date_time": "2023-02-13T05:18:45-05:00", "waiting_time": 0, "distance": 858, "driving_time": 825, "preparation_time": 0, "load_before": [0], "load_after": [0]}, {"type": "service", "id": "1704734000_30", "location_id": "1704734000", "address": {"location_id": "1704734000", "lat": 42.28672261, "lon": -71.07056202}, "arr_time": 1676283543, "arr_date_time": "2023-02-13T05:19:03-05:00", "end_time": 1676283843, "end_date_time": "2023-02-13T05:24:03-05:00", "waiting_time": 0, "distance": 877, "driving_time": 843, "preparation_time": 0, "load_before": [0], "load_after": [0]}, {"type": "service", "id": "1704722000_24", "location_id": "1704722000", "address": {"location_id": "1704722000", "lat": 42.2860963, "lon": -71.07037743}, "arr_time": 1676283897, "arr_date_time": "2023-02-13T05:24:57-05:00", "end_time": 1676284197, "end_date_time": "2023-02-13T05:29:57-05:00", "waiting_time": 0, "distance": 934, "driving_time": 897, "preparation_time": 0, "load_before": [0], "load_after": [0]}, {"type": "service", "id": "1704750000_33", "location_id": "1704750000", "address": {"location_id": "1704750000", "lat": 42.28663523, "lon": -71.06981348}, "arr_time": 1676284252, "arr_date_time": "2023-02-13T05:30:52-05:00", "end_time": 1676284552, "end_date_time": "2023-02-13T05:35:52-05:00", "waiting_time": 0, "distance": 991, "driving_time": 952, "preparation_time": 0, "load_before": [0], "load_after": [0]}, {"type": "service", "id": "1704723000_25", "location_id": "1704723000", "address": {"location_id": "1704723000", "lat": 42.28612837, "lon": -71.07019284}, "arr_time": 1676284599, "arr_date_time": "2023-02-13T05:36:39-05:00", "end_time": 1676284899, "end_date_time": "2023-02-13T05:41:39-05:00", "waiting_time": 0, "distance": 1039, "driving_time": 999, "preparation_time": 0, "load_before": [0], "load_after": [0]}, {"type": "service", "id": "1704675000_10", "location_id": "1704675000", "address": {"location_id": "1704675000", "lat": 42.28567065, "lon": -71.06962779}, "arr_time": 1676284961, "arr_date_time": "2023-02-13T05:42:41-05:00", "end_time": 1676285261, "end_date_time": "2023-02-13T05:47:41-05:00", "waiting_time": 0, "distance": 1104, "driving_time": 1061, "preparation_time": 0, "load_before": [0], "load_after": [0]}, {"type": "service", "id": "1704676000_11", "location_id": "1704676000", "address": {"location_id": "1704676000", "lat": 42.28567697, "lon": -71.06948834}, "arr_time": 1676285272, "arr_date_time": "2023-02-13T05:47:52-05:00", "end_time": 1676285572, "end_date_time": "2023-02-13T05:52:52-05:00", "waiting_time": 0, "distance": 1115, "driving_time": 1072, "preparation_time": 0, "load_before": [0], "load_after": [0]}, {"type": "service", "id": "1704677000_12", "location_id": "1704677000", "address": {"location_id": "1704677000", "lat": 42.28568374, "lon": -71.0693361}, "arr_time": 1676285584, "arr_date_time": "2023-02-13T05:53:04-05:00", "end_time": 1676285884, "end_date_time": "2023-02-13T05:58:04-05:00", "waiting_time": 0, "distance": 1128, "driving_time": 1084, "preparation_time": 0, "load_before": [0], "load_after": [0]}, {"type": "service", "id": "1704725000_26", "location_id": "1704725000", "address": {"location_id": "1704725000", "lat": 42.2857268, "lon": -71.07028301}, "arr_time": 1676285941, "arr_date_time": "2023-02-13T05:59:01-05:00", "end_time": 1676286241, "end_date_time": "2023-02-13T06:04:01-05:00", "waiting_time": 0, "distance": 1188, "driving_time": 1141, "preparation_time": 0, "load_before": [0], "load_after": [0]}, {"type": "service", "id": "1704674000_09", "location_id": "1704674000", "address": {"location_id": "1704674000", "lat": 42.28566273, "lon": -71.06981361}, "arr_time": 1676286247, "arr_date_time": "2023-02-13T06:04:07-05:00", "end_time": 1676286547, "end_date_time": "2023-02-13T06:09:07-05:00", "waiting_time": 0, "distance": 1193, "driving_time": 1147, "preparation_time": 0, "load_before": [0], "load_after": [0]}, {"type": "service", "id": "1704673000_08", "location_id": "1704673000", "address": {"location_id": "1704673000", "lat": 42.28546189, "lon": -71.06985331}, "arr_time": 1676286568, "arr_date_time": "2023-02-13T06:09:28-05:00", "end_time": 1676286868, "end_date_time": "2023-02-13T06:14:28-05:00", "waiting_time": 0, "distance": 1215, "driving_time": 1168, "preparation_time": 0, "load_before": [0], "load_after": [0]}, {"type": "service", "id": "1704728000_27", "location_id": "1704728000", "address": {"location_id": "1704728000", "lat": 42.28547654, "lon": -71.07036354}, "arr_time": 1676286916, "arr_date_time": "2023-02-13T06:15:16-05:00", "end_time": 1676287216, "end_date_time": "2023-02-13T06:20:16-05:00", "waiting_time": 0, "distance": 1265, "driving_time": 1216, "preparation_time": 0, "load_before": [0], "load_after": [0]}, {"type": "service", "id": "1704686000_17", "location_id": "1704686000", "address": {"location_id": "1704686000", "lat": 42.28545879, "lon": -71.06969839}, "arr_time": 1676287269, "arr_date_time": "2023-02-13T06:21:09-05:00", "end_time": 1676287569, "end_date_time": "2023-02-13T06:26:09-05:00", "waiting_time": 0, "distance": 1320, "driving_time": 1269, "preparation_time": 0, "load_before": [0], "load_after": [0]}, {"type": "service", "id": "1704685000_16", "location_id": "1704685000", "address": {"location_id": "1704685000", "lat": 42.28545668, "lon": -71.0695554}, "arr_time": 1676287580, "arr_date_time": "2023-02-13T06:26:20-05:00", "end_time": 1676287880, "end_date_time": "2023-02-13T06:31:20-05:00", "waiting_time": 0, "distance": 1332, "driving_time": 1280, "preparation_time": 0, "load_before": [0], "load_after": [0]}, {"type": "service", "id": "1704682000_15", "location_id": "1704682000", "address": {"location_id": "1704682000", "lat": 42.285383, "lon": -71.06899917}, "arr_time": 1676287924, "arr_date_time": "2023-02-13T06:32:04-05:00", "end_time": 1676288224, "end_date_time": "2023-02-13T06:37:04-05:00", "waiting_time": 0, "distance": 1378, "driving_time": 1324, "preparation_time": 0, "load_before": [0], "load_after": [0]}, {"type": "service", "id": "1704662000_04", "location_id": "1704662000", "address": {"location_id": "1704662000", "lat": 42.28543799, "lon": -71.0681987}, "arr_time": 1676288288, "arr_date_time": "2023-02-13T06:38:08-05:00", "end_time": 1676288588, "end_date_time": "2023-02-13T06:43:08-05:00", "waiting_time": 0, "distance": 1445, "driving_time": 1388, "preparation_time": 0, "load_before": [0], "load_after": [0]}, {"type": "service", "id": "1704660000_03", "location_id": "1704660000", "address": {"location_id": "1704660000", "lat": 42.28542291, "lon": -71.06781504}, "arr_time": 1676288616, "arr_date_time": "2023-02-13T06:43:36-05:00", "end_time": 1676288916, "end_date_time": "2023-02-13T06:48:36-05:00", "waiting_time": 0, "distance": 1475, "driving_time": 1416, "preparation_time": 0, "load_before": [0], "load_after": [0]}, {"type": "service", "id": "1704659000_02", "location_id": "1704659000", "address": {"location_id": "1704659000", "lat": 42.28541498, "lon": -71.06761858}, "arr_time": 1676288932, "arr_date_time": "2023-02-13T06:48:52-05:00", "end_time": 1676289232, "end_date_time": "2023-02-13T06:53:52-05:00", "waiting_time": 0, "distance": 1491, "driving_time": 1432, "preparation_time": 0, "load_before": [0], "load_after": [0]}, {"type": "service", "id": "1704664000_05", "location_id": "1704664000", "address": {"location_id": "1704664000", "lat": 42.28545383, "lon": -71.06857558}, "arr_time": 1676289345, "arr_date_time": "2023-02-13T06:55:45-05:00", "end_time": 1676289645, "end_date_time": "2023-02-13T07:00:45-05:00", "waiting_time": 0, "distance": 1608, "driving_time": 1545, "preparation_time": 0, "load_before": [0], "load_after": [0]}, {"type": "service", "id": "1704681000_14", "location_id": "1704681000", "address": {"location_id": "1704681000", "lat": 42.28551328, "lon": -71.06899222}, "arr_time": 1676289651, "arr_date_time": "2023-02-13T07:00:51-05:00", "end_time": 1676289951, "end_date_time": "2023-02-13T07:05:51-05:00", "waiting_time": 0, "distance": 1613, "driving_time": 1551, "preparation_time": 0, "load_before": [0], "load_after": [0]}, {"type": "service", "id": "1704665000_06", "location_id": "1704665000", "address": {"location_id": "1704665000", "lat": 42.28571378, "lon": -71.0685693}, "arr_time": 1676289973, "arr_date_time": "2023-02-13T07:06:13-05:00", "end_time": 1676290273, "end_date_time": "2023-02-13T07:11:13-05:00", "waiting_time": 0, "distance": 1636, "driving_time": 1573, "preparation_time": 0, "load_before": [0], "load_after": [0]}, {"type": "service", "id": "1704679000_13", "location_id": "1704679000", "address": {"location_id": "1704679000", "lat": 42.28575696, "lon": -71.06897232}, "arr_time": 1676290312, "arr_date_time": "2023-02-13T07:11:52-05:00", "end_time": 1676290612, "end_date_time": "2023-02-13T07:16:52-05:00", "waiting_time": 0, "distance": 1677, "driving_time": 1612, "preparation_time": 0, "load_before": [0], "load_after": [0]}, {"type": "service", "id": "1704703000_23", "location_id": "1704703000", "address": {"location_id": "1704703000", "lat": 42.28609428, "lon": -71.06852134}, "arr_time": 1676290652, "arr_date_time": "2023-02-13T07:17:32-05:00", "end_time": 1676290952, "end_date_time": "2023-02-13T07:22:32-05:00", "waiting_time": 0, "distance": 1719, "driving_time": 1652, "preparation_time": 0, "load_before": [0], "load_after": [0]}, {"type": "service", "id": "1704702000_22", "location_id": "1704702000", "address": {"location_id": "1704702000", "lat": 42.28609861, "lon": -71.06835847}, "arr_time": 1676290961, "arr_date_time": "2023-02-13T07:22:41-05:00", "end_time": 1676291261, "end_date_time": "2023-02-13T07:27:41-05:00", "waiting_time": 0, "distance": 1729, "driving_time": 1661, "preparation_time": 0, "load_before": [0], "load_after": [0]}, {"type": "service", "id": "1704699001_21", "location_id": "1704699001", "address": {"location_id": "1704699001", "lat": 42.28612609, "lon": -71.06773531}, "arr_time": 1676291311, "arr_date_time": "2023-02-13T07:28:31-05:00", "end_time": 1676291611, "end_date_time": "2023-02-13T07:33:31-05:00", "waiting_time": 0, "distance": 1780, "driving_time": 1711, "preparation_time": 0, "load_before": [0], "load_after": [0]}, {"type": "service", "id": "1704911000_48", "location_id": "1704911000", "address": {"location_id": "1704911000", "lat": 42.28607155, "lon": -71.06681602}, "arr_time": 1676291677, "arr_date_time": "2023-02-13T07:34:37-05:00", "end_time": 1676291977, "end_date_time": "2023-02-13T07:39:37-05:00", "waiting_time": 0, "distance": 1849, "driving_time": 1777, "preparation_time": 0, "load_before": [0], "load_after": [0]}, {"type": "service", "id": "1704672000_07", "location_id": "1704672000", "address": {"location_id": "1704672000", "lat": 42.28563628, "lon": -71.06724292}, "arr_time": 1676292011, "arr_date_time": "2023-02-13T07:40:11-05:00", "end_time": 1676292311, "end_date_time": "2023-02-13T07:45:11-05:00", "waiting_time": 0, "distance": 1884, "driving_time": 1811, "preparation_time": 0, "load_before": [0], "load_after": [0]}, {"type": "service", "id": "1704908000_47", "location_id": "1704908000", "address": {"location_id": "1704908000", "lat": 42.28564711, "lon": -71.06656342}, "arr_time": 1676292327, "arr_date_time": "2023-02-13T07:45:27-05:00", "end_time": 1676292627, "end_date_time": "2023-02-13T07:50:27-05:00", "waiting_time": 0, "distance": 1900, "driving_time": 1827, "preparation_time": 0, "load_before": [0], "load_after": [0]}, {"type": "service", "id": "1704656000_01", "location_id": "1704656000", "address": {"location_id": "1704656000", "lat": 42.28533897, "lon": -71.06701337}, "arr_time": 1676292647, "arr_date_time": "2023-02-13T07:50:47-05:00", "end_time": 1676292947, "end_date_time": "2023-02-13T07:55:47-05:00", "waiting_time": 0, "distance": 1921, "driving_time": 1847, "preparation_time": 0, "load_before": [0], "load_after": [0]}, {"type": "service", "id": "1704907000_46", "location_id": "1704907000", "address": {"location_id": "1704907000", "lat": 42.28538198, "lon": -71.06662082}, "arr_time": 1676292952, "arr_date_time": "2023-02-13T07:55:52-05:00", "end_time": 1676293252, "end_date_time": "2023-02-13T08:00:52-05:00", "waiting_time": 0, "distance": 1927, "driving_time": 1852, "preparation_time": 0, "load_before": [0], "load_after": [0]}, {"type": "service", "id": "1704942000_49", "location_id": "1704942000", "address": {"location_id": "1704942000", "lat": 42.28658271, "lon": -71.06498294}, "arr_time": 1676293584, "arr_date_time": "2023-02-13T08:06:24-05:00", "end_time": 1676293884, "end_date_time": "2023-02-13T08:11:24-05:00", "waiting_time": 0, "distance": 2273, "driving_time": 2184, "preparation_time": 0, "load_before": [0], "load_after": [0]}, {"type": "service", "id": "1704902000_45", "location_id": "1704902000", "address": {"location_id": "1704902000", "lat": 42.28565382, "lon": -71.06603394}, "arr_time": 1676294135, "arr_date_time": "2023-02-13T08:15:35-05:00", "end_time": 1676294435, "end_date_time": "2023-02-13T08:20:35-05:00", "waiting_time": 0, "distance": 2534, "driving_time": 2435, "preparation_time": 0, "load_before": [0], "load_after": [0]}, {"type": "service", "id": "1704953000_50", "location_id": "1704953000", "address": {"location_id": "1704953000", "lat": 42.28590991, "lon": -71.06516722}, "arr_time": 1676294437, "arr_date_time": "2023-02-13T08:20:37-05:00", "end_time": 1676294737, "end_date_time": "2023-02-13T08:25:37-05:00", "waiting_time": 0, "distance": 2537, "driving_time": 2437, "preparation_time": 0, "load_before": [0], "load_after": [0]}, {"type": "service", "id": "1704901000_44", "location_id": "1704901000", "address": {"location_id": "1704901000", "lat": 42.28583484, "lon": -71.06606324}, "arr_time": 1676294753, "arr_date_time": "2023-02-13T08:25:53-05:00", "end_time": 1676295053, "end_date_time": "2023-02-13T08:30:53-05:00", "waiting_time": 0, "distance": 2554, "driving_time": 2453, "preparation_time": 0, "load_before": [0], "load_after": [0]}, {"type": "service", "id": "1704900000_43", "location_id": "1704900000", "address": {"location_id": "1704900000", "lat": 42.28598195, "lon": -71.06612963}, "arr_time": 1676295071, "arr_date_time": "2023-02-13T08:31:11-05:00", "end_time": 1676295371, "end_date_time": "2023-02-13T08:36:11-05:00", "waiting_time": 0, "distance": 2572, "driving_time": 2471, "preparation_time": 0, "load_before": [0], "load_after": [0]}, {"type": "service", "id": "1704958000_51", "location_id": "1704958000", "address": {"location_id": "1704958000", "lat": 42.28689768, "lon": -71.06581472}, "arr_time": 1676295456, "arr_date_time": "2023-02-13T08:37:36-05:00", "end_time": 1676295756, "end_date_time": "2023-02-13T08:42:36-05:00", "waiting_time": 0, "distance": 2661, "driving_time": 2556, "preparation_time": 0, "load_before": [0], "load_after": [0]}, {"type": "service", "id": "1704959000_52", "location_id": "1704959000", "address": {"location_id": "1704959000", "lat": 42.28707875, "lon": -71.06589851}, "arr_time": 1676295777, "arr_date_time": "2023-02-13T08:42:57-05:00", "end_time": 1676296077, "end_date_time": "2023-02-13T08:47:57-05:00", "waiting_time": 0, "distance": 2683, "driving_time": 2577, "preparation_time": 0, "load_before": [0], "load_after": [0]}, {"type": "service", "id": "1704895000_42", "location_id": "1704895000", "address": {"location_id": "1704895000", "lat": 42.28712786, "lon": -71.06666603}, "arr_time": 1676296101, "arr_date_time": "2023-02-13T08:48:21-05:00", "end_time": 1676296401, "end_date_time": "2023-02-13T08:53:21-05:00", "waiting_time": 0, "distance": 2709, "driving_time": 2601, "preparation_time": 0, "load_before": [0], "load_after": [0]}, {"type": "service", "id": "1704893000_41", "location_id": "1704893000", "address": {"location_id": "1704893000", "lat": 42.28748085, "lon": -71.06682843}, "arr_time": 1676296441, "arr_date_time": "2023-02-13T08:54:01-05:00", "end_time": 1676296741, "end_date_time": "2023-02-13T08:59:01-05:00", "waiting_time": 0, "distance": 2750, "driving_time": 2641, "preparation_time": 0, "load_before": [0], "load_after": [0]}, {"type": "service", "id": "1704892000_40", "location_id": "1704892000", "address": {"location_id": "1704892000", "lat": 42.2876461, "lon": -71.06690488}, "arr_time": 1676296760, "arr_date_time": "2023-02-13T08:59:20-05:00", "end_time": 1676297060, "end_date_time": "2023-02-13T09:04:20-05:00", "waiting_time": 0, "distance": 2769, "driving_time": 2660, "preparation_time": 0, "load_before": [0], "load_after": [0]}, {"type": "service", "id": "1704963000_53", "location_id": "1704963000", "address": {"location_id": "1704963000", "lat": 42.28782425, "lon": -71.06624117}, "arr_time": 1676297061, "arr_date_time": "2023-02-13T09:04:21-05:00", "end_time": 1676297361, "end_date_time": "2023-02-13T09:09:21-05:00", "waiting_time": 0, "distance": 2770, "driving_time": 2661, "preparation_time": 0, "load_before": [0], "load_after": [0]}, {"type": "service", "id": "1704965000_54", "location_id": "1704965000", "address": {"location_id": "1704965000", "lat": 42.28811594, "lon": -71.06650185}, "arr_time": 1676297397, "arr_date_time": "2023-02-13T09:09:57-05:00", "end_time": 1676297697, "end_date_time": "2023-02-13T09:14:57-05:00", "waiting_time": 0, "distance": 2808, "driving_time": 2697, "preparation_time": 0, "load_before": [0], "load_after": [0]}, {"type": "service", "id": "1704966000_55", "location_id": "1704966000", "address": {"location_id": "1704966000", "lat": 42.28831097, "lon": -71.06662403}, "arr_time": 1676297720, "arr_date_time": "2023-02-13T09:15:20-05:00", "end_time": 1676298020, "end_date_time": "2023-02-13T09:20:20-05:00", "waiting_time": 0, "distance": 2832, "driving_time": 2720, "preparation_time": 0, "load_before": [0], "load_after": [0]}]}], "unassigned": {"services": [], "shipments": [], "breaks": [], "details": []}}}