{"copyrights": ["GraphHopper", "OpenStreetMap contributors"], "job_id": "f1ac0c53-cc77-4ec3-a807-acd3181f445a", "status": "finished", "waiting_time_in_queue": 0, "processing_time": 165, "solution": {"costs": 344, "distance": 2376, "time": 2273, "transport_time": 2273, "completion_time": 17873, "max_operation_time": 17873, "waiting_time": 0, "service_duration": 15600, "preparation_time": 0, "no_vehicles": 1, "no_unassigned": 0, "routes": [{"vehicle_id": "my_vehicle", "shift_id": "default-shift", "distance": 2376, "transport_time": 2273, "completion_time": 17873, "waiting_time": 0, "service_duration": 15600, "preparation_time": 0, "activities": [{"type": "start", "location_id": "1802981000", "address": {"location_id": "1802981000", "lat": 42.27738516, "lon": -71.09825386}, "arr_time": 1676278800, "arr_date_time": "2023-02-13T04:00:00-05:00", "end_time": 1676278800, "end_date_time": "2023-02-13T04:00:00-05:00", "waiting_time": 0, "distance": 0, "driving_time": 0, "preparation_time": 0, "load_after": [0]}, {"type": "service", "id": "1802979000_44", "location_id": "1802979000", "address": {"location_id": "1802979000", "lat": 42.27724726, "lon": -71.09846909}, "arr_time": 1676278823, "arr_date_time": "2023-02-13T04:00:23-05:00", "end_time": 1676279123, "end_date_time": "2023-02-13T04:05:23-05:00", "waiting_time": 0, "distance": 23, "driving_time": 23, "preparation_time": 0, "load_before": [0], "load_after": [0]}, {"type": "service", "id": "1802978000_43", "location_id": "1802978000", "address": {"location_id": "1802978000", "lat": 42.27706383, "lon": -71.09852155}, "arr_time": 1676279140, "arr_date_time": "2023-02-13T04:05:40-05:00", "end_time": 1676279440, "end_date_time": "2023-02-13T04:10:40-05:00", "waiting_time": 0, "distance": 41, "driving_time": 40, "preparation_time": 0, "load_before": [0], "load_after": [0]}, {"type": "service", "id": "1802975000_42", "location_id": "1802975000", "address": {"location_id": "1802975000", "lat": 42.27676745, "lon": -71.09882692}, "arr_time": 1676279481, "arr_date_time": "2023-02-13T04:11:21-05:00", "end_time": 1676279781, "end_date_time": "2023-02-13T04:16:21-05:00", "waiting_time": 0, "distance": 85, "driving_time": 81, "preparation_time": 0, "load_before": [0], "load_after": [0]}, {"type": "service", "id": "1802972000_41", "location_id": "1802972000", "address": {"location_id": "1802972000", "lat": 42.27648735, "lon": -71.09911638}, "arr_time": 1676279819, "arr_date_time": "2023-02-13T04:16:59-05:00", "end_time": 1676280119, "end_date_time": "2023-02-13T04:21:59-05:00", "waiting_time": 0, "distance": 124, "driving_time": 119, "preparation_time": 0, "load_before": [0], "load_after": [0]}, {"type": "service", "id": "1802777000_39", "location_id": "1802777000", "address": {"location_id": "1802777000", "lat": 42.27577921, "lon": -71.09977618}, "arr_time": 1676280208, "arr_date_time": "2023-02-13T04:23:28-05:00", "end_time": 1676280508, "end_date_time": "2023-02-13T04:28:28-05:00", "waiting_time": 0, "distance": 217, "driving_time": 208, "preparation_time": 0, "load_before": [0], "load_after": [0]}, {"type": "service", "id": "1802971000_40", "location_id": "1802971000", "address": {"location_id": "1802971000", "lat": 42.27639949, "lon": -71.09920868}, "arr_time": 1676280564, "arr_date_time": "2023-02-13T04:29:24-05:00", "end_time": 1676280864, "end_date_time": "2023-02-13T04:34:24-05:00", "waiting_time": 0, "distance": 275, "driving_time": 264, "preparation_time": 0, "load_before": [0], "load_after": [0]}, {"type": "service", "id": "1802776000_38", "location_id": "1802776000", "address": {"location_id": "1802776000", "lat": 42.27569605, "lon": -71.09992261}, "arr_time": 1676280945, "arr_date_time": "2023-02-13T04:35:45-05:00", "end_time": 1676281245, "end_date_time": "2023-02-13T04:40:45-05:00", "waiting_time": 0, "distance": 360, "driving_time": 345, "preparation_time": 0, "load_before": [0], "load_after": [0]}, {"type": "service", "id": "1802772000_37", "location_id": "1802772000", "address": {"location_id": "1802772000", "lat": 42.2753949, "lon": -71.10022847}, "arr_time": 1676281288, "arr_date_time": "2023-02-13T04:41:28-05:00", "end_time": 1676281588, "end_date_time": "2023-02-13T04:46:28-05:00", "waiting_time": 0, "distance": 405, "driving_time": 388, "preparation_time": 0, "load_before": [0], "load_after": [0]}, {"type": "service", "id": "1802771000_36", "location_id": "1802771000", "address": {"location_id": "1802771000", "lat": 42.27525333, "lon": -71.10037162}, "arr_time": 1676281607, "arr_date_time": "2023-02-13T04:46:47-05:00", "end_time": 1676281907, "end_date_time": "2023-02-13T04:51:47-05:00", "waiting_time": 0, "distance": 425, "driving_time": 407, "preparation_time": 0, "load_before": [0], "load_after": [0]}, {"type": "service", "id": "1802770000_35", "location_id": "1802770000", "address": {"location_id": "1802770000", "lat": 42.27511021, "lon": -71.1005167}, "arr_time": 1676281925, "arr_date_time": "2023-02-13T04:52:05-05:00", "end_time": 1676282225, "end_date_time": "2023-02-13T04:57:05-05:00", "waiting_time": 0, "distance": 445, "driving_time": 425, "preparation_time": 0, "load_before": [0], "load_after": [0]}, {"type": "service", "id": "1802768000_34", "location_id": "1802768000", "address": {"location_id": "1802768000", "lat": 42.2749898, "lon": -71.10063825}, "arr_time": 1676282241, "arr_date_time": "2023-02-13T04:57:21-05:00", "end_time": 1676282541, "end_date_time": "2023-02-13T05:02:21-05:00", "waiting_time": 0, "distance": 462, "driving_time": 441, "preparation_time": 0, "load_before": [0], "load_after": [0]}, {"type": "service", "id": "1802766000_33", "location_id": "1802766000", "address": {"location_id": "1802766000", "lat": 42.27480877, "lon": -71.10082104}, "arr_time": 1676282565, "arr_date_time": "2023-02-13T05:02:45-05:00", "end_time": 1676282865, "end_date_time": "2023-02-13T05:07:45-05:00", "waiting_time": 0, "distance": 487, "driving_time": 465, "preparation_time": 0, "load_before": [0], "load_after": [0]}, {"type": "service", "id": "1802765003_32", "location_id": "1802765003", "address": {"location_id": "1802765003", "lat": 42.27469003, "lon": -71.10094224}, "arr_time": 1676282881, "arr_date_time": "2023-02-13T05:08:01-05:00", "end_time": 1676283181, "end_date_time": "2023-02-13T05:13:01-05:00", "waiting_time": 0, "distance": 504, "driving_time": 481, "preparation_time": 0, "load_before": [0], "load_after": [0]}, {"type": "service", "id": "1802765001_31", "location_id": "1802765001", "address": {"location_id": "1802765001", "lat": 42.27437124, "lon": -71.10078704}, "arr_time": 1676283267, "arr_date_time": "2023-02-13T05:14:27-05:00", "end_time": 1676283567, "end_date_time": "2023-02-13T05:19:27-05:00", "waiting_time": 0, "distance": 592, "driving_time": 567, "preparation_time": 0, "load_before": [0], "load_after": [0]}, {"type": "service", "id": "1802291007_29", "location_id": "1802291007", "address": {"location_id": "1802291007", "lat": 42.27389022, "lon": -71.1006424}, "arr_time": 1676283608, "arr_date_time": "2023-02-13T05:20:08-05:00", "end_time": 1676283908, "end_date_time": "2023-02-13T05:25:08-05:00", "waiting_time": 0, "distance": 636, "driving_time": 608, "preparation_time": 0, "load_before": [0], "load_after": [0]}, {"type": "service", "id": "1802765000_30", "location_id": "1802765000", "address": {"location_id": "1802765000", "lat": 42.27451873, "lon": -71.10063747}, "arr_time": 1676283961, "arr_date_time": "2023-02-13T05:26:01-05:00", "end_time": 1676284261, "end_date_time": "2023-02-13T05:31:01-05:00", "waiting_time": 0, "distance": 692, "driving_time": 661, "preparation_time": 0, "load_before": [0], "load_after": [0]}, {"type": "service", "id": "1802220000_22", "location_id": "1802220000", "address": {"location_id": "1802220000", "lat": 42.27414809, "lon": -71.1003955}, "arr_time": 1676284312, "arr_date_time": "2023-02-13T05:31:52-05:00", "end_time": 1676284612, "end_date_time": "2023-02-13T05:36:52-05:00", "waiting_time": 0, "distance": 744, "driving_time": 712, "preparation_time": 0, "load_before": [0], "load_after": [0]}, {"type": "service", "id": "1802174000_11", "location_id": "1802174000", "address": {"location_id": "1802174000", "lat": 42.27361095, "lon": -71.09924243}, "arr_time": 1676284720, "arr_date_time": "2023-02-13T05:38:40-05:00", "end_time": 1676285020, "end_date_time": "2023-02-13T05:43:40-05:00", "waiting_time": 0, "distance": 856, "driving_time": 820, "preparation_time": 0, "load_before": [0], "load_after": [0]}, {"type": "service", "id": "1802283000_25", "location_id": "1802283000", "address": {"location_id": "1802283000", "lat": 42.27318065, "lon": -71.09956755}, "arr_time": 1676285028, "arr_date_time": "2023-02-13T05:43:48-05:00", "end_time": 1676285328, "end_date_time": "2023-02-13T05:48:48-05:00", "waiting_time": 0, "distance": 864, "driving_time": 828, "preparation_time": 0, "load_before": [0], "load_after": [0]}, {"type": "service", "id": "1802173000_10", "location_id": "1802173000", "address": {"location_id": "1802173000", "lat": 42.27352176, "lon": -71.09905811}, "arr_time": 1676285337, "arr_date_time": "2023-02-13T05:48:57-05:00", "end_time": 1676285637, "end_date_time": "2023-02-13T05:53:57-05:00", "waiting_time": 0, "distance": 874, "driving_time": 837, "preparation_time": 0, "load_before": [0], "load_after": [0]}, {"type": "service", "id": "1802172000_09", "location_id": "1802172000", "address": {"location_id": "1802172000", "lat": 42.27341744, "lon": -71.09887596}, "arr_time": 1676285656, "arr_date_time": "2023-02-13T05:54:16-05:00", "end_time": 1676285956, "end_date_time": "2023-02-13T05:59:16-05:00", "waiting_time": 0, "distance": 893, "driving_time": 856, "preparation_time": 0, "load_before": [0], "load_after": [0]}, {"type": "service", "id": "1802171000_08", "location_id": "1802171000", "address": {"location_id": "1802171000", "lat": 42.27328212, "lon": -71.09873572}, "arr_time": 1676285973, "arr_date_time": "2023-02-13T05:59:33-05:00", "end_time": 1676286273, "end_date_time": "2023-02-13T06:04:33-05:00", "waiting_time": 0, "distance": 911, "driving_time": 873, "preparation_time": 0, "load_before": [0], "load_after": [0]}, {"type": "service", "id": "1802286000_28", "location_id": "1802286000", "address": {"location_id": "1802286000", "lat": 42.27294446, "lon": -71.09903963}, "arr_time": 1676286276, "arr_date_time": "2023-02-13T06:04:36-05:00", "end_time": 1676286576, "end_date_time": "2023-02-13T06:09:36-05:00", "waiting_time": 0, "distance": 914, "driving_time": 876, "preparation_time": 0, "load_before": [0], "load_after": [0]}, {"type": "service", "id": "1802239000_24", "location_id": "1802239000", "address": {"location_id": "1802239000", "lat": 42.27290076, "lon": -71.09880901}, "arr_time": 1676286593, "arr_date_time": "2023-02-13T06:09:53-05:00", "end_time": 1676286893, "end_date_time": "2023-02-13T06:14:53-05:00", "waiting_time": 0, "distance": 932, "driving_time": 893, "preparation_time": 0, "load_before": [0], "load_after": [0]}, {"type": "service", "id": "1802170000_07", "location_id": "1802170000", "address": {"location_id": "1802170000", "lat": 42.27306547, "lon": -71.09856222}, "arr_time": 1676286897, "arr_date_time": "2023-02-13T06:14:57-05:00", "end_time": 1676287197, "end_date_time": "2023-02-13T06:19:57-05:00", "waiting_time": 0, "distance": 937, "driving_time": 897, "preparation_time": 0, "load_before": [0], "load_after": [0]}, {"type": "service", "id": "1802163000_01", "location_id": "1802163000", "address": {"location_id": "1802163000", "lat": 42.27288149, "lon": -71.0981709}, "arr_time": 1676287239, "arr_date_time": "2023-02-13T06:20:39-05:00", "end_time": 1676287539, "end_date_time": "2023-02-13T06:25:39-05:00", "waiting_time": 0, "distance": 980, "driving_time": 939, "preparation_time": 0, "load_before": [0], "load_after": [0]}, {"type": "service", "id": "1802169000_06", "location_id": "1802169000", "address": {"location_id": "1802169000", "lat": 42.2731927, "lon": -71.09843981}, "arr_time": 1676287553, "arr_date_time": "2023-02-13T06:25:53-05:00", "end_time": 1676287853, "end_date_time": "2023-02-13T06:30:53-05:00", "waiting_time": 0, "distance": 996, "driving_time": 953, "preparation_time": 0, "load_before": [0], "load_after": [0]}, {"type": "service", "id": "1802164000_02", "location_id": "1802164000", "address": {"location_id": "1802164000", "lat": 42.27298156, "lon": -71.09794523}, "arr_time": 1676287857, "arr_date_time": "2023-02-13T06:30:57-05:00", "end_time": 1676288157, "end_date_time": "2023-02-13T06:35:57-05:00", "waiting_time": 0, "distance": 1000, "driving_time": 957, "preparation_time": 0, "load_before": [0], "load_after": [0]}, {"type": "service", "id": "1802168000_05", "location_id": "1802168000", "address": {"location_id": "1802168000", "lat": 42.27333016, "lon": -71.09831298}, "arr_time": 1676288171, "arr_date_time": "2023-02-13T06:36:11-05:00", "end_time": 1676288471, "end_date_time": "2023-02-13T06:41:11-05:00", "waiting_time": 0, "distance": 1015, "driving_time": 971, "preparation_time": 0, "load_before": [0], "load_after": [0]}, {"type": "service", "id": "1802165000_03", "location_id": "1802165000", "address": {"location_id": "1802165000", "lat": 42.27309215, "lon": -71.09783811}, "arr_time": 1676288471, "arr_date_time": "2023-02-13T06:41:11-05:00", "end_time": 1676288771, "end_date_time": "2023-02-13T06:46:11-05:00", "waiting_time": 0, "distance": 1016, "driving_time": 971, "preparation_time": 0, "load_before": [0], "load_after": [0]}, {"type": "service", "id": "1802167000_04", "location_id": "1802167000", "address": {"location_id": "1802167000", "lat": 42.27346522, "lon": -71.09818295}, "arr_time": 1676288824, "arr_date_time": "2023-02-13T06:47:04-05:00", "end_time": 1676289124, "end_date_time": "2023-02-13T06:52:04-05:00", "waiting_time": 0, "distance": 1072, "driving_time": 1024, "preparation_time": 0, "load_before": [0], "load_after": [0]}, {"type": "service", "id": "1802183000_14", "location_id": "1802183000", "address": {"location_id": "1802183000", "lat": 42.274433, "lon": -71.09891675}, "arr_time": 1676289247, "arr_date_time": "2023-02-13T06:54:07-05:00", "end_time": 1676289547, "end_date_time": "2023-02-13T06:59:07-05:00", "waiting_time": 0, "distance": 1200, "driving_time": 1147, "preparation_time": 0, "load_before": [0], "load_after": [0]}, {"type": "service", "id": "1802184000_15", "location_id": "1802184000", "address": {"location_id": "1802184000", "lat": 42.27452696, "lon": -71.09882025}, "arr_time": 1676289559, "arr_date_time": "2023-02-13T06:59:19-05:00", "end_time": 1676289859, "end_date_time": "2023-02-13T07:04:19-05:00", "waiting_time": 0, "distance": 1213, "driving_time": 1159, "preparation_time": 0, "load_before": [0], "load_after": [0]}, {"type": "service", "id": "1802185000_16", "location_id": "1802185000", "address": {"location_id": "1802185000", "lat": 42.27461158, "lon": -71.098732}, "arr_time": 1676289871, "arr_date_time": "2023-02-13T07:04:31-05:00", "end_time": 1676290171, "end_date_time": "2023-02-13T07:09:31-05:00", "waiting_time": 0, "distance": 1225, "driving_time": 1171, "preparation_time": 0, "load_before": [0], "load_after": [0]}, {"type": "service", "id": "1802186000_17", "location_id": "1802186000", "address": {"location_id": "1802186000", "lat": 42.27470217, "lon": -71.09863996}, "arr_time": 1676290183, "arr_date_time": "2023-02-13T07:09:43-05:00", "end_time": 1676290483, "end_date_time": "2023-02-13T07:14:43-05:00", "waiting_time": 0, "distance": 1238, "driving_time": 1183, "preparation_time": 0, "load_before": [0], "load_after": [0]}, {"type": "service", "id": "1802199000_18", "location_id": "1802199000", "address": {"location_id": "1802199000", "lat": 42.2756889, "lon": -71.09817041}, "arr_time": 1676290627, "arr_date_time": "2023-02-13T07:17:07-05:00", "end_time": 1676290927, "end_date_time": "2023-02-13T07:22:07-05:00", "waiting_time": 0, "distance": 1388, "driving_time": 1327, "preparation_time": 0, "load_before": [0], "load_after": [0]}, {"type": "service", "id": "1802238000_23", "location_id": "1802238000", "address": {"location_id": "1802238000", "lat": 42.275743, "lon": -71.09838995}, "arr_time": 1676291007, "arr_date_time": "2023-02-13T07:23:27-05:00", "end_time": 1676291307, "end_date_time": "2023-02-13T07:28:27-05:00", "waiting_time": 0, "distance": 1472, "driving_time": 1407, "preparation_time": 0, "load_before": [0], "load_after": [0]}, {"type": "service", "id": "1802992000_47", "location_id": "1802992000", "address": {"location_id": "1802992000", "lat": 42.27631787, "lon": -71.09881493}, "arr_time": 1676291372, "arr_date_time": "2023-02-13T07:29:32-05:00", "end_time": 1676291672, "end_date_time": "2023-02-13T07:34:32-05:00", "waiting_time": 0, "distance": 1541, "driving_time": 1472, "preparation_time": 0, "load_before": [0], "load_after": [0]}, {"type": "service", "id": "1802991000_46", "location_id": "1802991000", "address": {"location_id": "1802991000", "lat": 42.27640259, "lon": -71.09872824}, "arr_time": 1676291684, "arr_date_time": "2023-02-13T07:34:44-05:00", "end_time": 1676291984, "end_date_time": "2023-02-13T07:39:44-05:00", "waiting_time": 0, "distance": 1553, "driving_time": 1484, "preparation_time": 0, "load_before": [0], "load_after": [0]}, {"type": "service", "id": "1802997000_48", "location_id": "1802997000", "address": {"location_id": "1802997000", "lat": 42.27623206, "lon": -71.09830354}, "arr_time": 1676291988, "arr_date_time": "2023-02-13T07:39:48-05:00", "end_time": 1676292288, "end_date_time": "2023-02-13T07:44:48-05:00", "waiting_time": 0, "distance": 1557, "driving_time": 1488, "preparation_time": 0, "load_before": [0], "load_after": [0]}, {"type": "service", "id": "1802990000_45", "location_id": "1802990000", "address": {"location_id": "1802990000", "lat": 42.27648889, "lon": -71.09863928}, "arr_time": 1676292296, "arr_date_time": "2023-02-13T07:44:56-05:00", "end_time": 1676292596, "end_date_time": "2023-02-13T07:49:56-05:00", "waiting_time": 0, "distance": 1565, "driving_time": 1496, "preparation_time": 0, "load_before": [0], "load_after": [0]}, {"type": "service", "id": "1802998000_49", "location_id": "1802998000", "address": {"location_id": "1802998000", "lat": 42.27640273, "lon": -71.09812892}, "arr_time": 1676292612, "arr_date_time": "2023-02-13T07:50:12-05:00", "end_time": 1676292912, "end_date_time": "2023-02-13T07:55:12-05:00", "waiting_time": 0, "distance": 1581, "driving_time": 1512, "preparation_time": 0, "load_before": [0], "load_after": [0]}, {"type": "service", "id": "1803001000_50", "location_id": "1803001000", "address": {"location_id": "1803001000", "lat": 42.27664114, "lon": -71.09790515}, "arr_time": 1676292944, "arr_date_time": "2023-02-13T07:55:44-05:00", "end_time": 1676293244, "end_date_time": "2023-02-13T08:00:44-05:00", "waiting_time": 0, "distance": 1614, "driving_time": 1544, "preparation_time": 0, "load_before": [0], "load_after": [0]}, {"type": "service", "id": "1803002000_51", "location_id": "1803002000", "address": {"location_id": "1803002000", "lat": 42.27653473, "lon": -71.09777714}, "arr_time": 1676293313, "arr_date_time": "2023-02-13T08:01:53-05:00", "end_time": 1676293613, "end_date_time": "2023-02-13T08:06:53-05:00", "waiting_time": 0, "distance": 1686, "driving_time": 1613, "preparation_time": 0, "load_before": [0], "load_after": [0]}, {"type": "service", "id": "1803003000_52", "location_id": "1803003000", "address": {"location_id": "1803003000", "lat": 42.27640271, "lon": -71.09761117}, "arr_time": 1676293632, "arr_date_time": "2023-02-13T08:07:12-05:00", "end_time": 1676293932, "end_date_time": "2023-02-13T08:12:12-05:00", "waiting_time": 0, "distance": 1705, "driving_time": 1632, "preparation_time": 0, "load_before": [0], "load_after": [0]}, {"type": "service", "id": "1802208000_19", "location_id": "1802208000", "address": {"location_id": "1802208000", "lat": 42.27482638, "lon": -71.09914082}, "arr_time": 1676294171, "arr_date_time": "2023-02-13T08:16:11-05:00", "end_time": 1676294471, "end_date_time": "2023-02-13T08:21:11-05:00", "waiting_time": 0, "distance": 1954, "driving_time": 1871, "preparation_time": 0, "load_before": [0], "load_after": [0]}, {"type": "service", "id": "1802210000_20", "location_id": "1802210000", "address": {"location_id": "1802210000", "lat": 42.27465632, "lon": -71.09931461}, "arr_time": 1676294493, "arr_date_time": "2023-02-13T08:21:33-05:00", "end_time": 1676294793, "end_date_time": "2023-02-13T08:26:33-05:00", "waiting_time": 0, "distance": 1978, "driving_time": 1893, "preparation_time": 0, "load_before": [0], "load_after": [0]}, {"type": "service", "id": "1802212000_21", "location_id": "1802212000", "address": {"location_id": "1802212000", "lat": 42.27448529, "lon": -71.0994877}, "arr_time": 1676294816, "arr_date_time": "2023-02-13T08:26:56-05:00", "end_time": 1676295116, "end_date_time": "2023-02-13T08:31:56-05:00", "waiting_time": 0, "distance": 2002, "driving_time": 1916, "preparation_time": 0, "load_before": [0], "load_after": [0]}, {"type": "service", "id": "1802179000_13", "location_id": "1802179000", "address": {"location_id": "1802179000", "lat": 42.27408779, "lon": -71.09927206}, "arr_time": 1676295148, "arr_date_time": "2023-02-13T08:32:28-05:00", "end_time": 1676295448, "end_date_time": "2023-02-13T08:37:28-05:00", "waiting_time": 0, "distance": 2036, "driving_time": 1948, "preparation_time": 0, "load_before": [0], "load_after": [0]}, {"type": "service", "id": "1802178000_12", "location_id": "1802178000", "address": {"location_id": "1802178000", "lat": 42.27400236, "lon": -71.0993588}, "arr_time": 1676295488, "arr_date_time": "2023-02-13T08:38:08-05:00", "end_time": 1676295788, "end_date_time": "2023-02-13T08:43:08-05:00", "waiting_time": 0, "distance": 2078, "driving_time": 1988, "preparation_time": 0, "load_before": [0], "load_after": [0]}, {"type": "service", "id": "1802285000_27", "location_id": "1802285000", "address": {"location_id": "1802285000", "lat": 42.27300671, "lon": -71.09925791}, "arr_time": 1676296073, "arr_date_time": "2023-02-13T08:47:53-05:00", "end_time": 1676296373, "end_date_time": "2023-02-13T08:52:53-05:00", "waiting_time": 0, "distance": 2376, "driving_time": 2273, "preparation_time": 0, "load_before": [0], "load_after": [0]}, {"type": "service", "id": "1802284000_26", "location_id": "1802284000", "address": {"location_id": "1802284000", "lat": 42.27309809, "lon": -71.09942083}, "arr_time": 1676296373, "arr_date_time": "2023-02-13T08:52:53-05:00", "end_time": 1676296673, "end_date_time": "2023-02-13T08:57:53-05:00", "waiting_time": 0, "distance": 2376, "driving_time": 2273, "preparation_time": 0, "load_before": [0], "load_after": [0]}]}], "unassigned": {"services": [], "shipments": [], "breaks": [], "details": []}}}