{"copyrights": ["GraphHopper", "OpenStreetMap contributors"], "job_id": "be845437-40b4-4a9f-a40a-33aa893d0108", "status": "finished", "waiting_time_in_queue": 0, "processing_time": 205, "solution": {"costs": 357, "distance": 3151, "time": 3017, "transport_time": 3017, "completion_time": 19517, "max_operation_time": 19517, "waiting_time": 0, "service_duration": 16500, "preparation_time": 0, "no_vehicles": 1, "no_unassigned": 0, "routes": [{"vehicle_id": "my_vehicle", "shift_id": "default-shift", "distance": 3151, "transport_time": 3017, "completion_time": 19517, "waiting_time": 0, "service_duration": 16500, "preparation_time": 0, "activities": [{"type": "start", "location_id": "800981000", "address": {"location_id": "800981000", "lat": 42.3295049, "lon": -71.07043359}, "arr_time": 1676278800, "arr_date_time": "2023-02-13T04:00:00-05:00", "end_time": 1676278800, "end_date_time": "2023-02-13T04:00:00-05:00", "waiting_time": 0, "distance": 0, "driving_time": 0, "preparation_time": 0, "load_after": [0]}, {"type": "service", "id": "800982000_25", "location_id": "800982000", "address": {"location_id": "800982000", "lat": 42.32955779, "lon": -71.07036807}, "arr_time": 1676278812, "arr_date_time": "2023-02-13T04:00:12-05:00", "end_time": 1676279112, "end_date_time": "2023-02-13T04:05:12-05:00", "waiting_time": 0, "distance": 12, "driving_time": 12, "preparation_time": 0, "load_before": [0], "load_after": [0]}, {"type": "service", "id": "802238000_39", "location_id": "802238000", "address": {"location_id": "802238000", "lat": 42.32764774, "lon": -71.0762681}, "arr_time": 1676279923, "arr_date_time": "2023-02-13T04:18:43-05:00", "end_time": 1676280223, "end_date_time": "2023-02-13T04:23:43-05:00", "waiting_time": 0, "distance": 856, "driving_time": 823, "preparation_time": 0, "load_before": [0], "load_after": [0]}, {"type": "service", "id": "802239000_40", "location_id": "802239000", "address": {"location_id": "802239000", "lat": 42.3275824, "lon": -71.07618088}, "arr_time": 1676280232, "arr_date_time": "2023-02-13T04:23:52-05:00", "end_time": 1676280532, "end_date_time": "2023-02-13T04:28:52-05:00", "waiting_time": 0, "distance": 866, "driving_time": 832, "preparation_time": 0, "load_before": [0], "load_after": [0]}, {"type": "service", "id": "802241000_41", "location_id": "802241000", "address": {"location_id": "802241000", "lat": 42.32748554, "lon": -71.07612552}, "arr_time": 1676280543, "arr_date_time": "2023-02-13T04:29:03-05:00", "end_time": 1676280843, "end_date_time": "2023-02-13T04:34:03-05:00", "waiting_time": 0, "distance": 877, "driving_time": 843, "preparation_time": 0, "load_before": [0], "load_after": [0]}, {"type": "service", "id": "802242000_42", "location_id": "802242000", "address": {"location_id": "802242000", "lat": 42.32741964, "lon": -71.07605217}, "arr_time": 1676280852, "arr_date_time": "2023-02-13T04:34:12-05:00", "end_time": 1676281152, "end_date_time": "2023-02-13T04:39:12-05:00", "waiting_time": 0, "distance": 886, "driving_time": 852, "preparation_time": 0, "load_before": [0], "load_after": [0]}, {"type": "service", "id": "802244000_43", "location_id": "802244000", "address": {"location_id": "802244000", "lat": 42.32735293, "lon": -71.07596664}, "arr_time": 1676281161, "arr_date_time": "2023-02-13T04:39:21-05:00", "end_time": 1676281461, "end_date_time": "2023-02-13T04:44:21-05:00", "waiting_time": 0, "distance": 896, "driving_time": 861, "preparation_time": 0, "load_before": [0], "load_after": [0]}, {"type": "service", "id": "802248000_44", "location_id": "802248000", "address": {"location_id": "802248000", "lat": 42.32729199, "lon": -71.07587767}, "arr_time": 1676281471, "arr_date_time": "2023-02-13T04:44:31-05:00", "end_time": 1676281771, "end_date_time": "2023-02-13T04:49:31-05:00", "waiting_time": 0, "distance": 906, "driving_time": 871, "preparation_time": 0, "load_before": [0], "load_after": [0]}, {"type": "service", "id": "802250000_45", "location_id": "802250000", "address": {"location_id": "802250000", "lat": 42.32721273, "lon": -71.07577804}, "arr_time": 1676281783, "arr_date_time": "2023-02-13T04:49:43-05:00", "end_time": 1676282083, "end_date_time": "2023-02-13T04:54:43-05:00", "waiting_time": 0, "distance": 918, "driving_time": 883, "preparation_time": 0, "load_before": [0], "load_after": [0]}, {"type": "service", "id": "802237000_38", "location_id": "802237000", "address": {"location_id": "802237000", "lat": 42.32771449, "lon": -71.0763533}, "arr_time": 1676282153, "arr_date_time": "2023-02-13T04:55:53-05:00", "end_time": 1676282453, "end_date_time": "2023-02-13T05:00:53-05:00", "waiting_time": 0, "distance": 992, "driving_time": 953, "preparation_time": 0, "load_before": [0], "load_after": [0]}, {"type": "service", "id": "802235000_37", "location_id": "802235000", "address": {"location_id": "802235000", "lat": 42.32778141, "lon": -71.07643825}, "arr_time": 1676282463, "arr_date_time": "2023-02-13T05:01:03-05:00", "end_time": 1676282763, "end_date_time": "2023-02-13T05:06:03-05:00", "waiting_time": 0, "distance": 1002, "driving_time": 963, "preparation_time": 0, "load_before": [0], "load_after": [0]}, {"type": "service", "id": "802234000_36", "location_id": "802234000", "address": {"location_id": "802234000", "lat": 42.32784834, "lon": -71.07652317}, "arr_time": 1676282772, "arr_date_time": "2023-02-13T05:06:12-05:00", "end_time": 1676283072, "end_date_time": "2023-02-13T05:11:12-05:00", "waiting_time": 0, "distance": 1012, "driving_time": 972, "preparation_time": 0, "load_before": [0], "load_after": [0]}, {"type": "service", "id": "802233000_35", "location_id": "802233000", "address": {"location_id": "802233000", "lat": 42.32791413, "lon": -71.07660668}, "arr_time": 1676283081, "arr_date_time": "2023-02-13T05:11:21-05:00", "end_time": 1676283381, "end_date_time": "2023-02-13T05:16:21-05:00", "waiting_time": 0, "distance": 1022, "driving_time": 981, "preparation_time": 0, "load_before": [0], "load_after": [0]}, {"type": "service", "id": "802232000_34", "location_id": "802232000", "address": {"location_id": "802232000", "lat": 42.32798399, "lon": -71.07668437}, "arr_time": 1676283391, "arr_date_time": "2023-02-13T05:16:31-05:00", "end_time": 1676283691, "end_date_time": "2023-02-13T05:21:31-05:00", "waiting_time": 0, "distance": 1032, "driving_time": 991, "preparation_time": 0, "load_before": [0], "load_after": [0]}, {"type": "service", "id": "802231010_33", "location_id": "802231010", "address": {"location_id": "802231010", "lat": 42.32811616, "lon": -71.0767744}, "arr_time": 1676283705, "arr_date_time": "2023-02-13T05:21:45-05:00", "end_time": 1676284005, "end_date_time": "2023-02-13T05:26:45-05:00", "waiting_time": 0, "distance": 1048, "driving_time": 1005, "preparation_time": 0, "load_before": [0], "load_after": [0]}, {"type": "service", "id": "802293000_49", "location_id": "802293000", "address": {"location_id": "802293000", "lat": 42.32855873, "lon": -71.07781593}, "arr_time": 1676284105, "arr_date_time": "2023-02-13T05:28:25-05:00", "end_time": 1676284405, "end_date_time": "2023-02-13T05:33:25-05:00", "waiting_time": 0, "distance": 1152, "driving_time": 1105, "preparation_time": 0, "load_before": [0], "load_after": [0]}, {"type": "service", "id": "802290000_47", "location_id": "802290000", "address": {"location_id": "802290000", "lat": 42.32865734, "lon": -71.07805275}, "arr_time": 1676284427, "arr_date_time": "2023-02-13T05:33:47-05:00", "end_time": 1676284727, "end_date_time": "2023-02-13T05:38:47-05:00", "waiting_time": 0, "distance": 1175, "driving_time": 1127, "preparation_time": 0, "load_before": [0], "load_after": [0]}, {"type": "service", "id": "802288000_46", "location_id": "802288000", "address": {"location_id": "802288000", "lat": 42.32874456, "lon": -71.07826232}, "arr_time": 1676284745, "arr_date_time": "2023-02-13T05:39:05-05:00", "end_time": 1676285045, "end_date_time": "2023-02-13T05:44:05-05:00", "waiting_time": 0, "distance": 1195, "driving_time": 1145, "preparation_time": 0, "load_before": [0], "load_after": [0]}, {"type": "service", "id": "802291000_48", "location_id": "802291000", "address": {"location_id": "802291000", "lat": 42.32862345, "lon": -71.07797221}, "arr_time": 1676285072, "arr_date_time": "2023-02-13T05:44:32-05:00", "end_time": 1676285372, "end_date_time": "2023-02-13T05:49:32-05:00", "waiting_time": 0, "distance": 1222, "driving_time": 1172, "preparation_time": 0, "load_before": [0], "load_after": [0]}, {"type": "service", "id": "802231000_32", "location_id": "802231000", "address": {"location_id": "802231000", "lat": 42.32806087, "lon": -71.07685186}, "arr_time": 1676285489, "arr_date_time": "2023-02-13T05:51:29-05:00", "end_time": 1676285789, "end_date_time": "2023-02-13T05:56:29-05:00", "waiting_time": 0, "distance": 1345, "driving_time": 1289, "preparation_time": 0, "load_before": [0], "load_after": [0]}, {"type": "service", "id": "802230010_31", "location_id": "802230010", "address": {"location_id": "802230010", "lat": 42.32799716, "lon": -71.07693857}, "arr_time": 1676285799, "arr_date_time": "2023-02-13T05:56:39-05:00", "end_time": 1676286099, "end_date_time": "2023-02-13T06:01:39-05:00", "waiting_time": 0, "distance": 1355, "driving_time": 1299, "preparation_time": 0, "load_before": [0], "load_after": [0]}, {"type": "service", "id": "802230000_30", "location_id": "802230000", "address": {"location_id": "802230000", "lat": 42.32790529, "lon": -71.07696536}, "arr_time": 1676286107, "arr_date_time": "2023-02-13T06:01:47-05:00", "end_time": 1676286407, "end_date_time": "2023-02-13T06:06:47-05:00", "waiting_time": 0, "distance": 1364, "driving_time": 1307, "preparation_time": 0, "load_before": [0], "load_after": [0]}, {"type": "service", "id": "802228020_28", "location_id": "802228020", "address": {"location_id": "802228020", "lat": 42.327809, "lon": -71.07715861}, "arr_time": 1676286425, "arr_date_time": "2023-02-13T06:07:05-05:00", "end_time": 1676286725, "end_date_time": "2023-02-13T06:12:05-05:00", "waiting_time": 0, "distance": 1384, "driving_time": 1325, "preparation_time": 0, "load_before": [0], "load_after": [0]}, {"type": "service", "id": "802229000_29", "location_id": "802229000", "address": {"location_id": "802229000", "lat": 42.32785531, "lon": -71.07722305}, "arr_time": 1676286725, "arr_date_time": "2023-02-13T06:12:05-05:00", "end_time": 1676287025, "end_date_time": "2023-02-13T06:17:05-05:00", "waiting_time": 0, "distance": 1384, "driving_time": 1325, "preparation_time": 0, "load_before": [0], "load_after": [0]}, {"type": "service", "id": "802228010_27", "location_id": "802228010", "address": {"location_id": "802228010", "lat": 42.32777455, "lon": -71.07711091}, "arr_time": 1676287025, "arr_date_time": "2023-02-13T06:17:05-05:00", "end_time": 1676287325, "end_date_time": "2023-02-13T06:22:05-05:00", "waiting_time": 0, "distance": 1384, "driving_time": 1325, "preparation_time": 0, "load_before": [0], "load_after": [0]}, {"type": "service", "id": "802228000_26", "location_id": "802228000", "address": {"location_id": "802228000", "lat": 42.32772668, "lon": -71.07704723}, "arr_time": 1676287377, "arr_date_time": "2023-02-13T06:22:57-05:00", "end_time": 1676287677, "end_date_time": "2023-02-13T06:27:57-05:00", "waiting_time": 0, "distance": 1438, "driving_time": 1377, "preparation_time": 0, "load_before": [0], "load_after": [0]}, {"type": "service", "id": "800737000_22", "location_id": "800737000", "address": {"location_id": "800737000", "lat": 42.32606341, "lon": -71.07475686}, "arr_time": 1676287936, "arr_date_time": "2023-02-13T06:32:16-05:00", "end_time": 1676288236, "end_date_time": "2023-02-13T06:37:16-05:00", "waiting_time": 0, "distance": 1708, "driving_time": 1636, "preparation_time": 0, "load_before": [0], "load_after": [0]}, {"type": "service", "id": "800735000_21", "location_id": "800735000", "address": {"location_id": "800735000", "lat": 42.32594146, "lon": -71.07447861}, "arr_time": 1676288261, "arr_date_time": "2023-02-13T06:37:41-05:00", "end_time": 1676288561, "end_date_time": "2023-02-13T06:42:41-05:00", "waiting_time": 0, "distance": 1735, "driving_time": 1661, "preparation_time": 0, "load_before": [0], "load_after": [0]}, {"type": "service", "id": "800733001_20", "location_id": "800733001", "address": {"location_id": "800733001", "lat": 42.32578056, "lon": -71.07416288}, "arr_time": 1676288592, "arr_date_time": "2023-02-13T06:43:12-05:00", "end_time": 1676288892, "end_date_time": "2023-02-13T06:48:12-05:00", "waiting_time": 0, "distance": 1767, "driving_time": 1692, "preparation_time": 0, "load_before": [0], "load_after": [0]}, {"type": "service", "id": "800730000_19", "location_id": "800730000", "address": {"location_id": "800730000", "lat": 42.3256548, "lon": -71.07375051}, "arr_time": 1676288948, "arr_date_time": "2023-02-13T06:49:08-05:00", "end_time": 1676289248, "end_date_time": "2023-02-13T06:54:08-05:00", "waiting_time": 0, "distance": 1825, "driving_time": 1748, "preparation_time": 0, "load_before": [0], "load_after": [0]}, {"type": "service", "id": "800764000_23", "location_id": "800764000", "address": {"location_id": "800764000", "lat": 42.32616153, "lon": -71.07346122}, "arr_time": 1676289337, "arr_date_time": "2023-02-13T06:55:37-05:00", "end_time": 1676289637, "end_date_time": "2023-02-13T07:00:37-05:00", "waiting_time": 0, "distance": 1919, "driving_time": 1837, "preparation_time": 0, "load_before": [0], "load_after": [0]}, {"type": "service", "id": "800716000_18", "location_id": "800716000", "address": {"location_id": "800716000", "lat": 42.3263187, "lon": -71.07451106}, "arr_time": 1676289715, "arr_date_time": "2023-02-13T07:01:55-05:00", "end_time": 1676290015, "end_date_time": "2023-02-13T07:06:55-05:00", "waiting_time": 0, "distance": 1999, "driving_time": 1915, "preparation_time": 0, "load_before": [0], "load_after": [0]}, {"type": "service", "id": "800786001_24", "location_id": "800786001", "address": {"location_id": "800786001", "lat": 42.32638754, "lon": -71.07285182}, "arr_time": 1676290228, "arr_date_time": "2023-02-13T07:10:28-05:00", "end_time": 1676290528, "end_date_time": "2023-02-13T07:15:28-05:00", "waiting_time": 0, "distance": 2222, "driving_time": 2128, "preparation_time": 0, "load_before": [0], "load_after": [0]}, {"type": "service", "id": "800692000_14", "location_id": "800692000", "address": {"location_id": "800692000", "lat": 42.32542378, "lon": -71.07294598}, "arr_time": 1676290680, "arr_date_time": "2023-02-13T07:18:00-05:00", "end_time": 1676290980, "end_date_time": "2023-02-13T07:23:00-05:00", "waiting_time": 0, "distance": 2380, "driving_time": 2280, "preparation_time": 0, "load_before": [0], "load_after": [0]}, {"type": "service", "id": "800693000_15", "location_id": "800693000", "address": {"location_id": "800693000", "lat": 42.32537829, "lon": -71.07305219}, "arr_time": 1676290989, "arr_date_time": "2023-02-13T07:23:09-05:00", "end_time": 1676291289, "end_date_time": "2023-02-13T07:28:09-05:00", "waiting_time": 0, "distance": 2390, "driving_time": 2289, "preparation_time": 0, "load_before": [0], "load_after": [0]}, {"type": "service", "id": "800695000_17", "location_id": "800695000", "address": {"location_id": "800695000", "lat": 42.32529617, "lon": -71.07324683}, "arr_time": 1676291308, "arr_date_time": "2023-02-13T07:28:28-05:00", "end_time": 1676291608, "end_date_time": "2023-02-13T07:33:28-05:00", "waiting_time": 0, "distance": 2410, "driving_time": 2308, "preparation_time": 0, "load_before": [0], "load_after": [0]}, {"type": "service", "id": "800677000_13", "location_id": "800677000", "address": {"location_id": "800677000", "lat": 42.3249827, "lon": -71.07315549}, "arr_time": 1676291617, "arr_date_time": "2023-02-13T07:33:37-05:00", "end_time": 1676291917, "end_date_time": "2023-02-13T07:38:37-05:00", "waiting_time": 0, "distance": 2420, "driving_time": 2317, "preparation_time": 0, "load_before": [0], "load_after": [0]}, {"type": "service", "id": "800672010_11", "location_id": "800672010", "address": {"location_id": "800672010", "lat": 42.32477118, "lon": -71.07367813}, "arr_time": 1676291964, "arr_date_time": "2023-02-13T07:39:24-05:00", "end_time": 1676292264, "end_date_time": "2023-02-13T07:44:24-05:00", "waiting_time": 0, "distance": 2469, "driving_time": 2364, "preparation_time": 0, "load_before": [0], "load_after": [0]}, {"type": "service", "id": "800675010_12", "location_id": "800675010", "address": {"location_id": "800675010", "lat": 42.32485832, "lon": -71.07346246}, "arr_time": 1676292284, "arr_date_time": "2023-02-13T07:44:44-05:00", "end_time": 1676292584, "end_date_time": "2023-02-13T07:49:44-05:00", "waiting_time": 0, "distance": 2489, "driving_time": 2384, "preparation_time": 0, "load_before": [0], "load_after": [0]}, {"type": "service", "id": "800694000_16", "location_id": "800694000", "address": {"location_id": "800694000", "lat": 42.32533594, "lon": -71.0731467}, "arr_time": 1676292631, "arr_date_time": "2023-02-13T07:50:31-05:00", "end_time": 1676292931, "end_date_time": "2023-02-13T07:55:31-05:00", "waiting_time": 0, "distance": 2538, "driving_time": 2431, "preparation_time": 0, "load_before": [0], "load_after": [0]}, {"type": "service", "id": "800652000_08", "location_id": "800652000", "address": {"location_id": "800652000", "lat": 42.32519209, "lon": -71.07227573}, "arr_time": 1676293031, "arr_date_time": "2023-02-13T07:57:11-05:00", "end_time": 1676293331, "end_date_time": "2023-02-13T08:02:11-05:00", "waiting_time": 0, "distance": 2642, "driving_time": 2531, "preparation_time": 0, "load_before": [0], "load_after": [0]}, {"type": "service", "id": "800602000_01", "location_id": "800602000", "address": {"location_id": "800602000", "lat": 42.32493963, "lon": -71.07208851}, "arr_time": 1676293371, "arr_date_time": "2023-02-13T08:02:51-05:00", "end_time": 1676293671, "end_date_time": "2023-02-13T08:07:51-05:00", "waiting_time": 0, "distance": 2684, "driving_time": 2571, "preparation_time": 0, "load_before": [0], "load_after": [0]}, {"type": "service", "id": "800653000_09", "location_id": "800653000", "address": {"location_id": "800653000", "lat": 42.32508659, "lon": -71.07220044}, "arr_time": 1676293671, "arr_date_time": "2023-02-13T08:07:51-05:00", "end_time": 1676293971, "end_date_time": "2023-02-13T08:12:51-05:00", "waiting_time": 0, "distance": 2685, "driving_time": 2571, "preparation_time": 0, "load_before": [0], "load_after": [0]}, {"type": "service", "id": "800649000_07", "location_id": "800649000", "address": {"location_id": "800649000", "lat": 42.324823, "lon": -71.07222275}, "arr_time": 1676293985, "arr_date_time": "2023-02-13T08:13:05-05:00", "end_time": 1676294285, "end_date_time": "2023-02-13T08:18:05-05:00", "waiting_time": 0, "distance": 2700, "driving_time": 2585, "preparation_time": 0, "load_before": [0], "load_after": [0]}, {"type": "service", "id": "800648000_06", "location_id": "800648000", "address": {"location_id": "800648000", "lat": 42.32477387, "lon": -71.07232968}, "arr_time": 1676294295, "arr_date_time": "2023-02-13T08:18:15-05:00", "end_time": 1676294595, "end_date_time": "2023-02-13T08:23:15-05:00", "waiting_time": 0, "distance": 2710, "driving_time": 2595, "preparation_time": 0, "load_before": [0], "load_after": [0]}, {"type": "service", "id": "800645000_05", "location_id": "800645000", "address": {"location_id": "800645000", "lat": 42.32464566, "lon": -71.07264131}, "arr_time": 1676294623, "arr_date_time": "2023-02-13T08:23:43-05:00", "end_time": 1676294923, "end_date_time": "2023-02-13T08:28:43-05:00", "waiting_time": 0, "distance": 2739, "driving_time": 2623, "preparation_time": 0, "load_before": [0], "load_after": [0]}, {"type": "service", "id": "800641000_04", "location_id": "800641000", "address": {"location_id": "800641000", "lat": 42.32453569, "lon": -71.07292572}, "arr_time": 1676294948, "arr_date_time": "2023-02-13T08:29:08-05:00", "end_time": 1676295248, "end_date_time": "2023-02-13T08:34:08-05:00", "waiting_time": 0, "distance": 2765, "driving_time": 2648, "preparation_time": 0, "load_before": [0], "load_after": [0]}, {"type": "service", "id": "800661000_10", "location_id": "800661000", "address": {"location_id": "800661000", "lat": 42.32477338, "lon": -71.07317006}, "arr_time": 1676295253, "arr_date_time": "2023-02-13T08:34:13-05:00", "end_time": 1676295553, "end_date_time": "2023-02-13T08:39:13-05:00", "waiting_time": 0, "distance": 2771, "driving_time": 2653, "preparation_time": 0, "load_before": [0], "load_after": [0]}, {"type": "service", "id": "800636000_03", "location_id": "800636000", "address": {"location_id": "800636000", "lat": 42.32435076, "lon": -71.07338305}, "arr_time": 1676295589, "arr_date_time": "2023-02-13T08:39:49-05:00", "end_time": 1676295889, "end_date_time": "2023-02-13T08:44:49-05:00", "waiting_time": 0, "distance": 2808, "driving_time": 2689, "preparation_time": 0, "load_before": [0], "load_after": [0]}, {"type": "service", "id": "802868010_54", "location_id": "802868010", "address": {"location_id": "802868010", "lat": 42.32390149, "lon": -71.07430297}, "arr_time": 1676295984, "arr_date_time": "2023-02-13T08:46:24-05:00", "end_time": 1676296284, "end_date_time": "2023-02-13T08:51:24-05:00", "waiting_time": 0, "distance": 2907, "driving_time": 2784, "preparation_time": 0, "load_before": [0], "load_after": [0]}, {"type": "service", "id": "802828010_50", "location_id": "802828010", "address": {"location_id": "802828010", "lat": 42.32368523, "lon": -71.07422184}, "arr_time": 1676296336, "arr_date_time": "2023-02-13T08:52:16-05:00", "end_time": 1676296636, "end_date_time": "2023-02-13T08:57:16-05:00", "waiting_time": 0, "distance": 2961, "driving_time": 2836, "preparation_time": 0, "load_before": [0], "load_after": [0]}, {"type": "service", "id": "802869010_55", "location_id": "802869010", "address": {"location_id": "802869010", "lat": 42.32375214, "lon": -71.07434141}, "arr_time": 1676296639, "arr_date_time": "2023-02-13T08:57:19-05:00", "end_time": 1676296939, "end_date_time": "2023-02-13T09:02:19-05:00", "waiting_time": 0, "distance": 2964, "driving_time": 2839, "preparation_time": 0, "load_before": [0], "load_after": [0]}, {"type": "service", "id": "802830010_51", "location_id": "802830010", "address": {"location_id": "802830010", "lat": 42.32364997, "lon": -71.07441333}, "arr_time": 1676296948, "arr_date_time": "2023-02-13T09:02:28-05:00", "end_time": 1676297248, "end_date_time": "2023-02-13T09:07:28-05:00", "waiting_time": 0, "distance": 2974, "driving_time": 2848, "preparation_time": 0, "load_before": [0], "load_after": [0]}, {"type": "service", "id": "802833010_52", "location_id": "802833010", "address": {"location_id": "802833010", "lat": 42.32356813, "lon": -71.07453687}, "arr_time": 1676297261, "arr_date_time": "2023-02-13T09:07:41-05:00", "end_time": 1676297561, "end_date_time": "2023-02-13T09:12:41-05:00", "waiting_time": 0, "distance": 2987, "driving_time": 2861, "preparation_time": 0, "load_before": [0], "load_after": [0]}, {"type": "service", "id": "802834000_53", "location_id": "802834000", "address": {"location_id": "802834000", "lat": 42.32350251, "lon": -71.07463082}, "arr_time": 1676297569, "arr_date_time": "2023-02-13T09:12:49-05:00", "end_time": 1676297869, "end_date_time": "2023-02-13T09:17:49-05:00", "waiting_time": 0, "distance": 2996, "driving_time": 2869, "preparation_time": 0, "load_before": [0], "load_after": [0]}, {"type": "service", "id": "800617000_02", "location_id": "800617000", "address": {"location_id": "800617000", "lat": 42.32429439, "lon": -71.07299999}, "arr_time": 1676298017, "arr_date_time": "2023-02-13T09:20:17-05:00", "end_time": 1676298317, "end_date_time": "2023-02-13T09:25:17-05:00", "waiting_time": 0, "distance": 3151, "driving_time": 3017, "preparation_time": 0, "load_before": [0], "load_after": [0]}]}], "unassigned": {"services": [], "shipments": [], "breaks": [], "details": []}}}