{"copyrights": ["GraphHopper", "OpenStreetMap contributors"], "job_id": "a5990676-290b-4905-8bac-fce2a6ecfe05", "status": "finished", "waiting_time_in_queue": 0, "processing_time": 100, "solution": {"costs": 320, "distance": 1842, "time": 1765, "transport_time": 1765, "completion_time": 14965, "max_operation_time": 14965, "waiting_time": 0, "service_duration": 13200, "preparation_time": 0, "no_vehicles": 1, "no_unassigned": 0, "routes": [{"vehicle_id": "my_vehicle", "shift_id": "default-shift", "distance": 1842, "transport_time": 1765, "completion_time": 14965, "waiting_time": 0, "service_duration": 13200, "preparation_time": 0, "activities": [{"type": "start", "location_id": "1800432000", "address": {"location_id": "1800432000", "lat": 42.2796624, "lon": -71.08349992}, "arr_time": 1676278800, "arr_date_time": "2023-02-13T04:00:00-05:00", "end_time": 1676278800, "end_date_time": "2023-02-13T04:00:00-05:00", "waiting_time": 0, "distance": 0, "driving_time": 0, "preparation_time": 0, "load_after": [0]}, {"type": "service", "id": "1800429000_38", "location_id": "1800429000", "address": {"location_id": "1800429000", "lat": 42.27940436, "lon": -71.08374257}, "arr_time": 1676278833, "arr_date_time": "2023-02-13T04:00:33-05:00", "end_time": 1676279133, "end_date_time": "2023-02-13T04:05:33-05:00", "waiting_time": 0, "distance": 35, "driving_time": 33, "preparation_time": 0, "load_before": [0], "load_after": [0]}, {"type": "service", "id": "1800428000_37", "location_id": "1800428000", "address": {"location_id": "1800428000", "lat": 42.27931424, "lon": -71.08382645}, "arr_time": 1676279145, "arr_date_time": "2023-02-13T04:05:45-05:00", "end_time": 1676279445, "end_date_time": "2023-02-13T04:10:45-05:00", "waiting_time": 0, "distance": 47, "driving_time": 45, "preparation_time": 0, "load_before": [0], "load_after": [0]}, {"type": "service", "id": "1800427000_36", "location_id": "1800427000", "address": {"location_id": "1800427000", "lat": 42.27922875, "lon": -71.08390658}, "arr_time": 1676279456, "arr_date_time": "2023-02-13T04:10:56-05:00", "end_time": 1676279756, "end_date_time": "2023-02-13T04:15:56-05:00", "waiting_time": 0, "distance": 59, "driving_time": 56, "preparation_time": 0, "load_before": [0], "load_after": [0]}, {"type": "service", "id": "1800430000_39", "location_id": "1800430000", "address": {"location_id": "1800430000", "lat": 42.27949255, "lon": -71.08366203}, "arr_time": 1676279791, "arr_date_time": "2023-02-13T04:16:31-05:00", "end_time": 1676280091, "end_date_time": "2023-02-13T04:21:31-05:00", "waiting_time": 0, "distance": 95, "driving_time": 91, "preparation_time": 0, "load_before": [0], "load_after": [0]}, {"type": "service", "id": "1800433000_40", "location_id": "1800433000", "address": {"location_id": "1800433000", "lat": 42.27974783, "lon": -71.08341663}, "arr_time": 1676280124, "arr_date_time": "2023-02-13T04:22:04-05:00", "end_time": 1676280424, "end_date_time": "2023-02-13T04:27:04-05:00", "waiting_time": 0, "distance": 130, "driving_time": 124, "preparation_time": 0, "load_before": [0], "load_after": [0]}, {"type": "service", "id": "1800450000_41", "location_id": "1800450000", "address": {"location_id": "1800450000", "lat": 42.27930376, "lon": -71.08330976}, "arr_time": 1676280703, "arr_date_time": "2023-02-13T04:31:43-05:00", "end_time": 1676281003, "end_date_time": "2023-02-13T04:36:43-05:00", "waiting_time": 0, "distance": 420, "driving_time": 403, "preparation_time": 0, "load_before": [0], "load_after": [0]}, {"type": "service", "id": "1800213000_34", "location_id": "1800213000", "address": {"location_id": "1800213000", "lat": 42.2781946, "lon": -71.0835524}, "arr_time": 1676281112, "arr_date_time": "2023-02-13T04:38:32-05:00", "end_time": 1676281412, "end_date_time": "2023-02-13T04:43:32-05:00", "waiting_time": 0, "distance": 534, "driving_time": 512, "preparation_time": 0, "load_before": [0], "load_after": [0]}, {"type": "service", "id": "1800459000_42", "location_id": "1800459000", "address": {"location_id": "1800459000", "lat": 42.27840953, "lon": -71.08410275}, "arr_time": 1676281416, "arr_date_time": "2023-02-13T04:43:36-05:00", "end_time": 1676281716, "end_date_time": "2023-02-13T04:48:36-05:00", "waiting_time": 0, "distance": 538, "driving_time": 516, "preparation_time": 0, "load_before": [0], "load_after": [0]}, {"type": "service", "id": "1800212000_33", "location_id": "1800212000", "address": {"location_id": "1800212000", "lat": 42.27807898, "lon": -71.08365615}, "arr_time": 1676281727, "arr_date_time": "2023-02-13T04:48:47-05:00", "end_time": 1676282027, "end_date_time": "2023-02-13T04:53:47-05:00", "waiting_time": 0, "distance": 550, "driving_time": 527, "preparation_time": 0, "load_before": [0], "load_after": [0]}, {"type": "service", "id": "1800210000_32", "location_id": "1800210000", "address": {"location_id": "1800210000", "lat": 42.277872, "lon": -71.08386461}, "arr_time": 1676282053, "arr_date_time": "2023-02-13T04:54:13-05:00", "end_time": 1676282353, "end_date_time": "2023-02-13T04:59:13-05:00", "waiting_time": 0, "distance": 578, "driving_time": 553, "preparation_time": 0, "load_before": [0], "load_after": [0]}, {"type": "service", "id": "1800465000_43", "location_id": "1800465000", "address": {"location_id": "1800465000", "lat": 42.27805055, "lon": -71.08441704}, "arr_time": 1676282363, "arr_date_time": "2023-02-13T04:59:23-05:00", "end_time": 1676282663, "end_date_time": "2023-02-13T05:04:23-05:00", "waiting_time": 0, "distance": 588, "driving_time": 563, "preparation_time": 0, "load_before": [0], "load_after": [0]}, {"type": "service", "id": "1800209000_31", "location_id": "1800209000", "address": {"location_id": "1800209000", "lat": 42.27776198, "lon": -71.08396434}, "arr_time": 1676282668, "arr_date_time": "2023-02-13T05:04:28-05:00", "end_time": 1676282968, "end_date_time": "2023-02-13T05:09:28-05:00", "waiting_time": 0, "distance": 593, "driving_time": 568, "preparation_time": 0, "load_before": [0], "load_after": [0]}, {"type": "service", "id": "1800467000_44", "location_id": "1800467000", "address": {"location_id": "1800467000", "lat": 42.27793903, "lon": -71.08452206}, "arr_time": 1676282977, "arr_date_time": "2023-02-13T05:09:37-05:00", "end_time": 1676283277, "end_date_time": "2023-02-13T05:14:37-05:00", "waiting_time": 0, "distance": 603, "driving_time": 577, "preparation_time": 0, "load_before": [0], "load_after": [0]}, {"type": "service", "id": "1800208000_30", "location_id": "1800208000", "address": {"location_id": "1800208000", "lat": 42.2776379, "lon": -71.08405058}, "arr_time": 1676283283, "arr_date_time": "2023-02-13T05:14:43-05:00", "end_time": 1676283583, "end_date_time": "2023-02-13T05:19:43-05:00", "waiting_time": 0, "distance": 608, "driving_time": 583, "preparation_time": 0, "load_before": [0], "load_after": [0]}, {"type": "service", "id": "1800207000_29", "location_id": "1800207000", "address": {"location_id": "1800207000", "lat": 42.27749321, "lon": -71.08418207}, "arr_time": 1676283601, "arr_date_time": "2023-02-13T05:20:01-05:00", "end_time": 1676283901, "end_date_time": "2023-02-13T05:25:01-05:00", "waiting_time": 0, "distance": 627, "driving_time": 601, "preparation_time": 0, "load_before": [0], "load_after": [0]}, {"type": "service", "id": "1800205000_28", "location_id": "1800205000", "address": {"location_id": "1800205000", "lat": 42.27718394, "lon": -71.08433298}, "arr_time": 1676283936, "arr_date_time": "2023-02-13T05:25:36-05:00", "end_time": 1676284236, "end_date_time": "2023-02-13T05:30:36-05:00", "waiting_time": 0, "distance": 663, "driving_time": 636, "preparation_time": 0, "load_before": [0], "load_after": [0]}, {"type": "service", "id": "1800204000_27", "location_id": "1800204000", "address": {"location_id": "1800204000", "lat": 42.2770496, "lon": -71.08445146}, "arr_time": 1676284253, "arr_date_time": "2023-02-13T05:30:53-05:00", "end_time": 1676284553, "end_date_time": "2023-02-13T05:35:53-05:00", "waiting_time": 0, "distance": 681, "driving_time": 653, "preparation_time": 0, "load_before": [0], "load_after": [0]}, {"type": "service", "id": "1800184000_17", "location_id": "1800184000", "address": {"location_id": "1800184000", "lat": 42.27731622, "lon": -71.08508703}, "arr_time": 1676284557, "arr_date_time": "2023-02-13T05:35:57-05:00", "end_time": 1676284857, "end_date_time": "2023-02-13T05:40:57-05:00", "waiting_time": 0, "distance": 685, "driving_time": 657, "preparation_time": 0, "load_before": [0], "load_after": [0]}, {"type": "service", "id": "1800186000_18", "location_id": "1800186000", "address": {"location_id": "1800186000", "lat": 42.27698763, "lon": -71.08538183}, "arr_time": 1676284900, "arr_date_time": "2023-02-13T05:41:40-05:00", "end_time": 1676285200, "end_date_time": "2023-02-13T05:46:40-05:00", "waiting_time": 0, "distance": 729, "driving_time": 700, "preparation_time": 0, "load_before": [0], "load_after": [0]}, {"type": "service", "id": "1800187000_19", "location_id": "1800187000", "address": {"location_id": "1800187000", "lat": 42.27681717, "lon": -71.08552324}, "arr_time": 1676285221, "arr_date_time": "2023-02-13T05:47:01-05:00", "end_time": 1676285521, "end_date_time": "2023-02-13T05:52:01-05:00", "waiting_time": 0, "distance": 751, "driving_time": 721, "preparation_time": 0, "load_before": [0], "load_after": [0]}, {"type": "service", "id": "1800200000_26", "location_id": "1800200000", "address": {"location_id": "1800200000", "lat": 42.27651869, "lon": -71.08492982}, "arr_time": 1676285521, "arr_date_time": "2023-02-13T05:52:01-05:00", "end_time": 1676285821, "end_date_time": "2023-02-13T05:57:01-05:00", "waiting_time": 0, "distance": 752, "driving_time": 721, "preparation_time": 0, "load_before": [0], "load_after": [0]}, {"type": "service", "id": "1800189000_20", "location_id": "1800189000", "address": {"location_id": "1800189000", "lat": 42.2765117, "lon": -71.08580928}, "arr_time": 1676285860, "arr_date_time": "2023-02-13T05:57:40-05:00", "end_time": 1676286160, "end_date_time": "2023-02-13T06:02:40-05:00", "waiting_time": 0, "distance": 793, "driving_time": 760, "preparation_time": 0, "load_before": [0], "load_after": [0]}, {"type": "service", "id": "1800190000_21", "location_id": "1800190000", "address": {"location_id": "1800190000", "lat": 42.27637684, "lon": -71.08592893}, "arr_time": 1676286177, "arr_date_time": "2023-02-13T06:02:57-05:00", "end_time": 1676286477, "end_date_time": "2023-02-13T06:07:57-05:00", "waiting_time": 0, "distance": 811, "driving_time": 777, "preparation_time": 0, "load_before": [0], "load_after": [0]}, {"type": "service", "id": "1800191000_22", "location_id": "1800191000", "address": {"location_id": "1800191000", "lat": 42.27624458, "lon": -71.08604901}, "arr_time": 1676286495, "arr_date_time": "2023-02-13T06:08:15-05:00", "end_time": 1676286795, "end_date_time": "2023-02-13T06:13:15-05:00", "waiting_time": 0, "distance": 829, "driving_time": 795, "preparation_time": 0, "load_before": [0], "load_after": [0]}, {"type": "service", "id": "1800196000_24", "location_id": "1800196000", "address": {"location_id": "1800196000", "lat": 42.27594225, "lon": -71.08544896}, "arr_time": 1676286795, "arr_date_time": "2023-02-13T06:13:15-05:00", "end_time": 1676287095, "end_date_time": "2023-02-13T06:18:15-05:00", "waiting_time": 0, "distance": 830, "driving_time": 795, "preparation_time": 0, "load_before": [0], "load_after": [0]}, {"type": "service", "id": "1800192000_23", "location_id": "1800192000", "address": {"location_id": "1800192000", "lat": 42.27611036, "lon": -71.08617145}, "arr_time": 1676287112, "arr_date_time": "2023-02-13T06:18:32-05:00", "end_time": 1676287412, "end_date_time": "2023-02-13T06:23:32-05:00", "waiting_time": 0, "distance": 847, "driving_time": 812, "preparation_time": 0, "load_before": [0], "load_after": [0]}, {"type": "service", "id": "1800199000_25", "location_id": "1800199000", "address": {"location_id": "1800199000", "lat": 42.27635742, "lon": -71.08507648}, "arr_time": 1676287481, "arr_date_time": "2023-02-13T06:24:41-05:00", "end_time": 1676287781, "end_date_time": "2023-02-13T06:29:41-05:00", "waiting_time": 0, "distance": 920, "driving_time": 881, "preparation_time": 0, "load_before": [0], "load_after": [0]}, {"type": "service", "id": "1800419000_35", "location_id": "1800419000", "address": {"location_id": "1800419000", "lat": 42.27839629, "lon": -71.08465151}, "arr_time": 1676288064, "arr_date_time": "2023-02-13T06:34:24-05:00", "end_time": 1676288364, "end_date_time": "2023-02-13T06:39:24-05:00", "waiting_time": 0, "distance": 1214, "driving_time": 1164, "preparation_time": 0, "load_before": [0], "load_after": [0]}, {"type": "service", "id": "1800179000_16", "location_id": "1800179000", "address": {"location_id": "1800179000", "lat": 42.27743028, "lon": -71.08551751}, "arr_time": 1676288488, "arr_date_time": "2023-02-13T06:41:28-05:00", "end_time": 1676288788, "end_date_time": "2023-02-13T06:46:28-05:00", "waiting_time": 0, "distance": 1344, "driving_time": 1288, "preparation_time": 0, "load_before": [0], "load_after": [0]}, {"type": "service", "id": "1800177000_15", "location_id": "1800177000", "address": {"location_id": "1800177000", "lat": 42.27722382, "lon": -71.08570136}, "arr_time": 1676288815, "arr_date_time": "2023-02-13T06:46:55-05:00", "end_time": 1676289115, "end_date_time": "2023-02-13T06:51:55-05:00", "waiting_time": 0, "distance": 1371, "driving_time": 1315, "preparation_time": 0, "load_before": [0], "load_after": [0]}, {"type": "service", "id": "1800176000_14", "location_id": "1800176000", "address": {"location_id": "1800176000", "lat": 42.27711857, "lon": -71.08579524}, "arr_time": 1676289128, "arr_date_time": "2023-02-13T06:52:08-05:00", "end_time": 1676289428, "end_date_time": "2023-02-13T06:57:08-05:00", "waiting_time": 0, "distance": 1385, "driving_time": 1328, "preparation_time": 0, "load_before": [0], "load_after": [0]}, {"type": "service", "id": "1800170000_13", "location_id": "1800170000", "address": {"location_id": "1800170000", "lat": 42.27652802, "lon": -71.08632457}, "arr_time": 1676289503, "arr_date_time": "2023-02-13T06:58:23-05:00", "end_time": 1676289803, "end_date_time": "2023-02-13T07:03:23-05:00", "waiting_time": 0, "distance": 1463, "driving_time": 1403, "preparation_time": 0, "load_before": [0], "load_after": [0]}, {"type": "service", "id": "1800167000_12", "location_id": "1800167000", "address": {"location_id": "1800167000", "lat": 42.27619826, "lon": -71.08662426}, "arr_time": 1676289845, "arr_date_time": "2023-02-13T07:04:05-05:00", "end_time": 1676290145, "end_date_time": "2023-02-13T07:09:05-05:00", "waiting_time": 0, "distance": 1507, "driving_time": 1445, "preparation_time": 0, "load_before": [0], "load_after": [0]}, {"type": "service", "id": "1800165000_11", "location_id": "1800165000", "address": {"location_id": "1800165000", "lat": 42.27597237, "lon": -71.08682923}, "arr_time": 1676290175, "arr_date_time": "2023-02-13T07:09:35-05:00", "end_time": 1676290475, "end_date_time": "2023-02-13T07:14:35-05:00", "waiting_time": 0, "distance": 1537, "driving_time": 1475, "preparation_time": 0, "load_before": [0], "load_after": [0]}, {"type": "service", "id": "1800164000_10", "location_id": "1800164000", "address": {"location_id": "1800164000", "lat": 42.27574017, "lon": -71.08692649}, "arr_time": 1676290499, "arr_date_time": "2023-02-13T07:14:59-05:00", "end_time": 1676290799, "end_date_time": "2023-02-13T07:19:59-05:00", "waiting_time": 0, "distance": 1563, "driving_time": 1499, "preparation_time": 0, "load_before": [0], "load_after": [0]}, {"type": "service", "id": "1800161000_09", "location_id": "1800161000", "address": {"location_id": "1800161000", "lat": 42.27546395, "lon": -71.08730085}, "arr_time": 1676290840, "arr_date_time": "2023-02-13T07:20:40-05:00", "end_time": 1676291140, "end_date_time": "2023-02-13T07:25:40-05:00", "waiting_time": 0, "distance": 1606, "driving_time": 1540, "preparation_time": 0, "load_before": [0], "load_after": [0]}, {"type": "service", "id": "1800160000_08", "location_id": "1800160000", "address": {"location_id": "1800160000", "lat": 42.27534582, "lon": -71.08740925}, "arr_time": 1676291155, "arr_date_time": "2023-02-13T07:25:55-05:00", "end_time": 1676291455, "end_date_time": "2023-02-13T07:30:55-05:00", "waiting_time": 0, "distance": 1622, "driving_time": 1555, "preparation_time": 0, "load_before": [0], "load_after": [0]}, {"type": "service", "id": "1800159000_07", "location_id": "1800159000", "address": {"location_id": "1800159000", "lat": 42.275232, "lon": -71.087513}, "arr_time": 1676291469, "arr_date_time": "2023-02-13T07:31:09-05:00", "end_time": 1676291769, "end_date_time": "2023-02-13T07:36:09-05:00", "waiting_time": 0, "distance": 1637, "driving_time": 1569, "preparation_time": 0, "load_before": [0], "load_after": [0]}, {"type": "service", "id": "1800158000_06", "location_id": "1800158000", "address": {"location_id": "1800158000", "lat": 42.27512631, "lon": -71.08760942}, "arr_time": 1676291783, "arr_date_time": "2023-02-13T07:36:23-05:00", "end_time": 1676292083, "end_date_time": "2023-02-13T07:41:23-05:00", "waiting_time": 0, "distance": 1651, "driving_time": 1583, "preparation_time": 0, "load_before": [0], "load_after": [0]}, {"type": "service", "id": "1800151000_05", "location_id": "1800151000", "address": {"location_id": "1800151000", "lat": 42.27441507, "lon": -71.08826702}, "arr_time": 1676292175, "arr_date_time": "2023-02-13T07:42:55-05:00", "end_time": 1676292475, "end_date_time": "2023-02-13T07:47:55-05:00", "waiting_time": 0, "distance": 1747, "driving_time": 1675, "preparation_time": 0, "load_before": [0], "load_after": [0]}, {"type": "service", "id": "1800148000_04", "location_id": "1800148000", "address": {"location_id": "1800148000", "lat": 42.27411349, "lon": -71.08854628}, "arr_time": 1676292513, "arr_date_time": "2023-02-13T07:48:33-05:00", "end_time": 1676292813, "end_date_time": "2023-02-13T07:53:33-05:00", "waiting_time": 0, "distance": 1787, "driving_time": 1713, "preparation_time": 0, "load_before": [0], "load_after": [0]}, {"type": "service", "id": "1800146000_03", "location_id": "1800146000", "address": {"location_id": "1800146000", "lat": 42.27391213, "lon": -71.08873105}, "arr_time": 1676292839, "arr_date_time": "2023-02-13T07:53:59-05:00", "end_time": 1676293139, "end_date_time": "2023-02-13T07:58:59-05:00", "waiting_time": 0, "distance": 1814, "driving_time": 1739, "preparation_time": 0, "load_before": [0], "load_after": [0]}, {"type": "service", "id": "1800145000_02", "location_id": "1800145000", "address": {"location_id": "1800145000", "lat": 42.27380464, "lon": -71.08883009}, "arr_time": 1676293152, "arr_date_time": "2023-02-13T07:59:12-05:00", "end_time": 1676293452, "end_date_time": "2023-02-13T08:04:12-05:00", "waiting_time": 0, "distance": 1828, "driving_time": 1752, "preparation_time": 0, "load_before": [0], "load_after": [0]}, {"type": "service", "id": "1800144000_01", "location_id": "1800144000", "address": {"location_id": "1800144000", "lat": 42.27369756, "lon": -71.08892897}, "arr_time": 1676293465, "arr_date_time": "2023-02-13T08:04:25-05:00", "end_time": 1676293765, "end_date_time": "2023-02-13T08:09:25-05:00", "waiting_time": 0, "distance": 1842, "driving_time": 1765, "preparation_time": 0, "load_before": [0], "load_after": [0]}]}], "unassigned": {"services": [], "shipments": [], "breaks": [], "details": []}}}