{"copyrights": ["GraphHopper", "OpenStreetMap contributors"], "job_id": "36f9d50c-ab53-45d8-ad28-8fccfdbf894a", "status": "finished", "waiting_time_in_queue": 0, "processing_time": 111, "solution": {"costs": 306, "distance": 2148, "time": 2061, "transport_time": 2061, "completion_time": 13161, "max_operation_time": 13161, "waiting_time": 0, "service_duration": 11100, "preparation_time": 0, "no_vehicles": 1, "no_unassigned": 0, "routes": [{"vehicle_id": "my_vehicle", "shift_id": "default-shift", "distance": 2148, "transport_time": 2061, "completion_time": 13161, "waiting_time": 0, "service_duration": 11100, "preparation_time": 0, "activities": [{"type": "start", "location_id": "1101212000", "address": {"location_id": "1101212000", "lat": 42.31864273, "lon": -71.10155642}, "arr_time": 1676278800, "arr_date_time": "2023-02-13T04:00:00-05:00", "end_time": 1676278800, "end_date_time": "2023-02-13T04:00:00-05:00", "waiting_time": 0, "distance": 0, "driving_time": 0, "preparation_time": 0, "load_after": [0]}, {"type": "service", "id": "1101045000_22", "location_id": "1101045000", "address": {"location_id": "1101045000", "lat": 42.31843417, "lon": -71.10102312}, "arr_time": 1676278868, "arr_date_time": "2023-02-13T04:01:08-05:00", "end_time": 1676279168, "end_date_time": "2023-02-13T04:06:08-05:00", "waiting_time": 0, "distance": 71, "driving_time": 68, "preparation_time": 0, "load_before": [0], "load_after": [0]}, {"type": "service", "id": "1101044000_21", "location_id": "1101044000", "address": {"location_id": "1101044000", "lat": 42.31828985, "lon": -71.10096011}, "arr_time": 1676279195, "arr_date_time": "2023-02-13T04:06:35-05:00", "end_time": 1676279495, "end_date_time": "2023-02-13T04:11:35-05:00", "waiting_time": 0, "distance": 99, "driving_time": 95, "preparation_time": 0, "load_before": [0], "load_after": [0]}, {"type": "service", "id": "1101040000_20", "location_id": "1101040000", "address": {"location_id": "1101040000", "lat": 42.31788339, "lon": -71.1004944}, "arr_time": 1676279552, "arr_date_time": "2023-02-13T04:12:32-05:00", "end_time": 1676279852, "end_date_time": "2023-02-13T04:17:32-05:00", "waiting_time": 0, "distance": 158, "driving_time": 152, "preparation_time": 0, "load_before": [0], "load_after": [0]}, {"type": "service", "id": "1101039000_19", "location_id": "1101039000", "address": {"location_id": "1101039000", "lat": 42.31777598, "lon": -71.10037259}, "arr_time": 1676279867, "arr_date_time": "2023-02-13T04:17:47-05:00", "end_time": 1676280167, "end_date_time": "2023-02-13T04:22:47-05:00", "waiting_time": 0, "distance": 174, "driving_time": 167, "preparation_time": 0, "load_before": [0], "load_after": [0]}, {"type": "service", "id": "1101036000_18", "location_id": "1101036000", "address": {"location_id": "1101036000", "lat": 42.31733174, "lon": -71.10007513}, "arr_time": 1676280219, "arr_date_time": "2023-02-13T04:23:39-05:00", "end_time": 1676280519, "end_date_time": "2023-02-13T04:28:39-05:00", "waiting_time": 0, "distance": 228, "driving_time": 219, "preparation_time": 0, "load_before": [0], "load_after": [0]}, {"type": "service", "id": "1101035000_17", "location_id": "1101035000", "address": {"location_id": "1101035000", "lat": 42.31741063, "lon": -71.09993963}, "arr_time": 1676280556, "arr_date_time": "2023-02-13T04:29:16-05:00", "end_time": 1676280856, "end_date_time": "2023-02-13T04:34:16-05:00", "waiting_time": 0, "distance": 266, "driving_time": 256, "preparation_time": 0, "load_before": [0], "load_after": [0]}, {"type": "service", "id": "1101033010_16", "location_id": "1101033010", "address": {"location_id": "1101033010", "lat": 42.31735922, "lon": -71.09967246}, "arr_time": 1676280863, "arr_date_time": "2023-02-13T04:34:23-05:00", "end_time": 1676281163, "end_date_time": "2023-02-13T04:39:23-05:00", "waiting_time": 0, "distance": 273, "driving_time": 263, "preparation_time": 0, "load_before": [0], "load_after": [0]}, {"type": "service", "id": "1101030000_15", "location_id": "1101030000", "address": {"location_id": "1101030000", "lat": 42.31686805, "lon": -71.0996271}, "arr_time": 1676281235, "arr_date_time": "2023-02-13T04:40:35-05:00", "end_time": 1676281535, "end_date_time": "2023-02-13T04:45:35-05:00", "waiting_time": 0, "distance": 348, "driving_time": 335, "preparation_time": 0, "load_before": [0], "load_after": [0]}, {"type": "service", "id": "1101029000_14", "location_id": "1101029000", "address": {"location_id": "1101029000", "lat": 42.31692551, "lon": -71.09952898}, "arr_time": 1676281565, "arr_date_time": "2023-02-13T04:46:05-05:00", "end_time": 1676281865, "end_date_time": "2023-02-13T04:51:05-05:00", "waiting_time": 0, "distance": 379, "driving_time": 365, "preparation_time": 0, "load_before": [0], "load_after": [0]}, {"type": "service", "id": "1101025000_13", "location_id": "1101025000", "address": {"location_id": "1101025000", "lat": 42.31688223, "lon": -71.09906118}, "arr_time": 1676281928, "arr_date_time": "2023-02-13T04:52:08-05:00", "end_time": 1676282228, "end_date_time": "2023-02-13T04:57:08-05:00", "waiting_time": 0, "distance": 444, "driving_time": 428, "preparation_time": 0, "load_before": [0], "load_after": [0]}, {"type": "service", "id": "1101063000_28", "location_id": "1101063000", "address": {"location_id": "1101063000", "lat": 42.31712204, "lon": -71.0990119}, "arr_time": 1676282245, "arr_date_time": "2023-02-13T04:57:25-05:00", "end_time": 1676282545, "end_date_time": "2023-02-13T05:02:25-05:00", "waiting_time": 0, "distance": 462, "driving_time": 445, "preparation_time": 0, "load_before": [0], "load_after": [0]}, {"type": "service", "id": "1101021000_12", "location_id": "1101021000", "address": {"location_id": "1101021000", "lat": 42.31660374, "lon": -71.09923463}, "arr_time": 1676282629, "arr_date_time": "2023-02-13T05:03:49-05:00", "end_time": 1676282929, "end_date_time": "2023-02-13T05:08:49-05:00", "waiting_time": 0, "distance": 549, "driving_time": 529, "preparation_time": 0, "load_before": [0], "load_after": [0]}, {"type": "service", "id": "1101020000_11", "location_id": "1101020000", "address": {"location_id": "1101020000", "lat": 42.316536, "lon": -71.09915175}, "arr_time": 1676282939, "arr_date_time": "2023-02-13T05:08:59-05:00", "end_time": 1676283239, "end_date_time": "2023-02-13T05:13:59-05:00", "waiting_time": 0, "distance": 559, "driving_time": 539, "preparation_time": 0, "load_before": [0], "load_after": [0]}, {"type": "service", "id": "1101019000_10", "location_id": "1101019000", "address": {"location_id": "1101019000", "lat": 42.31645685, "lon": -71.09905282}, "arr_time": 1676283251, "arr_date_time": "2023-02-13T05:14:11-05:00", "end_time": 1676283551, "end_date_time": "2023-02-13T05:19:11-05:00", "waiting_time": 0, "distance": 571, "driving_time": 551, "preparation_time": 0, "load_before": [0], "load_after": [0]}, {"type": "service", "id": "1101018000_09", "location_id": "1101018000", "address": {"location_id": "1101018000", "lat": 42.31636626, "lon": -71.09894227}, "arr_time": 1676283564, "arr_date_time": "2023-02-13T05:19:24-05:00", "end_time": 1676283864, "end_date_time": "2023-02-13T05:24:24-05:00", "waiting_time": 0, "distance": 585, "driving_time": 564, "preparation_time": 0, "load_before": [0], "load_after": [0]}, {"type": "service", "id": "1101016000_08", "location_id": "1101016000", "address": {"location_id": "1101016000", "lat": 42.31619464, "lon": -71.0987355}, "arr_time": 1676283888, "arr_date_time": "2023-02-13T05:24:48-05:00", "end_time": 1676284188, "end_date_time": "2023-02-13T05:29:48-05:00", "waiting_time": 0, "distance": 611, "driving_time": 588, "preparation_time": 0, "load_before": [0], "load_after": [0]}, {"type": "service", "id": "1101067000_29", "location_id": "1101067000", "address": {"location_id": "1101067000", "lat": 42.31687761, "lon": -71.09864243}, "arr_time": 1676284369, "arr_date_time": "2023-02-13T05:32:49-05:00", "end_time": 1676284669, "end_date_time": "2023-02-13T05:37:49-05:00", "waiting_time": 0, "distance": 801, "driving_time": 769, "preparation_time": 0, "load_before": [0], "load_after": [0]}, {"type": "service", "id": "1101062000_27", "location_id": "1101062000", "address": {"location_id": "1101062000", "lat": 42.31721345, "lon": -71.0991271}, "arr_time": 1676284721, "arr_date_time": "2023-02-13T05:38:41-05:00", "end_time": 1676285021, "end_date_time": "2023-02-13T05:43:41-05:00", "waiting_time": 0, "distance": 856, "driving_time": 821, "preparation_time": 0, "load_before": [0], "load_after": [0]}, {"type": "service", "id": "1101061000_26", "location_id": "1101061000", "address": {"location_id": "1101061000", "lat": 42.31729279, "lon": -71.09923509}, "arr_time": 1676285033, "arr_date_time": "2023-02-13T05:43:53-05:00", "end_time": 1676285333, "end_date_time": "2023-02-13T05:48:53-05:00", "waiting_time": 0, "distance": 869, "driving_time": 833, "preparation_time": 0, "load_before": [0], "load_after": [0]}, {"type": "service", "id": "1101058000_25", "location_id": "1101058000", "address": {"location_id": "1101058000", "lat": 42.31750897, "lon": -71.09952221}, "arr_time": 1676285365, "arr_date_time": "2023-02-13T05:49:25-05:00", "end_time": 1676285665, "end_date_time": "2023-02-13T05:54:25-05:00", "waiting_time": 0, "distance": 903, "driving_time": 865, "preparation_time": 0, "load_before": [0], "load_after": [0]}, {"type": "service", "id": "1101055000_24", "location_id": "1101055000", "address": {"location_id": "1101055000", "lat": 42.31776464, "lon": -71.09984927}, "arr_time": 1676285703, "arr_date_time": "2023-02-13T05:55:03-05:00", "end_time": 1676286003, "end_date_time": "2023-02-13T06:00:03-05:00", "waiting_time": 0, "distance": 942, "driving_time": 903, "preparation_time": 0, "load_before": [0], "load_after": [0]}, {"type": "service", "id": "1101050000_23", "location_id": "1101050000", "address": {"location_id": "1101050000", "lat": 42.31822476, "lon": -71.10043971}, "arr_time": 1676286071, "arr_date_time": "2023-02-13T06:01:11-05:00", "end_time": 1676286371, "end_date_time": "2023-02-13T06:06:11-05:00", "waiting_time": 0, "distance": 1013, "driving_time": 971, "preparation_time": 0, "load_before": [0], "load_after": [0]}, {"type": "service", "id": "1101103000_37", "location_id": "1101103000", "address": {"location_id": "1101103000", "lat": 42.31818263, "lon": -71.09970722}, "arr_time": 1676286463, "arr_date_time": "2023-02-13T06:07:43-05:00", "end_time": 1676286763, "end_date_time": "2023-02-13T06:12:43-05:00", "waiting_time": 0, "distance": 1109, "driving_time": 1063, "preparation_time": 0, "load_before": [0], "load_after": [0]}, {"type": "service", "id": "1101092000_36", "location_id": "1101092000", "address": {"location_id": "1101092000", "lat": 42.3178407, "lon": -71.0992846}, "arr_time": 1676286816, "arr_date_time": "2023-02-13T06:13:36-05:00", "end_time": 1676287116, "end_date_time": "2023-02-13T06:18:36-05:00", "waiting_time": 0, "distance": 1164, "driving_time": 1116, "preparation_time": 0, "load_before": [0], "load_after": [0]}, {"type": "service", "id": "1101091000_35", "location_id": "1101091000", "address": {"location_id": "1101091000", "lat": 42.31774772, "lon": -71.09917238}, "arr_time": 1676287149, "arr_date_time": "2023-02-13T06:19:09-05:00", "end_time": 1676287449, "end_date_time": "2023-02-13T06:24:09-05:00", "waiting_time": 0, "distance": 1199, "driving_time": 1149, "preparation_time": 0, "load_before": [0], "load_after": [0]}, {"type": "service", "id": "1101090000_34", "location_id": "1101090000", "address": {"location_id": "1101090000", "lat": 42.31762825, "lon": -71.09882205}, "arr_time": 1676287580, "arr_date_time": "2023-02-13T06:26:20-05:00", "end_time": 1676287880, "end_date_time": "2023-02-13T06:31:20-05:00", "waiting_time": 0, "distance": 1336, "driving_time": 1280, "preparation_time": 0, "load_before": [0], "load_after": [0]}, {"type": "service", "id": "1101089000_33", "location_id": "1101089000", "address": {"location_id": "1101089000", "lat": 42.3176071, "lon": -71.09891068}, "arr_time": 1676287887, "arr_date_time": "2023-02-13T06:31:27-05:00", "end_time": 1676288187, "end_date_time": "2023-02-13T06:36:27-05:00", "waiting_time": 0, "distance": 1343, "driving_time": 1287, "preparation_time": 0, "load_before": [0], "load_after": [0]}, {"type": "service", "id": "1101088000_32", "location_id": "1101088000", "address": {"location_id": "1101088000", "lat": 42.31755852, "lon": -71.09902959}, "arr_time": 1676288197, "arr_date_time": "2023-02-13T06:36:37-05:00", "end_time": 1676288497, "end_date_time": "2023-02-13T06:41:37-05:00", "waiting_time": 0, "distance": 1354, "driving_time": 1297, "preparation_time": 0, "load_before": [0], "load_after": [0]}, {"type": "service", "id": "1101083000_30", "location_id": "1101083000", "address": {"location_id": "1101083000", "lat": 42.31726539, "lon": -71.09870277}, "arr_time": 1676288559, "arr_date_time": "2023-02-13T06:42:39-05:00", "end_time": 1676288859, "end_date_time": "2023-02-13T06:47:39-05:00", "waiting_time": 0, "distance": 1418, "driving_time": 1359, "preparation_time": 0, "load_before": [0], "load_after": [0]}, {"type": "service", "id": "1101084000_31", "location_id": "1101084000", "address": {"location_id": "1101084000", "lat": 42.31742988, "lon": -71.09866426}, "arr_time": 1676288965, "arr_date_time": "2023-02-13T06:49:25-05:00", "end_time": 1676289265, "end_date_time": "2023-02-13T06:54:25-05:00", "waiting_time": 0, "distance": 1529, "driving_time": 1465, "preparation_time": 0, "load_before": [0], "load_after": [0]}, {"type": "service", "id": "1101007000_07", "location_id": "1101007000", "address": {"location_id": "1101007000", "lat": 42.31703372, "lon": -71.09801418}, "arr_time": 1676289319, "arr_date_time": "2023-02-13T06:55:19-05:00", "end_time": 1676289619, "end_date_time": "2023-02-13T07:00:19-05:00", "waiting_time": 0, "distance": 1584, "driving_time": 1519, "preparation_time": 0, "load_before": [0], "load_after": [0]}, {"type": "service", "id": "1100981000_04", "location_id": "1100981000", "address": {"location_id": "1100981000", "lat": 42.31832044, "lon": -71.09660372}, "arr_time": 1676289921, "arr_date_time": "2023-02-13T07:05:21-05:00", "end_time": 1676290221, "end_date_time": "2023-02-13T07:10:21-05:00", "waiting_time": 0, "distance": 1899, "driving_time": 1821, "preparation_time": 0, "load_before": [0], "load_after": [0]}, {"type": "service", "id": "1100975000_03", "location_id": "1100975000", "address": {"location_id": "1100975000", "lat": 42.31783247, "lon": -71.09714182}, "arr_time": 1676290349, "arr_date_time": "2023-02-13T07:12:29-05:00", "end_time": 1676290649, "end_date_time": "2023-02-13T07:17:29-05:00", "waiting_time": 0, "distance": 2033, "driving_time": 1949, "preparation_time": 0, "load_before": [0], "load_after": [0]}, {"type": "service", "id": "1100943000_02", "location_id": "1100943000", "address": {"location_id": "1100943000", "lat": 42.31806405, "lon": -71.09734352}, "arr_time": 1676290660, "arr_date_time": "2023-02-13T07:17:40-05:00", "end_time": 1676290960, "end_date_time": "2023-02-13T07:22:40-05:00", "waiting_time": 0, "distance": 2044, "driving_time": 1960, "preparation_time": 0, "load_before": [0], "load_after": [0]}, {"type": "service", "id": "1100938000_01", "location_id": "1100938000", "address": {"location_id": "1100938000", "lat": 42.31842686, "lon": -71.09702227}, "arr_time": 1676291007, "arr_date_time": "2023-02-13T07:23:27-05:00", "end_time": 1676291307, "end_date_time": "2023-02-13T07:28:27-05:00", "waiting_time": 0, "distance": 2092, "driving_time": 2007, "preparation_time": 0, "load_before": [0], "load_after": [0]}, {"type": "service", "id": "1100982000_05", "location_id": "1100982000", "address": {"location_id": "1100982000", "lat": 42.31840068, "lon": -71.09652173}, "arr_time": 1676291328, "arr_date_time": "2023-02-13T07:28:48-05:00", "end_time": 1676291628, "end_date_time": "2023-02-13T07:33:48-05:00", "waiting_time": 0, "distance": 2114, "driving_time": 2028, "preparation_time": 0, "load_before": [0], "load_after": [0]}, {"type": "service", "id": "1100983010_06", "location_id": "1100983010", "address": {"location_id": "1100983010", "lat": 42.31848409, "lon": -71.09643724}, "arr_time": 1676291661, "arr_date_time": "2023-02-13T07:34:21-05:00", "end_time": 1676291961, "end_date_time": "2023-02-13T07:39:21-05:00", "waiting_time": 0, "distance": 2148, "driving_time": 2061, "preparation_time": 0, "load_before": [0], "load_after": [0]}]}], "unassigned": {"services": [], "shipments": [], "breaks": [], "details": []}}}