{"copyrights": ["GraphHopper", "OpenStreetMap contributors"], "job_id": "bb096e70-c823-4ddd-a858-caa30ce33e8e", "status": "finished", "waiting_time_in_queue": 0, "processing_time": 126, "solution": {"costs": 310, "distance": 2107, "time": 2023, "transport_time": 2023, "completion_time": 13723, "max_operation_time": 13723, "waiting_time": 0, "service_duration": 11700, "preparation_time": 0, "no_vehicles": 1, "no_unassigned": 0, "routes": [{"vehicle_id": "my_vehicle", "shift_id": "default-shift", "distance": 2107, "transport_time": 2023, "completion_time": 13723, "waiting_time": 0, "service_duration": 11700, "preparation_time": 0, "activities": [{"type": "start", "location_id": "1700836000", "address": {"location_id": "1700836000", "lat": 42.29430308, "lon": -71.06737511}, "arr_time": 1676278800, "arr_date_time": "2023-02-13T04:00:00-05:00", "end_time": 1676278800, "end_date_time": "2023-02-13T04:00:00-05:00", "waiting_time": 0, "distance": 0, "driving_time": 0, "preparation_time": 0, "load_after": [0]}, {"type": "service", "id": "1700881000_30", "location_id": "1700881000", "address": {"location_id": "1700881000", "lat": 42.2939266, "lon": -71.06719971}, "arr_time": 1676278843, "arr_date_time": "2023-02-13T04:00:43-05:00", "end_time": 1676279143, "end_date_time": "2023-02-13T04:05:43-05:00", "waiting_time": 0, "distance": 44, "driving_time": 43, "preparation_time": 0, "load_before": [0], "load_after": [0]}, {"type": "service", "id": "1700805010_22", "location_id": "1700805010", "address": {"location_id": "1700805010", "lat": 42.29351097, "lon": -71.06709027}, "arr_time": 1676279189, "arr_date_time": "2023-02-13T04:06:29-05:00", "end_time": 1676279489, "end_date_time": "2023-02-13T04:11:29-05:00", "waiting_time": 0, "distance": 93, "driving_time": 89, "preparation_time": 0, "load_before": [0], "load_after": [0]}, {"type": "service", "id": "1700880000_29", "location_id": "1700880000", "address": {"location_id": "1700880000", "lat": 42.29378925, "lon": -71.06715701}, "arr_time": 1676279495, "arr_date_time": "2023-02-13T04:11:35-05:00", "end_time": 1676279795, "end_date_time": "2023-02-13T04:16:35-05:00", "waiting_time": 0, "distance": 99, "driving_time": 95, "preparation_time": 0, "load_before": [0], "load_after": [0]}, {"type": "service", "id": "1700879000_28", "location_id": "1700879000", "address": {"location_id": "1700879000", "lat": 42.29396482, "lon": -71.06693889}, "arr_time": 1676279817, "arr_date_time": "2023-02-13T04:16:57-05:00", "end_time": 1676280117, "end_date_time": "2023-02-13T04:21:57-05:00", "waiting_time": 0, "distance": 123, "driving_time": 117, "preparation_time": 0, "load_before": [0], "load_after": [0]}, {"type": "service", "id": "1700806000_23", "location_id": "1700806000", "address": {"location_id": "1700806000", "lat": 42.29362763, "lon": -71.06653426}, "arr_time": 1676280144, "arr_date_time": "2023-02-13T04:22:24-05:00", "end_time": 1676280444, "end_date_time": "2023-02-13T04:27:24-05:00", "waiting_time": 0, "distance": 151, "driving_time": 144, "preparation_time": 0, "load_before": [0], "load_after": [0]}, {"type": "service", "id": "1700807000_24", "location_id": "1700807000", "address": {"location_id": "1700807000", "lat": 42.29367934, "lon": -71.06634808}, "arr_time": 1676280487, "arr_date_time": "2023-02-13T04:28:07-05:00", "end_time": 1676280787, "end_date_time": "2023-02-13T04:33:07-05:00", "waiting_time": 0, "distance": 196, "driving_time": 187, "preparation_time": 0, "load_before": [0], "load_after": [0]}, {"type": "service", "id": "1700923000_39", "location_id": "1700923000", "address": {"location_id": "1700923000", "lat": 42.29318894, "lon": -71.06798724}, "arr_time": 1676280927, "arr_date_time": "2023-02-13T04:35:27-05:00", "end_time": 1676281227, "end_date_time": "2023-02-13T04:40:27-05:00", "waiting_time": 0, "distance": 342, "driving_time": 327, "preparation_time": 0, "load_before": [0], "load_after": [0]}, {"type": "service", "id": "1700918000_37", "location_id": "1700918000", "address": {"location_id": "1700918000", "lat": 42.29296081, "lon": -71.06873991}, "arr_time": 1676281291, "arr_date_time": "2023-02-13T04:41:31-05:00", "end_time": 1676281591, "end_date_time": "2023-02-13T04:46:31-05:00", "waiting_time": 0, "distance": 409, "driving_time": 391, "preparation_time": 0, "load_before": [0], "load_after": [0]}, {"type": "service", "id": "1700914000_36", "location_id": "1700914000", "address": {"location_id": "1700914000", "lat": 42.29271064, "lon": -71.06956931}, "arr_time": 1676281661, "arr_date_time": "2023-02-13T04:47:41-05:00", "end_time": 1676281961, "end_date_time": "2023-02-13T04:52:41-05:00", "waiting_time": 0, "distance": 483, "driving_time": 461, "preparation_time": 0, "load_before": [0], "load_after": [0]}, {"type": "service", "id": "1700912000_35", "location_id": "1700912000", "address": {"location_id": "1700912000", "lat": 42.29257116, "lon": -71.07002982}, "arr_time": 1676282000, "arr_date_time": "2023-02-13T04:53:20-05:00", "end_time": 1676282300, "end_date_time": "2023-02-13T04:58:20-05:00", "waiting_time": 0, "distance": 524, "driving_time": 500, "preparation_time": 0, "load_before": [0], "load_after": [0]}, {"type": "service", "id": "1700920000_38", "location_id": "1700920000", "address": {"location_id": "1700920000", "lat": 42.29307211, "lon": -71.06837241}, "arr_time": 1676282441, "arr_date_time": "2023-02-13T05:00:41-05:00", "end_time": 1676282741, "end_date_time": "2023-02-13T05:05:41-05:00", "waiting_time": 0, "distance": 671, "driving_time": 641, "preparation_time": 0, "load_before": [0], "load_after": [0]}, {"type": "service", "id": "1700805005_21", "location_id": "1700805005", "address": {"location_id": "1700805005", "lat": 42.29339949, "lon": -71.06702515}, "arr_time": 1676282864, "arr_date_time": "2023-02-13T05:07:44-05:00", "end_time": 1676283164, "end_date_time": "2023-02-13T05:12:44-05:00", "waiting_time": 0, "distance": 799, "driving_time": 764, "preparation_time": 0, "load_before": [0], "load_after": [0]}, {"type": "service", "id": "1700769000_16", "location_id": "1700769000", "address": {"location_id": "1700769000", "lat": 42.29262338, "lon": -71.06755085}, "arr_time": 1676283255, "arr_date_time": "2023-02-13T05:14:15-05:00", "end_time": 1676283555, "end_date_time": "2023-02-13T05:19:15-05:00", "waiting_time": 0, "distance": 893, "driving_time": 855, "preparation_time": 0, "load_before": [0], "load_after": [0]}, {"type": "service", "id": "1700889000_31", "location_id": "1700889000", "address": {"location_id": "1700889000", "lat": 42.29273217, "lon": -71.06851772}, "arr_time": 1676283621, "arr_date_time": "2023-02-13T05:20:21-05:00", "end_time": 1676283921, "end_date_time": "2023-02-13T05:25:21-05:00", "waiting_time": 0, "distance": 962, "driving_time": 921, "preparation_time": 0, "load_before": [0], "load_after": [0]}, {"type": "service", "id": "1700764000_15", "location_id": "1700764000", "address": {"location_id": "1700764000", "lat": 42.29234932, "lon": -71.06838052}, "arr_time": 1676283927, "arr_date_time": "2023-02-13T05:25:27-05:00", "end_time": 1676284227, "end_date_time": "2023-02-13T05:30:27-05:00", "waiting_time": 0, "distance": 968, "driving_time": 927, "preparation_time": 0, "load_before": [0], "load_after": [0]}, {"type": "service", "id": "1700762000_14", "location_id": "1700762000", "address": {"location_id": "1700762000", "lat": 42.2922521, "lon": -71.06880503}, "arr_time": 1676284261, "arr_date_time": "2023-02-13T05:31:01-05:00", "end_time": 1676284561, "end_date_time": "2023-02-13T05:36:01-05:00", "waiting_time": 0, "distance": 1004, "driving_time": 961, "preparation_time": 0, "load_before": [0], "load_after": [0]}, {"type": "service", "id": "1700892000_32", "location_id": "1700892000", "address": {"location_id": "1700892000", "lat": 42.29253889, "lon": -71.06915952}, "arr_time": 1676284576, "arr_date_time": "2023-02-13T05:36:16-05:00", "end_time": 1676284876, "end_date_time": "2023-02-13T05:41:16-05:00", "waiting_time": 0, "distance": 1019, "driving_time": 976, "preparation_time": 0, "load_before": [0], "load_after": [0]}, {"type": "service", "id": "1700761000_13", "location_id": "1700761000", "address": {"location_id": "1700761000", "lat": 42.29221578, "lon": -71.06906283}, "arr_time": 1676284883, "arr_date_time": "2023-02-13T05:41:23-05:00", "end_time": 1676285183, "end_date_time": "2023-02-13T05:46:23-05:00", "waiting_time": 0, "distance": 1025, "driving_time": 983, "preparation_time": 0, "load_before": [0], "load_after": [0]}, {"type": "service", "id": "1700896000_33", "location_id": "1700896000", "address": {"location_id": "1700896000", "lat": 42.29229126, "lon": -71.06998117}, "arr_time": 1676285247, "arr_date_time": "2023-02-13T05:47:27-05:00", "end_time": 1676285547, "end_date_time": "2023-02-13T05:52:27-05:00", "waiting_time": 0, "distance": 1092, "driving_time": 1047, "preparation_time": 0, "load_before": [0], "load_after": [0]}, {"type": "service", "id": "1700898000_34", "location_id": "1700898000", "address": {"location_id": "1700898000", "lat": 42.29216901, "lon": -71.07038889}, "arr_time": 1676285581, "arr_date_time": "2023-02-13T05:53:01-05:00", "end_time": 1676285881, "end_date_time": "2023-02-13T05:58:01-05:00", "waiting_time": 0, "distance": 1128, "driving_time": 1081, "preparation_time": 0, "load_before": [0], "load_after": [0]}, {"type": "service", "id": "1700725000_03", "location_id": "1700725000", "address": {"location_id": "1700725000", "lat": 42.29204537, "lon": -71.06938499}, "arr_time": 1676285987, "arr_date_time": "2023-02-13T05:59:47-05:00", "end_time": 1676286287, "end_date_time": "2023-02-13T06:04:47-05:00", "waiting_time": 0, "distance": 1237, "driving_time": 1187, "preparation_time": 0, "load_before": [0], "load_after": [0]}, {"type": "service", "id": "1700759000_12", "location_id": "1700759000", "address": {"location_id": "1700759000", "lat": 42.29191674, "lon": -71.06892844}, "arr_time": 1676286313, "arr_date_time": "2023-02-13T06:05:13-05:00", "end_time": 1676286613, "end_date_time": "2023-02-13T06:10:13-05:00", "waiting_time": 0, "distance": 1264, "driving_time": 1213, "preparation_time": 0, "load_before": [0], "load_after": [0]}, {"type": "service", "id": "1700704000_01", "location_id": "1700704000", "address": {"location_id": "1700704000", "lat": 42.2913491, "lon": -71.06949406}, "arr_time": 1676286683, "arr_date_time": "2023-02-13T06:11:23-05:00", "end_time": 1676286983, "end_date_time": "2023-02-13T06:16:23-05:00", "waiting_time": 0, "distance": 1337, "driving_time": 1283, "preparation_time": 0, "load_before": [0], "load_after": [0]}, {"type": "service", "id": "1700729000_04", "location_id": "1700729000", "address": {"location_id": "1700729000", "lat": 42.2916473, "lon": -71.06981951}, "arr_time": 1676286993, "arr_date_time": "2023-02-13T06:16:33-05:00", "end_time": 1676287293, "end_date_time": "2023-02-13T06:21:33-05:00", "waiting_time": 0, "distance": 1348, "driving_time": 1293, "preparation_time": 0, "load_before": [0], "load_after": [0]}, {"type": "service", "id": "1700731000_05", "location_id": "1700731000", "address": {"location_id": "1700731000", "lat": 42.29153216, "lon": -71.07020477}, "arr_time": 1676287327, "arr_date_time": "2023-02-13T06:22:07-05:00", "end_time": 1676287627, "end_date_time": "2023-02-13T06:27:07-05:00", "waiting_time": 0, "distance": 1382, "driving_time": 1327, "preparation_time": 0, "load_before": [0], "load_after": [0]}, {"type": "service", "id": "1700779000_19", "location_id": "1700779000", "address": {"location_id": "1700779000", "lat": 42.29197381, "lon": -71.06874412}, "arr_time": 1676287751, "arr_date_time": "2023-02-13T06:29:11-05:00", "end_time": 1676288051, "end_date_time": "2023-02-13T06:34:11-05:00", "waiting_time": 0, "distance": 1512, "driving_time": 1451, "preparation_time": 0, "load_before": [0], "load_after": [0]}, {"type": "service", "id": "1700778000_18", "location_id": "1700778000", "address": {"location_id": "1700778000", "lat": 42.29203456, "lon": -71.06854663}, "arr_time": 1676288068, "arr_date_time": "2023-02-13T06:34:28-05:00", "end_time": 1676288368, "end_date_time": "2023-02-13T06:39:28-05:00", "waiting_time": 0, "distance": 1530, "driving_time": 1468, "preparation_time": 0, "load_before": [0], "load_after": [0]}, {"type": "service", "id": "1700744000_06", "location_id": "1700744000", "address": {"location_id": "1700744000", "lat": 42.29191621, "lon": -71.06769338}, "arr_time": 1676288425, "arr_date_time": "2023-02-13T06:40:25-05:00", "end_time": 1676288725, "end_date_time": "2023-02-13T06:45:25-05:00", "waiting_time": 0, "distance": 1590, "driving_time": 1525, "preparation_time": 0, "load_before": [0], "load_after": [0]}, {"type": "service", "id": "1700745000_07", "location_id": "1700745000", "address": {"location_id": "1700745000", "lat": 42.29196755, "lon": -71.06752966}, "arr_time": 1676288740, "arr_date_time": "2023-02-13T06:45:40-05:00", "end_time": 1676289040, "end_date_time": "2023-02-13T06:50:40-05:00", "waiting_time": 0, "distance": 1605, "driving_time": 1540, "preparation_time": 0, "load_before": [0], "load_after": [0]}, {"type": "service", "id": "1700771001_17", "location_id": "1700771001", "address": {"location_id": "1700771001", "lat": 42.29239158, "lon": -71.06727892}, "arr_time": 1676289076, "arr_date_time": "2023-02-13T06:51:16-05:00", "end_time": 1676289376, "end_date_time": "2023-02-13T06:56:16-05:00", "waiting_time": 0, "distance": 1642, "driving_time": 1576, "preparation_time": 0, "load_before": [0], "load_after": [0]}, {"type": "service", "id": "1700747000_08", "location_id": "1700747000", "address": {"location_id": "1700747000", "lat": 42.29223105, "lon": -71.06706526}, "arr_time": 1676289385, "arr_date_time": "2023-02-13T06:56:25-05:00", "end_time": 1676289685, "end_date_time": "2023-02-13T07:01:25-05:00", "waiting_time": 0, "distance": 1651, "driving_time": 1585, "preparation_time": 0, "load_before": [0], "load_after": [0]}, {"type": "service", "id": "1700802000_20", "location_id": "1700802000", "address": {"location_id": "1700802000", "lat": 42.292805, "lon": -71.06682179}, "arr_time": 1676289752, "arr_date_time": "2023-02-13T07:02:32-05:00", "end_time": 1676290052, "end_date_time": "2023-02-13T07:07:32-05:00", "waiting_time": 0, "distance": 1720, "driving_time": 1652, "preparation_time": 0, "load_before": [0], "load_after": [0]}, {"type": "service", "id": "1700834001_27", "location_id": "1700834001", "address": {"location_id": "1700834001", "lat": 42.29256471, "lon": -71.06650897}, "arr_time": 1676290068, "arr_date_time": "2023-02-13T07:07:48-05:00", "end_time": 1676290368, "end_date_time": "2023-02-13T07:12:48-05:00", "waiting_time": 0, "distance": 1737, "driving_time": 1668, "preparation_time": 0, "load_before": [0], "load_after": [0]}, {"type": "service", "id": "1700832000_26", "location_id": "1700832000", "address": {"location_id": "1700832000", "lat": 42.29220106, "lon": -71.06654319}, "arr_time": 1676290457, "arr_date_time": "2023-02-13T07:14:17-05:00", "end_time": 1676290757, "end_date_time": "2023-02-13T07:19:17-05:00", "waiting_time": 0, "distance": 1830, "driving_time": 1757, "preparation_time": 0, "load_before": [0], "load_after": [0]}, {"type": "service", "id": "1700831000_25", "location_id": "1700831000", "address": {"location_id": "1700831000", "lat": 42.29202825, "lon": -71.06657153}, "arr_time": 1676290775, "arr_date_time": "2023-02-13T07:19:35-05:00", "end_time": 1676291075, "end_date_time": "2023-02-13T07:24:35-05:00", "waiting_time": 0, "distance": 1848, "driving_time": 1775, "preparation_time": 0, "load_before": [0], "load_after": [0]}, {"type": "service", "id": "1700750000_09", "location_id": "1700750000", "address": {"location_id": "1700750000", "lat": 42.29177059, "lon": -71.06696101}, "arr_time": 1676291123, "arr_date_time": "2023-02-13T07:25:23-05:00", "end_time": 1676291423, "end_date_time": "2023-02-13T07:30:23-05:00", "waiting_time": 0, "distance": 1898, "driving_time": 1823, "preparation_time": 0, "load_before": [0], "load_after": [0]}, {"type": "service", "id": "1700751000_10", "location_id": "1700751000", "address": {"location_id": "1700751000", "lat": 42.29173295, "lon": -71.06719505}, "arr_time": 1676291441, "arr_date_time": "2023-02-13T07:30:41-05:00", "end_time": 1676291741, "end_date_time": "2023-02-13T07:35:41-05:00", "waiting_time": 0, "distance": 1917, "driving_time": 1841, "preparation_time": 0, "load_before": [0], "load_after": [0]}, {"type": "service", "id": "1700754000_11", "location_id": "1700754000", "address": {"location_id": "1700754000", "lat": 42.29161064, "lon": -71.06771949}, "arr_time": 1676291784, "arr_date_time": "2023-02-13T07:36:24-05:00", "end_time": 1676292084, "end_date_time": "2023-02-13T07:41:24-05:00", "waiting_time": 0, "distance": 1962, "driving_time": 1884, "preparation_time": 0, "load_before": [0], "load_after": [0]}, {"type": "service", "id": "1700710000_02", "location_id": "1700710000", "address": {"location_id": "1700710000", "lat": 42.2911015, "lon": -71.06934182}, "arr_time": 1676292223, "arr_date_time": "2023-02-13T07:43:43-05:00", "end_time": 1676292523, "end_date_time": "2023-02-13T07:48:43-05:00", "waiting_time": 0, "distance": 2107, "driving_time": 2023, "preparation_time": 0, "load_before": [0], "load_after": [0]}]}], "unassigned": {"services": [], "shipments": [], "breaks": [], "details": []}}}