{"copyrights": ["GraphHopper", "OpenStreetMap contributors"], "job_id": "ff8a0074-8336-4623-892e-e02a656ddf0c", "status": "finished", "waiting_time_in_queue": 0, "processing_time": 128, "solution": {"costs": 324, "distance": 1683, "time": 1619, "transport_time": 1619, "completion_time": 15419, "max_operation_time": 15419, "waiting_time": 0, "service_duration": 13800, "preparation_time": 0, "no_vehicles": 1, "no_unassigned": 0, "routes": [{"vehicle_id": "my_vehicle", "shift_id": "default-shift", "distance": 1683, "transport_time": 1619, "completion_time": 15419, "waiting_time": 0, "service_duration": 13800, "preparation_time": 0, "activities": [{"type": "start", "location_id": "1703801000", "address": {"location_id": "1703801000", "lat": 42.2736669, "lon": -71.07297934}, "arr_time": 1676278800, "arr_date_time": "2023-02-13T04:00:00-05:00", "end_time": 1676278800, "end_date_time": "2023-02-13T04:00:00-05:00", "waiting_time": 0, "distance": 0, "driving_time": 0, "preparation_time": 0, "load_after": [0]}, {"type": "service", "id": "1703764000_03", "location_id": "1703764000", "address": {"location_id": "1703764000", "lat": 42.27370167, "lon": -71.07251161}, "arr_time": 1676278840, "arr_date_time": "2023-02-13T04:00:40-05:00", "end_time": 1676279140, "end_date_time": "2023-02-13T04:05:40-05:00", "waiting_time": 0, "distance": 41, "driving_time": 40, "preparation_time": 0, "load_before": [0], "load_after": [0]}, {"type": "service", "id": "1703763000_02", "location_id": "1703763000", "address": {"location_id": "1703763000", "lat": 42.27335786, "lon": -71.07238062}, "arr_time": 1676279179, "arr_date_time": "2023-02-13T04:06:19-05:00", "end_time": 1676279479, "end_date_time": "2023-02-13T04:11:19-05:00", "waiting_time": 0, "distance": 81, "driving_time": 79, "preparation_time": 0, "load_before": [0], "load_after": [0]}, {"type": "service", "id": "1703762000_01", "location_id": "1703762000", "address": {"location_id": "1703762000", "lat": 42.27324259, "lon": -71.07229362}, "arr_time": 1676279492, "arr_date_time": "2023-02-13T04:11:32-05:00", "end_time": 1676279792, "end_date_time": "2023-02-13T04:16:32-05:00", "waiting_time": 0, "distance": 95, "driving_time": 92, "preparation_time": 0, "load_before": [0], "load_after": [0]}, {"type": "service", "id": "1703794000_11", "location_id": "1703794000", "address": {"location_id": "1703794000", "lat": 42.27257427, "lon": -71.0724705}, "arr_time": 1676279859, "arr_date_time": "2023-02-13T04:17:39-05:00", "end_time": 1676280159, "end_date_time": "2023-02-13T04:22:39-05:00", "waiting_time": 0, "distance": 165, "driving_time": 159, "preparation_time": 0, "load_before": [0], "load_after": [0]}, {"type": "service", "id": "1703793000_10", "location_id": "1703793000", "address": {"location_id": "1703793000", "lat": 42.27252621, "lon": -71.07270514}, "arr_time": 1676280177, "arr_date_time": "2023-02-13T04:22:57-05:00", "end_time": 1676280477, "end_date_time": "2023-02-13T04:27:57-05:00", "waiting_time": 0, "distance": 185, "driving_time": 177, "preparation_time": 0, "load_before": [0], "load_after": [0]}, {"type": "service", "id": "1703798000_12", "location_id": "1703798000", "address": {"location_id": "1703798000", "lat": 42.27272585, "lon": -71.07313584}, "arr_time": 1676280505, "arr_date_time": "2023-02-13T04:28:25-05:00", "end_time": 1676280805, "end_date_time": "2023-02-13T04:33:25-05:00", "waiting_time": 0, "distance": 214, "driving_time": 205, "preparation_time": 0, "load_before": [0], "load_after": [0]}, {"type": "service", "id": "1703791020_09", "location_id": "1703791020", "address": {"location_id": "1703791020", "lat": 42.27243529, "lon": -71.0730745}, "arr_time": 1676280808, "arr_date_time": "2023-02-13T04:33:28-05:00", "end_time": 1676281108, "end_date_time": "2023-02-13T04:38:28-05:00", "waiting_time": 0, "distance": 217, "driving_time": 208, "preparation_time": 0, "load_before": [0], "load_after": [0]}, {"type": "service", "id": "1703798001_13", "location_id": "1703798001", "address": {"location_id": "1703798001", "lat": 42.27268809, "lon": -71.07339738}, "arr_time": 1676281127, "arr_date_time": "2023-02-13T04:38:47-05:00", "end_time": 1676281427, "end_date_time": "2023-02-13T04:43:47-05:00", "waiting_time": 0, "distance": 236, "driving_time": 227, "preparation_time": 0, "load_before": [0], "load_after": [0]}, {"type": "service", "id": "1703815000_19", "location_id": "1703815000", "address": {"location_id": "1703815000", "lat": 42.2726743, "lon": -71.07388504}, "arr_time": 1676281469, "arr_date_time": "2023-02-13T04:44:29-05:00", "end_time": 1676281769, "end_date_time": "2023-02-13T04:49:29-05:00", "waiting_time": 0, "distance": 280, "driving_time": 269, "preparation_time": 0, "load_before": [0], "load_after": [0]}, {"type": "service", "id": "1703814000_18", "location_id": "1703814000", "address": {"location_id": "1703814000", "lat": 42.27281139, "lon": -71.07392589}, "arr_time": 1676281784, "arr_date_time": "2023-02-13T04:49:44-05:00", "end_time": 1676282084, "end_date_time": "2023-02-13T04:54:44-05:00", "waiting_time": 0, "distance": 296, "driving_time": 284, "preparation_time": 0, "load_before": [0], "load_after": [0]}, {"type": "service", "id": "1703812000_17", "location_id": "1703812000", "address": {"location_id": "1703812000", "lat": 42.27307417, "lon": -71.07402588}, "arr_time": 1676282117, "arr_date_time": "2023-02-13T04:55:17-05:00", "end_time": 1676282417, "end_date_time": "2023-02-13T05:00:17-05:00", "waiting_time": 0, "distance": 330, "driving_time": 317, "preparation_time": 0, "load_before": [0], "load_after": [0]}, {"type": "service", "id": "1703816000_20", "location_id": "1703816000", "address": {"location_id": "1703816000", "lat": 42.27255827, "lon": -71.07375727}, "arr_time": 1676282500, "arr_date_time": "2023-02-13T05:01:40-05:00", "end_time": 1676282800, "end_date_time": "2023-02-13T05:06:40-05:00", "waiting_time": 0, "distance": 415, "driving_time": 400, "preparation_time": 0, "load_before": [0], "load_after": [0]}, {"type": "service", "id": "1703817000_21", "location_id": "1703817000", "address": {"location_id": "1703817000", "lat": 42.27253996, "lon": -71.07395135}, "arr_time": 1676282816, "arr_date_time": "2023-02-13T05:06:56-05:00", "end_time": 1676283116, "end_date_time": "2023-02-13T05:11:56-05:00", "waiting_time": 0, "distance": 431, "driving_time": 416, "preparation_time": 0, "load_before": [0], "load_after": [0]}, {"type": "service", "id": "1703788000_08", "location_id": "1703788000", "address": {"location_id": "1703788000", "lat": 42.27228398, "lon": -71.07408155}, "arr_time": 1676283133, "arr_date_time": "2023-02-13T05:12:13-05:00", "end_time": 1676283433, "end_date_time": "2023-02-13T05:17:13-05:00", "waiting_time": 0, "distance": 448, "driving_time": 433, "preparation_time": 0, "load_before": [0], "load_after": [0]}, {"type": "service", "id": "1703844000_36", "location_id": "1703844000", "address": {"location_id": "1703844000", "lat": 42.27223598, "lon": -71.07457334}, "arr_time": 1676283456, "arr_date_time": "2023-02-13T05:17:36-05:00", "end_time": 1676283756, "end_date_time": "2023-02-13T05:22:36-05:00", "waiting_time": 0, "distance": 472, "driving_time": 456, "preparation_time": 0, "load_before": [0], "load_after": [0]}, {"type": "service", "id": "1703844001_37", "location_id": "1703844001", "address": {"location_id": "1703844001", "lat": 42.27210081, "lon": -71.07451049}, "arr_time": 1676283771, "arr_date_time": "2023-02-13T05:22:51-05:00", "end_time": 1676284071, "end_date_time": "2023-02-13T05:27:51-05:00", "waiting_time": 0, "distance": 488, "driving_time": 471, "preparation_time": 0, "load_before": [0], "load_after": [0]}, {"type": "service", "id": "1703845000_38", "location_id": "1703845000", "address": {"location_id": "1703845000", "lat": 42.27198672, "lon": -71.07445705}, "arr_time": 1676284084, "arr_date_time": "2023-02-13T05:28:04-05:00", "end_time": 1676284384, "end_date_time": "2023-02-13T05:33:04-05:00", "waiting_time": 0, "distance": 501, "driving_time": 484, "preparation_time": 0, "load_before": [0], "load_after": [0]}, {"type": "service", "id": "1703786000_07", "location_id": "1703786000", "address": {"location_id": "1703786000", "lat": 42.27200571, "lon": -71.07391953}, "arr_time": 1676284396, "arr_date_time": "2023-02-13T05:33:16-05:00", "end_time": 1676284696, "end_date_time": "2023-02-13T05:38:16-05:00", "waiting_time": 0, "distance": 514, "driving_time": 496, "preparation_time": 0, "load_before": [0], "load_after": [0]}, {"type": "service", "id": "1703847000_39", "location_id": "1703847000", "address": {"location_id": "1703847000", "lat": 42.27169331, "lon": -71.07432031}, "arr_time": 1676284717, "arr_date_time": "2023-02-13T05:38:37-05:00", "end_time": 1676285017, "end_date_time": "2023-02-13T05:43:37-05:00", "waiting_time": 0, "distance": 536, "driving_time": 517, "preparation_time": 0, "load_before": [0], "load_after": [0]}, {"type": "service", "id": "1703843000_35", "location_id": "1703843000", "address": {"location_id": "1703843000", "lat": 42.27240676, "lon": -71.07463313}, "arr_time": 1676285097, "arr_date_time": "2023-02-13T05:44:57-05:00", "end_time": 1676285397, "end_date_time": "2023-02-13T05:49:57-05:00", "waiting_time": 0, "distance": 620, "driving_time": 597, "preparation_time": 0, "load_before": [0], "load_after": [0]}, {"type": "service", "id": "1703803000_14", "location_id": "1703803000", "address": {"location_id": "1703803000", "lat": 42.27264005, "lon": -71.07424843}, "arr_time": 1676285411, "arr_date_time": "2023-02-13T05:50:11-05:00", "end_time": 1676285711, "end_date_time": "2023-02-13T05:55:11-05:00", "waiting_time": 0, "distance": 634, "driving_time": 611, "preparation_time": 0, "load_before": [0], "load_after": [0]}, {"type": "service", "id": "1703803001_15", "location_id": "1703803001", "address": {"location_id": "1703803001", "lat": 42.27275662, "lon": -71.07428936}, "arr_time": 1676285725, "arr_date_time": "2023-02-13T05:55:25-05:00", "end_time": 1676286025, "end_date_time": "2023-02-13T06:00:25-05:00", "waiting_time": 0, "distance": 649, "driving_time": 625, "preparation_time": 0, "load_before": [0], "load_after": [0]}, {"type": "service", "id": "1703841000_34", "location_id": "1703841000", "address": {"location_id": "1703841000", "lat": 42.27278817, "lon": -71.07479707}, "arr_time": 1676286039, "arr_date_time": "2023-02-13T06:00:39-05:00", "end_time": 1676286339, "end_date_time": "2023-02-13T06:05:39-05:00", "waiting_time": 0, "distance": 663, "driving_time": 639, "preparation_time": 0, "load_before": [0], "load_after": [0]}, {"type": "service", "id": "1703840000_33", "location_id": "1703840000", "address": {"location_id": "1703840000", "lat": 42.27300163, "lon": -71.07481448}, "arr_time": 1676286361, "arr_date_time": "2023-02-13T06:06:01-05:00", "end_time": 1676286661, "end_date_time": "2023-02-13T06:11:01-05:00", "waiting_time": 0, "distance": 686, "driving_time": 661, "preparation_time": 0, "load_before": [0], "load_after": [0]}, {"type": "service", "id": "1703807000_16", "location_id": "1703807000", "address": {"location_id": "1703807000", "lat": 42.27336894, "lon": -71.0745864}, "arr_time": 1676286695, "arr_date_time": "2023-02-13T06:11:35-05:00", "end_time": 1676286995, "end_date_time": "2023-02-13T06:16:35-05:00", "waiting_time": 0, "distance": 721, "driving_time": 695, "preparation_time": 0, "load_before": [0], "load_after": [0]}, {"type": "service", "id": "1703838000_32", "location_id": "1703838000", "address": {"location_id": "1703838000", "lat": 42.27334822, "lon": -71.0749392}, "arr_time": 1676287024, "arr_date_time": "2023-02-13T06:17:04-05:00", "end_time": 1676287324, "end_date_time": "2023-02-13T06:22:04-05:00", "waiting_time": 0, "distance": 752, "driving_time": 724, "preparation_time": 0, "load_before": [0], "load_after": [0]}, {"type": "service", "id": "1703836000_31", "location_id": "1703836000", "address": {"location_id": "1703836000", "lat": 42.27327573, "lon": -71.07538346}, "arr_time": 1676287360, "arr_date_time": "2023-02-13T06:22:40-05:00", "end_time": 1676287660, "end_date_time": "2023-02-13T06:27:40-05:00", "waiting_time": 0, "distance": 789, "driving_time": 760, "preparation_time": 0, "load_before": [0], "load_after": [0]}, {"type": "service", "id": "1703875000_41", "location_id": "1703875000", "address": {"location_id": "1703875000", "lat": 42.27323974, "lon": -71.07581943}, "arr_time": 1676287681, "arr_date_time": "2023-02-13T06:28:01-05:00", "end_time": 1676287981, "end_date_time": "2023-02-13T06:33:01-05:00", "waiting_time": 0, "distance": 811, "driving_time": 781, "preparation_time": 0, "load_before": [0], "load_after": [0]}, {"type": "service", "id": "1703835000_30", "location_id": "1703835000", "address": {"location_id": "1703835000", "lat": 42.27310986, "lon": -71.07522281}, "arr_time": 1676288007, "arr_date_time": "2023-02-13T06:33:27-05:00", "end_time": 1676288307, "end_date_time": "2023-02-13T06:38:27-05:00", "waiting_time": 0, "distance": 837, "driving_time": 807, "preparation_time": 0, "load_before": [0], "load_after": [0]}, {"type": "service", "id": "1703877000_42", "location_id": "1703877000", "address": {"location_id": "1703877000", "lat": 42.27290786, "lon": -71.0756989}, "arr_time": 1676288319, "arr_date_time": "2023-02-13T06:38:39-05:00", "end_time": 1676288619, "end_date_time": "2023-02-13T06:43:39-05:00", "waiting_time": 0, "distance": 849, "driving_time": 819, "preparation_time": 0, "load_before": [0], "load_after": [0]}, {"type": "service", "id": "1703832000_29", "location_id": "1703832000", "address": {"location_id": "1703832000", "lat": 42.27292766, "lon": -71.07506598}, "arr_time": 1676288629, "arr_date_time": "2023-02-13T06:43:49-05:00", "end_time": 1676288929, "end_date_time": "2023-02-13T06:48:49-05:00", "waiting_time": 0, "distance": 860, "driving_time": 829, "preparation_time": 0, "load_before": [0], "load_after": [0]}, {"type": "service", "id": "1703878000_43", "location_id": "1703878000", "address": {"location_id": "1703878000", "lat": 42.27274708, "lon": -71.07564045}, "arr_time": 1676288936, "arr_date_time": "2023-02-13T06:48:56-05:00", "end_time": 1676289236, "end_date_time": "2023-02-13T06:53:56-05:00", "waiting_time": 0, "distance": 867, "driving_time": 836, "preparation_time": 0, "load_before": [0], "load_after": [0]}, {"type": "service", "id": "1703829000_27", "location_id": "1703829000", "address": {"location_id": "1703829000", "lat": 42.27254641, "lon": -71.07512054}, "arr_time": 1676289267, "arr_date_time": "2023-02-13T06:54:27-05:00", "end_time": 1676289567, "end_date_time": "2023-02-13T06:59:27-05:00", "waiting_time": 0, "distance": 899, "driving_time": 867, "preparation_time": 0, "load_before": [0], "load_after": [0]}, {"type": "service", "id": "1703829001_28", "location_id": "1703829001", "address": {"location_id": "1703829001", "lat": 42.27256346, "lon": -71.07491153}, "arr_time": 1676289569, "arr_date_time": "2023-02-13T06:59:29-05:00", "end_time": 1676289869, "end_date_time": "2023-02-13T07:04:29-05:00", "waiting_time": 0, "distance": 902, "driving_time": 869, "preparation_time": 0, "load_before": [0], "load_after": [0]}, {"type": "service", "id": "1703827000_26", "location_id": "1703827000", "address": {"location_id": "1703827000", "lat": 42.2721909, "lon": -71.07494314}, "arr_time": 1676289907, "arr_date_time": "2023-02-13T07:05:07-05:00", "end_time": 1676290207, "end_date_time": "2023-02-13T07:10:07-05:00", "waiting_time": 0, "distance": 941, "driving_time": 907, "preparation_time": 0, "load_before": [0], "load_after": [0]}, {"type": "service", "id": "1703826000_25", "location_id": "1703826000", "address": {"location_id": "1703826000", "lat": 42.27207197, "lon": -71.07489446}, "arr_time": 1676290220, "arr_date_time": "2023-02-13T07:10:20-05:00", "end_time": 1676290520, "end_date_time": "2023-02-13T07:15:20-05:00", "waiting_time": 0, "distance": 955, "driving_time": 920, "preparation_time": 0, "load_before": [0], "load_after": [0]}, {"type": "service", "id": "1703825000_24", "location_id": "1703825000", "address": {"location_id": "1703825000", "lat": 42.27196285, "lon": -71.07485053}, "arr_time": 1676290532, "arr_date_time": "2023-02-13T07:15:32-05:00", "end_time": 1676290832, "end_date_time": "2023-02-13T07:20:32-05:00", "waiting_time": 0, "distance": 968, "driving_time": 932, "preparation_time": 0, "load_before": [0], "load_after": [0]}, {"type": "service", "id": "1703884000_44", "location_id": "1703884000", "address": {"location_id": "1703884000", "lat": 42.27183987, "lon": -71.07528165}, "arr_time": 1676290836, "arr_date_time": "2023-02-13T07:20:36-05:00", "end_time": 1676291136, "end_date_time": "2023-02-13T07:25:36-05:00", "waiting_time": 0, "distance": 972, "driving_time": 936, "preparation_time": 0, "load_before": [0], "load_after": [0]}, {"type": "service", "id": "1703824000_23", "location_id": "1703824000", "address": {"location_id": "1703824000", "lat": 42.27180752, "lon": -71.07479302}, "arr_time": 1676291148, "arr_date_time": "2023-02-13T07:25:48-05:00", "end_time": 1676291448, "end_date_time": "2023-02-13T07:30:48-05:00", "waiting_time": 0, "distance": 984, "driving_time": 948, "preparation_time": 0, "load_before": [0], "load_after": [0]}, {"type": "service", "id": "1703849000_40", "location_id": "1703849000", "address": {"location_id": "1703849000", "lat": 42.27158456, "lon": -71.07522626}, "arr_time": 1676291512, "arr_date_time": "2023-02-13T07:31:52-05:00", "end_time": 1676291812, "end_date_time": "2023-02-13T07:36:52-05:00", "waiting_time": 0, "distance": 1051, "driving_time": 1012, "preparation_time": 0, "load_before": [0], "load_after": [0]}, {"type": "service", "id": "1703820000_22", "location_id": "1703820000", "address": {"location_id": "1703820000", "lat": 42.27145733, "lon": -71.07438254}, "arr_time": 1676291881, "arr_date_time": "2023-02-13T07:38:01-05:00", "end_time": 1676292181, "end_date_time": "2023-02-13T07:43:01-05:00", "waiting_time": 0, "distance": 1123, "driving_time": 1081, "preparation_time": 0, "load_before": [0], "load_after": [0]}, {"type": "service", "id": "1704046000_45", "location_id": "1704046000", "address": {"location_id": "1704046000", "lat": 42.27146976, "lon": -71.07211402}, "arr_time": 1676292431, "arr_date_time": "2023-02-13T07:47:11-05:00", "end_time": 1676292731, "end_date_time": "2023-02-13T07:52:11-05:00", "waiting_time": 0, "distance": 1383, "driving_time": 1331, "preparation_time": 0, "load_before": [0], "load_after": [0]}, {"type": "service", "id": "1704047000_46", "location_id": "1704047000", "address": {"location_id": "1704047000", "lat": 42.27129725, "lon": -71.07208881}, "arr_time": 1676292749, "arr_date_time": "2023-02-13T07:52:29-05:00", "end_time": 1676293049, "end_date_time": "2023-02-13T07:57:29-05:00", "waiting_time": 0, "distance": 1402, "driving_time": 1349, "preparation_time": 0, "load_before": [0], "load_after": [0]}, {"type": "service", "id": "1703775000_06", "location_id": "1703775000", "address": {"location_id": "1703775000", "lat": 42.27259611, "lon": -71.07171844}, "arr_time": 1676293249, "arr_date_time": "2023-02-13T08:00:49-05:00", "end_time": 1676293549, "end_date_time": "2023-02-13T08:05:49-05:00", "waiting_time": 0, "distance": 1610, "driving_time": 1549, "preparation_time": 0, "load_before": [0], "load_after": [0]}, {"type": "service", "id": "1703772000_05", "location_id": "1703772000", "address": {"location_id": "1703772000", "lat": 42.27310997, "lon": -71.07188428}, "arr_time": 1676293605, "arr_date_time": "2023-02-13T08:06:45-05:00", "end_time": 1676293905, "end_date_time": "2023-02-13T08:11:45-05:00", "waiting_time": 0, "distance": 1669, "driving_time": 1605, "preparation_time": 0, "load_before": [0], "load_after": [0]}, {"type": "service", "id": "1703771000_04", "location_id": "1703771000", "address": {"location_id": "1703771000", "lat": 42.27324313, "lon": -71.07187784}, "arr_time": 1676293919, "arr_date_time": "2023-02-13T08:11:59-05:00", "end_time": 1676294219, "end_date_time": "2023-02-13T08:16:59-05:00", "waiting_time": 0, "distance": 1683, "driving_time": 1619, "preparation_time": 0, "load_before": [0], "load_after": [0]}]}], "unassigned": {"services": [], "shipments": [], "breaks": [], "details": []}}}