{"copyrights": ["GraphHopper", "OpenStreetMap contributors"], "job_id": "b856af58-31bd-4d35-a8c1-20b893e95614", "status": "finished", "waiting_time_in_queue": 0, "processing_time": 190, "solution": {"costs": 344, "distance": 2656, "time": 2555, "transport_time": 2555, "completion_time": 17855, "max_operation_time": 17855, "waiting_time": 0, "service_duration": 15300, "preparation_time": 0, "no_vehicles": 1, "no_unassigned": 0, "routes": [{"vehicle_id": "my_vehicle", "shift_id": "default-shift", "distance": 2656, "transport_time": 2555, "completion_time": 17855, "waiting_time": 0, "service_duration": 15300, "preparation_time": 0, "activities": [{"type": "start", "location_id": "1301946000", "address": {"location_id": "1301946000", "lat": 42.31844724, "lon": -71.05858698}, "arr_time": 1676278800, "arr_date_time": "2023-02-13T04:00:00-05:00", "end_time": 1676278800, "end_date_time": "2023-02-13T04:00:00-05:00", "waiting_time": 0, "distance": 0, "driving_time": 0, "preparation_time": 0, "load_after": [0]}, {"type": "service", "id": "1301952000_01", "location_id": "1301952000", "address": {"location_id": "1301952000", "lat": 42.31834581, "lon": -71.05777735}, "arr_time": 1676278912, "arr_date_time": "2023-02-13T04:01:52-05:00", "end_time": 1676279212, "end_date_time": "2023-02-13T04:06:52-05:00", "waiting_time": 0, "distance": 116, "driving_time": 112, "preparation_time": 0, "load_before": [0], "load_after": [0]}, {"type": "service", "id": "1301978000_06", "location_id": "1301978000", "address": {"location_id": "1301978000", "lat": 42.31766982, "lon": -71.0573583}, "arr_time": 1676279421, "arr_date_time": "2023-02-13T04:10:21-05:00", "end_time": 1676279721, "end_date_time": "2023-02-13T04:15:21-05:00", "waiting_time": 0, "distance": 334, "driving_time": 321, "preparation_time": 0, "load_before": [0], "load_after": [0]}, {"type": "service", "id": "1301960000_02", "location_id": "1301960000", "address": {"location_id": "1301960000", "lat": 42.31801364, "lon": -71.0573714}, "arr_time": 1676279731, "arr_date_time": "2023-02-13T04:15:31-05:00", "end_time": 1676280031, "end_date_time": "2023-02-13T04:20:31-05:00", "waiting_time": 0, "distance": 344, "driving_time": 331, "preparation_time": 0, "load_before": [0], "load_after": [0]}, {"type": "service", "id": "1301977000_05", "location_id": "1301977000", "address": {"location_id": "1301977000", "lat": 42.31769789, "lon": -71.05751049}, "arr_time": 1676280033, "arr_date_time": "2023-02-13T04:20:33-05:00", "end_time": 1676280333, "end_date_time": "2023-02-13T04:25:33-05:00", "waiting_time": 0, "distance": 347, "driving_time": 333, "preparation_time": 0, "load_before": [0], "load_after": [0]}, {"type": "service", "id": "1301974000_04", "location_id": "1301974000", "address": {"location_id": "1301974000", "lat": 42.31777698, "lon": -71.0579433}, "arr_time": 1676280368, "arr_date_time": "2023-02-13T04:26:08-05:00", "end_time": 1676280668, "end_date_time": "2023-02-13T04:31:08-05:00", "waiting_time": 0, "distance": 384, "driving_time": 368, "preparation_time": 0, "load_before": [0], "load_after": [0]}, {"type": "service", "id": "1301967000_03", "location_id": "1301967000", "address": {"location_id": "1301967000", "lat": 42.31818387, "lon": -71.05825926}, "arr_time": 1676280703, "arr_date_time": "2023-02-13T04:31:43-05:00", "end_time": 1676281003, "end_date_time": "2023-02-13T04:36:43-05:00", "waiting_time": 0, "distance": 420, "driving_time": 403, "preparation_time": 0, "load_before": [0], "load_after": [0]}, {"type": "service", "id": "1302035000_16", "location_id": "1302035000", "address": {"location_id": "1302035000", "lat": 42.31732687, "lon": -71.05886428}, "arr_time": 1676281141, "arr_date_time": "2023-02-13T04:39:01-05:00", "end_time": 1676281441, "end_date_time": "2023-02-13T04:44:01-05:00", "waiting_time": 0, "distance": 564, "driving_time": 541, "preparation_time": 0, "load_before": [0], "load_after": [0]}, {"type": "service", "id": "1301994000_11", "location_id": "1301994000", "address": {"location_id": "1301994000", "lat": 42.31759745, "lon": -71.05823474}, "arr_time": 1676281479, "arr_date_time": "2023-02-13T04:44:39-05:00", "end_time": 1676281779, "end_date_time": "2023-02-13T04:49:39-05:00", "waiting_time": 0, "distance": 602, "driving_time": 579, "preparation_time": 0, "load_before": [0], "load_after": [0]}, {"type": "service", "id": "1301990000_10", "location_id": "1301990000", "address": {"location_id": "1301990000", "lat": 42.31748368, "lon": -71.05775746}, "arr_time": 1676281825, "arr_date_time": "2023-02-13T04:50:25-05:00", "end_time": 1676282125, "end_date_time": "2023-02-13T04:55:25-05:00", "waiting_time": 0, "distance": 650, "driving_time": 625, "preparation_time": 0, "load_before": [0], "load_after": [0]}, {"type": "service", "id": "1301988000_09", "location_id": "1301988000", "address": {"location_id": "1301988000", "lat": 42.3174404, "lon": -71.05750066}, "arr_time": 1676282147, "arr_date_time": "2023-02-13T04:55:47-05:00", "end_time": 1676282447, "end_date_time": "2023-02-13T05:00:47-05:00", "waiting_time": 0, "distance": 672, "driving_time": 647, "preparation_time": 0, "load_before": [0], "load_after": [0]}, {"type": "service", "id": "1301987000_08", "location_id": "1301987000", "address": {"location_id": "1301987000", "lat": 42.31741821, "lon": -71.05737034}, "arr_time": 1676282457, "arr_date_time": "2023-02-13T05:00:57-05:00", "end_time": 1676282757, "end_date_time": "2023-02-13T05:05:57-05:00", "waiting_time": 0, "distance": 683, "driving_time": 657, "preparation_time": 0, "load_before": [0], "load_after": [0]}, {"type": "service", "id": "1301985000_07", "location_id": "1301985000", "address": {"location_id": "1301985000", "lat": 42.31735732, "lon": -71.05711996}, "arr_time": 1676282779, "arr_date_time": "2023-02-13T05:06:19-05:00", "end_time": 1676283079, "end_date_time": "2023-02-13T05:11:19-05:00", "waiting_time": 0, "distance": 705, "driving_time": 679, "preparation_time": 0, "load_before": [0], "load_after": [0]}, {"type": "service", "id": "1302026000_12", "location_id": "1302026000", "address": {"location_id": "1302026000", "lat": 42.31685369, "lon": -71.05774368}, "arr_time": 1676283292, "arr_date_time": "2023-02-13T05:14:52-05:00", "end_time": 1676283592, "end_date_time": "2023-02-13T05:19:52-05:00", "waiting_time": 0, "distance": 927, "driving_time": 892, "preparation_time": 0, "load_before": [0], "load_after": [0]}, {"type": "service", "id": "1302026020_13", "location_id": "1302026020", "address": {"location_id": "1302026020", "lat": 42.31661762, "lon": -71.05782019}, "arr_time": 1676283592, "arr_date_time": "2023-02-13T05:19:52-05:00", "end_time": 1676283892, "end_date_time": "2023-02-13T05:24:52-05:00", "waiting_time": 0, "distance": 927, "driving_time": 892, "preparation_time": 0, "load_before": [0], "load_after": [0]}, {"type": "service", "id": "1302027020_14", "location_id": "1302027020", "address": {"location_id": "1302027020", "lat": 42.31686841, "lon": -71.05793975}, "arr_time": 1676283907, "arr_date_time": "2023-02-13T05:25:07-05:00", "end_time": 1676284207, "end_date_time": "2023-02-13T05:30:07-05:00", "waiting_time": 0, "distance": 943, "driving_time": 907, "preparation_time": 0, "load_before": [0], "load_after": [0]}, {"type": "service", "id": "1302038000_17", "location_id": "1302038000", "address": {"location_id": "1302038000", "lat": 42.3163582, "lon": -71.05864774}, "arr_time": 1676284249, "arr_date_time": "2023-02-13T05:30:49-05:00", "end_time": 1676284549, "end_date_time": "2023-02-13T05:35:49-05:00", "waiting_time": 0, "distance": 987, "driving_time": 949, "preparation_time": 0, "load_before": [0], "load_after": [0]}, {"type": "service", "id": "1302030000_15", "location_id": "1302030000", "address": {"location_id": "1302030000", "lat": 42.31677848, "lon": -71.05851727}, "arr_time": 1676284549, "arr_date_time": "2023-02-13T05:35:49-05:00", "end_time": 1676284849, "end_date_time": "2023-02-13T05:40:49-05:00", "waiting_time": 0, "distance": 987, "driving_time": 949, "preparation_time": 0, "load_before": [0], "load_after": [0]}, {"type": "service", "id": "1302064000_21", "location_id": "1302064000", "address": {"location_id": "1302064000", "lat": 42.31573391, "lon": -71.05924166}, "arr_time": 1676285032, "arr_date_time": "2023-02-13T05:43:52-05:00", "end_time": 1676285332, "end_date_time": "2023-02-13T05:48:52-05:00", "waiting_time": 0, "distance": 1178, "driving_time": 1132, "preparation_time": 0, "load_before": [0], "load_after": [0]}, {"type": "service", "id": "1302066000_22", "location_id": "1302066000", "address": {"location_id": "1302066000", "lat": 42.3156655, "lon": -71.05888667}, "arr_time": 1676285361, "arr_date_time": "2023-02-13T05:49:21-05:00", "end_time": 1676285661, "end_date_time": "2023-02-13T05:54:21-05:00", "waiting_time": 0, "distance": 1208, "driving_time": 1161, "preparation_time": 0, "load_before": [0], "load_after": [0]}, {"type": "service", "id": "1302067000_23", "location_id": "1302067000", "address": {"location_id": "1302067000", "lat": 42.31563156, "lon": -71.05870871}, "arr_time": 1676285676, "arr_date_time": "2023-02-13T05:54:36-05:00", "end_time": 1676285976, "end_date_time": "2023-02-13T05:59:36-05:00", "waiting_time": 0, "distance": 1223, "driving_time": 1176, "preparation_time": 0, "load_before": [0], "load_after": [0]}, {"type": "service", "id": "1302069000_24", "location_id": "1302069000", "address": {"location_id": "1302069000", "lat": 42.31556669, "lon": -71.05836819}, "arr_time": 1676286004, "arr_date_time": "2023-02-13T06:00:04-05:00", "end_time": 1676286304, "end_date_time": "2023-02-13T06:05:04-05:00", "waiting_time": 0, "distance": 1252, "driving_time": 1204, "preparation_time": 0, "load_before": [0], "load_after": [0]}, {"type": "service", "id": "1302056000_20", "location_id": "1302056000", "address": {"location_id": "1302056000", "lat": 42.31590629, "lon": -71.05805553}, "arr_time": 1676286319, "arr_date_time": "2023-02-13T06:05:19-05:00", "end_time": 1676286619, "end_date_time": "2023-02-13T06:10:19-05:00", "waiting_time": 0, "distance": 1267, "driving_time": 1219, "preparation_time": 0, "load_before": [0], "load_after": [0]}, {"type": "service", "id": "1302071000_25", "location_id": "1302071000", "address": {"location_id": "1302071000", "lat": 42.3154924, "lon": -71.05797686}, "arr_time": 1676286636, "arr_date_time": "2023-02-13T06:10:36-05:00", "end_time": 1676286936, "end_date_time": "2023-02-13T06:15:36-05:00", "waiting_time": 0, "distance": 1285, "driving_time": 1236, "preparation_time": 0, "load_before": [0], "load_after": [0]}, {"type": "service", "id": "1302054000_19", "location_id": "1302054000", "address": {"location_id": "1302054000", "lat": 42.31584735, "lon": -71.05773637}, "arr_time": 1676286945, "arr_date_time": "2023-02-13T06:15:45-05:00", "end_time": 1676287245, "end_date_time": "2023-02-13T06:20:45-05:00", "waiting_time": 0, "distance": 1294, "driving_time": 1245, "preparation_time": 0, "load_before": [0], "load_after": [0]}, {"type": "service", "id": "1302072000_26", "location_id": "1302072000", "address": {"location_id": "1302072000", "lat": 42.31545889, "lon": -71.05780205}, "arr_time": 1676287251, "arr_date_time": "2023-02-13T06:20:51-05:00", "end_time": 1676287551, "end_date_time": "2023-02-13T06:25:51-05:00", "waiting_time": 0, "distance": 1300, "driving_time": 1251, "preparation_time": 0, "load_before": [0], "load_after": [0]}, {"type": "service", "id": "1302053000_18", "location_id": "1302053000", "address": {"location_id": "1302053000", "lat": 42.31581795, "lon": -71.0575781}, "arr_time": 1676287559, "arr_date_time": "2023-02-13T06:25:59-05:00", "end_time": 1676287859, "end_date_time": "2023-02-13T06:30:59-05:00", "waiting_time": 0, "distance": 1308, "driving_time": 1259, "preparation_time": 0, "load_before": [0], "load_after": [0]}, {"type": "service", "id": "1302074000_27", "location_id": "1302074000", "address": {"location_id": "1302074000", "lat": 42.315386, "lon": -71.05742011}, "arr_time": 1676287883, "arr_date_time": "2023-02-13T06:31:23-05:00", "end_time": 1676288183, "end_date_time": "2023-02-13T06:36:23-05:00", "waiting_time": 0, "distance": 1333, "driving_time": 1283, "preparation_time": 0, "load_before": [0], "load_after": [0]}, {"type": "service", "id": "1302083000_28", "location_id": "1302083000", "address": {"location_id": "1302083000", "lat": 42.31489193, "lon": -71.05726152}, "arr_time": 1676288360, "arr_date_time": "2023-02-13T06:39:20-05:00", "end_time": 1676288660, "end_date_time": "2023-02-13T06:44:20-05:00", "waiting_time": 0, "distance": 1518, "driving_time": 1460, "preparation_time": 0, "load_before": [0], "load_after": [0]}, {"type": "service", "id": "1302102000_31", "location_id": "1302102000", "address": {"location_id": "1302102000", "lat": 42.314647, "lon": -71.05815895}, "arr_time": 1676288723, "arr_date_time": "2023-02-13T06:45:23-05:00", "end_time": 1676289023, "end_date_time": "2023-02-13T06:50:23-05:00", "waiting_time": 0, "distance": 1583, "driving_time": 1523, "preparation_time": 0, "load_before": [0], "load_after": [0]}, {"type": "service", "id": "1302085000_29", "location_id": "1302085000", "address": {"location_id": "1302085000", "lat": 42.31508937, "lon": -71.05773089}, "arr_time": 1676289091, "arr_date_time": "2023-02-13T06:51:31-05:00", "end_time": 1676289391, "end_date_time": "2023-02-13T06:56:31-05:00", "waiting_time": 0, "distance": 1654, "driving_time": 1591, "preparation_time": 0, "load_before": [0], "load_after": [0]}, {"type": "service", "id": "1302101000_30", "location_id": "1302101000", "address": {"location_id": "1302101000", "lat": 42.31469684, "lon": -71.05843435}, "arr_time": 1676289451, "arr_date_time": "2023-02-13T06:57:31-05:00", "end_time": 1676289751, "end_date_time": "2023-02-13T07:02:31-05:00", "waiting_time": 0, "distance": 1716, "driving_time": 1651, "preparation_time": 0, "load_before": [0], "load_after": [0]}, {"type": "service", "id": "1302127000_35", "location_id": "1302127000", "address": {"location_id": "1302127000", "lat": 42.31406505, "lon": -71.05900555}, "arr_time": 1676290052, "arr_date_time": "2023-02-13T07:07:32-05:00", "end_time": 1676290352, "end_date_time": "2023-02-13T07:12:32-05:00", "waiting_time": 0, "distance": 2030, "driving_time": 1952, "preparation_time": 0, "load_before": [0], "load_after": [0]}, {"type": "service", "id": "1302129000_36", "location_id": "1302129000", "address": {"location_id": "1302129000", "lat": 42.31402469, "lon": -71.05870723}, "arr_time": 1676290376, "arr_date_time": "2023-02-13T07:12:56-05:00", "end_time": 1676290676, "end_date_time": "2023-02-13T07:17:56-05:00", "waiting_time": 0, "distance": 2055, "driving_time": 1976, "preparation_time": 0, "load_before": [0], "load_after": [0]}, {"type": "service", "id": "1302130000_37", "location_id": "1302130000", "address": {"location_id": "1302130000", "lat": 42.31400694, "lon": -71.0585756}, "arr_time": 1676290687, "arr_date_time": "2023-02-13T07:18:07-05:00", "end_time": 1676290987, "end_date_time": "2023-02-13T07:23:07-05:00", "waiting_time": 0, "distance": 2066, "driving_time": 1987, "preparation_time": 0, "load_before": [0], "load_after": [0]}, {"type": "service", "id": "1302116000_34", "location_id": "1302116000", "address": {"location_id": "1302116000", "lat": 42.31434898, "lon": -71.05839341}, "arr_time": 1676290993, "arr_date_time": "2023-02-13T07:23:13-05:00", "end_time": 1676291293, "end_date_time": "2023-02-13T07:28:13-05:00", "waiting_time": 0, "distance": 2073, "driving_time": 1993, "preparation_time": 0, "load_before": [0], "load_after": [0]}, {"type": "service", "id": "1302131000_38", "location_id": "1302131000", "address": {"location_id": "1302131000", "lat": 42.31398752, "lon": -71.05843242}, "arr_time": 1676291299, "arr_date_time": "2023-02-13T07:28:19-05:00", "end_time": 1676291599, "end_date_time": "2023-02-13T07:33:19-05:00", "waiting_time": 0, "distance": 2078, "driving_time": 1999, "preparation_time": 0, "load_before": [0], "load_after": [0]}, {"type": "service", "id": "1302114000_33", "location_id": "1302114000", "address": {"location_id": "1302114000", "lat": 42.31427235, "lon": -71.05793824}, "arr_time": 1676291631, "arr_date_time": "2023-02-13T07:33:51-05:00", "end_time": 1676291931, "end_date_time": "2023-02-13T07:38:51-05:00", "waiting_time": 0, "distance": 2111, "driving_time": 2031, "preparation_time": 0, "load_before": [0], "load_after": [0]}, {"type": "service", "id": "1302134000_41", "location_id": "1302134000", "address": {"location_id": "1302134000", "lat": 42.31392707, "lon": -71.05798573}, "arr_time": 1676291935, "arr_date_time": "2023-02-13T07:38:55-05:00", "end_time": 1676292235, "end_date_time": "2023-02-13T07:43:55-05:00", "waiting_time": 0, "distance": 2115, "driving_time": 2035, "preparation_time": 0, "load_before": [0], "load_after": [0]}, {"type": "service", "id": "1302135000_42", "location_id": "1302135000", "address": {"location_id": "1302135000", "lat": 42.31390822, "lon": -71.05784403}, "arr_time": 1676292247, "arr_date_time": "2023-02-13T07:44:07-05:00", "end_time": 1676292547, "end_date_time": "2023-02-13T07:49:07-05:00", "waiting_time": 0, "distance": 2127, "driving_time": 2047, "preparation_time": 0, "load_before": [0], "load_after": [0]}, {"type": "service", "id": "1302136000_43", "location_id": "1302136000", "address": {"location_id": "1302136000", "lat": 42.31388934, "lon": -71.0577046}, "arr_time": 1676292557, "arr_date_time": "2023-02-13T07:49:17-05:00", "end_time": 1676292857, "end_date_time": "2023-02-13T07:54:17-05:00", "waiting_time": 0, "distance": 2139, "driving_time": 2057, "preparation_time": 0, "load_before": [0], "load_after": [0]}, {"type": "service", "id": "1302112000_32", "location_id": "1302112000", "address": {"location_id": "1302112000", "lat": 42.31423064, "lon": -71.05752309}, "arr_time": 1676292864, "arr_date_time": "2023-02-13T07:54:24-05:00", "end_time": 1676293164, "end_date_time": "2023-02-13T07:59:24-05:00", "waiting_time": 0, "distance": 2146, "driving_time": 2064, "preparation_time": 0, "load_before": [0], "load_after": [0]}, {"type": "service", "id": "1302137000_44", "location_id": "1302137000", "address": {"location_id": "1302137000", "lat": 42.31391301, "lon": -71.05753705}, "arr_time": 1676293171, "arr_date_time": "2023-02-13T07:59:31-05:00", "end_time": 1676293471, "end_date_time": "2023-02-13T08:04:31-05:00", "waiting_time": 0, "distance": 2152, "driving_time": 2071, "preparation_time": 0, "load_before": [0], "load_after": [0]}, {"type": "service", "id": "1302141000_45", "location_id": "1302141000", "address": {"location_id": "1302141000", "lat": 42.31359427, "lon": -71.05729925}, "arr_time": 1676293581, "arr_date_time": "2023-02-13T08:06:21-05:00", "end_time": 1676293881, "end_date_time": "2023-02-13T08:11:21-05:00", "waiting_time": 0, "distance": 2267, "driving_time": 2181, "preparation_time": 0, "load_before": [0], "load_after": [0]}, {"type": "service", "id": "1302171000_50", "location_id": "1302171000", "address": {"location_id": "1302171000", "lat": 42.31338503, "lon": -71.05776402}, "arr_time": 1676293915, "arr_date_time": "2023-02-13T08:11:55-05:00", "end_time": 1676294215, "end_date_time": "2023-02-13T08:16:55-05:00", "waiting_time": 0, "distance": 2301, "driving_time": 2215, "preparation_time": 0, "load_before": [0], "load_after": [0]}, {"type": "service", "id": "1302170000_49", "location_id": "1302170000", "address": {"location_id": "1302170000", "lat": 42.31349266, "lon": -71.05794672}, "arr_time": 1676294231, "arr_date_time": "2023-02-13T08:17:11-05:00", "end_time": 1676294531, "end_date_time": "2023-02-13T08:22:11-05:00", "waiting_time": 0, "distance": 2317, "driving_time": 2231, "preparation_time": 0, "load_before": [0], "load_after": [0]}, {"type": "service", "id": "1302150000_47", "location_id": "1302150000", "address": {"location_id": "1302150000", "lat": 42.31363898, "lon": -71.05851589}, "arr_time": 1676294560, "arr_date_time": "2023-02-13T08:22:40-05:00", "end_time": 1676294860, "end_date_time": "2023-02-13T08:27:40-05:00", "waiting_time": 0, "distance": 2348, "driving_time": 2260, "preparation_time": 0, "load_before": [0], "load_after": [0]}, {"type": "service", "id": "1302132000_39", "location_id": "1302132000", "address": {"location_id": "1302132000", "lat": 42.31396602, "lon": -71.05827322}, "arr_time": 1676294879, "arr_date_time": "2023-02-13T08:27:59-05:00", "end_time": 1676295179, "end_date_time": "2023-02-13T08:32:59-05:00", "waiting_time": 0, "distance": 2368, "driving_time": 2279, "preparation_time": 0, "load_before": [0], "load_after": [0]}, {"type": "service", "id": "1302133000_40", "location_id": "1302133000", "address": {"location_id": "1302133000", "lat": 42.3139463, "lon": -71.05812752}, "arr_time": 1676295179, "arr_date_time": "2023-02-13T08:32:59-05:00", "end_time": 1676295479, "end_date_time": "2023-02-13T08:37:59-05:00", "waiting_time": 0, "distance": 2368, "driving_time": 2279, "preparation_time": 0, "load_before": [0], "load_after": [0]}, {"type": "service", "id": "1302149000_46", "location_id": "1302149000", "address": {"location_id": "1302149000", "lat": 42.31372396, "lon": -71.05854552}, "arr_time": 1676295488, "arr_date_time": "2023-02-13T08:38:08-05:00", "end_time": 1676295788, "end_date_time": "2023-02-13T08:43:08-05:00", "waiting_time": 0, "distance": 2378, "driving_time": 2288, "preparation_time": 0, "load_before": [0], "load_after": [0]}, {"type": "service", "id": "1302175000_51", "location_id": "1302175000", "address": {"location_id": "1302175000", "lat": 42.31305191, "lon": -71.05767262}, "arr_time": 1676295916, "arr_date_time": "2023-02-13T08:45:16-05:00", "end_time": 1676296216, "end_date_time": "2023-02-13T08:50:16-05:00", "waiting_time": 0, "distance": 2511, "driving_time": 2416, "preparation_time": 0, "load_before": [0], "load_after": [0]}, {"type": "service", "id": "1302159000_48", "location_id": "1302159000", "address": {"location_id": "1302159000", "lat": 42.31319826, "lon": -71.05876796}, "arr_time": 1676296355, "arr_date_time": "2023-02-13T08:52:35-05:00", "end_time": 1676296655, "end_date_time": "2023-02-13T08:57:35-05:00", "waiting_time": 0, "distance": 2656, "driving_time": 2555, "preparation_time": 0, "load_before": [0], "load_after": [0]}]}], "unassigned": {"services": [], "shipments": [], "breaks": [], "details": []}}}