{"copyrights": ["GraphHopper", "OpenStreetMap contributors"], "job_id": "02cd56cb-c65a-43b6-bba7-5f580edab828", "status": "finished", "waiting_time_in_queue": 0, "processing_time": 153, "solution": {"costs": 326, "distance": 1978, "time": 1900, "transport_time": 1900, "completion_time": 15700, "max_operation_time": 15700, "waiting_time": 0, "service_duration": 13800, "preparation_time": 0, "no_vehicles": 1, "no_unassigned": 0, "routes": [{"vehicle_id": "my_vehicle", "shift_id": "default-shift", "distance": 1978, "transport_time": 1900, "completion_time": 15700, "waiting_time": 0, "service_duration": 13800, "preparation_time": 0, "activities": [{"type": "start", "location_id": "1700324000", "address": {"location_id": "1700324000", "lat": 42.29354085, "lon": -71.0780542}, "arr_time": 1676278800, "arr_date_time": "2023-02-13T04:00:00-05:00", "end_time": 1676278800, "end_date_time": "2023-02-13T04:00:00-05:00", "waiting_time": 0, "distance": 0, "driving_time": 0, "preparation_time": 0, "load_after": [0]}, {"type": "service", "id": "1700325000_01", "location_id": "1700325000", "address": {"location_id": "1700325000", "lat": 42.29341319, "lon": -71.07802035}, "arr_time": 1676278813, "arr_date_time": "2023-02-13T04:00:13-05:00", "end_time": 1676279113, "end_date_time": "2023-02-13T04:05:13-05:00", "waiting_time": 0, "distance": 14, "driving_time": 13, "preparation_time": 0, "load_before": [0], "load_after": [0]}, {"type": "service", "id": "1700326000_02", "location_id": "1700326000", "address": {"location_id": "1700326000", "lat": 42.29325743, "lon": -71.07797905}, "arr_time": 1676279129, "arr_date_time": "2023-02-13T04:05:29-05:00", "end_time": 1676279429, "end_date_time": "2023-02-13T04:10:29-05:00", "waiting_time": 0, "distance": 31, "driving_time": 29, "preparation_time": 0, "load_before": [0], "load_after": [0]}, {"type": "service", "id": "1700338000_05", "location_id": "1700338000", "address": {"location_id": "1700338000", "lat": 42.29320906, "lon": -71.07740064}, "arr_time": 1676279447, "arr_date_time": "2023-02-13T04:10:47-05:00", "end_time": 1676279747, "end_date_time": "2023-02-13T04:15:47-05:00", "waiting_time": 0, "distance": 49, "driving_time": 47, "preparation_time": 0, "load_before": [0], "load_after": [0]}, {"type": "service", "id": "1700337000_04", "location_id": "1700337000", "address": {"location_id": "1700337000", "lat": 42.29306291, "lon": -71.07734803}, "arr_time": 1676279763, "arr_date_time": "2023-02-13T04:16:03-05:00", "end_time": 1676280063, "end_date_time": "2023-02-13T04:21:03-05:00", "waiting_time": 0, "distance": 66, "driving_time": 63, "preparation_time": 0, "load_before": [0], "load_after": [0]}, {"type": "service", "id": "1700600000_29", "location_id": "1700600000", "address": {"location_id": "1700600000", "lat": 42.29247728, "lon": -71.07722561}, "arr_time": 1676280125, "arr_date_time": "2023-02-13T04:22:05-05:00", "end_time": 1676280425, "end_date_time": "2023-02-13T04:27:05-05:00", "waiting_time": 0, "distance": 131, "driving_time": 125, "preparation_time": 0, "load_before": [0], "load_after": [0]}, {"type": "service", "id": "1700619000_36", "location_id": "1700619000", "address": {"location_id": "1700619000", "lat": 42.29225095, "lon": -71.0775455}, "arr_time": 1676280441, "arr_date_time": "2023-02-13T04:27:21-05:00", "end_time": 1676280741, "end_date_time": "2023-02-13T04:32:21-05:00", "waiting_time": 0, "distance": 148, "driving_time": 141, "preparation_time": 0, "load_before": [0], "load_after": [0]}, {"type": "service", "id": "1700620000_37", "location_id": "1700620000", "address": {"location_id": "1700620000", "lat": 42.29214394, "lon": -71.0775061}, "arr_time": 1676280753, "arr_date_time": "2023-02-13T04:32:33-05:00", "end_time": 1676281053, "end_date_time": "2023-02-13T04:37:33-05:00", "waiting_time": 0, "distance": 160, "driving_time": 153, "preparation_time": 0, "load_before": [0], "load_after": [0]}, {"type": "service", "id": "1700597000_28", "location_id": "1700597000", "address": {"location_id": "1700597000", "lat": 42.29212709, "lon": -71.07701032}, "arr_time": 1676281065, "arr_date_time": "2023-02-13T04:37:45-05:00", "end_time": 1676281365, "end_date_time": "2023-02-13T04:42:45-05:00", "waiting_time": 0, "distance": 173, "driving_time": 165, "preparation_time": 0, "load_before": [0], "load_after": [0]}, {"type": "service", "id": "1700621000_38", "location_id": "1700621000", "address": {"location_id": "1700621000", "lat": 42.2920397, "lon": -71.07746772}, "arr_time": 1676281365, "arr_date_time": "2023-02-13T04:42:45-05:00", "end_time": 1676281665, "end_date_time": "2023-02-13T04:47:45-05:00", "waiting_time": 0, "distance": 174, "driving_time": 165, "preparation_time": 0, "load_before": [0], "load_after": [0]}, {"type": "service", "id": "1700618000_35", "location_id": "1700618000", "address": {"location_id": "1700618000", "lat": 42.29235391, "lon": -71.07758335}, "arr_time": 1676281700, "arr_date_time": "2023-02-13T04:48:20-05:00", "end_time": 1676282000, "end_date_time": "2023-02-13T04:53:20-05:00", "waiting_time": 0, "distance": 210, "driving_time": 200, "preparation_time": 0, "load_before": [0], "load_after": [0]}, {"type": "service", "id": "1700617000_34", "location_id": "1700617000", "address": {"location_id": "1700617000", "lat": 42.29245984, "lon": -71.07762235}, "arr_time": 1676282041, "arr_date_time": "2023-02-13T04:54:01-05:00", "end_time": 1676282341, "end_date_time": "2023-02-13T04:59:01-05:00", "waiting_time": 0, "distance": 253, "driving_time": 241, "preparation_time": 0, "load_before": [0], "load_after": [0]}, {"type": "service", "id": "1700334000_03", "location_id": "1700334000", "address": {"location_id": "1700334000", "lat": 42.29288327, "lon": -71.07708776}, "arr_time": 1676282395, "arr_date_time": "2023-02-13T04:59:55-05:00", "end_time": 1676282695, "end_date_time": "2023-02-13T05:04:55-05:00", "waiting_time": 0, "distance": 308, "driving_time": 295, "preparation_time": 0, "load_before": [0], "load_after": [0]}, {"type": "service", "id": "1700603000_30", "location_id": "1700603000", "address": {"location_id": "1700603000", "lat": 42.29263262, "lon": -71.07673129}, "arr_time": 1676282715, "arr_date_time": "2023-02-13T05:05:15-05:00", "end_time": 1676283015, "end_date_time": "2023-02-13T05:10:15-05:00", "waiting_time": 0, "distance": 329, "driving_time": 315, "preparation_time": 0, "load_before": [0], "load_after": [0]}, {"type": "service", "id": "1700361000_06", "location_id": "1700361000", "address": {"location_id": "1700361000", "lat": 42.29313188, "lon": -71.07699038}, "arr_time": 1676283072, "arr_date_time": "2023-02-13T05:11:12-05:00", "end_time": 1676283372, "end_date_time": "2023-02-13T05:16:12-05:00", "waiting_time": 0, "distance": 389, "driving_time": 372, "preparation_time": 0, "load_before": [0], "load_after": [0]}, {"type": "service", "id": "1700581000_26", "location_id": "1700581000", "address": {"location_id": "1700581000", "lat": 42.29263581, "lon": -71.07634738}, "arr_time": 1676283436, "arr_date_time": "2023-02-13T05:17:16-05:00", "end_time": 1676283736, "end_date_time": "2023-02-13T05:22:16-05:00", "waiting_time": 0, "distance": 456, "driving_time": 436, "preparation_time": 0, "load_before": [0], "load_after": [0]}, {"type": "service", "id": "1700604000_31", "location_id": "1700604000", "address": {"location_id": "1700604000", "lat": 42.29248493, "lon": -71.07675723}, "arr_time": 1676283743, "arr_date_time": "2023-02-13T05:22:23-05:00", "end_time": 1676284043, "end_date_time": "2023-02-13T05:27:23-05:00", "waiting_time": 0, "distance": 464, "driving_time": 443, "preparation_time": 0, "load_before": [0], "load_after": [0]}, {"type": "service", "id": "1700605000_32", "location_id": "1700605000", "address": {"location_id": "1700605000", "lat": 42.2923489, "lon": -71.07670803}, "arr_time": 1676284057, "arr_date_time": "2023-02-13T05:27:37-05:00", "end_time": 1676284357, "end_date_time": "2023-02-13T05:32:37-05:00", "waiting_time": 0, "distance": 480, "driving_time": 457, "preparation_time": 0, "load_before": [0], "load_after": [0]}, {"type": "service", "id": "1700575000_25", "location_id": "1700575000", "address": {"location_id": "1700575000", "lat": 42.29205149, "lon": -71.07607239}, "arr_time": 1676284401, "arr_date_time": "2023-02-13T05:33:21-05:00", "end_time": 1676284701, "end_date_time": "2023-02-13T05:38:21-05:00", "waiting_time": 0, "distance": 525, "driving_time": 501, "preparation_time": 0, "load_before": [0], "load_after": [0]}, {"type": "service", "id": "1700610000_33", "location_id": "1700610000", "address": {"location_id": "1700610000", "lat": 42.29184039, "lon": -71.07644712}, "arr_time": 1676284716, "arr_date_time": "2023-02-13T05:38:36-05:00", "end_time": 1676285016, "end_date_time": "2023-02-13T05:43:36-05:00", "waiting_time": 0, "distance": 540, "driving_time": 516, "preparation_time": 0, "load_before": [0], "load_after": [0]}, {"type": "service", "id": "1700574000_24", "location_id": "1700574000", "address": {"location_id": "1700574000", "lat": 42.29191603, "lon": -71.07602412}, "arr_time": 1676285017, "arr_date_time": "2023-02-13T05:43:37-05:00", "end_time": 1676285317, "end_date_time": "2023-02-13T05:48:37-05:00", "waiting_time": 0, "distance": 541, "driving_time": 517, "preparation_time": 0, "load_before": [0], "load_after": [0]}, {"type": "service", "id": "1700573000_23", "location_id": "1700573000", "address": {"location_id": "1700573000", "lat": 42.29178306, "lon": -71.07597653}, "arr_time": 1676285332, "arr_date_time": "2023-02-13T05:48:52-05:00", "end_time": 1676285632, "end_date_time": "2023-02-13T05:53:52-05:00", "waiting_time": 0, "distance": 556, "driving_time": 532, "preparation_time": 0, "load_before": [0], "load_after": [0]}, {"type": "service", "id": "1700572001_22", "location_id": "1700572001", "address": {"location_id": "1700572001", "lat": 42.29161265, "lon": -71.07591556}, "arr_time": 1676285651, "arr_date_time": "2023-02-13T05:54:11-05:00", "end_time": 1676285951, "end_date_time": "2023-02-13T05:59:11-05:00", "waiting_time": 0, "distance": 576, "driving_time": 551, "preparation_time": 0, "load_before": [0], "load_after": [0]}, {"type": "service", "id": "1700591000_27", "location_id": "1700591000", "address": {"location_id": "1700591000", "lat": 42.29198259, "lon": -71.07568169}, "arr_time": 1676286139, "arr_date_time": "2023-02-13T06:02:19-05:00", "end_time": 1676286439, "end_date_time": "2023-02-13T06:07:19-05:00", "waiting_time": 0, "distance": 772, "driving_time": 739, "preparation_time": 0, "load_before": [0], "load_after": [0]}, {"type": "service", "id": "1700554000_11", "location_id": "1700554000", "address": {"location_id": "1700554000", "lat": 42.29215143, "lon": -71.07523432}, "arr_time": 1676286447, "arr_date_time": "2023-02-13T06:07:27-05:00", "end_time": 1676286747, "end_date_time": "2023-02-13T06:12:27-05:00", "waiting_time": 0, "distance": 780, "driving_time": 747, "preparation_time": 0, "load_before": [0], "load_after": [0]}, {"type": "service", "id": "1700558000_12", "location_id": "1700558000", "address": {"location_id": "1700558000", "lat": 42.29251864, "lon": -71.07536604}, "arr_time": 1676286787, "arr_date_time": "2023-02-13T06:13:07-05:00", "end_time": 1676287087, "end_date_time": "2023-02-13T06:18:07-05:00", "waiting_time": 0, "distance": 822, "driving_time": 787, "preparation_time": 0, "load_before": [0], "load_after": [0]}, {"type": "service", "id": "1700559000_13", "location_id": "1700559000", "address": {"location_id": "1700559000", "lat": 42.29262664, "lon": -71.07540488}, "arr_time": 1676287099, "arr_date_time": "2023-02-13T06:18:19-05:00", "end_time": 1676287399, "end_date_time": "2023-02-13T06:23:19-05:00", "waiting_time": 0, "distance": 834, "driving_time": 799, "preparation_time": 0, "load_before": [0], "load_after": [0]}, {"type": "service", "id": "1700560020_15", "location_id": "1700560020", "address": {"location_id": "1700560020", "lat": 42.29279056, "lon": -71.0755817}, "arr_time": 1676287419, "arr_date_time": "2023-02-13T06:23:39-05:00", "end_time": 1676287719, "end_date_time": "2023-02-13T06:28:39-05:00", "waiting_time": 0, "distance": 856, "driving_time": 819, "preparation_time": 0, "load_before": [0], "load_after": [0]}, {"type": "service", "id": "1700560010_14", "location_id": "1700560010", "address": {"location_id": "1700560010", "lat": 42.2928127, "lon": -71.0754766}, "arr_time": 1676287719, "arr_date_time": "2023-02-13T06:28:39-05:00", "end_time": 1676288019, "end_date_time": "2023-02-13T06:33:39-05:00", "waiting_time": 0, "distance": 856, "driving_time": 819, "preparation_time": 0, "load_before": [0], "load_after": [0]}, {"type": "service", "id": "1700409000_08", "location_id": "1700409000", "address": {"location_id": "1700409000", "lat": 42.2931414, "lon": -71.07566758}, "arr_time": 1676288056, "arr_date_time": "2023-02-13T06:34:16-05:00", "end_time": 1676288356, "end_date_time": "2023-02-13T06:39:16-05:00", "waiting_time": 0, "distance": 896, "driving_time": 856, "preparation_time": 0, "load_before": [0], "load_after": [0]}, {"type": "service", "id": "1700561000_16", "location_id": "1700561000", "address": {"location_id": "1700561000", "lat": 42.29284522, "lon": -71.07531634}, "arr_time": 1676288407, "arr_date_time": "2023-02-13T06:40:07-05:00", "end_time": 1676288707, "end_date_time": "2023-02-13T06:45:07-05:00", "waiting_time": 0, "distance": 948, "driving_time": 907, "preparation_time": 0, "load_before": [0], "load_after": [0]}, {"type": "service", "id": "1700407000_07", "location_id": "1700407000", "address": {"location_id": "1700407000", "lat": 42.29325357, "lon": -71.07524664}, "arr_time": 1676288760, "arr_date_time": "2023-02-13T06:46:00-05:00", "end_time": 1676289060, "end_date_time": "2023-02-13T06:51:00-05:00", "waiting_time": 0, "distance": 1003, "driving_time": 960, "preparation_time": 0, "load_before": [0], "load_after": [0]}, {"type": "service", "id": "1700562000_17", "location_id": "1700562000", "address": {"location_id": "1700562000", "lat": 42.29288888, "lon": -71.07510286}, "arr_time": 1676289101, "arr_date_time": "2023-02-13T06:51:41-05:00", "end_time": 1676289401, "end_date_time": "2023-02-13T06:56:41-05:00", "waiting_time": 0, "distance": 1045, "driving_time": 1001, "preparation_time": 0, "load_before": [0], "load_after": [0]}, {"type": "service", "id": "1700564000_18", "location_id": "1700564000", "address": {"location_id": "1700564000", "lat": 42.29254543, "lon": -71.07503234}, "arr_time": 1676289439, "arr_date_time": "2023-02-13T06:57:19-05:00", "end_time": 1676289739, "end_date_time": "2023-02-13T07:02:19-05:00", "waiting_time": 0, "distance": 1083, "driving_time": 1039, "preparation_time": 0, "load_before": [0], "load_after": [0]}, {"type": "service", "id": "1700565000_19", "location_id": "1700565000", "address": {"location_id": "1700565000", "lat": 42.29244016, "lon": -71.07499452}, "arr_time": 1676289751, "arr_date_time": "2023-02-13T07:02:31-05:00", "end_time": 1676290051, "end_date_time": "2023-02-13T07:07:31-05:00", "waiting_time": 0, "distance": 1095, "driving_time": 1051, "preparation_time": 0, "load_before": [0], "load_after": [0]}, {"type": "service", "id": "1700509000_10", "location_id": "1700509000", "address": {"location_id": "1700509000", "lat": 42.29255212, "lon": -71.07452095}, "arr_time": 1676290077, "arr_date_time": "2023-02-13T07:07:57-05:00", "end_time": 1676290377, "end_date_time": "2023-02-13T07:12:57-05:00", "waiting_time": 0, "distance": 1123, "driving_time": 1077, "preparation_time": 0, "load_before": [0], "load_after": [0]}, {"type": "service", "id": "1700499000_09", "location_id": "1700499000", "address": {"location_id": "1700499000", "lat": 42.2930238, "lon": -71.07314303}, "arr_time": 1676290499, "arr_date_time": "2023-02-13T07:14:59-05:00", "end_time": 1676290799, "end_date_time": "2023-02-13T07:19:59-05:00", "waiting_time": 0, "distance": 1249, "driving_time": 1199, "preparation_time": 0, "load_before": [0], "load_after": [0]}, {"type": "service", "id": "1700653000_44", "location_id": "1700653000", "address": {"location_id": "1700653000", "lat": 42.29246701, "lon": -71.07234445}, "arr_time": 1676290999, "arr_date_time": "2023-02-13T07:23:19-05:00", "end_time": 1676291299, "end_date_time": "2023-02-13T07:28:19-05:00", "waiting_time": 0, "distance": 1457, "driving_time": 1399, "preparation_time": 0, "load_before": [0], "load_after": [0]}, {"type": "service", "id": "1700648000_43", "location_id": "1700648000", "address": {"location_id": "1700648000", "lat": 42.29222723, "lon": -71.07326191}, "arr_time": 1676291376, "arr_date_time": "2023-02-13T07:29:36-05:00", "end_time": 1676291676, "end_date_time": "2023-02-13T07:34:36-05:00", "waiting_time": 0, "distance": 1537, "driving_time": 1476, "preparation_time": 0, "load_before": [0], "load_after": [0]}, {"type": "service", "id": "1700643000_42", "location_id": "1700643000", "address": {"location_id": "1700643000", "lat": 42.2919684, "lon": -71.07429069}, "arr_time": 1676291761, "arr_date_time": "2023-02-13T07:36:01-05:00", "end_time": 1676292061, "end_date_time": "2023-02-13T07:41:01-05:00", "waiting_time": 0, "distance": 1626, "driving_time": 1561, "preparation_time": 0, "load_before": [0], "load_after": [0]}, {"type": "service", "id": "1700569000_20", "location_id": "1700569000", "address": {"location_id": "1700569000", "lat": 42.29199323, "lon": -71.07487478}, "arr_time": 1676292084, "arr_date_time": "2023-02-13T07:41:24-05:00", "end_time": 1676292384, "end_date_time": "2023-02-13T07:46:24-05:00", "waiting_time": 0, "distance": 1650, "driving_time": 1584, "preparation_time": 0, "load_before": [0], "load_after": [0]}, {"type": "service", "id": "1700570000_21", "location_id": "1700570000", "address": {"location_id": "1700570000", "lat": 42.29183462, "lon": -71.07478189}, "arr_time": 1676292403, "arr_date_time": "2023-02-13T07:46:43-05:00", "end_time": 1676292703, "end_date_time": "2023-02-13T07:51:43-05:00", "waiting_time": 0, "distance": 1669, "driving_time": 1603, "preparation_time": 0, "load_before": [0], "load_after": [0]}, {"type": "service", "id": "1700639000_41", "location_id": "1700639000", "address": {"location_id": "1700639000", "lat": 42.29173491, "lon": -71.07382403}, "arr_time": 1676292812, "arr_date_time": "2023-02-13T07:53:32-05:00", "end_time": 1676293112, "end_date_time": "2023-02-13T07:58:32-05:00", "waiting_time": 0, "distance": 1782, "driving_time": 1712, "preparation_time": 0, "load_before": [0], "load_after": [0]}, {"type": "service", "id": "1700638000_40", "location_id": "1700638000", "address": {"location_id": "1700638000", "lat": 42.2917904, "lon": -71.07361944}, "arr_time": 1676293129, "arr_date_time": "2023-02-13T07:58:49-05:00", "end_time": 1676293429, "end_date_time": "2023-02-13T08:03:49-05:00", "waiting_time": 0, "distance": 1800, "driving_time": 1729, "preparation_time": 0, "load_before": [0], "load_after": [0]}, {"type": "service", "id": "1700634000_39", "location_id": "1700634000", "address": {"location_id": "1700634000", "lat": 42.29197466, "lon": -71.072935}, "arr_time": 1676293487, "arr_date_time": "2023-02-13T08:04:47-05:00", "end_time": 1676293787, "end_date_time": "2023-02-13T08:09:47-05:00", "waiting_time": 0, "distance": 1860, "driving_time": 1787, "preparation_time": 0, "load_before": [0], "load_after": [0]}, {"type": "service", "id": "1700669000_45", "location_id": "1700669000", "address": {"location_id": "1700669000", "lat": 42.29156967, "lon": -71.07273115}, "arr_time": 1676293788, "arr_date_time": "2023-02-13T08:09:48-05:00", "end_time": 1676294088, "end_date_time": "2023-02-13T08:14:48-05:00", "waiting_time": 0, "distance": 1862, "driving_time": 1788, "preparation_time": 0, "load_before": [0], "load_after": [0]}, {"type": "service", "id": "1700677000_46", "location_id": "1700677000", "address": {"location_id": "1700677000", "lat": 42.29085918, "lon": -71.07298904}, "arr_time": 1676294200, "arr_date_time": "2023-02-13T08:16:40-05:00", "end_time": 1676294500, "end_date_time": "2023-02-13T08:21:40-05:00", "waiting_time": 0, "distance": 1978, "driving_time": 1900, "preparation_time": 0, "load_before": [0], "load_after": [0]}]}], "unassigned": {"services": [], "shipments": [], "breaks": [], "details": []}}}