{"copyrights": ["GraphHopper", "OpenStreetMap contributors"], "job_id": "257ead06-eb77-4e4f-a2e7-ee2ae3168a7f", "status": "finished", "waiting_time_in_queue": 1, "processing_time": 218, "solution": {"costs": 386, "distance": 2881, "time": 2764, "transport_time": 2764, "completion_time": 23164, "max_operation_time": 23164, "waiting_time": 0, "service_duration": 20400, "preparation_time": 0, "no_vehicles": 1, "no_unassigned": 0, "routes": [{"vehicle_id": "my_vehicle", "shift_id": "default-shift", "distance": 2881, "transport_time": 2764, "completion_time": 23164, "waiting_time": 0, "service_duration": 20400, "preparation_time": 0, "activities": [{"type": "start", "location_id": "1301215000", "address": {"location_id": "1301215000", "lat": 42.31778977, "lon": -71.06864607}, "arr_time": 1676278800, "arr_date_time": "2023-02-13T04:00:00-05:00", "end_time": 1676278800, "end_date_time": "2023-02-13T04:00:00-05:00", "waiting_time": 0, "distance": 0, "driving_time": 0, "preparation_time": 0, "load_after": [0]}, {"type": "service", "id": "1301216000_02", "location_id": "1301216000", "address": {"location_id": "1301216000", "lat": 42.3177351, "lon": -71.0686739}, "arr_time": 1676278807, "arr_date_time": "2023-02-13T04:00:07-05:00", "end_time": 1676279107, "end_date_time": "2023-02-13T04:05:07-05:00", "waiting_time": 0, "distance": 6, "driving_time": 7, "preparation_time": 0, "load_before": [0], "load_after": [0]}, {"type": "service", "id": "1301228000_07", "location_id": "1301228000", "address": {"location_id": "1301228000", "lat": 42.31750648, "lon": -71.06836921}, "arr_time": 1676279116, "arr_date_time": "2023-02-13T04:05:16-05:00", "end_time": 1676279416, "end_date_time": "2023-02-13T04:10:16-05:00", "waiting_time": 0, "distance": 16, "driving_time": 16, "preparation_time": 0, "load_before": [0], "load_after": [0]}, {"type": "service", "id": "1301220000_04", "location_id": "1301220000", "address": {"location_id": "1301220000", "lat": 42.31751575, "lon": -71.06878738}, "arr_time": 1676279431, "arr_date_time": "2023-02-13T04:10:31-05:00", "end_time": 1676279731, "end_date_time": "2023-02-13T04:15:31-05:00", "waiting_time": 0, "distance": 32, "driving_time": 31, "preparation_time": 0, "load_before": [0], "load_after": [0]}, {"type": "service", "id": "1301225000_06", "location_id": "1301225000", "address": {"location_id": "1301225000", "lat": 42.3173581, "lon": -71.06848799}, "arr_time": 1676279733, "arr_date_time": "2023-02-13T04:15:33-05:00", "end_time": 1676280033, "end_date_time": "2023-02-13T04:20:33-05:00", "waiting_time": 0, "distance": 35, "driving_time": 33, "preparation_time": 0, "load_before": [0], "load_after": [0]}, {"type": "service", "id": "1301221000_05", "location_id": "1301221000", "address": {"location_id": "1301221000", "lat": 42.31744532, "lon": -71.06882221}, "arr_time": 1676280039, "arr_date_time": "2023-02-13T04:20:39-05:00", "end_time": 1676280339, "end_date_time": "2023-02-13T04:25:39-05:00", "waiting_time": 0, "distance": 40, "driving_time": 39, "preparation_time": 0, "load_before": [0], "load_after": [0]}, {"type": "service", "id": "1301217000_03", "location_id": "1301217000", "address": {"location_id": "1301217000", "lat": 42.31768144, "lon": -71.06870258}, "arr_time": 1676280365, "arr_date_time": "2023-02-13T04:26:05-05:00", "end_time": 1676280665, "end_date_time": "2023-02-13T04:31:05-05:00", "waiting_time": 0, "distance": 68, "driving_time": 65, "preparation_time": 0, "load_before": [0], "load_after": [0]}, {"type": "service", "id": "1301214000_01", "location_id": "1301214000", "address": {"location_id": "1301214000", "lat": 42.31784355, "lon": -71.06861593}, "arr_time": 1676280684, "arr_date_time": "2023-02-13T04:31:24-05:00", "end_time": 1676280984, "end_date_time": "2023-02-13T04:36:24-05:00", "waiting_time": 0, "distance": 87, "driving_time": 84, "preparation_time": 0, "load_before": [0], "load_after": [0]}, {"type": "service", "id": "1301283000_18", "location_id": "1301283000", "address": {"location_id": "1301283000", "lat": 42.31755888, "lon": -71.06738512}, "arr_time": 1676281155, "arr_date_time": "2023-02-13T04:39:15-05:00", "end_time": 1676281455, "end_date_time": "2023-02-13T04:44:15-05:00", "waiting_time": 0, "distance": 265, "driving_time": 255, "preparation_time": 0, "load_before": [0], "load_after": [0]}, {"type": "service", "id": "1301281000_17", "location_id": "1301281000", "address": {"location_id": "1301281000", "lat": 42.31728585, "lon": -71.06763553}, "arr_time": 1676281489, "arr_date_time": "2023-02-13T04:44:49-05:00", "end_time": 1676281789, "end_date_time": "2023-02-13T04:49:49-05:00", "waiting_time": 0, "distance": 301, "driving_time": 289, "preparation_time": 0, "load_before": [0], "load_after": [0]}, {"type": "service", "id": "1301239000_08", "location_id": "1301239000", "address": {"location_id": "1301239000", "lat": 42.31740489, "lon": -71.06809972}, "arr_time": 1676281800, "arr_date_time": "2023-02-13T04:50:00-05:00", "end_time": 1676282100, "end_date_time": "2023-02-13T04:55:00-05:00", "waiting_time": 0, "distance": 312, "driving_time": 300, "preparation_time": 0, "load_before": [0], "load_after": [0]}, {"type": "service", "id": "1301275000_16", "location_id": "1301275000", "address": {"location_id": "1301275000", "lat": 42.31664653, "lon": -71.0682272}, "arr_time": 1676282172, "arr_date_time": "2023-02-13T04:56:12-05:00", "end_time": 1676282472, "end_date_time": "2023-02-13T05:01:12-05:00", "waiting_time": 0, "distance": 388, "driving_time": 372, "preparation_time": 0, "load_before": [0], "load_after": [0]}, {"type": "service", "id": "1301246000_09", "location_id": "1301246000", "address": {"location_id": "1301246000", "lat": 42.31649985, "lon": -71.0690496}, "arr_time": 1676282521, "arr_date_time": "2023-02-13T05:02:01-05:00", "end_time": 1676282821, "end_date_time": "2023-02-13T05:07:01-05:00", "waiting_time": 0, "distance": 439, "driving_time": 421, "preparation_time": 0, "load_before": [0], "load_after": [0]}, {"type": "service", "id": "1301249000_10", "location_id": "1301249000", "address": {"location_id": "1301249000", "lat": 42.31589816, "lon": -71.06931506}, "arr_time": 1676282884, "arr_date_time": "2023-02-13T05:08:04-05:00", "end_time": 1676283184, "end_date_time": "2023-02-13T05:13:04-05:00", "waiting_time": 0, "distance": 504, "driving_time": 484, "preparation_time": 0, "load_before": [0], "load_after": [0]}, {"type": "service", "id": "1301250010_11", "location_id": "1301250010", "address": {"location_id": "1301250010", "lat": 42.31574223, "lon": -71.06939314}, "arr_time": 1676283201, "arr_date_time": "2023-02-13T05:13:21-05:00", "end_time": 1676283501, "end_date_time": "2023-02-13T05:18:21-05:00", "waiting_time": 0, "distance": 522, "driving_time": 501, "preparation_time": 0, "load_before": [0], "load_after": [0]}, {"type": "service", "id": "1301250020_12", "location_id": "1301250020", "address": {"location_id": "1301250020", "lat": 42.31563905, "lon": -71.06944412}, "arr_time": 1676283513, "arr_date_time": "2023-02-13T05:18:33-05:00", "end_time": 1676283813, "end_date_time": "2023-02-13T05:23:33-05:00", "waiting_time": 0, "distance": 534, "driving_time": 513, "preparation_time": 0, "load_before": [0], "load_after": [0]}, {"type": "service", "id": "1301251010_13", "location_id": "1301251010", "address": {"location_id": "1301251010", "lat": 42.31553895, "lon": -71.06949332}, "arr_time": 1676283824, "arr_date_time": "2023-02-13T05:23:44-05:00", "end_time": 1676284124, "end_date_time": "2023-02-13T05:28:44-05:00", "waiting_time": 0, "distance": 545, "driving_time": 524, "preparation_time": 0, "load_before": [0], "load_after": [0]}, {"type": "service", "id": "1301253010_14", "location_id": "1301253010", "address": {"location_id": "1301253010", "lat": 42.31506871, "lon": -71.06971378}, "arr_time": 1676284172, "arr_date_time": "2023-02-13T05:29:32-05:00", "end_time": 1676284472, "end_date_time": "2023-02-13T05:34:32-05:00", "waiting_time": 0, "distance": 596, "driving_time": 572, "preparation_time": 0, "load_before": [0], "load_after": [0]}, {"type": "service", "id": "1502471000_61", "location_id": "1502471000", "address": {"location_id": "1502471000", "lat": 42.31417422, "lon": -71.06966065}, "arr_time": 1676284579, "arr_date_time": "2023-02-13T05:36:19-05:00", "end_time": 1676284879, "end_date_time": "2023-02-13T05:41:19-05:00", "waiting_time": 0, "distance": 707, "driving_time": 679, "preparation_time": 0, "load_before": [0], "load_after": [0]}, {"type": "service", "id": "1502448000_56", "location_id": "1502448000", "address": {"location_id": "1502448000", "lat": 42.31389416, "lon": -71.06926855}, "arr_time": 1676284924, "arr_date_time": "2023-02-13T05:42:04-05:00", "end_time": 1676285224, "end_date_time": "2023-02-13T05:47:04-05:00", "waiting_time": 0, "distance": 754, "driving_time": 724, "preparation_time": 0, "load_before": [0], "load_after": [0]}, {"type": "service", "id": "1502446010_55", "location_id": "1502446010", "address": {"location_id": "1502446010", "lat": 42.3136351, "lon": -71.06950231}, "arr_time": 1676285225, "arr_date_time": "2023-02-13T05:47:05-05:00", "end_time": 1676285525, "end_date_time": "2023-02-13T05:52:05-05:00", "waiting_time": 0, "distance": 755, "driving_time": 725, "preparation_time": 0, "load_before": [0], "load_after": [0]}, {"type": "service", "id": "1502474000_62", "location_id": "1502474000", "address": {"location_id": "1502474000", "lat": 42.31390044, "lon": -71.07001228}, "arr_time": 1676285573, "arr_date_time": "2023-02-13T05:52:53-05:00", "end_time": 1676285873, "end_date_time": "2023-02-13T05:57:53-05:00", "waiting_time": 0, "distance": 805, "driving_time": 773, "preparation_time": 0, "load_before": [0], "load_after": [0]}, {"type": "service", "id": "1502445000_54", "location_id": "1502445000", "address": {"location_id": "1502445000", "lat": 42.3135162, "lon": -71.06964876}, "arr_time": 1676285908, "arr_date_time": "2023-02-13T05:58:28-05:00", "end_time": 1676286208, "end_date_time": "2023-02-13T06:03:28-05:00", "waiting_time": 0, "distance": 842, "driving_time": 808, "preparation_time": 0, "load_before": [0], "load_after": [0]}, {"type": "service", "id": "1502426000_48", "location_id": "1502426000", "address": {"location_id": "1502426000", "lat": 42.31303961, "lon": -71.06978713}, "arr_time": 1676286241, "arr_date_time": "2023-02-13T06:04:01-05:00", "end_time": 1676286541, "end_date_time": "2023-02-13T06:09:01-05:00", "waiting_time": 0, "distance": 877, "driving_time": 841, "preparation_time": 0, "load_before": [0], "load_after": [0]}, {"type": "service", "id": "1502428000_49", "location_id": "1502428000", "address": {"location_id": "1502428000", "lat": 42.31287572, "lon": -71.0695143}, "arr_time": 1676286565, "arr_date_time": "2023-02-13T06:09:25-05:00", "end_time": 1676286865, "end_date_time": "2023-02-13T06:14:25-05:00", "waiting_time": 0, "distance": 902, "driving_time": 865, "preparation_time": 0, "load_before": [0], "load_after": [0]}, {"type": "service", "id": "1502461000_58", "location_id": "1502461000", "address": {"location_id": "1502461000", "lat": 42.31297962, "lon": -71.06881646}, "arr_time": 1676286905, "arr_date_time": "2023-02-13T06:15:05-05:00", "end_time": 1676287205, "end_date_time": "2023-02-13T06:20:05-05:00", "waiting_time": 0, "distance": 943, "driving_time": 905, "preparation_time": 0, "load_before": [0], "load_after": [0]}, {"type": "service", "id": "1502431000_50", "location_id": "1502431000", "address": {"location_id": "1502431000", "lat": 42.312701, "lon": -71.06888636}, "arr_time": 1676287212, "arr_date_time": "2023-02-13T06:20:12-05:00", "end_time": 1676287512, "end_date_time": "2023-02-13T06:25:12-05:00", "waiting_time": 0, "distance": 950, "driving_time": 912, "preparation_time": 0, "load_before": [0], "load_after": [0]}, {"type": "service", "id": "1502432000_51", "location_id": "1502432000", "address": {"location_id": "1502432000", "lat": 42.31261274, "lon": -71.06898615}, "arr_time": 1676287575, "arr_date_time": "2023-02-13T06:26:15-05:00", "end_time": 1676287875, "end_date_time": "2023-02-13T06:31:15-05:00", "waiting_time": 0, "distance": 1015, "driving_time": 975, "preparation_time": 0, "load_before": [0], "load_after": [0]}, {"type": "service", "id": "1502436000_52", "location_id": "1502436000", "address": {"location_id": "1502436000", "lat": 42.31245526, "lon": -71.06968383}, "arr_time": 1676288007, "arr_date_time": "2023-02-13T06:33:27-05:00", "end_time": 1676288307, "end_date_time": "2023-02-13T06:38:27-05:00", "waiting_time": 0, "distance": 1153, "driving_time": 1107, "preparation_time": 0, "load_before": [0], "load_after": [0]}, {"type": "service", "id": "1502421020_46", "location_id": "1502421020", "address": {"location_id": "1502421020", "lat": 42.31231727, "lon": -71.07005177}, "arr_time": 1676288340, "arr_date_time": "2023-02-13T06:39:00-05:00", "end_time": 1676288640, "end_date_time": "2023-02-13T06:44:00-05:00", "waiting_time": 0, "distance": 1188, "driving_time": 1140, "preparation_time": 0, "load_before": [0], "load_after": [0]}, {"type": "service", "id": "1502421010_45", "location_id": "1502421010", "address": {"location_id": "1502421010", "lat": 42.31237111, "lon": -71.07008868}, "arr_time": 1676288640, "arr_date_time": "2023-02-13T06:44:00-05:00", "end_time": 1676288940, "end_date_time": "2023-02-13T06:49:00-05:00", "waiting_time": 0, "distance": 1189, "driving_time": 1140, "preparation_time": 0, "load_before": [0], "load_after": [0]}, {"type": "service", "id": "1502419020_44", "location_id": "1502419020", "address": {"location_id": "1502419020", "lat": 42.3121159, "lon": -71.0703701}, "arr_time": 1676288983, "arr_date_time": "2023-02-13T06:49:43-05:00", "end_time": 1676289283, "end_date_time": "2023-02-13T06:54:43-05:00", "waiting_time": 0, "distance": 1233, "driving_time": 1183, "preparation_time": 0, "load_before": [0], "load_after": [0]}, {"type": "service", "id": "1502419010_43", "location_id": "1502419010", "address": {"location_id": "1502419010", "lat": 42.31206403, "lon": -71.07040585}, "arr_time": 1676289289, "arr_date_time": "2023-02-13T06:54:49-05:00", "end_time": 1676289589, "end_date_time": "2023-02-13T06:59:49-05:00", "waiting_time": 0, "distance": 1239, "driving_time": 1189, "preparation_time": 0, "load_before": [0], "load_after": [0]}, {"type": "service", "id": "1502418000_42", "location_id": "1502418000", "address": {"location_id": "1502418000", "lat": 42.31199101, "lon": -71.07047515}, "arr_time": 1676289599, "arr_date_time": "2023-02-13T06:59:59-05:00", "end_time": 1676289899, "end_date_time": "2023-02-13T07:04:59-05:00", "waiting_time": 0, "distance": 1249, "driving_time": 1199, "preparation_time": 0, "load_before": [0], "load_after": [0]}, {"type": "service", "id": "1502417000_41", "location_id": "1502417000", "address": {"location_id": "1502417000", "lat": 42.31188488, "lon": -71.07054659}, "arr_time": 1676289911, "arr_date_time": "2023-02-13T07:05:11-05:00", "end_time": 1676290211, "end_date_time": "2023-02-13T07:10:11-05:00", "waiting_time": 0, "distance": 1262, "driving_time": 1211, "preparation_time": 0, "load_before": [0], "load_after": [0]}, {"type": "service", "id": "1502414030_40", "location_id": "1502414030", "address": {"location_id": "1502414030", "lat": 42.31175223, "lon": -71.07063923}, "arr_time": 1676290228, "arr_date_time": "2023-02-13T07:10:28-05:00", "end_time": 1676290528, "end_date_time": "2023-02-13T07:15:28-05:00", "waiting_time": 0, "distance": 1280, "driving_time": 1228, "preparation_time": 0, "load_before": [0], "load_after": [0]}, {"type": "service", "id": "1502414010_38", "location_id": "1502414010", "address": {"location_id": "1502414010", "lat": 42.31163804, "lon": -71.0707034}, "arr_time": 1676290567, "arr_date_time": "2023-02-13T07:16:07-05:00", "end_time": 1676290867, "end_date_time": "2023-02-13T07:21:07-05:00", "waiting_time": 0, "distance": 1320, "driving_time": 1267, "preparation_time": 0, "load_before": [0], "load_after": [0]}, {"type": "service", "id": "1502414020_39", "location_id": "1502414020", "address": {"location_id": "1502414020", "lat": 42.31169382, "lon": -71.0706639}, "arr_time": 1676290895, "arr_date_time": "2023-02-13T07:21:35-05:00", "end_time": 1676291195, "end_date_time": "2023-02-13T07:26:35-05:00", "waiting_time": 0, "distance": 1349, "driving_time": 1295, "preparation_time": 0, "load_before": [0], "load_after": [0]}, {"type": "service", "id": "1502394020_35", "location_id": "1502394020", "address": {"location_id": "1502394020", "lat": 42.31182769, "lon": -71.07103641}, "arr_time": 1676291287, "arr_date_time": "2023-02-13T07:28:07-05:00", "end_time": 1676291587, "end_date_time": "2023-02-13T07:33:07-05:00", "waiting_time": 0, "distance": 1445, "driving_time": 1387, "preparation_time": 0, "load_before": [0], "load_after": [0]}, {"type": "service", "id": "1502394030_36", "location_id": "1502394030", "address": {"location_id": "1502394030", "lat": 42.31188115, "lon": -71.07099881}, "arr_time": 1676291593, "arr_date_time": "2023-02-13T07:33:13-05:00", "end_time": 1676291893, "end_date_time": "2023-02-13T07:38:13-05:00", "waiting_time": 0, "distance": 1452, "driving_time": 1393, "preparation_time": 0, "load_before": [0], "load_after": [0]}, {"type": "service", "id": "1502394040_37", "location_id": "1502394040", "address": {"location_id": "1502394040", "lat": 42.31193464, "lon": -71.07096119}, "arr_time": 1676291900, "arr_date_time": "2023-02-13T07:38:20-05:00", "end_time": 1676292200, "end_date_time": "2023-02-13T07:43:20-05:00", "waiting_time": 0, "distance": 1459, "driving_time": 1400, "preparation_time": 0, "load_before": [0], "load_after": [0]}, {"type": "service", "id": "1502391000_34", "location_id": "1502391000", "address": {"location_id": "1502391000", "lat": 42.31209157, "lon": -71.07128442}, "arr_time": 1676292203, "arr_date_time": "2023-02-13T07:43:23-05:00", "end_time": 1676292503, "end_date_time": "2023-02-13T07:48:23-05:00", "waiting_time": 0, "distance": 1462, "driving_time": 1403, "preparation_time": 0, "load_before": [0], "load_after": [0]}, {"type": "service", "id": "1502390001_33", "location_id": "1502390001", "address": {"location_id": "1502390001", "lat": 42.3122445, "lon": -71.07127281}, "arr_time": 1676292517, "arr_date_time": "2023-02-13T07:48:37-05:00", "end_time": 1676292817, "end_date_time": "2023-02-13T07:53:37-05:00", "waiting_time": 0, "distance": 1477, "driving_time": 1417, "preparation_time": 0, "load_before": [0], "load_after": [0]}, {"type": "service", "id": "1502389000_32", "location_id": "1502389000", "address": {"location_id": "1502389000", "lat": 42.31238677, "lon": -71.07111176}, "arr_time": 1676292837, "arr_date_time": "2023-02-13T07:53:57-05:00", "end_time": 1676293137, "end_date_time": "2023-02-13T07:58:57-05:00", "waiting_time": 0, "distance": 1497, "driving_time": 1437, "preparation_time": 0, "load_before": [0], "load_after": [0]}, {"type": "service", "id": "1502383000_31", "location_id": "1502383000", "address": {"location_id": "1502383000", "lat": 42.31286364, "lon": -71.07039336}, "arr_time": 1676293208, "arr_date_time": "2023-02-13T08:00:08-05:00", "end_time": 1676293508, "end_date_time": "2023-02-13T08:05:08-05:00", "waiting_time": 0, "distance": 1571, "driving_time": 1508, "preparation_time": 0, "load_before": [0], "load_after": [0]}, {"type": "service", "id": "1502441000_53", "location_id": "1502441000", "address": {"location_id": "1502441000", "lat": 42.31299591, "lon": -71.07003855}, "arr_time": 1676293532, "arr_date_time": "2023-02-13T08:05:32-05:00", "end_time": 1676293832, "end_date_time": "2023-02-13T08:10:32-05:00", "waiting_time": 0, "distance": 1596, "driving_time": 1532, "preparation_time": 0, "load_before": [0], "load_after": [0]}, {"type": "service", "id": "1502381000_30", "location_id": "1502381000", "address": {"location_id": "1502381000", "lat": 42.31314051, "lon": -71.07057193}, "arr_time": 1676293865, "arr_date_time": "2023-02-13T08:11:05-05:00", "end_time": 1676294165, "end_date_time": "2023-02-13T08:16:05-05:00", "waiting_time": 0, "distance": 1630, "driving_time": 1565, "preparation_time": 0, "load_before": [0], "load_after": [0]}, {"type": "service", "id": "1502478000_63", "location_id": "1502478000", "address": {"location_id": "1502478000", "lat": 42.31359592, "lon": -71.07061193}, "arr_time": 1676294191, "arr_date_time": "2023-02-13T08:16:31-05:00", "end_time": 1676294491, "end_date_time": "2023-02-13T08:21:31-05:00", "waiting_time": 0, "distance": 1657, "driving_time": 1591, "preparation_time": 0, "load_before": [0], "load_after": [0]}, {"type": "service", "id": "1502423000_47", "location_id": "1502423000", "address": {"location_id": "1502423000", "lat": 42.31338398, "lon": -71.07006629}, "arr_time": 1676294516, "arr_date_time": "2023-02-13T08:21:56-05:00", "end_time": 1676294816, "end_date_time": "2023-02-13T08:26:56-05:00", "waiting_time": 0, "distance": 1684, "driving_time": 1616, "preparation_time": 0, "load_before": [0], "load_after": [0]}, {"type": "service", "id": "1502449000_57", "location_id": "1502449000", "address": {"location_id": "1502449000", "lat": 42.3139046, "lon": -71.06905941}, "arr_time": 1676294951, "arr_date_time": "2023-02-13T08:29:11-05:00", "end_time": 1676295251, "end_date_time": "2023-02-13T08:34:11-05:00", "waiting_time": 0, "distance": 1824, "driving_time": 1751, "preparation_time": 0, "load_before": [0], "load_after": [0]}, {"type": "service", "id": "1502492000_68", "location_id": "1502492000", "address": {"location_id": "1502492000", "lat": 42.31421839, "lon": -71.06883939}, "arr_time": 1676295256, "arr_date_time": "2023-02-13T08:34:16-05:00", "end_time": 1676295556, "end_date_time": "2023-02-13T08:39:16-05:00", "waiting_time": 0, "distance": 1830, "driving_time": 1756, "preparation_time": 0, "load_before": [0], "load_after": [0]}, {"type": "service", "id": "1502486000_67", "location_id": "1502486000", "address": {"location_id": "1502486000", "lat": 42.31423039, "lon": -71.06796168}, "arr_time": 1676295684, "arr_date_time": "2023-02-13T08:41:24-05:00", "end_time": 1676295984, "end_date_time": "2023-02-13T08:46:24-05:00", "waiting_time": 0, "distance": 1964, "driving_time": 1884, "preparation_time": 0, "load_before": [0], "load_after": [0]}, {"type": "service", "id": "1502482020_66", "location_id": "1502482020", "address": {"location_id": "1502482020", "lat": 42.3144698, "lon": -71.0684972}, "arr_time": 1676296121, "arr_date_time": "2023-02-13T08:48:41-05:00", "end_time": 1676296421, "end_date_time": "2023-02-13T08:53:41-05:00", "waiting_time": 0, "distance": 2106, "driving_time": 2021, "preparation_time": 0, "load_before": [0], "load_after": [0]}, {"type": "service", "id": "1301308000_22", "location_id": "1301308000", "address": {"location_id": "1301308000", "lat": 42.31488928, "lon": -71.06862052}, "arr_time": 1676296447, "arr_date_time": "2023-02-13T08:54:07-05:00", "end_time": 1676296747, "end_date_time": "2023-02-13T08:59:07-05:00", "waiting_time": 0, "distance": 2132, "driving_time": 2047, "preparation_time": 0, "load_before": [0], "load_after": [0]}, {"type": "service", "id": "1502482010_65", "location_id": "1502482010", "address": {"location_id": "1502482010", "lat": 42.31445678, "lon": -71.06860682}, "arr_time": 1676296780, "arr_date_time": "2023-02-13T08:59:40-05:00", "end_time": 1676297080, "end_date_time": "2023-02-13T09:04:40-05:00", "waiting_time": 0, "distance": 2167, "driving_time": 2080, "preparation_time": 0, "load_before": [0], "load_after": [0]}, {"type": "service", "id": "1502480000_64", "location_id": "1502480000", "address": {"location_id": "1502480000", "lat": 42.31442448, "lon": -71.06903945}, "arr_time": 1676297119, "arr_date_time": "2023-02-13T09:05:19-05:00", "end_time": 1676297419, "end_date_time": "2023-02-13T09:10:19-05:00", "waiting_time": 0, "distance": 2207, "driving_time": 2119, "preparation_time": 0, "load_before": [0], "load_after": [0]}, {"type": "service", "id": "1301256000_15", "location_id": "1301256000", "address": {"location_id": "1301256000", "lat": 42.31455583, "lon": -71.07000582}, "arr_time": 1676297487, "arr_date_time": "2023-02-13T09:11:27-05:00", "end_time": 1676297787, "end_date_time": "2023-02-13T09:16:27-05:00", "waiting_time": 0, "distance": 2278, "driving_time": 2187, "preparation_time": 0, "load_before": [0], "load_after": [0]}, {"type": "service", "id": "1502468000_60", "location_id": "1502468000", "address": {"location_id": "1502468000", "lat": 42.31423188, "lon": -71.07003229}, "arr_time": 1676297799, "arr_date_time": "2023-02-13T09:16:39-05:00", "end_time": 1676298099, "end_date_time": "2023-02-13T09:21:39-05:00", "waiting_time": 0, "distance": 2291, "driving_time": 2199, "preparation_time": 0, "load_before": [0], "load_after": [0]}, {"type": "service", "id": "1502467000_59", "location_id": "1502467000", "address": {"location_id": "1502467000", "lat": 42.31417489, "lon": -71.07019434}, "arr_time": 1676298109, "arr_date_time": "2023-02-13T09:21:49-05:00", "end_time": 1676298409, "end_date_time": "2023-02-13T09:26:49-05:00", "waiting_time": 0, "distance": 2303, "driving_time": 2209, "preparation_time": 0, "load_before": [0], "load_after": [0]}, {"type": "service", "id": "1301309000_23", "location_id": "1301309000", "address": {"location_id": "1301309000", "lat": 42.31510603, "lon": -71.06855675}, "arr_time": 1676298569, "arr_date_time": "2023-02-13T09:29:29-05:00", "end_time": 1676298869, "end_date_time": "2023-02-13T09:34:29-05:00", "waiting_time": 0, "distance": 2470, "driving_time": 2369, "preparation_time": 0, "load_before": [0], "load_after": [0]}, {"type": "service", "id": "1301303000_21", "location_id": "1301303000", "address": {"location_id": "1301303000", "lat": 42.31541485, "lon": -71.06881498}, "arr_time": 1676298888, "arr_date_time": "2023-02-13T09:34:48-05:00", "end_time": 1676299188, "end_date_time": "2023-02-13T09:39:48-05:00", "waiting_time": 0, "distance": 2489, "driving_time": 2388, "preparation_time": 0, "load_before": [0], "load_after": [0]}, {"type": "service", "id": "1301312000_24", "location_id": "1301312000", "address": {"location_id": "1301312000", "lat": 42.3155451, "lon": -71.06816445}, "arr_time": 1676299227, "arr_date_time": "2023-02-13T09:40:27-05:00", "end_time": 1676299527, "end_date_time": "2023-02-13T09:45:27-05:00", "waiting_time": 0, "distance": 2529, "driving_time": 2427, "preparation_time": 0, "load_before": [0], "load_after": [0]}, {"type": "service", "id": "1301301000_20", "location_id": "1301301000", "address": {"location_id": "1301301000", "lat": 42.31577223, "lon": -71.06853992}, "arr_time": 1676299531, "arr_date_time": "2023-02-13T09:45:31-05:00", "end_time": 1676299831, "end_date_time": "2023-02-13T09:50:31-05:00", "waiting_time": 0, "distance": 2533, "driving_time": 2431, "preparation_time": 0, "load_before": [0], "load_after": [0]}, {"type": "service", "id": "1301313000_25", "location_id": "1301313000", "address": {"location_id": "1301313000", "lat": 42.31571772, "lon": -71.06800546}, "arr_time": 1676299849, "arr_date_time": "2023-02-13T09:50:49-05:00", "end_time": 1676300149, "end_date_time": "2023-02-13T09:55:49-05:00", "waiting_time": 0, "distance": 2552, "driving_time": 2449, "preparation_time": 0, "load_before": [0], "load_after": [0]}, {"type": "service", "id": "1301329010_26", "location_id": "1301329010", "address": {"location_id": "1301329010", "lat": 42.31630618, "lon": -71.06746527}, "arr_time": 1676300225, "arr_date_time": "2023-02-13T09:57:05-05:00", "end_time": 1676300525, "end_date_time": "2023-02-13T10:02:05-05:00", "waiting_time": 0, "distance": 2632, "driving_time": 2525, "preparation_time": 0, "load_before": [0], "load_after": [0]}, {"type": "service", "id": "1301329020_27", "location_id": "1301329020", "address": {"location_id": "1301329020", "lat": 42.31638056, "lon": -71.06739643}, "arr_time": 1676300535, "arr_date_time": "2023-02-13T10:02:15-05:00", "end_time": 1676300835, "end_date_time": "2023-02-13T10:07:15-05:00", "waiting_time": 0, "distance": 2642, "driving_time": 2535, "preparation_time": 0, "load_before": [0], "load_after": [0]}, {"type": "service", "id": "1301330000_28", "location_id": "1301330000", "address": {"location_id": "1301330000", "lat": 42.31652017, "lon": -71.06726415}, "arr_time": 1676300853, "arr_date_time": "2023-02-13T10:07:33-05:00", "end_time": 1676301153, "end_date_time": "2023-02-13T10:12:33-05:00", "waiting_time": 0, "distance": 2661, "driving_time": 2553, "preparation_time": 0, "load_before": [0], "load_after": [0]}, {"type": "service", "id": "1301293000_19", "location_id": "1301293000", "address": {"location_id": "1301293000", "lat": 42.31698811, "lon": -71.06746261}, "arr_time": 1676301185, "arr_date_time": "2023-02-13T10:13:05-05:00", "end_time": 1676301485, "end_date_time": "2023-02-13T10:18:05-05:00", "waiting_time": 0, "distance": 2695, "driving_time": 2585, "preparation_time": 0, "load_before": [0], "load_after": [0]}, {"type": "service", "id": "1301351000_29", "location_id": "1301351000", "address": {"location_id": "1301351000", "lat": 42.31625333, "lon": -71.06708216}, "arr_time": 1676301664, "arr_date_time": "2023-02-13T10:21:04-05:00", "end_time": 1676301964, "end_date_time": "2023-02-13T10:26:04-05:00", "waiting_time": 0, "distance": 2881, "driving_time": 2764, "preparation_time": 0, "load_before": [0], "load_after": [0]}]}], "unassigned": {"services": [], "shipments": [], "breaks": [], "details": []}}}