{"copyrights": ["GraphHopper", "OpenStreetMap contributors"], "job_id": "c8c502ef-c23f-4de6-ae85-54f9ae7c6e83", "status": "finished", "waiting_time_in_queue": 0, "processing_time": 155, "solution": {"costs": 343, "distance": 2527, "time": 2428, "transport_time": 2428, "completion_time": 17728, "max_operation_time": 17728, "waiting_time": 0, "service_duration": 15300, "preparation_time": 0, "no_vehicles": 1, "no_unassigned": 0, "routes": [{"vehicle_id": "my_vehicle", "shift_id": "default-shift", "distance": 2527, "transport_time": 2428, "completion_time": 17728, "waiting_time": 0, "service_duration": 15300, "preparation_time": 0, "activities": [{"type": "start", "location_id": "1502371000", "address": {"location_id": "1502371000", "lat": 42.30778501, "lon": -71.07212432}, "arr_time": 1676278800, "arr_date_time": "2023-02-13T04:00:00-05:00", "end_time": 1676278800, "end_date_time": "2023-02-13T04:00:00-05:00", "waiting_time": 0, "distance": 0, "driving_time": 0, "preparation_time": 0, "load_after": [0]}, {"type": "service", "id": "1502364000_50", "location_id": "1502364000", "address": {"location_id": "1502364000", "lat": 42.30744287, "lon": -71.07210695}, "arr_time": 1676278821, "arr_date_time": "2023-02-13T04:00:21-05:00", "end_time": 1676279121, "end_date_time": "2023-02-13T04:05:21-05:00", "waiting_time": 0, "distance": 22, "driving_time": 21, "preparation_time": 0, "load_before": [0], "load_after": [0]}, {"type": "service", "id": "1400012000_01", "location_id": "1400012000", "address": {"location_id": "1400012000", "lat": 42.30690416, "lon": -71.07230757}, "arr_time": 1676279203, "arr_date_time": "2023-02-13T04:06:43-05:00", "end_time": 1676279503, "end_date_time": "2023-02-13T04:11:43-05:00", "waiting_time": 0, "distance": 107, "driving_time": 103, "preparation_time": 0, "load_before": [0], "load_after": [0]}, {"type": "service", "id": "1400021000_05", "location_id": "1400021000", "address": {"location_id": "1400021000", "lat": 42.30652467, "lon": -71.07202903}, "arr_time": 1676279560, "arr_date_time": "2023-02-13T04:12:40-05:00", "end_time": 1676279860, "end_date_time": "2023-02-13T04:17:40-05:00", "waiting_time": 0, "distance": 167, "driving_time": 160, "preparation_time": 0, "load_before": [0], "load_after": [0]}, {"type": "service", "id": "1400020000_04", "location_id": "1400020000", "address": {"location_id": "1400020000", "lat": 42.30642641, "lon": -71.07209064}, "arr_time": 1676279872, "arr_date_time": "2023-02-13T04:17:52-05:00", "end_time": 1676280172, "end_date_time": "2023-02-13T04:22:52-05:00", "waiting_time": 0, "distance": 179, "driving_time": 172, "preparation_time": 0, "load_before": [0], "load_after": [0]}, {"type": "service", "id": "1400019000_03", "location_id": "1400019000", "address": {"location_id": "1400019000", "lat": 42.3063046, "lon": -71.0721382}, "arr_time": 1676280184, "arr_date_time": "2023-02-13T04:23:04-05:00", "end_time": 1676280484, "end_date_time": "2023-02-13T04:28:04-05:00", "waiting_time": 0, "distance": 192, "driving_time": 184, "preparation_time": 0, "load_before": [0], "load_after": [0]}, {"type": "service", "id": "1400014000_02", "location_id": "1400014000", "address": {"location_id": "1400014000", "lat": 42.30669458, "lon": -71.07244386}, "arr_time": 1676280511, "arr_date_time": "2023-02-13T04:28:31-05:00", "end_time": 1676280811, "end_date_time": "2023-02-13T04:33:31-05:00", "waiting_time": 0, "distance": 220, "driving_time": 211, "preparation_time": 0, "load_before": [0], "load_after": [0]}, {"type": "service", "id": "1502365000_51", "location_id": "1502365000", "address": {"location_id": "1502365000", "lat": 42.30725932, "lon": -71.07202745}, "arr_time": 1676280879, "arr_date_time": "2023-02-13T04:34:39-05:00", "end_time": 1676281179, "end_date_time": "2023-02-13T04:39:39-05:00", "waiting_time": 0, "distance": 291, "driving_time": 279, "preparation_time": 0, "load_before": [0], "load_after": [0]}, {"type": "service", "id": "1502363000_49", "location_id": "1502363000", "address": {"location_id": "1502363000", "lat": 42.30749253, "lon": -71.07185703}, "arr_time": 1676281207, "arr_date_time": "2023-02-13T04:40:07-05:00", "end_time": 1676281507, "end_date_time": "2023-02-13T04:45:07-05:00", "waiting_time": 0, "distance": 320, "driving_time": 307, "preparation_time": 0, "load_before": [0], "load_after": [0]}, {"type": "service", "id": "1502361000_48", "location_id": "1502361000", "address": {"location_id": "1502361000", "lat": 42.30767214, "lon": -71.07171537}, "arr_time": 1676281523, "arr_date_time": "2023-02-13T04:45:23-05:00", "end_time": 1676281823, "end_date_time": "2023-02-13T04:50:23-05:00", "waiting_time": 0, "distance": 336, "driving_time": 323, "preparation_time": 0, "load_before": [0], "load_after": [0]}, {"type": "service", "id": "1502358000_47", "location_id": "1502358000", "address": {"location_id": "1502358000", "lat": 42.30783643, "lon": -71.07158521}, "arr_time": 1676281888, "arr_date_time": "2023-02-13T04:51:28-05:00", "end_time": 1676282188, "end_date_time": "2023-02-13T04:56:28-05:00", "waiting_time": 0, "distance": 404, "driving_time": 388, "preparation_time": 0, "load_before": [0], "load_after": [0]}, {"type": "service", "id": "1502314010_38", "location_id": "1502314010", "address": {"location_id": "1502314010", "lat": 42.30743369, "lon": -71.07112678}, "arr_time": 1676282249, "arr_date_time": "2023-02-13T04:57:29-05:00", "end_time": 1676282549, "end_date_time": "2023-02-13T05:02:29-05:00", "waiting_time": 0, "distance": 468, "driving_time": 449, "preparation_time": 0, "load_before": [0], "load_after": [0]}, {"type": "service", "id": "1502315000_39", "location_id": "1502315000", "address": {"location_id": "1502315000", "lat": 42.30730971, "lon": -71.07106502}, "arr_time": 1676282565, "arr_date_time": "2023-02-13T05:02:45-05:00", "end_time": 1676282865, "end_date_time": "2023-02-13T05:07:45-05:00", "waiting_time": 0, "distance": 485, "driving_time": 465, "preparation_time": 0, "load_before": [0], "load_after": [0]}, {"type": "service", "id": "1502324000_41", "location_id": "1502324000", "address": {"location_id": "1502324000", "lat": 42.30660163, "lon": -71.07095149}, "arr_time": 1676282957, "arr_date_time": "2023-02-13T05:09:17-05:00", "end_time": 1676283257, "end_date_time": "2023-02-13T05:14:17-05:00", "waiting_time": 0, "distance": 581, "driving_time": 557, "preparation_time": 0, "load_before": [0], "load_after": [0]}, {"type": "service", "id": "1502321000_40", "location_id": "1502321000", "address": {"location_id": "1502321000", "lat": 42.30689868, "lon": -71.07127449}, "arr_time": 1676283268, "arr_date_time": "2023-02-13T05:14:28-05:00", "end_time": 1676283568, "end_date_time": "2023-02-13T05:19:28-05:00", "waiting_time": 0, "distance": 593, "driving_time": 568, "preparation_time": 0, "load_before": [0], "load_after": [0]}, {"type": "service", "id": "1502325000_42", "location_id": "1502325000", "address": {"location_id": "1502325000", "lat": 42.30677371, "lon": -71.07076321}, "arr_time": 1676283600, "arr_date_time": "2023-02-13T05:20:00-05:00", "end_time": 1676283900, "end_date_time": "2023-02-13T05:25:00-05:00", "waiting_time": 0, "distance": 626, "driving_time": 600, "preparation_time": 0, "load_before": [0], "load_after": [0]}, {"type": "service", "id": "1502327000_43", "location_id": "1502327000", "address": {"location_id": "1502327000", "lat": 42.3065558, "lon": -71.07064662}, "arr_time": 1676283956, "arr_date_time": "2023-02-13T05:25:56-05:00", "end_time": 1676284256, "end_date_time": "2023-02-13T05:30:56-05:00", "waiting_time": 0, "distance": 684, "driving_time": 656, "preparation_time": 0, "load_before": [0], "load_after": [0]}, {"type": "service", "id": "1502332000_45", "location_id": "1502332000", "address": {"location_id": "1502332000", "lat": 42.30620018, "lon": -71.07073412}, "arr_time": 1676284320, "arr_date_time": "2023-02-13T05:32:00-05:00", "end_time": 1676284620, "end_date_time": "2023-02-13T05:37:00-05:00", "waiting_time": 0, "distance": 750, "driving_time": 720, "preparation_time": 0, "load_before": [0], "load_after": [0]}, {"type": "service", "id": "1502293000_35", "location_id": "1502293000", "address": {"location_id": "1502293000", "lat": 42.30591058, "lon": -71.0711421}, "arr_time": 1676284631, "arr_date_time": "2023-02-13T05:37:11-05:00", "end_time": 1676284931, "end_date_time": "2023-02-13T05:42:11-05:00", "waiting_time": 0, "distance": 761, "driving_time": 731, "preparation_time": 0, "load_before": [0], "load_after": [0]}, {"type": "service", "id": "1502330000_44", "location_id": "1502330000", "address": {"location_id": "1502330000", "lat": 42.30634639, "lon": -71.0710066}, "arr_time": 1676284931, "arr_date_time": "2023-02-13T05:42:11-05:00", "end_time": 1676285231, "end_date_time": "2023-02-13T05:47:11-05:00", "waiting_time": 0, "distance": 761, "driving_time": 731, "preparation_time": 0, "load_before": [0], "load_after": [0]}, {"type": "service", "id": "1502338000_46", "location_id": "1502338000", "address": {"location_id": "1502338000", "lat": 42.30585987, "lon": -71.07025903}, "arr_time": 1676285347, "arr_date_time": "2023-02-13T05:49:07-05:00", "end_time": 1676285647, "end_date_time": "2023-02-13T05:54:07-05:00", "waiting_time": 0, "distance": 882, "driving_time": 847, "preparation_time": 0, "load_before": [0], "load_after": [0]}, {"type": "service", "id": "1502195001_09", "location_id": "1502195001", "address": {"location_id": "1502195001", "lat": 42.30531016, "lon": -71.06973542}, "arr_time": 1676285709, "arr_date_time": "2023-02-13T05:55:09-05:00", "end_time": 1676286009, "end_date_time": "2023-02-13T06:00:09-05:00", "waiting_time": 0, "distance": 947, "driving_time": 909, "preparation_time": 0, "load_before": [0], "load_after": [0]}, {"type": "service", "id": "1502197000_10", "location_id": "1502197000", "address": {"location_id": "1502197000", "lat": 42.30528106, "lon": -71.06930465}, "arr_time": 1676286043, "arr_date_time": "2023-02-13T06:00:43-05:00", "end_time": 1676286343, "end_date_time": "2023-02-13T06:05:43-05:00", "waiting_time": 0, "distance": 982, "driving_time": 943, "preparation_time": 0, "load_before": [0], "load_after": [0]}, {"type": "service", "id": "1502203000_11", "location_id": "1502203000", "address": {"location_id": "1502203000", "lat": 42.3048559, "lon": -71.06955461}, "arr_time": 1676286585, "arr_date_time": "2023-02-13T06:09:45-05:00", "end_time": 1676286885, "end_date_time": "2023-02-13T06:14:45-05:00", "waiting_time": 0, "distance": 1235, "driving_time": 1185, "preparation_time": 0, "load_before": [0], "load_after": [0]}, {"type": "service", "id": "1502204000_12", "location_id": "1502204000", "address": {"location_id": "1502204000", "lat": 42.3049558, "lon": -71.06962242}, "arr_time": 1676286897, "arr_date_time": "2023-02-13T06:14:57-05:00", "end_time": 1676287197, "end_date_time": "2023-02-13T06:19:57-05:00", "waiting_time": 0, "distance": 1247, "driving_time": 1197, "preparation_time": 0, "load_before": [0], "load_after": [0]}, {"type": "service", "id": "1502205000_13", "location_id": "1502205000", "address": {"location_id": "1502205000", "lat": 42.30505085, "lon": -71.06970009}, "arr_time": 1676287209, "arr_date_time": "2023-02-13T06:20:09-05:00", "end_time": 1676287509, "end_date_time": "2023-02-13T06:25:09-05:00", "waiting_time": 0, "distance": 1259, "driving_time": 1209, "preparation_time": 0, "load_before": [0], "load_after": [0]}, {"type": "service", "id": "1502194000_08", "location_id": "1502194000", "address": {"location_id": "1502194000", "lat": 42.30522831, "lon": -71.06999327}, "arr_time": 1676287512, "arr_date_time": "2023-02-13T06:25:12-05:00", "end_time": 1676287812, "end_date_time": "2023-02-13T06:30:12-05:00", "waiting_time": 0, "distance": 1262, "driving_time": 1212, "preparation_time": 0, "load_before": [0], "load_after": [0]}, {"type": "service", "id": "1502215000_18", "location_id": "1502215000", "address": {"location_id": "1502215000", "lat": 42.30433125, "lon": -71.07000498}, "arr_time": 1676287935, "arr_date_time": "2023-02-13T06:32:15-05:00", "end_time": 1676288235, "end_date_time": "2023-02-13T06:37:15-05:00", "waiting_time": 0, "distance": 1389, "driving_time": 1335, "preparation_time": 0, "load_before": [0], "load_after": [0]}, {"type": "service", "id": "1502214000_17", "location_id": "1502214000", "address": {"location_id": "1502214000", "lat": 42.30442062, "lon": -71.07019702}, "arr_time": 1676288251, "arr_date_time": "2023-02-13T06:37:31-05:00", "end_time": 1676288551, "end_date_time": "2023-02-13T06:42:31-05:00", "waiting_time": 0, "distance": 1406, "driving_time": 1351, "preparation_time": 0, "load_before": [0], "load_after": [0]}, {"type": "service", "id": "1502211000_16", "location_id": "1502211000", "address": {"location_id": "1502211000", "lat": 42.30461728, "lon": -71.06986472}, "arr_time": 1676288555, "arr_date_time": "2023-02-13T06:42:35-05:00", "end_time": 1676288855, "end_date_time": "2023-02-13T06:47:35-05:00", "waiting_time": 0, "distance": 1410, "driving_time": 1355, "preparation_time": 0, "load_before": [0], "load_after": [0]}, {"type": "service", "id": "1502208000_15", "location_id": "1502208000", "address": {"location_id": "1502208000", "lat": 42.30469106, "lon": -71.06994249}, "arr_time": 1676288864, "arr_date_time": "2023-02-13T06:47:44-05:00", "end_time": 1676289164, "end_date_time": "2023-02-13T06:52:44-05:00", "waiting_time": 0, "distance": 1420, "driving_time": 1364, "preparation_time": 0, "load_before": [0], "load_after": [0]}, {"type": "service", "id": "1502207000_14", "location_id": "1502207000", "address": {"location_id": "1502207000", "lat": 42.30478179, "lon": -71.07002205}, "arr_time": 1676289176, "arr_date_time": "2023-02-13T06:52:56-05:00", "end_time": 1676289476, "end_date_time": "2023-02-13T06:57:56-05:00", "waiting_time": 0, "distance": 1432, "driving_time": 1376, "preparation_time": 0, "load_before": [0], "load_after": [0]}, {"type": "service", "id": "1502217000_19", "location_id": "1502217000", "address": {"location_id": "1502217000", "lat": 42.30409327, "lon": -71.07036083}, "arr_time": 1676289585, "arr_date_time": "2023-02-13T06:59:45-05:00", "end_time": 1676289885, "end_date_time": "2023-02-13T07:04:45-05:00", "waiting_time": 0, "distance": 1546, "driving_time": 1485, "preparation_time": 0, "load_before": [0], "load_after": [0]}, {"type": "service", "id": "1502247000_29", "location_id": "1502247000", "address": {"location_id": "1502247000", "lat": 42.30395324, "lon": -71.07079636}, "arr_time": 1676289925, "arr_date_time": "2023-02-13T07:05:25-05:00", "end_time": 1676290225, "end_date_time": "2023-02-13T07:10:25-05:00", "waiting_time": 0, "distance": 1588, "driving_time": 1525, "preparation_time": 0, "load_before": [0], "load_after": [0]}, {"type": "service", "id": "1502218000_20", "location_id": "1502218000", "address": {"location_id": "1502218000", "lat": 42.30425504, "lon": -71.07041684}, "arr_time": 1676290283, "arr_date_time": "2023-02-13T07:11:23-05:00", "end_time": 1676290583, "end_date_time": "2023-02-13T07:16:23-05:00", "waiting_time": 0, "distance": 1647, "driving_time": 1583, "preparation_time": 0, "load_before": [0], "load_after": [0]}, {"type": "service", "id": "1502243000_28", "location_id": "1502243000", "address": {"location_id": "1502243000", "lat": 42.30439199, "lon": -71.07107375}, "arr_time": 1676290615, "arr_date_time": "2023-02-13T07:16:55-05:00", "end_time": 1676290915, "end_date_time": "2023-02-13T07:21:55-05:00", "waiting_time": 0, "distance": 1680, "driving_time": 1615, "preparation_time": 0, "load_before": [0], "load_after": [0]}, {"type": "service", "id": "1502222000_21", "location_id": "1502222000", "address": {"location_id": "1502222000", "lat": 42.30477538, "lon": -71.07068463}, "arr_time": 1676290943, "arr_date_time": "2023-02-13T07:22:23-05:00", "end_time": 1676291243, "end_date_time": "2023-02-13T07:27:23-05:00", "waiting_time": 0, "distance": 1709, "driving_time": 1643, "preparation_time": 0, "load_before": [0], "load_after": [0]}, {"type": "service", "id": "1502240000_27", "location_id": "1502240000", "address": {"location_id": "1502240000", "lat": 42.30479124, "lon": -71.07122659}, "arr_time": 1676291261, "arr_date_time": "2023-02-13T07:27:41-05:00", "end_time": 1676291561, "end_date_time": "2023-02-13T07:32:41-05:00", "waiting_time": 0, "distance": 1728, "driving_time": 1661, "preparation_time": 0, "load_before": [0], "load_after": [0]}, {"type": "service", "id": "1502239000_26", "location_id": "1502239000", "address": {"location_id": "1502239000", "lat": 42.30490361, "lon": -71.07129106}, "arr_time": 1676291575, "arr_date_time": "2023-02-13T07:32:55-05:00", "end_time": 1676291875, "end_date_time": "2023-02-13T07:37:55-05:00", "waiting_time": 0, "distance": 1742, "driving_time": 1675, "preparation_time": 0, "load_before": [0], "load_after": [0]}, {"type": "service", "id": "1502225000_22", "location_id": "1502225000", "address": {"location_id": "1502225000", "lat": 42.30514955, "lon": -71.07089862}, "arr_time": 1676291887, "arr_date_time": "2023-02-13T07:38:07-05:00", "end_time": 1676292187, "end_date_time": "2023-02-13T07:43:07-05:00", "waiting_time": 0, "distance": 1754, "driving_time": 1687, "preparation_time": 0, "load_before": [0], "load_after": [0]}, {"type": "service", "id": "1502238000_25", "location_id": "1502238000", "address": {"location_id": "1502238000", "lat": 42.30501564, "lon": -71.07135533}, "arr_time": 1676292188, "arr_date_time": "2023-02-13T07:43:08-05:00", "end_time": 1676292488, "end_date_time": "2023-02-13T07:48:08-05:00", "waiting_time": 0, "distance": 1755, "driving_time": 1688, "preparation_time": 0, "load_before": [0], "load_after": [0]}, {"type": "service", "id": "1502190000_06", "location_id": "1502190000", "address": {"location_id": "1502190000", "lat": 42.30534018, "lon": -71.07110614}, "arr_time": 1676292513, "arr_date_time": "2023-02-13T07:48:33-05:00", "end_time": 1676292813, "end_date_time": "2023-02-13T07:53:33-05:00", "waiting_time": 0, "distance": 1781, "driving_time": 1713, "preparation_time": 0, "load_before": [0], "load_after": [0]}, {"type": "service", "id": "1502236000_24", "location_id": "1502236000", "address": {"location_id": "1502236000", "lat": 42.30526239, "lon": -71.07147551}, "arr_time": 1676292815, "arr_date_time": "2023-02-13T07:53:35-05:00", "end_time": 1676293115, "end_date_time": "2023-02-13T07:58:35-05:00", "waiting_time": 0, "distance": 1782, "driving_time": 1715, "preparation_time": 0, "load_before": [0], "load_after": [0]}, {"type": "service", "id": "1502294000_36", "location_id": "1502294000", "address": {"location_id": "1502294000", "lat": 42.30573674, "lon": -71.07126689}, "arr_time": 1676293145, "arr_date_time": "2023-02-13T07:59:05-05:00", "end_time": 1676293445, "end_date_time": "2023-02-13T08:04:05-05:00", "waiting_time": 0, "distance": 1814, "driving_time": 1745, "preparation_time": 0, "load_before": [0], "load_after": [0]}, {"type": "service", "id": "1502192000_07", "location_id": "1502192000", "address": {"location_id": "1502192000", "lat": 42.30526356, "lon": -71.07035154}, "arr_time": 1676293529, "arr_date_time": "2023-02-13T08:05:29-05:00", "end_time": 1676293829, "end_date_time": "2023-02-13T08:10:29-05:00", "waiting_time": 0, "distance": 1901, "driving_time": 1829, "preparation_time": 0, "load_before": [0], "load_after": [0]}, {"type": "service", "id": "1502234000_23", "location_id": "1502234000", "address": {"location_id": "1502234000", "lat": 42.30538088, "lon": -71.07176497}, "arr_time": 1676293951, "arr_date_time": "2023-02-13T08:12:31-05:00", "end_time": 1676294251, "end_date_time": "2023-02-13T08:17:31-05:00", "waiting_time": 0, "distance": 2028, "driving_time": 1951, "preparation_time": 0, "load_before": [0], "load_after": [0]}, {"type": "service", "id": "1502299000_37", "location_id": "1502299000", "address": {"location_id": "1502299000", "lat": 42.30578747, "lon": -71.0719093}, "arr_time": 1676294307, "arr_date_time": "2023-02-13T08:18:27-05:00", "end_time": 1676294607, "end_date_time": "2023-02-13T08:23:27-05:00", "waiting_time": 0, "distance": 2087, "driving_time": 2007, "preparation_time": 0, "load_before": [0], "load_after": [0]}, {"type": "service", "id": "1502259020_31", "location_id": "1502259020", "address": {"location_id": "1502259020", "lat": 42.30511215, "lon": -71.07220391}, "arr_time": 1676294808, "arr_date_time": "2023-02-13T08:26:48-05:00", "end_time": 1676295108, "end_date_time": "2023-02-13T08:31:48-05:00", "waiting_time": 0, "distance": 2297, "driving_time": 2208, "preparation_time": 0, "load_before": [0], "load_after": [0]}, {"type": "service", "id": "1502271000_32", "location_id": "1502271000", "address": {"location_id": "1502271000", "lat": 42.3046699, "lon": -71.07228951}, "arr_time": 1676295135, "arr_date_time": "2023-02-13T08:32:15-05:00", "end_time": 1676295435, "end_date_time": "2023-02-13T08:37:15-05:00", "waiting_time": 0, "distance": 2325, "driving_time": 2235, "preparation_time": 0, "load_before": [0], "load_after": [0]}, {"type": "service", "id": "1502273000_33", "location_id": "1502273000", "address": {"location_id": "1502273000", "lat": 42.30436453, "lon": -71.07195456}, "arr_time": 1676295479, "arr_date_time": "2023-02-13T08:37:59-05:00", "end_time": 1676295779, "end_date_time": "2023-02-13T08:42:59-05:00", "waiting_time": 0, "distance": 2371, "driving_time": 2279, "preparation_time": 0, "load_before": [0], "load_after": [0]}, {"type": "service", "id": "1502255000_30", "location_id": "1502255000", "address": {"location_id": "1502255000", "lat": 42.3044505, "lon": -71.07156383}, "arr_time": 1676295783, "arr_date_time": "2023-02-13T08:43:03-05:00", "end_time": 1676296083, "end_date_time": "2023-02-13T08:48:03-05:00", "waiting_time": 0, "distance": 2375, "driving_time": 2283, "preparation_time": 0, "load_before": [0], "load_after": [0]}, {"type": "service", "id": "1502280000_34", "location_id": "1502280000", "address": {"location_id": "1502280000", "lat": 42.30474079, "lon": -71.07280283}, "arr_time": 1676296228, "arr_date_time": "2023-02-13T08:50:28-05:00", "end_time": 1676296528, "end_date_time": "2023-02-13T08:55:28-05:00", "waiting_time": 0, "distance": 2527, "driving_time": 2428, "preparation_time": 0, "load_before": [0], "load_after": [0]}]}], "unassigned": {"services": [], "shipments": [], "breaks": [], "details": []}}}