{"copyrights": ["GraphHopper", "OpenStreetMap contributors"], "job_id": "c594dfe3-ccf3-4436-8d71-7556d35b591e", "status": "finished", "waiting_time_in_queue": 0, "processing_time": 136, "solution": {"costs": 345, "distance": 1650, "time": 1585, "transport_time": 1585, "completion_time": 18085, "max_operation_time": 18085, "waiting_time": 0, "service_duration": 16500, "preparation_time": 0, "no_vehicles": 1, "no_unassigned": 0, "routes": [{"vehicle_id": "my_vehicle", "shift_id": "default-shift", "distance": 1650, "transport_time": 1585, "completion_time": 18085, "waiting_time": 0, "service_duration": 16500, "preparation_time": 0, "activities": [{"type": "start", "location_id": "1703356000", "address": {"location_id": "1703356000", "lat": 42.27789976, "lon": -71.07381695}, "arr_time": 1676278800, "arr_date_time": "2023-02-13T04:00:00-05:00", "end_time": 1676278800, "end_date_time": "2023-02-13T04:00:00-05:00", "waiting_time": 0, "distance": 0, "driving_time": 0, "preparation_time": 0, "load_after": [0]}, {"type": "service", "id": "1703388000_10", "location_id": "1703388000", "address": {"location_id": "1703388000", "lat": 42.27784862, "lon": -71.07328108}, "arr_time": 1676278849, "arr_date_time": "2023-02-13T04:00:49-05:00", "end_time": 1676279149, "end_date_time": "2023-02-13T04:05:49-05:00", "waiting_time": 0, "distance": 52, "driving_time": 49, "preparation_time": 0, "load_before": [0], "load_after": [0]}, {"type": "service", "id": "1703387000_09", "location_id": "1703387000", "address": {"location_id": "1703387000", "lat": 42.27783644, "lon": -71.07346931}, "arr_time": 1676279213, "arr_date_time": "2023-02-13T04:06:53-05:00", "end_time": 1676279513, "end_date_time": "2023-02-13T04:11:53-05:00", "waiting_time": 0, "distance": 118, "driving_time": 113, "preparation_time": 0, "load_before": [0], "load_after": [0]}, {"type": "service", "id": "1703359000_01", "location_id": "1703359000", "address": {"location_id": "1703359000", "lat": 42.27741468, "lon": -71.07375386}, "arr_time": 1676279551, "arr_date_time": "2023-02-13T04:12:31-05:00", "end_time": 1676279851, "end_date_time": "2023-02-13T04:17:31-05:00", "waiting_time": 0, "distance": 157, "driving_time": 151, "preparation_time": 0, "load_before": [0], "load_after": [0]}, {"type": "service", "id": "1703361000_02", "location_id": "1703361000", "address": {"location_id": "1703361000", "lat": 42.27714337, "lon": -71.0736546}, "arr_time": 1676279881, "arr_date_time": "2023-02-13T04:18:01-05:00", "end_time": 1676280181, "end_date_time": "2023-02-13T04:23:01-05:00", "waiting_time": 0, "distance": 188, "driving_time": 181, "preparation_time": 0, "load_before": [0], "load_after": [0]}, {"type": "service", "id": "1703362000_03", "location_id": "1703362000", "address": {"location_id": "1703362000", "lat": 42.27700144, "lon": -71.07360213}, "arr_time": 1676280197, "arr_date_time": "2023-02-13T04:23:17-05:00", "end_time": 1676280497, "end_date_time": "2023-02-13T04:28:17-05:00", "waiting_time": 0, "distance": 204, "driving_time": 197, "preparation_time": 0, "load_before": [0], "load_after": [0]}, {"type": "service", "id": "1703422000_23", "location_id": "1703422000", "address": {"location_id": "1703422000", "lat": 42.27697586, "lon": -71.07304651}, "arr_time": 1676280511, "arr_date_time": "2023-02-13T04:28:31-05:00", "end_time": 1676280811, "end_date_time": "2023-02-13T04:33:31-05:00", "waiting_time": 0, "distance": 219, "driving_time": 211, "preparation_time": 0, "load_before": [0], "load_after": [0]}, {"type": "service", "id": "1703363000_04", "location_id": "1703363000", "address": {"location_id": "1703363000", "lat": 42.27687517, "lon": -71.07355608}, "arr_time": 1676280811, "arr_date_time": "2023-02-13T04:33:31-05:00", "end_time": 1676281111, "end_date_time": "2023-02-13T04:38:31-05:00", "waiting_time": 0, "distance": 219, "driving_time": 211, "preparation_time": 0, "load_before": [0], "load_after": [0]}, {"type": "service", "id": "1703364000_05", "location_id": "1703364000", "address": {"location_id": "1703364000", "lat": 42.27676809, "lon": -71.07351599}, "arr_time": 1676281123, "arr_date_time": "2023-02-13T04:38:43-05:00", "end_time": 1676281423, "end_date_time": "2023-02-13T04:43:43-05:00", "waiting_time": 0, "distance": 231, "driving_time": 223, "preparation_time": 0, "load_before": [0], "load_after": [0]}, {"type": "service", "id": "1703421000_22", "location_id": "1703421000", "address": {"location_id": "1703421000", "lat": 42.27684413, "lon": -71.07299851}, "arr_time": 1676281425, "arr_date_time": "2023-02-13T04:43:45-05:00", "end_time": 1676281725, "end_date_time": "2023-02-13T04:48:45-05:00", "waiting_time": 0, "distance": 234, "driving_time": 225, "preparation_time": 0, "load_before": [0], "load_after": [0]}, {"type": "service", "id": "1703365000_06", "location_id": "1703365000", "address": {"location_id": "1703365000", "lat": 42.27664136, "lon": -71.07346927}, "arr_time": 1676281737, "arr_date_time": "2023-02-13T04:48:57-05:00", "end_time": 1676282037, "end_date_time": "2023-02-13T04:53:57-05:00", "waiting_time": 0, "distance": 246, "driving_time": 237, "preparation_time": 0, "load_before": [0], "load_after": [0]}, {"type": "service", "id": "1703366000_07", "location_id": "1703366000", "address": {"location_id": "1703366000", "lat": 42.27651282, "lon": -71.07342182}, "arr_time": 1676282052, "arr_date_time": "2023-02-13T04:54:12-05:00", "end_time": 1676282352, "end_date_time": "2023-02-13T04:59:12-05:00", "waiting_time": 0, "distance": 261, "driving_time": 252, "preparation_time": 0, "load_before": [0], "load_after": [0]}, {"type": "service", "id": "1703418000_21", "location_id": "1703418000", "address": {"location_id": "1703418000", "lat": 42.27645247, "lon": -71.07285547}, "arr_time": 1676282369, "arr_date_time": "2023-02-13T04:59:29-05:00", "end_time": 1676282669, "end_date_time": "2023-02-13T05:04:29-05:00", "waiting_time": 0, "distance": 279, "driving_time": 269, "preparation_time": 0, "load_before": [0], "load_after": [0]}, {"type": "service", "id": "1703368000_08", "location_id": "1703368000", "address": {"location_id": "1703368000", "lat": 42.27623778, "lon": -71.07332134}, "arr_time": 1676282683, "arr_date_time": "2023-02-13T05:04:43-05:00", "end_time": 1676282983, "end_date_time": "2023-02-13T05:09:43-05:00", "waiting_time": 0, "distance": 292, "driving_time": 283, "preparation_time": 0, "load_before": [0], "load_after": [0]}, {"type": "service", "id": "1703417000_20", "location_id": "1703417000", "address": {"location_id": "1703417000", "lat": 42.27632023, "lon": -71.07280741}, "arr_time": 1676282984, "arr_date_time": "2023-02-13T05:09:44-05:00", "end_time": 1676283284, "end_date_time": "2023-02-13T05:14:44-05:00", "waiting_time": 0, "distance": 294, "driving_time": 284, "preparation_time": 0, "load_before": [0], "load_after": [0]}, {"type": "service", "id": "1703415000_19", "location_id": "1703415000", "address": {"location_id": "1703415000", "lat": 42.27606165, "lon": -71.07271318}, "arr_time": 1676283312, "arr_date_time": "2023-02-13T05:15:12-05:00", "end_time": 1676283612, "end_date_time": "2023-02-13T05:20:12-05:00", "waiting_time": 0, "distance": 324, "driving_time": 312, "preparation_time": 0, "load_before": [0], "load_after": [0]}, {"type": "service", "id": "1703982000_24", "location_id": "1703982000", "address": {"location_id": "1703982000", "lat": 42.27534759, "lon": -71.07312216}, "arr_time": 1676283691, "arr_date_time": "2023-02-13T05:21:31-05:00", "end_time": 1676283991, "end_date_time": "2023-02-13T05:26:31-05:00", "waiting_time": 0, "distance": 406, "driving_time": 391, "preparation_time": 0, "load_before": [0], "load_after": [0]}, {"type": "service", "id": "1703412000_18", "location_id": "1703412000", "address": {"location_id": "1703412000", "lat": 42.27562183, "lon": -71.07274838}, "arr_time": 1676283996, "arr_date_time": "2023-02-13T05:26:36-05:00", "end_time": 1676284296, "end_date_time": "2023-02-13T05:31:36-05:00", "waiting_time": 0, "distance": 411, "driving_time": 396, "preparation_time": 0, "load_before": [0], "load_after": [0]}, {"type": "service", "id": "1703411000_17", "location_id": "1703411000", "address": {"location_id": "1703411000", "lat": 42.27551731, "lon": -71.07265973}, "arr_time": 1676284308, "arr_date_time": "2023-02-13T05:31:48-05:00", "end_time": 1676284608, "end_date_time": "2023-02-13T05:36:48-05:00", "waiting_time": 0, "distance": 424, "driving_time": 408, "preparation_time": 0, "load_before": [0], "load_after": [0]}, {"type": "service", "id": "1703985000_27", "location_id": "1703985000", "address": {"location_id": "1703985000", "lat": 42.27486742, "lon": -71.07252883}, "arr_time": 1676284659, "arr_date_time": "2023-02-13T05:37:39-05:00", "end_time": 1676284959, "end_date_time": "2023-02-13T05:42:39-05:00", "waiting_time": 0, "distance": 477, "driving_time": 459, "preparation_time": 0, "load_before": [0], "load_after": [0]}, {"type": "service", "id": "1703409000_16", "location_id": "1703409000", "address": {"location_id": "1703409000", "lat": 42.27534852, "lon": -71.07230811}, "arr_time": 1676285005, "arr_date_time": "2023-02-13T05:43:25-05:00", "end_time": 1676285305, "end_date_time": "2023-02-13T05:48:25-05:00", "waiting_time": 0, "distance": 525, "driving_time": 505, "preparation_time": 0, "load_before": [0], "load_after": [0]}, {"type": "service", "id": "1703408000_15", "location_id": "1703408000", "address": {"location_id": "1703408000", "lat": 42.27549843, "lon": -71.0722839}, "arr_time": 1676285321, "arr_date_time": "2023-02-13T05:48:41-05:00", "end_time": 1676285621, "end_date_time": "2023-02-13T05:53:41-05:00", "waiting_time": 0, "distance": 542, "driving_time": 521, "preparation_time": 0, "load_before": [0], "load_after": [0]}, {"type": "service", "id": "1703407000_14", "location_id": "1703407000", "address": {"location_id": "1703407000", "lat": 42.27569539, "lon": -71.0723468}, "arr_time": 1676285643, "arr_date_time": "2023-02-13T05:54:03-05:00", "end_time": 1676285943, "end_date_time": "2023-02-13T05:59:03-05:00", "waiting_time": 0, "distance": 564, "driving_time": 543, "preparation_time": 0, "load_before": [0], "load_after": [0]}, {"type": "service", "id": "1703406000_13", "location_id": "1703406000", "address": {"location_id": "1703406000", "lat": 42.2757896, "lon": -71.07233098}, "arr_time": 1676285953, "arr_date_time": "2023-02-13T05:59:13-05:00", "end_time": 1676286253, "end_date_time": "2023-02-13T06:04:13-05:00", "waiting_time": 0, "distance": 575, "driving_time": 553, "preparation_time": 0, "load_before": [0], "load_after": [0]}, {"type": "service", "id": "1703405000_12", "location_id": "1703405000", "address": {"location_id": "1703405000", "lat": 42.27589497, "lon": -71.07231298}, "arr_time": 1676286264, "arr_date_time": "2023-02-13T06:04:24-05:00", "end_time": 1676286564, "end_date_time": "2023-02-13T06:09:24-05:00", "waiting_time": 0, "distance": 587, "driving_time": 564, "preparation_time": 0, "load_before": [0], "load_after": [0]}, {"type": "service", "id": "1703404000_11", "location_id": "1703404000", "address": {"location_id": "1703404000", "lat": 42.27603182, "lon": -71.07231815}, "arr_time": 1676286583, "arr_date_time": "2023-02-13T06:09:43-05:00", "end_time": 1676286883, "end_date_time": "2023-02-13T06:14:43-05:00", "waiting_time": 0, "distance": 606, "driving_time": 583, "preparation_time": 0, "load_before": [0], "load_after": [0]}, {"type": "service", "id": "1703986000_28", "location_id": "1703986000", "address": {"location_id": "1703986000", "lat": 42.27478906, "lon": -71.07236556}, "arr_time": 1676287028, "arr_date_time": "2023-02-13T06:17:08-05:00", "end_time": 1676287328, "end_date_time": "2023-02-13T06:22:08-05:00", "waiting_time": 0, "distance": 757, "driving_time": 728, "preparation_time": 0, "load_before": [0], "load_after": [0]}, {"type": "service", "id": "1703987000_29", "location_id": "1703987000", "address": {"location_id": "1703987000", "lat": 42.27467009, "lon": -71.07235102}, "arr_time": 1676287335, "arr_date_time": "2023-02-13T06:22:15-05:00", "end_time": 1676287635, "end_date_time": "2023-02-13T06:27:15-05:00", "waiting_time": 0, "distance": 764, "driving_time": 735, "preparation_time": 0, "load_before": [0], "load_after": [0]}, {"type": "service", "id": "1703988000_30", "location_id": "1703988000", "address": {"location_id": "1703988000", "lat": 42.27453547, "lon": -71.07237213}, "arr_time": 1676287648, "arr_date_time": "2023-02-13T06:27:28-05:00", "end_time": 1676287948, "end_date_time": "2023-02-13T06:32:28-05:00", "waiting_time": 0, "distance": 778, "driving_time": 748, "preparation_time": 0, "load_before": [0], "load_after": [0]}, {"type": "service", "id": "1703991000_31", "location_id": "1703991000", "address": {"location_id": "1703991000", "lat": 42.27418996, "lon": -71.07216241}, "arr_time": 1676287988, "arr_date_time": "2023-02-13T06:33:08-05:00", "end_time": 1676288288, "end_date_time": "2023-02-13T06:38:08-05:00", "waiting_time": 0, "distance": 819, "driving_time": 788, "preparation_time": 0, "load_before": [0], "load_after": [0]}, {"type": "service", "id": "1704011007_38", "location_id": "1704011007", "address": {"location_id": "1704011007", "lat": 42.2738897, "lon": -71.07299558}, "arr_time": 1676288408, "arr_date_time": "2023-02-13T06:40:08-05:00", "end_time": 1676288708, "end_date_time": "2023-02-13T06:45:08-05:00", "waiting_time": 0, "distance": 944, "driving_time": 908, "preparation_time": 0, "load_before": [0], "load_after": [0]}, {"type": "service", "id": "1704019000_55", "location_id": "1704019000", "address": {"location_id": "1704019000", "lat": 42.27405088, "lon": -71.07305215}, "arr_time": 1676288763, "arr_date_time": "2023-02-13T06:46:03-05:00", "end_time": 1676289063, "end_date_time": "2023-02-13T06:51:03-05:00", "waiting_time": 0, "distance": 1001, "driving_time": 963, "preparation_time": 0, "load_before": [0], "load_after": [0]}, {"type": "service", "id": "1703997000_32", "location_id": "1703997000", "address": {"location_id": "1703997000", "lat": 42.27421804, "lon": -71.07264097}, "arr_time": 1676289072, "arr_date_time": "2023-02-13T06:51:12-05:00", "end_time": 1676289372, "end_date_time": "2023-02-13T06:56:12-05:00", "waiting_time": 0, "distance": 1011, "driving_time": 972, "preparation_time": 0, "load_before": [0], "load_after": [0]}, {"type": "service", "id": "1703998000_33", "location_id": "1703998000", "address": {"location_id": "1703998000", "lat": 42.27438325, "lon": -71.07269426}, "arr_time": 1676289391, "arr_date_time": "2023-02-13T06:56:31-05:00", "end_time": 1676289691, "end_date_time": "2023-02-13T07:01:31-05:00", "waiting_time": 0, "distance": 1030, "driving_time": 991, "preparation_time": 0, "load_before": [0], "load_after": [0]}, {"type": "service", "id": "1704018000_54", "location_id": "1704018000", "address": {"location_id": "1704018000", "lat": 42.27427625, "lon": -71.0731051}, "arr_time": 1676289723, "arr_date_time": "2023-02-13T07:02:03-05:00", "end_time": 1676290023, "end_date_time": "2023-02-13T07:07:03-05:00", "waiting_time": 0, "distance": 1063, "driving_time": 1023, "preparation_time": 0, "load_before": [0], "load_after": [0]}, {"type": "service", "id": "1704017007_52", "location_id": "1704017007", "address": {"location_id": "1704017007", "lat": 42.27451604, "lon": -71.0732638}, "arr_time": 1676290028, "arr_date_time": "2023-02-13T07:07:08-05:00", "end_time": 1676290328, "end_date_time": "2023-02-13T07:12:08-05:00", "waiting_time": 0, "distance": 1069, "driving_time": 1028, "preparation_time": 0, "load_before": [0], "load_after": [0]}, {"type": "service", "id": "1704017006_51", "location_id": "1704017006", "address": {"location_id": "1704017006", "lat": 42.27447593, "lon": -71.07343893}, "arr_time": 1676290339, "arr_date_time": "2023-02-13T07:12:19-05:00", "end_time": 1676290639, "end_date_time": "2023-02-13T07:17:19-05:00", "waiting_time": 0, "distance": 1080, "driving_time": 1039, "preparation_time": 0, "load_before": [0], "load_after": [0]}, {"type": "service", "id": "1704017008_53", "location_id": "1704017008", "address": {"location_id": "1704017008", "lat": 42.27455505, "lon": -71.07308672}, "arr_time": 1676290687, "arr_date_time": "2023-02-13T07:18:07-05:00", "end_time": 1676290987, "end_date_time": "2023-02-13T07:23:07-05:00", "waiting_time": 0, "distance": 1130, "driving_time": 1087, "preparation_time": 0, "load_before": [0], "load_after": [0]}, {"type": "service", "id": "1704000000_34", "location_id": "1704000000", "address": {"location_id": "1704000000", "lat": 42.27466995, "lon": -71.0727253}, "arr_time": 1676290992, "arr_date_time": "2023-02-13T07:23:12-05:00", "end_time": 1676291292, "end_date_time": "2023-02-13T07:28:12-05:00", "waiting_time": 0, "distance": 1135, "driving_time": 1092, "preparation_time": 0, "load_before": [0], "load_after": [0]}, {"type": "service", "id": "1703984000_26", "location_id": "1703984000", "address": {"location_id": "1703984000", "lat": 42.27493614, "lon": -71.07276014}, "arr_time": 1676291307, "arr_date_time": "2023-02-13T07:28:27-05:00", "end_time": 1676291607, "end_date_time": "2023-02-13T07:33:27-05:00", "waiting_time": 0, "distance": 1150, "driving_time": 1107, "preparation_time": 0, "load_before": [0], "load_after": [0]}, {"type": "service", "id": "1703983000_25", "location_id": "1703983000", "address": {"location_id": "1703983000", "lat": 42.27496888, "lon": -71.07295856}, "arr_time": 1676291607, "arr_date_time": "2023-02-13T07:33:27-05:00", "end_time": 1676291907, "end_date_time": "2023-02-13T07:38:27-05:00", "waiting_time": 0, "distance": 1150, "driving_time": 1107, "preparation_time": 0, "load_before": [0], "load_after": [0]}, {"type": "service", "id": "1704017005_50", "location_id": "1704017005", "address": {"location_id": "1704017005", "lat": 42.27443386, "lon": -71.07361331}, "arr_time": 1676291963, "arr_date_time": "2023-02-13T07:39:23-05:00", "end_time": 1676292263, "end_date_time": "2023-02-13T07:44:23-05:00", "waiting_time": 0, "distance": 1209, "driving_time": 1163, "preparation_time": 0, "load_before": [0], "load_after": [0]}, {"type": "service", "id": "1704017004_49", "location_id": "1704017004", "address": {"location_id": "1704017004", "lat": 42.27439276, "lon": -71.07379044}, "arr_time": 1676292277, "arr_date_time": "2023-02-13T07:44:37-05:00", "end_time": 1676292577, "end_date_time": "2023-02-13T07:49:37-05:00", "waiting_time": 0, "distance": 1224, "driving_time": 1177, "preparation_time": 0, "load_before": [0], "load_after": [0]}, {"type": "service", "id": "1704017003_48", "location_id": "1704017003", "address": {"location_id": "1704017003", "lat": 42.27432649, "lon": -71.07396357}, "arr_time": 1676292592, "arr_date_time": "2023-02-13T07:49:52-05:00", "end_time": 1676292892, "end_date_time": "2023-02-13T07:54:52-05:00", "waiting_time": 0, "distance": 1240, "driving_time": 1192, "preparation_time": 0, "load_before": [0], "load_after": [0]}, {"type": "service", "id": "1704017000_47", "location_id": "1704017000", "address": {"location_id": "1704017000", "lat": 42.27416637, "lon": -71.07447498}, "arr_time": 1676292935, "arr_date_time": "2023-02-13T07:55:35-05:00", "end_time": 1676293235, "end_date_time": "2023-02-13T08:00:35-05:00", "waiting_time": 0, "distance": 1284, "driving_time": 1235, "preparation_time": 0, "load_before": [0], "load_after": [0]}, {"type": "service", "id": "1704016002_46", "location_id": "1704016002", "address": {"location_id": "1704016002", "lat": 42.27413528, "lon": -71.07464946}, "arr_time": 1676293249, "arr_date_time": "2023-02-13T08:00:49-05:00", "end_time": 1676293549, "end_date_time": "2023-02-13T08:05:49-05:00", "waiting_time": 0, "distance": 1299, "driving_time": 1249, "preparation_time": 0, "load_before": [0], "load_after": [0]}, {"type": "service", "id": "1704001000_35", "location_id": "1704001000", "address": {"location_id": "1704001000", "lat": 42.27450613, "lon": -71.07514818}, "arr_time": 1676293577, "arr_date_time": "2023-02-13T08:06:17-05:00", "end_time": 1676293877, "end_date_time": "2023-02-13T08:11:17-05:00", "waiting_time": 0, "distance": 1328, "driving_time": 1277, "preparation_time": 0, "load_before": [0], "load_after": [0]}, {"type": "service", "id": "1704001001_36", "location_id": "1704001001", "address": {"location_id": "1704001001", "lat": 42.2744648, "lon": -71.07535762}, "arr_time": 1676293895, "arr_date_time": "2023-02-13T08:11:35-05:00", "end_time": 1676294195, "end_date_time": "2023-02-13T08:16:35-05:00", "waiting_time": 0, "distance": 1346, "driving_time": 1295, "preparation_time": 0, "load_before": [0], "load_after": [0]}, {"type": "service", "id": "1704001002_37", "location_id": "1704001002", "address": {"location_id": "1704001002", "lat": 42.27441061, "lon": -71.07555509}, "arr_time": 1676294211, "arr_date_time": "2023-02-13T08:16:51-05:00", "end_time": 1676294511, "end_date_time": "2023-02-13T08:21:51-05:00", "waiting_time": 0, "distance": 1363, "driving_time": 1311, "preparation_time": 0, "load_before": [0], "load_after": [0]}, {"type": "service", "id": "1704014001_45", "location_id": "1704014001", "address": {"location_id": "1704014001", "lat": 42.27402825, "lon": -71.07562645}, "arr_time": 1676294527, "arr_date_time": "2023-02-13T08:22:07-05:00", "end_time": 1676294827, "end_date_time": "2023-02-13T08:27:07-05:00", "waiting_time": 0, "distance": 1380, "driving_time": 1327, "preparation_time": 0, "load_before": [0], "load_after": [0]}, {"type": "service", "id": "1704013002_44", "location_id": "1704013002", "address": {"location_id": "1704013002", "lat": 42.2735284, "lon": -71.0753695}, "arr_time": 1676294948, "arr_date_time": "2023-02-13T08:29:08-05:00", "end_time": 1676295248, "end_date_time": "2023-02-13T08:34:08-05:00", "waiting_time": 0, "distance": 1507, "driving_time": 1448, "preparation_time": 0, "load_before": [0], "load_after": [0]}, {"type": "service", "id": "1704013000_43", "location_id": "1704013000", "address": {"location_id": "1704013000", "lat": 42.27374031, "lon": -71.07489416}, "arr_time": 1676295289, "arr_date_time": "2023-02-13T08:34:49-05:00", "end_time": 1676295589, "end_date_time": "2023-02-13T08:39:49-05:00", "waiting_time": 0, "distance": 1550, "driving_time": 1489, "preparation_time": 0, "load_before": [0], "load_after": [0]}, {"type": "service", "id": "1704012004_42", "location_id": "1704012004", "address": {"location_id": "1704012004", "lat": 42.27375584, "lon": -71.07467461}, "arr_time": 1676295607, "arr_date_time": "2023-02-13T08:40:07-05:00", "end_time": 1676295907, "end_date_time": "2023-02-13T08:45:07-05:00", "waiting_time": 0, "distance": 1568, "driving_time": 1507, "preparation_time": 0, "load_before": [0], "load_after": [0]}, {"type": "service", "id": "1704012002_41", "location_id": "1704012002", "address": {"location_id": "1704012002", "lat": 42.2738043, "lon": -71.07437539}, "arr_time": 1676295931, "arr_date_time": "2023-02-13T08:45:31-05:00", "end_time": 1676296231, "end_date_time": "2023-02-13T08:50:31-05:00", "waiting_time": 0, "distance": 1593, "driving_time": 1531, "preparation_time": 0, "load_before": [0], "load_after": [0]}, {"type": "service", "id": "1704011011_40", "location_id": "1704011011", "address": {"location_id": "1704011011", "lat": 42.27388752, "lon": -71.07385098}, "arr_time": 1676296273, "arr_date_time": "2023-02-13T08:51:13-05:00", "end_time": 1676296573, "end_date_time": "2023-02-13T08:56:13-05:00", "waiting_time": 0, "distance": 1637, "driving_time": 1573, "preparation_time": 0, "load_before": [0], "load_after": [0]}, {"type": "service", "id": "1704011009_39", "location_id": "1704011009", "address": {"location_id": "1704011009", "lat": 42.27385739, "lon": -71.07367932}, "arr_time": 1676296585, "arr_date_time": "2023-02-13T08:56:25-05:00", "end_time": 1676296885, "end_date_time": "2023-02-13T09:01:25-05:00", "waiting_time": 0, "distance": 1650, "driving_time": 1585, "preparation_time": 0, "load_before": [0], "load_after": [0]}]}], "unassigned": {"services": [], "shipments": [], "breaks": [], "details": []}}}