{"copyrights": ["GraphHopper", "OpenStreetMap contributors"], "job_id": "fc927942-09c6-4cba-91a4-306667f56e10", "status": "finished", "waiting_time_in_queue": 0, "processing_time": 88, "solution": {"costs": 311, "distance": 1238, "time": 1185, "transport_time": 1185, "completion_time": 13785, "max_operation_time": 13785, "waiting_time": 0, "service_duration": 12600, "preparation_time": 0, "no_vehicles": 1, "no_unassigned": 0, "routes": [{"vehicle_id": "my_vehicle", "shift_id": "default-shift", "distance": 1238, "transport_time": 1185, "completion_time": 13785, "waiting_time": 0, "service_duration": 12600, "preparation_time": 0, "activities": [{"type": "start", "location_id": "1803309000", "address": {"location_id": "1803309000", "lat": 42.28142953, "lon": -71.09859512}, "arr_time": 1676278800, "arr_date_time": "2023-02-13T04:00:00-05:00", "end_time": 1676278800, "end_date_time": "2023-02-13T04:00:00-05:00", "waiting_time": 0, "distance": 0, "driving_time": 0, "preparation_time": 0, "load_after": [0]}, {"type": "service", "id": "1803311000_31", "location_id": "1803311000", "address": {"location_id": "1803311000", "lat": 42.2813504, "lon": -71.09827559}, "arr_time": 1676278829, "arr_date_time": "2023-02-13T04:00:29-05:00", "end_time": 1676279129, "end_date_time": "2023-02-13T04:05:29-05:00", "waiting_time": 0, "distance": 31, "driving_time": 29, "preparation_time": 0, "load_before": [0], "load_after": [0]}, {"type": "service", "id": "1803314000_32", "location_id": "1803314000", "address": {"location_id": "1803314000", "lat": 42.28100457, "lon": -71.09833057}, "arr_time": 1676279221, "arr_date_time": "2023-02-13T04:07:01-05:00", "end_time": 1676279521, "end_date_time": "2023-02-13T04:12:01-05:00", "waiting_time": 0, "distance": 126, "driving_time": 121, "preparation_time": 0, "load_before": [0], "load_after": [0]}, {"type": "service", "id": "1803283000_18", "location_id": "1803283000", "address": {"location_id": "1803283000", "lat": 42.28078426, "lon": -71.09838246}, "arr_time": 1676279523, "arr_date_time": "2023-02-13T04:12:03-05:00", "end_time": 1676279823, "end_date_time": "2023-02-13T04:17:03-05:00", "waiting_time": 0, "distance": 128, "driving_time": 123, "preparation_time": 0, "load_before": [0], "load_after": [0]}, {"type": "service", "id": "1803282000_17", "location_id": "1803282000", "address": {"location_id": "1803282000", "lat": 42.28077468, "lon": -71.09864638}, "arr_time": 1676279851, "arr_date_time": "2023-02-13T04:17:31-05:00", "end_time": 1676280151, "end_date_time": "2023-02-13T04:22:31-05:00", "waiting_time": 0, "distance": 157, "driving_time": 151, "preparation_time": 0, "load_before": [0], "load_after": [0]}, {"type": "service", "id": "1803318000_33", "location_id": "1803318000", "address": {"location_id": "1803318000", "lat": 42.28090152, "lon": -71.09900347}, "arr_time": 1676280161, "arr_date_time": "2023-02-13T04:22:41-05:00", "end_time": 1676280461, "end_date_time": "2023-02-13T04:27:41-05:00", "waiting_time": 0, "distance": 168, "driving_time": 161, "preparation_time": 0, "load_before": [0], "load_after": [0]}, {"type": "service", "id": "1803281000_16", "location_id": "1803281000", "address": {"location_id": "1803281000", "lat": 42.28059605, "lon": -71.09876295}, "arr_time": 1676280476, "arr_date_time": "2023-02-13T04:27:56-05:00", "end_time": 1676280776, "end_date_time": "2023-02-13T04:32:56-05:00", "waiting_time": 0, "distance": 184, "driving_time": 176, "preparation_time": 0, "load_before": [0], "load_after": [0]}, {"type": "service", "id": "1803320000_34", "location_id": "1803320000", "address": {"location_id": "1803320000", "lat": 42.28073003, "lon": -71.09918154}, "arr_time": 1676280784, "arr_date_time": "2023-02-13T04:33:04-05:00", "end_time": 1676281084, "end_date_time": "2023-02-13T04:38:04-05:00", "waiting_time": 0, "distance": 193, "driving_time": 184, "preparation_time": 0, "load_before": [0], "load_after": [0]}, {"type": "service", "id": "1803280000_15", "location_id": "1803280000", "address": {"location_id": "1803280000", "lat": 42.28048642, "lon": -71.09881612}, "arr_time": 1676281088, "arr_date_time": "2023-02-13T04:38:08-05:00", "end_time": 1676281388, "end_date_time": "2023-02-13T04:43:08-05:00", "waiting_time": 0, "distance": 197, "driving_time": 188, "preparation_time": 0, "load_before": [0], "load_after": [0]}, {"type": "service", "id": "1803279000_14", "location_id": "1803279000", "address": {"location_id": "1803279000", "lat": 42.2803773, "lon": -71.09884132}, "arr_time": 1676281399, "arr_date_time": "2023-02-13T04:43:19-05:00", "end_time": 1676281699, "end_date_time": "2023-02-13T04:48:19-05:00", "waiting_time": 0, "distance": 208, "driving_time": 199, "preparation_time": 0, "load_before": [0], "load_after": [0]}, {"type": "service", "id": "1803322000_35", "location_id": "1803322000", "address": {"location_id": "1803322000", "lat": 42.28055161, "lon": -71.09936195}, "arr_time": 1676281708, "arr_date_time": "2023-02-13T04:48:28-05:00", "end_time": 1676282008, "end_date_time": "2023-02-13T04:53:28-05:00", "waiting_time": 0, "distance": 218, "driving_time": 208, "preparation_time": 0, "load_before": [0], "load_after": [0]}, {"type": "service", "id": "1803323000_36", "location_id": "1803323000", "address": {"location_id": "1803323000", "lat": 42.28046858, "lon": -71.09946813}, "arr_time": 1676282021, "arr_date_time": "2023-02-13T04:53:41-05:00", "end_time": 1676282321, "end_date_time": "2023-02-13T04:58:41-05:00", "waiting_time": 0, "distance": 232, "driving_time": 221, "preparation_time": 0, "load_before": [0], "load_after": [0]}, {"type": "service", "id": "1803284000_19", "location_id": "1803284000", "address": {"location_id": "1803284000", "lat": 42.28066594, "lon": -71.09841276}, "arr_time": 1676282468, "arr_date_time": "2023-02-13T05:01:08-05:00", "end_time": 1676282768, "end_date_time": "2023-02-13T05:06:08-05:00", "waiting_time": 0, "distance": 385, "driving_time": 368, "preparation_time": 0, "load_before": [0], "load_after": [0]}, {"type": "service", "id": "1803286000_20", "location_id": "1803286000", "address": {"location_id": "1803286000", "lat": 42.2803293, "lon": -71.09849746}, "arr_time": 1676282804, "arr_date_time": "2023-02-13T05:06:44-05:00", "end_time": 1676283104, "end_date_time": "2023-02-13T05:11:44-05:00", "waiting_time": 0, "distance": 423, "driving_time": 404, "preparation_time": 0, "load_before": [0], "load_after": [0]}, {"type": "service", "id": "1803287000_21", "location_id": "1803287000", "address": {"location_id": "1803287000", "lat": 42.28021953, "lon": -71.09852283}, "arr_time": 1676283115, "arr_date_time": "2023-02-13T05:11:55-05:00", "end_time": 1676283415, "end_date_time": "2023-02-13T05:16:55-05:00", "waiting_time": 0, "distance": 434, "driving_time": 415, "preparation_time": 0, "load_before": [0], "load_after": [0]}, {"type": "service", "id": "1803289000_22", "location_id": "1803289000", "address": {"location_id": "1803289000", "lat": 42.2798955, "lon": -71.09858587}, "arr_time": 1676283449, "arr_date_time": "2023-02-13T05:17:29-05:00", "end_time": 1676283749, "end_date_time": "2023-02-13T05:22:29-05:00", "waiting_time": 0, "distance": 470, "driving_time": 449, "preparation_time": 0, "load_before": [0], "load_after": [0]}, {"type": "service", "id": "1803290000_23", "location_id": "1803290000", "address": {"location_id": "1803290000", "lat": 42.27979979, "lon": -71.09860338}, "arr_time": 1676283760, "arr_date_time": "2023-02-13T05:22:40-05:00", "end_time": 1676284060, "end_date_time": "2023-02-13T05:27:40-05:00", "waiting_time": 0, "distance": 481, "driving_time": 460, "preparation_time": 0, "load_before": [0], "load_after": [0]}, {"type": "service", "id": "1803291000_24", "location_id": "1803291000", "address": {"location_id": "1803291000", "lat": 42.27967719, "lon": -71.09862499}, "arr_time": 1676284073, "arr_date_time": "2023-02-13T05:27:53-05:00", "end_time": 1676284373, "end_date_time": "2023-02-13T05:32:53-05:00", "waiting_time": 0, "distance": 495, "driving_time": 473, "preparation_time": 0, "load_before": [0], "load_after": [0]}, {"type": "service", "id": "1803294000_25", "location_id": "1803294000", "address": {"location_id": "1803294000", "lat": 42.27933679, "lon": -71.09871007}, "arr_time": 1676284436, "arr_date_time": "2023-02-13T05:33:56-05:00", "end_time": 1676284736, "end_date_time": "2023-02-13T05:38:56-05:00", "waiting_time": 0, "distance": 560, "driving_time": 536, "preparation_time": 0, "load_before": [0], "load_after": [0]}, {"type": "service", "id": "1803295000_26", "location_id": "1803295000", "address": {"location_id": "1803295000", "lat": 42.27924866, "lon": -71.09881609}, "arr_time": 1676284747, "arr_date_time": "2023-02-13T05:39:07-05:00", "end_time": 1676285047, "end_date_time": "2023-02-13T05:44:07-05:00", "waiting_time": 0, "distance": 571, "driving_time": 547, "preparation_time": 0, "load_before": [0], "load_after": [0]}, {"type": "service", "id": "1802910000_09", "location_id": "1802910000", "address": {"location_id": "1802910000", "lat": 42.27874202, "lon": -71.0988411}, "arr_time": 1676285085, "arr_date_time": "2023-02-13T05:44:45-05:00", "end_time": 1676285385, "end_date_time": "2023-02-13T05:49:45-05:00", "waiting_time": 0, "distance": 611, "driving_time": 585, "preparation_time": 0, "load_before": [0], "load_after": [0]}, {"type": "service", "id": "1803298000_27", "location_id": "1803298000", "address": {"location_id": "1803298000", "lat": 42.27901313, "lon": -71.09914174}, "arr_time": 1676285416, "arr_date_time": "2023-02-13T05:50:16-05:00", "end_time": 1676285716, "end_date_time": "2023-02-13T05:55:16-05:00", "waiting_time": 0, "distance": 644, "driving_time": 616, "preparation_time": 0, "load_before": [0], "load_after": [0]}, {"type": "service", "id": "1803269000_10", "location_id": "1803269000", "address": {"location_id": "1803269000", "lat": 42.27922058, "lon": -71.09922667}, "arr_time": 1676285764, "arr_date_time": "2023-02-13T05:56:04-05:00", "end_time": 1676286064, "end_date_time": "2023-02-13T06:01:04-05:00", "waiting_time": 0, "distance": 694, "driving_time": 664, "preparation_time": 0, "load_before": [0], "load_after": [0]}, {"type": "service", "id": "1803270000_11", "location_id": "1803270000", "address": {"location_id": "1803270000", "lat": 42.27939463, "lon": -71.09906825}, "arr_time": 1676286081, "arr_date_time": "2023-02-13T06:01:21-05:00", "end_time": 1676286381, "end_date_time": "2023-02-13T06:06:21-05:00", "waiting_time": 0, "distance": 712, "driving_time": 681, "preparation_time": 0, "load_before": [0], "load_after": [0]}, {"type": "service", "id": "1803306000_30", "location_id": "1803306000", "address": {"location_id": "1803306000", "lat": 42.27972166, "lon": -71.09955505}, "arr_time": 1676286409, "arr_date_time": "2023-02-13T06:06:49-05:00", "end_time": 1676286709, "end_date_time": "2023-02-13T06:11:49-05:00", "waiting_time": 0, "distance": 741, "driving_time": 709, "preparation_time": 0, "load_before": [0], "load_after": [0]}, {"type": "service", "id": "1803305000_29", "location_id": "1803305000", "address": {"location_id": "1803305000", "lat": 42.27983263, "lon": -71.09948551}, "arr_time": 1676286721, "arr_date_time": "2023-02-13T06:12:01-05:00", "end_time": 1676287021, "end_date_time": "2023-02-13T06:17:01-05:00", "waiting_time": 0, "distance": 754, "driving_time": 721, "preparation_time": 0, "load_before": [0], "load_after": [0]}, {"type": "service", "id": "1803274000_12", "location_id": "1803274000", "address": {"location_id": "1803274000", "lat": 42.2798955, "lon": -71.0989535}, "arr_time": 1676287035, "arr_date_time": "2023-02-13T06:17:15-05:00", "end_time": 1676287335, "end_date_time": "2023-02-13T06:22:15-05:00", "waiting_time": 0, "distance": 768, "driving_time": 735, "preparation_time": 0, "load_before": [0], "load_after": [0]}, {"type": "service", "id": "1803303000_28", "location_id": "1803303000", "address": {"location_id": "1803303000", "lat": 42.28009953, "lon": -71.09931813}, "arr_time": 1676287352, "arr_date_time": "2023-02-13T06:22:32-05:00", "end_time": 1676287652, "end_date_time": "2023-02-13T06:27:32-05:00", "waiting_time": 0, "distance": 786, "driving_time": 752, "preparation_time": 0, "load_before": [0], "load_after": [0]}, {"type": "service", "id": "1803276000_13", "location_id": "1803276000", "address": {"location_id": "1803276000", "lat": 42.28014685, "lon": -71.0988955}, "arr_time": 1676287659, "arr_date_time": "2023-02-13T06:27:39-05:00", "end_time": 1676287959, "end_date_time": "2023-02-13T06:32:39-05:00", "waiting_time": 0, "distance": 794, "driving_time": 759, "preparation_time": 0, "load_before": [0], "load_after": [0]}, {"type": "service", "id": "1802908000_08", "location_id": "1802908000", "address": {"location_id": "1802908000", "lat": 42.27862392, "lon": -71.09894071}, "arr_time": 1676288127, "arr_date_time": "2023-02-13T06:35:27-05:00", "end_time": 1676288427, "end_date_time": "2023-02-13T06:40:27-05:00", "waiting_time": 0, "distance": 969, "driving_time": 927, "preparation_time": 0, "load_before": [0], "load_after": [0]}, {"type": "service", "id": "1802907000_07", "location_id": "1802907000", "address": {"location_id": "1802907000", "lat": 42.278546, "lon": -71.09904889}, "arr_time": 1676288439, "arr_date_time": "2023-02-13T06:40:39-05:00", "end_time": 1676288739, "end_date_time": "2023-02-13T06:45:39-05:00", "waiting_time": 0, "distance": 981, "driving_time": 939, "preparation_time": 0, "load_before": [0], "load_after": [0]}, {"type": "service", "id": "1803336000_37", "location_id": "1803336000", "address": {"location_id": "1803336000", "lat": 42.27872866, "lon": -71.09949876}, "arr_time": 1676288751, "arr_date_time": "2023-02-13T06:45:51-05:00", "end_time": 1676289051, "end_date_time": "2023-02-13T06:50:51-05:00", "waiting_time": 0, "distance": 994, "driving_time": 951, "preparation_time": 0, "load_before": [0], "load_after": [0]}, {"type": "service", "id": "1802906000_06", "location_id": "1802906000", "address": {"location_id": "1802906000", "lat": 42.27846967, "lon": -71.09915494}, "arr_time": 1676289051, "arr_date_time": "2023-02-13T06:50:51-05:00", "end_time": 1676289351, "end_date_time": "2023-02-13T06:55:51-05:00", "waiting_time": 0, "distance": 994, "driving_time": 951, "preparation_time": 0, "load_before": [0], "load_after": [0]}, {"type": "service", "id": "1802905000_05", "location_id": "1802905000", "address": {"location_id": "1802905000", "lat": 42.27839142, "lon": -71.09926427}, "arr_time": 1676289363, "arr_date_time": "2023-02-13T06:56:03-05:00", "end_time": 1676289663, "end_date_time": "2023-02-13T07:01:03-05:00", "waiting_time": 0, "distance": 1007, "driving_time": 963, "preparation_time": 0, "load_before": [0], "load_after": [0]}, {"type": "service", "id": "1803337000_38", "location_id": "1803337000", "address": {"location_id": "1803337000", "lat": 42.27865211, "lon": -71.0997022}, "arr_time": 1676289668, "arr_date_time": "2023-02-13T07:01:08-05:00", "end_time": 1676289968, "end_date_time": "2023-02-13T07:06:08-05:00", "waiting_time": 0, "distance": 1013, "driving_time": 968, "preparation_time": 0, "load_before": [0], "load_after": [0]}, {"type": "service", "id": "1802903000_04", "location_id": "1802903000", "address": {"location_id": "1802903000", "lat": 42.27827623, "lon": -71.09942275}, "arr_time": 1676289980, "arr_date_time": "2023-02-13T07:06:20-05:00", "end_time": 1676290280, "end_date_time": "2023-02-13T07:11:20-05:00", "waiting_time": 0, "distance": 1026, "driving_time": 980, "preparation_time": 0, "load_before": [0], "load_after": [0]}, {"type": "service", "id": "1803339000_39", "location_id": "1803339000", "address": {"location_id": "1803339000", "lat": 42.27850543, "lon": -71.09993142}, "arr_time": 1676290292, "arr_date_time": "2023-02-13T07:11:32-05:00", "end_time": 1676290592, "end_date_time": "2023-02-13T07:16:32-05:00", "waiting_time": 0, "distance": 1038, "driving_time": 992, "preparation_time": 0, "load_before": [0], "load_after": [0]}, {"type": "service", "id": "1803342000_40", "location_id": "1803342000", "address": {"location_id": "1803342000", "lat": 42.27825028, "lon": -71.10030598}, "arr_time": 1676290628, "arr_date_time": "2023-02-13T07:17:08-05:00", "end_time": 1676290928, "end_date_time": "2023-02-13T07:22:08-05:00", "waiting_time": 0, "distance": 1075, "driving_time": 1028, "preparation_time": 0, "load_before": [0], "load_after": [0]}, {"type": "service", "id": "1802899000_03", "location_id": "1802899000", "address": {"location_id": "1802899000", "lat": 42.27781949, "lon": -71.0999783}, "arr_time": 1676290949, "arr_date_time": "2023-02-13T07:22:29-05:00", "end_time": 1676291249, "end_date_time": "2023-02-13T07:27:29-05:00", "waiting_time": 0, "distance": 1097, "driving_time": 1049, "preparation_time": 0, "load_before": [0], "load_after": [0]}, {"type": "service", "id": "1802898000_02", "location_id": "1802898000", "address": {"location_id": "1802898000", "lat": 42.27772435, "lon": -71.10007921}, "arr_time": 1676291263, "arr_date_time": "2023-02-13T07:27:43-05:00", "end_time": 1676291563, "end_date_time": "2023-02-13T07:32:43-05:00", "waiting_time": 0, "distance": 1110, "driving_time": 1063, "preparation_time": 0, "load_before": [0], "load_after": [0]}, {"type": "service", "id": "1803347010_41", "location_id": "1803347010", "address": {"location_id": "1803347010", "lat": 42.27771483, "lon": -71.10064902}, "arr_time": 1676291591, "arr_date_time": "2023-02-13T07:33:11-05:00", "end_time": 1676291891, "end_date_time": "2023-02-13T07:38:11-05:00", "waiting_time": 0, "distance": 1139, "driving_time": 1091, "preparation_time": 0, "load_before": [0], "load_after": [0]}, {"type": "service", "id": "1802895000_01", "location_id": "1802895000", "address": {"location_id": "1802895000", "lat": 42.27746774, "lon": -71.10033822}, "arr_time": 1676291931, "arr_date_time": "2023-02-13T07:38:51-05:00", "end_time": 1676292231, "end_date_time": "2023-02-13T07:43:51-05:00", "waiting_time": 0, "distance": 1181, "driving_time": 1131, "preparation_time": 0, "load_before": [0], "load_after": [0]}, {"type": "service", "id": "1803348010_42", "location_id": "1803348010", "address": {"location_id": "1803348010", "lat": 42.2778125, "lon": -71.10087551}, "arr_time": 1676292285, "arr_date_time": "2023-02-13T07:44:45-05:00", "end_time": 1676292585, "end_date_time": "2023-02-13T07:49:45-05:00", "waiting_time": 0, "distance": 1238, "driving_time": 1185, "preparation_time": 0, "load_before": [0], "load_after": [0]}]}], "unassigned": {"services": [], "shipments": [], "breaks": [], "details": []}}}