{"copyrights": ["GraphHopper", "OpenStreetMap contributors"], "job_id": "737daad9-cf06-4061-998f-2285f3f2f516", "status": "finished", "waiting_time_in_queue": 0, "processing_time": 167, "solution": {"costs": 363, "distance": 1812, "time": 1733, "transport_time": 1733, "completion_time": 20333, "max_operation_time": 20333, "waiting_time": 0, "service_duration": 18600, "preparation_time": 0, "no_vehicles": 1, "no_unassigned": 0, "routes": [{"vehicle_id": "my_vehicle", "shift_id": "default-shift", "distance": 1812, "transport_time": 1733, "completion_time": 20333, "waiting_time": 0, "service_duration": 18600, "preparation_time": 0, "activities": [{"type": "start", "location_id": "1403121000", "address": {"location_id": "1403121000", "lat": 42.28970928, "lon": -71.08836338}, "arr_time": 1676278800, "arr_date_time": "2023-02-13T04:00:00-05:00", "end_time": 1676278800, "end_date_time": "2023-02-13T04:00:00-05:00", "waiting_time": 0, "distance": 0, "driving_time": 0, "preparation_time": 0, "load_after": [0]}, {"type": "service", "id": "1403113000_01", "location_id": "1403113000", "address": {"location_id": "1403113000", "lat": 42.28912607, "lon": -71.08748194}, "arr_time": 1676278935, "arr_date_time": "2023-02-13T04:02:15-05:00", "end_time": 1676279235, "end_date_time": "2023-02-13T04:07:15-05:00", "waiting_time": 0, "distance": 141, "driving_time": 135, "preparation_time": 0, "load_before": [0], "load_after": [0]}, {"type": "service", "id": "1403145000_02", "location_id": "1403145000", "address": {"location_id": "1403145000", "lat": 42.28865963, "lon": -71.08810065}, "arr_time": 1676279352, "arr_date_time": "2023-02-13T04:09:12-05:00", "end_time": 1676279652, "end_date_time": "2023-02-13T04:14:12-05:00", "waiting_time": 0, "distance": 264, "driving_time": 252, "preparation_time": 0, "load_before": [0], "load_after": [0]}, {"type": "service", "id": "1403202020_13", "location_id": "1403202020", "address": {"location_id": "1403202020", "lat": 42.28847218, "lon": -71.08857171}, "arr_time": 1676279669, "arr_date_time": "2023-02-13T04:14:29-05:00", "end_time": 1676279969, "end_date_time": "2023-02-13T04:19:29-05:00", "waiting_time": 0, "distance": 281, "driving_time": 269, "preparation_time": 0, "load_before": [0], "load_after": [0]}, {"type": "service", "id": "1403184010_03", "location_id": "1403184010", "address": {"location_id": "1403184010", "lat": 42.28878462, "lon": -71.08907367}, "arr_time": 1676280021, "arr_date_time": "2023-02-13T04:20:21-05:00", "end_time": 1676280321, "end_date_time": "2023-02-13T04:25:21-05:00", "waiting_time": 0, "distance": 335, "driving_time": 321, "preparation_time": 0, "load_before": [0], "load_after": [0]}, {"type": "service", "id": "1403185010_04", "location_id": "1403185010", "address": {"location_id": "1403185010", "lat": 42.28869234, "lon": -71.0889677}, "arr_time": 1676280355, "arr_date_time": "2023-02-13T04:25:55-05:00", "end_time": 1676280655, "end_date_time": "2023-02-13T04:30:55-05:00", "waiting_time": 0, "distance": 370, "driving_time": 355, "preparation_time": 0, "load_before": [0], "load_after": [0]}, {"type": "service", "id": "1403202010_12", "location_id": "1403202010", "address": {"location_id": "1403202010", "lat": 42.2885319, "lon": -71.0887177}, "arr_time": 1676280667, "arr_date_time": "2023-02-13T04:31:07-05:00", "end_time": 1676280967, "end_date_time": "2023-02-13T04:36:07-05:00", "waiting_time": 0, "distance": 382, "driving_time": 367, "preparation_time": 0, "load_before": [0], "load_after": [0]}, {"type": "service", "id": "1403206010_14", "location_id": "1403206010", "address": {"location_id": "1403206010", "lat": 42.28801436, "lon": -71.08839316}, "arr_time": 1676281115, "arr_date_time": "2023-02-13T04:38:35-05:00", "end_time": 1676281415, "end_date_time": "2023-02-13T04:43:35-05:00", "waiting_time": 0, "distance": 537, "driving_time": 515, "preparation_time": 0, "load_before": [0], "load_after": [0]}, {"type": "service", "id": "1403206020_15", "location_id": "1403206020", "address": {"location_id": "1403206020", "lat": 42.28793123, "lon": -71.08842108}, "arr_time": 1676281424, "arr_date_time": "2023-02-13T04:43:44-05:00", "end_time": 1676281724, "end_date_time": "2023-02-13T04:48:44-05:00", "waiting_time": 0, "distance": 547, "driving_time": 524, "preparation_time": 0, "load_before": [0], "load_after": [0]}, {"type": "service", "id": "1403224020_24", "location_id": "1403224020", "address": {"location_id": "1403224020", "lat": 42.28776527, "lon": -71.08793983}, "arr_time": 1676281732, "arr_date_time": "2023-02-13T04:48:52-05:00", "end_time": 1676282032, "end_date_time": "2023-02-13T04:53:52-05:00", "waiting_time": 0, "distance": 555, "driving_time": 532, "preparation_time": 0, "load_before": [0], "load_after": [0]}, {"type": "service", "id": "1403206030_16", "location_id": "1403206030", "address": {"location_id": "1403206030", "lat": 42.28784996, "lon": -71.08844852}, "arr_time": 1676282033, "arr_date_time": "2023-02-13T04:53:53-05:00", "end_time": 1676282333, "end_date_time": "2023-02-13T04:58:53-05:00", "waiting_time": 0, "distance": 556, "driving_time": 533, "preparation_time": 0, "load_before": [0], "load_after": [0]}, {"type": "service", "id": "1403224010_23", "location_id": "1403224010", "address": {"location_id": "1403224010", "lat": 42.28771226, "lon": -71.08795782}, "arr_time": 1676282339, "arr_date_time": "2023-02-13T04:58:59-05:00", "end_time": 1676282639, "end_date_time": "2023-02-13T05:03:59-05:00", "waiting_time": 0, "distance": 561, "driving_time": 539, "preparation_time": 0, "load_before": [0], "load_after": [0]}, {"type": "service", "id": "1403236100_34", "location_id": "1403236100", "address": {"location_id": "1403236100", "lat": 42.28740934, "lon": -71.08849337}, "arr_time": 1676282680, "arr_date_time": "2023-02-13T05:04:40-05:00", "end_time": 1676282980, "end_date_time": "2023-02-13T05:09:40-05:00", "waiting_time": 0, "distance": 604, "driving_time": 580, "preparation_time": 0, "load_before": [0], "load_after": [0]}, {"type": "service", "id": "1403228000_25", "location_id": "1403228000", "address": {"location_id": "1403228000", "lat": 42.28717294, "lon": -71.08814037}, "arr_time": 1676282997, "arr_date_time": "2023-02-13T05:09:57-05:00", "end_time": 1676283297, "end_date_time": "2023-02-13T05:14:57-05:00", "waiting_time": 0, "distance": 622, "driving_time": 597, "preparation_time": 0, "load_before": [0], "load_after": [0]}, {"type": "service", "id": "1403241010_35", "location_id": "1403241010", "address": {"location_id": "1403241010", "lat": 42.2872528, "lon": -71.08864771}, "arr_time": 1676283299, "arr_date_time": "2023-02-13T05:14:59-05:00", "end_time": 1676283599, "end_date_time": "2023-02-13T05:19:59-05:00", "waiting_time": 0, "distance": 623, "driving_time": 599, "preparation_time": 0, "load_before": [0], "load_after": [0]}, {"type": "service", "id": "1403241020_36", "location_id": "1403241020", "address": {"location_id": "1403241020", "lat": 42.28716346, "lon": -71.08864474}, "arr_time": 1676283608, "arr_date_time": "2023-02-13T05:20:08-05:00", "end_time": 1676283908, "end_date_time": "2023-02-13T05:25:08-05:00", "waiting_time": 0, "distance": 633, "driving_time": 608, "preparation_time": 0, "load_before": [0], "load_after": [0]}, {"type": "service", "id": "1403241030_37", "location_id": "1403241030", "address": {"location_id": "1403241030", "lat": 42.28703142, "lon": -71.08862014}, "arr_time": 1676283921, "arr_date_time": "2023-02-13T05:25:21-05:00", "end_time": 1676284221, "end_date_time": "2023-02-13T05:30:21-05:00", "waiting_time": 0, "distance": 647, "driving_time": 621, "preparation_time": 0, "load_before": [0], "load_after": [0]}, {"type": "service", "id": "1403282030_47", "location_id": "1403282030", "address": {"location_id": "1403282030", "lat": 42.2867187, "lon": -71.08842101}, "arr_time": 1676284249, "arr_date_time": "2023-02-13T05:30:49-05:00", "end_time": 1676284549, "end_date_time": "2023-02-13T05:35:49-05:00", "waiting_time": 0, "distance": 677, "driving_time": 649, "preparation_time": 0, "load_before": [0], "load_after": [0]}, {"type": "service", "id": "1403282020_46", "location_id": "1403282020", "address": {"location_id": "1403282020", "lat": 42.28659799, "lon": -71.08838436}, "arr_time": 1676284561, "arr_date_time": "2023-02-13T05:36:01-05:00", "end_time": 1676284861, "end_date_time": "2023-02-13T05:41:01-05:00", "waiting_time": 0, "distance": 689, "driving_time": 661, "preparation_time": 0, "load_before": [0], "load_after": [0]}, {"type": "service", "id": "1403241040_38", "location_id": "1403241040", "address": {"location_id": "1403241040", "lat": 42.28705885, "lon": -71.08876976}, "arr_time": 1676284912, "arr_date_time": "2023-02-13T05:41:52-05:00", "end_time": 1676285212, "end_date_time": "2023-02-13T05:46:52-05:00", "waiting_time": 0, "distance": 742, "driving_time": 712, "preparation_time": 0, "load_before": [0], "load_after": [0]}, {"type": "service", "id": "1403241060_39", "location_id": "1403241060", "address": {"location_id": "1403241060", "lat": 42.28707875, "lon": -71.08899287}, "arr_time": 1676285229, "arr_date_time": "2023-02-13T05:47:09-05:00", "end_time": 1676285529, "end_date_time": "2023-02-13T05:52:09-05:00", "waiting_time": 0, "distance": 760, "driving_time": 729, "preparation_time": 0, "load_before": [0], "load_after": [0]}, {"type": "service", "id": "1403236010_26", "location_id": "1403236010", "address": {"location_id": "1403236010", "lat": 42.28709873, "lon": -71.08915335}, "arr_time": 1676285543, "arr_date_time": "2023-02-13T05:52:23-05:00", "end_time": 1676285843, "end_date_time": "2023-02-13T05:57:23-05:00", "waiting_time": 0, "distance": 773, "driving_time": 743, "preparation_time": 0, "load_before": [0], "load_after": [0]}, {"type": "service", "id": "1403258040_43", "location_id": "1403258040", "address": {"location_id": "1403258040", "lat": 42.28694387, "lon": -71.08965942}, "arr_time": 1676285877, "arr_date_time": "2023-02-13T05:57:57-05:00", "end_time": 1676286177, "end_date_time": "2023-02-13T06:02:57-05:00", "waiting_time": 0, "distance": 809, "driving_time": 777, "preparation_time": 0, "load_before": [0], "load_after": [0]}, {"type": "service", "id": "1403258030_42", "location_id": "1403258030", "address": {"location_id": "1403258030", "lat": 42.28690185, "lon": -71.08977739}, "arr_time": 1676286185, "arr_date_time": "2023-02-13T06:03:05-05:00", "end_time": 1676286485, "end_date_time": "2023-02-13T06:08:05-05:00", "waiting_time": 0, "distance": 817, "driving_time": 785, "preparation_time": 0, "load_before": [0], "load_after": [0]}, {"type": "service", "id": "1403258020_41", "location_id": "1403258020", "address": {"location_id": "1403258020", "lat": 42.28691979, "lon": -71.08987508}, "arr_time": 1676286493, "arr_date_time": "2023-02-13T06:08:13-05:00", "end_time": 1676286793, "end_date_time": "2023-02-13T06:13:13-05:00", "waiting_time": 0, "distance": 825, "driving_time": 793, "preparation_time": 0, "load_before": [0], "load_after": [0]}, {"type": "service", "id": "1403258010_40", "location_id": "1403258010", "address": {"location_id": "1403258010", "lat": 42.28688429, "lon": -71.08999438}, "arr_time": 1676286801, "arr_date_time": "2023-02-13T06:13:21-05:00", "end_time": 1676287101, "end_date_time": "2023-02-13T06:18:21-05:00", "waiting_time": 0, "distance": 834, "driving_time": 801, "preparation_time": 0, "load_before": [0], "load_after": [0]}, {"type": "service", "id": "1403258050_44", "location_id": "1403258050", "address": {"location_id": "1403258050", "lat": 42.28693244, "lon": -71.08954385}, "arr_time": 1676287159, "arr_date_time": "2023-02-13T06:19:19-05:00", "end_time": 1676287459, "end_date_time": "2023-02-13T06:24:19-05:00", "waiting_time": 0, "distance": 894, "driving_time": 859, "preparation_time": 0, "load_before": [0], "load_after": [0]}, {"type": "service", "id": "1403258060_45", "location_id": "1403258060", "address": {"location_id": "1403258060", "lat": 42.28679787, "lon": -71.08958781}, "arr_time": 1676287473, "arr_date_time": "2023-02-13T06:24:33-05:00", "end_time": 1676287773, "end_date_time": "2023-02-13T06:29:33-05:00", "waiting_time": 0, "distance": 909, "driving_time": 873, "preparation_time": 0, "load_before": [0], "load_after": [0]}, {"type": "service", "id": "1403236020_27", "location_id": "1403236020", "address": {"location_id": "1403236020", "lat": 42.28719202, "lon": -71.08912267}, "arr_time": 1676287823, "arr_date_time": "2023-02-13T06:30:23-05:00", "end_time": 1676288123, "end_date_time": "2023-02-13T06:35:23-05:00", "waiting_time": 0, "distance": 961, "driving_time": 923, "preparation_time": 0, "load_before": [0], "load_after": [0]}, {"type": "service", "id": "1403236030_28", "location_id": "1403236030", "address": {"location_id": "1403236030", "lat": 42.2872562, "lon": -71.08902802}, "arr_time": 1676288131, "arr_date_time": "2023-02-13T06:35:31-05:00", "end_time": 1676288431, "end_date_time": "2023-02-13T06:40:31-05:00", "waiting_time": 0, "distance": 970, "driving_time": 931, "preparation_time": 0, "load_before": [0], "load_after": [0]}, {"type": "service", "id": "1403236050_29", "location_id": "1403236050", "address": {"location_id": "1403236050", "lat": 42.28743262, "lon": -71.08905705}, "arr_time": 1676288448, "arr_date_time": "2023-02-13T06:40:48-05:00", "end_time": 1676288748, "end_date_time": "2023-02-13T06:45:48-05:00", "waiting_time": 0, "distance": 988, "driving_time": 948, "preparation_time": 0, "load_before": [0], "load_after": [0]}, {"type": "service", "id": "1403190010_05", "location_id": "1403190010", "address": {"location_id": "1403190010", "lat": 42.2879306, "lon": -71.08921542}, "arr_time": 1676288796, "arr_date_time": "2023-02-13T06:46:36-05:00", "end_time": 1676289096, "end_date_time": "2023-02-13T06:51:36-05:00", "waiting_time": 0, "distance": 1039, "driving_time": 996, "preparation_time": 0, "load_before": [0], "load_after": [0]}, {"type": "service", "id": "1403190030_07", "location_id": "1403190030", "address": {"location_id": "1403190030", "lat": 42.28794253, "lon": -71.08932944}, "arr_time": 1676289097, "arr_date_time": "2023-02-13T06:51:37-05:00", "end_time": 1676289397, "end_date_time": "2023-02-13T06:56:37-05:00", "waiting_time": 0, "distance": 1040, "driving_time": 997, "preparation_time": 0, "load_before": [0], "load_after": [0]}, {"type": "service", "id": "1403190020_06", "location_id": "1403190020", "address": {"location_id": "1403190020", "lat": 42.28780285, "lon": -71.08925767}, "arr_time": 1676289411, "arr_date_time": "2023-02-13T06:56:51-05:00", "end_time": 1676289711, "end_date_time": "2023-02-13T07:01:51-05:00", "waiting_time": 0, "distance": 1054, "driving_time": 1011, "preparation_time": 0, "load_before": [0], "load_after": [0]}, {"type": "service", "id": "1403190040_08", "location_id": "1403190040", "address": {"location_id": "1403190040", "lat": 42.28790612, "lon": -71.08944209}, "arr_time": 1676289752, "arr_date_time": "2023-02-13T07:02:32-05:00", "end_time": 1676290052, "end_date_time": "2023-02-13T07:07:32-05:00", "waiting_time": 0, "distance": 1098, "driving_time": 1052, "preparation_time": 0, "load_before": [0], "load_after": [0]}, {"type": "service", "id": "1403190050_09", "location_id": "1403190050", "address": {"location_id": "1403190050", "lat": 42.28792467, "lon": -71.08954296}, "arr_time": 1676290060, "arr_date_time": "2023-02-13T07:07:40-05:00", "end_time": 1676290360, "end_date_time": "2023-02-13T07:12:40-05:00", "waiting_time": 0, "distance": 1107, "driving_time": 1060, "preparation_time": 0, "load_before": [0], "load_after": [0]}, {"type": "service", "id": "1403190060_10", "location_id": "1403190060", "address": {"location_id": "1403190060", "lat": 42.28794983, "lon": -71.08963988}, "arr_time": 1676290368, "arr_date_time": "2023-02-13T07:12:48-05:00", "end_time": 1676290668, "end_date_time": "2023-02-13T07:17:48-05:00", "waiting_time": 0, "distance": 1115, "driving_time": 1068, "preparation_time": 0, "load_before": [0], "load_after": [0]}, {"type": "service", "id": "1403194000_11", "location_id": "1403194000", "address": {"location_id": "1403194000", "lat": 42.28797038, "lon": -71.08975198}, "arr_time": 1676290677, "arr_date_time": "2023-02-13T07:17:57-05:00", "end_time": 1676290977, "end_date_time": "2023-02-13T07:22:57-05:00", "waiting_time": 0, "distance": 1125, "driving_time": 1077, "preparation_time": 0, "load_before": [0], "load_after": [0]}, {"type": "service", "id": "1403236060_30", "location_id": "1403236060", "address": {"location_id": "1403236060", "lat": 42.28752782, "lon": -71.0890257}, "arr_time": 1676291044, "arr_date_time": "2023-02-13T07:24:04-05:00", "end_time": 1676291344, "end_date_time": "2023-02-13T07:29:04-05:00", "waiting_time": 0, "distance": 1195, "driving_time": 1144, "preparation_time": 0, "load_before": [0], "load_after": [0]}, {"type": "service", "id": "1403210020_19", "location_id": "1403210020", "address": {"location_id": "1403210020", "lat": 42.2877692, "lon": -71.08881828}, "arr_time": 1676291353, "arr_date_time": "2023-02-13T07:29:13-05:00", "end_time": 1676291653, "end_date_time": "2023-02-13T07:34:13-05:00", "waiting_time": 0, "distance": 1205, "driving_time": 1153, "preparation_time": 0, "load_before": [0], "load_after": [0]}, {"type": "service", "id": "1403236070_31", "location_id": "1403236070", "address": {"location_id": "1403236070", "lat": 42.28750155, "lon": -71.08888299}, "arr_time": 1676291655, "arr_date_time": "2023-02-13T07:34:15-05:00", "end_time": 1676291955, "end_date_time": "2023-02-13T07:39:15-05:00", "waiting_time": 0, "distance": 1207, "driving_time": 1155, "preparation_time": 0, "load_before": [0], "load_after": [0]}, {"type": "service", "id": "1403210010_18", "location_id": "1403210010", "address": {"location_id": "1403210010", "lat": 42.28780396, "lon": -71.08870522}, "arr_time": 1676291960, "arr_date_time": "2023-02-13T07:39:20-05:00", "end_time": 1676292260, "end_date_time": "2023-02-13T07:44:20-05:00", "waiting_time": 0, "distance": 1213, "driving_time": 1160, "preparation_time": 0, "load_before": [0], "load_after": [0]}, {"type": "service", "id": "1403236080_32", "location_id": "1403236080", "address": {"location_id": "1403236080", "lat": 42.28747573, "lon": -71.08879874}, "arr_time": 1676292261, "arr_date_time": "2023-02-13T07:44:21-05:00", "end_time": 1676292561, "end_date_time": "2023-02-13T07:49:21-05:00", "waiting_time": 0, "distance": 1214, "driving_time": 1161, "preparation_time": 0, "load_before": [0], "load_after": [0]}, {"type": "service", "id": "1403236090_33", "location_id": "1403236090", "address": {"location_id": "1403236090", "lat": 42.2874583, "lon": -71.08866244}, "arr_time": 1676292572, "arr_date_time": "2023-02-13T07:49:32-05:00", "end_time": 1676292872, "end_date_time": "2023-02-13T07:54:32-05:00", "waiting_time": 0, "distance": 1225, "driving_time": 1172, "preparation_time": 0, "load_before": [0], "load_after": [0]}, {"type": "service", "id": "1403206050_17", "location_id": "1403206050", "address": {"location_id": "1403206050", "lat": 42.28764926, "lon": -71.08841783}, "arr_time": 1676292885, "arr_date_time": "2023-02-13T07:54:45-05:00", "end_time": 1676293185, "end_date_time": "2023-02-13T07:59:45-05:00", "waiting_time": 0, "distance": 1239, "driving_time": 1185, "preparation_time": 0, "load_before": [0], "load_after": [0]}, {"type": "service", "id": "1403222010_21", "location_id": "1403222010", "address": {"location_id": "1403222010", "lat": 42.28757352, "lon": -71.08811275}, "arr_time": 1676293211, "arr_date_time": "2023-02-13T08:00:11-05:00", "end_time": 1676293511, "end_date_time": "2023-02-13T08:05:11-05:00", "waiting_time": 0, "distance": 1265, "driving_time": 1211, "preparation_time": 0, "load_before": [0], "load_after": [0]}, {"type": "service", "id": "1403222020_22", "location_id": "1403222020", "address": {"location_id": "1403222020", "lat": 42.28753991, "lon": -71.08792896}, "arr_time": 1676293525, "arr_date_time": "2023-02-13T08:05:25-05:00", "end_time": 1676293825, "end_date_time": "2023-02-13T08:10:25-05:00", "waiting_time": 0, "distance": 1281, "driving_time": 1225, "preparation_time": 0, "load_before": [0], "load_after": [0]}, {"type": "service", "id": "1403220000_20", "location_id": "1403220000", "address": {"location_id": "1403220000", "lat": 42.28749649, "lon": -71.08755801}, "arr_time": 1676293855, "arr_date_time": "2023-02-13T08:10:55-05:00", "end_time": 1676294155, "end_date_time": "2023-02-13T08:15:55-05:00", "waiting_time": 0, "distance": 1312, "driving_time": 1255, "preparation_time": 0, "load_before": [0], "load_after": [0]}, {"type": "service", "id": "1403296000_57", "location_id": "1403296000", "address": {"location_id": "1403296000", "lat": 42.28728387, "lon": -71.0870543}, "arr_time": 1676294168, "arr_date_time": "2023-02-13T08:16:08-05:00", "end_time": 1676294468, "end_date_time": "2023-02-13T08:21:08-05:00", "waiting_time": 0, "distance": 1327, "driving_time": 1268, "preparation_time": 0, "load_before": [0], "load_after": [0]}, {"type": "service", "id": "1403294000_56", "location_id": "1403294000", "address": {"location_id": "1403294000", "lat": 42.28713251, "lon": -71.08727822}, "arr_time": 1676294488, "arr_date_time": "2023-02-13T08:21:28-05:00", "end_time": 1676294788, "end_date_time": "2023-02-13T08:26:28-05:00", "waiting_time": 0, "distance": 1348, "driving_time": 1288, "preparation_time": 0, "load_before": [0], "load_after": [0]}, {"type": "service", "id": "1403282070_51", "location_id": "1403282070", "address": {"location_id": "1403282070", "lat": 42.28663997, "lon": -71.0879475}, "arr_time": 1676294860, "arr_date_time": "2023-02-13T08:27:40-05:00", "end_time": 1676295160, "end_date_time": "2023-02-13T08:32:40-05:00", "waiting_time": 0, "distance": 1423, "driving_time": 1360, "preparation_time": 0, "load_before": [0], "load_after": [0]}, {"type": "service", "id": "1403282060_50", "location_id": "1403282060", "address": {"location_id": "1403282060", "lat": 42.28663102, "lon": -71.08807729}, "arr_time": 1676295169, "arr_date_time": "2023-02-13T08:32:49-05:00", "end_time": 1676295469, "end_date_time": "2023-02-13T08:37:49-05:00", "waiting_time": 0, "distance": 1433, "driving_time": 1369, "preparation_time": 0, "load_before": [0], "load_after": [0]}, {"type": "service", "id": "1403282050_49", "location_id": "1403282050", "address": {"location_id": "1403282050", "lat": 42.28667197, "lon": -71.08816908}, "arr_time": 1676295477, "arr_date_time": "2023-02-13T08:37:57-05:00", "end_time": 1676295777, "end_date_time": "2023-02-13T08:42:57-05:00", "waiting_time": 0, "distance": 1441, "driving_time": 1377, "preparation_time": 0, "load_before": [0], "load_after": [0]}, {"type": "service", "id": "1403282040_48", "location_id": "1403282040", "address": {"location_id": "1403282040", "lat": 42.28669375, "lon": -71.08828997}, "arr_time": 1676295787, "arr_date_time": "2023-02-13T08:43:07-05:00", "end_time": 1676296087, "end_date_time": "2023-02-13T08:48:07-05:00", "waiting_time": 0, "distance": 1451, "driving_time": 1387, "preparation_time": 0, "load_before": [0], "load_after": [0]}, {"type": "service", "id": "1403282080_52", "location_id": "1403282080", "address": {"location_id": "1403282080", "lat": 42.28662142, "lon": -71.08781705}, "arr_time": 1676296148, "arr_date_time": "2023-02-13T08:49:08-05:00", "end_time": 1676296448, "end_date_time": "2023-02-13T08:54:08-05:00", "waiting_time": 0, "distance": 1514, "driving_time": 1448, "preparation_time": 0, "load_before": [0], "load_after": [0]}, {"type": "service", "id": "1403282090_53", "location_id": "1403282090", "address": {"location_id": "1403282090", "lat": 42.28648568, "lon": -71.08784657}, "arr_time": 1676296463, "arr_date_time": "2023-02-13T08:54:23-05:00", "end_time": 1676296763, "end_date_time": "2023-02-13T08:59:23-05:00", "waiting_time": 0, "distance": 1529, "driving_time": 1463, "preparation_time": 0, "load_before": [0], "load_after": [0]}, {"type": "service", "id": "1403287000_55", "location_id": "1403287000", "address": {"location_id": "1403287000", "lat": 42.28639923, "lon": -71.08812204}, "arr_time": 1676296801, "arr_date_time": "2023-02-13T09:00:01-05:00", "end_time": 1676297101, "end_date_time": "2023-02-13T09:05:01-05:00", "waiting_time": 0, "distance": 1570, "driving_time": 1501, "preparation_time": 0, "load_before": [0], "load_after": [0]}, {"type": "service", "id": "1403282100_54", "location_id": "1403282100", "address": {"location_id": "1403282100", "lat": 42.28644211, "lon": -71.08796523}, "arr_time": 1676297115, "arr_date_time": "2023-02-13T09:05:15-05:00", "end_time": 1676297415, "end_date_time": "2023-02-13T09:10:15-05:00", "waiting_time": 0, "distance": 1584, "driving_time": 1515, "preparation_time": 0, "load_before": [0], "load_after": [0]}, {"type": "service", "id": "1403314000_62", "location_id": "1403314000", "address": {"location_id": "1403314000", "lat": 42.28671806, "lon": -71.0869567}, "arr_time": 1676297500, "arr_date_time": "2023-02-13T09:11:40-05:00", "end_time": 1676297800, "end_date_time": "2023-02-13T09:16:40-05:00", "waiting_time": 0, "distance": 1672, "driving_time": 1600, "preparation_time": 0, "load_before": [0], "load_after": [0]}, {"type": "service", "id": "1403312000_61", "location_id": "1403312000", "address": {"location_id": "1403312000", "lat": 42.28679428, "lon": -71.08667477}, "arr_time": 1676297824, "arr_date_time": "2023-02-13T09:17:04-05:00", "end_time": 1676298124, "end_date_time": "2023-02-13T09:22:04-05:00", "waiting_time": 0, "distance": 1697, "driving_time": 1624, "preparation_time": 0, "load_before": [0], "load_after": [0]}, {"type": "service", "id": "1403309000_60", "location_id": "1403309000", "address": {"location_id": "1403309000", "lat": 42.28688369, "lon": -71.08619693}, "arr_time": 1676298193, "arr_date_time": "2023-02-13T09:23:13-05:00", "end_time": 1676298493, "end_date_time": "2023-02-13T09:28:13-05:00", "waiting_time": 0, "distance": 1770, "driving_time": 1693, "preparation_time": 0, "load_before": [0], "load_after": [0]}, {"type": "service", "id": "1403307000_59", "location_id": "1403307000", "address": {"location_id": "1403307000", "lat": 42.28709033, "lon": -71.08659503}, "arr_time": 1676298523, "arr_date_time": "2023-02-13T09:28:43-05:00", "end_time": 1676298823, "end_date_time": "2023-02-13T09:33:43-05:00", "waiting_time": 0, "distance": 1801, "driving_time": 1723, "preparation_time": 0, "load_before": [0], "load_after": [0]}, {"type": "service", "id": "1403306000_58", "location_id": "1403306000", "address": {"location_id": "1403306000", "lat": 42.28720128, "lon": -71.08656328}, "arr_time": 1676298833, "arr_date_time": "2023-02-13T09:33:53-05:00", "end_time": 1676299133, "end_date_time": "2023-02-13T09:38:53-05:00", "waiting_time": 0, "distance": 1812, "driving_time": 1733, "preparation_time": 0, "load_before": [0], "load_after": [0]}]}], "unassigned": {"services": [], "shipments": [], "breaks": [], "details": []}}}