{"copyrights": ["GraphHopper", "OpenStreetMap contributors"], "job_id": "963f1423-3e9b-415d-bd66-b9ee2285f548", "status": "finished", "waiting_time_in_queue": 0, "processing_time": 139, "solution": {"costs": 339, "distance": 2647, "time": 2540, "transport_time": 2540, "completion_time": 17240, "max_operation_time": 17240, "waiting_time": 0, "service_duration": 14700, "preparation_time": 0, "no_vehicles": 1, "no_unassigned": 0, "routes": [{"vehicle_id": "my_vehicle", "shift_id": "default-shift", "distance": 2647, "transport_time": 2540, "completion_time": 17240, "waiting_time": 0, "service_duration": 14700, "preparation_time": 0, "activities": [{"type": "start", "location_id": "1101247000", "address": {"location_id": "1101247000", "lat": 42.31771823, "lon": -71.10108831}, "arr_time": 1676278800, "arr_date_time": "2023-02-13T04:00:00-05:00", "end_time": 1676278800, "end_date_time": "2023-02-13T04:00:00-05:00", "waiting_time": 0, "distance": 0, "driving_time": 0, "preparation_time": 0, "load_after": [0]}, {"type": "service", "id": "1101248000_01", "location_id": "1101248000", "address": {"location_id": "1101248000", "lat": 42.31762867, "lon": -71.10094303}, "arr_time": 1676278815, "arr_date_time": "2023-02-13T04:00:15-05:00", "end_time": 1676279115, "end_date_time": "2023-02-13T04:05:15-05:00", "waiting_time": 0, "distance": 15, "driving_time": 15, "preparation_time": 0, "load_before": [0], "load_after": [0]}, {"type": "service", "id": "1101260000_03", "location_id": "1101260000", "address": {"location_id": "1101260000", "lat": 42.31718865, "lon": -71.10111122}, "arr_time": 1676279308, "arr_date_time": "2023-02-13T04:08:28-05:00", "end_time": 1676279608, "end_date_time": "2023-02-13T04:13:28-05:00", "waiting_time": 0, "distance": 216, "driving_time": 208, "preparation_time": 0, "load_before": [0], "load_after": [0]}, {"type": "service", "id": "1101259000_02", "location_id": "1101259000", "address": {"location_id": "1101259000", "lat": 42.3170634, "lon": -71.10103255}, "arr_time": 1676279623, "arr_date_time": "2023-02-13T04:13:43-05:00", "end_time": 1676279923, "end_date_time": "2023-02-13T04:18:43-05:00", "waiting_time": 0, "distance": 231, "driving_time": 223, "preparation_time": 0, "load_before": [0], "load_after": [0]}, {"type": "service", "id": "1101274000_08", "location_id": "1101274000", "address": {"location_id": "1101274000", "lat": 42.31660836, "lon": -71.10057882}, "arr_time": 1676280011, "arr_date_time": "2023-02-13T04:20:11-05:00", "end_time": 1676280311, "end_date_time": "2023-02-13T04:25:11-05:00", "waiting_time": 0, "distance": 323, "driving_time": 311, "preparation_time": 0, "load_before": [0], "load_after": [0]}, {"type": "service", "id": "1101275000_09", "location_id": "1101275000", "address": {"location_id": "1101275000", "lat": 42.31668055, "lon": -71.10044453}, "arr_time": 1676280324, "arr_date_time": "2023-02-13T04:25:24-05:00", "end_time": 1676280624, "end_date_time": "2023-02-13T04:30:24-05:00", "waiting_time": 0, "distance": 337, "driving_time": 324, "preparation_time": 0, "load_before": [0], "load_after": [0]}, {"type": "service", "id": "1101276000_10", "location_id": "1101276000", "address": {"location_id": "1101276000", "lat": 42.31675462, "lon": -71.1003111}, "arr_time": 1676280637, "arr_date_time": "2023-02-13T04:30:37-05:00", "end_time": 1676280937, "end_date_time": "2023-02-13T04:35:37-05:00", "waiting_time": 0, "distance": 351, "driving_time": 337, "preparation_time": 0, "load_before": [0], "load_after": [0]}, {"type": "service", "id": "1101278000_11", "location_id": "1101278000", "address": {"location_id": "1101278000", "lat": 42.31690827, "lon": -71.10004555}, "arr_time": 1676280984, "arr_date_time": "2023-02-13T04:36:24-05:00", "end_time": 1676281284, "end_date_time": "2023-02-13T04:41:24-05:00", "waiting_time": 0, "distance": 400, "driving_time": 384, "preparation_time": 0, "load_before": [0], "load_after": [0]}, {"type": "service", "id": "1101266000_04", "location_id": "1101266000", "address": {"location_id": "1101266000", "lat": 42.31672831, "lon": -71.0998731}, "arr_time": 1676281308, "arr_date_time": "2023-02-13T04:41:48-05:00", "end_time": 1676281608, "end_date_time": "2023-02-13T04:46:48-05:00", "waiting_time": 0, "distance": 425, "driving_time": 408, "preparation_time": 0, "load_before": [0], "load_after": [0]}, {"type": "service", "id": "1101267000_05", "location_id": "1101267000", "address": {"location_id": "1101267000", "lat": 42.31666224, "lon": -71.09998989}, "arr_time": 1676281641, "arr_date_time": "2023-02-13T04:47:21-05:00", "end_time": 1676281941, "end_date_time": "2023-02-13T04:52:21-05:00", "waiting_time": 0, "distance": 459, "driving_time": 441, "preparation_time": 0, "load_before": [0], "load_after": [0]}, {"type": "service", "id": "1101269000_06", "location_id": "1101269000", "address": {"location_id": "1101269000", "lat": 42.31650853, "lon": -71.10026101}, "arr_time": 1676281968, "arr_date_time": "2023-02-13T04:52:48-05:00", "end_time": 1676282268, "end_date_time": "2023-02-13T04:57:48-05:00", "waiting_time": 0, "distance": 487, "driving_time": 468, "preparation_time": 0, "load_before": [0], "load_after": [0]}, {"type": "service", "id": "1101270000_07", "location_id": "1101270000", "address": {"location_id": "1101270000", "lat": 42.31636723, "lon": -71.10051161}, "arr_time": 1676282293, "arr_date_time": "2023-02-13T04:58:13-05:00", "end_time": 1676282593, "end_date_time": "2023-02-13T05:03:13-05:00", "waiting_time": 0, "distance": 513, "driving_time": 493, "preparation_time": 0, "load_before": [0], "load_after": [0]}, {"type": "service", "id": "1101317000_19", "location_id": "1101317000", "address": {"location_id": "1101317000", "lat": 42.31607913, "lon": -71.10017918}, "arr_time": 1676282639, "arr_date_time": "2023-02-13T05:03:59-05:00", "end_time": 1676282939, "end_date_time": "2023-02-13T05:08:59-05:00", "waiting_time": 0, "distance": 560, "driving_time": 539, "preparation_time": 0, "load_before": [0], "load_after": [0]}, {"type": "service", "id": "1101320000_20", "location_id": "1101320000", "address": {"location_id": "1101320000", "lat": 42.31580763, "lon": -71.09993172}, "arr_time": 1676282973, "arr_date_time": "2023-02-13T05:09:33-05:00", "end_time": 1676283273, "end_date_time": "2023-02-13T05:14:33-05:00", "waiting_time": 0, "distance": 596, "driving_time": 573, "preparation_time": 0, "load_before": [0], "load_after": [0]}, {"type": "service", "id": "1101323000_21", "location_id": "1101323000", "address": {"location_id": "1101323000", "lat": 42.31553368, "lon": -71.09968001}, "arr_time": 1676283309, "arr_date_time": "2023-02-13T05:15:09-05:00", "end_time": 1676283609, "end_date_time": "2023-02-13T05:20:09-05:00", "waiting_time": 0, "distance": 633, "driving_time": 609, "preparation_time": 0, "load_before": [0], "load_after": [0]}, {"type": "service", "id": "1101326000_22", "location_id": "1101326000", "address": {"location_id": "1101326000", "lat": 42.31526515, "lon": -71.09942098}, "arr_time": 1676283644, "arr_date_time": "2023-02-13T05:20:44-05:00", "end_time": 1676283944, "end_date_time": "2023-02-13T05:25:44-05:00", "waiting_time": 0, "distance": 670, "driving_time": 644, "preparation_time": 0, "load_before": [0], "load_after": [0]}, {"type": "service", "id": "1101283000_12", "location_id": "1101283000", "address": {"location_id": "1101283000", "lat": 42.31574317, "lon": -71.09928399}, "arr_time": 1676284039, "arr_date_time": "2023-02-13T05:27:19-05:00", "end_time": 1676284339, "end_date_time": "2023-02-13T05:32:19-05:00", "waiting_time": 0, "distance": 769, "driving_time": 739, "preparation_time": 0, "load_before": [0], "load_after": [0]}, {"type": "service", "id": "1101285000_13", "location_id": "1101285000", "address": {"location_id": "1101285000", "lat": 42.31591727, "lon": -71.09945907}, "arr_time": 1676284361, "arr_date_time": "2023-02-13T05:32:41-05:00", "end_time": 1676284661, "end_date_time": "2023-02-13T05:37:41-05:00", "waiting_time": 0, "distance": 793, "driving_time": 761, "preparation_time": 0, "load_before": [0], "load_after": [0]}, {"type": "service", "id": "1101286000_14", "location_id": "1101286000", "address": {"location_id": "1101286000", "lat": 42.31600628, "lon": -71.09954732}, "arr_time": 1676284673, "arr_date_time": "2023-02-13T05:37:53-05:00", "end_time": 1676284973, "end_date_time": "2023-02-13T05:42:53-05:00", "waiting_time": 0, "distance": 805, "driving_time": 773, "preparation_time": 0, "load_before": [0], "load_after": [0]}, {"type": "service", "id": "1101316000_18", "location_id": "1101316000", "address": {"location_id": "1101316000", "lat": 42.31616894, "lon": -71.10026184}, "arr_time": 1676285051, "arr_date_time": "2023-02-13T05:44:11-05:00", "end_time": 1676285351, "end_date_time": "2023-02-13T05:49:11-05:00", "waiting_time": 0, "distance": 886, "driving_time": 851, "preparation_time": 0, "load_before": [0], "load_after": [0]}, {"type": "service", "id": "1101315000_17", "location_id": "1101315000", "address": {"location_id": "1101315000", "lat": 42.3160319, "lon": -71.10051001}, "arr_time": 1676285375, "arr_date_time": "2023-02-13T05:49:35-05:00", "end_time": 1676285675, "end_date_time": "2023-02-13T05:54:35-05:00", "waiting_time": 0, "distance": 911, "driving_time": 875, "preparation_time": 0, "load_before": [0], "load_after": [0]}, {"type": "service", "id": "1101314000_16", "location_id": "1101314000", "address": {"location_id": "1101314000", "lat": 42.31592715, "lon": -71.10045906}, "arr_time": 1676285705, "arr_date_time": "2023-02-13T05:55:05-05:00", "end_time": 1676286005, "end_date_time": "2023-02-13T06:00:05-05:00", "waiting_time": 0, "distance": 942, "driving_time": 905, "preparation_time": 0, "load_before": [0], "load_after": [0]}, {"type": "service", "id": "1101309000_15", "location_id": "1101309000", "address": {"location_id": "1101309000", "lat": 42.31551025, "lon": -71.10014875}, "arr_time": 1676286059, "arr_date_time": "2023-02-13T06:00:59-05:00", "end_time": 1676286359, "end_date_time": "2023-02-13T06:05:59-05:00", "waiting_time": 0, "distance": 998, "driving_time": 959, "preparation_time": 0, "load_before": [0], "load_after": [0]}, {"type": "service", "id": "1101544000_39", "location_id": "1101544000", "address": {"location_id": "1101544000", "lat": 42.31478853, "lon": -71.0986116}, "arr_time": 1676286579, "arr_date_time": "2023-02-13T06:09:39-05:00", "end_time": 1676286879, "end_date_time": "2023-02-13T06:14:39-05:00", "waiting_time": 0, "distance": 1227, "driving_time": 1179, "preparation_time": 0, "load_before": [0], "load_after": [0]}, {"type": "service", "id": "1101543000_38", "location_id": "1101543000", "address": {"location_id": "1101543000", "lat": 42.31487548, "lon": -71.09851903}, "arr_time": 1676286891, "arr_date_time": "2023-02-13T06:14:51-05:00", "end_time": 1676287191, "end_date_time": "2023-02-13T06:19:51-05:00", "waiting_time": 0, "distance": 1239, "driving_time": 1191, "preparation_time": 0, "load_before": [0], "load_after": [0]}, {"type": "service", "id": "1101542000_37", "location_id": "1101542000", "address": {"location_id": "1101542000", "lat": 42.314962, "lon": -71.09841241}, "arr_time": 1676287203, "arr_date_time": "2023-02-13T06:20:03-05:00", "end_time": 1676287503, "end_date_time": "2023-02-13T06:25:03-05:00", "waiting_time": 0, "distance": 1252, "driving_time": 1203, "preparation_time": 0, "load_before": [0], "load_after": [0]}, {"type": "service", "id": "1101553000_43", "location_id": "1101553000", "address": {"location_id": "1101553000", "lat": 42.3148327, "lon": -71.09799529}, "arr_time": 1676287584, "arr_date_time": "2023-02-13T06:26:24-05:00", "end_time": 1676287884, "end_date_time": "2023-02-13T06:31:24-05:00", "waiting_time": 0, "distance": 1336, "driving_time": 1284, "preparation_time": 0, "load_before": [0], "load_after": [0]}, {"type": "service", "id": "1101551000_42", "location_id": "1101551000", "address": {"location_id": "1101551000", "lat": 42.31467297, "lon": -71.0981924}, "arr_time": 1676287907, "arr_date_time": "2023-02-13T06:31:47-05:00", "end_time": 1676288207, "end_date_time": "2023-02-13T06:36:47-05:00", "waiting_time": 0, "distance": 1360, "driving_time": 1307, "preparation_time": 0, "load_before": [0], "load_after": [0]}, {"type": "service", "id": "1101550000_41", "location_id": "1101550000", "address": {"location_id": "1101550000", "lat": 42.31458046, "lon": -71.09830445}, "arr_time": 1676288220, "arr_date_time": "2023-02-13T06:37:00-05:00", "end_time": 1676288520, "end_date_time": "2023-02-13T06:42:00-05:00", "waiting_time": 0, "distance": 1374, "driving_time": 1320, "preparation_time": 0, "load_before": [0], "load_after": [0]}, {"type": "service", "id": "1101547000_40", "location_id": "1101547000", "address": {"location_id": "1101547000", "lat": 42.31425825, "lon": -71.09871868}, "arr_time": 1676288583, "arr_date_time": "2023-02-13T06:43:03-05:00", "end_time": 1676288883, "end_date_time": "2023-02-13T06:48:03-05:00", "waiting_time": 0, "distance": 1440, "driving_time": 1383, "preparation_time": 0, "load_before": [0], "load_after": [0]}, {"type": "service", "id": "1101472000_27", "location_id": "1101472000", "address": {"location_id": "1101472000", "lat": 42.31385629, "lon": -71.09873199}, "arr_time": 1676288939, "arr_date_time": "2023-02-13T06:48:59-05:00", "end_time": 1676289239, "end_date_time": "2023-02-13T06:53:59-05:00", "waiting_time": 0, "distance": 1499, "driving_time": 1439, "preparation_time": 0, "load_before": [0], "load_after": [0]}, {"type": "service", "id": "1101470000_26", "location_id": "1101470000", "address": {"location_id": "1101470000", "lat": 42.31372734, "lon": -71.09898762}, "arr_time": 1676289261, "arr_date_time": "2023-02-13T06:54:21-05:00", "end_time": 1676289561, "end_date_time": "2023-02-13T06:59:21-05:00", "waiting_time": 0, "distance": 1523, "driving_time": 1461, "preparation_time": 0, "load_before": [0], "load_after": [0]}, {"type": "service", "id": "1101467000_23", "location_id": "1101467000", "address": {"location_id": "1101467000", "lat": 42.31381711, "lon": -71.09919506}, "arr_time": 1676289564, "arr_date_time": "2023-02-13T06:59:24-05:00", "end_time": 1676289864, "end_date_time": "2023-02-13T07:04:24-05:00", "waiting_time": 0, "distance": 1525, "driving_time": 1464, "preparation_time": 0, "load_before": [0], "load_after": [0]}, {"type": "service", "id": "1101469000_25", "location_id": "1101469000", "address": {"location_id": "1101469000", "lat": 42.3135715, "lon": -71.09910641}, "arr_time": 1676289881, "arr_date_time": "2023-02-13T07:04:41-05:00", "end_time": 1676290181, "end_date_time": "2023-02-13T07:09:41-05:00", "waiting_time": 0, "distance": 1542, "driving_time": 1481, "preparation_time": 0, "load_before": [0], "load_after": [0]}, {"type": "service", "id": "1101468000_24", "location_id": "1101468000", "address": {"location_id": "1101468000", "lat": 42.31367025, "lon": -71.09934106}, "arr_time": 1676290183, "arr_date_time": "2023-02-13T07:09:43-05:00", "end_time": 1676290483, "end_date_time": "2023-02-13T07:14:43-05:00", "waiting_time": 0, "distance": 1543, "driving_time": 1483, "preparation_time": 0, "load_before": [0], "load_after": [0]}, {"type": "service", "id": "1101561000_44", "location_id": "1101561000", "address": {"location_id": "1101561000", "lat": 42.31410831, "lon": -71.09838414}, "arr_time": 1676290593, "arr_date_time": "2023-02-13T07:16:33-05:00", "end_time": 1676290893, "end_date_time": "2023-02-13T07:21:33-05:00", "waiting_time": 0, "distance": 1659, "driving_time": 1593, "preparation_time": 0, "load_before": [0], "load_after": [0]}, {"type": "service", "id": "1101475000_28", "location_id": "1101475000", "address": {"location_id": "1101475000", "lat": 42.31359646, "lon": -71.09882322}, "arr_time": 1676290955, "arr_date_time": "2023-02-13T07:22:35-05:00", "end_time": 1676291255, "end_date_time": "2023-02-13T07:27:35-05:00", "waiting_time": 0, "distance": 1722, "driving_time": 1655, "preparation_time": 0, "load_before": [0], "load_after": [0]}, {"type": "service", "id": "1101495000_34", "location_id": "1101495000", "address": {"location_id": "1101495000", "lat": 42.31334443, "lon": -71.09798383}, "arr_time": 1676291357, "arr_date_time": "2023-02-13T07:29:17-05:00", "end_time": 1676291657, "end_date_time": "2023-02-13T07:34:17-05:00", "waiting_time": 0, "distance": 1829, "driving_time": 1757, "preparation_time": 0, "load_before": [0], "load_after": [0]}, {"type": "service", "id": "1101492000_33", "location_id": "1101492000", "address": {"location_id": "1101492000", "lat": 42.31298625, "lon": -71.09811641}, "arr_time": 1676291697, "arr_date_time": "2023-02-13T07:34:57-05:00", "end_time": 1676291997, "end_date_time": "2023-02-13T07:39:57-05:00", "waiting_time": 0, "distance": 1871, "driving_time": 1797, "preparation_time": 0, "load_before": [0], "load_after": [0]}, {"type": "service", "id": "1101489000_32", "location_id": "1101489000", "address": {"location_id": "1101489000", "lat": 42.31274611, "lon": -71.09827123}, "arr_time": 1676292025, "arr_date_time": "2023-02-13T07:40:25-05:00", "end_time": 1676292325, "end_date_time": "2023-02-13T07:45:25-05:00", "waiting_time": 0, "distance": 1901, "driving_time": 1825, "preparation_time": 0, "load_before": [0], "load_after": [0]}, {"type": "service", "id": "1101591000_45", "location_id": "1101591000", "address": {"location_id": "1101591000", "lat": 42.31337349, "lon": -71.09704945}, "arr_time": 1676292488, "arr_date_time": "2023-02-13T07:48:08-05:00", "end_time": 1676292788, "end_date_time": "2023-02-13T07:53:08-05:00", "waiting_time": 0, "distance": 2071, "driving_time": 1988, "preparation_time": 0, "load_before": [0], "load_after": [0]}, {"type": "service", "id": "1101595000_47", "location_id": "1101595000", "address": {"location_id": "1101595000", "lat": 42.31346861, "lon": -71.09699615}, "arr_time": 1676292801, "arr_date_time": "2023-02-13T07:53:21-05:00", "end_time": 1676293101, "end_date_time": "2023-02-13T07:58:21-05:00", "waiting_time": 0, "distance": 2085, "driving_time": 2001, "preparation_time": 0, "load_before": [0], "load_after": [0]}, {"type": "service", "id": "1101600000_49", "location_id": "1101600000", "address": {"location_id": "1101600000", "lat": 42.31378468, "lon": -71.09731231}, "arr_time": 1676293107, "arr_date_time": "2023-02-13T07:58:27-05:00", "end_time": 1676293407, "end_date_time": "2023-02-13T08:03:27-05:00", "waiting_time": 0, "distance": 2091, "driving_time": 2007, "preparation_time": 0, "load_before": [0], "load_after": [0]}, {"type": "service", "id": "1101598000_48", "location_id": "1101598000", "address": {"location_id": "1101598000", "lat": 42.31361885, "lon": -71.09688322}, "arr_time": 1676293413, "arr_date_time": "2023-02-13T08:03:33-05:00", "end_time": 1676293713, "end_date_time": "2023-02-13T08:08:33-05:00", "waiting_time": 0, "distance": 2098, "driving_time": 2013, "preparation_time": 0, "load_before": [0], "load_after": [0]}, {"type": "service", "id": "1101483000_29", "location_id": "1101483000", "address": {"location_id": "1101483000", "lat": 42.31336074, "lon": -71.09841176}, "arr_time": 1676293857, "arr_date_time": "2023-02-13T08:10:57-05:00", "end_time": 1676294157, "end_date_time": "2023-02-13T08:15:57-05:00", "waiting_time": 0, "distance": 2248, "driving_time": 2157, "preparation_time": 0, "load_before": [0], "load_after": [0]}, {"type": "service", "id": "1101484000_30", "location_id": "1101484000", "address": {"location_id": "1101484000", "lat": 42.31326609, "lon": -71.09847222}, "arr_time": 1676294168, "arr_date_time": "2023-02-13T08:16:08-05:00", "end_time": 1676294468, "end_date_time": "2023-02-13T08:21:08-05:00", "waiting_time": 0, "distance": 2260, "driving_time": 2168, "preparation_time": 0, "load_before": [0], "load_after": [0]}, {"type": "service", "id": "1101485000_31", "location_id": "1101485000", "address": {"location_id": "1101485000", "lat": 42.3131874, "lon": -71.09859844}, "arr_time": 1676294480, "arr_date_time": "2023-02-13T08:21:20-05:00", "end_time": 1676294780, "end_date_time": "2023-02-13T08:26:20-05:00", "waiting_time": 0, "distance": 2272, "driving_time": 2180, "preparation_time": 0, "load_before": [0], "load_after": [0]}, {"type": "service", "id": "1101592000_46", "location_id": "1101592000", "address": {"location_id": "1101592000", "lat": 42.31326656, "lon": -71.09717815}, "arr_time": 1676294916, "arr_date_time": "2023-02-13T08:28:36-05:00", "end_time": 1676295216, "end_date_time": "2023-02-13T08:33:36-05:00", "waiting_time": 0, "distance": 2413, "driving_time": 2316, "preparation_time": 0, "load_before": [0], "load_after": [0]}, {"type": "service", "id": "1101515000_35", "location_id": "1101515000", "address": {"location_id": "1101515000", "lat": 42.31230019, "lon": -71.09725206}, "arr_time": 1676295421, "arr_date_time": "2023-02-13T08:37:01-05:00", "end_time": 1676295721, "end_date_time": "2023-02-13T08:42:01-05:00", "waiting_time": 0, "distance": 2627, "driving_time": 2521, "preparation_time": 0, "load_before": [0], "load_after": [0]}, {"type": "service", "id": "1101517000_36", "location_id": "1101517000", "address": {"location_id": "1101517000", "lat": 42.31217167, "lon": -71.09744808}, "arr_time": 1676295740, "arr_date_time": "2023-02-13T08:42:20-05:00", "end_time": 1676296040, "end_date_time": "2023-02-13T08:47:20-05:00", "waiting_time": 0, "distance": 2647, "driving_time": 2540, "preparation_time": 0, "load_before": [0], "load_after": [0]}]}], "unassigned": {"services": [], "shipments": [], "breaks": [], "details": []}}}