{"copyrights": ["GraphHopper", "OpenStreetMap contributors"], "job_id": "9560400a-b349-4d42-9373-5bfc949f8385", "status": "finished", "waiting_time_in_queue": 0, "processing_time": 106, "solution": {"costs": 305, "distance": 1433, "time": 1376, "transport_time": 1376, "completion_time": 13076, "max_operation_time": 13076, "waiting_time": 0, "service_duration": 11700, "preparation_time": 0, "no_vehicles": 1, "no_unassigned": 0, "routes": [{"vehicle_id": "my_vehicle", "shift_id": "default-shift", "distance": 1433, "transport_time": 1376, "completion_time": 13076, "waiting_time": 0, "service_duration": 11700, "preparation_time": 0, "activities": [{"type": "start", "location_id": "1403838000", "address": {"location_id": "1403838000", "lat": 42.28779413, "lon": -71.07974043}, "arr_time": 1676278800, "arr_date_time": "2023-02-13T04:00:00-05:00", "end_time": 1676278800, "end_date_time": "2023-02-13T04:00:00-05:00", "waiting_time": 0, "distance": 0, "driving_time": 0, "preparation_time": 0, "load_after": [0]}, {"type": "service", "id": "1403827000_39", "location_id": "1403827000", "address": {"location_id": "1403827000", "lat": 42.28763776, "lon": -71.08042254}, "arr_time": 1676278932, "arr_date_time": "2023-02-13T04:02:12-05:00", "end_time": 1676279232, "end_date_time": "2023-02-13T04:07:12-05:00", "waiting_time": 0, "distance": 138, "driving_time": 132, "preparation_time": 0, "load_before": [0], "load_after": [0]}, {"type": "service", "id": "1403823000_37", "location_id": "1403823000", "address": {"location_id": "1403823000", "lat": 42.28718588, "lon": -71.08038997}, "arr_time": 1676279277, "arr_date_time": "2023-02-13T04:07:57-05:00", "end_time": 1676279577, "end_date_time": "2023-02-13T04:12:57-05:00", "waiting_time": 0, "distance": 186, "driving_time": 177, "preparation_time": 0, "load_before": [0], "load_after": [0]}, {"type": "service", "id": "1403824000_38", "location_id": "1403824000", "address": {"location_id": "1403824000", "lat": 42.28730852, "lon": -71.08015442}, "arr_time": 1676279585, "arr_date_time": "2023-02-13T04:13:05-05:00", "end_time": 1676279885, "end_date_time": "2023-02-13T04:18:05-05:00", "waiting_time": 0, "distance": 194, "driving_time": 185, "preparation_time": 0, "load_before": [0], "load_after": [0]}, {"type": "service", "id": "1403698000_09", "location_id": "1403698000", "address": {"location_id": "1403698000", "lat": 42.2874911, "lon": -71.08123467}, "arr_time": 1676280021, "arr_date_time": "2023-02-13T04:20:21-05:00", "end_time": 1676280321, "end_date_time": "2023-02-13T04:25:21-05:00", "waiting_time": 0, "distance": 336, "driving_time": 321, "preparation_time": 0, "load_before": [0], "load_after": [0]}, {"type": "service", "id": "1403697000_08", "location_id": "1403697000", "address": {"location_id": "1403697000", "lat": 42.28745939, "lon": -71.08137872}, "arr_time": 1676280333, "arr_date_time": "2023-02-13T04:25:33-05:00", "end_time": 1676280633, "end_date_time": "2023-02-13T04:30:33-05:00", "waiting_time": 0, "distance": 348, "driving_time": 333, "preparation_time": 0, "load_before": [0], "load_after": [0]}, {"type": "service", "id": "1403696000_07", "location_id": "1403696000", "address": {"location_id": "1403696000", "lat": 42.28742928, "lon": -71.08151966}, "arr_time": 1676280645, "arr_date_time": "2023-02-13T04:30:45-05:00", "end_time": 1676280945, "end_date_time": "2023-02-13T04:35:45-05:00", "waiting_time": 0, "distance": 360, "driving_time": 345, "preparation_time": 0, "load_before": [0], "load_after": [0]}, {"type": "service", "id": "1403689000_06", "location_id": "1403689000", "address": {"location_id": "1403689000", "lat": 42.28717178, "lon": -71.08234152}, "arr_time": 1676281016, "arr_date_time": "2023-02-13T04:36:56-05:00", "end_time": 1676281316, "end_date_time": "2023-02-13T04:41:56-05:00", "waiting_time": 0, "distance": 433, "driving_time": 416, "preparation_time": 0, "load_before": [0], "load_after": [0]}, {"type": "service", "id": "1403688000_05", "location_id": "1403688000", "address": {"location_id": "1403688000", "lat": 42.28721194, "lon": -71.082513}, "arr_time": 1676281328, "arr_date_time": "2023-02-13T04:42:08-05:00", "end_time": 1676281628, "end_date_time": "2023-02-13T04:47:08-05:00", "waiting_time": 0, "distance": 445, "driving_time": 428, "preparation_time": 0, "load_before": [0], "load_after": [0]}, {"type": "service", "id": "1403687000_04", "location_id": "1403687000", "address": {"location_id": "1403687000", "lat": 42.28718077, "lon": -71.08265217}, "arr_time": 1676281640, "arr_date_time": "2023-02-13T04:47:20-05:00", "end_time": 1676281940, "end_date_time": "2023-02-13T04:52:20-05:00", "waiting_time": 0, "distance": 457, "driving_time": 440, "preparation_time": 0, "load_before": [0], "load_after": [0]}, {"type": "service", "id": "1403667000_01", "location_id": "1403667000", "address": {"location_id": "1403667000", "lat": 42.2871379, "lon": -71.08335677}, "arr_time": 1676282003, "arr_date_time": "2023-02-13T04:53:23-05:00", "end_time": 1676282303, "end_date_time": "2023-02-13T04:58:23-05:00", "waiting_time": 0, "distance": 522, "driving_time": 503, "preparation_time": 0, "load_before": [0], "load_after": [0]}, {"type": "service", "id": "1403670010_02", "location_id": "1403670010", "address": {"location_id": "1403670010", "lat": 42.28671482, "lon": -71.08327748}, "arr_time": 1676282348, "arr_date_time": "2023-02-13T04:59:08-05:00", "end_time": 1676282648, "end_date_time": "2023-02-13T05:04:08-05:00", "waiting_time": 0, "distance": 569, "driving_time": 548, "preparation_time": 0, "load_before": [0], "load_after": [0]}, {"type": "service", "id": "1403671010_03", "location_id": "1403671010", "address": {"location_id": "1403671010", "lat": 42.28660505, "lon": -71.08323383}, "arr_time": 1676282660, "arr_date_time": "2023-02-13T05:04:20-05:00", "end_time": 1676282960, "end_date_time": "2023-02-13T05:09:20-05:00", "waiting_time": 0, "distance": 582, "driving_time": 560, "preparation_time": 0, "load_before": [0], "load_after": [0]}, {"type": "service", "id": "1403753000_18", "location_id": "1403753000", "address": {"location_id": "1403753000", "lat": 42.28633153, "lon": -71.08276565}, "arr_time": 1676282996, "arr_date_time": "2023-02-13T05:09:56-05:00", "end_time": 1676283296, "end_date_time": "2023-02-13T05:14:56-05:00", "waiting_time": 0, "distance": 619, "driving_time": 596, "preparation_time": 0, "load_before": [0], "load_after": [0]}, {"type": "service", "id": "1403725000_11", "location_id": "1403725000", "address": {"location_id": "1403725000", "lat": 42.28623388, "lon": -71.08306676}, "arr_time": 1676283308, "arr_date_time": "2023-02-13T05:15:08-05:00", "end_time": 1676283608, "end_date_time": "2023-02-13T05:20:08-05:00", "waiting_time": 0, "distance": 631, "driving_time": 608, "preparation_time": 0, "load_before": [0], "load_after": [0]}, {"type": "service", "id": "1403788020_28", "location_id": "1403788020", "address": {"location_id": "1403788020", "lat": 42.28611518, "lon": -71.08260602}, "arr_time": 1676283613, "arr_date_time": "2023-02-13T05:20:13-05:00", "end_time": 1676283913, "end_date_time": "2023-02-13T05:25:13-05:00", "waiting_time": 0, "distance": 637, "driving_time": 613, "preparation_time": 0, "load_before": [0], "load_after": [0]}, {"type": "service", "id": "1403788010_27", "location_id": "1403788010", "address": {"location_id": "1403788010", "lat": 42.28602069, "lon": -71.082663}, "arr_time": 1676283916, "arr_date_time": "2023-02-13T05:25:16-05:00", "end_time": 1676284216, "end_date_time": "2023-02-13T05:30:16-05:00", "waiting_time": 0, "distance": 640, "driving_time": 616, "preparation_time": 0, "load_before": [0], "load_after": [0]}, {"type": "service", "id": "1403786000_26", "location_id": "1403786000", "address": {"location_id": "1403786000", "lat": 42.28579063, "lon": -71.08298907}, "arr_time": 1676284248, "arr_date_time": "2023-02-13T05:30:48-05:00", "end_time": 1676284548, "end_date_time": "2023-02-13T05:35:48-05:00", "waiting_time": 0, "distance": 673, "driving_time": 648, "preparation_time": 0, "load_before": [0], "load_after": [0]}, {"type": "service", "id": "1403726001_12", "location_id": "1403726001", "address": {"location_id": "1403726001", "lat": 42.28595424, "lon": -71.08339499}, "arr_time": 1676284553, "arr_date_time": "2023-02-13T05:35:53-05:00", "end_time": 1676284853, "end_date_time": "2023-02-13T05:40:53-05:00", "waiting_time": 0, "distance": 678, "driving_time": 653, "preparation_time": 0, "load_before": [0], "load_after": [0]}, {"type": "service", "id": "1403785002_25", "location_id": "1403785002", "address": {"location_id": "1403785002", "lat": 42.28561141, "lon": -71.08318568}, "arr_time": 1676284873, "arr_date_time": "2023-02-13T05:41:13-05:00", "end_time": 1676285173, "end_date_time": "2023-02-13T05:46:13-05:00", "waiting_time": 0, "distance": 698, "driving_time": 673, "preparation_time": 0, "load_before": [0], "load_after": [0]}, {"type": "service", "id": "1403726005_13", "location_id": "1403726005", "address": {"location_id": "1403726005", "lat": 42.28580509, "lon": -71.08362007}, "arr_time": 1676285177, "arr_date_time": "2023-02-13T05:46:17-05:00", "end_time": 1676285477, "end_date_time": "2023-02-13T05:51:17-05:00", "waiting_time": 0, "distance": 702, "driving_time": 677, "preparation_time": 0, "load_before": [0], "load_after": [0]}, {"type": "service", "id": "1403726006_14", "location_id": "1403726006", "address": {"location_id": "1403726006", "lat": 42.28576695, "lon": -71.08367718}, "arr_time": 1676285483, "arr_date_time": "2023-02-13T05:51:23-05:00", "end_time": 1676285783, "end_date_time": "2023-02-13T05:56:23-05:00", "waiting_time": 0, "distance": 708, "driving_time": 683, "preparation_time": 0, "load_before": [0], "load_after": [0]}, {"type": "service", "id": "1403730000_15", "location_id": "1403730000", "address": {"location_id": "1403730000", "lat": 42.28476616, "lon": -71.08411002}, "arr_time": 1676285883, "arr_date_time": "2023-02-13T05:58:03-05:00", "end_time": 1676286183, "end_date_time": "2023-02-13T06:03:03-05:00", "waiting_time": 0, "distance": 812, "driving_time": 783, "preparation_time": 0, "load_before": [0], "load_after": [0]}, {"type": "service", "id": "1403734000_16", "location_id": "1403734000", "address": {"location_id": "1403734000", "lat": 42.28455996, "lon": -71.08406857}, "arr_time": 1676286201, "arr_date_time": "2023-02-13T06:03:21-05:00", "end_time": 1676286501, "end_date_time": "2023-02-13T06:08:21-05:00", "waiting_time": 0, "distance": 832, "driving_time": 801, "preparation_time": 0, "load_before": [0], "load_after": [0]}, {"type": "service", "id": "1403737003_17", "location_id": "1403737003", "address": {"location_id": "1403737003", "lat": 42.28414705, "lon": -71.08400953}, "arr_time": 1676286564, "arr_date_time": "2023-02-13T06:09:24-05:00", "end_time": 1676286864, "end_date_time": "2023-02-13T06:14:24-05:00", "waiting_time": 0, "distance": 898, "driving_time": 864, "preparation_time": 0, "load_before": [0], "load_after": [0]}, {"type": "service", "id": "1403794200_29", "location_id": "1403794200", "address": {"location_id": "1403794200", "lat": 42.2844373, "lon": -71.08328932}, "arr_time": 1676286921, "arr_date_time": "2023-02-13T06:15:21-05:00", "end_time": 1676287221, "end_date_time": "2023-02-13T06:20:21-05:00", "waiting_time": 0, "distance": 958, "driving_time": 921, "preparation_time": 0, "load_before": [0], "load_after": [0]}, {"type": "service", "id": "1403779001_24", "location_id": "1403779001", "address": {"location_id": "1403779001", "lat": 42.28481051, "lon": -71.0835789}, "arr_time": 1676287243, "arr_date_time": "2023-02-13T06:20:43-05:00", "end_time": 1676287543, "end_date_time": "2023-02-13T06:25:43-05:00", "waiting_time": 0, "distance": 980, "driving_time": 943, "preparation_time": 0, "load_before": [0], "load_after": [0]}, {"type": "service", "id": "1403799000_30", "location_id": "1403799000", "address": {"location_id": "1403799000", "lat": 42.28504288, "lon": -71.08270513}, "arr_time": 1676287603, "arr_date_time": "2023-02-13T06:26:43-05:00", "end_time": 1676287903, "end_date_time": "2023-02-13T06:31:43-05:00", "waiting_time": 0, "distance": 1043, "driving_time": 1003, "preparation_time": 0, "load_before": [0], "load_after": [0]}, {"type": "service", "id": "1403773000_23", "location_id": "1403773000", "address": {"location_id": "1403773000", "lat": 42.28550771, "lon": -71.08286957}, "arr_time": 1676287933, "arr_date_time": "2023-02-13T06:32:13-05:00", "end_time": 1676288233, "end_date_time": "2023-02-13T06:37:13-05:00", "waiting_time": 0, "distance": 1075, "driving_time": 1033, "preparation_time": 0, "load_before": [0], "load_after": [0]}, {"type": "service", "id": "1403769000_22", "location_id": "1403769000", "address": {"location_id": "1403769000", "lat": 42.28587555, "lon": -71.08242984}, "arr_time": 1676288285, "arr_date_time": "2023-02-13T06:38:05-05:00", "end_time": 1676288585, "end_date_time": "2023-02-13T06:43:05-05:00", "waiting_time": 0, "distance": 1129, "driving_time": 1085, "preparation_time": 0, "load_before": [0], "load_after": [0]}, {"type": "service", "id": "1403805000_31", "location_id": "1403805000", "address": {"location_id": "1403805000", "lat": 42.28563743, "lon": -71.08204292}, "arr_time": 1676288587, "arr_date_time": "2023-02-13T06:43:07-05:00", "end_time": 1676288887, "end_date_time": "2023-02-13T06:48:07-05:00", "waiting_time": 0, "distance": 1130, "driving_time": 1087, "preparation_time": 0, "load_before": [0], "load_after": [0]}, {"type": "service", "id": "1403767000_21", "location_id": "1403767000", "address": {"location_id": "1403767000", "lat": 42.28604047, "lon": -71.08224286}, "arr_time": 1676288908, "arr_date_time": "2023-02-13T06:48:28-05:00", "end_time": 1676289208, "end_date_time": "2023-02-13T06:53:28-05:00", "waiting_time": 0, "distance": 1153, "driving_time": 1108, "preparation_time": 0, "load_before": [0], "load_after": [0]}, {"type": "service", "id": "1403807000_32", "location_id": "1403807000", "address": {"location_id": "1403807000", "lat": 42.28579313, "lon": -71.08186259}, "arr_time": 1676289208, "arr_date_time": "2023-02-13T06:53:28-05:00", "end_time": 1676289508, "end_date_time": "2023-02-13T06:58:28-05:00", "waiting_time": 0, "distance": 1153, "driving_time": 1108, "preparation_time": 0, "load_before": [0], "load_after": [0]}, {"type": "service", "id": "1403808000_33", "location_id": "1403808000", "address": {"location_id": "1403808000", "lat": 42.28588784, "lon": -71.0817531}, "arr_time": 1676289521, "arr_date_time": "2023-02-13T06:58:41-05:00", "end_time": 1676289821, "end_date_time": "2023-02-13T07:03:41-05:00", "waiting_time": 0, "distance": 1167, "driving_time": 1121, "preparation_time": 0, "load_before": [0], "load_after": [0]}, {"type": "service", "id": "1403811000_34", "location_id": "1403811000", "address": {"location_id": "1403811000", "lat": 42.28614454, "lon": -71.08146134}, "arr_time": 1676289856, "arr_date_time": "2023-02-13T07:04:16-05:00", "end_time": 1676290156, "end_date_time": "2023-02-13T07:09:16-05:00", "waiting_time": 0, "distance": 1203, "driving_time": 1156, "preparation_time": 0, "load_before": [0], "load_after": [0]}, {"type": "service", "id": "1403816000_35", "location_id": "1403816000", "address": {"location_id": "1403816000", "lat": 42.28647753, "lon": -71.08110057}, "arr_time": 1676290201, "arr_date_time": "2023-02-13T07:10:01-05:00", "end_time": 1676290501, "end_date_time": "2023-02-13T07:15:01-05:00", "waiting_time": 0, "distance": 1250, "driving_time": 1201, "preparation_time": 0, "load_before": [0], "load_after": [0]}, {"type": "service", "id": "1403820001_36", "location_id": "1403820001", "address": {"location_id": "1403820001", "lat": 42.28691174, "lon": -71.08065494}, "arr_time": 1676290560, "arr_date_time": "2023-02-13T07:16:00-05:00", "end_time": 1676290860, "end_date_time": "2023-02-13T07:21:00-05:00", "waiting_time": 0, "distance": 1312, "driving_time": 1260, "preparation_time": 0, "load_before": [0], "load_after": [0]}, {"type": "service", "id": "1403762000_20", "location_id": "1403762000", "address": {"location_id": "1403762000", "lat": 42.2865023, "lon": -71.08173056}, "arr_time": 1676290947, "arr_date_time": "2023-02-13T07:22:27-05:00", "end_time": 1676291247, "end_date_time": "2023-02-13T07:27:27-05:00", "waiting_time": 0, "distance": 1403, "driving_time": 1347, "preparation_time": 0, "load_before": [0], "load_after": [0]}, {"type": "service", "id": "1403758000_19", "location_id": "1403758000", "address": {"location_id": "1403758000", "lat": 42.28646716, "lon": -71.08206444}, "arr_time": 1676291273, "arr_date_time": "2023-02-13T07:27:53-05:00", "end_time": 1676291573, "end_date_time": "2023-02-13T07:32:53-05:00", "waiting_time": 0, "distance": 1430, "driving_time": 1373, "preparation_time": 0, "load_before": [0], "load_after": [0]}, {"type": "service", "id": "1403712000_10", "location_id": "1403712000", "address": {"location_id": "1403712000", "lat": 42.28684737, "lon": -71.08226608}, "arr_time": 1676291576, "arr_date_time": "2023-02-13T07:32:56-05:00", "end_time": 1676291876, "end_date_time": "2023-02-13T07:37:56-05:00", "waiting_time": 0, "distance": 1433, "driving_time": 1376, "preparation_time": 0, "load_before": [0], "load_after": [0]}]}], "unassigned": {"services": [], "shipments": [], "breaks": [], "details": []}}}