{"copyrights": ["GraphHopper", "OpenStreetMap contributors"], "job_id": "19b6afeb-1a57-48b3-835d-309f69a2cc87", "status": "finished", "waiting_time_in_queue": 0, "processing_time": 232, "solution": {"costs": 381, "distance": 2481, "time": 2381, "transport_time": 2381, "completion_time": 22481, "max_operation_time": 22481, "waiting_time": 0, "service_duration": 20100, "preparation_time": 0, "no_vehicles": 1, "no_unassigned": 0, "routes": [{"vehicle_id": "my_vehicle", "shift_id": "default-shift", "distance": 2481, "transport_time": 2381, "completion_time": 22481, "waiting_time": 0, "service_duration": 20100, "preparation_time": 0, "activities": [{"type": "start", "location_id": "1604831000", "address": {"location_id": "1604831000", "lat": 42.28242255, "lon": -71.06458405}, "arr_time": 1676278800, "arr_date_time": "2023-02-13T04:00:00-05:00", "end_time": 1676278800, "end_date_time": "2023-02-13T04:00:00-05:00", "waiting_time": 0, "distance": 0, "driving_time": 0, "preparation_time": 0, "load_after": [0]}, {"type": "service", "id": "1604832000_27", "location_id": "1604832000", "address": {"location_id": "1604832000", "lat": 42.28234068, "lon": -71.06470083}, "arr_time": 1676278812, "arr_date_time": "2023-02-13T04:00:12-05:00", "end_time": 1676279112, "end_date_time": "2023-02-13T04:05:12-05:00", "waiting_time": 0, "distance": 12, "driving_time": 12, "preparation_time": 0, "load_before": [0], "load_after": [0]}, {"type": "service", "id": "1604814000_20", "location_id": "1604814000", "address": {"location_id": "1604814000", "lat": 42.28248179, "lon": -71.06287676}, "arr_time": 1676279252, "arr_date_time": "2023-02-13T04:07:32-05:00", "end_time": 1676279552, "end_date_time": "2023-02-13T04:12:32-05:00", "waiting_time": 0, "distance": 158, "driving_time": 152, "preparation_time": 0, "load_before": [0], "load_after": [0]}, {"type": "service", "id": "1604874000_31", "location_id": "1604874000", "address": {"location_id": "1604874000", "lat": 42.28176679, "lon": -71.06438117}, "arr_time": 1676279728, "arr_date_time": "2023-02-13T04:15:28-05:00", "end_time": 1676280028, "end_date_time": "2023-02-13T04:20:28-05:00", "waiting_time": 0, "distance": 341, "driving_time": 328, "preparation_time": 0, "load_before": [0], "load_after": [0]}, {"type": "service", "id": "1604875000_32", "location_id": "1604875000", "address": {"location_id": "1604875000", "lat": 42.28166583, "lon": -71.06431403}, "arr_time": 1676280040, "arr_date_time": "2023-02-13T04:20:40-05:00", "end_time": 1676280340, "end_date_time": "2023-02-13T04:25:40-05:00", "waiting_time": 0, "distance": 354, "driving_time": 340, "preparation_time": 0, "load_before": [0], "load_after": [0]}, {"type": "service", "id": "1604876000_33", "location_id": "1604876000", "address": {"location_id": "1604876000", "lat": 42.2816097, "lon": -71.06418817}, "arr_time": 1676280349, "arr_date_time": "2023-02-13T04:25:49-05:00", "end_time": 1676280649, "end_date_time": "2023-02-13T04:30:49-05:00", "waiting_time": 0, "distance": 364, "driving_time": 349, "preparation_time": 0, "load_before": [0], "load_after": [0]}, {"type": "service", "id": "1604877000_34", "location_id": "1604877000", "address": {"location_id": "1604877000", "lat": 42.28144807, "lon": -71.06416973}, "arr_time": 1676280665, "arr_date_time": "2023-02-13T04:31:05-05:00", "end_time": 1676280965, "end_date_time": "2023-02-13T04:36:05-05:00", "waiting_time": 0, "distance": 381, "driving_time": 365, "preparation_time": 0, "load_before": [0], "load_after": [0]}, {"type": "service", "id": "1604880000_35", "location_id": "1604880000", "address": {"location_id": "1604880000", "lat": 42.28112414, "lon": -71.06395481}, "arr_time": 1676281004, "arr_date_time": "2023-02-13T04:36:44-05:00", "end_time": 1676281304, "end_date_time": "2023-02-13T04:41:44-05:00", "waiting_time": 0, "distance": 421, "driving_time": 404, "preparation_time": 0, "load_before": [0], "load_after": [0]}, {"type": "service", "id": "1604799000_17", "location_id": "1604799000", "address": {"location_id": "1604799000", "lat": 42.28116393, "lon": -71.06355519}, "arr_time": 1676281315, "arr_date_time": "2023-02-13T04:41:55-05:00", "end_time": 1676281615, "end_date_time": "2023-02-13T04:46:55-05:00", "waiting_time": 0, "distance": 432, "driving_time": 415, "preparation_time": 0, "load_before": [0], "load_after": [0]}, {"type": "service", "id": "1604881000_36", "location_id": "1604881000", "address": {"location_id": "1604881000", "lat": 42.28101102, "lon": -71.06388001}, "arr_time": 1676281617, "arr_date_time": "2023-02-13T04:46:57-05:00", "end_time": 1676281917, "end_date_time": "2023-02-13T04:51:57-05:00", "waiting_time": 0, "distance": 435, "driving_time": 417, "preparation_time": 0, "load_before": [0], "load_after": [0]}, {"type": "service", "id": "1604796000_16", "location_id": "1604796000", "address": {"location_id": "1604796000", "lat": 42.28099282, "lon": -71.06306934}, "arr_time": 1676282005, "arr_date_time": "2023-02-13T04:53:25-05:00", "end_time": 1676282305, "end_date_time": "2023-02-13T04:58:25-05:00", "waiting_time": 0, "distance": 527, "driving_time": 505, "preparation_time": 0, "load_before": [0], "load_after": [0]}, {"type": "service", "id": "1604792000_13", "location_id": "1604792000", "address": {"location_id": "1604792000", "lat": 42.28136202, "lon": -71.06263}, "arr_time": 1676282413, "arr_date_time": "2023-02-13T05:00:13-05:00", "end_time": 1676282713, "end_date_time": "2023-02-13T05:05:13-05:00", "waiting_time": 0, "distance": 640, "driving_time": 613, "preparation_time": 0, "load_before": [0], "load_after": [0]}, {"type": "service", "id": "1604822000_25", "location_id": "1604822000", "address": {"location_id": "1604822000", "lat": 42.28168135, "lon": -71.06265057}, "arr_time": 1676282728, "arr_date_time": "2023-02-13T05:05:28-05:00", "end_time": 1676283028, "end_date_time": "2023-02-13T05:10:28-05:00", "waiting_time": 0, "distance": 655, "driving_time": 628, "preparation_time": 0, "load_before": [0], "load_after": [0]}, {"type": "service", "id": "1604823000_26", "location_id": "1604823000", "address": {"location_id": "1604823000", "lat": 42.28162743, "lon": -71.06282109}, "arr_time": 1676283043, "arr_date_time": "2023-02-13T05:10:43-05:00", "end_time": 1676283343, "end_date_time": "2023-02-13T05:15:43-05:00", "waiting_time": 0, "distance": 670, "driving_time": 643, "preparation_time": 0, "load_before": [0], "load_after": [0]}, {"type": "service", "id": "1604791000_12", "location_id": "1604791000", "address": {"location_id": "1604791000", "lat": 42.28131344, "lon": -71.06280666}, "arr_time": 1676283355, "arr_date_time": "2023-02-13T05:15:55-05:00", "end_time": 1676283655, "end_date_time": "2023-02-13T05:20:55-05:00", "waiting_time": 0, "distance": 683, "driving_time": 655, "preparation_time": 0, "load_before": [0], "load_after": [0]}, {"type": "service", "id": "1604790000_11", "location_id": "1604790000", "address": {"location_id": "1604790000", "lat": 42.28127844, "lon": -71.06302964}, "arr_time": 1676283661, "arr_date_time": "2023-02-13T05:21:01-05:00", "end_time": 1676283961, "end_date_time": "2023-02-13T05:26:01-05:00", "waiting_time": 0, "distance": 690, "driving_time": 661, "preparation_time": 0, "load_before": [0], "load_after": [0]}, {"type": "service", "id": "1604789000_10", "location_id": "1604789000", "address": {"location_id": "1604789000", "lat": 42.28126553, "lon": -71.06326134}, "arr_time": 1676283967, "arr_date_time": "2023-02-13T05:26:07-05:00", "end_time": 1676284267, "end_date_time": "2023-02-13T05:31:07-05:00", "waiting_time": 0, "distance": 696, "driving_time": 667, "preparation_time": 0, "load_before": [0], "load_after": [0]}, {"type": "service", "id": "1604788000_09", "location_id": "1604788000", "address": {"location_id": "1604788000", "lat": 42.28144433, "lon": -71.06334134}, "arr_time": 1676284277, "arr_date_time": "2023-02-13T05:31:17-05:00", "end_time": 1676284577, "end_date_time": "2023-02-13T05:36:17-05:00", "waiting_time": 0, "distance": 707, "driving_time": 677, "preparation_time": 0, "load_before": [0], "load_after": [0]}, {"type": "service", "id": "1604816000_21", "location_id": "1604816000", "address": {"location_id": "1604816000", "lat": 42.28158076, "lon": -71.06298506}, "arr_time": 1676284579, "arr_date_time": "2023-02-13T05:36:19-05:00", "end_time": 1676284879, "end_date_time": "2023-02-13T05:41:19-05:00", "waiting_time": 0, "distance": 708, "driving_time": 679, "preparation_time": 0, "load_before": [0], "load_after": [0]}, {"type": "service", "id": "1604787000_08", "location_id": "1604787000", "address": {"location_id": "1604787000", "lat": 42.28158608, "lon": -71.06339273}, "arr_time": 1676284893, "arr_date_time": "2023-02-13T05:41:33-05:00", "end_time": 1676285193, "end_date_time": "2023-02-13T05:46:33-05:00", "waiting_time": 0, "distance": 723, "driving_time": 693, "preparation_time": 0, "load_before": [0], "load_after": [0]}, {"type": "service", "id": "1604784000_06", "location_id": "1604784000", "address": {"location_id": "1604784000", "lat": 42.28197417, "lon": -71.06353259}, "arr_time": 1676285227, "arr_date_time": "2023-02-13T05:47:07-05:00", "end_time": 1676285527, "end_date_time": "2023-02-13T05:52:07-05:00", "waiting_time": 0, "distance": 758, "driving_time": 727, "preparation_time": 0, "load_before": [0], "load_after": [0]}, {"type": "service", "id": "1604785000_07", "location_id": "1604785000", "address": {"location_id": "1604785000", "lat": 42.28194985, "lon": -71.06370979}, "arr_time": 1676285541, "arr_date_time": "2023-02-13T05:52:21-05:00", "end_time": 1676285841, "end_date_time": "2023-02-13T05:57:21-05:00", "waiting_time": 0, "distance": 773, "driving_time": 741, "preparation_time": 0, "load_before": [0], "load_after": [0]}, {"type": "service", "id": "1604804000_19", "location_id": "1604804000", "address": {"location_id": "1604804000", "lat": 42.28170598, "lon": -71.06382337}, "arr_time": 1676285851, "arr_date_time": "2023-02-13T05:57:31-05:00", "end_time": 1676286151, "end_date_time": "2023-02-13T06:02:31-05:00", "waiting_time": 0, "distance": 783, "driving_time": 751, "preparation_time": 0, "load_before": [0], "load_after": [0]}, {"type": "service", "id": "1604803000_18", "location_id": "1604803000", "address": {"location_id": "1604803000", "lat": 42.28160687, "lon": -71.06375747}, "arr_time": 1676286151, "arr_date_time": "2023-02-13T06:02:31-05:00", "end_time": 1676286451, "end_date_time": "2023-02-13T06:07:31-05:00", "waiting_time": 0, "distance": 783, "driving_time": 751, "preparation_time": 0, "load_before": [0], "load_after": [0]}, {"type": "service", "id": "1604782000_05", "location_id": "1604782000", "address": {"location_id": "1604782000", "lat": 42.28206557, "lon": -71.06322329}, "arr_time": 1676286501, "arr_date_time": "2023-02-13T06:08:21-05:00", "end_time": 1676286801, "end_date_time": "2023-02-13T06:13:21-05:00", "waiting_time": 0, "distance": 835, "driving_time": 801, "preparation_time": 0, "load_before": [0], "load_after": [0]}, {"type": "service", "id": "1604819000_22", "location_id": "1604819000", "address": {"location_id": "1604819000", "lat": 42.28186711, "lon": -71.06276671}, "arr_time": 1676286827, "arr_date_time": "2023-02-13T06:13:47-05:00", "end_time": 1676287127, "end_date_time": "2023-02-13T06:18:47-05:00", "waiting_time": 0, "distance": 861, "driving_time": 827, "preparation_time": 0, "load_before": [0], "load_after": [0]}, {"type": "service", "id": "1604780000_04", "location_id": "1604780000", "address": {"location_id": "1604780000", "lat": 42.28215967, "lon": -71.0629073}, "arr_time": 1676287128, "arr_date_time": "2023-02-13T06:18:48-05:00", "end_time": 1676287428, "end_date_time": "2023-02-13T06:23:48-05:00", "waiting_time": 0, "distance": 863, "driving_time": 828, "preparation_time": 0, "load_before": [0], "load_after": [0]}, {"type": "service", "id": "1604779000_03", "location_id": "1604779000", "address": {"location_id": "1604779000", "lat": 42.28220446, "lon": -71.0627589}, "arr_time": 1676287440, "arr_date_time": "2023-02-13T06:24:00-05:00", "end_time": 1676287740, "end_date_time": "2023-02-13T06:29:00-05:00", "waiting_time": 0, "distance": 876, "driving_time": 840, "preparation_time": 0, "load_before": [0], "load_after": [0]}, {"type": "service", "id": "1604820000_23", "location_id": "1604820000", "address": {"location_id": "1604820000", "lat": 42.28192047, "lon": -71.0625997}, "arr_time": 1676287763, "arr_date_time": "2023-02-13T06:29:23-05:00", "end_time": 1676288063, "end_date_time": "2023-02-13T06:34:23-05:00", "waiting_time": 0, "distance": 900, "driving_time": 863, "preparation_time": 0, "load_before": [0], "load_after": [0]}, {"type": "service", "id": "1604821000_24", "location_id": "1604821000", "address": {"location_id": "1604821000", "lat": 42.28174326, "lon": -71.06248883}, "arr_time": 1676288084, "arr_date_time": "2023-02-13T06:34:44-05:00", "end_time": 1676288384, "end_date_time": "2023-02-13T06:39:44-05:00", "waiting_time": 0, "distance": 922, "driving_time": 884, "preparation_time": 0, "load_before": [0], "load_after": [0]}, {"type": "service", "id": "1604777000_02", "location_id": "1604777000", "address": {"location_id": "1604777000", "lat": 42.28151389, "lon": -71.06227086}, "arr_time": 1676288407, "arr_date_time": "2023-02-13T06:40:07-05:00", "end_time": 1676288707, "end_date_time": "2023-02-13T06:45:07-05:00", "waiting_time": 0, "distance": 945, "driving_time": 907, "preparation_time": 0, "load_before": [0], "load_after": [0]}, {"type": "service", "id": "1604793000_14", "location_id": "1604793000", "address": {"location_id": "1604793000", "lat": 42.28118496, "lon": -71.06252298}, "arr_time": 1676288761, "arr_date_time": "2023-02-13T06:46:01-05:00", "end_time": 1676289061, "end_date_time": "2023-02-13T06:51:01-05:00", "waiting_time": 0, "distance": 1001, "driving_time": 961, "preparation_time": 0, "load_before": [0], "load_after": [0]}, {"type": "service", "id": "1604775000_01", "location_id": "1604775000", "address": {"location_id": "1604775000", "lat": 42.28125415, "lon": -71.06210616}, "arr_time": 1676289105, "arr_date_time": "2023-02-13T06:51:45-05:00", "end_time": 1676289405, "end_date_time": "2023-02-13T06:56:45-05:00", "waiting_time": 0, "distance": 1047, "driving_time": 1005, "preparation_time": 0, "load_before": [0], "load_after": [0]}, {"type": "service", "id": "1604795000_15", "location_id": "1604795000", "address": {"location_id": "1604795000", "lat": 42.28105014, "lon": -71.06289054}, "arr_time": 1676289471, "arr_date_time": "2023-02-13T06:57:51-05:00", "end_time": 1676289771, "end_date_time": "2023-02-13T07:02:51-05:00", "waiting_time": 0, "distance": 1115, "driving_time": 1071, "preparation_time": 0, "load_before": [0], "load_after": [0]}, {"type": "service", "id": "1604857000_28", "location_id": "1604857000", "address": {"location_id": "1604857000", "lat": 42.28067065, "lon": -71.06400102}, "arr_time": 1676289904, "arr_date_time": "2023-02-13T07:05:04-05:00", "end_time": 1676290204, "end_date_time": "2023-02-13T07:10:04-05:00", "waiting_time": 0, "distance": 1254, "driving_time": 1204, "preparation_time": 0, "load_before": [0], "load_after": [0]}, {"type": "service", "id": "1604883000_37", "location_id": "1604883000", "address": {"location_id": "1604883000", "lat": 42.28058593, "lon": -71.06438003}, "arr_time": 1676290209, "arr_date_time": "2023-02-13T07:10:09-05:00", "end_time": 1676290509, "end_date_time": "2023-02-13T07:15:09-05:00", "waiting_time": 0, "distance": 1259, "driving_time": 1209, "preparation_time": 0, "load_before": [0], "load_after": [0]}, {"type": "service", "id": "1604859000_29", "location_id": "1604859000", "address": {"location_id": "1604859000", "lat": 42.28080528, "lon": -71.06409224}, "arr_time": 1676290521, "arr_date_time": "2023-02-13T07:15:21-05:00", "end_time": 1676290821, "end_date_time": "2023-02-13T07:20:21-05:00", "waiting_time": 0, "distance": 1271, "driving_time": 1221, "preparation_time": 0, "load_before": [0], "load_after": [0]}, {"type": "service", "id": "1604906000_44", "location_id": "1604906000", "address": {"location_id": "1604906000", "lat": 42.28074973, "lon": -71.06473663}, "arr_time": 1676290837, "arr_date_time": "2023-02-13T07:20:37-05:00", "end_time": 1676291137, "end_date_time": "2023-02-13T07:25:37-05:00", "waiting_time": 0, "distance": 1288, "driving_time": 1237, "preparation_time": 0, "load_before": [0], "load_after": [0]}, {"type": "service", "id": "1604905000_43", "location_id": "1604905000", "address": {"location_id": "1604905000", "lat": 42.28088565, "lon": -71.06474178}, "arr_time": 1676291151, "arr_date_time": "2023-02-13T07:25:51-05:00", "end_time": 1676291451, "end_date_time": "2023-02-13T07:30:51-05:00", "waiting_time": 0, "distance": 1302, "driving_time": 1251, "preparation_time": 0, "load_before": [0], "load_after": [0]}, {"type": "service", "id": "1604903000_42", "location_id": "1604903000", "address": {"location_id": "1604903000", "lat": 42.28123532, "lon": -71.06479386}, "arr_time": 1676291487, "arr_date_time": "2023-02-13T07:31:27-05:00", "end_time": 1676291787, "end_date_time": "2023-02-13T07:36:27-05:00", "waiting_time": 0, "distance": 1339, "driving_time": 1287, "preparation_time": 0, "load_before": [0], "load_after": [0]}, {"type": "service", "id": "1604869000_30", "location_id": "1604869000", "address": {"location_id": "1604869000", "lat": 42.28192171, "lon": -71.06491882}, "arr_time": 1676291857, "arr_date_time": "2023-02-13T07:37:37-05:00", "end_time": 1676292157, "end_date_time": "2023-02-13T07:42:37-05:00", "waiting_time": 0, "distance": 1412, "driving_time": 1357, "preparation_time": 0, "load_before": [0], "load_after": [0]}, {"type": "service", "id": "1604898000_41", "location_id": "1604898000", "address": {"location_id": "1604898000", "lat": 42.28111433, "lon": -71.06520057}, "arr_time": 1676292283, "arr_date_time": "2023-02-13T07:44:43-05:00", "end_time": 1676292583, "end_date_time": "2023-02-13T07:49:43-05:00", "waiting_time": 0, "distance": 1543, "driving_time": 1483, "preparation_time": 0, "load_before": [0], "load_after": [0]}, {"type": "service", "id": "1604897000_40", "location_id": "1604897000", "address": {"location_id": "1604897000", "lat": 42.28094818, "lon": -71.06524899}, "arr_time": 1676292601, "arr_date_time": "2023-02-13T07:50:01-05:00", "end_time": 1676292901, "end_date_time": "2023-02-13T07:55:01-05:00", "waiting_time": 0, "distance": 1562, "driving_time": 1501, "preparation_time": 0, "load_before": [0], "load_after": [0]}, {"type": "service", "id": "1604896000_39", "location_id": "1604896000", "address": {"location_id": "1604896000", "lat": 42.28078963, "lon": -71.06529513}, "arr_time": 1676292919, "arr_date_time": "2023-02-13T07:55:19-05:00", "end_time": 1676293219, "end_date_time": "2023-02-13T08:00:19-05:00", "waiting_time": 0, "distance": 1580, "driving_time": 1519, "preparation_time": 0, "load_before": [0], "load_after": [0]}, {"type": "service", "id": "1604923000_48", "location_id": "1604923000", "address": {"location_id": "1604923000", "lat": 42.27941791, "lon": -71.06584653}, "arr_time": 1676293371, "arr_date_time": "2023-02-13T08:02:51-05:00", "end_time": 1676293671, "end_date_time": "2023-02-13T08:07:51-05:00", "waiting_time": 0, "distance": 1739, "driving_time": 1671, "preparation_time": 0, "load_before": [0], "load_after": [0]}, {"type": "service", "id": "1605020000_56", "location_id": "1605020000", "address": {"location_id": "1605020000", "lat": 42.27875206, "lon": -71.06605474}, "arr_time": 1676293743, "arr_date_time": "2023-02-13T08:09:03-05:00", "end_time": 1676294043, "end_date_time": "2023-02-13T08:14:03-05:00", "waiting_time": 0, "distance": 1815, "driving_time": 1743, "preparation_time": 0, "load_before": [0], "load_after": [0]}, {"type": "service", "id": "1605024000_57", "location_id": "1605024000", "address": {"location_id": "1605024000", "lat": 42.27884291, "lon": -71.06544492}, "arr_time": 1676294104, "arr_date_time": "2023-02-13T08:15:04-05:00", "end_time": 1676294404, "end_date_time": "2023-02-13T08:20:04-05:00", "waiting_time": 0, "distance": 1879, "driving_time": 1804, "preparation_time": 0, "load_before": [0], "load_after": [0]}, {"type": "service", "id": "1604936000_55", "location_id": "1604936000", "address": {"location_id": "1604936000", "lat": 42.27967468, "lon": -71.06527302}, "arr_time": 1676294492, "arr_date_time": "2023-02-13T08:21:32-05:00", "end_time": 1676294792, "end_date_time": "2023-02-13T08:26:32-05:00", "waiting_time": 0, "distance": 1971, "driving_time": 1892, "preparation_time": 0, "load_before": [0], "load_after": [0]}, {"type": "service", "id": "1604911000_45", "location_id": "1604911000", "address": {"location_id": "1604911000", "lat": 42.2795577, "lon": -71.06561999}, "arr_time": 1676294796, "arr_date_time": "2023-02-13T08:26:36-05:00", "end_time": 1676295096, "end_date_time": "2023-02-13T08:31:36-05:00", "waiting_time": 0, "distance": 1975, "driving_time": 1896, "preparation_time": 0, "load_before": [0], "load_after": [0]}, {"type": "service", "id": "1604912000_46", "location_id": "1604912000", "address": {"location_id": "1604912000", "lat": 42.27946778, "lon": -71.06559798}, "arr_time": 1676295105, "arr_date_time": "2023-02-13T08:31:45-05:00", "end_time": 1676295405, "end_date_time": "2023-02-13T08:36:45-05:00", "waiting_time": 0, "distance": 1985, "driving_time": 1905, "preparation_time": 0, "load_before": [0], "load_after": [0]}, {"type": "service", "id": "1604935000_54", "location_id": "1604935000", "address": {"location_id": "1604935000", "lat": 42.27952551, "lon": -71.06520279}, "arr_time": 1676295409, "arr_date_time": "2023-02-13T08:36:49-05:00", "end_time": 1676295709, "end_date_time": "2023-02-13T08:41:49-05:00", "waiting_time": 0, "distance": 1989, "driving_time": 1909, "preparation_time": 0, "load_before": [0], "load_after": [0]}, {"type": "service", "id": "1604913000_47", "location_id": "1604913000", "address": {"location_id": "1604913000", "lat": 42.27936732, "lon": -71.06557464}, "arr_time": 1676295716, "arr_date_time": "2023-02-13T08:41:56-05:00", "end_time": 1676296016, "end_date_time": "2023-02-13T08:46:56-05:00", "waiting_time": 0, "distance": 1996, "driving_time": 1916, "preparation_time": 0, "load_before": [0], "load_after": [0]}, {"type": "service", "id": "1605032000_63", "location_id": "1605032000", "address": {"location_id": "1605032000", "lat": 42.27888348, "lon": -71.06500565}, "arr_time": 1676296079, "arr_date_time": "2023-02-13T08:47:59-05:00", "end_time": 1676296379, "end_date_time": "2023-02-13T08:52:59-05:00", "waiting_time": 0, "distance": 2062, "driving_time": 1979, "preparation_time": 0, "load_before": [0], "load_after": [0]}, {"type": "service", "id": "1605026000_58", "location_id": "1605026000", "address": {"location_id": "1605026000", "lat": 42.27863878, "lon": -71.06528953}, "arr_time": 1676296396, "arr_date_time": "2023-02-13T08:53:16-05:00", "end_time": 1676296696, "end_date_time": "2023-02-13T08:58:16-05:00", "waiting_time": 0, "distance": 2081, "driving_time": 1996, "preparation_time": 0, "load_before": [0], "load_after": [0]}, {"type": "service", "id": "1605031000_62", "location_id": "1605031000", "address": {"location_id": "1605031000", "lat": 42.27870648, "lon": -71.06479177}, "arr_time": 1676296701, "arr_date_time": "2023-02-13T08:58:21-05:00", "end_time": 1676297001, "end_date_time": "2023-02-13T09:03:21-05:00", "waiting_time": 0, "distance": 2086, "driving_time": 2001, "preparation_time": 0, "load_before": [0], "load_after": [0]}, {"type": "service", "id": "1605027000_59", "location_id": "1605027000", "address": {"location_id": "1605027000", "lat": 42.27846318, "lon": -71.06524037}, "arr_time": 1676297015, "arr_date_time": "2023-02-13T09:03:35-05:00", "end_time": 1676297315, "end_date_time": "2023-02-13T09:08:35-05:00", "waiting_time": 0, "distance": 2100, "driving_time": 2015, "preparation_time": 0, "load_before": [0], "load_after": [0]}, {"type": "service", "id": "1605028000_60", "location_id": "1605028000", "address": {"location_id": "1605028000", "lat": 42.27835716, "lon": -71.06510645}, "arr_time": 1676297323, "arr_date_time": "2023-02-13T09:08:43-05:00", "end_time": 1676297623, "end_date_time": "2023-02-13T09:13:43-05:00", "waiting_time": 0, "distance": 2109, "driving_time": 2023, "preparation_time": 0, "load_before": [0], "load_after": [0]}, {"type": "service", "id": "1605029000_61", "location_id": "1605029000", "address": {"location_id": "1605029000", "lat": 42.27845411, "lon": -71.06467776}, "arr_time": 1676297623, "arr_date_time": "2023-02-13T09:13:43-05:00", "end_time": 1676297923, "end_date_time": "2023-02-13T09:18:43-05:00", "waiting_time": 0, "distance": 2109, "driving_time": 2023, "preparation_time": 0, "load_before": [0], "load_after": [0]}, {"type": "service", "id": "1604933000_53", "location_id": "1604933000", "address": {"location_id": "1604933000", "lat": 42.27923509, "lon": -71.06507311}, "arr_time": 1676298005, "arr_date_time": "2023-02-13T09:20:05-05:00", "end_time": 1676298305, "end_date_time": "2023-02-13T09:25:05-05:00", "waiting_time": 0, "distance": 2196, "driving_time": 2105, "preparation_time": 0, "load_before": [0], "load_after": [0]}, {"type": "service", "id": "1605033000_64", "location_id": "1605033000", "address": {"location_id": "1605033000", "lat": 42.27895392, "lon": -71.06486018}, "arr_time": 1676298313, "arr_date_time": "2023-02-13T09:25:13-05:00", "end_time": 1676298613, "end_date_time": "2023-02-13T09:30:13-05:00", "waiting_time": 0, "distance": 2204, "driving_time": 2113, "preparation_time": 0, "load_before": [0], "load_after": [0]}, {"type": "service", "id": "1604932000_52", "location_id": "1604932000", "address": {"location_id": "1604932000", "lat": 42.27939127, "lon": -71.06487961}, "arr_time": 1676298625, "arr_date_time": "2023-02-13T09:30:25-05:00", "end_time": 1676298925, "end_date_time": "2023-02-13T09:35:25-05:00", "waiting_time": 0, "distance": 2216, "driving_time": 2125, "preparation_time": 0, "load_before": [0], "load_after": [0]}, {"type": "service", "id": "1604931000_51", "location_id": "1604931000", "address": {"location_id": "1604931000", "lat": 42.27934249, "lon": -71.06466946}, "arr_time": 1676298940, "arr_date_time": "2023-02-13T09:35:40-05:00", "end_time": 1676299240, "end_date_time": "2023-02-13T09:40:40-05:00", "waiting_time": 0, "distance": 2231, "driving_time": 2140, "preparation_time": 0, "load_before": [0], "load_after": [0]}, {"type": "service", "id": "1605036000_65", "location_id": "1605036000", "address": {"location_id": "1605036000", "lat": 42.27905657, "lon": -71.06431098}, "arr_time": 1676299289, "arr_date_time": "2023-02-13T09:41:29-05:00", "end_time": 1676299589, "end_date_time": "2023-02-13T09:46:29-05:00", "waiting_time": 0, "distance": 2282, "driving_time": 2189, "preparation_time": 0, "load_before": [0], "load_after": [0]}, {"type": "service", "id": "1605037000_66", "location_id": "1605037000", "address": {"location_id": "1605037000", "lat": 42.27880988, "lon": -71.06433342}, "arr_time": 1676299613, "arr_date_time": "2023-02-13T09:46:53-05:00", "end_time": 1676299913, "end_date_time": "2023-02-13T09:51:53-05:00", "waiting_time": 0, "distance": 2306, "driving_time": 2213, "preparation_time": 0, "load_before": [0], "load_after": [0]}, {"type": "service", "id": "1604930000_50", "location_id": "1604930000", "address": {"location_id": "1604930000", "lat": 42.27938826, "lon": -71.06449529}, "arr_time": 1676299975, "arr_date_time": "2023-02-13T09:52:55-05:00", "end_time": 1676300275, "end_date_time": "2023-02-13T09:57:55-05:00", "waiting_time": 0, "distance": 2370, "driving_time": 2275, "preparation_time": 0, "load_before": [0], "load_after": [0]}, {"type": "service", "id": "1604929000_49", "location_id": "1604929000", "address": {"location_id": "1604929000", "lat": 42.27953205, "lon": -71.06467604}, "arr_time": 1676300295, "arr_date_time": "2023-02-13T09:58:15-05:00", "end_time": 1676300595, "end_date_time": "2023-02-13T10:03:15-05:00", "waiting_time": 0, "distance": 2390, "driving_time": 2295, "preparation_time": 0, "load_before": [0], "load_after": [0]}, {"type": "service", "id": "1605042000_67", "location_id": "1605042000", "address": {"location_id": "1605042000", "lat": 42.27993094, "lon": -71.06433366}, "arr_time": 1676300624, "arr_date_time": "2023-02-13T10:03:44-05:00", "end_time": 1676300924, "end_date_time": "2023-02-13T10:08:44-05:00", "waiting_time": 0, "distance": 2421, "driving_time": 2324, "preparation_time": 0, "load_before": [0], "load_after": [0]}, {"type": "service", "id": "1604887010_38", "location_id": "1604887010", "address": {"location_id": "1604887010", "lat": 42.28042152, "lon": -71.06505794}, "arr_time": 1676300981, "arr_date_time": "2023-02-13T10:09:41-05:00", "end_time": 1676301281, "end_date_time": "2023-02-13T10:14:41-05:00", "waiting_time": 0, "distance": 2481, "driving_time": 2381, "preparation_time": 0, "load_before": [0], "load_after": [0]}]}], "unassigned": {"services": [], "shipments": [], "breaks": [], "details": []}}}