{"copyrights": ["GraphHopper", "OpenStreetMap contributors"], "job_id": "a2179200-a94b-4abf-b602-34826b878f9b", "status": "finished", "waiting_time_in_queue": 0, "processing_time": 133, "solution": {"costs": 341, "distance": 3276, "time": 3148, "transport_time": 3148, "completion_time": 17548, "max_operation_time": 17548, "waiting_time": 0, "service_duration": 14400, "preparation_time": 0, "no_vehicles": 1, "no_unassigned": 0, "routes": [{"vehicle_id": "my_vehicle", "shift_id": "default-shift", "distance": 3276, "transport_time": 3148, "completion_time": 17548, "waiting_time": 0, "service_duration": 14400, "preparation_time": 0, "activities": [{"type": "start", "location_id": "1400037040", "address": {"location_id": "1400037040", "lat": 42.30550682, "lon": -71.07487064}, "arr_time": 1676278800, "arr_date_time": "2023-02-13T04:00:00-05:00", "end_time": 1676278800, "end_date_time": "2023-02-13T04:00:00-05:00", "waiting_time": 0, "distance": 0, "driving_time": 0, "preparation_time": 0, "load_after": [0]}, {"type": "service", "id": "1400037020_01", "location_id": "1400037020", "address": {"location_id": "1400037020", "lat": 42.30525224, "lon": -71.0751543}, "arr_time": 1676278835, "arr_date_time": "2023-02-13T04:00:35-05:00", "end_time": 1676279135, "end_date_time": "2023-02-13T04:05:35-05:00", "waiting_time": 0, "distance": 37, "driving_time": 35, "preparation_time": 0, "load_before": [0], "load_after": [0]}, {"type": "service", "id": "1401126000_02", "location_id": "1401126000", "address": {"location_id": "1401126000", "lat": 42.30464031, "lon": -71.07530634}, "arr_time": 1676279304, "arr_date_time": "2023-02-13T04:08:24-05:00", "end_time": 1676279604, "end_date_time": "2023-02-13T04:13:24-05:00", "waiting_time": 0, "distance": 213, "driving_time": 204, "preparation_time": 0, "load_before": [0], "load_after": [0]}, {"type": "service", "id": "1401127000_03", "location_id": "1401127000", "address": {"location_id": "1401127000", "lat": 42.30449829, "lon": -71.07525892}, "arr_time": 1676279608, "arr_date_time": "2023-02-13T04:13:28-05:00", "end_time": 1676279908, "end_date_time": "2023-02-13T04:18:28-05:00", "waiting_time": 0, "distance": 217, "driving_time": 208, "preparation_time": 0, "load_before": [0], "load_after": [0]}, {"type": "service", "id": "1401349000_44", "location_id": "1401349000", "address": {"location_id": "1401349000", "lat": 42.30409669, "lon": -71.07485689}, "arr_time": 1676279944, "arr_date_time": "2023-02-13T04:19:04-05:00", "end_time": 1676280244, "end_date_time": "2023-02-13T04:24:04-05:00", "waiting_time": 0, "distance": 254, "driving_time": 244, "preparation_time": 0, "load_before": [0], "load_after": [0]}, {"type": "service", "id": "1401268000_28", "location_id": "1401268000", "address": {"location_id": "1401268000", "lat": 42.30355124, "lon": -71.07517412}, "arr_time": 1676280304, "arr_date_time": "2023-02-13T04:25:04-05:00", "end_time": 1676280604, "end_date_time": "2023-02-13T04:30:04-05:00", "waiting_time": 0, "distance": 317, "driving_time": 304, "preparation_time": 0, "load_before": [0], "load_after": [0]}, {"type": "service", "id": "1401266000_27", "location_id": "1401266000", "address": {"location_id": "1401266000", "lat": 42.30363553, "lon": -71.07542255}, "arr_time": 1676280604, "arr_date_time": "2023-02-13T04:30:04-05:00", "end_time": 1676280904, "end_date_time": "2023-02-13T04:35:04-05:00", "waiting_time": 0, "distance": 317, "driving_time": 304, "preparation_time": 0, "load_before": [0], "load_after": [0]}, {"type": "service", "id": "1401347000_43", "location_id": "1401347000", "address": {"location_id": "1401347000", "lat": 42.30392637, "lon": -71.07456871}, "arr_time": 1676280976, "arr_date_time": "2023-02-13T04:36:16-05:00", "end_time": 1676281276, "end_date_time": "2023-02-13T04:41:16-05:00", "waiting_time": 0, "distance": 391, "driving_time": 376, "preparation_time": 0, "load_before": [0], "load_after": [0]}, {"type": "service", "id": "1401345000_42", "location_id": "1401345000", "address": {"location_id": "1401345000", "lat": 42.30370521, "lon": -71.07427175}, "arr_time": 1676281307, "arr_date_time": "2023-02-13T04:41:47-05:00", "end_time": 1676281607, "end_date_time": "2023-02-13T04:46:47-05:00", "waiting_time": 0, "distance": 424, "driving_time": 407, "preparation_time": 0, "load_before": [0], "load_after": [0]}, {"type": "service", "id": "1401272030_29", "location_id": "1401272030", "address": {"location_id": "1401272030", "lat": 42.30330753, "lon": -71.07482501}, "arr_time": 1676281661, "arr_date_time": "2023-02-13T04:47:41-05:00", "end_time": 1676281961, "end_date_time": "2023-02-13T04:52:41-05:00", "waiting_time": 0, "distance": 481, "driving_time": 461, "preparation_time": 0, "load_before": [0], "load_after": [0]}, {"type": "service", "id": "1401272040_30", "location_id": "1401272040", "address": {"location_id": "1401272040", "lat": 42.30346232, "lon": -71.07465118}, "arr_time": 1676281983, "arr_date_time": "2023-02-13T04:53:03-05:00", "end_time": 1676282283, "end_date_time": "2023-02-13T04:58:03-05:00", "waiting_time": 0, "distance": 503, "driving_time": 483, "preparation_time": 0, "load_before": [0], "load_after": [0]}, {"type": "service", "id": "1401263000_26", "location_id": "1401263000", "address": {"location_id": "1401263000", "lat": 42.30388282, "lon": -71.0756068}, "arr_time": 1676282381, "arr_date_time": "2023-02-13T04:59:41-05:00", "end_time": 1676282681, "end_date_time": "2023-02-13T05:04:41-05:00", "waiting_time": 0, "distance": 606, "driving_time": 581, "preparation_time": 0, "load_before": [0], "load_after": [0]}, {"type": "service", "id": "1401129000_04", "location_id": "1401129000", "address": {"location_id": "1401129000", "lat": 42.30429816, "lon": -71.07543053}, "arr_time": 1676282688, "arr_date_time": "2023-02-13T05:04:48-05:00", "end_time": 1676282988, "end_date_time": "2023-02-13T05:09:48-05:00", "waiting_time": 0, "distance": 613, "driving_time": 588, "preparation_time": 0, "load_before": [0], "load_after": [0]}, {"type": "service", "id": "1401131000_05", "location_id": "1401131000", "address": {"location_id": "1401131000", "lat": 42.30440139, "lon": -71.07581739}, "arr_time": 1676283017, "arr_date_time": "2023-02-13T05:10:17-05:00", "end_time": 1676283317, "end_date_time": "2023-02-13T05:15:17-05:00", "waiting_time": 0, "distance": 644, "driving_time": 617, "preparation_time": 0, "load_before": [0], "load_after": [0]}, {"type": "service", "id": "1401136000_06", "location_id": "1401136000", "address": {"location_id": "1401136000", "lat": 42.30454054, "lon": -71.07649685}, "arr_time": 1676283372, "arr_date_time": "2023-02-13T05:16:12-05:00", "end_time": 1676283672, "end_date_time": "2023-02-13T05:21:12-05:00", "waiting_time": 0, "distance": 700, "driving_time": 672, "preparation_time": 0, "load_before": [0], "load_after": [0]}, {"type": "service", "id": "1401240000_21", "location_id": "1401240000", "address": {"location_id": "1401240000", "lat": 42.30344184, "lon": -71.07695505}, "arr_time": 1676283832, "arr_date_time": "2023-02-13T05:23:52-05:00", "end_time": 1676284132, "end_date_time": "2023-02-13T05:28:52-05:00", "waiting_time": 0, "distance": 867, "driving_time": 832, "preparation_time": 0, "load_before": [0], "load_after": [0]}, {"type": "service", "id": "1401239000_20", "location_id": "1401239000", "address": {"location_id": "1401239000", "lat": 42.30328284, "lon": -71.07679117}, "arr_time": 1676284153, "arr_date_time": "2023-02-13T05:29:13-05:00", "end_time": 1676284453, "end_date_time": "2023-02-13T05:34:13-05:00", "waiting_time": 0, "distance": 889, "driving_time": 853, "preparation_time": 0, "load_before": [0], "load_after": [0]}, {"type": "service", "id": "1401242000_22", "location_id": "1401242000", "address": {"location_id": "1401242000", "lat": 42.30379573, "lon": -71.07708531}, "arr_time": 1676284579, "arr_date_time": "2023-02-13T05:36:19-05:00", "end_time": 1676284879, "end_date_time": "2023-02-13T05:41:19-05:00", "waiting_time": 0, "distance": 1019, "driving_time": 979, "preparation_time": 0, "load_before": [0], "load_after": [0]}, {"type": "service", "id": "1401255000_25", "location_id": "1401255000", "address": {"location_id": "1401255000", "lat": 42.303955, "lon": -71.07666962}, "arr_time": 1676284900, "arr_date_time": "2023-02-13T05:41:40-05:00", "end_time": 1676285200, "end_date_time": "2023-02-13T05:46:40-05:00", "waiting_time": 0, "distance": 1041, "driving_time": 1000, "preparation_time": 0, "load_before": [0], "load_after": [0]}, {"type": "service", "id": "1401243000_23", "location_id": "1401243000", "address": {"location_id": "1401243000", "lat": 42.30368408, "lon": -71.07677841}, "arr_time": 1676285205, "arr_date_time": "2023-02-13T05:46:45-05:00", "end_time": 1676285505, "end_date_time": "2023-02-13T05:51:45-05:00", "waiting_time": 0, "distance": 1047, "driving_time": 1005, "preparation_time": 0, "load_before": [0], "load_after": [0]}, {"type": "service", "id": "1401245000_24", "location_id": "1401245000", "address": {"location_id": "1401245000", "lat": 42.3033869, "lon": -71.07647407}, "arr_time": 1676285541, "arr_date_time": "2023-02-13T05:52:21-05:00", "end_time": 1676285841, "end_date_time": "2023-02-13T05:57:21-05:00", "waiting_time": 0, "distance": 1084, "driving_time": 1041, "preparation_time": 0, "load_before": [0], "load_after": [0]}, {"type": "service", "id": "1401281001_34", "location_id": "1401281001", "address": {"location_id": "1401281001", "lat": 42.30299005, "lon": -71.07463953}, "arr_time": 1676285984, "arr_date_time": "2023-02-13T05:59:44-05:00", "end_time": 1676286284, "end_date_time": "2023-02-13T06:04:44-05:00", "waiting_time": 0, "distance": 1233, "driving_time": 1184, "preparation_time": 0, "load_before": [0], "load_after": [0]}, {"type": "service", "id": "1401211000_18", "location_id": "1401211000", "address": {"location_id": "1401211000", "lat": 42.302322, "lon": -71.07454597}, "arr_time": 1676286347, "arr_date_time": "2023-02-13T06:05:47-05:00", "end_time": 1676286647, "end_date_time": "2023-02-13T06:10:47-05:00", "waiting_time": 0, "distance": 1298, "driving_time": 1247, "preparation_time": 0, "load_before": [0], "load_after": [0]}, {"type": "service", "id": "1401280000_33", "location_id": "1401280000", "address": {"location_id": "1401280000", "lat": 42.30284884, "lon": -71.0744291}, "arr_time": 1676286688, "arr_date_time": "2023-02-13T06:11:28-05:00", "end_time": 1676286988, "end_date_time": "2023-02-13T06:16:28-05:00", "waiting_time": 0, "distance": 1341, "driving_time": 1288, "preparation_time": 0, "load_before": [0], "load_after": [0]}, {"type": "service", "id": "1401279000_32", "location_id": "1401279000", "address": {"location_id": "1401279000", "lat": 42.30291271, "lon": -71.07432576}, "arr_time": 1676286999, "arr_date_time": "2023-02-13T06:16:39-05:00", "end_time": 1676287299, "end_date_time": "2023-02-13T06:21:39-05:00", "waiting_time": 0, "distance": 1352, "driving_time": 1299, "preparation_time": 0, "load_before": [0], "load_after": [0]}, {"type": "service", "id": "1401275000_31", "location_id": "1401275000", "address": {"location_id": "1401275000", "lat": 42.30313443, "lon": -71.07419145}, "arr_time": 1676287380, "arr_date_time": "2023-02-13T06:23:00-05:00", "end_time": 1676287680, "end_date_time": "2023-02-13T06:28:00-05:00", "waiting_time": 0, "distance": 1437, "driving_time": 1380, "preparation_time": 0, "load_before": [0], "load_after": [0]}, {"type": "service", "id": "1401337000_41", "location_id": "1401337000", "address": {"location_id": "1401337000", "lat": 42.30299327, "lon": -71.07323681}, "arr_time": 1676287739, "arr_date_time": "2023-02-13T06:28:59-05:00", "end_time": 1676288039, "end_date_time": "2023-02-13T06:33:59-05:00", "waiting_time": 0, "distance": 1498, "driving_time": 1439, "preparation_time": 0, "load_before": [0], "load_after": [0]}, {"type": "service", "id": "1401335000_40", "location_id": "1401335000", "address": {"location_id": "1401335000", "lat": 42.30272668, "lon": -71.07316663}, "arr_time": 1676288063, "arr_date_time": "2023-02-13T06:34:23-05:00", "end_time": 1676288363, "end_date_time": "2023-02-13T06:39:23-05:00", "waiting_time": 0, "distance": 1523, "driving_time": 1463, "preparation_time": 0, "load_before": [0], "load_after": [0]}, {"type": "service", "id": "1401220000_19", "location_id": "1401220000", "address": {"location_id": "1401220000", "lat": 42.30233277, "lon": -71.0737613}, "arr_time": 1676288437, "arr_date_time": "2023-02-13T06:40:37-05:00", "end_time": 1676288737, "end_date_time": "2023-02-13T06:45:37-05:00", "waiting_time": 0, "distance": 1601, "driving_time": 1537, "preparation_time": 0, "load_before": [0], "load_after": [0]}, {"type": "service", "id": "1401298000_37", "location_id": "1401298000", "address": {"location_id": "1401298000", "lat": 42.30157466, "lon": -71.07414201}, "arr_time": 1676288815, "arr_date_time": "2023-02-13T06:46:55-05:00", "end_time": 1676289115, "end_date_time": "2023-02-13T06:51:55-05:00", "waiting_time": 0, "distance": 1681, "driving_time": 1615, "preparation_time": 0, "load_before": [0], "load_after": [0]}, {"type": "service", "id": "1401302000_38", "location_id": "1401302000", "address": {"location_id": "1401302000", "lat": 42.30117021, "lon": -71.07375334}, "arr_time": 1676289168, "arr_date_time": "2023-02-13T06:52:48-05:00", "end_time": 1676289468, "end_date_time": "2023-02-13T06:57:48-05:00", "waiting_time": 0, "distance": 1737, "driving_time": 1668, "preparation_time": 0, "load_before": [0], "load_after": [0]}, {"type": "service", "id": "1401154000_07", "location_id": "1401154000", "address": {"location_id": "1401154000", "lat": 42.30139958, "lon": -71.0754849}, "arr_time": 1676289673, "arr_date_time": "2023-02-13T07:01:13-05:00", "end_time": 1676289973, "end_date_time": "2023-02-13T07:06:13-05:00", "waiting_time": 0, "distance": 1951, "driving_time": 1873, "preparation_time": 0, "load_before": [0], "load_after": [0]}, {"type": "service", "id": "1401159000_08", "location_id": "1401159000", "address": {"location_id": "1401159000", "lat": 42.30090276, "lon": -71.07483757}, "arr_time": 1676290047, "arr_date_time": "2023-02-13T07:07:27-05:00", "end_time": 1676290347, "end_date_time": "2023-02-13T07:12:27-05:00", "waiting_time": 0, "distance": 2028, "driving_time": 1947, "preparation_time": 0, "load_before": [0], "load_after": [0]}, {"type": "service", "id": "1401160000_09", "location_id": "1401160000", "address": {"location_id": "1401160000", "lat": 42.30087702, "lon": -71.07464672}, "arr_time": 1676290360, "arr_date_time": "2023-02-13T07:12:40-05:00", "end_time": 1676290660, "end_date_time": "2023-02-13T07:17:40-05:00", "waiting_time": 0, "distance": 2042, "driving_time": 1960, "preparation_time": 0, "load_before": [0], "load_after": [0]}, {"type": "service", "id": "1401161000_10", "location_id": "1401161000", "address": {"location_id": "1401161000", "lat": 42.3007731, "lon": -71.07448009}, "arr_time": 1676290677, "arr_date_time": "2023-02-13T07:17:57-05:00", "end_time": 1676290977, "end_date_time": "2023-02-13T07:22:57-05:00", "waiting_time": 0, "distance": 2060, "driving_time": 1977, "preparation_time": 0, "load_before": [0], "load_after": [0]}, {"type": "service", "id": "1401163000_11", "location_id": "1401163000", "address": {"location_id": "1401163000", "lat": 42.30060923, "lon": -71.07420988}, "arr_time": 1676291009, "arr_date_time": "2023-02-13T07:23:29-05:00", "end_time": 1676291309, "end_date_time": "2023-02-13T07:28:29-05:00", "waiting_time": 0, "distance": 2093, "driving_time": 2009, "preparation_time": 0, "load_before": [0], "load_after": [0]}, {"type": "service", "id": "1401289000_36", "location_id": "1401289000", "address": {"location_id": "1401289000", "lat": 42.30083256, "lon": -71.07380496}, "arr_time": 1676291311, "arr_date_time": "2023-02-13T07:28:31-05:00", "end_time": 1676291611, "end_date_time": "2023-02-13T07:33:31-05:00", "waiting_time": 0, "distance": 2094, "driving_time": 2011, "preparation_time": 0, "load_before": [0], "load_after": [0]}, {"type": "service", "id": "1401287000_35", "location_id": "1401287000", "address": {"location_id": "1401287000", "lat": 42.30057416, "lon": -71.07357487}, "arr_time": 1676291644, "arr_date_time": "2023-02-13T07:34:04-05:00", "end_time": 1676291944, "end_date_time": "2023-02-13T07:39:04-05:00", "waiting_time": 0, "distance": 2128, "driving_time": 2044, "preparation_time": 0, "load_before": [0], "load_after": [0]}, {"type": "service", "id": "1401166000_12", "location_id": "1401166000", "address": {"location_id": "1401166000", "lat": 42.30034518, "lon": -71.07392433}, "arr_time": 1676291947, "arr_date_time": "2023-02-13T07:39:07-05:00", "end_time": 1676292247, "end_date_time": "2023-02-13T07:44:07-05:00", "waiting_time": 0, "distance": 2130, "driving_time": 2047, "preparation_time": 0, "load_before": [0], "load_after": [0]}, {"type": "service", "id": "1401412000_48", "location_id": "1401412000", "address": {"location_id": "1401412000", "lat": 42.30058515, "lon": -71.07245989}, "arr_time": 1676292349, "arr_date_time": "2023-02-13T07:45:49-05:00", "end_time": 1676292649, "end_date_time": "2023-02-13T07:50:49-05:00", "waiting_time": 0, "distance": 2237, "driving_time": 2149, "preparation_time": 0, "load_before": [0], "load_after": [0]}, {"type": "service", "id": "1401396000_45", "location_id": "1401396000", "address": {"location_id": "1401396000", "lat": 42.30218839, "lon": -71.07265505}, "arr_time": 1676292879, "arr_date_time": "2023-02-13T07:54:39-05:00", "end_time": 1676293179, "end_date_time": "2023-02-13T07:59:39-05:00", "waiting_time": 0, "distance": 2476, "driving_time": 2379, "preparation_time": 0, "load_before": [0], "load_after": [0]}, {"type": "service", "id": "1401397000_46", "location_id": "1401397000", "address": {"location_id": "1401397000", "lat": 42.30219047, "lon": -71.07250755}, "arr_time": 1676293191, "arr_date_time": "2023-02-13T07:59:51-05:00", "end_time": 1676293491, "end_date_time": "2023-02-13T08:04:51-05:00", "waiting_time": 0, "distance": 2488, "driving_time": 2391, "preparation_time": 0, "load_before": [0], "load_after": [0]}, {"type": "service", "id": "1401329000_39", "location_id": "1401329000", "address": {"location_id": "1401329000", "lat": 42.30269318, "lon": -71.07232479}, "arr_time": 1676293505, "arr_date_time": "2023-02-13T08:05:05-05:00", "end_time": 1676293805, "end_date_time": "2023-02-13T08:10:05-05:00", "waiting_time": 0, "distance": 2504, "driving_time": 2405, "preparation_time": 0, "load_before": [0], "load_after": [0]}, {"type": "service", "id": "1401409000_47", "location_id": "1401409000", "address": {"location_id": "1401409000", "lat": 42.30108742, "lon": -71.07232069}, "arr_time": 1676294016, "arr_date_time": "2023-02-13T08:13:36-05:00", "end_time": 1676294316, "end_date_time": "2023-02-13T08:18:36-05:00", "waiting_time": 0, "distance": 2723, "driving_time": 2616, "preparation_time": 0, "load_before": [0], "load_after": [0]}, {"type": "service", "id": "1401179000_13", "location_id": "1401179000", "address": {"location_id": "1401179000", "lat": 42.30016584, "lon": -71.07418397}, "arr_time": 1676294660, "arr_date_time": "2023-02-13T08:24:20-05:00", "end_time": 1676294960, "end_date_time": "2023-02-13T08:29:20-05:00", "waiting_time": 0, "distance": 3081, "driving_time": 2960, "preparation_time": 0, "load_before": [0], "load_after": [0]}, {"type": "service", "id": "1401182000_14", "location_id": "1401182000", "address": {"location_id": "1401182000", "lat": 42.30048136, "lon": -71.07462075}, "arr_time": 1676295003, "arr_date_time": "2023-02-13T08:30:03-05:00", "end_time": 1676295303, "end_date_time": "2023-02-13T08:35:03-05:00", "waiting_time": 0, "distance": 3126, "driving_time": 3003, "preparation_time": 0, "load_before": [0], "load_after": [0]}, {"type": "service", "id": "1401187000_15", "location_id": "1401187000", "address": {"location_id": "1401187000", "lat": 42.30085935, "lon": -71.07538258}, "arr_time": 1676295375, "arr_date_time": "2023-02-13T08:36:15-05:00", "end_time": 1676295675, "end_date_time": "2023-02-13T08:41:15-05:00", "waiting_time": 0, "distance": 3200, "driving_time": 3075, "preparation_time": 0, "load_before": [0], "load_after": [0]}, {"type": "service", "id": "1401189000_16", "location_id": "1401189000", "address": {"location_id": "1401189000", "lat": 42.30111435, "lon": -71.07580395}, "arr_time": 1676295719, "arr_date_time": "2023-02-13T08:41:59-05:00", "end_time": 1676296019, "end_date_time": "2023-02-13T08:46:59-05:00", "waiting_time": 0, "distance": 3246, "driving_time": 3119, "preparation_time": 0, "load_before": [0], "load_after": [0]}, {"type": "service", "id": "1401190000_17", "location_id": "1401190000", "address": {"location_id": "1401190000", "lat": 42.30123176, "lon": -71.07606569}, "arr_time": 1676296048, "arr_date_time": "2023-02-13T08:47:28-05:00", "end_time": 1676296348, "end_date_time": "2023-02-13T08:52:28-05:00", "waiting_time": 0, "distance": 3276, "driving_time": 3148, "preparation_time": 0, "load_before": [0], "load_after": [0]}]}], "unassigned": {"services": [], "shipments": [], "breaks": [], "details": []}}}