{"copyrights": ["GraphHopper", "OpenStreetMap contributors"], "job_id": "8572bc17-8c70-43c3-948b-46b633b65351", "status": "finished", "waiting_time_in_queue": 0, "processing_time": 114, "solution": {"costs": 312, "distance": 1074, "time": 1032, "transport_time": 1032, "completion_time": 13932, "max_operation_time": 13932, "waiting_time": 0, "service_duration": 12900, "preparation_time": 0, "no_vehicles": 1, "no_unassigned": 0, "routes": [{"vehicle_id": "my_vehicle", "shift_id": "default-shift", "distance": 1074, "transport_time": 1032, "completion_time": 13932, "waiting_time": 0, "service_duration": 12900, "preparation_time": 0, "activities": [{"type": "start", "location_id": "1803632001", "address": {"location_id": "1803632001", "lat": 42.27122025, "lon": -71.10595733}, "arr_time": 1676278800, "arr_date_time": "2023-02-13T04:00:00-05:00", "end_time": 1676278800, "end_date_time": "2023-02-13T04:00:00-05:00", "waiting_time": 0, "distance": 0, "driving_time": 0, "preparation_time": 0, "load_after": [0]}, {"type": "service", "id": "1803632000_37", "location_id": "1803632000", "address": {"location_id": "1803632000", "lat": 42.27099263, "lon": -71.10577709}, "arr_time": 1676278829, "arr_date_time": "2023-02-13T04:00:29-05:00", "end_time": 1676279129, "end_date_time": "2023-02-13T04:05:29-05:00", "waiting_time": 0, "distance": 31, "driving_time": 29, "preparation_time": 0, "load_before": [0], "load_after": [0]}, {"type": "service", "id": "1803580000_33", "location_id": "1803580000", "address": {"location_id": "1803580000", "lat": 42.27061213, "lon": -71.10585271}, "arr_time": 1676279156, "arr_date_time": "2023-02-13T04:05:56-05:00", "end_time": 1676279456, "end_date_time": "2023-02-13T04:10:56-05:00", "waiting_time": 0, "distance": 59, "driving_time": 56, "preparation_time": 0, "load_before": [0], "load_after": [0]}, {"type": "service", "id": "1803631000_36", "location_id": "1803631000", "address": {"location_id": "1803631000", "lat": 42.27072431, "lon": -71.10552939}, "arr_time": 1676279493, "arr_date_time": "2023-02-13T04:11:33-05:00", "end_time": 1676279793, "end_date_time": "2023-02-13T04:16:33-05:00", "waiting_time": 0, "distance": 98, "driving_time": 93, "preparation_time": 0, "load_before": [0], "load_after": [0]}, {"type": "service", "id": "1803630000_35", "location_id": "1803630000", "address": {"location_id": "1803630000", "lat": 42.27092291, "lon": -71.10549033}, "arr_time": 1676279812, "arr_date_time": "2023-02-13T04:16:52-05:00", "end_time": 1676280112, "end_date_time": "2023-02-13T04:21:52-05:00", "waiting_time": 0, "distance": 118, "driving_time": 112, "preparation_time": 0, "load_before": [0], "load_after": [0]}, {"type": "service", "id": "1803629000_34", "location_id": "1803629000", "address": {"location_id": "1803629000", "lat": 42.27102898, "lon": -71.10539853}, "arr_time": 1676280125, "arr_date_time": "2023-02-13T04:22:05-05:00", "end_time": 1676280425, "end_date_time": "2023-02-13T04:27:05-05:00", "waiting_time": 0, "distance": 132, "driving_time": 125, "preparation_time": 0, "load_before": [0], "load_after": [0]}, {"type": "service", "id": "1802124000_32", "location_id": "1802124000", "address": {"location_id": "1802124000", "lat": 42.27096601, "lon": -71.10487893}, "arr_time": 1676280443, "arr_date_time": "2023-02-13T04:27:23-05:00", "end_time": 1676280743, "end_date_time": "2023-02-13T04:32:23-05:00", "waiting_time": 0, "distance": 150, "driving_time": 143, "preparation_time": 0, "load_before": [0], "load_after": [0]}, {"type": "service", "id": "1802091000_24", "location_id": "1802091000", "address": {"location_id": "1802091000", "lat": 42.27073465, "lon": -71.10508851}, "arr_time": 1676280780, "arr_date_time": "2023-02-13T04:33:00-05:00", "end_time": 1676281080, "end_date_time": "2023-02-13T04:38:00-05:00", "waiting_time": 0, "distance": 188, "driving_time": 180, "preparation_time": 0, "load_before": [0], "load_after": [0]}, {"type": "service", "id": "1802092000_25", "location_id": "1802092000", "address": {"location_id": "1802092000", "lat": 42.27058511, "lon": -71.10496133}, "arr_time": 1676281097, "arr_date_time": "2023-02-13T04:38:17-05:00", "end_time": 1676281397, "end_date_time": "2023-02-13T04:43:17-05:00", "waiting_time": 0, "distance": 206, "driving_time": 197, "preparation_time": 0, "load_before": [0], "load_after": [0]}, {"type": "service", "id": "1802095000_26", "location_id": "1802095000", "address": {"location_id": "1802095000", "lat": 42.27041492, "lon": -71.10457906}, "arr_time": 1676281432, "arr_date_time": "2023-02-13T04:43:52-05:00", "end_time": 1676281732, "end_date_time": "2023-02-13T04:48:52-05:00", "waiting_time": 0, "distance": 243, "driving_time": 232, "preparation_time": 0, "load_before": [0], "load_after": [0]}, {"type": "service", "id": "1802120000_31", "location_id": "1802120000", "address": {"location_id": "1802120000", "lat": 42.27068189, "lon": -71.10416022}, "arr_time": 1676281744, "arr_date_time": "2023-02-13T04:49:04-05:00", "end_time": 1676282044, "end_date_time": "2023-02-13T04:54:04-05:00", "waiting_time": 0, "distance": 256, "driving_time": 244, "preparation_time": 0, "load_before": [0], "load_after": [0]}, {"type": "service", "id": "1802084000_22", "location_id": "1802084000", "address": {"location_id": "1802084000", "lat": 42.26995975, "lon": -71.1037544}, "arr_time": 1676282112, "arr_date_time": "2023-02-13T04:55:12-05:00", "end_time": 1676282412, "end_date_time": "2023-02-13T05:00:12-05:00", "waiting_time": 0, "distance": 326, "driving_time": 312, "preparation_time": 0, "load_before": [0], "load_after": [0]}, {"type": "service", "id": "1802098000_27", "location_id": "1802098000", "address": {"location_id": "1802098000", "lat": 42.27014831, "lon": -71.10428402}, "arr_time": 1676282417, "arr_date_time": "2023-02-13T05:00:17-05:00", "end_time": 1676282717, "end_date_time": "2023-02-13T05:05:17-05:00", "waiting_time": 0, "distance": 331, "driving_time": 317, "preparation_time": 0, "load_before": [0], "load_after": [0]}, {"type": "service", "id": "1802118000_30", "location_id": "1802118000", "address": {"location_id": "1802118000", "lat": 42.2704448, "lon": -71.10390629}, "arr_time": 1676282761, "arr_date_time": "2023-02-13T05:06:01-05:00", "end_time": 1676283061, "end_date_time": "2023-02-13T05:11:01-05:00", "waiting_time": 0, "distance": 378, "driving_time": 361, "preparation_time": 0, "load_before": [0], "load_after": [0]}, {"type": "service", "id": "1802088000_23", "location_id": "1802088000", "address": {"location_id": "1802088000", "lat": 42.27032706, "lon": -71.10343777}, "arr_time": 1676283065, "arr_date_time": "2023-02-13T05:11:05-05:00", "end_time": 1676283365, "end_date_time": "2023-02-13T05:16:05-05:00", "waiting_time": 0, "distance": 382, "driving_time": 365, "preparation_time": 0, "load_before": [0], "load_after": [0]}, {"type": "service", "id": "1802116000_29", "location_id": "1802116000", "address": {"location_id": "1802116000", "lat": 42.27072927, "lon": -71.10382266}, "arr_time": 1676283392, "arr_date_time": "2023-02-13T05:16:32-05:00", "end_time": 1676283692, "end_date_time": "2023-02-13T05:21:32-05:00", "waiting_time": 0, "distance": 410, "driving_time": 392, "preparation_time": 0, "load_before": [0], "load_after": [0]}, {"type": "service", "id": "1802061000_13", "location_id": "1802061000", "address": {"location_id": "1802061000", "lat": 42.27065874, "lon": -71.10329089}, "arr_time": 1676283703, "arr_date_time": "2023-02-13T05:21:43-05:00", "end_time": 1676284003, "end_date_time": "2023-02-13T05:26:43-05:00", "waiting_time": 0, "distance": 421, "driving_time": 403, "preparation_time": 0, "load_before": [0], "load_after": [0]}, {"type": "service", "id": "1802065000_14", "location_id": "1802065000", "address": {"location_id": "1802065000", "lat": 42.27065344, "lon": -71.10280139}, "arr_time": 1676284085, "arr_date_time": "2023-02-13T05:28:05-05:00", "end_time": 1676284385, "end_date_time": "2023-02-13T05:33:05-05:00", "waiting_time": 0, "distance": 507, "driving_time": 485, "preparation_time": 0, "load_before": [0], "load_after": [0]}, {"type": "service", "id": "1802027000_02", "location_id": "1802027000", "address": {"location_id": "1802027000", "lat": 42.27054515, "lon": -71.10205432}, "arr_time": 1676284445, "arr_date_time": "2023-02-13T05:34:05-05:00", "end_time": 1676284745, "end_date_time": "2023-02-13T05:39:05-05:00", "waiting_time": 0, "distance": 569, "driving_time": 545, "preparation_time": 0, "load_before": [0], "load_after": [0]}, {"type": "service", "id": "1802026000_01", "location_id": "1802026000", "address": {"location_id": "1802026000", "lat": 42.27059138, "lon": -71.10225232}, "arr_time": 1676284781, "arr_date_time": "2023-02-13T05:39:41-05:00", "end_time": 1676285081, "end_date_time": "2023-02-13T05:44:41-05:00", "waiting_time": 0, "distance": 607, "driving_time": 581, "preparation_time": 0, "load_before": [0], "load_after": [0]}, {"type": "service", "id": "1802060000_12", "location_id": "1802060000", "address": {"location_id": "1802060000", "lat": 42.27042026, "lon": -71.10227923}, "arr_time": 1676285097, "arr_date_time": "2023-02-13T05:44:57-05:00", "end_time": 1676285397, "end_date_time": "2023-02-13T05:49:57-05:00", "waiting_time": 0, "distance": 624, "driving_time": 597, "preparation_time": 0, "load_before": [0], "load_after": [0]}, {"type": "service", "id": "1802059000_11", "location_id": "1802059000", "address": {"location_id": "1802059000", "lat": 42.27035597, "lon": -71.10244234}, "arr_time": 1676285409, "arr_date_time": "2023-02-13T05:50:09-05:00", "end_time": 1676285709, "end_date_time": "2023-02-13T05:55:09-05:00", "waiting_time": 0, "distance": 637, "driving_time": 609, "preparation_time": 0, "load_before": [0], "load_after": [0]}, {"type": "service", "id": "1802067000_15", "location_id": "1802067000", "address": {"location_id": "1802067000", "lat": 42.27045639, "lon": -71.10285604}, "arr_time": 1676285717, "arr_date_time": "2023-02-13T05:55:17-05:00", "end_time": 1676286017, "end_date_time": "2023-02-13T06:00:17-05:00", "waiting_time": 0, "distance": 645, "driving_time": 617, "preparation_time": 0, "load_before": [0], "load_after": [0]}, {"type": "service", "id": "1802068000_16", "location_id": "1802068000", "address": {"location_id": "1802068000", "lat": 42.27036202, "lon": -71.10293331}, "arr_time": 1676286029, "arr_date_time": "2023-02-13T06:00:29-05:00", "end_time": 1676286329, "end_date_time": "2023-02-13T06:05:29-05:00", "waiting_time": 0, "distance": 657, "driving_time": 629, "preparation_time": 0, "load_before": [0], "load_after": [0]}, {"type": "service", "id": "1802069000_17", "location_id": "1802069000", "address": {"location_id": "1802069000", "lat": 42.27026636, "lon": -71.10301263}, "arr_time": 1676286341, "arr_date_time": "2023-02-13T06:05:41-05:00", "end_time": 1676286641, "end_date_time": "2023-02-13T06:10:41-05:00", "waiting_time": 0, "distance": 669, "driving_time": 641, "preparation_time": 0, "load_before": [0], "load_after": [0]}, {"type": "service", "id": "1802056000_10", "location_id": "1802056000", "address": {"location_id": "1802056000", "lat": 42.26997605, "lon": -71.10264574}, "arr_time": 1676286652, "arr_date_time": "2023-02-13T06:10:52-05:00", "end_time": 1676286952, "end_date_time": "2023-02-13T06:15:52-05:00", "waiting_time": 0, "distance": 680, "driving_time": 652, "preparation_time": 0, "load_before": [0], "load_after": [0]}, {"type": "service", "id": "1802071000_18", "location_id": "1802071000", "address": {"location_id": "1802071000", "lat": 42.27008765, "lon": -71.10316297}, "arr_time": 1676286964, "arr_date_time": "2023-02-13T06:16:04-05:00", "end_time": 1676287264, "end_date_time": "2023-02-13T06:21:04-05:00", "waiting_time": 0, "distance": 692, "driving_time": 664, "preparation_time": 0, "load_before": [0], "load_after": [0]}, {"type": "service", "id": "1802054000_09", "location_id": "1802054000", "address": {"location_id": "1802054000", "lat": 42.26983285, "lon": -71.10276321}, "arr_time": 1676287271, "arr_date_time": "2023-02-13T06:21:11-05:00", "end_time": 1676287571, "end_date_time": "2023-02-13T06:26:11-05:00", "waiting_time": 0, "distance": 699, "driving_time": 671, "preparation_time": 0, "load_before": [0], "load_after": [0]}, {"type": "service", "id": "1802072000_19", "location_id": "1802072000", "address": {"location_id": "1802072000", "lat": 42.26994655, "lon": -71.10327827}, "arr_time": 1676287581, "arr_date_time": "2023-02-13T06:26:21-05:00", "end_time": 1676287881, "end_date_time": "2023-02-13T06:31:21-05:00", "waiting_time": 0, "distance": 710, "driving_time": 681, "preparation_time": 0, "load_before": [0], "load_after": [0]}, {"type": "service", "id": "1802053000_08", "location_id": "1802053000", "address": {"location_id": "1802053000", "lat": 42.26969129, "lon": -71.10287922}, "arr_time": 1676287889, "arr_date_time": "2023-02-13T06:31:29-05:00", "end_time": 1676288189, "end_date_time": "2023-02-13T06:36:29-05:00", "waiting_time": 0, "distance": 718, "driving_time": 689, "preparation_time": 0, "load_before": [0], "load_after": [0]}, {"type": "service", "id": "1802074000_20", "location_id": "1802074000", "address": {"location_id": "1802074000", "lat": 42.26979994, "lon": -71.10339954}, "arr_time": 1676288200, "arr_date_time": "2023-02-13T06:36:40-05:00", "end_time": 1676288500, "end_date_time": "2023-02-13T06:41:40-05:00", "waiting_time": 0, "distance": 729, "driving_time": 700, "preparation_time": 0, "load_before": [0], "load_after": [0]}, {"type": "service", "id": "1802052000_07", "location_id": "1802052000", "address": {"location_id": "1802052000", "lat": 42.26959642, "lon": -71.10296002}, "arr_time": 1676288501, "arr_date_time": "2023-02-13T06:41:41-05:00", "end_time": 1676288801, "end_date_time": "2023-02-13T06:46:41-05:00", "waiting_time": 0, "distance": 730, "driving_time": 701, "preparation_time": 0, "load_before": [0], "load_after": [0]}, {"type": "service", "id": "1802051000_06", "location_id": "1802051000", "address": {"location_id": "1802051000", "lat": 42.26950477, "lon": -71.10303771}, "arr_time": 1676288813, "arr_date_time": "2023-02-13T06:46:53-05:00", "end_time": 1676289113, "end_date_time": "2023-02-13T06:51:53-05:00", "waiting_time": 0, "distance": 742, "driving_time": 713, "preparation_time": 0, "load_before": [0], "load_after": [0]}, {"type": "service", "id": "1802050000_05", "location_id": "1802050000", "address": {"location_id": "1802050000", "lat": 42.26941341, "lon": -71.10311483}, "arr_time": 1676289125, "arr_date_time": "2023-02-13T06:52:05-05:00", "end_time": 1676289425, "end_date_time": "2023-02-13T06:57:05-05:00", "waiting_time": 0, "distance": 754, "driving_time": 725, "preparation_time": 0, "load_before": [0], "load_after": [0]}, {"type": "service", "id": "1802077000_21", "location_id": "1802077000", "address": {"location_id": "1802077000", "lat": 42.26951613, "lon": -71.10363082}, "arr_time": 1676289436, "arr_date_time": "2023-02-13T06:57:16-05:00", "end_time": 1676289736, "end_date_time": "2023-02-13T07:02:16-05:00", "waiting_time": 0, "distance": 766, "driving_time": 736, "preparation_time": 0, "load_before": [0], "load_after": [0]}, {"type": "service", "id": "1802049000_04", "location_id": "1802049000", "address": {"location_id": "1802049000", "lat": 42.26932192, "lon": -71.10319212}, "arr_time": 1676289736, "arr_date_time": "2023-02-13T07:02:16-05:00", "end_time": 1676290036, "end_date_time": "2023-02-13T07:07:16-05:00", "waiting_time": 0, "distance": 766, "driving_time": 736, "preparation_time": 0, "load_before": [0], "load_after": [0]}, {"type": "service", "id": "1802048000_03", "location_id": "1802048000", "address": {"location_id": "1802048000", "lat": 42.26922766, "lon": -71.1032694}, "arr_time": 1676290047, "arr_date_time": "2023-02-13T07:07:27-05:00", "end_time": 1676290347, "end_date_time": "2023-02-13T07:12:27-05:00", "waiting_time": 0, "distance": 777, "driving_time": 747, "preparation_time": 0, "load_before": [0], "load_after": [0]}, {"type": "service", "id": "1803688000_42", "location_id": "1803688000", "address": {"location_id": "1803688000", "lat": 42.2688464, "lon": -71.10394785}, "arr_time": 1676290392, "arr_date_time": "2023-02-13T07:13:12-05:00", "end_time": 1676290692, "end_date_time": "2023-02-13T07:18:12-05:00", "waiting_time": 0, "distance": 824, "driving_time": 792, "preparation_time": 0, "load_before": [0], "load_after": [0]}, {"type": "service", "id": "1803689000_43", "location_id": "1803689000", "address": {"location_id": "1803689000", "lat": 42.26877073, "lon": -71.10383708}, "arr_time": 1676290729, "arr_date_time": "2023-02-13T07:18:49-05:00", "end_time": 1676291029, "end_date_time": "2023-02-13T07:23:49-05:00", "waiting_time": 0, "distance": 862, "driving_time": 829, "preparation_time": 0, "load_before": [0], "load_after": [0]}, {"type": "service", "id": "1803687000_41", "location_id": "1803687000", "address": {"location_id": "1803687000", "lat": 42.26896826, "lon": -71.1040182}, "arr_time": 1676291080, "arr_date_time": "2023-02-13T07:24:40-05:00", "end_time": 1676291380, "end_date_time": "2023-02-13T07:29:40-05:00", "waiting_time": 0, "distance": 915, "driving_time": 880, "preparation_time": 0, "load_before": [0], "load_after": [0]}, {"type": "service", "id": "1803685000_40", "location_id": "1803685000", "address": {"location_id": "1803685000", "lat": 42.26911862, "lon": -71.1042308}, "arr_time": 1676291403, "arr_date_time": "2023-02-13T07:30:03-05:00", "end_time": 1676291703, "end_date_time": "2023-02-13T07:35:03-05:00", "waiting_time": 0, "distance": 939, "driving_time": 903, "preparation_time": 0, "load_before": [0], "load_after": [0]}, {"type": "service", "id": "1803656000_39", "location_id": "1803656000", "address": {"location_id": "1803656000", "lat": 42.26968115, "lon": -71.10491771}, "arr_time": 1676291784, "arr_date_time": "2023-02-13T07:36:24-05:00", "end_time": 1676292084, "end_date_time": "2023-02-13T07:41:24-05:00", "waiting_time": 0, "distance": 1023, "driving_time": 984, "preparation_time": 0, "load_before": [0], "load_after": [0]}, {"type": "service", "id": "1802102000_28", "location_id": "1802102000", "address": {"location_id": "1802102000", "lat": 42.27011315, "lon": -71.10467176}, "arr_time": 1676292105, "arr_date_time": "2023-02-13T07:41:45-05:00", "end_time": 1676292405, "end_date_time": "2023-02-13T07:46:45-05:00", "waiting_time": 0, "distance": 1046, "driving_time": 1005, "preparation_time": 0, "load_before": [0], "load_after": [0]}, {"type": "service", "id": "1803648000_38", "location_id": "1803648000", "address": {"location_id": "1803648000", "lat": 42.26995903, "lon": -71.10522788}, "arr_time": 1676292432, "arr_date_time": "2023-02-13T07:47:12-05:00", "end_time": 1676292732, "end_date_time": "2023-02-13T07:52:12-05:00", "waiting_time": 0, "distance": 1074, "driving_time": 1032, "preparation_time": 0, "load_before": [0], "load_after": [0]}]}], "unassigned": {"services": [], "shipments": [], "breaks": [], "details": []}}}