{"copyrights": ["GraphHopper", "OpenStreetMap contributors"], "job_id": "7c12b3dd-df6d-40bf-a96a-b52aaf97d74a", "status": "finished", "waiting_time_in_queue": 0, "processing_time": 131, "solution": {"costs": 338, "distance": 2612, "time": 2503, "transport_time": 2503, "completion_time": 17203, "max_operation_time": 17203, "waiting_time": 0, "service_duration": 14700, "preparation_time": 0, "no_vehicles": 1, "no_unassigned": 0, "routes": [{"vehicle_id": "my_vehicle", "shift_id": "default-shift", "distance": 2612, "transport_time": 2503, "completion_time": 17203, "waiting_time": 0, "service_duration": 14700, "preparation_time": 0, "activities": [{"type": "start", "location_id": "1404864000", "address": {"location_id": "1404864000", "lat": 42.28440883, "lon": -71.09399279}, "arr_time": 1676278800, "arr_date_time": "2023-02-13T04:00:00-05:00", "end_time": 1676278800, "end_date_time": "2023-02-13T04:00:00-05:00", "waiting_time": 0, "distance": 0, "driving_time": 0, "preparation_time": 0, "load_after": [0]}, {"type": "service", "id": "1404869000_01", "location_id": "1404869000", "address": {"location_id": "1404869000", "lat": 42.28409955, "lon": -71.09338506}, "arr_time": 1676278859, "arr_date_time": "2023-02-13T04:00:59-05:00", "end_time": 1676279159, "end_date_time": "2023-02-13T04:05:59-05:00", "waiting_time": 0, "distance": 61, "driving_time": 59, "preparation_time": 0, "load_before": [0], "load_after": [0]}, {"type": "service", "id": "1404870000_02", "location_id": "1404870000", "address": {"location_id": "1404870000", "lat": 42.28403556, "lon": -71.09325537}, "arr_time": 1676279171, "arr_date_time": "2023-02-13T04:06:11-05:00", "end_time": 1676279471, "end_date_time": "2023-02-13T04:11:11-05:00", "waiting_time": 0, "distance": 74, "driving_time": 71, "preparation_time": 0, "load_before": [0], "load_after": [0]}, {"type": "service", "id": "1404872000_04", "location_id": "1404872000", "address": {"location_id": "1404872000", "lat": 42.28391517, "lon": -71.09301562}, "arr_time": 1676279493, "arr_date_time": "2023-02-13T04:11:33-05:00", "end_time": 1676279793, "end_date_time": "2023-02-13T04:16:33-05:00", "waiting_time": 0, "distance": 98, "driving_time": 93, "preparation_time": 0, "load_before": [0], "load_after": [0]}, {"type": "service", "id": "1404875000_05", "location_id": "1404875000", "address": {"location_id": "1404875000", "lat": 42.28373231, "lon": -71.09264946}, "arr_time": 1676279828, "arr_date_time": "2023-02-13T04:17:08-05:00", "end_time": 1676280128, "end_date_time": "2023-02-13T04:22:08-05:00", "waiting_time": 0, "distance": 134, "driving_time": 128, "preparation_time": 0, "load_before": [0], "load_after": [0]}, {"type": "service", "id": "1404877000_06", "location_id": "1404877000", "address": {"location_id": "1404877000", "lat": 42.28359324, "lon": -71.09237032}, "arr_time": 1676280155, "arr_date_time": "2023-02-13T04:22:35-05:00", "end_time": 1676280455, "end_date_time": "2023-02-13T04:27:35-05:00", "waiting_time": 0, "distance": 162, "driving_time": 155, "preparation_time": 0, "load_before": [0], "load_after": [0]}, {"type": "service", "id": "1404871000_03", "location_id": "1404871000", "address": {"location_id": "1404871000", "lat": 42.28397531, "lon": -71.09313554}, "arr_time": 1676280528, "arr_date_time": "2023-02-13T04:28:48-05:00", "end_time": 1676280828, "end_date_time": "2023-02-13T04:33:48-05:00", "waiting_time": 0, "distance": 238, "driving_time": 228, "preparation_time": 0, "load_before": [0], "load_after": [0]}, {"type": "service", "id": "1404951000_17", "location_id": "1404951000", "address": {"location_id": "1404951000", "lat": 42.28413414, "lon": -71.09493416}, "arr_time": 1676281055, "arr_date_time": "2023-02-13T04:37:35-05:00", "end_time": 1676281355, "end_date_time": "2023-02-13T04:42:35-05:00", "waiting_time": 0, "distance": 474, "driving_time": 455, "preparation_time": 0, "load_before": [0], "load_after": [0]}, {"type": "service", "id": "1404898000_08", "location_id": "1404898000", "address": {"location_id": "1404898000", "lat": 42.28422021, "lon": -71.0942123}, "arr_time": 1676281396, "arr_date_time": "2023-02-13T04:43:16-05:00", "end_time": 1676281696, "end_date_time": "2023-02-13T04:48:16-05:00", "waiting_time": 0, "distance": 517, "driving_time": 496, "preparation_time": 0, "load_before": [0], "load_after": [0]}, {"type": "service", "id": "1404955000_19", "location_id": "1404955000", "address": {"location_id": "1404955000", "lat": 42.28384988, "lon": -71.09432931}, "arr_time": 1676281711, "arr_date_time": "2023-02-13T04:48:31-05:00", "end_time": 1676282011, "end_date_time": "2023-02-13T04:53:31-05:00", "waiting_time": 0, "distance": 532, "driving_time": 511, "preparation_time": 0, "load_before": [0], "load_after": [0]}, {"type": "service", "id": "1404896000_07", "location_id": "1404896000", "address": {"location_id": "1404896000", "lat": 42.28406126, "lon": -71.09390205}, "arr_time": 1676282025, "arr_date_time": "2023-02-13T04:53:45-05:00", "end_time": 1676282325, "end_date_time": "2023-02-13T04:58:45-05:00", "waiting_time": 0, "distance": 548, "driving_time": 525, "preparation_time": 0, "load_before": [0], "load_after": [0]}, {"type": "service", "id": "1404958000_20", "location_id": "1404958000", "address": {"location_id": "1404958000", "lat": 42.28359696, "lon": -71.09384383}, "arr_time": 1676282357, "arr_date_time": "2023-02-13T04:59:17-05:00", "end_time": 1676282657, "end_date_time": "2023-02-13T05:04:17-05:00", "waiting_time": 0, "distance": 581, "driving_time": 557, "preparation_time": 0, "load_before": [0], "load_after": [0]}, {"type": "service", "id": "1404952000_18", "location_id": "1404952000", "address": {"location_id": "1404952000", "lat": 42.28407721, "lon": -71.09477178}, "arr_time": 1676282747, "arr_date_time": "2023-02-13T05:05:47-05:00", "end_time": 1676283047, "end_date_time": "2023-02-13T05:10:47-05:00", "waiting_time": 0, "distance": 674, "driving_time": 647, "preparation_time": 0, "load_before": [0], "load_after": [0]}, {"type": "service", "id": "1404949000_16", "location_id": "1404949000", "address": {"location_id": "1404949000", "lat": 42.28422344, "lon": -71.09521791}, "arr_time": 1676283120, "arr_date_time": "2023-02-13T05:12:00-05:00", "end_time": 1676283420, "end_date_time": "2023-02-13T05:17:00-05:00", "waiting_time": 0, "distance": 750, "driving_time": 720, "preparation_time": 0, "load_before": [0], "load_after": [0]}, {"type": "service", "id": "1405024000_40", "location_id": "1405024000", "address": {"location_id": "1405024000", "lat": 42.28377252, "lon": -71.09581482}, "arr_time": 1676283493, "arr_date_time": "2023-02-13T05:18:13-05:00", "end_time": 1676283793, "end_date_time": "2023-02-13T05:23:13-05:00", "waiting_time": 0, "distance": 826, "driving_time": 793, "preparation_time": 0, "load_before": [0], "load_after": [0]}, {"type": "service", "id": "1405022000_38", "location_id": "1405022000", "address": {"location_id": "1405022000", "lat": 42.28355917, "lon": -71.09599925}, "arr_time": 1676283823, "arr_date_time": "2023-02-13T05:23:43-05:00", "end_time": 1676284123, "end_date_time": "2023-02-13T05:28:43-05:00", "waiting_time": 0, "distance": 857, "driving_time": 823, "preparation_time": 0, "load_before": [0], "load_after": [0]}, {"type": "service", "id": "1405021000_37", "location_id": "1405021000", "address": {"location_id": "1405021000", "lat": 42.28348636, "lon": -71.09613058}, "arr_time": 1676284137, "arr_date_time": "2023-02-13T05:28:57-05:00", "end_time": 1676284437, "end_date_time": "2023-02-13T05:33:57-05:00", "waiting_time": 0, "distance": 873, "driving_time": 837, "preparation_time": 0, "load_before": [0], "load_after": [0]}, {"type": "service", "id": "1405020000_36", "location_id": "1405020000", "address": {"location_id": "1405020000", "lat": 42.28334212, "lon": -71.09615459}, "arr_time": 1676284452, "arr_date_time": "2023-02-13T05:34:12-05:00", "end_time": 1676284752, "end_date_time": "2023-02-13T05:39:12-05:00", "waiting_time": 0, "distance": 889, "driving_time": 852, "preparation_time": 0, "load_before": [0], "load_after": [0]}, {"type": "service", "id": "1405023000_39", "location_id": "1405023000", "address": {"location_id": "1405023000", "lat": 42.28366123, "lon": -71.09591115}, "arr_time": 1676284795, "arr_date_time": "2023-02-13T05:39:55-05:00", "end_time": 1676285095, "end_date_time": "2023-02-13T05:44:55-05:00", "waiting_time": 0, "distance": 934, "driving_time": 895, "preparation_time": 0, "load_before": [0], "load_after": [0]}, {"type": "service", "id": "1404946000_15", "location_id": "1404946000", "address": {"location_id": "1404946000", "lat": 42.28398927, "lon": -71.09523135}, "arr_time": 1676285180, "arr_date_time": "2023-02-13T05:46:20-05:00", "end_time": 1676285480, "end_date_time": "2023-02-13T05:51:20-05:00", "waiting_time": 0, "distance": 1023, "driving_time": 980, "preparation_time": 0, "load_before": [0], "load_after": [0]}, {"type": "service", "id": "1405026000_41", "location_id": "1405026000", "address": {"location_id": "1405026000", "lat": 42.28373178, "lon": -71.09540256}, "arr_time": 1676285484, "arr_date_time": "2023-02-13T05:51:24-05:00", "end_time": 1676285784, "end_date_time": "2023-02-13T05:56:24-05:00", "waiting_time": 0, "distance": 1027, "driving_time": 984, "preparation_time": 0, "load_before": [0], "load_after": [0]}, {"type": "service", "id": "1404969000_21", "location_id": "1404969000", "address": {"location_id": "1404969000", "lat": 42.28348269, "lon": -71.09504334}, "arr_time": 1676285824, "arr_date_time": "2023-02-13T05:57:04-05:00", "end_time": 1676286124, "end_date_time": "2023-02-13T06:02:04-05:00", "waiting_time": 0, "distance": 1069, "driving_time": 1024, "preparation_time": 0, "load_before": [0], "load_after": [0]}, {"type": "service", "id": "1405027000_42", "location_id": "1405027000", "address": {"location_id": "1405027000", "lat": 42.2836181, "lon": -71.09550646}, "arr_time": 1676286133, "arr_date_time": "2023-02-13T06:02:13-05:00", "end_time": 1676286433, "end_date_time": "2023-02-13T06:07:13-05:00", "waiting_time": 0, "distance": 1079, "driving_time": 1033, "preparation_time": 0, "load_before": [0], "load_after": [0]}, {"type": "service", "id": "1404944000_14", "location_id": "1404944000", "address": {"location_id": "1404944000", "lat": 42.28384949, "lon": -71.09491584}, "arr_time": 1676286463, "arr_date_time": "2023-02-13T06:07:43-05:00", "end_time": 1676286763, "end_date_time": "2023-02-13T06:12:43-05:00", "waiting_time": 0, "distance": 1110, "driving_time": 1063, "preparation_time": 0, "load_before": [0], "load_after": [0]}, {"type": "service", "id": "1404975000_22", "location_id": "1404975000", "address": {"location_id": "1404975000", "lat": 42.28303048, "lon": -71.09425719}, "arr_time": 1676286857, "arr_date_time": "2023-02-13T06:14:17-05:00", "end_time": 1676287157, "end_date_time": "2023-02-13T06:19:17-05:00", "waiting_time": 0, "distance": 1209, "driving_time": 1157, "preparation_time": 0, "load_before": [0], "load_after": [0]}, {"type": "service", "id": "1404936000_13", "location_id": "1404936000", "address": {"location_id": "1404936000", "lat": 42.28324588, "lon": -71.09379745}, "arr_time": 1676287171, "arr_date_time": "2023-02-13T06:19:31-05:00", "end_time": 1676287471, "end_date_time": "2023-02-13T06:24:31-05:00", "waiting_time": 0, "distance": 1223, "driving_time": 1171, "preparation_time": 0, "load_before": [0], "load_after": [0]}, {"type": "service", "id": "1404935000_12", "location_id": "1404935000", "address": {"location_id": "1404935000", "lat": 42.28314898, "lon": -71.0936725}, "arr_time": 1676287480, "arr_date_time": "2023-02-13T06:24:40-05:00", "end_time": 1676287780, "end_date_time": "2023-02-13T06:29:40-05:00", "waiting_time": 0, "distance": 1233, "driving_time": 1180, "preparation_time": 0, "load_before": [0], "load_after": [0]}, {"type": "service", "id": "1404934010_11", "location_id": "1404934010", "address": {"location_id": "1404934010", "lat": 42.28304606, "lon": -71.09353938}, "arr_time": 1676287795, "arr_date_time": "2023-02-13T06:29:55-05:00", "end_time": 1676288095, "end_date_time": "2023-02-13T06:34:55-05:00", "waiting_time": 0, "distance": 1249, "driving_time": 1195, "preparation_time": 0, "load_before": [0], "load_after": [0]}, {"type": "service", "id": "1404930010_10", "location_id": "1404930010", "address": {"location_id": "1404930010", "lat": 42.28270082, "lon": -71.09316977}, "arr_time": 1676288140, "arr_date_time": "2023-02-13T06:35:40-05:00", "end_time": 1676288440, "end_date_time": "2023-02-13T06:40:40-05:00", "waiting_time": 0, "distance": 1296, "driving_time": 1240, "preparation_time": 0, "load_before": [0], "load_after": [0]}, {"type": "service", "id": "1404986000_23", "location_id": "1404986000", "address": {"location_id": "1404986000", "lat": 42.28259566, "lon": -71.09426513}, "arr_time": 1676288637, "arr_date_time": "2023-02-13T06:43:57-05:00", "end_time": 1676288937, "end_date_time": "2023-02-13T06:48:57-05:00", "waiting_time": 0, "distance": 1502, "driving_time": 1437, "preparation_time": 0, "load_before": [0], "load_after": [0]}, {"type": "service", "id": "1404989000_24", "location_id": "1404989000", "address": {"location_id": "1404989000", "lat": 42.28290553, "lon": -71.09468245}, "arr_time": 1676288984, "arr_date_time": "2023-02-13T06:49:44-05:00", "end_time": 1676289284, "end_date_time": "2023-02-13T06:54:44-05:00", "waiting_time": 0, "distance": 1551, "driving_time": 1484, "preparation_time": 0, "load_before": [0], "load_after": [0]}, {"type": "service", "id": "1404991000_25", "location_id": "1404991000", "address": {"location_id": "1404991000", "lat": 42.28304275, "lon": -71.09497046}, "arr_time": 1676289311, "arr_date_time": "2023-02-13T06:55:11-05:00", "end_time": 1676289611, "end_date_time": "2023-02-13T07:00:11-05:00", "waiting_time": 0, "distance": 1579, "driving_time": 1511, "preparation_time": 0, "load_before": [0], "load_after": [0]}, {"type": "service", "id": "1405031000_43", "location_id": "1405031000", "address": {"location_id": "1405031000", "lat": 42.2831163, "lon": -71.09586475}, "arr_time": 1676289661, "arr_date_time": "2023-02-13T07:01:01-05:00", "end_time": 1676289961, "end_date_time": "2023-02-13T07:06:01-05:00", "waiting_time": 0, "distance": 1631, "driving_time": 1561, "preparation_time": 0, "load_before": [0], "load_after": [0]}, {"type": "service", "id": "1405033000_44", "location_id": "1405033000", "address": {"location_id": "1405033000", "lat": 42.28282537, "lon": -71.09584597}, "arr_time": 1676289988, "arr_date_time": "2023-02-13T07:06:28-05:00", "end_time": 1676290288, "end_date_time": "2023-02-13T07:11:28-05:00", "waiting_time": 0, "distance": 1659, "driving_time": 1588, "preparation_time": 0, "load_before": [0], "load_after": [0]}, {"type": "service", "id": "1405015000_32", "location_id": "1405015000", "address": {"location_id": "1405015000", "lat": 42.28275139, "lon": -71.09629692}, "arr_time": 1676290345, "arr_date_time": "2023-02-13T07:12:25-05:00", "end_time": 1676290645, "end_date_time": "2023-02-13T07:17:25-05:00", "waiting_time": 0, "distance": 1719, "driving_time": 1645, "preparation_time": 0, "load_before": [0], "load_after": [0]}, {"type": "service", "id": "1405017000_34", "location_id": "1405017000", "address": {"location_id": "1405017000", "lat": 42.28300253, "lon": -71.09627783}, "arr_time": 1676290721, "arr_date_time": "2023-02-13T07:18:41-05:00", "end_time": 1676291021, "end_date_time": "2023-02-13T07:23:41-05:00", "waiting_time": 0, "distance": 1798, "driving_time": 1721, "preparation_time": 0, "load_before": [0], "load_after": [0]}, {"type": "service", "id": "1405018000_35", "location_id": "1405018000", "address": {"location_id": "1405018000", "lat": 42.28311228, "lon": -71.09625278}, "arr_time": 1676291037, "arr_date_time": "2023-02-13T07:23:57-05:00", "end_time": 1676291337, "end_date_time": "2023-02-13T07:28:57-05:00", "waiting_time": 0, "distance": 1815, "driving_time": 1737, "preparation_time": 0, "load_before": [0], "load_after": [0]}, {"type": "service", "id": "1405016000_33", "location_id": "1405016000", "address": {"location_id": "1405016000", "lat": 42.28287558, "lon": -71.09629702}, "arr_time": 1676291368, "arr_date_time": "2023-02-13T07:29:28-05:00", "end_time": 1676291668, "end_date_time": "2023-02-13T07:34:28-05:00", "waiting_time": 0, "distance": 1846, "driving_time": 1768, "preparation_time": 0, "load_before": [0], "load_after": [0]}, {"type": "service", "id": "1405012000_31", "location_id": "1405012000", "address": {"location_id": "1405012000", "lat": 42.2823869, "lon": -71.0962223}, "arr_time": 1676291732, "arr_date_time": "2023-02-13T07:35:32-05:00", "end_time": 1676292032, "end_date_time": "2023-02-13T07:40:32-05:00", "waiting_time": 0, "distance": 1912, "driving_time": 1832, "preparation_time": 0, "load_before": [0], "load_after": [0]}, {"type": "service", "id": "1405011000_30", "location_id": "1405011000", "address": {"location_id": "1405011000", "lat": 42.28227015, "lon": -71.09618594}, "arr_time": 1676292044, "arr_date_time": "2023-02-13T07:40:44-05:00", "end_time": 1676292344, "end_date_time": "2023-02-13T07:45:44-05:00", "waiting_time": 0, "distance": 1925, "driving_time": 1844, "preparation_time": 0, "load_before": [0], "load_after": [0]}, {"type": "service", "id": "1405010000_29", "location_id": "1405010000", "address": {"location_id": "1405010000", "lat": 42.28218267, "lon": -71.09607831}, "arr_time": 1676292360, "arr_date_time": "2023-02-13T07:46:00-05:00", "end_time": 1676292660, "end_date_time": "2023-02-13T07:51:00-05:00", "waiting_time": 0, "distance": 1942, "driving_time": 1860, "preparation_time": 0, "load_before": [0], "load_after": [0]}, {"type": "service", "id": "1405003000_28", "location_id": "1405003000", "address": {"location_id": "1405003000", "lat": 42.28154279, "lon": -71.09525583}, "arr_time": 1676292771, "arr_date_time": "2023-02-13T07:52:51-05:00", "end_time": 1676293071, "end_date_time": "2023-02-13T07:57:51-05:00", "waiting_time": 0, "distance": 2057, "driving_time": 1971, "preparation_time": 0, "load_before": [0], "load_after": [0]}, {"type": "service", "id": "1405044001_47", "location_id": "1405044001", "address": {"location_id": "1405044001", "lat": 42.28123476, "lon": -71.09539269}, "arr_time": 1676293075, "arr_date_time": "2023-02-13T07:57:55-05:00", "end_time": 1676293375, "end_date_time": "2023-02-13T08:02:55-05:00", "waiting_time": 0, "distance": 2061, "driving_time": 1975, "preparation_time": 0, "load_before": [0], "load_after": [0]}, {"type": "service", "id": "1405044002_48", "location_id": "1405044002", "address": {"location_id": "1405044002", "lat": 42.28116568, "lon": -71.09517394}, "arr_time": 1676293392, "arr_date_time": "2023-02-13T08:03:12-05:00", "end_time": 1676293692, "end_date_time": "2023-02-13T08:08:12-05:00", "waiting_time": 0, "distance": 2080, "driving_time": 1992, "preparation_time": 0, "load_before": [0], "load_after": [0]}, {"type": "service", "id": "1405001000_27", "location_id": "1405001000", "address": {"location_id": "1405001000", "lat": 42.2814363, "lon": -71.09490618}, "arr_time": 1676293701, "arr_date_time": "2023-02-13T08:08:21-05:00", "end_time": 1676294001, "end_date_time": "2023-02-13T08:13:21-05:00", "waiting_time": 0, "distance": 2090, "driving_time": 2001, "preparation_time": 0, "load_before": [0], "load_after": [0]}, {"type": "service", "id": "1405048000_49", "location_id": "1405048000", "address": {"location_id": "1405048000", "lat": 42.28103039, "lon": -71.09420234}, "arr_time": 1676294061, "arr_date_time": "2023-02-13T08:14:21-05:00", "end_time": 1676294361, "end_date_time": "2023-02-13T08:19:21-05:00", "waiting_time": 0, "distance": 2152, "driving_time": 2061, "preparation_time": 0, "load_before": [0], "load_after": [0]}, {"type": "service", "id": "1404997000_26", "location_id": "1404997000", "address": {"location_id": "1404997000", "lat": 42.28145381, "lon": -71.09414273}, "arr_time": 1676294380, "arr_date_time": "2023-02-13T08:19:40-05:00", "end_time": 1676294680, "end_date_time": "2023-02-13T08:24:40-05:00", "waiting_time": 0, "distance": 2172, "driving_time": 2080, "preparation_time": 0, "load_before": [0], "load_after": [0]}, {"type": "service", "id": "1405044000_46", "location_id": "1405044000", "address": {"location_id": "1405044000", "lat": 42.28105091, "lon": -71.09525924}, "arr_time": 1676294877, "arr_date_time": "2023-02-13T08:27:57-05:00", "end_time": 1676295177, "end_date_time": "2023-02-13T08:32:57-05:00", "waiting_time": 0, "distance": 2378, "driving_time": 2277, "preparation_time": 0, "load_before": [0], "load_after": [0]}, {"type": "service", "id": "1405039000_45", "location_id": "1405039000", "address": {"location_id": "1405039000", "lat": 42.28051409, "lon": -71.09446487}, "arr_time": 1676295269, "arr_date_time": "2023-02-13T08:34:29-05:00", "end_time": 1676295569, "end_date_time": "2023-02-13T08:39:29-05:00", "waiting_time": 0, "distance": 2474, "driving_time": 2369, "preparation_time": 0, "load_before": [0], "load_after": [0]}, {"type": "service", "id": "1404912002_09", "location_id": "1404912002", "address": {"location_id": "1404912002", "lat": 42.28018335, "lon": -71.09344996}, "arr_time": 1676295703, "arr_date_time": "2023-02-13T08:41:43-05:00", "end_time": 1676296003, "end_date_time": "2023-02-13T08:46:43-05:00", "waiting_time": 0, "distance": 2612, "driving_time": 2503, "preparation_time": 0, "load_before": [0], "load_after": [0]}]}], "unassigned": {"services": [], "shipments": [], "breaks": [], "details": []}}}