{"copyrights": ["GraphHopper", "OpenStreetMap contributors"], "job_id": "9687fe0a-aad0-4ace-84d3-ad3a2b05bf30", "status": "finished", "waiting_time_in_queue": 0, "processing_time": 84, "solution": {"costs": 325, "distance": 1197, "time": 1147, "transport_time": 1147, "completion_time": 15547, "max_operation_time": 15547, "waiting_time": 0, "service_duration": 14400, "preparation_time": 0, "no_vehicles": 1, "no_unassigned": 0, "routes": [{"vehicle_id": "my_vehicle", "shift_id": "default-shift", "distance": 1197, "transport_time": 1147, "completion_time": 15547, "waiting_time": 0, "service_duration": 14400, "preparation_time": 0, "activities": [{"type": "start", "location_id": "1802912000", "address": {"location_id": "1802912000", "lat": 42.278655, "lon": -71.09857419}, "arr_time": 1676278800, "arr_date_time": "2023-02-13T04:00:00-05:00", "end_time": 1676278800, "end_date_time": "2023-02-13T04:00:00-05:00", "waiting_time": 0, "distance": 0, "driving_time": 0, "preparation_time": 0, "load_after": [0]}, {"type": "service", "id": "1802913000_20", "location_id": "1802913000", "address": {"location_id": "1802913000", "lat": 42.2784804, "lon": -71.09852739}, "arr_time": 1676278819, "arr_date_time": "2023-02-13T04:00:19-05:00", "end_time": 1676279119, "end_date_time": "2023-02-13T04:05:19-05:00", "waiting_time": 0, "distance": 19, "driving_time": 19, "preparation_time": 0, "load_before": [0], "load_after": [0]}, {"type": "service", "id": "1802915000_21", "location_id": "1802915000", "address": {"location_id": "1802915000", "lat": 42.27842656, "lon": -71.09868042}, "arr_time": 1676279151, "arr_date_time": "2023-02-13T04:05:51-05:00", "end_time": 1676279451, "end_date_time": "2023-02-13T04:10:51-05:00", "waiting_time": 0, "distance": 52, "driving_time": 51, "preparation_time": 0, "load_before": [0], "load_after": [0]}, {"type": "service", "id": "1802936000_35", "location_id": "1802936000", "address": {"location_id": "1802936000", "lat": 42.27812399, "lon": -71.09848965}, "arr_time": 1676279463, "arr_date_time": "2023-02-13T04:11:03-05:00", "end_time": 1676279763, "end_date_time": "2023-02-13T04:16:03-05:00", "waiting_time": 0, "distance": 64, "driving_time": 63, "preparation_time": 0, "load_before": [0], "load_after": [0]}, {"type": "service", "id": "1802916000_22", "location_id": "1802916000", "address": {"location_id": "1802916000", "lat": 42.27834917, "lon": -71.09878972}, "arr_time": 1676279763, "arr_date_time": "2023-02-13T04:16:03-05:00", "end_time": 1676280063, "end_date_time": "2023-02-13T04:21:03-05:00", "waiting_time": 0, "distance": 64, "driving_time": 63, "preparation_time": 0, "load_before": [0], "load_after": [0]}, {"type": "service", "id": "1802937000_36", "location_id": "1802937000", "address": {"location_id": "1802937000", "lat": 42.27801359, "lon": -71.09855354}, "arr_time": 1676280075, "arr_date_time": "2023-02-13T04:21:15-05:00", "end_time": 1676280375, "end_date_time": "2023-02-13T04:26:15-05:00", "waiting_time": 0, "distance": 76, "driving_time": 75, "preparation_time": 0, "load_before": [0], "load_after": [0]}, {"type": "service", "id": "1802918000_23", "location_id": "1802918000", "address": {"location_id": "1802918000", "lat": 42.27817161, "lon": -71.09897179}, "arr_time": 1676280387, "arr_date_time": "2023-02-13T04:26:27-05:00", "end_time": 1676280687, "end_date_time": "2023-02-13T04:31:27-05:00", "waiting_time": 0, "distance": 88, "driving_time": 87, "preparation_time": 0, "load_before": [0], "load_after": [0]}, {"type": "service", "id": "1802935000_34", "location_id": "1802935000", "address": {"location_id": "1802935000", "lat": 42.27786409, "lon": -71.09875124}, "arr_time": 1676280697, "arr_date_time": "2023-02-13T04:31:37-05:00", "end_time": 1676280997, "end_date_time": "2023-02-13T04:36:37-05:00", "waiting_time": 0, "distance": 99, "driving_time": 97, "preparation_time": 0, "load_before": [0], "load_after": [0]}, {"type": "service", "id": "1802919000_24", "location_id": "1802919000", "address": {"location_id": "1802919000", "lat": 42.27808219, "lon": -71.09915748}, "arr_time": 1676281004, "arr_date_time": "2023-02-13T04:36:44-05:00", "end_time": 1676281304, "end_date_time": "2023-02-13T04:41:44-05:00", "waiting_time": 0, "distance": 106, "driving_time": 104, "preparation_time": 0, "load_before": [0], "load_after": [0]}, {"type": "service", "id": "1802933000_33", "location_id": "1802933000", "address": {"location_id": "1802933000", "lat": 42.27773737, "lon": -71.09889743}, "arr_time": 1676281315, "arr_date_time": "2023-02-13T04:41:55-05:00", "end_time": 1676281615, "end_date_time": "2023-02-13T04:46:55-05:00", "waiting_time": 0, "distance": 118, "driving_time": 115, "preparation_time": 0, "load_before": [0], "load_after": [0]}, {"type": "service", "id": "1802921000_25", "location_id": "1802921000", "address": {"location_id": "1802921000", "lat": 42.27796083, "lon": -71.09931887}, "arr_time": 1676281621, "arr_date_time": "2023-02-13T04:47:01-05:00", "end_time": 1676281921, "end_date_time": "2023-02-13T04:52:01-05:00", "waiting_time": 0, "distance": 125, "driving_time": 121, "preparation_time": 0, "load_before": [0], "load_after": [0]}, {"type": "service", "id": "1802930001_32", "location_id": "1802930001", "address": {"location_id": "1802930001", "lat": 42.2774549, "lon": -71.09923504}, "arr_time": 1676281957, "arr_date_time": "2023-02-13T04:52:37-05:00", "end_time": 1676282257, "end_date_time": "2023-02-13T04:57:37-05:00", "waiting_time": 0, "distance": 163, "driving_time": 157, "preparation_time": 0, "load_before": [0], "load_after": [0]}, {"type": "service", "id": "1802923001_26", "location_id": "1802923001", "address": {"location_id": "1802923001", "lat": 42.27765311, "lon": -71.09968417}, "arr_time": 1676282263, "arr_date_time": "2023-02-13T04:57:43-05:00", "end_time": 1676282563, "end_date_time": "2023-02-13T05:02:43-05:00", "waiting_time": 0, "distance": 168, "driving_time": 163, "preparation_time": 0, "load_before": [0], "load_after": [0]}, {"type": "service", "id": "1802930000_31", "location_id": "1802930000", "address": {"location_id": "1802930000", "lat": 42.27736806, "lon": -71.09932317}, "arr_time": 1676282569, "arr_date_time": "2023-02-13T05:02:49-05:00", "end_time": 1676282869, "end_date_time": "2023-02-13T05:07:49-05:00", "waiting_time": 0, "distance": 175, "driving_time": 169, "preparation_time": 0, "load_before": [0], "load_after": [0]}, {"type": "service", "id": "1802924000_27", "location_id": "1802924000", "address": {"location_id": "1802924000", "lat": 42.27755898, "lon": -71.09978067}, "arr_time": 1676282875, "arr_date_time": "2023-02-13T05:07:55-05:00", "end_time": 1676283175, "end_date_time": "2023-02-13T05:12:55-05:00", "waiting_time": 0, "distance": 181, "driving_time": 175, "preparation_time": 0, "load_before": [0], "load_after": [0]}, {"type": "service", "id": "1802926000_28", "location_id": "1802926000", "address": {"location_id": "1802926000", "lat": 42.27742644, "lon": -71.09991801}, "arr_time": 1676283192, "arr_date_time": "2023-02-13T05:13:12-05:00", "end_time": 1676283492, "end_date_time": "2023-02-13T05:18:12-05:00", "waiting_time": 0, "distance": 200, "driving_time": 192, "preparation_time": 0, "load_before": [0], "load_after": [0]}, {"type": "service", "id": "1802928000_30", "location_id": "1802928000", "address": {"location_id": "1802928000", "lat": 42.27720634, "lon": -71.09953896}, "arr_time": 1676283492, "arr_date_time": "2023-02-13T05:18:12-05:00", "end_time": 1676283792, "end_date_time": "2023-02-13T05:23:12-05:00", "waiting_time": 0, "distance": 200, "driving_time": 192, "preparation_time": 0, "load_before": [0], "load_after": [0]}, {"type": "service", "id": "1802927000_29", "location_id": "1802927000", "address": {"location_id": "1802927000", "lat": 42.27730838, "lon": -71.10003683}, "arr_time": 1676283843, "arr_date_time": "2023-02-13T05:24:03-05:00", "end_time": 1676284143, "end_date_time": "2023-02-13T05:29:03-05:00", "waiting_time": 0, "distance": 253, "driving_time": 243, "preparation_time": 0, "load_before": [0], "load_after": [0]}, {"type": "service", "id": "1802871000_12", "location_id": "1802871000", "address": {"location_id": "1802871000", "lat": 42.27711398, "lon": -71.10024615}, "arr_time": 1676284145, "arr_date_time": "2023-02-13T05:29:05-05:00", "end_time": 1676284445, "end_date_time": "2023-02-13T05:34:05-05:00", "waiting_time": 0, "distance": 256, "driving_time": 245, "preparation_time": 0, "load_before": [0], "load_after": [0]}, {"type": "service", "id": "1802951000_40", "location_id": "1802951000", "address": {"location_id": "1802951000", "lat": 42.2770941, "lon": -71.0996495}, "arr_time": 1676284483, "arr_date_time": "2023-02-13T05:34:43-05:00", "end_time": 1676284783, "end_date_time": "2023-02-13T05:39:43-05:00", "waiting_time": 0, "distance": 294, "driving_time": 283, "preparation_time": 0, "load_before": [0], "load_after": [0]}, {"type": "service", "id": "1802952000_41", "location_id": "1802952000", "address": {"location_id": "1802952000", "lat": 42.27687434, "lon": -71.09982014}, "arr_time": 1676284787, "arr_date_time": "2023-02-13T05:39:47-05:00", "end_time": 1676285087, "end_date_time": "2023-02-13T05:44:47-05:00", "waiting_time": 0, "distance": 298, "driving_time": 287, "preparation_time": 0, "load_before": [0], "load_after": [0]}, {"type": "service", "id": "1802872000_13", "location_id": "1802872000", "address": {"location_id": "1802872000", "lat": 42.27700637, "lon": -71.10035287}, "arr_time": 1676285133, "arr_date_time": "2023-02-13T05:45:33-05:00", "end_time": 1676285433, "end_date_time": "2023-02-13T05:50:33-05:00", "waiting_time": 0, "distance": 347, "driving_time": 333, "preparation_time": 0, "load_before": [0], "load_after": [0]}, {"type": "service", "id": "1802967000_48", "location_id": "1802967000", "address": {"location_id": "1802967000", "lat": 42.27665722, "lon": -71.10004648}, "arr_time": 1676285449, "arr_date_time": "2023-02-13T05:50:49-05:00", "end_time": 1676285749, "end_date_time": "2023-02-13T05:55:49-05:00", "waiting_time": 0, "distance": 364, "driving_time": 349, "preparation_time": 0, "load_before": [0], "load_after": [0]}, {"type": "service", "id": "1802873000_14", "location_id": "1802873000", "address": {"location_id": "1802873000", "lat": 42.27689835, "lon": -71.100463}, "arr_time": 1676285751, "arr_date_time": "2023-02-13T05:55:51-05:00", "end_time": 1676286051, "end_date_time": "2023-02-13T06:00:51-05:00", "waiting_time": 0, "distance": 365, "driving_time": 351, "preparation_time": 0, "load_before": [0], "load_after": [0]}, {"type": "service", "id": "1802874000_15", "location_id": "1802874000", "address": {"location_id": "1802874000", "lat": 42.27677518, "lon": -71.10058641}, "arr_time": 1676286067, "arr_date_time": "2023-02-13T06:01:07-05:00", "end_time": 1676286367, "end_date_time": "2023-02-13T06:06:07-05:00", "waiting_time": 0, "distance": 382, "driving_time": 367, "preparation_time": 0, "load_before": [0], "load_after": [0]}, {"type": "service", "id": "1802875000_16", "location_id": "1802875000", "address": {"location_id": "1802875000", "lat": 42.27664653, "lon": -71.10071943}, "arr_time": 1676286384, "arr_date_time": "2023-02-13T06:06:24-05:00", "end_time": 1676286684, "end_date_time": "2023-02-13T06:11:24-05:00", "waiting_time": 0, "distance": 400, "driving_time": 384, "preparation_time": 0, "load_before": [0], "load_after": [0]}, {"type": "service", "id": "1802963000_47", "location_id": "1802963000", "address": {"location_id": "1802963000", "lat": 42.27621954, "lon": -71.100542}, "arr_time": 1676286712, "arr_date_time": "2023-02-13T06:11:52-05:00", "end_time": 1676287012, "end_date_time": "2023-02-13T06:16:52-05:00", "waiting_time": 0, "distance": 429, "driving_time": 412, "preparation_time": 0, "load_before": [0], "load_after": [0]}, {"type": "service", "id": "1802878000_17", "location_id": "1802878000", "address": {"location_id": "1802878000", "lat": 42.2764262, "lon": -71.10094269}, "arr_time": 1676287013, "arr_date_time": "2023-02-13T06:16:53-05:00", "end_time": 1676287313, "end_date_time": "2023-02-13T06:21:53-05:00", "waiting_time": 0, "distance": 431, "driving_time": 413, "preparation_time": 0, "load_before": [0], "load_after": [0]}, {"type": "service", "id": "1802962000_46", "location_id": "1802962000", "address": {"location_id": "1802962000", "lat": 42.27616985, "lon": -71.10070518}, "arr_time": 1676287324, "arr_date_time": "2023-02-13T06:22:04-05:00", "end_time": 1676287624, "end_date_time": "2023-02-13T06:27:04-05:00", "waiting_time": 0, "distance": 442, "driving_time": 424, "preparation_time": 0, "load_before": [0], "load_after": [0]}, {"type": "service", "id": "1802879000_18", "location_id": "1802879000", "address": {"location_id": "1802879000", "lat": 42.27633485, "lon": -71.10103765}, "arr_time": 1676287625, "arr_date_time": "2023-02-13T06:27:05-05:00", "end_time": 1676287925, "end_date_time": "2023-02-13T06:32:05-05:00", "waiting_time": 0, "distance": 444, "driving_time": 425, "preparation_time": 0, "load_before": [0], "load_after": [0]}, {"type": "service", "id": "1802880000_19", "location_id": "1802880000", "address": {"location_id": "1802880000", "lat": 42.27622485, "lon": -71.10109706}, "arr_time": 1676287937, "arr_date_time": "2023-02-13T06:32:17-05:00", "end_time": 1676288237, "end_date_time": "2023-02-13T06:37:17-05:00", "waiting_time": 0, "distance": 457, "driving_time": 437, "preparation_time": 0, "load_before": [0], "load_after": [0]}, {"type": "service", "id": "1802812000_11", "location_id": "1802812000", "address": {"location_id": "1802812000", "lat": 42.27568836, "lon": -71.10099066}, "arr_time": 1676288277, "arr_date_time": "2023-02-13T06:37:57-05:00", "end_time": 1676288577, "end_date_time": "2023-02-13T06:42:57-05:00", "waiting_time": 0, "distance": 499, "driving_time": 477, "preparation_time": 0, "load_before": [0], "load_after": [0]}, {"type": "service", "id": "1802295000_01", "location_id": "1802295000", "address": {"location_id": "1802295000", "lat": 42.27572072, "lon": -71.10149671}, "arr_time": 1676288599, "arr_date_time": "2023-02-13T06:43:19-05:00", "end_time": 1676288899, "end_date_time": "2023-02-13T06:48:19-05:00", "waiting_time": 0, "distance": 521, "driving_time": 499, "preparation_time": 0, "load_before": [0], "load_after": [0]}, {"type": "service", "id": "1802810000_10", "location_id": "1802810000", "address": {"location_id": "1802810000", "lat": 42.27550182, "lon": -71.10136013}, "arr_time": 1676288911, "arr_date_time": "2023-02-13T06:48:31-05:00", "end_time": 1676289211, "end_date_time": "2023-02-13T06:53:31-05:00", "waiting_time": 0, "distance": 534, "driving_time": 511, "preparation_time": 0, "load_before": [0], "load_after": [0]}, {"type": "service", "id": "1802296000_02", "location_id": "1802296000", "address": {"location_id": "1802296000", "lat": 42.27544832, "lon": -71.10179444}, "arr_time": 1676289236, "arr_date_time": "2023-02-13T06:53:56-05:00", "end_time": 1676289536, "end_date_time": "2023-02-13T06:58:56-05:00", "waiting_time": 0, "distance": 560, "driving_time": 536, "preparation_time": 0, "load_before": [0], "load_after": [0]}, {"type": "service", "id": "1802807000_09", "location_id": "1802807000", "address": {"location_id": "1802807000", "lat": 42.27510689, "lon": -71.10178397}, "arr_time": 1676289564, "arr_date_time": "2023-02-13T06:59:24-05:00", "end_time": 1676289864, "end_date_time": "2023-02-13T07:04:24-05:00", "waiting_time": 0, "distance": 590, "driving_time": 564, "preparation_time": 0, "load_before": [0], "load_after": [0]}, {"type": "service", "id": "1802299000_03", "location_id": "1802299000", "address": {"location_id": "1802299000", "lat": 42.27518376, "lon": -71.10219118}, "arr_time": 1676289913, "arr_date_time": "2023-02-13T07:05:13-05:00", "end_time": 1676290213, "end_date_time": "2023-02-13T07:10:13-05:00", "waiting_time": 0, "distance": 642, "driving_time": 613, "preparation_time": 0, "load_before": [0], "load_after": [0]}, {"type": "service", "id": "1802806001_08", "location_id": "1802806001", "address": {"location_id": "1802806001", "lat": 42.27485687, "lon": -71.10150675}, "arr_time": 1676290276, "arr_date_time": "2023-02-13T07:11:16-05:00", "end_time": 1676290576, "end_date_time": "2023-02-13T07:16:16-05:00", "waiting_time": 0, "distance": 708, "driving_time": 676, "preparation_time": 0, "load_before": [0], "load_after": [0]}, {"type": "service", "id": "1802806000_07", "location_id": "1802806000", "address": {"location_id": "1802806000", "lat": 42.27491516, "lon": -71.10134848}, "arr_time": 1676290636, "arr_date_time": "2023-02-13T07:17:16-05:00", "end_time": 1676290936, "end_date_time": "2023-02-13T07:22:16-05:00", "waiting_time": 0, "distance": 771, "driving_time": 736, "preparation_time": 0, "load_before": [0], "load_after": [0]}, {"type": "service", "id": "1802805000_06", "location_id": "1802805000", "address": {"location_id": "1802805000", "lat": 42.27502051, "lon": -71.10125569}, "arr_time": 1676290949, "arr_date_time": "2023-02-13T07:22:29-05:00", "end_time": 1676291249, "end_date_time": "2023-02-13T07:27:29-05:00", "waiting_time": 0, "distance": 785, "driving_time": 749, "preparation_time": 0, "load_before": [0], "load_after": [0]}, {"type": "service", "id": "1802803000_05", "location_id": "1802803000", "address": {"location_id": "1802803000", "lat": 42.27520043, "lon": -71.10107105}, "arr_time": 1676291273, "arr_date_time": "2023-02-13T07:27:53-05:00", "end_time": 1676291573, "end_date_time": "2023-02-13T07:32:53-05:00", "waiting_time": 0, "distance": 810, "driving_time": 773, "preparation_time": 0, "load_before": [0], "load_after": [0]}, {"type": "service", "id": "1802798001_04", "location_id": "1802798001", "address": {"location_id": "1802798001", "lat": 42.27564433, "lon": -71.10057723}, "arr_time": 1676291635, "arr_date_time": "2023-02-13T07:33:55-05:00", "end_time": 1676291935, "end_date_time": "2023-02-13T07:38:55-05:00", "waiting_time": 0, "distance": 874, "driving_time": 835, "preparation_time": 0, "load_before": [0], "load_after": [0]}, {"type": "service", "id": "1802960000_45", "location_id": "1802960000", "address": {"location_id": "1802960000", "lat": 42.27614195, "lon": -71.10016493}, "arr_time": 1676292008, "arr_date_time": "2023-02-13T07:40:08-05:00", "end_time": 1676292308, "end_date_time": "2023-02-13T07:45:08-05:00", "waiting_time": 0, "distance": 951, "driving_time": 908, "preparation_time": 0, "load_before": [0], "load_after": [0]}, {"type": "service", "id": "1802959000_44", "location_id": "1802959000", "address": {"location_id": "1802959000", "lat": 42.27618937, "lon": -71.10002636}, "arr_time": 1676292317, "arr_date_time": "2023-02-13T07:45:17-05:00", "end_time": 1676292617, "end_date_time": "2023-02-13T07:50:17-05:00", "waiting_time": 0, "distance": 960, "driving_time": 917, "preparation_time": 0, "load_before": [0], "load_after": [0]}, {"type": "service", "id": "1802955000_43", "location_id": "1802955000", "address": {"location_id": "1802955000", "lat": 42.27655298, "lon": -71.09969062}, "arr_time": 1676292659, "arr_date_time": "2023-02-13T07:50:59-05:00", "end_time": 1676292959, "end_date_time": "2023-02-13T07:55:59-05:00", "waiting_time": 0, "distance": 1003, "driving_time": 959, "preparation_time": 0, "load_before": [0], "load_after": [0]}, {"type": "service", "id": "1802954000_42", "location_id": "1802954000", "address": {"location_id": "1802954000", "lat": 42.27664013, "lon": -71.0996007}, "arr_time": 1676292971, "arr_date_time": "2023-02-13T07:56:11-05:00", "end_time": 1676293271, "end_date_time": "2023-02-13T08:01:11-05:00", "waiting_time": 0, "distance": 1015, "driving_time": 971, "preparation_time": 0, "load_before": [0], "load_after": [0]}, {"type": "service", "id": "1802943000_39", "location_id": "1802943000", "address": {"location_id": "1802943000", "lat": 42.27737137, "lon": -71.09884528}, "arr_time": 1676293367, "arr_date_time": "2023-02-13T08:02:47-05:00", "end_time": 1676293667, "end_date_time": "2023-02-13T08:07:47-05:00", "waiting_time": 0, "distance": 1115, "driving_time": 1067, "preparation_time": 0, "load_before": [0], "load_after": [0]}, {"type": "service", "id": "1802941000_38", "location_id": "1802941000", "address": {"location_id": "1802941000", "lat": 42.27757835, "lon": -71.09858519}, "arr_time": 1676293697, "arr_date_time": "2023-02-13T08:08:17-05:00", "end_time": 1676293997, "end_date_time": "2023-02-13T08:13:17-05:00", "waiting_time": 0, "distance": 1146, "driving_time": 1097, "preparation_time": 0, "load_before": [0], "load_after": [0]}, {"type": "service", "id": "1802939000_37", "location_id": "1802939000", "address": {"location_id": "1802939000", "lat": 42.27777561, "lon": -71.09843881}, "arr_time": 1676294047, "arr_date_time": "2023-02-13T08:14:07-05:00", "end_time": 1676294347, "end_date_time": "2023-02-13T08:19:07-05:00", "waiting_time": 0, "distance": 1197, "driving_time": 1147, "preparation_time": 0, "load_before": [0], "load_after": [0]}]}], "unassigned": {"services": [], "shipments": [], "breaks": [], "details": []}}}