{"copyrights": ["GraphHopper", "OpenStreetMap contributors"], "job_id": "db118f73-51e2-4d35-b79f-207cc7914ebe", "status": "finished", "waiting_time_in_queue": 0, "processing_time": 142, "solution": {"costs": 379, "distance": 2026, "time": 1943, "transport_time": 1943, "completion_time": 22343, "max_operation_time": 22343, "waiting_time": 0, "service_duration": 20400, "preparation_time": 0, "no_vehicles": 1, "no_unassigned": 0, "routes": [{"vehicle_id": "my_vehicle", "shift_id": "default-shift", "distance": 2026, "transport_time": 1943, "completion_time": 22343, "waiting_time": 0, "service_duration": 20400, "preparation_time": 0, "activities": [{"type": "start", "location_id": "1802288000", "address": {"location_id": "1802288000", "lat": 42.27354951, "lon": -71.10045457}, "arr_time": 1676278800, "arr_date_time": "2023-02-13T04:00:00-05:00", "end_time": 1676278800, "end_date_time": "2023-02-13T04:00:00-05:00", "waiting_time": 0, "distance": 0, "driving_time": 0, "preparation_time": 0, "load_after": [0]}, {"type": "service", "id": "1802279000_29", "location_id": "1802279000", "address": {"location_id": "1802279000", "lat": 42.27329979, "lon": -71.10003622}, "arr_time": 1676278800, "arr_date_time": "2023-02-13T04:00:00-05:00", "end_time": 1676279100, "end_date_time": "2023-02-13T04:05:00-05:00", "waiting_time": 0, "distance": 0, "driving_time": 0, "preparation_time": 0, "load_before": [0], "load_after": [0]}, {"type": "service", "id": "1802278000_28", "location_id": "1802278000", "address": {"location_id": "1802278000", "lat": 42.27319615, "lon": -71.10015987}, "arr_time": 1676279116, "arr_date_time": "2023-02-13T04:05:16-05:00", "end_time": 1676279416, "end_date_time": "2023-02-13T04:10:16-05:00", "waiting_time": 0, "distance": 17, "driving_time": 16, "preparation_time": 0, "load_before": [0], "load_after": [0]}, {"type": "service", "id": "1802277000_27", "location_id": "1802277000", "address": {"location_id": "1802277000", "lat": 42.27307711, "lon": -71.10028084}, "arr_time": 1676279432, "arr_date_time": "2023-02-13T04:10:32-05:00", "end_time": 1676279732, "end_date_time": "2023-02-13T04:15:32-05:00", "waiting_time": 0, "distance": 34, "driving_time": 32, "preparation_time": 0, "load_before": [0], "load_after": [0]}, {"type": "service", "id": "1802290000_30", "location_id": "1802290000", "address": {"location_id": "1802290000", "lat": 42.27323626, "lon": -71.10077415}, "arr_time": 1676279740, "arr_date_time": "2023-02-13T04:15:40-05:00", "end_time": 1676280040, "end_date_time": "2023-02-13T04:20:40-05:00", "waiting_time": 0, "distance": 43, "driving_time": 40, "preparation_time": 0, "load_before": [0], "load_after": [0]}, {"type": "service", "id": "1802737000_56", "location_id": "1802737000", "address": {"location_id": "1802737000", "lat": 42.27264737, "lon": -71.10069821}, "arr_time": 1676280087, "arr_date_time": "2023-02-13T04:21:27-05:00", "end_time": 1676280387, "end_date_time": "2023-02-13T04:26:27-05:00", "waiting_time": 0, "distance": 91, "driving_time": 87, "preparation_time": 0, "load_before": [0], "load_after": [0]}, {"type": "service", "id": "1802733000_53", "location_id": "1802733000", "address": {"location_id": "1802733000", "lat": 42.27288023, "lon": -71.10113162}, "arr_time": 1676280389, "arr_date_time": "2023-02-13T04:26:29-05:00", "end_time": 1676280689, "end_date_time": "2023-02-13T04:31:29-05:00", "waiting_time": 0, "distance": 94, "driving_time": 89, "preparation_time": 0, "load_before": [0], "load_after": [0]}, {"type": "service", "id": "1802735000_54", "location_id": "1802735000", "address": {"location_id": "1802735000", "lat": 42.27247676, "lon": -71.10087045}, "arr_time": 1676280697, "arr_date_time": "2023-02-13T04:31:37-05:00", "end_time": 1676280997, "end_date_time": "2023-02-13T04:36:37-05:00", "waiting_time": 0, "distance": 103, "driving_time": 97, "preparation_time": 0, "load_before": [0], "load_after": [0]}, {"type": "service", "id": "1802736000_55", "location_id": "1802736000", "address": {"location_id": "1802736000", "lat": 42.27256744, "lon": -71.10078646}, "arr_time": 1676280997, "arr_date_time": "2023-02-13T04:36:37-05:00", "end_time": 1676281297, "end_date_time": "2023-02-13T04:41:37-05:00", "waiting_time": 0, "distance": 103, "driving_time": 97, "preparation_time": 0, "load_before": [0], "load_after": [0]}, {"type": "service", "id": "1802275001_26", "location_id": "1802275001", "address": {"location_id": "1802275001", "lat": 42.27285331, "lon": -71.10015707}, "arr_time": 1676281372, "arr_date_time": "2023-02-13T04:42:52-05:00", "end_time": 1676281672, "end_date_time": "2023-02-13T04:47:52-05:00", "waiting_time": 0, "distance": 181, "driving_time": 172, "preparation_time": 0, "load_before": [0], "load_after": [0]}, {"type": "service", "id": "1802703000_32", "location_id": "1802703000", "address": {"location_id": "1802703000", "lat": 42.27246634, "lon": -71.10034965}, "arr_time": 1676281684, "arr_date_time": "2023-02-13T04:48:04-05:00", "end_time": 1676281984, "end_date_time": "2023-02-13T04:53:04-05:00", "waiting_time": 0, "distance": 193, "driving_time": 184, "preparation_time": 0, "load_before": [0], "load_after": [0]}, {"type": "service", "id": "1802702000_31", "location_id": "1802702000", "address": {"location_id": "1802702000", "lat": 42.27255305, "lon": -71.10025003}, "arr_time": 1676281985, "arr_date_time": "2023-02-13T04:53:05-05:00", "end_time": 1676282285, "end_date_time": "2023-02-13T04:58:05-05:00", "waiting_time": 0, "distance": 194, "driving_time": 185, "preparation_time": 0, "load_before": [0], "load_after": [0]}, {"type": "service", "id": "1802271000_23", "location_id": "1802271000", "address": {"location_id": "1802271000", "lat": 42.27250798, "lon": -71.09958592}, "arr_time": 1676282325, "arr_date_time": "2023-02-13T04:58:45-05:00", "end_time": 1676282625, "end_date_time": "2023-02-13T05:03:45-05:00", "waiting_time": 0, "distance": 236, "driving_time": 225, "preparation_time": 0, "load_before": [0], "load_after": [0]}, {"type": "service", "id": "1802272000_24", "location_id": "1802272000", "address": {"location_id": "1802272000", "lat": 42.27261954, "lon": -71.09946957}, "arr_time": 1676282640, "arr_date_time": "2023-02-13T05:04:00-05:00", "end_time": 1676282940, "end_date_time": "2023-02-13T05:09:00-05:00", "waiting_time": 0, "distance": 252, "driving_time": 240, "preparation_time": 0, "load_before": [0], "load_after": [0]}, {"type": "service", "id": "1802274000_25", "location_id": "1802274000", "address": {"location_id": "1802274000", "lat": 42.27297199, "lon": -71.09985417}, "arr_time": 1676282952, "arr_date_time": "2023-02-13T05:09:12-05:00", "end_time": 1676283252, "end_date_time": "2023-02-13T05:14:12-05:00", "waiting_time": 0, "distance": 265, "driving_time": 252, "preparation_time": 0, "load_before": [0], "load_after": [0]}, {"type": "service", "id": "1802270000_22", "location_id": "1802270000", "address": {"location_id": "1802270000", "lat": 42.27237041, "lon": -71.09972588}, "arr_time": 1676283301, "arr_date_time": "2023-02-13T05:15:01-05:00", "end_time": 1676283601, "end_date_time": "2023-02-13T05:20:01-05:00", "waiting_time": 0, "distance": 316, "driving_time": 301, "preparation_time": 0, "load_before": [0], "load_after": [0]}, {"type": "service", "id": "1802267000_21", "location_id": "1802267000", "address": {"location_id": "1802267000", "lat": 42.27204647, "lon": -71.10005191}, "arr_time": 1676283641, "arr_date_time": "2023-02-13T05:20:41-05:00", "end_time": 1676283941, "end_date_time": "2023-02-13T05:25:41-05:00", "waiting_time": 0, "distance": 358, "driving_time": 341, "preparation_time": 0, "load_before": [0], "load_after": [0]}, {"type": "service", "id": "1802705000_33", "location_id": "1802705000", "address": {"location_id": "1802705000", "lat": 42.27231329, "lon": -71.10055917}, "arr_time": 1676283941, "arr_date_time": "2023-02-13T05:25:41-05:00", "end_time": 1676284241, "end_date_time": "2023-02-13T05:30:41-05:00", "waiting_time": 0, "distance": 358, "driving_time": 341, "preparation_time": 0, "load_before": [0], "load_after": [0]}, {"type": "service", "id": "1802706000_34", "location_id": "1802706000", "address": {"location_id": "1802706000", "lat": 42.27215776, "lon": -71.10054575}, "arr_time": 1676284255, "arr_date_time": "2023-02-13T05:30:55-05:00", "end_time": 1676284555, "end_date_time": "2023-02-13T05:35:55-05:00", "waiting_time": 0, "distance": 371, "driving_time": 355, "preparation_time": 0, "load_before": [0], "load_after": [0]}, {"type": "service", "id": "1802263000_20", "location_id": "1802263000", "address": {"location_id": "1802263000", "lat": 42.27152487, "lon": -71.1005794}, "arr_time": 1676284611, "arr_date_time": "2023-02-13T05:36:51-05:00", "end_time": 1676284911, "end_date_time": "2023-02-13T05:41:51-05:00", "waiting_time": 0, "distance": 430, "driving_time": 411, "preparation_time": 0, "load_before": [0], "load_after": [0]}, {"type": "service", "id": "1802740000_58", "location_id": "1802740000", "address": {"location_id": "1802740000", "lat": 42.27170166, "lon": -71.10103345}, "arr_time": 1676284916, "arr_date_time": "2023-02-13T05:41:56-05:00", "end_time": 1676285216, "end_date_time": "2023-02-13T05:46:56-05:00", "waiting_time": 0, "distance": 436, "driving_time": 416, "preparation_time": 0, "load_before": [0], "load_after": [0]}, {"type": "service", "id": "1802262000_19", "location_id": "1802262000", "address": {"location_id": "1802262000", "lat": 42.27142799, "lon": -71.10065364}, "arr_time": 1676285223, "arr_date_time": "2023-02-13T05:47:03-05:00", "end_time": 1676285523, "end_date_time": "2023-02-13T05:52:03-05:00", "waiting_time": 0, "distance": 443, "driving_time": 423, "preparation_time": 0, "load_before": [0], "load_after": [0]}, {"type": "service", "id": "1802261000_18", "location_id": "1802261000", "address": {"location_id": "1802261000", "lat": 42.27134062, "lon": -71.10074123}, "arr_time": 1676285535, "arr_date_time": "2023-02-13T05:52:15-05:00", "end_time": 1676285835, "end_date_time": "2023-02-13T05:57:15-05:00", "waiting_time": 0, "distance": 455, "driving_time": 435, "preparation_time": 0, "load_before": [0], "load_after": [0]}, {"type": "service", "id": "1802742000_59", "location_id": "1802742000", "address": {"location_id": "1802742000", "lat": 42.27152332, "lon": -71.10121703}, "arr_time": 1676285840, "arr_date_time": "2023-02-13T05:57:20-05:00", "end_time": 1676286140, "end_date_time": "2023-02-13T06:02:20-05:00", "waiting_time": 0, "distance": 461, "driving_time": 440, "preparation_time": 0, "load_before": [0], "load_after": [0]}, {"type": "service", "id": "1802260000_17", "location_id": "1802260000", "address": {"location_id": "1802260000", "lat": 42.27125342, "lon": -71.10083504}, "arr_time": 1676286147, "arr_date_time": "2023-02-13T06:02:27-05:00", "end_time": 1676286447, "end_date_time": "2023-02-13T06:07:27-05:00", "waiting_time": 0, "distance": 467, "driving_time": 447, "preparation_time": 0, "load_before": [0], "load_after": [0]}, {"type": "service", "id": "1802743000_60", "location_id": "1802743000", "address": {"location_id": "1802743000", "lat": 42.2714349, "lon": -71.10130834}, "arr_time": 1676286452, "arr_date_time": "2023-02-13T06:07:32-05:00", "end_time": 1676286752, "end_date_time": "2023-02-13T06:12:32-05:00", "waiting_time": 0, "distance": 473, "driving_time": 452, "preparation_time": 0, "load_before": [0], "load_after": [0]}, {"type": "service", "id": "1802746000_62", "location_id": "1802746000", "address": {"location_id": "1802746000", "lat": 42.27117353, "lon": -71.10155217}, "arr_time": 1676286781, "arr_date_time": "2023-02-13T06:13:01-05:00", "end_time": 1676287081, "end_date_time": "2023-02-13T06:18:01-05:00", "waiting_time": 0, "distance": 504, "driving_time": 481, "preparation_time": 0, "load_before": [0], "load_after": [0]}, {"type": "service", "id": "1802256000_15", "location_id": "1802256000", "address": {"location_id": "1802256000", "lat": 42.27092354, "lon": -71.1011151}, "arr_time": 1676287091, "arr_date_time": "2023-02-13T06:18:11-05:00", "end_time": 1676287391, "end_date_time": "2023-02-13T06:23:11-05:00", "waiting_time": 0, "distance": 514, "driving_time": 491, "preparation_time": 0, "load_before": [0], "load_after": [0]}, {"type": "service", "id": "1802747000_63", "location_id": "1802747000", "address": {"location_id": "1802747000", "lat": 42.27105872, "lon": -71.10159872}, "arr_time": 1676287393, "arr_date_time": "2023-02-13T06:23:13-05:00", "end_time": 1676287693, "end_date_time": "2023-02-13T06:28:13-05:00", "waiting_time": 0, "distance": 517, "driving_time": 493, "preparation_time": 0, "load_before": [0], "load_after": [0]}, {"type": "service", "id": "1802258000_16", "location_id": "1802258000", "address": {"location_id": "1802258000", "lat": 42.27106754, "lon": -71.10099842}, "arr_time": 1676287716, "arr_date_time": "2023-02-13T06:28:36-05:00", "end_time": 1676288016, "end_date_time": "2023-02-13T06:33:36-05:00", "waiting_time": 0, "distance": 540, "driving_time": 516, "preparation_time": 0, "load_before": [0], "load_after": [0]}, {"type": "service", "id": "1802744000_61", "location_id": "1802744000", "address": {"location_id": "1802744000", "lat": 42.27135038, "lon": -71.10138718}, "arr_time": 1676288027, "arr_date_time": "2023-02-13T06:33:47-05:00", "end_time": 1676288327, "end_date_time": "2023-02-13T06:38:47-05:00", "waiting_time": 0, "distance": 551, "driving_time": 527, "preparation_time": 0, "load_before": [0], "load_after": [0]}, {"type": "service", "id": "1802707000_35", "location_id": "1802707000", "address": {"location_id": "1802707000", "lat": 42.27205212, "lon": -71.10065502}, "arr_time": 1676288424, "arr_date_time": "2023-02-13T06:40:24-05:00", "end_time": 1676288724, "end_date_time": "2023-02-13T06:45:24-05:00", "waiting_time": 0, "distance": 652, "driving_time": 624, "preparation_time": 0, "load_before": [0], "load_after": [0]}, {"type": "service", "id": "1802739000_57", "location_id": "1802739000", "address": {"location_id": "1802739000", "lat": 42.27187172, "lon": -71.10085566}, "arr_time": 1676288725, "arr_date_time": "2023-02-13T06:45:25-05:00", "end_time": 1676289025, "end_date_time": "2023-02-13T06:50:25-05:00", "waiting_time": 0, "distance": 653, "driving_time": 625, "preparation_time": 0, "load_before": [0], "load_after": [0]}, {"type": "service", "id": "1802707001_36", "location_id": "1802707001", "address": {"location_id": "1802707001", "lat": 42.27222137, "lon": -71.10081303}, "arr_time": 1676289045, "arr_date_time": "2023-02-13T06:50:45-05:00", "end_time": 1676289345, "end_date_time": "2023-02-13T06:55:45-05:00", "waiting_time": 0, "distance": 673, "driving_time": 645, "preparation_time": 0, "load_before": [0], "load_after": [0]}, {"type": "service", "id": "1802707002_37", "location_id": "1802707002", "address": {"location_id": "1802707002", "lat": 42.27230328, "lon": -71.10100454}, "arr_time": 1676289359, "arr_date_time": "2023-02-13T06:55:59-05:00", "end_time": 1676289659, "end_date_time": "2023-02-13T07:00:59-05:00", "waiting_time": 0, "distance": 687, "driving_time": 659, "preparation_time": 0, "load_before": [0], "load_after": [0]}, {"type": "service", "id": "1802707003_38", "location_id": "1802707003", "address": {"location_id": "1802707003", "lat": 42.27235576, "lon": -71.10125532}, "arr_time": 1676289669, "arr_date_time": "2023-02-13T07:01:09-05:00", "end_time": 1676289969, "end_date_time": "2023-02-13T07:06:09-05:00", "waiting_time": 0, "distance": 698, "driving_time": 669, "preparation_time": 0, "load_before": [0], "load_after": [0]}, {"type": "service", "id": "1802707007_39", "location_id": "1802707007", "address": {"location_id": "1802707007", "lat": 42.27187202, "lon": -71.10188125}, "arr_time": 1676290024, "arr_date_time": "2023-02-13T07:07:04-05:00", "end_time": 1676290324, "end_date_time": "2023-02-13T07:12:04-05:00", "waiting_time": 0, "distance": 755, "driving_time": 724, "preparation_time": 0, "load_before": [0], "load_after": [0]}, {"type": "service", "id": "1802751080_68", "location_id": "1802751080", "address": {"location_id": "1802751080", "lat": 42.27151815, "lon": -71.10159425}, "arr_time": 1676290340, "arr_date_time": "2023-02-13T07:12:20-05:00", "end_time": 1676290640, "end_date_time": "2023-02-13T07:17:20-05:00", "waiting_time": 0, "distance": 772, "driving_time": 740, "preparation_time": 0, "load_before": [0], "load_after": [0]}, {"type": "service", "id": "1802707008_40", "location_id": "1802707008", "address": {"location_id": "1802707008", "lat": 42.27168271, "lon": -71.10199104}, "arr_time": 1676290645, "arr_date_time": "2023-02-13T07:17:25-05:00", "end_time": 1676290945, "end_date_time": "2023-02-13T07:22:25-05:00", "waiting_time": 0, "distance": 777, "driving_time": 745, "preparation_time": 0, "load_before": [0], "load_after": [0]}, {"type": "service", "id": "1802751070_67", "location_id": "1802751070", "address": {"location_id": "1802751070", "lat": 42.27143011, "lon": -71.10176223}, "arr_time": 1676290956, "arr_date_time": "2023-02-13T07:22:36-05:00", "end_time": 1676291256, "end_date_time": "2023-02-13T07:27:36-05:00", "waiting_time": 0, "distance": 788, "driving_time": 756, "preparation_time": 0, "load_before": [0], "load_after": [0]}, {"type": "service", "id": "1802707009_41", "location_id": "1802707009", "address": {"location_id": "1802707009", "lat": 42.2716169, "lon": -71.10216716}, "arr_time": 1676291260, "arr_date_time": "2023-02-13T07:27:40-05:00", "end_time": 1676291560, "end_date_time": "2023-02-13T07:32:40-05:00", "waiting_time": 0, "distance": 793, "driving_time": 760, "preparation_time": 0, "load_before": [0], "load_after": [0]}, {"type": "service", "id": "1802751060_66", "location_id": "1802751060", "address": {"location_id": "1802751060", "lat": 42.27130211, "lon": -71.10190367}, "arr_time": 1676291573, "arr_date_time": "2023-02-13T07:32:53-05:00", "end_time": 1676291873, "end_date_time": "2023-02-13T07:37:53-05:00", "waiting_time": 0, "distance": 806, "driving_time": 773, "preparation_time": 0, "load_before": [0], "load_after": [0]}, {"type": "service", "id": "1802707010_42", "location_id": "1802707010", "address": {"location_id": "1802707010", "lat": 42.27147638, "lon": -71.102323}, "arr_time": 1676291880, "arr_date_time": "2023-02-13T07:38:00-05:00", "end_time": 1676292180, "end_date_time": "2023-02-13T07:43:00-05:00", "waiting_time": 0, "distance": 813, "driving_time": 780, "preparation_time": 0, "load_before": [0], "load_after": [0]}, {"type": "service", "id": "1802751050_65", "location_id": "1802751050", "address": {"location_id": "1802751050", "lat": 42.27118585, "lon": -71.10204945}, "arr_time": 1676292191, "arr_date_time": "2023-02-13T07:43:11-05:00", "end_time": 1676292491, "end_date_time": "2023-02-13T07:48:11-05:00", "waiting_time": 0, "distance": 824, "driving_time": 791, "preparation_time": 0, "load_before": [0], "load_after": [0]}, {"type": "service", "id": "1802707011_43", "location_id": "1802707011", "address": {"location_id": "1802707011", "lat": 42.2713324, "lon": -71.10247888}, "arr_time": 1676292499, "arr_date_time": "2023-02-13T07:48:19-05:00", "end_time": 1676292799, "end_date_time": "2023-02-13T07:53:19-05:00", "waiting_time": 0, "distance": 832, "driving_time": 799, "preparation_time": 0, "load_before": [0], "load_after": [0]}, {"type": "service", "id": "1802710000_44", "location_id": "1802710000", "address": {"location_id": "1802710000", "lat": 42.27120579, "lon": -71.10307433}, "arr_time": 1676292940, "arr_date_time": "2023-02-13T07:55:40-05:00", "end_time": 1676293240, "end_date_time": "2023-02-13T08:00:40-05:00", "waiting_time": 0, "distance": 979, "driving_time": 940, "preparation_time": 0, "load_before": [0], "load_after": [0]}, {"type": "service", "id": "1802711000_45", "location_id": "1802711000", "address": {"location_id": "1802711000", "lat": 42.2714284, "lon": -71.10295064}, "arr_time": 1676293265, "arr_date_time": "2023-02-13T08:01:05-05:00", "end_time": 1676293565, "end_date_time": "2023-02-13T08:06:05-05:00", "waiting_time": 0, "distance": 1006, "driving_time": 965, "preparation_time": 0, "load_before": [0], "load_after": [0]}, {"type": "service", "id": "1802717000_47", "location_id": "1802717000", "address": {"location_id": "1802717000", "lat": 42.27186007, "lon": -71.10247}, "arr_time": 1676293624, "arr_date_time": "2023-02-13T08:07:04-05:00", "end_time": 1676293924, "end_date_time": "2023-02-13T08:12:04-05:00", "waiting_time": 0, "distance": 1068, "driving_time": 1024, "preparation_time": 0, "load_before": [0], "load_after": [0]}, {"type": "service", "id": "1802718000_48", "location_id": "1802718000", "address": {"location_id": "1802718000", "lat": 42.2720058, "lon": -71.10233034}, "arr_time": 1676293948, "arr_date_time": "2023-02-13T08:12:28-05:00", "end_time": 1676294248, "end_date_time": "2023-02-13T08:17:28-05:00", "waiting_time": 0, "distance": 1093, "driving_time": 1048, "preparation_time": 0, "load_before": [0], "load_after": [0]}, {"type": "service", "id": "1802719001_49", "location_id": "1802719001", "address": {"location_id": "1802719001", "lat": 42.27218365, "lon": -71.10224612}, "arr_time": 1676294267, "arr_date_time": "2023-02-13T08:17:47-05:00", "end_time": 1676294567, "end_date_time": "2023-02-13T08:22:47-05:00", "waiting_time": 0, "distance": 1113, "driving_time": 1067, "preparation_time": 0, "load_before": [0], "load_after": [0]}, {"type": "service", "id": "1802720000_50", "location_id": "1802720000", "address": {"location_id": "1802720000", "lat": 42.27236355, "lon": -71.10217786}, "arr_time": 1676294585, "arr_date_time": "2023-02-13T08:23:05-05:00", "end_time": 1676294885, "end_date_time": "2023-02-13T08:28:05-05:00", "waiting_time": 0, "distance": 1132, "driving_time": 1085, "preparation_time": 0, "load_before": [0], "load_after": [0]}, {"type": "service", "id": "1802722000_51", "location_id": "1802722000", "address": {"location_id": "1802722000", "lat": 42.27249317, "lon": -71.1020488}, "arr_time": 1676294931, "arr_date_time": "2023-02-13T08:28:51-05:00", "end_time": 1676295231, "end_date_time": "2023-02-13T08:33:51-05:00", "waiting_time": 0, "distance": 1180, "driving_time": 1131, "preparation_time": 0, "load_before": [0], "load_after": [0]}, {"type": "service", "id": "1802723001_52", "location_id": "1802723001", "address": {"location_id": "1802723001", "lat": 42.27220701, "lon": -71.10183604}, "arr_time": 1676295259, "arr_date_time": "2023-02-13T08:34:19-05:00", "end_time": 1676295559, "end_date_time": "2023-02-13T08:39:19-05:00", "waiting_time": 0, "distance": 1209, "driving_time": 1159, "preparation_time": 0, "load_before": [0], "load_after": [0]}, {"type": "service", "id": "1802715000_46", "location_id": "1802715000", "address": {"location_id": "1802715000", "lat": 42.27176585, "lon": -71.10264952}, "arr_time": 1676295709, "arr_date_time": "2023-02-13T08:41:49-05:00", "end_time": 1676296009, "end_date_time": "2023-02-13T08:46:49-05:00", "waiting_time": 0, "distance": 1366, "driving_time": 1309, "preparation_time": 0, "load_before": [0], "load_after": [0]}, {"type": "service", "id": "1802748000_64", "location_id": "1802748000", "address": {"location_id": "1802748000", "lat": 42.2708456, "lon": -71.10158872}, "arr_time": 1676296276, "arr_date_time": "2023-02-13T08:51:16-05:00", "end_time": 1676296576, "end_date_time": "2023-02-13T08:56:16-05:00", "waiting_time": 0, "distance": 1643, "driving_time": 1576, "preparation_time": 0, "load_before": [0], "load_after": [0]}, {"type": "service", "id": "1801893000_01", "location_id": "1801893000", "address": {"location_id": "1801893000", "lat": 42.27070763, "lon": -71.1002203}, "arr_time": 1676296699, "arr_date_time": "2023-02-13T08:58:19-05:00", "end_time": 1676296999, "end_date_time": "2023-02-13T09:03:19-05:00", "waiting_time": 0, "distance": 1771, "driving_time": 1699, "preparation_time": 0, "load_before": [0], "load_after": [0]}, {"type": "service", "id": "1801893001_02", "location_id": "1801893001", "address": {"location_id": "1801893001", "lat": 42.27077102, "lon": -71.10002205}, "arr_time": 1676297013, "arr_date_time": "2023-02-13T09:03:33-05:00", "end_time": 1676297313, "end_date_time": "2023-02-13T09:08:33-05:00", "waiting_time": 0, "distance": 1786, "driving_time": 1713, "preparation_time": 0, "load_before": [0], "load_after": [0]}, {"type": "service", "id": "1801893003_04", "location_id": "1801893003", "address": {"location_id": "1801893003", "lat": 42.27104304, "lon": -71.09976814}, "arr_time": 1676297364, "arr_date_time": "2023-02-13T09:09:24-05:00", "end_time": 1676297664, "end_date_time": "2023-02-13T09:14:24-05:00", "waiting_time": 0, "distance": 1839, "driving_time": 1764, "preparation_time": 0, "load_before": [0], "load_after": [0]}, {"type": "service", "id": "1801893002_03", "location_id": "1801893002", "address": {"location_id": "1801893002", "lat": 42.27091105, "lon": -71.09989353}, "arr_time": 1676297664, "arr_date_time": "2023-02-13T09:14:24-05:00", "end_time": 1676297964, "end_date_time": "2023-02-13T09:19:24-05:00", "waiting_time": 0, "distance": 1839, "driving_time": 1764, "preparation_time": 0, "load_before": [0], "load_after": [0]}, {"type": "service", "id": "1802250000_14", "location_id": "1802250000", "address": {"location_id": "1802250000", "lat": 42.27132847, "lon": -71.10023034}, "arr_time": 1676298000, "arr_date_time": "2023-02-13T09:20:00-05:00", "end_time": 1676298300, "end_date_time": "2023-02-13T09:25:00-05:00", "waiting_time": 0, "distance": 1876, "driving_time": 1800, "preparation_time": 0, "load_before": [0], "load_after": [0]}, {"type": "service", "id": "1801897000_05", "location_id": "1801897000", "address": {"location_id": "1801897000", "lat": 42.27116902, "lon": -71.09965199}, "arr_time": 1676298312, "arr_date_time": "2023-02-13T09:25:12-05:00", "end_time": 1676298612, "end_date_time": "2023-02-13T09:30:12-05:00", "waiting_time": 0, "distance": 1889, "driving_time": 1812, "preparation_time": 0, "load_before": [0], "load_after": [0]}, {"type": "service", "id": "1802249000_13", "location_id": "1802249000", "address": {"location_id": "1802249000", "lat": 42.27148278, "lon": -71.10008277}, "arr_time": 1676298620, "arr_date_time": "2023-02-13T09:30:20-05:00", "end_time": 1676298920, "end_date_time": "2023-02-13T09:35:20-05:00", "waiting_time": 0, "distance": 1897, "driving_time": 1820, "preparation_time": 0, "load_before": [0], "load_after": [0]}, {"type": "service", "id": "1802248000_12", "location_id": "1802248000", "address": {"location_id": "1802248000", "lat": 42.27164016, "lon": -71.0999313}, "arr_time": 1676298940, "arr_date_time": "2023-02-13T09:35:40-05:00", "end_time": 1676299240, "end_date_time": "2023-02-13T09:40:40-05:00", "waiting_time": 0, "distance": 1918, "driving_time": 1840, "preparation_time": 0, "load_before": [0], "load_after": [0]}, {"type": "service", "id": "1801899000_06", "location_id": "1801899000", "address": {"location_id": "1801899000", "lat": 42.27138821, "lon": -71.09944655}, "arr_time": 1676299240, "arr_date_time": "2023-02-13T09:40:40-05:00", "end_time": 1676299540, "end_date_time": "2023-02-13T09:45:40-05:00", "waiting_time": 0, "distance": 1918, "driving_time": 1840, "preparation_time": 0, "load_before": [0], "load_after": [0]}, {"type": "service", "id": "1802247000_11", "location_id": "1802247000", "address": {"location_id": "1802247000", "lat": 42.2717983, "lon": -71.09977749}, "arr_time": 1676299561, "arr_date_time": "2023-02-13T09:46:01-05:00", "end_time": 1676299861, "end_date_time": "2023-02-13T09:51:01-05:00", "waiting_time": 0, "distance": 1940, "driving_time": 1861, "preparation_time": 0, "load_before": [0], "load_after": [0]}, {"type": "service", "id": "1802246000_10", "location_id": "1802246000", "address": {"location_id": "1802246000", "lat": 42.27195529, "lon": -71.09962623}, "arr_time": 1676299881, "arr_date_time": "2023-02-13T09:51:21-05:00", "end_time": 1676300181, "end_date_time": "2023-02-13T09:56:21-05:00", "waiting_time": 0, "distance": 1961, "driving_time": 1881, "preparation_time": 0, "load_before": [0], "load_after": [0]}, {"type": "service", "id": "1801904000_07", "location_id": "1801904000", "address": {"location_id": "1801904000", "lat": 42.27194907, "lon": -71.09892217}, "arr_time": 1676300213, "arr_date_time": "2023-02-13T09:56:53-05:00", "end_time": 1676300513, "end_date_time": "2023-02-13T10:01:53-05:00", "waiting_time": 0, "distance": 1994, "driving_time": 1913, "preparation_time": 0, "load_before": [0], "load_after": [0]}, {"type": "service", "id": "1801906000_08", "location_id": "1801906000", "address": {"location_id": "1801906000", "lat": 42.27216879, "lon": -71.09871729}, "arr_time": 1676300541, "arr_date_time": "2023-02-13T10:02:21-05:00", "end_time": 1676300841, "end_date_time": "2023-02-13T10:07:21-05:00", "waiting_time": 0, "distance": 2024, "driving_time": 1941, "preparation_time": 0, "load_before": [0], "load_after": [0]}, {"type": "service", "id": "1802242000_09", "location_id": "1802242000", "address": {"location_id": "1802242000", "lat": 42.27242637, "lon": -71.09917572}, "arr_time": 1676300843, "arr_date_time": "2023-02-13T10:07:23-05:00", "end_time": 1676301143, "end_date_time": "2023-02-13T10:12:23-05:00", "waiting_time": 0, "distance": 2026, "driving_time": 1943, "preparation_time": 0, "load_before": [0], "load_after": [0]}]}], "unassigned": {"services": [], "shipments": [], "breaks": [], "details": []}}}