{"copyrights": ["GraphHopper", "OpenStreetMap contributors"], "job_id": "15475cbb-480f-41a9-9335-e3736b2980fa", "status": "finished", "waiting_time_in_queue": 0, "processing_time": 167, "solution": {"costs": 350, "distance": 2539, "time": 2431, "transport_time": 2431, "completion_time": 18631, "max_operation_time": 18631, "waiting_time": 0, "service_duration": 16200, "preparation_time": 0, "no_vehicles": 1, "no_unassigned": 0, "routes": [{"vehicle_id": "my_vehicle", "shift_id": "default-shift", "distance": 2539, "transport_time": 2431, "completion_time": 18631, "waiting_time": 0, "service_duration": 16200, "preparation_time": 0, "activities": [{"type": "start", "location_id": "1300321000", "address": {"location_id": "1300321000", "lat": 42.3203414, "lon": -71.07594209}, "arr_time": 1676278800, "arr_date_time": "2023-02-13T04:00:00-05:00", "end_time": 1676278800, "end_date_time": "2023-02-13T04:00:00-05:00", "waiting_time": 0, "distance": 0, "driving_time": 0, "preparation_time": 0, "load_after": [0]}, {"type": "service", "id": "1300346000_18", "location_id": "1300346000", "address": {"location_id": "1300346000", "lat": 42.32016531, "lon": -71.07678523}, "arr_time": 1676278888, "arr_date_time": "2023-02-13T04:01:28-05:00", "end_time": 1676279188, "end_date_time": "2023-02-13T04:06:28-05:00", "waiting_time": 0, "distance": 92, "driving_time": 88, "preparation_time": 0, "load_before": [0], "load_after": [0]}, {"type": "service", "id": "1300334000_17", "location_id": "1300334000", "address": {"location_id": "1300334000", "lat": 42.32008865, "lon": -71.07639757}, "arr_time": 1676279200, "arr_date_time": "2023-02-13T04:06:40-05:00", "end_time": 1676279500, "end_date_time": "2023-02-13T04:11:40-05:00", "waiting_time": 0, "distance": 104, "driving_time": 100, "preparation_time": 0, "load_before": [0], "load_after": [0]}, {"type": "service", "id": "1300333000_16", "location_id": "1300333000", "address": {"location_id": "1300333000", "lat": 42.31998703, "lon": -71.07638429}, "arr_time": 1676279540, "arr_date_time": "2023-02-13T04:12:20-05:00", "end_time": 1676279840, "end_date_time": "2023-02-13T04:17:20-05:00", "waiting_time": 0, "distance": 146, "driving_time": 140, "preparation_time": 0, "load_before": [0], "load_after": [0]}, {"type": "service", "id": "1300331000_15", "location_id": "1300331000", "address": {"location_id": "1300331000", "lat": 42.32007262, "lon": -71.07601938}, "arr_time": 1676279869, "arr_date_time": "2023-02-13T04:17:49-05:00", "end_time": 1676280169, "end_date_time": "2023-02-13T04:22:49-05:00", "waiting_time": 0, "distance": 177, "driving_time": 169, "preparation_time": 0, "load_before": [0], "load_after": [0]}, {"type": "service", "id": "1300107000_01", "location_id": "1300107000", "address": {"location_id": "1300107000", "lat": 42.31988185, "lon": -71.07491674}, "arr_time": 1676280249, "arr_date_time": "2023-02-13T04:24:09-05:00", "end_time": 1676280549, "end_date_time": "2023-02-13T04:29:09-05:00", "waiting_time": 0, "distance": 261, "driving_time": 249, "preparation_time": 0, "load_before": [0], "load_after": [0]}, {"type": "service", "id": "1300136000_03", "location_id": "1300136000", "address": {"location_id": "1300136000", "lat": 42.319564, "lon": -71.07492277}, "arr_time": 1676280591, "arr_date_time": "2023-02-13T04:29:51-05:00", "end_time": 1676280891, "end_date_time": "2023-02-13T04:34:51-05:00", "waiting_time": 0, "distance": 305, "driving_time": 291, "preparation_time": 0, "load_before": [0], "load_after": [0]}, {"type": "service", "id": "1300376000_27", "location_id": "1300376000", "address": {"location_id": "1300376000", "lat": 42.31953363, "lon": -71.0755696}, "arr_time": 1676280973, "arr_date_time": "2023-02-13T04:36:13-05:00", "end_time": 1676281273, "end_date_time": "2023-02-13T04:41:13-05:00", "waiting_time": 0, "distance": 391, "driving_time": 373, "preparation_time": 0, "load_before": [0], "load_after": [0]}, {"type": "service", "id": "1300351000_19", "location_id": "1300351000", "address": {"location_id": "1300351000", "lat": 42.31976179, "lon": -71.07640296}, "arr_time": 1676281367, "arr_date_time": "2023-02-13T04:42:47-05:00", "end_time": 1676281667, "end_date_time": "2023-02-13T04:47:47-05:00", "waiting_time": 0, "distance": 489, "driving_time": 467, "preparation_time": 0, "load_before": [0], "load_after": [0]}, {"type": "service", "id": "1300354000_20", "location_id": "1300354000", "address": {"location_id": "1300354000", "lat": 42.31949844, "lon": -71.0764052}, "arr_time": 1676281725, "arr_date_time": "2023-02-13T04:48:45-05:00", "end_time": 1676282025, "end_date_time": "2023-02-13T04:53:45-05:00", "waiting_time": 0, "distance": 550, "driving_time": 525, "preparation_time": 0, "load_before": [0], "load_after": [0]}, {"type": "service", "id": "1300356000_21", "location_id": "1300356000", "address": {"location_id": "1300356000", "lat": 42.31947392, "lon": -71.07664277}, "arr_time": 1676282044, "arr_date_time": "2023-02-13T04:54:04-05:00", "end_time": 1676282344, "end_date_time": "2023-02-13T04:59:04-05:00", "waiting_time": 0, "distance": 570, "driving_time": 544, "preparation_time": 0, "load_before": [0], "load_after": [0]}, {"type": "service", "id": "1300389020_31", "location_id": "1300389020", "address": {"location_id": "1300389020", "lat": 42.3191146, "lon": -71.07681455}, "arr_time": 1676282360, "arr_date_time": "2023-02-13T04:59:20-05:00", "end_time": 1676282660, "end_date_time": "2023-02-13T05:04:20-05:00", "waiting_time": 0, "distance": 587, "driving_time": 560, "preparation_time": 0, "load_before": [0], "load_after": [0]}, {"type": "service", "id": "1300385030_29", "location_id": "1300385030", "address": {"location_id": "1300385030", "lat": 42.31909214, "lon": -71.07714164}, "arr_time": 1676282685, "arr_date_time": "2023-02-13T05:04:45-05:00", "end_time": 1676282985, "end_date_time": "2023-02-13T05:09:45-05:00", "waiting_time": 0, "distance": 614, "driving_time": 585, "preparation_time": 0, "load_before": [0], "load_after": [0]}, {"type": "service", "id": "1300385020_28", "location_id": "1300385020", "address": {"location_id": "1300385020", "lat": 42.31914862, "lon": -71.07726004}, "arr_time": 1676282995, "arr_date_time": "2023-02-13T05:09:55-05:00", "end_time": 1676283295, "end_date_time": "2023-02-13T05:14:55-05:00", "waiting_time": 0, "distance": 623, "driving_time": 595, "preparation_time": 0, "load_before": [0], "load_after": [0]}, {"type": "service", "id": "1300387020_30", "location_id": "1300387020", "address": {"location_id": "1300387020", "lat": 42.31909973, "lon": -71.07703108}, "arr_time": 1676283312, "arr_date_time": "2023-02-13T05:15:12-05:00", "end_time": 1676283612, "end_date_time": "2023-02-13T05:20:12-05:00", "waiting_time": 0, "distance": 641, "driving_time": 612, "preparation_time": 0, "load_before": [0], "load_after": [0]}, {"type": "service", "id": "1300357010_22", "location_id": "1300357010", "address": {"location_id": "1300357010", "lat": 42.31946637, "lon": -71.07679075}, "arr_time": 1676283639, "arr_date_time": "2023-02-13T05:20:39-05:00", "end_time": 1676283939, "end_date_time": "2023-02-13T05:25:39-05:00", "waiting_time": 0, "distance": 669, "driving_time": 639, "preparation_time": 0, "load_before": [0], "load_after": [0]}, {"type": "service", "id": "1300362010_25", "location_id": "1300362010", "address": {"location_id": "1300362010", "lat": 42.31975339, "lon": -71.07712536}, "arr_time": 1676283971, "arr_date_time": "2023-02-13T05:26:11-05:00", "end_time": 1676284271, "end_date_time": "2023-02-13T05:31:11-05:00", "waiting_time": 0, "distance": 703, "driving_time": 671, "preparation_time": 0, "load_before": [0], "load_after": [0]}, {"type": "service", "id": "1300361010_24", "location_id": "1300361010", "address": {"location_id": "1300361010", "lat": 42.31988187, "lon": -71.07713182}, "arr_time": 1676284276, "arr_date_time": "2023-02-13T05:31:16-05:00", "end_time": 1676284576, "end_date_time": "2023-02-13T05:36:16-05:00", "waiting_time": 0, "distance": 709, "driving_time": 676, "preparation_time": 0, "load_before": [0], "load_after": [0]}, {"type": "service", "id": "1300359010_23", "location_id": "1300359010", "address": {"location_id": "1300359010", "lat": 42.31976703, "lon": -71.07675673}, "arr_time": 1676284583, "arr_date_time": "2023-02-13T05:36:23-05:00", "end_time": 1676284883, "end_date_time": "2023-02-13T05:41:23-05:00", "waiting_time": 0, "distance": 716, "driving_time": 683, "preparation_time": 0, "load_before": [0], "load_after": [0]}, {"type": "service", "id": "1300363010_26", "location_id": "1300363010", "address": {"location_id": "1300363010", "lat": 42.31968013, "lon": -71.07711664}, "arr_time": 1676284889, "arr_date_time": "2023-02-13T05:41:29-05:00", "end_time": 1676285189, "end_date_time": "2023-02-13T05:46:29-05:00", "waiting_time": 0, "distance": 723, "driving_time": 689, "preparation_time": 0, "load_before": [0], "load_after": [0]}, {"type": "service", "id": "1300389030_32", "location_id": "1300389030", "address": {"location_id": "1300389030", "lat": 42.31912155, "lon": -71.0767132}, "arr_time": 1676285281, "arr_date_time": "2023-02-13T05:48:01-05:00", "end_time": 1676285581, "end_date_time": "2023-02-13T05:53:01-05:00", "waiting_time": 0, "distance": 818, "driving_time": 781, "preparation_time": 0, "load_before": [0], "load_after": [0]}, {"type": "service", "id": "1300299010_14", "location_id": "1300299010", "address": {"location_id": "1300299010", "lat": 42.31898004, "lon": -71.07605112}, "arr_time": 1676285625, "arr_date_time": "2023-02-13T05:53:45-05:00", "end_time": 1676285925, "end_date_time": "2023-02-13T05:58:45-05:00", "waiting_time": 0, "distance": 863, "driving_time": 825, "preparation_time": 0, "load_before": [0], "load_after": [0]}, {"type": "service", "id": "1300297010_13", "location_id": "1300297010", "address": {"location_id": "1300297010", "lat": 42.31875742, "lon": -71.07616666}, "arr_time": 1676285979, "arr_date_time": "2023-02-13T05:59:39-05:00", "end_time": 1676286279, "end_date_time": "2023-02-13T06:04:39-05:00", "waiting_time": 0, "distance": 918, "driving_time": 879, "preparation_time": 0, "load_before": [0], "load_after": [0]}, {"type": "service", "id": "1300415020_34", "location_id": "1300415020", "address": {"location_id": "1300415020", "lat": 42.31822042, "lon": -71.07646877}, "arr_time": 1676286339, "arr_date_time": "2023-02-13T06:05:39-05:00", "end_time": 1676286639, "end_date_time": "2023-02-13T06:10:39-05:00", "waiting_time": 0, "distance": 980, "driving_time": 939, "preparation_time": 0, "load_before": [0], "load_after": [0]}, {"type": "service", "id": "1300415030_35", "location_id": "1300415030", "address": {"location_id": "1300415030", "lat": 42.31825901, "lon": -71.07636098}, "arr_time": 1676286647, "arr_date_time": "2023-02-13T06:10:47-05:00", "end_time": 1676286947, "end_date_time": "2023-02-13T06:15:47-05:00", "waiting_time": 0, "distance": 989, "driving_time": 947, "preparation_time": 0, "load_before": [0], "load_after": [0]}, {"type": "service", "id": "1300435010_41", "location_id": "1300435010", "address": {"location_id": "1300435010", "lat": 42.31822042, "lon": -71.07662482}, "arr_time": 1676286968, "arr_date_time": "2023-02-13T06:16:08-05:00", "end_time": 1676287268, "end_date_time": "2023-02-13T06:21:08-05:00", "waiting_time": 0, "distance": 1011, "driving_time": 968, "preparation_time": 0, "load_before": [0], "load_after": [0]}, {"type": "service", "id": "1300434010_40", "location_id": "1300434010", "address": {"location_id": "1300434010", "lat": 42.31820342, "lon": -71.07675298}, "arr_time": 1676287324, "arr_date_time": "2023-02-13T06:22:04-05:00", "end_time": 1676287624, "end_date_time": "2023-02-13T06:27:04-05:00", "waiting_time": 0, "distance": 1069, "driving_time": 1024, "preparation_time": 0, "load_before": [0], "load_after": [0]}, {"type": "service", "id": "1300428000_39", "location_id": "1300428000", "address": {"location_id": "1300428000", "lat": 42.31821155, "lon": -71.07723336}, "arr_time": 1676287663, "arr_date_time": "2023-02-13T06:27:43-05:00", "end_time": 1676287963, "end_date_time": "2023-02-13T06:32:43-05:00", "waiting_time": 0, "distance": 1109, "driving_time": 1063, "preparation_time": 0, "load_before": [0], "load_after": [0]}, {"type": "service", "id": "1300449005_50", "location_id": "1300449005", "address": {"location_id": "1300449005", "lat": 42.31769632, "lon": -71.0776546}, "arr_time": 1676288080, "arr_date_time": "2023-02-13T06:34:40-05:00", "end_time": 1676288380, "end_date_time": "2023-02-13T06:39:40-05:00", "waiting_time": 0, "distance": 1232, "driving_time": 1180, "preparation_time": 0, "load_before": [0], "load_after": [0]}, {"type": "service", "id": "1300447005_49", "location_id": "1300447005", "address": {"location_id": "1300447005", "lat": 42.31754135, "lon": -71.07768091}, "arr_time": 1676288467, "arr_date_time": "2023-02-13T06:41:07-05:00", "end_time": 1676288767, "end_date_time": "2023-02-13T06:46:07-05:00", "waiting_time": 0, "distance": 1323, "driving_time": 1267, "preparation_time": 0, "load_before": [0], "load_after": [0]}, {"type": "service", "id": "1300445005_48", "location_id": "1300445005", "address": {"location_id": "1300445005", "lat": 42.31758187, "lon": -71.07735659}, "arr_time": 1676288792, "arr_date_time": "2023-02-13T06:46:32-05:00", "end_time": 1676289092, "end_date_time": "2023-02-13T06:51:32-05:00", "waiting_time": 0, "distance": 1349, "driving_time": 1292, "preparation_time": 0, "load_before": [0], "load_after": [0]}, {"type": "service", "id": "1300444010_47", "location_id": "1300444010", "address": {"location_id": "1300444010", "lat": 42.31749786, "lon": -71.07715692}, "arr_time": 1676289109, "arr_date_time": "2023-02-13T06:51:49-05:00", "end_time": 1676289409, "end_date_time": "2023-02-13T06:56:49-05:00", "waiting_time": 0, "distance": 1366, "driving_time": 1309, "preparation_time": 0, "load_before": [0], "load_after": [0]}, {"type": "service", "id": "1300441000_45", "location_id": "1300441000", "address": {"location_id": "1300441000", "lat": 42.317461, "lon": -71.07685371}, "arr_time": 1676289433, "arr_date_time": "2023-02-13T06:57:13-05:00", "end_time": 1676289733, "end_date_time": "2023-02-13T07:02:13-05:00", "waiting_time": 0, "distance": 1391, "driving_time": 1333, "preparation_time": 0, "load_before": [0], "load_after": [0]}, {"type": "service", "id": "1300438010_44", "location_id": "1300438010", "address": {"location_id": "1300438010", "lat": 42.31745758, "lon": -71.07665362}, "arr_time": 1676289749, "arr_date_time": "2023-02-13T07:02:29-05:00", "end_time": 1676290049, "end_date_time": "2023-02-13T07:07:29-05:00", "waiting_time": 0, "distance": 1407, "driving_time": 1349, "preparation_time": 0, "load_before": [0], "load_after": [0]}, {"type": "service", "id": "1300437000_43", "location_id": "1300437000", "address": {"location_id": "1300437000", "lat": 42.31761334, "lon": -71.07660121}, "arr_time": 1676290123, "arr_date_time": "2023-02-13T07:08:43-05:00", "end_time": 1676290423, "end_date_time": "2023-02-13T07:13:43-05:00", "waiting_time": 0, "distance": 1484, "driving_time": 1423, "preparation_time": 0, "load_before": [0], "load_after": [0]}, {"type": "service", "id": "1300418020_37", "location_id": "1300418020", "address": {"location_id": "1300418020", "lat": 42.31782231, "lon": -71.076543}, "arr_time": 1676290424, "arr_date_time": "2023-02-13T07:13:44-05:00", "end_time": 1676290724, "end_date_time": "2023-02-13T07:18:44-05:00", "waiting_time": 0, "distance": 1485, "driving_time": 1424, "preparation_time": 0, "load_before": [0], "load_after": [0]}, {"type": "service", "id": "1300418040_38", "location_id": "1300418040", "address": {"location_id": "1300418040", "lat": 42.31787132, "lon": -71.0768673}, "arr_time": 1676290748, "arr_date_time": "2023-02-13T07:19:08-05:00", "end_time": 1676291048, "end_date_time": "2023-02-13T07:24:08-05:00", "waiting_time": 0, "distance": 1511, "driving_time": 1448, "preparation_time": 0, "load_before": [0], "load_after": [0]}, {"type": "service", "id": "1300442010_46", "location_id": "1300442010", "address": {"location_id": "1300442010", "lat": 42.31762402, "lon": -71.07697961}, "arr_time": 1676291053, "arr_date_time": "2023-02-13T07:24:13-05:00", "end_time": 1676291353, "end_date_time": "2023-02-13T07:29:13-05:00", "waiting_time": 0, "distance": 1516, "driving_time": 1453, "preparation_time": 0, "load_before": [0], "load_after": [0]}, {"type": "service", "id": "1300416010_36", "location_id": "1300416010", "address": {"location_id": "1300416010", "lat": 42.3179244, "lon": -71.07649216}, "arr_time": 1676291427, "arr_date_time": "2023-02-13T07:30:27-05:00", "end_time": 1676291727, "end_date_time": "2023-02-13T07:35:27-05:00", "waiting_time": 0, "distance": 1593, "driving_time": 1527, "preparation_time": 0, "load_before": [0], "load_after": [0]}, {"type": "service", "id": "1300435020_42", "location_id": "1300435020", "address": {"location_id": "1300435020", "lat": 42.31805883, "lon": -71.0765056}, "arr_time": 1676291740, "arr_date_time": "2023-02-13T07:35:40-05:00", "end_time": 1676292040, "end_date_time": "2023-02-13T07:40:40-05:00", "waiting_time": 0, "distance": 1607, "driving_time": 1540, "preparation_time": 0, "load_before": [0], "load_after": [0]}, {"type": "service", "id": "1300415010_33", "location_id": "1300415010", "address": {"location_id": "1300415010", "lat": 42.31813927, "lon": -71.07648649}, "arr_time": 1676292048, "arr_date_time": "2023-02-13T07:40:48-05:00", "end_time": 1676292348, "end_date_time": "2023-02-13T07:45:48-05:00", "waiting_time": 0, "distance": 1616, "driving_time": 1548, "preparation_time": 0, "load_before": [0], "load_after": [0]}, {"type": "service", "id": "1300291000_12", "location_id": "1300291000", "address": {"location_id": "1300291000", "lat": 42.3186861, "lon": -71.07529743}, "arr_time": 1676292472, "arr_date_time": "2023-02-13T07:47:52-05:00", "end_time": 1676292772, "end_date_time": "2023-02-13T07:52:52-05:00", "waiting_time": 0, "distance": 1745, "driving_time": 1672, "preparation_time": 0, "load_before": [0], "load_after": [0]}, {"type": "service", "id": "1300270010_09", "location_id": "1300270010", "address": {"location_id": "1300270010", "lat": 42.31842693, "lon": -71.07487148}, "arr_time": 1676292827, "arr_date_time": "2023-02-13T07:53:47-05:00", "end_time": 1676293127, "end_date_time": "2023-02-13T07:58:47-05:00", "waiting_time": 0, "distance": 1802, "driving_time": 1727, "preparation_time": 0, "load_before": [0], "load_after": [0]}, {"type": "service", "id": "1300268000_08", "location_id": "1300268000", "address": {"location_id": "1300268000", "lat": 42.31836317, "lon": -71.07471809}, "arr_time": 1676293145, "arr_date_time": "2023-02-13T07:59:05-05:00", "end_time": 1676293445, "end_date_time": "2023-02-13T08:04:05-05:00", "waiting_time": 0, "distance": 1822, "driving_time": 1745, "preparation_time": 0, "load_before": [0], "load_after": [0]}, {"type": "service", "id": "1300267000_07", "location_id": "1300267000", "address": {"location_id": "1300267000", "lat": 42.31831894, "lon": -71.07456709}, "arr_time": 1676293468, "arr_date_time": "2023-02-13T08:04:28-05:00", "end_time": 1676293768, "end_date_time": "2023-02-13T08:09:28-05:00", "waiting_time": 0, "distance": 1846, "driving_time": 1768, "preparation_time": 0, "load_before": [0], "load_after": [0]}, {"type": "service", "id": "1300266000_06", "location_id": "1300266000", "address": {"location_id": "1300266000", "lat": 42.31837285, "lon": -71.074411}, "arr_time": 1676293801, "arr_date_time": "2023-02-13T08:10:01-05:00", "end_time": 1676294101, "end_date_time": "2023-02-13T08:15:01-05:00", "waiting_time": 0, "distance": 1881, "driving_time": 1801, "preparation_time": 0, "load_before": [0], "load_after": [0]}, {"type": "service", "id": "1300125000_02", "location_id": "1300125000", "address": {"location_id": "1300125000", "lat": 42.31877473, "lon": -71.07399739}, "arr_time": 1676294164, "arr_date_time": "2023-02-13T08:16:04-05:00", "end_time": 1676294464, "end_date_time": "2023-02-13T08:21:04-05:00", "waiting_time": 0, "distance": 1947, "driving_time": 1864, "preparation_time": 0, "load_before": [0], "load_after": [0]}, {"type": "service", "id": "1300284000_11", "location_id": "1300284000", "address": {"location_id": "1300284000", "lat": 42.3186485, "lon": -71.07440658}, "arr_time": 1676294480, "arr_date_time": "2023-02-13T08:21:20-05:00", "end_time": 1676294780, "end_date_time": "2023-02-13T08:26:20-05:00", "waiting_time": 0, "distance": 1964, "driving_time": 1880, "preparation_time": 0, "load_before": [0], "load_after": [0]}, {"type": "service", "id": "1300281000_10", "location_id": "1300281000", "address": {"location_id": "1300281000", "lat": 42.31882826, "lon": -71.07473982}, "arr_time": 1676294812, "arr_date_time": "2023-02-13T08:26:52-05:00", "end_time": 1676295112, "end_date_time": "2023-02-13T08:31:52-05:00", "waiting_time": 0, "distance": 1998, "driving_time": 1912, "preparation_time": 0, "load_before": [0], "load_after": [0]}, {"type": "service", "id": "1300493000_51", "location_id": "1300493000", "address": {"location_id": "1300493000", "lat": 42.31763264, "lon": -71.07468547}, "arr_time": 1676295300, "arr_date_time": "2023-02-13T08:35:00-05:00", "end_time": 1676295600, "end_date_time": "2023-02-13T08:40:00-05:00", "waiting_time": 0, "distance": 2194, "driving_time": 2100, "preparation_time": 0, "load_before": [0], "load_after": [0]}, {"type": "service", "id": "1300177000_04", "location_id": "1300177000", "address": {"location_id": "1300177000", "lat": 42.31789074, "lon": -71.0733058}, "arr_time": 1676295752, "arr_date_time": "2023-02-13T08:42:32-05:00", "end_time": 1676296052, "end_date_time": "2023-02-13T08:47:32-05:00", "waiting_time": 0, "distance": 2353, "driving_time": 2252, "preparation_time": 0, "load_before": [0], "load_after": [0]}, {"type": "service", "id": "1300539000_52", "location_id": "1300539000", "address": {"location_id": "1300539000", "lat": 42.31765048, "lon": -71.0737055}, "arr_time": 1676296079, "arr_date_time": "2023-02-13T08:47:59-05:00", "end_time": 1676296379, "end_date_time": "2023-02-13T08:52:59-05:00", "waiting_time": 0, "distance": 2381, "driving_time": 2279, "preparation_time": 0, "load_before": [0], "load_after": [0]}, {"type": "service", "id": "1300543001_53", "location_id": "1300543001", "address": {"location_id": "1300543001", "lat": 42.3172764, "lon": -71.0734383}, "arr_time": 1676296428, "arr_date_time": "2023-02-13T08:53:48-05:00", "end_time": 1676296728, "end_date_time": "2023-02-13T08:58:48-05:00", "waiting_time": 0, "distance": 2433, "driving_time": 2328, "preparation_time": 0, "load_before": [0], "load_after": [0]}, {"type": "service", "id": "1300545000_54", "location_id": "1300545000", "address": {"location_id": "1300545000", "lat": 42.31702651, "lon": -71.07328864}, "arr_time": 1676296757, "arr_date_time": "2023-02-13T08:59:17-05:00", "end_time": 1676297057, "end_date_time": "2023-02-13T09:04:17-05:00", "waiting_time": 0, "distance": 2463, "driving_time": 2357, "preparation_time": 0, "load_before": [0], "load_after": [0]}, {"type": "service", "id": "1300204000_05", "location_id": "1300204000", "address": {"location_id": "1300204000", "lat": 42.31762938, "lon": -71.0726583}, "arr_time": 1676297131, "arr_date_time": "2023-02-13T09:05:31-05:00", "end_time": 1676297431, "end_date_time": "2023-02-13T09:10:31-05:00", "waiting_time": 0, "distance": 2539, "driving_time": 2431, "preparation_time": 0, "load_before": [0], "load_after": [0]}]}], "unassigned": {"services": [], "shipments": [], "breaks": [], "details": []}}}