{"copyrights": ["GraphHopper", "OpenStreetMap contributors"], "job_id": "aed03a5c-9426-4bc7-a08c-4eaf2224493b", "status": "finished", "waiting_time_in_queue": 0, "processing_time": 136, "solution": {"costs": 335, "distance": 2550, "time": 2447, "transport_time": 2447, "completion_time": 16847, "max_operation_time": 16847, "waiting_time": 0, "service_duration": 14400, "preparation_time": 0, "no_vehicles": 1, "no_unassigned": 0, "routes": [{"vehicle_id": "my_vehicle", "shift_id": "default-shift", "distance": 2550, "transport_time": 2447, "completion_time": 16847, "waiting_time": 0, "service_duration": 14400, "preparation_time": 0, "activities": [{"type": "start", "location_id": "1701092000", "address": {"location_id": "1701092000", "lat": 42.29648772, "lon": -71.06679949}, "arr_time": 1676278800, "arr_date_time": "2023-02-13T04:00:00-05:00", "end_time": 1676278800, "end_date_time": "2023-02-13T04:00:00-05:00", "waiting_time": 0, "distance": 0, "driving_time": 0, "preparation_time": 0, "load_after": [0]}, {"type": "service", "id": "1701124000_48", "location_id": "1701124000", "address": {"location_id": "1701124000", "lat": 42.29635933, "lon": -71.06824607}, "arr_time": 1676278949, "arr_date_time": "2023-02-13T04:02:29-05:00", "end_time": 1676279249, "end_date_time": "2023-02-13T04:07:29-05:00", "waiting_time": 0, "distance": 155, "driving_time": 149, "preparation_time": 0, "load_before": [0], "load_after": [0]}, {"type": "service", "id": "1701123000_47", "location_id": "1701123000", "address": {"location_id": "1701123000", "lat": 42.2963226, "lon": -71.06838237}, "arr_time": 1676279261, "arr_date_time": "2023-02-13T04:07:41-05:00", "end_time": 1676279561, "end_date_time": "2023-02-13T04:12:41-05:00", "waiting_time": 0, "distance": 167, "driving_time": 161, "preparation_time": 0, "load_before": [0], "load_after": [0]}, {"type": "service", "id": "1701116000_46", "location_id": "1701116000", "address": {"location_id": "1701116000", "lat": 42.29598858, "lon": -71.0696261}, "arr_time": 1676279665, "arr_date_time": "2023-02-13T04:14:25-05:00", "end_time": 1676279965, "end_date_time": "2023-02-13T04:19:25-05:00", "waiting_time": 0, "distance": 276, "driving_time": 265, "preparation_time": 0, "load_before": [0], "load_after": [0]}, {"type": "service", "id": "1701111000_45", "location_id": "1701111000", "address": {"location_id": "1701111000", "lat": 42.29577126, "lon": -71.0696286}, "arr_time": 1676280096, "arr_date_time": "2023-02-13T04:21:36-05:00", "end_time": 1676280396, "end_date_time": "2023-02-13T04:26:36-05:00", "waiting_time": 0, "distance": 412, "driving_time": 396, "preparation_time": 0, "load_before": [0], "load_after": [0]}, {"type": "service", "id": "1701042000_31", "location_id": "1701042000", "address": {"location_id": "1701042000", "lat": 42.29558391, "lon": -71.06913322}, "arr_time": 1676280427, "arr_date_time": "2023-02-13T04:27:07-05:00", "end_time": 1676280727, "end_date_time": "2023-02-13T04:32:07-05:00", "waiting_time": 0, "distance": 444, "driving_time": 427, "preparation_time": 0, "load_before": [0], "load_after": [0]}, {"type": "service", "id": "1701043000_32", "location_id": "1701043000", "address": {"location_id": "1701043000", "lat": 42.29561719, "lon": -71.06900301}, "arr_time": 1676280737, "arr_date_time": "2023-02-13T04:32:17-05:00", "end_time": 1676281037, "end_date_time": "2023-02-13T04:37:17-05:00", "waiting_time": 0, "distance": 455, "driving_time": 437, "preparation_time": 0, "load_before": [0], "load_after": [0]}, {"type": "service", "id": "1701105000_44", "location_id": "1701105000", "address": {"location_id": "1701105000", "lat": 42.29598484, "lon": -71.06883542}, "arr_time": 1676281065, "arr_date_time": "2023-02-13T04:37:45-05:00", "end_time": 1676281365, "end_date_time": "2023-02-13T04:42:45-05:00", "waiting_time": 0, "distance": 484, "driving_time": 465, "preparation_time": 0, "load_before": [0], "load_after": [0]}, {"type": "service", "id": "1701101000_43", "location_id": "1701101000", "address": {"location_id": "1701101000", "lat": 42.29611569, "lon": -71.06834884}, "arr_time": 1676281407, "arr_date_time": "2023-02-13T04:43:27-05:00", "end_time": 1676281707, "end_date_time": "2023-02-13T04:48:27-05:00", "waiting_time": 0, "distance": 527, "driving_time": 507, "preparation_time": 0, "load_before": [0], "load_after": [0]}, {"type": "service", "id": "1701099000_42", "location_id": "1701099000", "address": {"location_id": "1701099000", "lat": 42.29621414, "lon": -71.06798372}, "arr_time": 1676281736, "arr_date_time": "2023-02-13T04:48:56-05:00", "end_time": 1676282036, "end_date_time": "2023-02-13T04:53:56-05:00", "waiting_time": 0, "distance": 558, "driving_time": 536, "preparation_time": 0, "load_before": [0], "load_after": [0]}, {"type": "service", "id": "1701050000_33", "location_id": "1701050000", "address": {"location_id": "1701050000", "lat": 42.29593786, "lon": -71.06779282}, "arr_time": 1676282041, "arr_date_time": "2023-02-13T04:54:01-05:00", "end_time": 1676282341, "end_date_time": "2023-02-13T04:59:01-05:00", "waiting_time": 0, "distance": 563, "driving_time": 541, "preparation_time": 0, "load_before": [0], "load_after": [0]}, {"type": "service", "id": "1701051000_34", "location_id": "1701051000", "address": {"location_id": "1701051000", "lat": 42.29599455, "lon": -71.067585}, "arr_time": 1676282359, "arr_date_time": "2023-02-13T04:59:19-05:00", "end_time": 1676282659, "end_date_time": "2023-02-13T05:04:19-05:00", "waiting_time": 0, "distance": 581, "driving_time": 559, "preparation_time": 0, "load_before": [0], "load_after": [0]}, {"type": "service", "id": "1701096000_41", "location_id": "1701096000", "address": {"location_id": "1701096000", "lat": 42.2963244, "lon": -71.06757336}, "arr_time": 1676282671, "arr_date_time": "2023-02-13T05:04:31-05:00", "end_time": 1676282971, "end_date_time": "2023-02-13T05:09:31-05:00", "waiting_time": 0, "distance": 593, "driving_time": 571, "preparation_time": 0, "load_before": [0], "load_after": [0]}, {"type": "service", "id": "1701052000_35", "location_id": "1701052000", "address": {"location_id": "1701052000", "lat": 42.2960228, "lon": -71.06735771}, "arr_time": 1676283020, "arr_date_time": "2023-02-13T05:10:20-05:00", "end_time": 1676283320, "end_date_time": "2023-02-13T05:15:20-05:00", "waiting_time": 0, "distance": 645, "driving_time": 620, "preparation_time": 0, "load_before": [0], "load_after": [0]}, {"type": "service", "id": "1701053000_36", "location_id": "1701053000", "address": {"location_id": "1701053000", "lat": 42.29587175, "lon": -71.06738399}, "arr_time": 1676283336, "arr_date_time": "2023-02-13T05:15:36-05:00", "end_time": 1676283636, "end_date_time": "2023-02-13T05:20:36-05:00", "waiting_time": 0, "distance": 662, "driving_time": 636, "preparation_time": 0, "load_before": [0], "load_after": [0]}, {"type": "service", "id": "1701086000_40", "location_id": "1701086000", "address": {"location_id": "1701086000", "lat": 42.29574465, "lon": -71.06679758}, "arr_time": 1676283655, "arr_date_time": "2023-02-13T05:20:55-05:00", "end_time": 1676283955, "end_date_time": "2023-02-13T05:25:55-05:00", "waiting_time": 0, "distance": 681, "driving_time": 655, "preparation_time": 0, "load_before": [0], "load_after": [0]}, {"type": "service", "id": "1701085000_39", "location_id": "1701085000", "address": {"location_id": "1701085000", "lat": 42.29560995, "lon": -71.06677051}, "arr_time": 1676283969, "arr_date_time": "2023-02-13T05:26:09-05:00", "end_time": 1676284269, "end_date_time": "2023-02-13T05:31:09-05:00", "waiting_time": 0, "distance": 696, "driving_time": 669, "preparation_time": 0, "load_before": [0], "load_after": [0]}, {"type": "service", "id": "1701010000_24", "location_id": "1701010000", "address": {"location_id": "1701010000", "lat": 42.29566869, "lon": -71.0675853}, "arr_time": 1676284312, "arr_date_time": "2023-02-13T05:31:52-05:00", "end_time": 1676284612, "end_date_time": "2023-02-13T05:36:52-05:00", "waiting_time": 0, "distance": 741, "driving_time": 712, "preparation_time": 0, "load_before": [0], "load_after": [0]}, {"type": "service", "id": "1701013000_25", "location_id": "1701013000", "address": {"location_id": "1701013000", "lat": 42.29552387, "lon": -71.06827217}, "arr_time": 1676284668, "arr_date_time": "2023-02-13T05:37:48-05:00", "end_time": 1676284968, "end_date_time": "2023-02-13T05:42:48-05:00", "waiting_time": 0, "distance": 799, "driving_time": 768, "preparation_time": 0, "load_before": [0], "load_after": [0]}, {"type": "service", "id": "1700993000_15", "location_id": "1700993000", "address": {"location_id": "1700993000", "lat": 42.29497468, "lon": -71.06803653}, "arr_time": 1676285025, "arr_date_time": "2023-02-13T05:43:45-05:00", "end_time": 1676285325, "end_date_time": "2023-02-13T05:48:45-05:00", "waiting_time": 0, "distance": 858, "driving_time": 825, "preparation_time": 0, "load_before": [0], "load_after": [0]}, {"type": "service", "id": "1700995000_16", "location_id": "1700995000", "address": {"location_id": "1700995000", "lat": 42.29508143, "lon": -71.06761011}, "arr_time": 1676285360, "arr_date_time": "2023-02-13T05:49:20-05:00", "end_time": 1676285660, "end_date_time": "2023-02-13T05:54:20-05:00", "waiting_time": 0, "distance": 894, "driving_time": 860, "preparation_time": 0, "load_before": [0], "load_after": [0]}, {"type": "service", "id": "1700996000_17", "location_id": "1700996000", "address": {"location_id": "1700996000", "lat": 42.29519645, "lon": -71.06740591}, "arr_time": 1676285679, "arr_date_time": "2023-02-13T05:54:39-05:00", "end_time": 1676285979, "end_date_time": "2023-02-13T05:59:39-05:00", "waiting_time": 0, "distance": 914, "driving_time": 879, "preparation_time": 0, "load_before": [0], "load_after": [0]}, {"type": "service", "id": "1700997000_18", "location_id": "1700997000", "address": {"location_id": "1700997000", "lat": 42.29525237, "lon": -71.06717793}, "arr_time": 1676286039, "arr_date_time": "2023-02-13T06:00:39-05:00", "end_time": 1676286339, "end_date_time": "2023-02-13T06:05:39-05:00", "waiting_time": 0, "distance": 977, "driving_time": 939, "preparation_time": 0, "load_before": [0], "load_after": [0]}, {"type": "service", "id": "1701083000_38", "location_id": "1701083000", "address": {"location_id": "1701083000", "lat": 42.29535778, "lon": -71.06670587}, "arr_time": 1676286339, "arr_date_time": "2023-02-13T06:05:39-05:00", "end_time": 1676286639, "end_date_time": "2023-02-13T06:10:39-05:00", "waiting_time": 0, "distance": 977, "driving_time": 939, "preparation_time": 0, "load_before": [0], "load_after": [0]}, {"type": "service", "id": "1700999000_19", "location_id": "1700999000", "address": {"location_id": "1700999000", "lat": 42.29486226, "lon": -71.06699833}, "arr_time": 1676286683, "arr_date_time": "2023-02-13T06:11:23-05:00", "end_time": 1676286983, "end_date_time": "2023-02-13T06:16:23-05:00", "waiting_time": 0, "distance": 1023, "driving_time": 983, "preparation_time": 0, "load_before": [0], "load_after": [0]}, {"type": "service", "id": "1701079000_37", "location_id": "1701079000", "address": {"location_id": "1701079000", "lat": 42.29490773, "lon": -71.06646465}, "arr_time": 1676287036, "arr_date_time": "2023-02-13T06:17:16-05:00", "end_time": 1676287336, "end_date_time": "2023-02-13T06:22:16-05:00", "waiting_time": 0, "distance": 1078, "driving_time": 1036, "preparation_time": 0, "load_before": [0], "load_after": [0]}, {"type": "service", "id": "1701001000_20", "location_id": "1701001000", "address": {"location_id": "1701001000", "lat": 42.29475207, "lon": -71.06740885}, "arr_time": 1676287412, "arr_date_time": "2023-02-13T06:23:32-05:00", "end_time": 1676287712, "end_date_time": "2023-02-13T06:28:32-05:00", "waiting_time": 0, "distance": 1157, "driving_time": 1112, "preparation_time": 0, "load_before": [0], "load_after": [0]}, {"type": "service", "id": "1700969000_09", "location_id": "1700969000", "address": {"location_id": "1700969000", "lat": 42.29427436, "lon": -71.06940925}, "arr_time": 1676287877, "arr_date_time": "2023-02-13T06:31:17-05:00", "end_time": 1676288177, "end_date_time": "2023-02-13T06:36:17-05:00", "waiting_time": 0, "distance": 1330, "driving_time": 1277, "preparation_time": 0, "load_before": [0], "load_after": [0]}, {"type": "service", "id": "1700962000_08", "location_id": "1700962000", "address": {"location_id": "1700962000", "lat": 42.29380556, "lon": -71.06873576}, "arr_time": 1676288237, "arr_date_time": "2023-02-13T06:37:17-05:00", "end_time": 1676288537, "end_date_time": "2023-02-13T06:42:17-05:00", "waiting_time": 0, "distance": 1392, "driving_time": 1337, "preparation_time": 0, "load_before": [0], "load_after": [0]}, {"type": "service", "id": "1701006000_21", "location_id": "1701006000", "address": {"location_id": "1701006000", "lat": 42.2944204, "lon": -71.06866129}, "arr_time": 1676288648, "arr_date_time": "2023-02-13T06:44:08-05:00", "end_time": 1676288948, "end_date_time": "2023-02-13T06:49:08-05:00", "waiting_time": 0, "distance": 1507, "driving_time": 1448, "preparation_time": 0, "load_before": [0], "load_after": [0]}, {"type": "service", "id": "1701007000_22", "location_id": "1701007000", "address": {"location_id": "1701007000", "lat": 42.29466559, "lon": -71.06864679}, "arr_time": 1676288972, "arr_date_time": "2023-02-13T06:49:32-05:00", "end_time": 1676289272, "end_date_time": "2023-02-13T06:54:32-05:00", "waiting_time": 0, "distance": 1532, "driving_time": 1472, "preparation_time": 0, "load_before": [0], "load_after": [0]}, {"type": "service", "id": "1700988000_14", "location_id": "1700988000", "address": {"location_id": "1700988000", "lat": 42.2946188, "lon": -71.06929934}, "arr_time": 1676289284, "arr_date_time": "2023-02-13T06:54:44-05:00", "end_time": 1676289584, "end_date_time": "2023-02-13T06:59:44-05:00", "waiting_time": 0, "distance": 1545, "driving_time": 1484, "preparation_time": 0, "load_before": [0], "load_after": [0]}, {"type": "service", "id": "1701008000_23", "location_id": "1701008000", "address": {"location_id": "1701008000", "lat": 42.29478806, "lon": -71.06867201}, "arr_time": 1676289584, "arr_date_time": "2023-02-13T06:59:44-05:00", "end_time": 1676289884, "end_date_time": "2023-02-13T07:04:44-05:00", "waiting_time": 0, "distance": 1546, "driving_time": 1484, "preparation_time": 0, "load_before": [0], "load_after": [0]}, {"type": "service", "id": "1700987000_13", "location_id": "1700987000", "address": {"location_id": "1700987000", "lat": 42.29485114, "lon": -71.06929217}, "arr_time": 1676289907, "arr_date_time": "2023-02-13T07:05:07-05:00", "end_time": 1676290207, "end_date_time": "2023-02-13T07:10:07-05:00", "waiting_time": 0, "distance": 1570, "driving_time": 1507, "preparation_time": 0, "load_before": [0], "load_after": [0]}, {"type": "service", "id": "1701018000_26", "location_id": "1701018000", "address": {"location_id": "1701018000", "lat": 42.29525141, "lon": -71.06931686}, "arr_time": 1676290224, "arr_date_time": "2023-02-13T07:10:24-05:00", "end_time": 1676290524, "end_date_time": "2023-02-13T07:15:24-05:00", "waiting_time": 0, "distance": 1588, "driving_time": 1524, "preparation_time": 0, "load_before": [0], "load_after": [0]}, {"type": "service", "id": "1701019010_27", "location_id": "1701019010", "address": {"location_id": "1701019010", "lat": 42.29517725, "lon": -71.06951134}, "arr_time": 1676290541, "arr_date_time": "2023-02-13T07:15:41-05:00", "end_time": 1676290841, "end_date_time": "2023-02-13T07:20:41-05:00", "waiting_time": 0, "distance": 1606, "driving_time": 1541, "preparation_time": 0, "load_before": [0], "load_after": [0]}, {"type": "service", "id": "1700986000_12", "location_id": "1700986000", "address": {"location_id": "1700986000", "lat": 42.29480352, "lon": -71.06948633}, "arr_time": 1676290851, "arr_date_time": "2023-02-13T07:20:51-05:00", "end_time": 1676291151, "end_date_time": "2023-02-13T07:25:51-05:00", "waiting_time": 0, "distance": 1615, "driving_time": 1551, "preparation_time": 0, "load_before": [0], "load_after": [0]}, {"type": "service", "id": "1701019020_28", "location_id": "1701019020", "address": {"location_id": "1701019020", "lat": 42.29512935, "lon": -71.06972042}, "arr_time": 1676291159, "arr_date_time": "2023-02-13T07:25:59-05:00", "end_time": 1676291459, "end_date_time": "2023-02-13T07:30:59-05:00", "waiting_time": 0, "distance": 1624, "driving_time": 1559, "preparation_time": 0, "load_before": [0], "load_after": [0]}, {"type": "service", "id": "1700985000_11", "location_id": "1700985000", "address": {"location_id": "1700985000", "lat": 42.29457801, "lon": -71.06963506}, "arr_time": 1676291468, "arr_date_time": "2023-02-13T07:31:08-05:00", "end_time": 1676291768, "end_date_time": "2023-02-13T07:36:08-05:00", "waiting_time": 0, "distance": 1634, "driving_time": 1568, "preparation_time": 0, "load_before": [0], "load_after": [0]}, {"type": "service", "id": "1701020000_29", "location_id": "1701020000", "address": {"location_id": "1701020000", "lat": 42.29508949, "lon": -71.07001155}, "arr_time": 1676291781, "arr_date_time": "2023-02-13T07:36:21-05:00", "end_time": 1676292081, "end_date_time": "2023-02-13T07:41:21-05:00", "waiting_time": 0, "distance": 1648, "driving_time": 1581, "preparation_time": 0, "load_before": [0], "load_after": [0]}, {"type": "service", "id": "1701022000_30", "location_id": "1701022000", "address": {"location_id": "1701022000", "lat": 42.2949437, "lon": -71.07064293}, "arr_time": 1676292133, "arr_date_time": "2023-02-13T07:42:13-05:00", "end_time": 1676292433, "end_date_time": "2023-02-13T07:47:13-05:00", "waiting_time": 0, "distance": 1702, "driving_time": 1633, "preparation_time": 0, "load_before": [0], "load_after": [0]}, {"type": "service", "id": "1700981000_10", "location_id": "1700981000", "address": {"location_id": "1700981000", "lat": 42.29451531, "lon": -71.07063293}, "arr_time": 1676292447, "arr_date_time": "2023-02-13T07:47:27-05:00", "end_time": 1676292747, "end_date_time": "2023-02-13T07:52:27-05:00", "waiting_time": 0, "distance": 1715, "driving_time": 1647, "preparation_time": 0, "load_before": [0], "load_after": [0]}, {"type": "service", "id": "1700956000_07", "location_id": "1700956000", "address": {"location_id": "1700956000", "lat": 42.29335585, "lon": -71.07080058}, "arr_time": 1676292956, "arr_date_time": "2023-02-13T07:55:56-05:00", "end_time": 1676293256, "end_date_time": "2023-02-13T08:00:56-05:00", "waiting_time": 0, "distance": 1933, "driving_time": 1856, "preparation_time": 0, "load_before": [0], "load_after": [0]}, {"type": "service", "id": "1700951000_04", "location_id": "1700951000", "address": {"location_id": "1700951000", "lat": 42.29316751, "lon": -71.07128194}, "arr_time": 1676293321, "arr_date_time": "2023-02-13T08:02:01-05:00", "end_time": 1676293621, "end_date_time": "2023-02-13T08:07:01-05:00", "waiting_time": 0, "distance": 2001, "driving_time": 1921, "preparation_time": 0, "load_before": [0], "load_after": [0]}, {"type": "service", "id": "1700952000_05", "location_id": "1700952000", "address": {"location_id": "1700952000", "lat": 42.29304497, "lon": -71.07129063}, "arr_time": 1676293633, "arr_date_time": "2023-02-13T08:07:13-05:00", "end_time": 1676293933, "end_date_time": "2023-02-13T08:12:13-05:00", "waiting_time": 0, "distance": 2014, "driving_time": 1933, "preparation_time": 0, "load_before": [0], "load_after": [0]}, {"type": "service", "id": "1700953000_06", "location_id": "1700953000", "address": {"location_id": "1700953000", "lat": 42.29286464, "lon": -71.07122126}, "arr_time": 1676293944, "arr_date_time": "2023-02-13T08:12:24-05:00", "end_time": 1676294244, "end_date_time": "2023-02-13T08:17:24-05:00", "waiting_time": 0, "distance": 2025, "driving_time": 1944, "preparation_time": 0, "load_before": [0], "load_after": [0]}, {"type": "service", "id": "1700941000_03", "location_id": "1700941000", "address": {"location_id": "1700941000", "lat": 42.29279916, "lon": -71.0705123}, "arr_time": 1676294577, "arr_date_time": "2023-02-13T08:22:57-05:00", "end_time": 1676294877, "end_date_time": "2023-02-13T08:27:57-05:00", "waiting_time": 0, "distance": 2373, "driving_time": 2277, "preparation_time": 0, "load_before": [0], "load_after": [0]}, {"type": "service", "id": "1700933000_02", "location_id": "1700933000", "address": {"location_id": "1700933000", "lat": 42.29331602, "lon": -71.06893193}, "arr_time": 1676295012, "arr_date_time": "2023-02-13T08:30:12-05:00", "end_time": 1676295312, "end_date_time": "2023-02-13T08:35:12-05:00", "waiting_time": 0, "distance": 2513, "driving_time": 2412, "preparation_time": 0, "load_before": [0], "load_after": [0]}, {"type": "service", "id": "1700931000_01", "location_id": "1700931000", "address": {"location_id": "1700931000", "lat": 42.29344032, "lon": -71.06851954}, "arr_time": 1676295347, "arr_date_time": "2023-02-13T08:35:47-05:00", "end_time": 1676295647, "end_date_time": "2023-02-13T08:40:47-05:00", "waiting_time": 0, "distance": 2550, "driving_time": 2447, "preparation_time": 0, "load_before": [0], "load_after": [0]}]}], "unassigned": {"services": [], "shipments": [], "breaks": [], "details": []}}}