{"copyrights": ["GraphHopper", "OpenStreetMap contributors"], "job_id": "4012955d-a962-42dc-a8ba-42361992f8a5", "status": "finished", "waiting_time_in_queue": 0, "processing_time": 146, "solution": {"costs": 318, "distance": 1854, "time": 1783, "transport_time": 1783, "completion_time": 14683, "max_operation_time": 14683, "waiting_time": 0, "service_duration": 12900, "preparation_time": 0, "no_vehicles": 1, "no_unassigned": 0, "routes": [{"vehicle_id": "my_vehicle", "shift_id": "default-shift", "distance": 1854, "transport_time": 1783, "completion_time": 14683, "waiting_time": 0, "service_duration": 12900, "preparation_time": 0, "activities": [{"type": "start", "location_id": "1701760000", "address": {"location_id": "1701760000", "lat": 42.28482187, "lon": -71.07301682}, "arr_time": 1676278800, "arr_date_time": "2023-02-13T04:00:00-05:00", "end_time": 1676278800, "end_date_time": "2023-02-13T04:00:00-05:00", "waiting_time": 0, "distance": 0, "driving_time": 0, "preparation_time": 0, "load_after": [0]}, {"type": "service", "id": "1701763000_03", "location_id": "1701763000", "address": {"location_id": "1701763000", "lat": 42.28472082, "lon": -71.07349833}, "arr_time": 1676278840, "arr_date_time": "2023-02-13T04:00:40-05:00", "end_time": 1676279140, "end_date_time": "2023-02-13T04:05:40-05:00", "waiting_time": 0, "distance": 41, "driving_time": 40, "preparation_time": 0, "load_before": [0], "load_after": [0]}, {"type": "service", "id": "1701774000_06", "location_id": "1701774000", "address": {"location_id": "1701774000", "lat": 42.28430892, "lon": -71.07550737}, "arr_time": 1676279332, "arr_date_time": "2023-02-13T04:08:52-05:00", "end_time": 1676279632, "end_date_time": "2023-02-13T04:13:52-05:00", "waiting_time": 0, "distance": 242, "driving_time": 232, "preparation_time": 0, "load_before": [0], "load_after": [0]}, {"type": "service", "id": "1701772000_05", "location_id": "1701772000", "address": {"location_id": "1701772000", "lat": 42.28441562, "lon": -71.07497126}, "arr_time": 1676279633, "arr_date_time": "2023-02-13T04:13:53-05:00", "end_time": 1676279933, "end_date_time": "2023-02-13T04:18:53-05:00", "waiting_time": 0, "distance": 243, "driving_time": 233, "preparation_time": 0, "load_before": [0], "load_after": [0]}, {"type": "service", "id": "1701771000_04", "location_id": "1701771000", "address": {"location_id": "1701771000", "lat": 42.28445318, "lon": -71.0747844}, "arr_time": 1676280004, "arr_date_time": "2023-02-13T04:20:04-05:00", "end_time": 1676280304, "end_date_time": "2023-02-13T04:25:04-05:00", "waiting_time": 0, "distance": 317, "driving_time": 304, "preparation_time": 0, "load_before": [0], "load_after": [0]}, {"type": "service", "id": "1702769000_12", "location_id": "1702769000", "address": {"location_id": "1702769000", "lat": 42.28398237, "lon": -71.07442478}, "arr_time": 1676280317, "arr_date_time": "2023-02-13T04:25:17-05:00", "end_time": 1676280617, "end_date_time": "2023-02-13T04:30:17-05:00", "waiting_time": 0, "distance": 331, "driving_time": 317, "preparation_time": 0, "load_before": [0], "load_after": [0]}, {"type": "service", "id": "1702767000_11", "location_id": "1702767000", "address": {"location_id": "1702767000", "lat": 42.28398679, "lon": -71.07482976}, "arr_time": 1676280648, "arr_date_time": "2023-02-13T04:30:48-05:00", "end_time": 1676280948, "end_date_time": "2023-02-13T04:35:48-05:00", "waiting_time": 0, "distance": 363, "driving_time": 348, "preparation_time": 0, "load_before": [0], "load_after": [0]}, {"type": "service", "id": "1702761000_10", "location_id": "1702761000", "address": {"location_id": "1702761000", "lat": 42.28368765, "lon": -71.07585798}, "arr_time": 1676281035, "arr_date_time": "2023-02-13T04:37:15-05:00", "end_time": 1676281335, "end_date_time": "2023-02-13T04:42:15-05:00", "waiting_time": 0, "distance": 454, "driving_time": 435, "preparation_time": 0, "load_before": [0], "load_after": [0]}, {"type": "service", "id": "1702759000_09", "location_id": "1702759000", "address": {"location_id": "1702759000", "lat": 42.28372044, "lon": -71.07623355}, "arr_time": 1676281363, "arr_date_time": "2023-02-13T04:42:43-05:00", "end_time": 1676281663, "end_date_time": "2023-02-13T04:47:43-05:00", "waiting_time": 0, "distance": 483, "driving_time": 463, "preparation_time": 0, "load_before": [0], "load_after": [0]}, {"type": "service", "id": "1702756000_08", "location_id": "1702756000", "address": {"location_id": "1702756000", "lat": 42.28345433, "lon": -71.07619734}, "arr_time": 1676281741, "arr_date_time": "2023-02-13T04:49:01-05:00", "end_time": 1676282041, "end_date_time": "2023-02-13T04:54:01-05:00", "waiting_time": 0, "distance": 564, "driving_time": 541, "preparation_time": 0, "load_before": [0], "load_after": [0]}, {"type": "service", "id": "1702811000_24", "location_id": "1702811000", "address": {"location_id": "1702811000", "lat": 42.282799, "lon": -71.07602577}, "arr_time": 1676282108, "arr_date_time": "2023-02-13T04:55:08-05:00", "end_time": 1676282408, "end_date_time": "2023-02-13T05:00:08-05:00", "waiting_time": 0, "distance": 633, "driving_time": 608, "preparation_time": 0, "load_before": [0], "load_after": [0]}, {"type": "service", "id": "1702732000_07", "location_id": "1702732000", "address": {"location_id": "1702732000", "lat": 42.28287269, "lon": -71.07648134}, "arr_time": 1676282420, "arr_date_time": "2023-02-13T05:00:20-05:00", "end_time": 1676282720, "end_date_time": "2023-02-13T05:05:20-05:00", "waiting_time": 0, "distance": 646, "driving_time": 620, "preparation_time": 0, "load_before": [0], "load_after": [0]}, {"type": "service", "id": "1702810000_23", "location_id": "1702810000", "address": {"location_id": "1702810000", "lat": 42.28313892, "lon": -71.0758425}, "arr_time": 1676282757, "arr_date_time": "2023-02-13T05:05:57-05:00", "end_time": 1676283057, "end_date_time": "2023-02-13T05:10:57-05:00", "waiting_time": 0, "distance": 684, "driving_time": 657, "preparation_time": 0, "load_before": [0], "load_after": [0]}, {"type": "service", "id": "1702809000_22", "location_id": "1702809000", "address": {"location_id": "1702809000", "lat": 42.28322093, "lon": -71.0756777}, "arr_time": 1676283072, "arr_date_time": "2023-02-13T05:11:12-05:00", "end_time": 1676283372, "end_date_time": "2023-02-13T05:16:12-05:00", "waiting_time": 0, "distance": 700, "driving_time": 672, "preparation_time": 0, "load_before": [0], "load_after": [0]}, {"type": "service", "id": "1702814000_25", "location_id": "1702814000", "address": {"location_id": "1702814000", "lat": 42.28284053, "lon": -71.07552576}, "arr_time": 1676283372, "arr_date_time": "2023-02-13T05:16:12-05:00", "end_time": 1676283672, "end_date_time": "2023-02-13T05:21:12-05:00", "waiting_time": 0, "distance": 701, "driving_time": 672, "preparation_time": 0, "load_before": [0], "load_after": [0]}, {"type": "service", "id": "1702815000_26", "location_id": "1702815000", "address": {"location_id": "1702815000", "lat": 42.28287415, "lon": -71.0753493}, "arr_time": 1676283687, "arr_date_time": "2023-02-13T05:21:27-05:00", "end_time": 1676283987, "end_date_time": "2023-02-13T05:26:27-05:00", "waiting_time": 0, "distance": 716, "driving_time": 687, "preparation_time": 0, "load_before": [0], "load_after": [0]}, {"type": "service", "id": "1702817000_27", "location_id": "1702817000", "address": {"location_id": "1702817000", "lat": 42.28294253, "lon": -71.07498574}, "arr_time": 1676284016, "arr_date_time": "2023-02-13T05:26:56-05:00", "end_time": 1676284316, "end_date_time": "2023-02-13T05:31:56-05:00", "waiting_time": 0, "distance": 747, "driving_time": 716, "preparation_time": 0, "load_before": [0], "load_after": [0]}, {"type": "service", "id": "1702805000_21", "location_id": "1702805000", "address": {"location_id": "1702805000", "lat": 42.28344177, "lon": -71.07498911}, "arr_time": 1676284331, "arr_date_time": "2023-02-13T05:32:11-05:00", "end_time": 1676284631, "end_date_time": "2023-02-13T05:37:11-05:00", "waiting_time": 0, "distance": 762, "driving_time": 731, "preparation_time": 0, "load_before": [0], "load_after": [0]}, {"type": "service", "id": "1702818000_28", "location_id": "1702818000", "address": {"location_id": "1702818000", "lat": 42.28297688, "lon": -71.07480733}, "arr_time": 1676284631, "arr_date_time": "2023-02-13T05:37:11-05:00", "end_time": 1676284931, "end_date_time": "2023-02-13T05:42:11-05:00", "waiting_time": 0, "distance": 762, "driving_time": 731, "preparation_time": 0, "load_before": [0], "load_after": [0]}, {"type": "service", "id": "1702802000_20", "location_id": "1702802000", "address": {"location_id": "1702802000", "lat": 42.28354582, "lon": -71.0744565}, "arr_time": 1676284973, "arr_date_time": "2023-02-13T05:42:53-05:00", "end_time": 1676285273, "end_date_time": "2023-02-13T05:47:53-05:00", "waiting_time": 0, "distance": 807, "driving_time": 773, "preparation_time": 0, "load_before": [0], "load_after": [0]}, {"type": "service", "id": "1702821000_29", "location_id": "1702821000", "address": {"location_id": "1702821000", "lat": 42.2830783, "lon": -71.07427263}, "arr_time": 1676285273, "arr_date_time": "2023-02-13T05:47:53-05:00", "end_time": 1676285573, "end_date_time": "2023-02-13T05:52:53-05:00", "waiting_time": 0, "distance": 807, "driving_time": 773, "preparation_time": 0, "load_before": [0], "load_after": [0]}, {"type": "service", "id": "1702799000_19", "location_id": "1702799000", "address": {"location_id": "1702799000", "lat": 42.28365692, "lon": -71.07392155}, "arr_time": 1676285617, "arr_date_time": "2023-02-13T05:53:37-05:00", "end_time": 1676285917, "end_date_time": "2023-02-13T05:58:37-05:00", "waiting_time": 0, "distance": 852, "driving_time": 817, "preparation_time": 0, "load_before": [0], "load_after": [0]}, {"type": "service", "id": "1702824000_30", "location_id": "1702824000", "address": {"location_id": "1702824000", "lat": 42.28318121, "lon": -71.07373604}, "arr_time": 1676285917, "arr_date_time": "2023-02-13T05:58:37-05:00", "end_time": 1676286217, "end_date_time": "2023-02-13T06:03:37-05:00", "waiting_time": 0, "distance": 852, "driving_time": 817, "preparation_time": 0, "load_before": [0], "load_after": [0]}, {"type": "service", "id": "1702798000_18", "location_id": "1702798000", "address": {"location_id": "1702798000", "lat": 42.28369295, "lon": -71.07374386}, "arr_time": 1676286232, "arr_date_time": "2023-02-13T06:03:52-05:00", "end_time": 1676286532, "end_date_time": "2023-02-13T06:08:52-05:00", "waiting_time": 0, "distance": 867, "driving_time": 832, "preparation_time": 0, "load_before": [0], "load_after": [0]}, {"type": "service", "id": "1702825000_31", "location_id": "1702825000", "address": {"location_id": "1702825000", "lat": 42.28321418, "lon": -71.07356031}, "arr_time": 1676286532, "arr_date_time": "2023-02-13T06:08:52-05:00", "end_time": 1676286832, "end_date_time": "2023-02-13T06:13:52-05:00", "waiting_time": 0, "distance": 867, "driving_time": 832, "preparation_time": 0, "load_before": [0], "load_after": [0]}, {"type": "service", "id": "1702826000_32", "location_id": "1702826000", "address": {"location_id": "1702826000", "lat": 42.28324866, "lon": -71.07337836}, "arr_time": 1676286847, "arr_date_time": "2023-02-13T06:14:07-05:00", "end_time": 1676287147, "end_date_time": "2023-02-13T06:19:07-05:00", "waiting_time": 0, "distance": 882, "driving_time": 847, "preparation_time": 0, "load_before": [0], "load_after": [0]}, {"type": "service", "id": "1702797000_17", "location_id": "1702797000", "address": {"location_id": "1702797000", "lat": 42.28373128, "lon": -71.07355941}, "arr_time": 1676287147, "arr_date_time": "2023-02-13T06:19:07-05:00", "end_time": 1676287447, "end_date_time": "2023-02-13T06:24:07-05:00", "waiting_time": 0, "distance": 882, "driving_time": 847, "preparation_time": 0, "load_before": [0], "load_after": [0]}, {"type": "service", "id": "1702795000_16", "location_id": "1702795000", "address": {"location_id": "1702795000", "lat": 42.2838053, "lon": -71.07320852}, "arr_time": 1676287476, "arr_date_time": "2023-02-13T06:24:36-05:00", "end_time": 1676287776, "end_date_time": "2023-02-13T06:29:36-05:00", "waiting_time": 0, "distance": 912, "driving_time": 876, "preparation_time": 0, "load_before": [0], "load_after": [0]}, {"type": "service", "id": "1702829000_33", "location_id": "1702829000", "address": {"location_id": "1702829000", "lat": 42.283348, "lon": -71.07285172}, "arr_time": 1676287789, "arr_date_time": "2023-02-13T06:29:49-05:00", "end_time": 1676288089, "end_date_time": "2023-02-13T06:34:49-05:00", "waiting_time": 0, "distance": 926, "driving_time": 889, "preparation_time": 0, "load_before": [0], "load_after": [0]}, {"type": "service", "id": "1702831000_34", "location_id": "1702831000", "address": {"location_id": "1702831000", "lat": 42.28340626, "lon": -71.07248251}, "arr_time": 1676288157, "arr_date_time": "2023-02-13T06:35:57-05:00", "end_time": 1676288457, "end_date_time": "2023-02-13T06:40:57-05:00", "waiting_time": 0, "distance": 997, "driving_time": 957, "preparation_time": 0, "load_before": [0], "load_after": [0]}, {"type": "service", "id": "1702791000_15", "location_id": "1702791000", "address": {"location_id": "1702791000", "lat": 42.28394878, "lon": -71.07251247}, "arr_time": 1676288489, "arr_date_time": "2023-02-13T06:41:29-05:00", "end_time": 1676288789, "end_date_time": "2023-02-13T06:46:29-05:00", "waiting_time": 0, "distance": 1030, "driving_time": 989, "preparation_time": 0, "load_before": [0], "load_after": [0]}, {"type": "service", "id": "1702790000_14", "location_id": "1702790000", "address": {"location_id": "1702790000", "lat": 42.28397952, "lon": -71.07236637}, "arr_time": 1676288801, "arr_date_time": "2023-02-13T06:46:41-05:00", "end_time": 1676289101, "end_date_time": "2023-02-13T06:51:41-05:00", "waiting_time": 0, "distance": 1042, "driving_time": 1001, "preparation_time": 0, "load_before": [0], "load_after": [0]}, {"type": "service", "id": "1701752002_01", "location_id": "1701752002", "address": {"location_id": "1701752002", "lat": 42.28476684, "lon": -71.07186234}, "arr_time": 1676289259, "arr_date_time": "2023-02-13T06:54:19-05:00", "end_time": 1676289559, "end_date_time": "2023-02-13T06:59:19-05:00", "waiting_time": 0, "distance": 1207, "driving_time": 1159, "preparation_time": 0, "load_before": [0], "load_after": [0]}, {"type": "service", "id": "1701753000_02", "location_id": "1701753000", "address": {"location_id": "1701753000", "lat": 42.28487031, "lon": -71.07198584}, "arr_time": 1676289571, "arr_date_time": "2023-02-13T06:59:31-05:00", "end_time": 1676289871, "end_date_time": "2023-02-13T07:04:31-05:00", "waiting_time": 0, "distance": 1219, "driving_time": 1171, "preparation_time": 0, "load_before": [0], "load_after": [0]}, {"type": "service", "id": "1702781000_13", "location_id": "1702781000", "address": {"location_id": "1702781000", "lat": 42.28439673, "lon": -71.07238197}, "arr_time": 1676289896, "arr_date_time": "2023-02-13T07:04:56-05:00", "end_time": 1676290196, "end_date_time": "2023-02-13T07:09:56-05:00", "waiting_time": 0, "distance": 1245, "driving_time": 1196, "preparation_time": 0, "load_before": [0], "load_after": [0]}, {"type": "service", "id": "1702838000_35", "location_id": "1702838000", "address": {"location_id": "1702838000", "lat": 42.28318291, "lon": -71.07194814}, "arr_time": 1676290461, "arr_date_time": "2023-02-13T07:14:21-05:00", "end_time": 1676290761, "end_date_time": "2023-02-13T07:19:21-05:00", "waiting_time": 0, "distance": 1521, "driving_time": 1461, "preparation_time": 0, "load_before": [0], "load_after": [0]}, {"type": "service", "id": "1702839000_36", "location_id": "1702839000", "address": {"location_id": "1702839000", "lat": 42.28314993, "lon": -71.07212611}, "arr_time": 1676290776, "arr_date_time": "2023-02-13T07:19:36-05:00", "end_time": 1676291076, "end_date_time": "2023-02-13T07:24:36-05:00", "waiting_time": 0, "distance": 1536, "driving_time": 1476, "preparation_time": 0, "load_before": [0], "load_after": [0]}, {"type": "service", "id": "1702885000_43", "location_id": "1702885000", "address": {"location_id": "1702885000", "lat": 42.28274349, "lon": -71.07236084}, "arr_time": 1676291105, "arr_date_time": "2023-02-13T07:25:05-05:00", "end_time": 1676291405, "end_date_time": "2023-02-13T07:30:05-05:00", "waiting_time": 0, "distance": 1566, "driving_time": 1505, "preparation_time": 0, "load_before": [0], "load_after": [0]}, {"type": "service", "id": "1702843000_37", "location_id": "1702843000", "address": {"location_id": "1702843000", "lat": 42.28301936, "lon": -71.07284877}, "arr_time": 1676291436, "arr_date_time": "2023-02-13T07:30:36-05:00", "end_time": 1676291736, "end_date_time": "2023-02-13T07:35:36-05:00", "waiting_time": 0, "distance": 1597, "driving_time": 1536, "preparation_time": 0, "load_before": [0], "load_after": [0]}, {"type": "service", "id": "1702881000_42", "location_id": "1702881000", "address": {"location_id": "1702881000", "lat": 42.2825999, "lon": -71.07307583}, "arr_time": 1676291764, "arr_date_time": "2023-02-13T07:36:04-05:00", "end_time": 1676292064, "end_date_time": "2023-02-13T07:41:04-05:00", "waiting_time": 0, "distance": 1627, "driving_time": 1564, "preparation_time": 0, "load_before": [0], "load_after": [0]}, {"type": "service", "id": "1702848000_38", "location_id": "1702848000", "address": {"location_id": "1702848000", "lat": 42.28285777, "lon": -71.07374035}, "arr_time": 1676292108, "arr_date_time": "2023-02-13T07:41:48-05:00", "end_time": 1676292408, "end_date_time": "2023-02-13T07:46:48-05:00", "waiting_time": 0, "distance": 1673, "driving_time": 1608, "preparation_time": 0, "load_before": [0], "load_after": [0]}, {"type": "service", "id": "1702849000_39", "location_id": "1702849000", "address": {"location_id": "1702849000", "lat": 42.28282432, "lon": -71.07392111}, "arr_time": 1676292423, "arr_date_time": "2023-02-13T07:47:03-05:00", "end_time": 1676292723, "end_date_time": "2023-02-13T07:52:03-05:00", "waiting_time": 0, "distance": 1688, "driving_time": 1623, "preparation_time": 0, "load_before": [0], "load_after": [0]}, {"type": "service", "id": "1702874000_41", "location_id": "1702874000", "address": {"location_id": "1702874000", "lat": 42.28237432, "lon": -71.07421664}, "arr_time": 1676292757, "arr_date_time": "2023-02-13T07:52:37-05:00", "end_time": 1676293057, "end_date_time": "2023-02-13T07:57:37-05:00", "waiting_time": 0, "distance": 1724, "driving_time": 1657, "preparation_time": 0, "load_before": [0], "load_after": [0]}, {"type": "service", "id": "1702865000_40", "location_id": "1702865000", "address": {"location_id": "1702865000", "lat": 42.2821417, "lon": -71.07576531}, "arr_time": 1676293183, "arr_date_time": "2023-02-13T07:59:43-05:00", "end_time": 1676293483, "end_date_time": "2023-02-13T08:04:43-05:00", "waiting_time": 0, "distance": 1854, "driving_time": 1783, "preparation_time": 0, "load_before": [0], "load_after": [0]}]}], "unassigned": {"services": [], "shipments": [], "breaks": [], "details": []}}}