{"copyrights": ["GraphHopper", "OpenStreetMap contributors"], "job_id": "0b449dcf-d8dc-43cb-bf06-8d561859aad1", "status": "finished", "waiting_time_in_queue": 0, "processing_time": 151, "solution": {"costs": 347, "distance": 1874, "time": 1801, "transport_time": 1801, "completion_time": 18301, "max_operation_time": 18301, "waiting_time": 0, "service_duration": 16500, "preparation_time": 0, "no_vehicles": 1, "no_unassigned": 0, "routes": [{"vehicle_id": "my_vehicle", "shift_id": "default-shift", "distance": 1874, "transport_time": 1801, "completion_time": 18301, "waiting_time": 0, "service_duration": 16500, "preparation_time": 0, "activities": [{"type": "start", "location_id": "1501003000", "address": {"location_id": "1501003000", "lat": 42.3045636, "lon": -71.06888966}, "arr_time": 1676278800, "arr_date_time": "2023-02-13T04:00:00-05:00", "end_time": 1676278800, "end_date_time": "2023-02-13T04:00:00-05:00", "waiting_time": 0, "distance": 0, "driving_time": 0, "preparation_time": 0, "load_after": [0]}, {"type": "service", "id": "1500995000_39", "location_id": "1500995000", "address": {"location_id": "1500995000", "lat": 42.30391691, "lon": -71.06980413}, "arr_time": 1676278960, "arr_date_time": "2023-02-13T04:02:40-05:00", "end_time": 1676279260, "end_date_time": "2023-02-13T04:07:40-05:00", "waiting_time": 0, "distance": 167, "driving_time": 160, "preparation_time": 0, "load_before": [0], "load_after": [0]}, {"type": "service", "id": "1500950000_17", "location_id": "1500950000", "address": {"location_id": "1500950000", "lat": 42.30370656, "lon": -71.070405}, "arr_time": 1676279307, "arr_date_time": "2023-02-13T04:08:27-05:00", "end_time": 1676279607, "end_date_time": "2023-02-13T04:13:27-05:00", "waiting_time": 0, "distance": 215, "driving_time": 207, "preparation_time": 0, "load_before": [0], "load_after": [0]}, {"type": "service", "id": "1500949000_16", "location_id": "1500949000", "address": {"location_id": "1500949000", "lat": 42.30366797, "lon": -71.0705187}, "arr_time": 1676279616, "arr_date_time": "2023-02-13T04:13:36-05:00", "end_time": 1676279916, "end_date_time": "2023-02-13T04:18:36-05:00", "waiting_time": 0, "distance": 225, "driving_time": 216, "preparation_time": 0, "load_before": [0], "load_after": [0]}, {"type": "service", "id": "1500948010_15", "location_id": "1500948010", "address": {"location_id": "1500948010", "lat": 42.30359337, "lon": -71.07067505}, "arr_time": 1676279931, "arr_date_time": "2023-02-13T04:18:51-05:00", "end_time": 1676280231, "end_date_time": "2023-02-13T04:23:51-05:00", "waiting_time": 0, "distance": 240, "driving_time": 231, "preparation_time": 0, "load_before": [0], "load_after": [0]}, {"type": "service", "id": "1500946000_14", "location_id": "1500946000", "address": {"location_id": "1500946000", "lat": 42.30354267, "lon": -71.07085183}, "arr_time": 1676280245, "arr_date_time": "2023-02-13T04:24:05-05:00", "end_time": 1676280545, "end_date_time": "2023-02-13T04:29:05-05:00", "waiting_time": 0, "distance": 256, "driving_time": 245, "preparation_time": 0, "load_before": [0], "load_after": [0]}, {"type": "service", "id": "1500959000_23", "location_id": "1500959000", "address": {"location_id": "1500959000", "lat": 42.30325121, "lon": -71.07092573}, "arr_time": 1676280640, "arr_date_time": "2023-02-13T04:30:40-05:00", "end_time": 1676280940, "end_date_time": "2023-02-13T04:35:40-05:00", "waiting_time": 0, "distance": 354, "driving_time": 340, "preparation_time": 0, "load_before": [0], "load_after": [0]}, {"type": "service", "id": "1500958000_22", "location_id": "1500958000", "address": {"location_id": "1500958000", "lat": 42.30331672, "lon": -71.07077169}, "arr_time": 1676280975, "arr_date_time": "2023-02-13T04:36:15-05:00", "end_time": 1676281275, "end_date_time": "2023-02-13T04:41:15-05:00", "waiting_time": 0, "distance": 391, "driving_time": 375, "preparation_time": 0, "load_before": [0], "load_after": [0]}, {"type": "service", "id": "1500957000_21", "location_id": "1500957000", "address": {"location_id": "1500957000", "lat": 42.30334987, "lon": -71.07064463}, "arr_time": 1676281281, "arr_date_time": "2023-02-13T04:41:21-05:00", "end_time": 1676281581, "end_date_time": "2023-02-13T04:46:21-05:00", "waiting_time": 0, "distance": 398, "driving_time": 381, "preparation_time": 0, "load_before": [0], "load_after": [0]}, {"type": "service", "id": "1500956010_20", "location_id": "1500956010", "address": {"location_id": "1500956010", "lat": 42.30338727, "lon": -71.07048958}, "arr_time": 1676281595, "arr_date_time": "2023-02-13T04:46:35-05:00", "end_time": 1676281895, "end_date_time": "2023-02-13T04:51:35-05:00", "waiting_time": 0, "distance": 411, "driving_time": 395, "preparation_time": 0, "load_before": [0], "load_after": [0]}, {"type": "service", "id": "1500964000_26", "location_id": "1500964000", "address": {"location_id": "1500964000", "lat": 42.30313222, "lon": -71.07030443}, "arr_time": 1676281901, "arr_date_time": "2023-02-13T04:51:41-05:00", "end_time": 1676282201, "end_date_time": "2023-02-13T04:56:41-05:00", "waiting_time": 0, "distance": 418, "driving_time": 401, "preparation_time": 0, "load_before": [0], "load_after": [0]}, {"type": "service", "id": "1500955000_19", "location_id": "1500955000", "address": {"location_id": "1500955000", "lat": 42.30341796, "lon": -71.07036366}, "arr_time": 1676282205, "arr_date_time": "2023-02-13T04:56:45-05:00", "end_time": 1676282505, "end_date_time": "2023-02-13T05:01:45-05:00", "waiting_time": 0, "distance": 422, "driving_time": 405, "preparation_time": 0, "load_before": [0], "load_after": [0]}, {"type": "service", "id": "1500966000_27", "location_id": "1500966000", "address": {"location_id": "1500966000", "lat": 42.30314983, "lon": -71.06998354}, "arr_time": 1676282527, "arr_date_time": "2023-02-13T05:02:07-05:00", "end_time": 1676282827, "end_date_time": "2023-02-13T05:07:07-05:00", "waiting_time": 0, "distance": 444, "driving_time": 427, "preparation_time": 0, "load_before": [0], "load_after": [0]}, {"type": "service", "id": "1500989010_38", "location_id": "1500989010", "address": {"location_id": "1500989010", "lat": 42.30352959, "lon": -71.06976522}, "arr_time": 1676282857, "arr_date_time": "2023-02-13T05:07:37-05:00", "end_time": 1676283157, "end_date_time": "2023-02-13T05:12:37-05:00", "waiting_time": 0, "distance": 476, "driving_time": 457, "preparation_time": 0, "load_before": [0], "load_after": [0]}, {"type": "service", "id": "1500952020_18", "location_id": "1500952020", "address": {"location_id": "1500952020", "lat": 42.3035278, "lon": -71.07021927}, "arr_time": 1676283173, "arr_date_time": "2023-02-13T05:12:53-05:00", "end_time": 1676283473, "end_date_time": "2023-02-13T05:17:53-05:00", "waiting_time": 0, "distance": 492, "driving_time": 473, "preparation_time": 0, "load_before": [0], "load_after": [0]}, {"type": "service", "id": "1500968000_28", "location_id": "1500968000", "address": {"location_id": "1500968000", "lat": 42.30321371, "lon": -71.06969869}, "arr_time": 1676283512, "arr_date_time": "2023-02-13T05:18:32-05:00", "end_time": 1676283812, "end_date_time": "2023-02-13T05:23:32-05:00", "waiting_time": 0, "distance": 532, "driving_time": 512, "preparation_time": 0, "load_before": [0], "load_after": [0]}, {"type": "service", "id": "1500970000_29", "location_id": "1500970000", "address": {"location_id": "1500970000", "lat": 42.30328408, "lon": -71.06938363}, "arr_time": 1676283840, "arr_date_time": "2023-02-13T05:24:00-05:00", "end_time": 1676284140, "end_date_time": "2023-02-13T05:29:00-05:00", "waiting_time": 0, "distance": 561, "driving_time": 540, "preparation_time": 0, "load_before": [0], "load_after": [0]}, {"type": "service", "id": "1500971000_30", "location_id": "1500971000", "address": {"location_id": "1500971000", "lat": 42.30331803, "lon": -71.06923158}, "arr_time": 1676284152, "arr_date_time": "2023-02-13T05:29:12-05:00", "end_time": 1676284452, "end_date_time": "2023-02-13T05:34:12-05:00", "waiting_time": 0, "distance": 574, "driving_time": 552, "preparation_time": 0, "load_before": [0], "load_after": [0]}, {"type": "service", "id": "1501013000_43", "location_id": "1501013000", "address": {"location_id": "1501013000", "lat": 42.3036848, "lon": -71.06918428}, "arr_time": 1676284475, "arr_date_time": "2023-02-13T05:34:35-05:00", "end_time": 1676284775, "end_date_time": "2023-02-13T05:39:35-05:00", "waiting_time": 0, "distance": 598, "driving_time": 575, "preparation_time": 0, "load_before": [0], "load_after": [0]}, {"type": "service", "id": "1500972000_31", "location_id": "1500972000", "address": {"location_id": "1500972000", "lat": 42.30334451, "lon": -71.06907752}, "arr_time": 1676284804, "arr_date_time": "2023-02-13T05:40:04-05:00", "end_time": 1676285104, "end_date_time": "2023-02-13T05:45:04-05:00", "waiting_time": 0, "distance": 628, "driving_time": 604, "preparation_time": 0, "load_before": [0], "load_after": [0]}, {"type": "service", "id": "1500973000_32", "location_id": "1500973000", "address": {"location_id": "1500973000", "lat": 42.30338064, "lon": -71.06893398}, "arr_time": 1676285116, "arr_date_time": "2023-02-13T05:45:16-05:00", "end_time": 1676285416, "end_date_time": "2023-02-13T05:50:16-05:00", "waiting_time": 0, "distance": 640, "driving_time": 616, "preparation_time": 0, "load_before": [0], "load_after": [0]}, {"type": "service", "id": "1501012000_42", "location_id": "1501012000", "address": {"location_id": "1501012000", "lat": 42.30366528, "lon": -71.06902797}, "arr_time": 1676285416, "arr_date_time": "2023-02-13T05:50:16-05:00", "end_time": 1676285716, "end_date_time": "2023-02-13T05:55:16-05:00", "waiting_time": 0, "distance": 640, "driving_time": 616, "preparation_time": 0, "load_before": [0], "load_after": [0]}, {"type": "service", "id": "1501011000_41", "location_id": "1501011000", "address": {"location_id": "1501011000", "lat": 42.30370859, "lon": -71.06871686}, "arr_time": 1676285741, "arr_date_time": "2023-02-13T05:55:41-05:00", "end_time": 1676286041, "end_date_time": "2023-02-13T06:00:41-05:00", "waiting_time": 0, "distance": 666, "driving_time": 641, "preparation_time": 0, "load_before": [0], "load_after": [0]}, {"type": "service", "id": "1501009000_40", "location_id": "1501009000", "address": {"location_id": "1501009000", "lat": 42.3039261, "lon": -71.06878814}, "arr_time": 1676286105, "arr_date_time": "2023-02-13T06:01:45-05:00", "end_time": 1676286405, "end_date_time": "2023-02-13T06:06:45-05:00", "waiting_time": 0, "distance": 733, "driving_time": 705, "preparation_time": 0, "load_before": [0], "load_after": [0]}, {"type": "service", "id": "1500976000_33", "location_id": "1500976000", "address": {"location_id": "1500976000", "lat": 42.30340995, "lon": -71.06853151}, "arr_time": 1676286464, "arr_date_time": "2023-02-13T06:07:44-05:00", "end_time": 1676286764, "end_date_time": "2023-02-13T06:12:44-05:00", "waiting_time": 0, "distance": 794, "driving_time": 764, "preparation_time": 0, "load_before": [0], "load_after": [0]}, {"type": "service", "id": "1500978000_34", "location_id": "1500978000", "address": {"location_id": "1500978000", "lat": 42.30321355, "lon": -71.06837603}, "arr_time": 1676286787, "arr_date_time": "2023-02-13T06:13:07-05:00", "end_time": 1676287087, "end_date_time": "2023-02-13T06:18:07-05:00", "waiting_time": 0, "distance": 818, "driving_time": 787, "preparation_time": 0, "load_before": [0], "load_after": [0]}, {"type": "service", "id": "1501028000_46", "location_id": "1501028000", "address": {"location_id": "1501028000", "lat": 42.30293471, "lon": -71.0683576}, "arr_time": 1676287123, "arr_date_time": "2023-02-13T06:18:43-05:00", "end_time": 1676287423, "end_date_time": "2023-02-13T06:23:43-05:00", "waiting_time": 0, "distance": 856, "driving_time": 823, "preparation_time": 0, "load_before": [0], "load_after": [0]}, {"type": "service", "id": "1500979000_35", "location_id": "1500979000", "address": {"location_id": "1500979000", "lat": 42.30315872, "lon": -71.0685248}, "arr_time": 1676287431, "arr_date_time": "2023-02-13T06:23:51-05:00", "end_time": 1676287731, "end_date_time": "2023-02-13T06:28:51-05:00", "waiting_time": 0, "distance": 864, "driving_time": 831, "preparation_time": 0, "load_before": [0], "load_after": [0]}, {"type": "service", "id": "1501026000_45", "location_id": "1501026000", "address": {"location_id": "1501026000", "lat": 42.30281935, "lon": -71.06876584}, "arr_time": 1676287759, "arr_date_time": "2023-02-13T06:29:19-05:00", "end_time": 1676288059, "end_date_time": "2023-02-13T06:34:19-05:00", "waiting_time": 0, "distance": 893, "driving_time": 859, "preparation_time": 0, "load_before": [0], "load_after": [0]}, {"type": "service", "id": "1500986000_36", "location_id": "1500986000", "address": {"location_id": "1500986000", "lat": 42.30298579, "lon": -71.06960573}, "arr_time": 1676288117, "arr_date_time": "2023-02-13T06:35:17-05:00", "end_time": 1676288417, "end_date_time": "2023-02-13T06:40:17-05:00", "waiting_time": 0, "distance": 954, "driving_time": 917, "preparation_time": 0, "load_before": [0], "load_after": [0]}, {"type": "service", "id": "1500987000_37", "location_id": "1500987000", "address": {"location_id": "1500987000", "lat": 42.30295223, "lon": -71.069763}, "arr_time": 1676288431, "arr_date_time": "2023-02-13T06:40:31-05:00", "end_time": 1676288731, "end_date_time": "2023-02-13T06:45:31-05:00", "waiting_time": 0, "distance": 967, "driving_time": 931, "preparation_time": 0, "load_before": [0], "load_after": [0]}, {"type": "service", "id": "1500961000_24", "location_id": "1500961000", "address": {"location_id": "1500961000", "lat": 42.30297753, "lon": -71.07016304}, "arr_time": 1676288791, "arr_date_time": "2023-02-13T06:46:31-05:00", "end_time": 1676289091, "end_date_time": "2023-02-13T06:51:31-05:00", "waiting_time": 0, "distance": 1030, "driving_time": 991, "preparation_time": 0, "load_before": [0], "load_after": [0]}, {"type": "service", "id": "1500962000_25", "location_id": "1500962000", "address": {"location_id": "1500962000", "lat": 42.30297815, "lon": -71.07042441}, "arr_time": 1676289107, "arr_date_time": "2023-02-13T06:51:47-05:00", "end_time": 1676289407, "end_date_time": "2023-02-13T06:56:47-05:00", "waiting_time": 0, "distance": 1047, "driving_time": 1007, "preparation_time": 0, "load_before": [0], "load_after": [0]}, {"type": "service", "id": "1500942000_13", "location_id": "1500942000", "address": {"location_id": "1500942000", "lat": 42.30275529, "lon": -71.07076593}, "arr_time": 1676289413, "arr_date_time": "2023-02-13T06:56:53-05:00", "end_time": 1676289713, "end_date_time": "2023-02-13T07:01:53-05:00", "waiting_time": 0, "distance": 1053, "driving_time": 1013, "preparation_time": 0, "load_before": [0], "load_after": [0]}, {"type": "service", "id": "1500930000_10", "location_id": "1500930000", "address": {"location_id": "1500930000", "lat": 42.3025239, "lon": -71.07023226}, "arr_time": 1676289765, "arr_date_time": "2023-02-13T07:02:45-05:00", "end_time": 1676290065, "end_date_time": "2023-02-13T07:07:45-05:00", "waiting_time": 0, "distance": 1107, "driving_time": 1065, "preparation_time": 0, "load_before": [0], "load_after": [0]}, {"type": "service", "id": "1500929000_09", "location_id": "1500929000", "address": {"location_id": "1500929000", "lat": 42.30247289, "lon": -71.07043386}, "arr_time": 1676290083, "arr_date_time": "2023-02-13T07:08:03-05:00", "end_time": 1676290383, "end_date_time": "2023-02-13T07:13:03-05:00", "waiting_time": 0, "distance": 1124, "driving_time": 1083, "preparation_time": 0, "load_before": [0], "load_after": [0]}, {"type": "service", "id": "1500931000_11", "location_id": "1500931000", "address": {"location_id": "1500931000", "lat": 42.30240689, "lon": -71.07003185}, "arr_time": 1676290433, "arr_date_time": "2023-02-13T07:13:53-05:00", "end_time": 1676290733, "end_date_time": "2023-02-13T07:18:53-05:00", "waiting_time": 0, "distance": 1177, "driving_time": 1133, "preparation_time": 0, "load_before": [0], "load_after": [0]}, {"type": "service", "id": "1501020000_44", "location_id": "1501020000", "address": {"location_id": "1501020000", "lat": 42.30256742, "lon": -71.06969961}, "arr_time": 1676290744, "arr_date_time": "2023-02-13T07:19:04-05:00", "end_time": 1676291044, "end_date_time": "2023-02-13T07:24:04-05:00", "waiting_time": 0, "distance": 1187, "driving_time": 1144, "preparation_time": 0, "load_before": [0], "load_after": [0]}, {"type": "service", "id": "1501034000_49", "location_id": "1501034000", "address": {"location_id": "1501034000", "lat": 42.30255592, "lon": -71.06904745}, "arr_time": 1676291117, "arr_date_time": "2023-02-13T07:25:17-05:00", "end_time": 1676291417, "end_date_time": "2023-02-13T07:30:17-05:00", "waiting_time": 0, "distance": 1264, "driving_time": 1217, "preparation_time": 0, "load_before": [0], "load_after": [0]}, {"type": "service", "id": "1501047000_54", "location_id": "1501047000", "address": {"location_id": "1501047000", "lat": 42.30230064, "lon": -71.06881051}, "arr_time": 1676291428, "arr_date_time": "2023-02-13T07:30:28-05:00", "end_time": 1676291728, "end_date_time": "2023-02-13T07:35:28-05:00", "waiting_time": 0, "distance": 1275, "driving_time": 1228, "preparation_time": 0, "load_before": [0], "load_after": [0]}, {"type": "service", "id": "1501033000_48", "location_id": "1501033000", "address": {"location_id": "1501033000", "lat": 42.30259406, "lon": -71.06886875}, "arr_time": 1676291732, "arr_date_time": "2023-02-13T07:35:32-05:00", "end_time": 1676292032, "end_date_time": "2023-02-13T07:40:32-05:00", "waiting_time": 0, "distance": 1279, "driving_time": 1232, "preparation_time": 0, "load_before": [0], "load_after": [0]}, {"type": "service", "id": "1501048000_55", "location_id": "1501048000", "address": {"location_id": "1501048000", "lat": 42.30229722, "lon": -71.06863811}, "arr_time": 1676292041, "arr_date_time": "2023-02-13T07:40:41-05:00", "end_time": 1676292341, "end_date_time": "2023-02-13T07:45:41-05:00", "waiting_time": 0, "distance": 1289, "driving_time": 1241, "preparation_time": 0, "load_before": [0], "load_after": [0]}, {"type": "service", "id": "1501032000_47", "location_id": "1501032000", "address": {"location_id": "1501032000", "lat": 42.30263239, "lon": -71.06868919}, "arr_time": 1676292347, "arr_date_time": "2023-02-13T07:45:47-05:00", "end_time": 1676292647, "end_date_time": "2023-02-13T07:50:47-05:00", "waiting_time": 0, "distance": 1295, "driving_time": 1247, "preparation_time": 0, "load_before": [0], "load_after": [0]}, {"type": "service", "id": "1501045000_53", "location_id": "1501045000", "address": {"location_id": "1501045000", "lat": 42.30220491, "lon": -71.06914547}, "arr_time": 1676292748, "arr_date_time": "2023-02-13T07:52:28-05:00", "end_time": 1676293048, "end_date_time": "2023-02-13T07:57:28-05:00", "waiting_time": 0, "distance": 1401, "driving_time": 1348, "preparation_time": 0, "load_before": [0], "load_after": [0]}, {"type": "service", "id": "1501044000_52", "location_id": "1501044000", "address": {"location_id": "1501044000", "lat": 42.30214005, "lon": -71.06894618}, "arr_time": 1676293064, "arr_date_time": "2023-02-13T07:57:44-05:00", "end_time": 1676293364, "end_date_time": "2023-02-13T08:02:44-05:00", "waiting_time": 0, "distance": 1418, "driving_time": 1364, "preparation_time": 0, "load_before": [0], "load_after": [0]}, {"type": "service", "id": "1501043000_51", "location_id": "1501043000", "address": {"location_id": "1501043000", "lat": 42.3020942, "lon": -71.06877894}, "arr_time": 1676293377, "arr_date_time": "2023-02-13T08:02:57-05:00", "end_time": 1676293677, "end_date_time": "2023-02-13T08:07:57-05:00", "waiting_time": 0, "distance": 1432, "driving_time": 1377, "preparation_time": 0, "load_before": [0], "load_after": [0]}, {"type": "service", "id": "1501040000_50", "location_id": "1501040000", "address": {"location_id": "1501040000", "lat": 42.30187659, "lon": -71.06840539}, "arr_time": 1676293715, "arr_date_time": "2023-02-13T08:08:35-05:00", "end_time": 1676294015, "end_date_time": "2023-02-13T08:13:35-05:00", "waiting_time": 0, "distance": 1472, "driving_time": 1415, "preparation_time": 0, "load_before": [0], "load_after": [0]}, {"type": "service", "id": "1500912000_05", "location_id": "1500912000", "address": {"location_id": "1500912000", "lat": 42.30207254, "lon": -71.06985334}, "arr_time": 1676294143, "arr_date_time": "2023-02-13T08:15:43-05:00", "end_time": 1676294443, "end_date_time": "2023-02-13T08:20:43-05:00", "waiting_time": 0, "distance": 1605, "driving_time": 1543, "preparation_time": 0, "load_before": [0], "load_after": [0]}, {"type": "service", "id": "1500910000_04", "location_id": "1500910000", "address": {"location_id": "1500910000", "lat": 42.30201654, "lon": -71.07012023}, "arr_time": 1676294464, "arr_date_time": "2023-02-13T08:21:04-05:00", "end_time": 1676294764, "end_date_time": "2023-02-13T08:26:04-05:00", "waiting_time": 0, "distance": 1628, "driving_time": 1564, "preparation_time": 0, "load_before": [0], "load_after": [0]}, {"type": "service", "id": "1500909000_03", "location_id": "1500909000", "address": {"location_id": "1500909000", "lat": 42.30198593, "lon": -71.07026488}, "arr_time": 1676294776, "arr_date_time": "2023-02-13T08:26:16-05:00", "end_time": 1676295076, "end_date_time": "2023-02-13T08:31:16-05:00", "waiting_time": 0, "distance": 1640, "driving_time": 1576, "preparation_time": 0, "load_before": [0], "load_after": [0]}, {"type": "service", "id": "1500908000_02", "location_id": "1500908000", "address": {"location_id": "1500908000", "lat": 42.30195201, "lon": -71.07043011}, "arr_time": 1676295089, "arr_date_time": "2023-02-13T08:31:29-05:00", "end_time": 1676295389, "end_date_time": "2023-02-13T08:36:29-05:00", "waiting_time": 0, "distance": 1654, "driving_time": 1589, "preparation_time": 0, "load_before": [0], "load_after": [0]}, {"type": "service", "id": "1500918000_06", "location_id": "1500918000", "address": {"location_id": "1500918000", "lat": 42.3022086, "lon": -71.07071931}, "arr_time": 1676295404, "arr_date_time": "2023-02-13T08:36:44-05:00", "end_time": 1676295704, "end_date_time": "2023-02-13T08:41:44-05:00", "waiting_time": 0, "distance": 1669, "driving_time": 1604, "preparation_time": 0, "load_before": [0], "load_after": [0]}, {"type": "service", "id": "1500906000_01", "location_id": "1500906000", "address": {"location_id": "1500906000", "lat": 42.30187934, "lon": -71.07078626}, "arr_time": 1676295719, "arr_date_time": "2023-02-13T08:41:59-05:00", "end_time": 1676296019, "end_date_time": "2023-02-13T08:46:59-05:00", "waiting_time": 0, "distance": 1684, "driving_time": 1619, "preparation_time": 0, "load_before": [0], "load_after": [0]}, {"type": "service", "id": "1500923000_07", "location_id": "1500923000", "address": {"location_id": "1500923000", "lat": 42.30216074, "lon": -71.07143713}, "arr_time": 1676296148, "arr_date_time": "2023-02-13T08:49:08-05:00", "end_time": 1676296448, "end_date_time": "2023-02-13T08:54:08-05:00", "waiting_time": 0, "distance": 1818, "driving_time": 1748, "preparation_time": 0, "load_before": [0], "load_after": [0]}, {"type": "service", "id": "1500935000_12", "location_id": "1500935000", "address": {"location_id": "1500935000", "lat": 42.30259851, "lon": -71.0712944}, "arr_time": 1676296496, "arr_date_time": "2023-02-13T08:54:56-05:00", "end_time": 1676296796, "end_date_time": "2023-02-13T08:59:56-05:00", "waiting_time": 0, "distance": 1868, "driving_time": 1796, "preparation_time": 0, "load_before": [0], "load_after": [0]}, {"type": "service", "id": "1500925000_08", "location_id": "1500925000", "address": {"location_id": "1500925000", "lat": 42.30232536, "lon": -71.07114031}, "arr_time": 1676296801, "arr_date_time": "2023-02-13T09:00:01-05:00", "end_time": 1676297101, "end_date_time": "2023-02-13T09:05:01-05:00", "waiting_time": 0, "distance": 1874, "driving_time": 1801, "preparation_time": 0, "load_before": [0], "load_after": [0]}]}], "unassigned": {"services": [], "shipments": [], "breaks": [], "details": []}}}