{"copyrights": ["GraphHopper", "OpenStreetMap contributors"], "job_id": "39d941b9-475a-4e60-8561-4ef09273b169", "status": "finished", "waiting_time_in_queue": 0, "processing_time": 183, "solution": {"costs": 360, "distance": 3768, "time": 3620, "transport_time": 3620, "completion_time": 19820, "max_operation_time": 19820, "waiting_time": 0, "service_duration": 16200, "preparation_time": 0, "no_vehicles": 1, "no_unassigned": 0, "routes": [{"vehicle_id": "my_vehicle", "shift_id": "default-shift", "distance": 3768, "transport_time": 3620, "completion_time": 19820, "waiting_time": 0, "service_duration": 16200, "preparation_time": 0, "activities": [{"type": "start", "location_id": "1100633000", "address": {"location_id": "1100633000", "lat": 42.3266101, "lon": -71.09585391}, "arr_time": 1676278800, "arr_date_time": "2023-02-13T04:00:00-05:00", "end_time": 1676278800, "end_date_time": "2023-02-13T04:00:00-05:00", "waiting_time": 0, "distance": 0, "driving_time": 0, "preparation_time": 0, "load_after": [0]}, {"type": "service", "id": "1100500010_31", "location_id": "1100500010", "address": {"location_id": "1100500010", "lat": 42.3261335, "lon": -71.09555609}, "arr_time": 1676278860, "arr_date_time": "2023-02-13T04:01:00-05:00", "end_time": 1676279160, "end_date_time": "2023-02-13T04:06:00-05:00", "waiting_time": 0, "distance": 63, "driving_time": 60, "preparation_time": 0, "load_before": [0], "load_after": [0]}, {"type": "service", "id": "1100625000_47", "location_id": "1100625000", "address": {"location_id": "1100625000", "lat": 42.32631775, "lon": -71.09536944}, "arr_time": 1676279161, "arr_date_time": "2023-02-13T04:06:01-05:00", "end_time": 1676279461, "end_date_time": "2023-02-13T04:11:01-05:00", "waiting_time": 0, "distance": 64, "driving_time": 61, "preparation_time": 0, "load_before": [0], "load_after": [0]}, {"type": "service", "id": "1100501010_32", "location_id": "1100501010", "address": {"location_id": "1100501010", "lat": 42.32568731, "lon": -71.09593314}, "arr_time": 1676279540, "arr_date_time": "2023-02-13T04:12:20-05:00", "end_time": 1676279840, "end_date_time": "2023-02-13T04:17:20-05:00", "waiting_time": 0, "distance": 146, "driving_time": 140, "preparation_time": 0, "load_before": [0], "load_after": [0]}, {"type": "service", "id": "1100622000_46", "location_id": "1100622000", "address": {"location_id": "1100622000", "lat": 42.32622055, "lon": -71.0951787}, "arr_time": 1676279905, "arr_date_time": "2023-02-13T04:18:25-05:00", "end_time": 1676280205, "end_date_time": "2023-02-13T04:23:25-05:00", "waiting_time": 0, "distance": 214, "driving_time": 205, "preparation_time": 0, "load_before": [0], "load_after": [0]}, {"type": "service", "id": "1100620000_45", "location_id": "1100620000", "address": {"location_id": "1100620000", "lat": 42.32614296, "lon": -71.09502885}, "arr_time": 1676280220, "arr_date_time": "2023-02-13T04:23:40-05:00", "end_time": 1676280520, "end_date_time": "2023-02-13T04:28:40-05:00", "waiting_time": 0, "distance": 229, "driving_time": 220, "preparation_time": 0, "load_before": [0], "load_after": [0]}, {"type": "service", "id": "1100619000_44", "location_id": "1100619000", "address": {"location_id": "1100619000", "lat": 42.32609786, "lon": -71.09493854}, "arr_time": 1676280528, "arr_date_time": "2023-02-13T04:28:48-05:00", "end_time": 1676280828, "end_date_time": "2023-02-13T04:33:48-05:00", "waiting_time": 0, "distance": 238, "driving_time": 228, "preparation_time": 0, "load_before": [0], "load_after": [0]}, {"type": "service", "id": "1100616000_43", "location_id": "1100616000", "address": {"location_id": "1100616000", "lat": 42.32599385, "lon": -71.09473562}, "arr_time": 1676280848, "arr_date_time": "2023-02-13T04:34:08-05:00", "end_time": 1676281148, "end_date_time": "2023-02-13T04:39:08-05:00", "waiting_time": 0, "distance": 258, "driving_time": 248, "preparation_time": 0, "load_before": [0], "load_after": [0]}, {"type": "service", "id": "1100615000_42", "location_id": "1100615000", "address": {"location_id": "1100615000", "lat": 42.32595985, "lon": -71.09466803}, "arr_time": 1676281155, "arr_date_time": "2023-02-13T04:39:15-05:00", "end_time": 1676281455, "end_date_time": "2023-02-13T04:44:15-05:00", "waiting_time": 0, "distance": 265, "driving_time": 255, "preparation_time": 0, "load_before": [0], "load_after": [0]}, {"type": "service", "id": "1100721000_48", "location_id": "1100721000", "address": {"location_id": "1100721000", "lat": 42.32579086, "lon": -71.09429904}, "arr_time": 1676281491, "arr_date_time": "2023-02-13T04:44:51-05:00", "end_time": 1676281791, "end_date_time": "2023-02-13T04:49:51-05:00", "waiting_time": 0, "distance": 303, "driving_time": 291, "preparation_time": 0, "load_before": [0], "load_after": [0]}, {"type": "service", "id": "1100603000_39", "location_id": "1100603000", "address": {"location_id": "1100603000", "lat": 42.32506297, "lon": -71.09352873}, "arr_time": 1676281920, "arr_date_time": "2023-02-13T04:52:00-05:00", "end_time": 1676282220, "end_date_time": "2023-02-13T04:57:00-05:00", "waiting_time": 0, "distance": 437, "driving_time": 420, "preparation_time": 0, "load_before": [0], "load_after": [0]}, {"type": "service", "id": "1100169001_06", "location_id": "1100169001", "address": {"location_id": "1100169001", "lat": 42.32446066, "lon": -71.09286841}, "arr_time": 1676282305, "arr_date_time": "2023-02-13T04:58:25-05:00", "end_time": 1676282605, "end_date_time": "2023-02-13T05:03:25-05:00", "waiting_time": 0, "distance": 525, "driving_time": 505, "preparation_time": 0, "load_before": [0], "load_after": [0]}, {"type": "service", "id": "1100612010_40", "location_id": "1100612010", "address": {"location_id": "1100612010", "lat": 42.32436797, "lon": -71.09390005}, "arr_time": 1676282691, "arr_date_time": "2023-02-13T05:04:51-05:00", "end_time": 1676282991, "end_date_time": "2023-02-13T05:09:51-05:00", "waiting_time": 0, "distance": 613, "driving_time": 591, "preparation_time": 0, "load_before": [0], "load_after": [0]}, {"type": "service", "id": "1100612020_41", "location_id": "1100612020", "address": {"location_id": "1100612020", "lat": 42.32440495, "lon": -71.09407799}, "arr_time": 1676283028, "arr_date_time": "2023-02-13T05:10:28-05:00", "end_time": 1676283328, "end_date_time": "2023-02-13T05:15:28-05:00", "waiting_time": 0, "distance": 653, "driving_time": 628, "preparation_time": 0, "load_before": [0], "load_after": [0]}, {"type": "service", "id": "1100521000_33", "location_id": "1100521000", "address": {"location_id": "1100521000", "lat": 42.32416327, "lon": -71.09472942}, "arr_time": 1676283357, "arr_date_time": "2023-02-13T05:15:57-05:00", "end_time": 1676283657, "end_date_time": "2023-02-13T05:20:57-05:00", "waiting_time": 0, "distance": 683, "driving_time": 657, "preparation_time": 0, "load_before": [0], "load_after": [0]}, {"type": "service", "id": "1100530000_34", "location_id": "1100530000", "address": {"location_id": "1100530000", "lat": 42.32355247, "lon": -71.09354505}, "arr_time": 1676283840, "arr_date_time": "2023-02-13T05:24:00-05:00", "end_time": 1676284140, "end_date_time": "2023-02-13T05:29:00-05:00", "waiting_time": 0, "distance": 873, "driving_time": 840, "preparation_time": 0, "load_before": [0], "load_after": [0]}, {"type": "service", "id": "1100547000_36", "location_id": "1100547000", "address": {"location_id": "1100547000", "lat": 42.32341309, "lon": -71.09415847}, "arr_time": 1676284231, "arr_date_time": "2023-02-13T05:30:31-05:00", "end_time": 1676284531, "end_date_time": "2023-02-13T05:35:31-05:00", "waiting_time": 0, "distance": 968, "driving_time": 931, "preparation_time": 0, "load_before": [0], "load_after": [0]}, {"type": "service", "id": "1100541000_35", "location_id": "1100541000", "address": {"location_id": "1100541000", "lat": 42.32379877, "lon": -71.09490562}, "arr_time": 1676284619, "arr_date_time": "2023-02-13T05:36:59-05:00", "end_time": 1676284919, "end_date_time": "2023-02-13T05:41:59-05:00", "waiting_time": 0, "distance": 1060, "driving_time": 1019, "preparation_time": 0, "load_before": [0], "load_after": [0]}, {"type": "service", "id": "1100549000_37", "location_id": "1100549000", "address": {"location_id": "1100549000", "lat": 42.32321086, "lon": -71.09407612}, "arr_time": 1676285060, "arr_date_time": "2023-02-13T05:44:20-05:00", "end_time": 1676285360, "end_date_time": "2023-02-13T05:49:20-05:00", "waiting_time": 0, "distance": 1207, "driving_time": 1160, "preparation_time": 0, "load_before": [0], "load_after": [0]}, {"type": "service", "id": "1100166001_05", "location_id": "1100166001", "address": {"location_id": "1100166001", "lat": 42.32445163, "lon": -71.09205696}, "arr_time": 1676285609, "arr_date_time": "2023-02-13T05:53:29-05:00", "end_time": 1676285909, "end_date_time": "2023-02-13T05:58:29-05:00", "waiting_time": 0, "distance": 1467, "driving_time": 1409, "preparation_time": 0, "load_before": [0], "load_after": [0]}, {"type": "service", "id": "1100207000_10", "location_id": "1100207000", "address": {"location_id": "1100207000", "lat": 42.32449269, "lon": -71.090865}, "arr_time": 1676286017, "arr_date_time": "2023-02-13T06:00:17-05:00", "end_time": 1676286317, "end_date_time": "2023-02-13T06:05:17-05:00", "waiting_time": 0, "distance": 1580, "driving_time": 1517, "preparation_time": 0, "load_before": [0], "load_after": [0]}, {"type": "service", "id": "903800000_04", "location_id": "903800000", "address": {"location_id": "903800000", "lat": 42.32434543, "lon": -71.08973761}, "arr_time": 1676286464, "arr_date_time": "2023-02-13T06:07:44-05:00", "end_time": 1676286764, "end_date_time": "2023-02-13T06:12:44-05:00", "waiting_time": 0, "distance": 1732, "driving_time": 1664, "preparation_time": 0, "load_before": [0], "load_after": [0]}, {"type": "service", "id": "903781000_01", "location_id": "903781000", "address": {"location_id": "903781000", "lat": 42.32391916, "lon": -71.08938294}, "arr_time": 1676286889, "arr_date_time": "2023-02-13T06:14:49-05:00", "end_time": 1676287189, "end_date_time": "2023-02-13T06:19:49-05:00", "waiting_time": 0, "distance": 1863, "driving_time": 1789, "preparation_time": 0, "load_before": [0], "load_after": [0]}, {"type": "service", "id": "903794000_03", "location_id": "903794000", "address": {"location_id": "903794000", "lat": 42.32420047, "lon": -71.09003762}, "arr_time": 1676287401, "arr_date_time": "2023-02-13T06:23:21-05:00", "end_time": 1676287701, "end_date_time": "2023-02-13T06:28:21-05:00", "waiting_time": 0, "distance": 2084, "driving_time": 2001, "preparation_time": 0, "load_before": [0], "load_after": [0]}, {"type": "service", "id": "1100188000_07", "location_id": "1100188000", "address": {"location_id": "1100188000", "lat": 42.32440492, "lon": -71.09055657}, "arr_time": 1676287701, "arr_date_time": "2023-02-13T06:28:21-05:00", "end_time": 1676288001, "end_date_time": "2023-02-13T06:33:21-05:00", "waiting_time": 0, "distance": 2084, "driving_time": 2001, "preparation_time": 0, "load_before": [0], "load_after": [0]}, {"type": "service", "id": "903792000_02", "location_id": "903792000", "address": {"location_id": "903792000", "lat": 42.32399563, "lon": -71.09003793}, "arr_time": 1676288021, "arr_date_time": "2023-02-13T06:33:41-05:00", "end_time": 1676288321, "end_date_time": "2023-02-13T06:38:41-05:00", "waiting_time": 0, "distance": 2104, "driving_time": 2021, "preparation_time": 0, "load_before": [0], "load_after": [0]}, {"type": "service", "id": "1100217000_11", "location_id": "1100217000", "address": {"location_id": "1100217000", "lat": 42.323686, "lon": -71.0906434}, "arr_time": 1676288373, "arr_date_time": "2023-02-13T06:39:33-05:00", "end_time": 1676288673, "end_date_time": "2023-02-13T06:44:33-05:00", "waiting_time": 0, "distance": 2158, "driving_time": 2073, "preparation_time": 0, "load_before": [0], "load_after": [0]}, {"type": "service", "id": "1100196000_08", "location_id": "1100196000", "address": {"location_id": "1100196000", "lat": 42.32345988, "lon": -71.09181668}, "arr_time": 1676288816, "arr_date_time": "2023-02-13T06:46:56-05:00", "end_time": 1676289116, "end_date_time": "2023-02-13T06:51:56-05:00", "waiting_time": 0, "distance": 2306, "driving_time": 2216, "preparation_time": 0, "load_before": [0], "load_after": [0]}, {"type": "service", "id": "1100197010_09", "location_id": "1100197010", "address": {"location_id": "1100197010", "lat": 42.32362924, "lon": -71.09197355}, "arr_time": 1676289159, "arr_date_time": "2023-02-13T06:52:39-05:00", "end_time": 1676289459, "end_date_time": "2023-02-13T06:57:39-05:00", "waiting_time": 0, "distance": 2350, "driving_time": 2259, "preparation_time": 0, "load_before": [0], "load_after": [0]}, {"type": "service", "id": "1100249000_12", "location_id": "1100249000", "address": {"location_id": "1100249000", "lat": 42.32242962, "lon": -71.09194242}, "arr_time": 1676289608, "arr_date_time": "2023-02-13T07:00:08-05:00", "end_time": 1676289908, "end_date_time": "2023-02-13T07:05:08-05:00", "waiting_time": 0, "distance": 2506, "driving_time": 2408, "preparation_time": 0, "load_before": [0], "load_after": [0]}, {"type": "service", "id": "1100359000_13", "location_id": "1100359000", "address": {"location_id": "1100359000", "lat": 42.32163224, "lon": -71.09234225}, "arr_time": 1676290068, "arr_date_time": "2023-02-13T07:07:48-05:00", "end_time": 1676290368, "end_date_time": "2023-02-13T07:12:48-05:00", "waiting_time": 0, "distance": 2673, "driving_time": 2568, "preparation_time": 0, "load_before": [0], "load_after": [0]}, {"type": "service", "id": "1100360000_14", "location_id": "1100360000", "address": {"location_id": "1100360000", "lat": 42.32157502, "lon": -71.09248095}, "arr_time": 1676290380, "arr_date_time": "2023-02-13T07:13:00-05:00", "end_time": 1676290680, "end_date_time": "2023-02-13T07:18:00-05:00", "waiting_time": 0, "distance": 2686, "driving_time": 2580, "preparation_time": 0, "load_before": [0], "load_after": [0]}, {"type": "service", "id": "1100385000_20", "location_id": "1100385000", "address": {"location_id": "1100385000", "lat": 42.32199035, "lon": -71.09258562}, "arr_time": 1676290779, "arr_date_time": "2023-02-13T07:19:39-05:00", "end_time": 1676291079, "end_date_time": "2023-02-13T07:24:39-05:00", "waiting_time": 0, "distance": 2788, "driving_time": 2679, "preparation_time": 0, "load_before": [0], "load_after": [0]}, {"type": "service", "id": "1100383000_19", "location_id": "1100383000", "address": {"location_id": "1100383000", "lat": 42.3218711, "lon": -71.09290935}, "arr_time": 1676291137, "arr_date_time": "2023-02-13T07:25:37-05:00", "end_time": 1676291437, "end_date_time": "2023-02-13T07:30:37-05:00", "waiting_time": 0, "distance": 2849, "driving_time": 2737, "preparation_time": 0, "load_before": [0], "load_after": [0]}, {"type": "service", "id": "1100381000_18", "location_id": "1100381000", "address": {"location_id": "1100381000", "lat": 42.32176044, "lon": -71.09273572}, "arr_time": 1676291475, "arr_date_time": "2023-02-13T07:31:15-05:00", "end_time": 1676291775, "end_date_time": "2023-02-13T07:36:15-05:00", "waiting_time": 0, "distance": 2888, "driving_time": 2775, "preparation_time": 0, "load_before": [0], "load_after": [0]}, {"type": "service", "id": "1100375000_17", "location_id": "1100375000", "address": {"location_id": "1100375000", "lat": 42.32142448, "lon": -71.09315044}, "arr_time": 1676291835, "arr_date_time": "2023-02-13T07:37:15-05:00", "end_time": 1676292135, "end_date_time": "2023-02-13T07:42:15-05:00", "waiting_time": 0, "distance": 2950, "driving_time": 2835, "preparation_time": 0, "load_before": [0], "load_after": [0]}, {"type": "service", "id": "1100369000_15", "location_id": "1100369000", "address": {"location_id": "1100369000", "lat": 42.32121566, "lon": -71.09354943}, "arr_time": 1676292216, "arr_date_time": "2023-02-13T07:43:36-05:00", "end_time": 1676292516, "end_date_time": "2023-02-13T07:48:36-05:00", "waiting_time": 0, "distance": 3035, "driving_time": 2916, "preparation_time": 0, "load_before": [0], "load_after": [0]}, {"type": "service", "id": "1100373000_16", "location_id": "1100373000", "address": {"location_id": "1100373000", "lat": 42.32125392, "lon": -71.09333896}, "arr_time": 1676292527, "arr_date_time": "2023-02-13T07:48:47-05:00", "end_time": 1676292827, "end_date_time": "2023-02-13T07:53:47-05:00", "waiting_time": 0, "distance": 3046, "driving_time": 2927, "preparation_time": 0, "load_before": [0], "load_after": [0]}, {"type": "service", "id": "1100927000_54", "location_id": "1100927000", "address": {"location_id": "1100927000", "lat": 42.32110616, "lon": -71.09415161}, "arr_time": 1676292869, "arr_date_time": "2023-02-13T07:54:29-05:00", "end_time": 1676293169, "end_date_time": "2023-02-13T07:59:29-05:00", "waiting_time": 0, "distance": 3090, "driving_time": 2969, "preparation_time": 0, "load_before": [0], "load_after": [0]}, {"type": "service", "id": "1100391000_21", "location_id": "1100391000", "address": {"location_id": "1100391000", "lat": 42.32148267, "lon": -71.09398791}, "arr_time": 1676293184, "arr_date_time": "2023-02-13T07:59:44-05:00", "end_time": 1676293484, "end_date_time": "2023-02-13T08:04:44-05:00", "waiting_time": 0, "distance": 3105, "driving_time": 2984, "preparation_time": 0, "load_before": [0], "load_after": [0]}, {"type": "service", "id": "1100392000_22", "location_id": "1100392000", "address": {"location_id": "1100392000", "lat": 42.32154894, "lon": -71.09410257}, "arr_time": 1676293496, "arr_date_time": "2023-02-13T08:04:56-05:00", "end_time": 1676293796, "end_date_time": "2023-02-13T08:09:56-05:00", "waiting_time": 0, "distance": 3117, "driving_time": 2996, "preparation_time": 0, "load_before": [0], "load_after": [0]}, {"type": "service", "id": "1100924000_53", "location_id": "1100924000", "address": {"location_id": "1100924000", "lat": 42.3213167, "lon": -71.09453486}, "arr_time": 1676293808, "arr_date_time": "2023-02-13T08:10:08-05:00", "end_time": 1676294108, "end_date_time": "2023-02-13T08:15:08-05:00", "waiting_time": 0, "distance": 3130, "driving_time": 3008, "preparation_time": 0, "load_before": [0], "load_after": [0]}, {"type": "service", "id": "1100393000_23", "location_id": "1100393000", "address": {"location_id": "1100393000", "lat": 42.32162257, "lon": -71.09421905}, "arr_time": 1676294108, "arr_date_time": "2023-02-13T08:15:08-05:00", "end_time": 1676294408, "end_date_time": "2023-02-13T08:20:08-05:00", "waiting_time": 0, "distance": 3130, "driving_time": 3008, "preparation_time": 0, "load_before": [0], "load_after": [0]}, {"type": "service", "id": "1100395000_24", "location_id": "1100395000", "address": {"location_id": "1100395000", "lat": 42.32177165, "lon": -71.09446029}, "arr_time": 1676294433, "arr_date_time": "2023-02-13T08:20:33-05:00", "end_time": 1676294733, "end_date_time": "2023-02-13T08:25:33-05:00", "waiting_time": 0, "distance": 3156, "driving_time": 3033, "preparation_time": 0, "load_before": [0], "load_after": [0]}, {"type": "service", "id": "1100922000_52", "location_id": "1100922000", "address": {"location_id": "1100922000", "lat": 42.32154003, "lon": -71.09481601}, "arr_time": 1676294740, "arr_date_time": "2023-02-13T08:25:40-05:00", "end_time": 1676295040, "end_date_time": "2023-02-13T08:30:40-05:00", "waiting_time": 0, "distance": 3164, "driving_time": 3040, "preparation_time": 0, "load_before": [0], "load_after": [0]}, {"type": "service", "id": "1100921000_51", "location_id": "1100921000", "address": {"location_id": "1100921000", "lat": 42.32158833, "lon": -71.09500917}, "arr_time": 1676295055, "arr_date_time": "2023-02-13T08:30:55-05:00", "end_time": 1676295355, "end_date_time": "2023-02-13T08:35:55-05:00", "waiting_time": 0, "distance": 3180, "driving_time": 3055, "preparation_time": 0, "load_before": [0], "load_after": [0]}, {"type": "service", "id": "1100422000_28", "location_id": "1100422000", "address": {"location_id": "1100422000", "lat": 42.32254886, "lon": -71.09511021}, "arr_time": 1676295469, "arr_date_time": "2023-02-13T08:37:49-05:00", "end_time": 1676295769, "end_date_time": "2023-02-13T08:42:49-05:00", "waiting_time": 0, "distance": 3299, "driving_time": 3169, "preparation_time": 0, "load_before": [0], "load_after": [0]}, {"type": "service", "id": "1100403000_25", "location_id": "1100403000", "address": {"location_id": "1100403000", "lat": 42.32228693, "lon": -71.09489798}, "arr_time": 1676295793, "arr_date_time": "2023-02-13T08:43:13-05:00", "end_time": 1676296093, "end_date_time": "2023-02-13T08:48:13-05:00", "waiting_time": 0, "distance": 3324, "driving_time": 3193, "preparation_time": 0, "load_before": [0], "load_after": [0]}, {"type": "service", "id": "1100408000_27", "location_id": "1100408000", "address": {"location_id": "1100408000", "lat": 42.3222142, "lon": -71.09450486}, "arr_time": 1676296125, "arr_date_time": "2023-02-13T08:48:45-05:00", "end_time": 1676296425, "end_date_time": "2023-02-13T08:53:45-05:00", "waiting_time": 0, "distance": 3357, "driving_time": 3225, "preparation_time": 0, "load_before": [0], "load_after": [0]}, {"type": "service", "id": "1100407000_26", "location_id": "1100407000", "address": {"location_id": "1100407000", "lat": 42.32213481, "lon": -71.09453606}, "arr_time": 1676296455, "arr_date_time": "2023-02-13T08:54:15-05:00", "end_time": 1676296755, "end_date_time": "2023-02-13T08:59:15-05:00", "waiting_time": 0, "distance": 3387, "driving_time": 3255, "preparation_time": 0, "load_before": [0], "load_after": [0]}, {"type": "service", "id": "1100424000_29", "location_id": "1100424000", "address": {"location_id": "1100424000", "lat": 42.32272739, "lon": -71.09505408}, "arr_time": 1676296856, "arr_date_time": "2023-02-13T09:00:56-05:00", "end_time": 1676297156, "end_date_time": "2023-02-13T09:05:56-05:00", "waiting_time": 0, "distance": 3492, "driving_time": 3356, "preparation_time": 0, "load_before": [0], "load_after": [0]}, {"type": "service", "id": "1100426010_30", "location_id": "1100426010", "address": {"location_id": "1100426010", "lat": 42.32286212, "lon": -71.0951064}, "arr_time": 1676297171, "arr_date_time": "2023-02-13T09:06:11-05:00", "end_time": 1676297471, "end_date_time": "2023-02-13T09:11:11-05:00", "waiting_time": 0, "distance": 3507, "driving_time": 3371, "preparation_time": 0, "load_before": [0], "load_after": [0]}, {"type": "service", "id": "1100557000_38", "location_id": "1100557000", "address": {"location_id": "1100557000", "lat": 42.3235443, "lon": -71.09517159}, "arr_time": 1676297536, "arr_date_time": "2023-02-13T09:12:16-05:00", "end_time": 1676297836, "end_date_time": "2023-02-13T09:17:16-05:00", "waiting_time": 0, "distance": 3576, "driving_time": 3436, "preparation_time": 0, "load_before": [0], "load_after": [0]}, {"type": "service", "id": "1100812000_50", "location_id": "1100812000", "address": {"location_id": "1100812000", "lat": 42.32471532, "lon": -71.09683847}, "arr_time": 1676298005, "arr_date_time": "2023-02-13T09:20:05-05:00", "end_time": 1676298305, "end_date_time": "2023-02-13T09:25:05-05:00", "waiting_time": 0, "distance": 3753, "driving_time": 3605, "preparation_time": 0, "load_before": [0], "load_after": [0]}, {"type": "service", "id": "1100811000_49", "location_id": "1100811000", "address": {"location_id": "1100811000", "lat": 42.32484272, "lon": -71.0968963}, "arr_time": 1676298320, "arr_date_time": "2023-02-13T09:25:20-05:00", "end_time": 1676298620, "end_date_time": "2023-02-13T09:30:20-05:00", "waiting_time": 0, "distance": 3768, "driving_time": 3620, "preparation_time": 0, "load_before": [0], "load_after": [0]}]}], "unassigned": {"services": [], "shipments": [], "breaks": [], "details": []}}}