{"copyrights": ["GraphHopper", "OpenStreetMap contributors"], "job_id": "a6b9a54a-9a8e-4fa6-9f77-910849a289a8", "status": "finished", "waiting_time_in_queue": 0, "processing_time": 208, "solution": {"costs": 351, "distance": 2357, "time": 2263, "transport_time": 2263, "completion_time": 18763, "max_operation_time": 18763, "waiting_time": 0, "service_duration": 16500, "preparation_time": 0, "no_vehicles": 1, "no_unassigned": 0, "routes": [{"vehicle_id": "my_vehicle", "shift_id": "default-shift", "distance": 2357, "transport_time": 2263, "completion_time": 18763, "waiting_time": 0, "service_duration": 16500, "preparation_time": 0, "activities": [{"type": "start", "location_id": "1502020001", "address": {"location_id": "1502020001", "lat": 42.30970975, "lon": -71.07221863}, "arr_time": 1676278800, "arr_date_time": "2023-02-13T04:00:00-05:00", "end_time": 1676278800, "end_date_time": "2023-02-13T04:00:00-05:00", "waiting_time": 0, "distance": 0, "driving_time": 0, "preparation_time": 0, "load_after": [0]}, {"type": "service", "id": "1502068000_18", "location_id": "1502068000", "address": {"location_id": "1502068000", "lat": 42.30951155, "lon": -71.07234478}, "arr_time": 1676278827, "arr_date_time": "2023-02-13T04:00:27-05:00", "end_time": 1676279127, "end_date_time": "2023-02-13T04:05:27-05:00", "waiting_time": 0, "distance": 28, "driving_time": 27, "preparation_time": 0, "load_before": [0], "load_after": [0]}, {"type": "service", "id": "1502065000_17", "location_id": "1502065000", "address": {"location_id": "1502065000", "lat": 42.30932741, "lon": -71.07202142}, "arr_time": 1676279192, "arr_date_time": "2023-02-13T04:06:32-05:00", "end_time": 1676279492, "end_date_time": "2023-02-13T04:11:32-05:00", "waiting_time": 0, "distance": 96, "driving_time": 92, "preparation_time": 0, "load_before": [0], "load_after": [0]}, {"type": "service", "id": "1502026000_02", "location_id": "1502026000", "address": {"location_id": "1502026000", "lat": 42.30926038, "lon": -71.0716896}, "arr_time": 1676279512, "arr_date_time": "2023-02-13T04:11:52-05:00", "end_time": 1676279812, "end_date_time": "2023-02-13T04:16:52-05:00", "waiting_time": 0, "distance": 117, "driving_time": 112, "preparation_time": 0, "load_before": [0], "load_after": [0]}, {"type": "service", "id": "1502061000_16", "location_id": "1502061000", "address": {"location_id": "1502061000", "lat": 42.30896735, "lon": -71.07226865}, "arr_time": 1676279932, "arr_date_time": "2023-02-13T04:18:52-05:00", "end_time": 1676280232, "end_date_time": "2023-02-13T04:23:52-05:00", "waiting_time": 0, "distance": 242, "driving_time": 232, "preparation_time": 0, "load_before": [0], "load_after": [0]}, {"type": "service", "id": "1502055000_15", "location_id": "1502055000", "address": {"location_id": "1502055000", "lat": 42.30849275, "lon": -71.07170293}, "arr_time": 1676280337, "arr_date_time": "2023-02-13T04:25:37-05:00", "end_time": 1676280637, "end_date_time": "2023-02-13T04:30:37-05:00", "waiting_time": 0, "distance": 352, "driving_time": 337, "preparation_time": 0, "load_before": [0], "load_after": [0]}, {"type": "service", "id": "1502048010_14", "location_id": "1502048010", "address": {"location_id": "1502048010", "lat": 42.30805733, "lon": -71.0710924}, "arr_time": 1676280715, "arr_date_time": "2023-02-13T04:31:55-05:00", "end_time": 1676281015, "end_date_time": "2023-02-13T04:36:55-05:00", "waiting_time": 0, "distance": 432, "driving_time": 415, "preparation_time": 0, "load_before": [0], "load_after": [0]}, {"type": "service", "id": "1502047010_13", "location_id": "1502047010", "address": {"location_id": "1502047010", "lat": 42.30796234, "lon": -71.07095669}, "arr_time": 1676281029, "arr_date_time": "2023-02-13T04:37:09-05:00", "end_time": 1676281329, "end_date_time": "2023-02-13T04:42:09-05:00", "waiting_time": 0, "distance": 447, "driving_time": 429, "preparation_time": 0, "load_before": [0], "load_after": [0]}, {"type": "service", "id": "1502042000_12", "location_id": "1502042000", "address": {"location_id": "1502042000", "lat": 42.30757078, "lon": -71.07066086}, "arr_time": 1676281371, "arr_date_time": "2023-02-13T04:42:51-05:00", "end_time": 1676281671, "end_date_time": "2023-02-13T04:47:51-05:00", "waiting_time": 0, "distance": 491, "driving_time": 471, "preparation_time": 0, "load_before": [0], "load_after": [0]}, {"type": "service", "id": "1502041020_11", "location_id": "1502041020", "address": {"location_id": "1502041020", "lat": 42.30742191, "lon": -71.07061771}, "arr_time": 1676281715, "arr_date_time": "2023-02-13T04:48:35-05:00", "end_time": 1676282015, "end_date_time": "2023-02-13T04:53:35-05:00", "waiting_time": 0, "distance": 536, "driving_time": 515, "preparation_time": 0, "load_before": [0], "load_after": [0]}, {"type": "service", "id": "1502141000_39", "location_id": "1502141000", "address": {"location_id": "1502141000", "lat": 42.307205, "lon": -71.07017105}, "arr_time": 1676282037, "arr_date_time": "2023-02-13T04:53:57-05:00", "end_time": 1676282337, "end_date_time": "2023-02-13T04:58:57-05:00", "waiting_time": 0, "distance": 560, "driving_time": 537, "preparation_time": 0, "load_before": [0], "load_after": [0]}, {"type": "service", "id": "1502142000_40", "location_id": "1502142000", "address": {"location_id": "1502142000", "lat": 42.30735253, "lon": -71.07004802}, "arr_time": 1676282351, "arr_date_time": "2023-02-13T04:59:11-05:00", "end_time": 1676282651, "end_date_time": "2023-02-13T05:04:11-05:00", "waiting_time": 0, "distance": 574, "driving_time": 551, "preparation_time": 0, "load_before": [0], "load_after": [0]}, {"type": "service", "id": "1502091000_27", "location_id": "1502091000", "address": {"location_id": "1502091000", "lat": 42.30747248, "lon": -71.06978907}, "arr_time": 1676282677, "arr_date_time": "2023-02-13T05:04:37-05:00", "end_time": 1676282977, "end_date_time": "2023-02-13T05:09:37-05:00", "waiting_time": 0, "distance": 601, "driving_time": 577, "preparation_time": 0, "load_before": [0], "load_after": [0]}, {"type": "service", "id": "1502143000_41", "location_id": "1502143000", "address": {"location_id": "1502143000", "lat": 42.30718171, "lon": -71.07002954}, "arr_time": 1676282987, "arr_date_time": "2023-02-13T05:09:47-05:00", "end_time": 1676283287, "end_date_time": "2023-02-13T05:14:47-05:00", "waiting_time": 0, "distance": 610, "driving_time": 587, "preparation_time": 0, "load_before": [0], "load_after": [0]}, {"type": "service", "id": "1502147000_42", "location_id": "1502147000", "address": {"location_id": "1502147000", "lat": 42.30699618, "lon": -71.06889005}, "arr_time": 1676283368, "arr_date_time": "2023-02-13T05:16:08-05:00", "end_time": 1676283668, "end_date_time": "2023-02-13T05:21:08-05:00", "waiting_time": 0, "distance": 694, "driving_time": 668, "preparation_time": 0, "load_before": [0], "load_after": [0]}, {"type": "service", "id": "1502089000_26", "location_id": "1502089000", "address": {"location_id": "1502089000", "lat": 42.30729195, "lon": -71.06918181}, "arr_time": 1676283675, "arr_date_time": "2023-02-13T05:21:15-05:00", "end_time": 1676283975, "end_date_time": "2023-02-13T05:26:15-05:00", "waiting_time": 0, "distance": 700, "driving_time": 675, "preparation_time": 0, "load_before": [0], "load_after": [0]}, {"type": "service", "id": "1502095000_29", "location_id": "1502095000", "address": {"location_id": "1502095000", "lat": 42.30716378, "lon": -71.06863631}, "arr_time": 1676283996, "arr_date_time": "2023-02-13T05:26:36-05:00", "end_time": 1676284296, "end_date_time": "2023-02-13T05:31:36-05:00", "waiting_time": 0, "distance": 722, "driving_time": 696, "preparation_time": 0, "load_before": [0], "load_after": [0]}, {"type": "service", "id": "1502094000_28", "location_id": "1502094000", "address": {"location_id": "1502094000", "lat": 42.30722866, "lon": -71.06872242}, "arr_time": 1676284296, "arr_date_time": "2023-02-13T05:31:36-05:00", "end_time": 1676284596, "end_date_time": "2023-02-13T05:36:36-05:00", "waiting_time": 0, "distance": 722, "driving_time": 696, "preparation_time": 0, "load_before": [0], "load_after": [0]}, {"type": "service", "id": "1502087000_25", "location_id": "1502087000", "address": {"location_id": "1502087000", "lat": 42.3073906, "lon": -71.06889169}, "arr_time": 1676284599, "arr_date_time": "2023-02-13T05:36:39-05:00", "end_time": 1676284899, "end_date_time": "2023-02-13T05:41:39-05:00", "waiting_time": 0, "distance": 725, "driving_time": 699, "preparation_time": 0, "load_before": [0], "load_after": [0]}, {"type": "service", "id": "1502085000_24", "location_id": "1502085000", "address": {"location_id": "1502085000", "lat": 42.30749064, "lon": -71.06911066}, "arr_time": 1676284948, "arr_date_time": "2023-02-13T05:42:28-05:00", "end_time": 1676285248, "end_date_time": "2023-02-13T05:47:28-05:00", "waiting_time": 0, "distance": 777, "driving_time": 748, "preparation_time": 0, "load_before": [0], "load_after": [0]}, {"type": "service", "id": "1502084000_23", "location_id": "1502084000", "address": {"location_id": "1502084000", "lat": 42.30755679, "lon": -71.06921104}, "arr_time": 1676285259, "arr_date_time": "2023-02-13T05:47:39-05:00", "end_time": 1676285559, "end_date_time": "2023-02-13T05:52:39-05:00", "waiting_time": 0, "distance": 788, "driving_time": 759, "preparation_time": 0, "load_before": [0], "load_after": [0]}, {"type": "service", "id": "1502083000_22", "location_id": "1502083000", "address": {"location_id": "1502083000", "lat": 42.30763149, "lon": -71.06930008}, "arr_time": 1676285569, "arr_date_time": "2023-02-13T05:52:49-05:00", "end_time": 1676285869, "end_date_time": "2023-02-13T05:57:49-05:00", "waiting_time": 0, "distance": 799, "driving_time": 769, "preparation_time": 0, "load_before": [0], "load_after": [0]}, {"type": "service", "id": "1502081000_21", "location_id": "1502081000", "address": {"location_id": "1502081000", "lat": 42.30777268, "lon": -71.0695066}, "arr_time": 1676285927, "arr_date_time": "2023-02-13T05:58:47-05:00", "end_time": 1676286227, "end_date_time": "2023-02-13T06:03:47-05:00", "waiting_time": 0, "distance": 858, "driving_time": 827, "preparation_time": 0, "load_before": [0], "load_after": [0]}, {"type": "service", "id": "1502071000_19", "location_id": "1502071000", "address": {"location_id": "1502071000", "lat": 42.30789335, "lon": -71.06980194}, "arr_time": 1676286233, "arr_date_time": "2023-02-13T06:03:53-05:00", "end_time": 1676286533, "end_date_time": "2023-02-13T06:08:53-05:00", "waiting_time": 0, "distance": 865, "driving_time": 833, "preparation_time": 0, "load_before": [0], "load_after": [0]}, {"type": "service", "id": "1502037000_06", "location_id": "1502037000", "address": {"location_id": "1502037000", "lat": 42.30836232, "lon": -71.07029811}, "arr_time": 1676286643, "arr_date_time": "2023-02-13T06:10:43-05:00", "end_time": 1676286943, "end_date_time": "2023-02-13T06:15:43-05:00", "waiting_time": 0, "distance": 979, "driving_time": 943, "preparation_time": 0, "load_before": [0], "load_after": [0]}, {"type": "service", "id": "1502036000_05", "location_id": "1502036000", "address": {"location_id": "1502036000", "lat": 42.3084419, "lon": -71.0704084}, "arr_time": 1676286955, "arr_date_time": "2023-02-13T06:15:55-05:00", "end_time": 1676287255, "end_date_time": "2023-02-13T06:20:55-05:00", "waiting_time": 0, "distance": 992, "driving_time": 955, "preparation_time": 0, "load_before": [0], "load_after": [0]}, {"type": "service", "id": "1502034000_04", "location_id": "1502034000", "address": {"location_id": "1502034000", "lat": 42.30856286, "lon": -71.07074427}, "arr_time": 1676287283, "arr_date_time": "2023-02-13T06:21:23-05:00", "end_time": 1676287583, "end_date_time": "2023-02-13T06:26:23-05:00", "waiting_time": 0, "distance": 1021, "driving_time": 983, "preparation_time": 0, "load_before": [0], "load_after": [0]}, {"type": "service", "id": "1502033000_03", "location_id": "1502033000", "address": {"location_id": "1502033000", "lat": 42.30866515, "lon": -71.07087336}, "arr_time": 1676287597, "arr_date_time": "2023-02-13T06:26:37-05:00", "end_time": 1676287897, "end_date_time": "2023-02-13T06:31:37-05:00", "waiting_time": 0, "distance": 1037, "driving_time": 997, "preparation_time": 0, "load_before": [0], "load_after": [0]}, {"type": "service", "id": "1502025000_01", "location_id": "1502025000", "address": {"location_id": "1502025000", "lat": 42.30941477, "lon": -71.07167526}, "arr_time": 1676287999, "arr_date_time": "2023-02-13T06:33:19-05:00", "end_time": 1676288299, "end_date_time": "2023-02-13T06:38:19-05:00", "waiting_time": 0, "distance": 1142, "driving_time": 1099, "preparation_time": 0, "load_before": [0], "load_after": [0]}, {"type": "service", "id": "1502039010_07", "location_id": "1502039010", "address": {"location_id": "1502039010", "lat": 42.3082637, "lon": -71.07050526}, "arr_time": 1676288516, "arr_date_time": "2023-02-13T06:41:56-05:00", "end_time": 1676288816, "end_date_time": "2023-02-13T06:46:56-05:00", "waiting_time": 0, "distance": 1368, "driving_time": 1316, "preparation_time": 0, "load_before": [0], "load_after": [0]}, {"type": "service", "id": "1502077000_20", "location_id": "1502077000", "address": {"location_id": "1502077000", "lat": 42.30794217, "lon": -71.0701115}, "arr_time": 1676288820, "arr_date_time": "2023-02-13T06:47:00-05:00", "end_time": 1676289120, "end_date_time": "2023-02-13T06:52:00-05:00", "waiting_time": 0, "distance": 1371, "driving_time": 1320, "preparation_time": 0, "load_before": [0], "load_after": [0]}, {"type": "service", "id": "1502040010_08", "location_id": "1502040010", "address": {"location_id": "1502040010", "lat": 42.30817571, "lon": -71.07054495}, "arr_time": 1676289125, "arr_date_time": "2023-02-13T06:52:05-05:00", "end_time": 1676289425, "end_date_time": "2023-02-13T06:57:05-05:00", "waiting_time": 0, "distance": 1377, "driving_time": 1325, "preparation_time": 0, "load_before": [0], "load_after": [0]}, {"type": "service", "id": "1502040020_09", "location_id": "1502040020", "address": {"location_id": "1502040020", "lat": 42.30811836, "lon": -71.07062231}, "arr_time": 1676289433, "arr_date_time": "2023-02-13T06:57:13-05:00", "end_time": 1676289733, "end_date_time": "2023-02-13T07:02:13-05:00", "waiting_time": 0, "distance": 1386, "driving_time": 1333, "preparation_time": 0, "load_before": [0], "load_after": [0]}, {"type": "service", "id": "1502040030_10", "location_id": "1502040030", "address": {"location_id": "1502040030", "lat": 42.30807963, "lon": -71.0707145}, "arr_time": 1676289737, "arr_date_time": "2023-02-13T07:02:17-05:00", "end_time": 1676290037, "end_date_time": "2023-02-13T07:07:17-05:00", "waiting_time": 0, "distance": 1390, "driving_time": 1337, "preparation_time": 0, "load_before": [0], "load_after": [0]}, {"type": "service", "id": "1502187001_55", "location_id": "1502187001", "address": {"location_id": "1502187001", "lat": 42.30602798, "lon": -71.06985721}, "arr_time": 1676290284, "arr_date_time": "2023-02-13T07:11:24-05:00", "end_time": 1676290584, "end_date_time": "2023-02-13T07:16:24-05:00", "waiting_time": 0, "distance": 1647, "driving_time": 1584, "preparation_time": 0, "load_before": [0], "load_after": [0]}, {"type": "service", "id": "1502187000_54", "location_id": "1502187000", "address": {"location_id": "1502187000", "lat": 42.30593284, "lon": -71.06981923}, "arr_time": 1676290595, "arr_date_time": "2023-02-13T07:16:35-05:00", "end_time": 1676290895, "end_date_time": "2023-02-13T07:21:35-05:00", "waiting_time": 0, "distance": 1658, "driving_time": 1595, "preparation_time": 0, "load_before": [0], "load_after": [0]}, {"type": "service", "id": "1502184000_53", "location_id": "1502184000", "address": {"location_id": "1502184000", "lat": 42.30565717, "lon": -71.06985022}, "arr_time": 1676290923, "arr_date_time": "2023-02-13T07:22:03-05:00", "end_time": 1676291223, "end_date_time": "2023-02-13T07:27:03-05:00", "waiting_time": 0, "distance": 1687, "driving_time": 1623, "preparation_time": 0, "load_before": [0], "load_after": [0]}, {"type": "service", "id": "1502182000_52", "location_id": "1502182000", "address": {"location_id": "1502182000", "lat": 42.30560774, "lon": -71.06955372}, "arr_time": 1676291264, "arr_date_time": "2023-02-13T07:27:44-05:00", "end_time": 1676291564, "end_date_time": "2023-02-13T07:32:44-05:00", "waiting_time": 0, "distance": 1730, "driving_time": 1664, "preparation_time": 0, "load_before": [0], "load_after": [0]}, {"type": "service", "id": "1502170000_49", "location_id": "1502170000", "address": {"location_id": "1502170000", "lat": 42.30557625, "lon": -71.06862496}, "arr_time": 1676291636, "arr_date_time": "2023-02-13T07:33:56-05:00", "end_time": 1676291936, "end_date_time": "2023-02-13T07:38:56-05:00", "waiting_time": 0, "distance": 1805, "driving_time": 1736, "preparation_time": 0, "load_before": [0], "load_after": [0]}, {"type": "service", "id": "1502150000_43", "location_id": "1502150000", "address": {"location_id": "1502150000", "lat": 42.30570434, "lon": -71.06889177}, "arr_time": 1676292001, "arr_date_time": "2023-02-13T07:40:01-05:00", "end_time": 1676292301, "end_date_time": "2023-02-13T07:45:01-05:00", "waiting_time": 0, "distance": 1873, "driving_time": 1801, "preparation_time": 0, "load_before": [0], "load_after": [0]}, {"type": "service", "id": "1502151000_44", "location_id": "1502151000", "address": {"location_id": "1502151000", "lat": 42.30582255, "lon": -71.06895873}, "arr_time": 1676292315, "arr_date_time": "2023-02-13T07:45:15-05:00", "end_time": 1676292615, "end_date_time": "2023-02-13T07:50:15-05:00", "waiting_time": 0, "distance": 1887, "driving_time": 1815, "preparation_time": 0, "load_before": [0], "load_after": [0]}, {"type": "service", "id": "1502176000_51", "location_id": "1502176000", "address": {"location_id": "1502176000", "lat": 42.30618005, "lon": -71.06957413}, "arr_time": 1676292664, "arr_date_time": "2023-02-13T07:51:04-05:00", "end_time": 1676292964, "end_date_time": "2023-02-13T07:56:04-05:00", "waiting_time": 0, "distance": 1938, "driving_time": 1864, "preparation_time": 0, "load_before": [0], "load_after": [0]}, {"type": "service", "id": "1502156000_45", "location_id": "1502156000", "address": {"location_id": "1502156000", "lat": 42.3063254, "lon": -71.06920091}, "arr_time": 1676292969, "arr_date_time": "2023-02-13T07:56:09-05:00", "end_time": 1676293269, "end_date_time": "2023-02-13T08:01:09-05:00", "waiting_time": 0, "distance": 1944, "driving_time": 1869, "preparation_time": 0, "load_before": [0], "load_after": [0]}, {"type": "service", "id": "1502173000_50", "location_id": "1502173000", "address": {"location_id": "1502173000", "lat": 42.30649816, "lon": -71.06972378}, "arr_time": 1676293321, "arr_date_time": "2023-02-13T08:02:01-05:00", "end_time": 1676293621, "end_date_time": "2023-02-13T08:07:01-05:00", "waiting_time": 0, "distance": 1999, "driving_time": 1921, "preparation_time": 0, "load_before": [0], "load_after": [0]}, {"type": "service", "id": "1502131000_38", "location_id": "1502131000", "address": {"location_id": "1502131000", "lat": 42.3067915, "lon": -71.06936149}, "arr_time": 1676293653, "arr_date_time": "2023-02-13T08:07:33-05:00", "end_time": 1676293953, "end_date_time": "2023-02-13T08:12:33-05:00", "waiting_time": 0, "distance": 2032, "driving_time": 1953, "preparation_time": 0, "load_before": [0], "load_after": [0]}, {"type": "service", "id": "1502130000_37", "location_id": "1502130000", "address": {"location_id": "1502130000", "lat": 42.30679684, "lon": -71.06921062}, "arr_time": 1676293965, "arr_date_time": "2023-02-13T08:12:45-05:00", "end_time": 1676294265, "end_date_time": "2023-02-13T08:17:45-05:00", "waiting_time": 0, "distance": 2044, "driving_time": 1965, "preparation_time": 0, "load_before": [0], "load_after": [0]}, {"type": "service", "id": "1502129000_36", "location_id": "1502129000", "address": {"location_id": "1502129000", "lat": 42.30680716, "lon": -71.06906541}, "arr_time": 1676294277, "arr_date_time": "2023-02-13T08:17:57-05:00", "end_time": 1676294577, "end_date_time": "2023-02-13T08:22:57-05:00", "waiting_time": 0, "distance": 2056, "driving_time": 1977, "preparation_time": 0, "load_before": [0], "load_after": [0]}, {"type": "service", "id": "1502159000_46", "location_id": "1502159000", "address": {"location_id": "1502159000", "lat": 42.30646721, "lon": -71.0689721}, "arr_time": 1676294600, "arr_date_time": "2023-02-13T08:23:20-05:00", "end_time": 1676294900, "end_date_time": "2023-02-13T08:28:20-05:00", "waiting_time": 0, "distance": 2080, "driving_time": 2000, "preparation_time": 0, "load_before": [0], "load_after": [0]}, {"type": "service", "id": "1502125000_35", "location_id": "1502125000", "address": {"location_id": "1502125000", "lat": 42.30661437, "lon": -71.06856911}, "arr_time": 1676294903, "arr_date_time": "2023-02-13T08:28:23-05:00", "end_time": 1676295203, "end_date_time": "2023-02-13T08:33:23-05:00", "waiting_time": 0, "distance": 2083, "driving_time": 2003, "preparation_time": 0, "load_before": [0], "load_after": [0]}, {"type": "service", "id": "1502160000_47", "location_id": "1502160000", "address": {"location_id": "1502160000", "lat": 42.30633966, "lon": -71.06890743}, "arr_time": 1676295220, "arr_date_time": "2023-02-13T08:33:40-05:00", "end_time": 1676295520, "end_date_time": "2023-02-13T08:38:40-05:00", "waiting_time": 0, "distance": 2101, "driving_time": 2020, "preparation_time": 0, "load_before": [0], "load_after": [0]}, {"type": "service", "id": "1502119000_34", "location_id": "1502119000", "address": {"location_id": "1502119000", "lat": 42.3061693, "lon": -71.06829139}, "arr_time": 1676295561, "arr_date_time": "2023-02-13T08:39:21-05:00", "end_time": 1676295861, "end_date_time": "2023-02-13T08:44:21-05:00", "waiting_time": 0, "distance": 2145, "driving_time": 2061, "preparation_time": 0, "load_before": [0], "load_after": [0]}, {"type": "service", "id": "1502118000_33", "location_id": "1502118000", "address": {"location_id": "1502118000", "lat": 42.30609209, "lon": -71.06819511}, "arr_time": 1676295872, "arr_date_time": "2023-02-13T08:44:32-05:00", "end_time": 1676296172, "end_date_time": "2023-02-13T08:49:32-05:00", "waiting_time": 0, "distance": 2157, "driving_time": 2072, "preparation_time": 0, "load_before": [0], "load_after": [0]}, {"type": "service", "id": "1502166000_48", "location_id": "1502166000", "address": {"location_id": "1502166000", "lat": 42.30572311, "lon": -71.06845918}, "arr_time": 1676296187, "arr_date_time": "2023-02-13T08:49:47-05:00", "end_time": 1676296487, "end_date_time": "2023-02-13T08:54:47-05:00", "waiting_time": 0, "distance": 2173, "driving_time": 2087, "preparation_time": 0, "load_before": [0], "load_after": [0]}, {"type": "service", "id": "1502110000_32", "location_id": "1502110000", "address": {"location_id": "1502110000", "lat": 42.30625018, "lon": -71.06798264}, "arr_time": 1676296648, "arr_date_time": "2023-02-13T08:57:28-05:00", "end_time": 1676296948, "end_date_time": "2023-02-13T09:02:28-05:00", "waiting_time": 0, "distance": 2341, "driving_time": 2248, "preparation_time": 0, "load_before": [0], "load_after": [0]}, {"type": "service", "id": "1502108000_30", "location_id": "1502108000", "address": {"location_id": "1502108000", "lat": 42.30650093, "lon": -71.06786776}, "arr_time": 1676296961, "arr_date_time": "2023-02-13T09:02:41-05:00", "end_time": 1676297261, "end_date_time": "2023-02-13T09:07:41-05:00", "waiting_time": 0, "distance": 2355, "driving_time": 2261, "preparation_time": 0, "load_before": [0], "load_after": [0]}, {"type": "service", "id": "1502109000_31", "location_id": "1502109000", "address": {"location_id": "1502109000", "lat": 42.30638045, "lon": -71.06808418}, "arr_time": 1676297263, "arr_date_time": "2023-02-13T09:07:43-05:00", "end_time": 1676297563, "end_date_time": "2023-02-13T09:12:43-05:00", "waiting_time": 0, "distance": 2357, "driving_time": 2263, "preparation_time": 0, "load_before": [0], "load_after": [0]}]}], "unassigned": {"services": [], "shipments": [], "breaks": [], "details": []}}}