{"copyrights": ["GraphHopper", "OpenStreetMap contributors"], "job_id": "ce703174-e67a-439b-b6c4-dc4c844296aa", "status": "finished", "waiting_time_in_queue": 0, "processing_time": 184, "solution": {"costs": 367, "distance": 2861, "time": 2740, "transport_time": 2740, "completion_time": 20740, "max_operation_time": 20740, "waiting_time": 0, "service_duration": 18000, "preparation_time": 0, "no_vehicles": 1, "no_unassigned": 0, "routes": [{"vehicle_id": "my_vehicle", "shift_id": "default-shift", "distance": 2861, "transport_time": 2740, "completion_time": 20740, "waiting_time": 0, "service_duration": 18000, "preparation_time": 0, "activities": [{"type": "start", "location_id": "1501967000", "address": {"location_id": "1501967000", "lat": 42.31100439, "lon": -71.069803}, "arr_time": 1676278800, "arr_date_time": "2023-02-13T04:00:00-05:00", "end_time": 1676278800, "end_date_time": "2023-02-13T04:00:00-05:00", "waiting_time": 0, "distance": 0, "driving_time": 0, "preparation_time": 0, "load_after": [0]}, {"type": "service", "id": "1501968000_51", "location_id": "1501968000", "address": {"location_id": "1501968000", "lat": 42.31085398, "lon": -71.06990921}, "arr_time": 1676278819, "arr_date_time": "2023-02-13T04:00:19-05:00", "end_time": 1676279119, "end_date_time": "2023-02-13T04:05:19-05:00", "waiting_time": 0, "distance": 19, "driving_time": 19, "preparation_time": 0, "load_before": [0], "load_after": [0]}, {"type": "service", "id": "1501945010_45", "location_id": "1501945010", "address": {"location_id": "1501945010", "lat": 42.3106886, "lon": -71.06957571}, "arr_time": 1676279121, "arr_date_time": "2023-02-13T04:05:21-05:00", "end_time": 1676279421, "end_date_time": "2023-02-13T04:10:21-05:00", "waiting_time": 0, "distance": 22, "driving_time": 21, "preparation_time": 0, "load_before": [0], "load_after": [0]}, {"type": "service", "id": "1501970000_52", "location_id": "1501970000", "address": {"location_id": "1501970000", "lat": 42.31073328, "lon": -71.07016667}, "arr_time": 1676279439, "arr_date_time": "2023-02-13T04:10:39-05:00", "end_time": 1676279739, "end_date_time": "2023-02-13T04:15:39-05:00", "waiting_time": 0, "distance": 40, "driving_time": 39, "preparation_time": 0, "load_before": [0], "load_after": [0]}, {"type": "service", "id": "1501973010_53", "location_id": "1501973010", "address": {"location_id": "1501973010", "lat": 42.31047877, "lon": -71.07040046}, "arr_time": 1676279772, "arr_date_time": "2023-02-13T04:16:12-05:00", "end_time": 1676280072, "end_date_time": "2023-02-13T04:21:12-05:00", "waiting_time": 0, "distance": 75, "driving_time": 72, "preparation_time": 0, "load_before": [0], "load_after": [0]}, {"type": "service", "id": "1501940000_44", "location_id": "1501940000", "address": {"location_id": "1501940000", "lat": 42.31004893, "lon": -71.07005655}, "arr_time": 1676280099, "arr_date_time": "2023-02-13T04:21:39-05:00", "end_time": 1676280399, "end_date_time": "2023-02-13T04:26:39-05:00", "waiting_time": 0, "distance": 103, "driving_time": 99, "preparation_time": 0, "load_before": [0], "load_after": [0]}, {"type": "service", "id": "1501978000_54", "location_id": "1501978000", "address": {"location_id": "1501978000", "lat": 42.31003823, "lon": -71.07079041}, "arr_time": 1676280428, "arr_date_time": "2023-02-13T04:27:08-05:00", "end_time": 1676280728, "end_date_time": "2023-02-13T04:32:08-05:00", "waiting_time": 0, "distance": 134, "driving_time": 128, "preparation_time": 0, "load_before": [0], "load_after": [0]}, {"type": "service", "id": "1501979000_55", "location_id": "1501979000", "address": {"location_id": "1501979000", "lat": 42.30997658, "lon": -71.07092224}, "arr_time": 1676280739, "arr_date_time": "2023-02-13T04:32:19-05:00", "end_time": 1676281039, "end_date_time": "2023-02-13T04:37:19-05:00", "waiting_time": 0, "distance": 145, "driving_time": 139, "preparation_time": 0, "load_before": [0], "load_after": [0]}, {"type": "service", "id": "1501981000_56", "location_id": "1501981000", "address": {"location_id": "1501981000", "lat": 42.30969021, "lon": -71.07088229}, "arr_time": 1676281064, "arr_date_time": "2023-02-13T04:37:44-05:00", "end_time": 1676281364, "end_date_time": "2023-02-13T04:42:44-05:00", "waiting_time": 0, "distance": 171, "driving_time": 164, "preparation_time": 0, "load_before": [0], "load_after": [0]}, {"type": "service", "id": "1501935000_43", "location_id": "1501935000", "address": {"location_id": "1501935000", "lat": 42.30934632, "lon": -71.07047998}, "arr_time": 1676281380, "arr_date_time": "2023-02-13T04:43:00-05:00", "end_time": 1676281680, "end_date_time": "2023-02-13T04:48:00-05:00", "waiting_time": 0, "distance": 188, "driving_time": 180, "preparation_time": 0, "load_before": [0], "load_after": [0]}, {"type": "service", "id": "1501987000_57", "location_id": "1501987000", "address": {"location_id": "1501987000", "lat": 42.30988917, "lon": -71.07144702}, "arr_time": 1676281791, "arr_date_time": "2023-02-13T04:49:51-05:00", "end_time": 1676282091, "end_date_time": "2023-02-13T04:54:51-05:00", "waiting_time": 0, "distance": 304, "driving_time": 291, "preparation_time": 0, "load_before": [0], "load_after": [0]}, {"type": "service", "id": "1501988000_58", "location_id": "1501988000", "address": {"location_id": "1501988000", "lat": 42.30994649, "lon": -71.0716279}, "arr_time": 1676282105, "arr_date_time": "2023-02-13T04:55:05-05:00", "end_time": 1676282405, "end_date_time": "2023-02-13T05:00:05-05:00", "waiting_time": 0, "distance": 319, "driving_time": 305, "preparation_time": 0, "load_before": [0], "load_after": [0]}, {"type": "service", "id": "1501997000_59", "location_id": "1501997000", "address": {"location_id": "1501997000", "lat": 42.3105725, "lon": -71.07087877}, "arr_time": 1676282576, "arr_date_time": "2023-02-13T05:02:56-05:00", "end_time": 1676282876, "end_date_time": "2023-02-13T05:07:56-05:00", "waiting_time": 0, "distance": 497, "driving_time": 476, "preparation_time": 0, "load_before": [0], "load_after": [0]}, {"type": "service", "id": "1501998000_60", "location_id": "1501998000", "address": {"location_id": "1501998000", "lat": 42.31065042, "lon": -71.07077435}, "arr_time": 1676282888, "arr_date_time": "2023-02-13T05:08:08-05:00", "end_time": 1676283188, "end_date_time": "2023-02-13T05:13:08-05:00", "waiting_time": 0, "distance": 509, "driving_time": 488, "preparation_time": 0, "load_before": [0], "load_after": [0]}, {"type": "service", "id": "1501945020_46", "location_id": "1501945020", "address": {"location_id": "1501945020", "lat": 42.31086474, "lon": -71.06946035}, "arr_time": 1676283335, "arr_date_time": "2023-02-13T05:15:35-05:00", "end_time": 1676283635, "end_date_time": "2023-02-13T05:20:35-05:00", "waiting_time": 0, "distance": 662, "driving_time": 635, "preparation_time": 0, "load_before": [0], "load_after": [0]}, {"type": "service", "id": "1501947001_47", "location_id": "1501947001", "address": {"location_id": "1501947001", "lat": 42.31059874, "lon": -71.06904738}, "arr_time": 1676283719, "arr_date_time": "2023-02-13T05:21:59-05:00", "end_time": 1676284019, "end_date_time": "2023-02-13T05:26:59-05:00", "waiting_time": 0, "distance": 749, "driving_time": 719, "preparation_time": 0, "load_before": [0], "load_after": [0]}, {"type": "service", "id": "1501950000_48", "location_id": "1501950000", "address": {"location_id": "1501950000", "lat": 42.31038922, "lon": -71.06932934}, "arr_time": 1676284048, "arr_date_time": "2023-02-13T05:27:28-05:00", "end_time": 1676284348, "end_date_time": "2023-02-13T05:32:28-05:00", "waiting_time": 0, "distance": 780, "driving_time": 748, "preparation_time": 0, "load_before": [0], "load_after": [0]}, {"type": "service", "id": "1501951000_49", "location_id": "1501951000", "address": {"location_id": "1501951000", "lat": 42.31023595, "lon": -71.0693292}, "arr_time": 1676284363, "arr_date_time": "2023-02-13T05:32:43-05:00", "end_time": 1676284663, "end_date_time": "2023-02-13T05:37:43-05:00", "waiting_time": 0, "distance": 795, "driving_time": 763, "preparation_time": 0, "load_before": [0], "load_after": [0]}, {"type": "service", "id": "1501915000_40", "location_id": "1501915000", "address": {"location_id": "1501915000", "lat": 42.30982433, "lon": -71.0690638}, "arr_time": 1676284693, "arr_date_time": "2023-02-13T05:38:13-05:00", "end_time": 1676284993, "end_date_time": "2023-02-13T05:43:13-05:00", "waiting_time": 0, "distance": 828, "driving_time": 793, "preparation_time": 0, "load_before": [0], "load_after": [0]}, {"type": "service", "id": "1501954000_50", "location_id": "1501954000", "address": {"location_id": "1501954000", "lat": 42.30991891, "lon": -71.06963146}, "arr_time": 1676285003, "arr_date_time": "2023-02-13T05:43:23-05:00", "end_time": 1676285303, "end_date_time": "2023-02-13T05:48:23-05:00", "waiting_time": 0, "distance": 838, "driving_time": 803, "preparation_time": 0, "load_before": [0], "load_after": [0]}, {"type": "service", "id": "1501914000_39", "location_id": "1501914000", "address": {"location_id": "1501914000", "lat": 42.30967983, "lon": -71.06888555}, "arr_time": 1676285351, "arr_date_time": "2023-02-13T05:49:11-05:00", "end_time": 1676285651, "end_date_time": "2023-02-13T05:54:11-05:00", "waiting_time": 0, "distance": 889, "driving_time": 851, "preparation_time": 0, "load_before": [0], "load_after": [0]}, {"type": "service", "id": "1501913000_38", "location_id": "1501913000", "address": {"location_id": "1501913000", "lat": 42.30959865, "lon": -71.06864552}, "arr_time": 1676285672, "arr_date_time": "2023-02-13T05:54:32-05:00", "end_time": 1676285972, "end_date_time": "2023-02-13T05:59:32-05:00", "waiting_time": 0, "distance": 911, "driving_time": 872, "preparation_time": 0, "load_before": [0], "load_after": [0]}, {"type": "service", "id": "1501899000_36", "location_id": "1501899000", "address": {"location_id": "1501899000", "lat": 42.30954426, "lon": -71.06816712}, "arr_time": 1676286023, "arr_date_time": "2023-02-13T06:00:23-05:00", "end_time": 1676286323, "end_date_time": "2023-02-13T06:05:23-05:00", "waiting_time": 0, "distance": 963, "driving_time": 923, "preparation_time": 0, "load_before": [0], "load_after": [0]}, {"type": "service", "id": "1501910000_37", "location_id": "1501910000", "address": {"location_id": "1501910000", "lat": 42.30995757, "lon": -71.06840729}, "arr_time": 1676286352, "arr_date_time": "2023-02-13T06:05:52-05:00", "end_time": 1676286652, "end_date_time": "2023-02-13T06:10:52-05:00", "waiting_time": 0, "distance": 994, "driving_time": 952, "preparation_time": 0, "load_before": [0], "load_after": [0]}, {"type": "service", "id": "1501895010_35", "location_id": "1501895010", "address": {"location_id": "1501895010", "lat": 42.30911066, "lon": -71.0685978}, "arr_time": 1676286732, "arr_date_time": "2023-02-13T06:12:12-05:00", "end_time": 1676287032, "end_date_time": "2023-02-13T06:17:12-05:00", "waiting_time": 0, "distance": 1077, "driving_time": 1032, "preparation_time": 0, "load_before": [0], "load_after": [0]}, {"type": "service", "id": "1501894000_34", "location_id": "1501894000", "address": {"location_id": "1501894000", "lat": 42.3090243, "lon": -71.0687464}, "arr_time": 1676287052, "arr_date_time": "2023-02-13T06:17:32-05:00", "end_time": 1676287352, "end_date_time": "2023-02-13T06:22:32-05:00", "waiting_time": 0, "distance": 1098, "driving_time": 1052, "preparation_time": 0, "load_before": [0], "load_after": [0]}, {"type": "service", "id": "1501930000_41", "location_id": "1501930000", "address": {"location_id": "1501930000", "lat": 42.30873025, "lon": -71.06997866}, "arr_time": 1676287499, "arr_date_time": "2023-02-13T06:24:59-05:00", "end_time": 1676287799, "end_date_time": "2023-02-13T06:29:59-05:00", "waiting_time": 0, "distance": 1251, "driving_time": 1199, "preparation_time": 0, "load_before": [0], "load_after": [0]}, {"type": "service", "id": "1501931000_42", "location_id": "1501931000", "address": {"location_id": "1501931000", "lat": 42.30889236, "lon": -71.07025469}, "arr_time": 1676287827, "arr_date_time": "2023-02-13T06:30:27-05:00", "end_time": 1676288127, "end_date_time": "2023-02-13T06:35:27-05:00", "waiting_time": 0, "distance": 1280, "driving_time": 1227, "preparation_time": 0, "load_before": [0], "load_after": [0]}, {"type": "service", "id": "1501845000_24", "location_id": "1501845000", "address": {"location_id": "1501845000", "lat": 42.30822816, "lon": -71.06866245}, "arr_time": 1676288300, "arr_date_time": "2023-02-13T06:38:20-05:00", "end_time": 1676288600, "end_date_time": "2023-02-13T06:43:20-05:00", "waiting_time": 0, "distance": 1461, "driving_time": 1400, "preparation_time": 0, "load_before": [0], "load_after": [0]}, {"type": "service", "id": "1501847000_25", "location_id": "1501847000", "address": {"location_id": "1501847000", "lat": 42.30845015, "lon": -71.06836262}, "arr_time": 1676288633, "arr_date_time": "2023-02-13T06:43:53-05:00", "end_time": 1676288933, "end_date_time": "2023-02-13T06:48:53-05:00", "waiting_time": 0, "distance": 1496, "driving_time": 1433, "preparation_time": 0, "load_before": [0], "load_after": [0]}, {"type": "service", "id": "1501848000_26", "location_id": "1501848000", "address": {"location_id": "1501848000", "lat": 42.30852755, "lon": -71.06825746}, "arr_time": 1676288945, "arr_date_time": "2023-02-13T06:49:05-05:00", "end_time": 1676289245, "end_date_time": "2023-02-13T06:54:05-05:00", "waiting_time": 0, "distance": 1508, "driving_time": 1445, "preparation_time": 0, "load_before": [0], "load_after": [0]}, {"type": "service", "id": "1501850000_27", "location_id": "1501850000", "address": {"location_id": "1501850000", "lat": 42.3087108, "lon": -71.06800592}, "arr_time": 1676289273, "arr_date_time": "2023-02-13T06:54:33-05:00", "end_time": 1676289573, "end_date_time": "2023-02-13T06:59:33-05:00", "waiting_time": 0, "distance": 1537, "driving_time": 1473, "preparation_time": 0, "load_before": [0], "load_after": [0]}, {"type": "service", "id": "1501853000_28", "location_id": "1501853000", "address": {"location_id": "1501853000", "lat": 42.30897696, "lon": -71.06764398}, "arr_time": 1676289613, "arr_date_time": "2023-02-13T07:00:13-05:00", "end_time": 1676289913, "end_date_time": "2023-02-13T07:05:13-05:00", "waiting_time": 0, "distance": 1579, "driving_time": 1513, "preparation_time": 0, "load_before": [0], "load_after": [0]}, {"type": "service", "id": "1501857010_29", "location_id": "1501857010", "address": {"location_id": "1501857010", "lat": 42.30907381, "lon": -71.06731737}, "arr_time": 1676289992, "arr_date_time": "2023-02-13T07:06:32-05:00", "end_time": 1676290292, "end_date_time": "2023-02-13T07:11:32-05:00", "waiting_time": 0, "distance": 1661, "driving_time": 1592, "preparation_time": 0, "load_before": [0], "load_after": [0]}, {"type": "service", "id": "1501822000_19", "location_id": "1501822000", "address": {"location_id": "1501822000", "lat": 42.30884054, "lon": -71.06713197}, "arr_time": 1676290307, "arr_date_time": "2023-02-13T07:11:47-05:00", "end_time": 1676290607, "end_date_time": "2023-02-13T07:16:47-05:00", "waiting_time": 0, "distance": 1677, "driving_time": 1607, "preparation_time": 0, "load_before": [0], "load_after": [0]}, {"type": "service", "id": "1501861010_30", "location_id": "1501861010", "address": {"location_id": "1501861010", "lat": 42.30941708, "lon": -71.0672189}, "arr_time": 1676290672, "arr_date_time": "2023-02-13T07:17:52-05:00", "end_time": 1676290972, "end_date_time": "2023-02-13T07:22:52-05:00", "waiting_time": 0, "distance": 1745, "driving_time": 1672, "preparation_time": 0, "load_before": [0], "load_after": [0]}, {"type": "service", "id": "1501864000_31", "location_id": "1501864000", "address": {"location_id": "1501864000", "lat": 42.30952514, "lon": -71.06695346}, "arr_time": 1676291033, "arr_date_time": "2023-02-13T07:23:53-05:00", "end_time": 1676291333, "end_date_time": "2023-02-13T07:28:53-05:00", "waiting_time": 0, "distance": 1809, "driving_time": 1733, "preparation_time": 0, "load_before": [0], "load_after": [0]}, {"type": "service", "id": "1501865000_32", "location_id": "1501865000", "address": {"location_id": "1501865000", "lat": 42.30943771, "lon": -71.0668778}, "arr_time": 1676291344, "arr_date_time": "2023-02-13T07:29:04-05:00", "end_time": 1676291644, "end_date_time": "2023-02-13T07:34:04-05:00", "waiting_time": 0, "distance": 1820, "driving_time": 1744, "preparation_time": 0, "load_before": [0], "load_after": [0]}, {"type": "service", "id": "1501866000_33", "location_id": "1501866000", "address": {"location_id": "1501866000", "lat": 42.30936652, "lon": -71.06678363}, "arr_time": 1676291655, "arr_date_time": "2023-02-13T07:34:15-05:00", "end_time": 1676291955, "end_date_time": "2023-02-13T07:39:15-05:00", "waiting_time": 0, "distance": 1831, "driving_time": 1755, "preparation_time": 0, "load_before": [0], "load_after": [0]}, {"type": "service", "id": "1501818000_17", "location_id": "1501818000", "address": {"location_id": "1501818000", "lat": 42.30914462, "lon": -71.06658564}, "arr_time": 1676292013, "arr_date_time": "2023-02-13T07:40:13-05:00", "end_time": 1676292313, "end_date_time": "2023-02-13T07:45:13-05:00", "waiting_time": 0, "distance": 1892, "driving_time": 1813, "preparation_time": 0, "load_before": [0], "load_after": [0]}, {"type": "service", "id": "1501819000_18", "location_id": "1501819000", "address": {"location_id": "1501819000", "lat": 42.30907206, "lon": -71.06678185}, "arr_time": 1676292329, "arr_date_time": "2023-02-13T07:45:29-05:00", "end_time": 1676292629, "end_date_time": "2023-02-13T07:50:29-05:00", "waiting_time": 0, "distance": 1909, "driving_time": 1829, "preparation_time": 0, "load_before": [0], "load_after": [0]}, {"type": "service", "id": "1501823000_20", "location_id": "1501823000", "address": {"location_id": "1501823000", "lat": 42.30877078, "lon": -71.06727258}, "arr_time": 1676292680, "arr_date_time": "2023-02-13T07:51:20-05:00", "end_time": 1676292980, "end_date_time": "2023-02-13T07:56:20-05:00", "waiting_time": 0, "distance": 1961, "driving_time": 1880, "preparation_time": 0, "load_before": [0], "load_after": [0]}, {"type": "service", "id": "1501810000_16", "location_id": "1501810000", "address": {"location_id": "1501810000", "lat": 42.30825603, "lon": -71.0671185}, "arr_time": 1676293011, "arr_date_time": "2023-02-13T07:56:51-05:00", "end_time": 1676293311, "end_date_time": "2023-02-13T08:01:51-05:00", "waiting_time": 0, "distance": 1992, "driving_time": 1911, "preparation_time": 0, "load_before": [0], "load_after": [0]}, {"type": "service", "id": "1501809000_15", "location_id": "1501809000", "address": {"location_id": "1501809000", "lat": 42.30817457, "lon": -71.06723361}, "arr_time": 1676293323, "arr_date_time": "2023-02-13T08:02:03-05:00", "end_time": 1676293623, "end_date_time": "2023-02-13T08:07:03-05:00", "waiting_time": 0, "distance": 2005, "driving_time": 1923, "preparation_time": 0, "load_before": [0], "load_after": [0]}, {"type": "service", "id": "1501827000_21", "location_id": "1501827000", "address": {"location_id": "1501827000", "lat": 42.30848752, "lon": -71.06766936}, "arr_time": 1676293624, "arr_date_time": "2023-02-13T08:07:04-05:00", "end_time": 1676293924, "end_date_time": "2023-02-13T08:12:04-05:00", "waiting_time": 0, "distance": 2007, "driving_time": 1924, "preparation_time": 0, "load_before": [0], "load_after": [0]}, {"type": "service", "id": "1501804000_14", "location_id": "1501804000", "address": {"location_id": "1501804000", "lat": 42.30780458, "lon": -71.0677274}, "arr_time": 1676293979, "arr_date_time": "2023-02-13T08:12:59-05:00", "end_time": 1676294279, "end_date_time": "2023-02-13T08:17:59-05:00", "waiting_time": 0, "distance": 2064, "driving_time": 1979, "preparation_time": 0, "load_before": [0], "load_after": [0]}, {"type": "service", "id": "1501832010_22", "location_id": "1501832010", "address": {"location_id": "1501832010", "lat": 42.30805407, "lon": -71.06815743}, "arr_time": 1676294283, "arr_date_time": "2023-02-13T08:18:03-05:00", "end_time": 1676294583, "end_date_time": "2023-02-13T08:23:03-05:00", "waiting_time": 0, "distance": 2069, "driving_time": 1983, "preparation_time": 0, "load_before": [0], "load_after": [0]}, {"type": "service", "id": "1501802000_13", "location_id": "1501802000", "address": {"location_id": "1501802000", "lat": 42.30765932, "lon": -71.06791995}, "arr_time": 1676294600, "arr_date_time": "2023-02-13T08:23:20-05:00", "end_time": 1676294900, "end_date_time": "2023-02-13T08:28:20-05:00", "waiting_time": 0, "distance": 2087, "driving_time": 2000, "preparation_time": 0, "load_before": [0], "load_after": [0]}, {"type": "service", "id": "1501801010_12", "location_id": "1501801010", "address": {"location_id": "1501801010", "lat": 42.30757705, "lon": -71.06807967}, "arr_time": 1676294915, "arr_date_time": "2023-02-13T08:28:35-05:00", "end_time": 1676295215, "end_date_time": "2023-02-13T08:33:35-05:00", "waiting_time": 0, "distance": 2103, "driving_time": 2015, "preparation_time": 0, "load_before": [0], "load_after": [0]}, {"type": "service", "id": "1501840000_23", "location_id": "1501840000", "address": {"location_id": "1501840000", "lat": 42.30778435, "lon": -71.0687229}, "arr_time": 1676295291, "arr_date_time": "2023-02-13T08:34:51-05:00", "end_time": 1676295591, "end_date_time": "2023-02-13T08:39:51-05:00", "waiting_time": 0, "distance": 2182, "driving_time": 2091, "preparation_time": 0, "load_before": [0], "load_after": [0]}, {"type": "service", "id": "1501795010_11", "location_id": "1501795010", "address": {"location_id": "1501795010", "lat": 42.30717541, "lon": -71.06788697}, "arr_time": 1676295720, "arr_date_time": "2023-02-13T08:42:00-05:00", "end_time": 1676296020, "end_date_time": "2023-02-13T08:47:00-05:00", "waiting_time": 0, "distance": 2317, "driving_time": 2220, "preparation_time": 0, "load_before": [0], "load_after": [0]}, {"type": "service", "id": "1501793000_10", "location_id": "1501793000", "address": {"location_id": "1501793000", "lat": 42.30739265, "lon": -71.06771381}, "arr_time": 1676296047, "arr_date_time": "2023-02-13T08:47:27-05:00", "end_time": 1676296347, "end_date_time": "2023-02-13T08:52:27-05:00", "waiting_time": 0, "distance": 2344, "driving_time": 2247, "preparation_time": 0, "load_before": [0], "load_after": [0]}, {"type": "service", "id": "1501753000_01", "location_id": "1501753000", "address": {"location_id": "1501753000", "lat": 42.30718372, "lon": -71.06724227}, "arr_time": 1676296357, "arr_date_time": "2023-02-13T08:52:37-05:00", "end_time": 1676296657, "end_date_time": "2023-02-13T08:57:37-05:00", "waiting_time": 0, "distance": 2355, "driving_time": 2257, "preparation_time": 0, "load_before": [0], "load_after": [0]}, {"type": "service", "id": "1501790000_09", "location_id": "1501790000", "address": {"location_id": "1501790000", "lat": 42.30750416, "lon": -71.06755728}, "arr_time": 1676296664, "arr_date_time": "2023-02-13T08:57:44-05:00", "end_time": 1676296964, "end_date_time": "2023-02-13T09:02:44-05:00", "waiting_time": 0, "distance": 2362, "driving_time": 2264, "preparation_time": 0, "load_before": [0], "load_after": [0]}, {"type": "service", "id": "1501785000_08", "location_id": "1501785000", "address": {"location_id": "1501785000", "lat": 42.30769419, "lon": -71.06730624}, "arr_time": 1676296992, "arr_date_time": "2023-02-13T09:03:12-05:00", "end_time": 1676297292, "end_date_time": "2023-02-13T09:08:12-05:00", "waiting_time": 0, "distance": 2392, "driving_time": 2292, "preparation_time": 0, "load_before": [0], "load_after": [0]}, {"type": "service", "id": "1501783000_07", "location_id": "1501783000", "address": {"location_id": "1501783000", "lat": 42.30776676, "lon": -71.06720615}, "arr_time": 1676297303, "arr_date_time": "2023-02-13T09:08:23-05:00", "end_time": 1676297603, "end_date_time": "2023-02-13T09:13:23-05:00", "waiting_time": 0, "distance": 2404, "driving_time": 2303, "preparation_time": 0, "load_before": [0], "load_after": [0]}, {"type": "service", "id": "1501782000_06", "location_id": "1501782000", "address": {"location_id": "1501782000", "lat": 42.30780538, "lon": -71.0671538}, "arr_time": 1676297608, "arr_date_time": "2023-02-13T09:13:28-05:00", "end_time": 1676297908, "end_date_time": "2023-02-13T09:18:28-05:00", "waiting_time": 0, "distance": 2410, "driving_time": 2308, "preparation_time": 0, "load_before": [0], "load_after": [0]}, {"type": "service", "id": "1501773000_05", "location_id": "1501773000", "address": {"location_id": "1501773000", "lat": 42.30814407, "lon": -71.06670039}, "arr_time": 1676297959, "arr_date_time": "2023-02-13T09:19:19-05:00", "end_time": 1676298259, "end_date_time": "2023-02-13T09:24:19-05:00", "waiting_time": 0, "distance": 2463, "driving_time": 2359, "preparation_time": 0, "load_before": [0], "load_after": [0]}, {"type": "service", "id": "1501772000_04", "location_id": "1501772000", "address": {"location_id": "1501772000", "lat": 42.30818094, "lon": -71.06664879}, "arr_time": 1676298264, "arr_date_time": "2023-02-13T09:24:24-05:00", "end_time": 1676298564, "end_date_time": "2023-02-13T09:29:24-05:00", "waiting_time": 0, "distance": 2469, "driving_time": 2364, "preparation_time": 0, "load_before": [0], "load_after": [0]}, {"type": "service", "id": "1501757000_03", "location_id": "1501757000", "address": {"location_id": "1501757000", "lat": 42.30836047, "lon": -71.06581425}, "arr_time": 1676298624, "arr_date_time": "2023-02-13T09:30:24-05:00", "end_time": 1676298924, "end_date_time": "2023-02-13T09:35:24-05:00", "waiting_time": 0, "distance": 2532, "driving_time": 2424, "preparation_time": 0, "load_before": [0], "load_after": [0]}, {"type": "service", "id": "1501755000_02", "location_id": "1501755000", "address": {"location_id": "1501755000", "lat": 42.30806335, "lon": -71.06607204}, "arr_time": 1676299240, "arr_date_time": "2023-02-13T09:40:40-05:00", "end_time": 1676299540, "end_date_time": "2023-02-13T09:45:40-05:00", "waiting_time": 0, "distance": 2861, "driving_time": 2740, "preparation_time": 0, "load_before": [0], "load_after": [0]}]}], "unassigned": {"services": [], "shipments": [], "breaks": [], "details": []}}}