{"copyrights": ["GraphHopper", "OpenStreetMap contributors"], "job_id": "44d0ae24-f1ea-4aa1-b200-b27abdb6b132", "status": "finished", "waiting_time_in_queue": 1, "processing_time": 104, "solution": {"costs": 314, "distance": 1352, "time": 1299, "transport_time": 1299, "completion_time": 14199, "max_operation_time": 14199, "waiting_time": 0, "service_duration": 12900, "preparation_time": 0, "no_vehicles": 1, "no_unassigned": 0, "routes": [{"vehicle_id": "my_vehicle", "shift_id": "default-shift", "distance": 1352, "transport_time": 1299, "completion_time": 14199, "waiting_time": 0, "service_duration": 12900, "preparation_time": 0, "activities": [{"type": "start", "location_id": "1800114032", "address": {"location_id": "1800114032", "lat": 42.27414178, "lon": -71.08412028}, "arr_time": 1676278800, "arr_date_time": "2023-02-13T04:00:00-05:00", "end_time": 1676278800, "end_date_time": "2023-02-13T04:00:00-05:00", "waiting_time": 0, "distance": 0, "driving_time": 0, "preparation_time": 0, "load_after": [0]}, {"type": "service", "id": "1800114031_24", "location_id": "1800114031", "address": {"location_id": "1800114031", "lat": 42.27393463, "lon": -71.08420257}, "arr_time": 1676278819, "arr_date_time": "2023-02-13T04:00:19-05:00", "end_time": 1676279119, "end_date_time": "2023-02-13T04:05:19-05:00", "waiting_time": 0, "distance": 19, "driving_time": 19, "preparation_time": 0, "load_before": [0], "load_after": [0]}, {"type": "service", "id": "1800114029_23", "location_id": "1800114029", "address": {"location_id": "1800114029", "lat": 42.27365465, "lon": -71.0844514}, "arr_time": 1676279155, "arr_date_time": "2023-02-13T04:05:55-05:00", "end_time": 1676279455, "end_date_time": "2023-02-13T04:10:55-05:00", "waiting_time": 0, "distance": 56, "driving_time": 55, "preparation_time": 0, "load_before": [0], "load_after": [0]}, {"type": "service", "id": "1800114028_22", "location_id": "1800114028", "address": {"location_id": "1800114028", "lat": 42.27351874, "lon": -71.08457154}, "arr_time": 1676279475, "arr_date_time": "2023-02-13T04:11:15-05:00", "end_time": 1676279775, "end_date_time": "2023-02-13T04:16:15-05:00", "waiting_time": 0, "distance": 77, "driving_time": 75, "preparation_time": 0, "load_before": [0], "load_after": [0]}, {"type": "service", "id": "1800114027_21", "location_id": "1800114027", "address": {"location_id": "1800114027", "lat": 42.27334622, "lon": -71.08466035}, "arr_time": 1676279801, "arr_date_time": "2023-02-13T04:16:41-05:00", "end_time": 1676280101, "end_date_time": "2023-02-13T04:21:41-05:00", "waiting_time": 0, "distance": 105, "driving_time": 101, "preparation_time": 0, "load_before": [0], "load_after": [0]}, {"type": "service", "id": "1800114026_20", "location_id": "1800114026", "address": {"location_id": "1800114026", "lat": 42.2731674, "lon": -71.0845901}, "arr_time": 1676280128, "arr_date_time": "2023-02-13T04:22:08-05:00", "end_time": 1676280428, "end_date_time": "2023-02-13T04:27:08-05:00", "waiting_time": 0, "distance": 133, "driving_time": 128, "preparation_time": 0, "load_before": [0], "load_after": [0]}, {"type": "service", "id": "1800114025_19", "location_id": "1800114025", "address": {"location_id": "1800114025", "lat": 42.27303678, "lon": -71.08451784}, "arr_time": 1676280445, "arr_date_time": "2023-02-13T04:27:25-05:00", "end_time": 1676280745, "end_date_time": "2023-02-13T04:32:25-05:00", "waiting_time": 0, "distance": 151, "driving_time": 145, "preparation_time": 0, "load_before": [0], "load_after": [0]}, {"type": "service", "id": "1800114024_18", "location_id": "1800114024", "address": {"location_id": "1800114024", "lat": 42.27278027, "lon": -71.08442028}, "arr_time": 1676280767, "arr_date_time": "2023-02-13T04:32:47-05:00", "end_time": 1676281067, "end_date_time": "2023-02-13T04:37:47-05:00", "waiting_time": 0, "distance": 173, "driving_time": 167, "preparation_time": 0, "load_before": [0], "load_after": [0]}, {"type": "service", "id": "1800114022_17", "location_id": "1800114022", "address": {"location_id": "1800114022", "lat": 42.27241267, "lon": -71.08461676}, "arr_time": 1676281089, "arr_date_time": "2023-02-13T04:38:09-05:00", "end_time": 1676281389, "end_date_time": "2023-02-13T04:43:09-05:00", "waiting_time": 0, "distance": 196, "driving_time": 189, "preparation_time": 0, "load_before": [0], "load_after": [0]}, {"type": "service", "id": "1800114021_16", "location_id": "1800114021", "address": {"location_id": "1800114021", "lat": 42.27229665, "lon": -71.08484509}, "arr_time": 1676281407, "arr_date_time": "2023-02-13T04:43:27-05:00", "end_time": 1676281707, "end_date_time": "2023-02-13T04:48:27-05:00", "waiting_time": 0, "distance": 214, "driving_time": 207, "preparation_time": 0, "load_before": [0], "load_after": [0]}, {"type": "service", "id": "1800114020_15", "location_id": "1800114020", "address": {"location_id": "1800114020", "lat": 42.272197, "lon": -71.08503688}, "arr_time": 1676281725, "arr_date_time": "2023-02-13T04:48:45-05:00", "end_time": 1676282025, "end_date_time": "2023-02-13T04:53:45-05:00", "waiting_time": 0, "distance": 233, "driving_time": 225, "preparation_time": 0, "load_before": [0], "load_after": [0]}, {"type": "service", "id": "1800114019_14", "location_id": "1800114019", "address": {"location_id": "1800114019", "lat": 42.2721321, "lon": -71.08527125}, "arr_time": 1676282049, "arr_date_time": "2023-02-13T04:54:09-05:00", "end_time": 1676282349, "end_date_time": "2023-02-13T04:59:09-05:00", "waiting_time": 0, "distance": 259, "driving_time": 249, "preparation_time": 0, "load_before": [0], "load_after": [0]}, {"type": "service", "id": "1800382005_30", "location_id": "1800382005", "address": {"location_id": "1800382005", "lat": 42.27206083, "lon": -71.08580875}, "arr_time": 1676282377, "arr_date_time": "2023-02-13T04:59:37-05:00", "end_time": 1676282677, "end_date_time": "2023-02-13T05:04:37-05:00", "waiting_time": 0, "distance": 288, "driving_time": 277, "preparation_time": 0, "load_before": [0], "load_after": [0]}, {"type": "service", "id": "1800382006_31", "location_id": "1800382006", "address": {"location_id": "1800382006", "lat": 42.27186708, "lon": -71.08592899}, "arr_time": 1676282695, "arr_date_time": "2023-02-13T05:04:55-05:00", "end_time": 1676282995, "end_date_time": "2023-02-13T05:09:55-05:00", "waiting_time": 0, "distance": 306, "driving_time": 295, "preparation_time": 0, "load_before": [0], "load_after": [0]}, {"type": "service", "id": "1800114016_13", "location_id": "1800114016", "address": {"location_id": "1800114016", "lat": 42.27162926, "lon": -71.0854525}, "arr_time": 1676283020, "arr_date_time": "2023-02-13T05:10:20-05:00", "end_time": 1676283320, "end_date_time": "2023-02-13T05:15:20-05:00", "waiting_time": 0, "distance": 332, "driving_time": 320, "preparation_time": 0, "load_before": [0], "load_after": [0]}, {"type": "service", "id": "1800114015_12", "location_id": "1800114015", "address": {"location_id": "1800114015", "lat": 42.2714705, "lon": -71.08539346}, "arr_time": 1676283343, "arr_date_time": "2023-02-13T05:15:43-05:00", "end_time": 1676283643, "end_date_time": "2023-02-13T05:20:43-05:00", "waiting_time": 0, "distance": 356, "driving_time": 343, "preparation_time": 0, "load_before": [0], "load_after": [0]}, {"type": "service", "id": "1800383080_39", "location_id": "1800383080", "address": {"location_id": "1800383080", "lat": 42.27106708, "lon": -71.0856743}, "arr_time": 1676283675, "arr_date_time": "2023-02-13T05:21:15-05:00", "end_time": 1676283975, "end_date_time": "2023-02-13T05:26:15-05:00", "waiting_time": 0, "distance": 390, "driving_time": 375, "preparation_time": 0, "load_before": [0], "load_after": [0]}, {"type": "service", "id": "1800114014_11", "location_id": "1800114014", "address": {"location_id": "1800114014", "lat": 42.27131289, "lon": -71.08530995}, "arr_time": 1676283989, "arr_date_time": "2023-02-13T05:26:29-05:00", "end_time": 1676284289, "end_date_time": "2023-02-13T05:31:29-05:00", "waiting_time": 0, "distance": 405, "driving_time": 389, "preparation_time": 0, "load_before": [0], "load_after": [0]}, {"type": "service", "id": "1800383070_38", "location_id": "1800383070", "address": {"location_id": "1800383070", "lat": 42.27128208, "lon": -71.08579296}, "arr_time": 1676284300, "arr_date_time": "2023-02-13T05:31:40-05:00", "end_time": 1676284600, "end_date_time": "2023-02-13T05:36:40-05:00", "waiting_time": 0, "distance": 416, "driving_time": 400, "preparation_time": 0, "load_before": [0], "load_after": [0]}, {"type": "service", "id": "1800383060_37", "location_id": "1800383060", "address": {"location_id": "1800383060", "lat": 42.27124154, "lon": -71.08601885}, "arr_time": 1676284655, "arr_date_time": "2023-02-13T05:37:35-05:00", "end_time": 1676284955, "end_date_time": "2023-02-13T05:42:35-05:00", "waiting_time": 0, "distance": 473, "driving_time": 455, "preparation_time": 0, "load_before": [0], "load_after": [0]}, {"type": "service", "id": "1800382008_32", "location_id": "1800382008", "address": {"location_id": "1800382008", "lat": 42.27163318, "lon": -71.08624313}, "arr_time": 1676284957, "arr_date_time": "2023-02-13T05:42:37-05:00", "end_time": 1676285257, "end_date_time": "2023-02-13T05:47:37-05:00", "waiting_time": 0, "distance": 476, "driving_time": 457, "preparation_time": 0, "load_before": [0], "load_after": [0]}, {"type": "service", "id": "1800383030_36", "location_id": "1800383030", "address": {"location_id": "1800383030", "lat": 42.27106458, "lon": -71.08663494}, "arr_time": 1676285308, "arr_date_time": "2023-02-13T05:48:28-05:00", "end_time": 1676285608, "end_date_time": "2023-02-13T05:53:28-05:00", "waiting_time": 0, "distance": 529, "driving_time": 508, "preparation_time": 0, "load_before": [0], "load_after": [0]}, {"type": "service", "id": "1800383000_35", "location_id": "1800383000", "address": {"location_id": "1800383000", "lat": 42.27090743, "lon": -71.08705552}, "arr_time": 1676285645, "arr_date_time": "2023-02-13T05:54:05-05:00", "end_time": 1676285945, "end_date_time": "2023-02-13T05:59:05-05:00", "waiting_time": 0, "distance": 568, "driving_time": 545, "preparation_time": 0, "load_before": [0], "load_after": [0]}, {"type": "service", "id": "1800382011_34", "location_id": "1800382011", "address": {"location_id": "1800382011", "lat": 42.27146775, "lon": -71.08691631}, "arr_time": 1676286011, "arr_date_time": "2023-02-13T06:00:11-05:00", "end_time": 1676286311, "end_date_time": "2023-02-13T06:05:11-05:00", "waiting_time": 0, "distance": 636, "driving_time": 611, "preparation_time": 0, "load_before": [0], "load_after": [0]}, {"type": "service", "id": "1800382010_33", "location_id": "1800382010", "address": {"location_id": "1800382010", "lat": 42.27162649, "lon": -71.08674952}, "arr_time": 1676286329, "arr_date_time": "2023-02-13T06:05:29-05:00", "end_time": 1676286629, "end_date_time": "2023-02-13T06:10:29-05:00", "waiting_time": 0, "distance": 656, "driving_time": 629, "preparation_time": 0, "load_before": [0], "load_after": [0]}, {"type": "service", "id": "1800383160_43", "location_id": "1800383160", "address": {"location_id": "1800383160", "lat": 42.27085987, "lon": -71.08723126}, "arr_time": 1676286716, "arr_date_time": "2023-02-13T06:11:56-05:00", "end_time": 1676287016, "end_date_time": "2023-02-13T06:16:56-05:00", "waiting_time": 0, "distance": 747, "driving_time": 716, "preparation_time": 0, "load_before": [0], "load_after": [0]}, {"type": "service", "id": "1800383150_42", "location_id": "1800383150", "address": {"location_id": "1800383150", "lat": 42.27054371, "lon": -71.08721392}, "arr_time": 1676287119, "arr_date_time": "2023-02-13T06:18:39-05:00", "end_time": 1676287419, "end_date_time": "2023-02-13T06:23:39-05:00", "waiting_time": 0, "distance": 854, "driving_time": 819, "preparation_time": 0, "load_before": [0], "load_after": [0]}, {"type": "service", "id": "1800383110_41", "location_id": "1800383110", "address": {"location_id": "1800383110", "lat": 42.27090415, "lon": -71.0862953}, "arr_time": 1676287501, "arr_date_time": "2023-02-13T06:25:01-05:00", "end_time": 1676287801, "end_date_time": "2023-02-13T06:30:01-05:00", "waiting_time": 0, "distance": 939, "driving_time": 901, "preparation_time": 0, "load_before": [0], "load_after": [0]}, {"type": "service", "id": "1800383090_40", "location_id": "1800383090", "address": {"location_id": "1800383090", "lat": 42.27101965, "lon": -71.08589344}, "arr_time": 1676287835, "arr_date_time": "2023-02-13T06:30:35-05:00", "end_time": 1676288135, "end_date_time": "2023-02-13T06:35:35-05:00", "waiting_time": 0, "distance": 973, "driving_time": 935, "preparation_time": 0, "load_before": [0], "load_after": [0]}, {"type": "service", "id": "1800114012_10", "location_id": "1800114012", "address": {"location_id": "1800114012", "lat": 42.27122662, "lon": -71.08490066}, "arr_time": 1676288215, "arr_date_time": "2023-02-13T06:36:55-05:00", "end_time": 1676288515, "end_date_time": "2023-02-13T06:41:55-05:00", "waiting_time": 0, "distance": 1056, "driving_time": 1015, "preparation_time": 0, "load_before": [0], "load_after": [0]}, {"type": "service", "id": "1800378000_25", "location_id": "1800378000", "address": {"location_id": "1800378000", "lat": 42.27128437, "lon": -71.08441297}, "arr_time": 1676288553, "arr_date_time": "2023-02-13T06:42:33-05:00", "end_time": 1676288853, "end_date_time": "2023-02-13T06:47:33-05:00", "waiting_time": 0, "distance": 1097, "driving_time": 1053, "preparation_time": 0, "load_before": [0], "load_after": [0]}, {"type": "service", "id": "1800378006_29", "location_id": "1800378006", "address": {"location_id": "1800378006", "lat": 42.27136156, "lon": -71.08409643}, "arr_time": 1676288880, "arr_date_time": "2023-02-13T06:48:00-05:00", "end_time": 1676289180, "end_date_time": "2023-02-13T06:53:00-05:00", "waiting_time": 0, "distance": 1124, "driving_time": 1080, "preparation_time": 0, "load_before": [0], "load_after": [0]}, {"type": "service", "id": "1800114000_01", "location_id": "1800114000", "address": {"location_id": "1800114000", "lat": 42.27142696, "lon": -71.08360614}, "arr_time": 1676289219, "arr_date_time": "2023-02-13T06:53:39-05:00", "end_time": 1676289519, "end_date_time": "2023-02-13T06:58:39-05:00", "waiting_time": 0, "distance": 1165, "driving_time": 1119, "preparation_time": 0, "load_before": [0], "load_after": [0]}, {"type": "service", "id": "1800378005_28", "location_id": "1800378005", "address": {"location_id": "1800378005", "lat": 42.27154087, "lon": -71.08419667}, "arr_time": 1676289579, "arr_date_time": "2023-02-13T06:59:39-05:00", "end_time": 1676289879, "end_date_time": "2023-02-13T07:04:39-05:00", "waiting_time": 0, "distance": 1228, "driving_time": 1179, "preparation_time": 0, "load_before": [0], "load_after": [0]}, {"type": "service", "id": "1800114003_02", "location_id": "1800114003", "address": {"location_id": "1800114003", "lat": 42.27190334, "lon": -71.0838758}, "arr_time": 1676289904, "arr_date_time": "2023-02-13T07:05:04-05:00", "end_time": 1676290204, "end_date_time": "2023-02-13T07:10:04-05:00", "waiting_time": 0, "distance": 1255, "driving_time": 1204, "preparation_time": 0, "load_before": [0], "load_after": [0]}, {"type": "service", "id": "1800114004_03", "location_id": "1800114004", "address": {"location_id": "1800114004", "lat": 42.27221496, "lon": -71.08399589}, "arr_time": 1676290219, "arr_date_time": "2023-02-13T07:10:19-05:00", "end_time": 1676290519, "end_date_time": "2023-02-13T07:15:19-05:00", "waiting_time": 0, "distance": 1270, "driving_time": 1219, "preparation_time": 0, "load_before": [0], "load_after": [0]}, {"type": "service", "id": "1800114005_04", "location_id": "1800114005", "address": {"location_id": "1800114005", "lat": 42.27212112, "lon": -71.08431587}, "arr_time": 1676290524, "arr_date_time": "2023-02-13T07:15:24-05:00", "end_time": 1676290824, "end_date_time": "2023-02-13T07:20:24-05:00", "waiting_time": 0, "distance": 1275, "driving_time": 1224, "preparation_time": 0, "load_before": [0], "load_after": [0]}, {"type": "service", "id": "1800114006_05", "location_id": "1800114006", "address": {"location_id": "1800114006", "lat": 42.27206879, "lon": -71.08455525}, "arr_time": 1676290841, "arr_date_time": "2023-02-13T07:20:41-05:00", "end_time": 1676291141, "end_date_time": "2023-02-13T07:25:41-05:00", "waiting_time": 0, "distance": 1293, "driving_time": 1241, "preparation_time": 0, "load_before": [0], "load_after": [0]}, {"type": "service", "id": "1800378003_27", "location_id": "1800378003", "address": {"location_id": "1800378003", "lat": 42.27170257, "lon": -71.08447012}, "arr_time": 1676291149, "arr_date_time": "2023-02-13T07:25:49-05:00", "end_time": 1676291449, "end_date_time": "2023-02-13T07:30:49-05:00", "waiting_time": 0, "distance": 1302, "driving_time": 1249, "preparation_time": 0, "load_before": [0], "load_after": [0]}, {"type": "service", "id": "1800114007_06", "location_id": "1800114007", "address": {"location_id": "1800114007", "lat": 42.27199869, "lon": -71.08476778}, "arr_time": 1676291460, "arr_date_time": "2023-02-13T07:31:00-05:00", "end_time": 1676291760, "end_date_time": "2023-02-13T07:36:00-05:00", "waiting_time": 0, "distance": 1312, "driving_time": 1260, "preparation_time": 0, "load_before": [0], "load_after": [0]}, {"type": "service", "id": "1800114008_07", "location_id": "1800114008", "address": {"location_id": "1800114008", "lat": 42.27192985, "lon": -71.08503627}, "arr_time": 1676291775, "arr_date_time": "2023-02-13T07:36:15-05:00", "end_time": 1676292075, "end_date_time": "2023-02-13T07:41:15-05:00", "waiting_time": 0, "distance": 1328, "driving_time": 1275, "preparation_time": 0, "load_before": [0], "load_after": [0]}, {"type": "service", "id": "1800114009_08", "location_id": "1800114009", "address": {"location_id": "1800114009", "lat": 42.27171838, "lon": -71.08514361}, "arr_time": 1676292081, "arr_date_time": "2023-02-13T07:41:21-05:00", "end_time": 1676292381, "end_date_time": "2023-02-13T07:46:21-05:00", "waiting_time": 0, "distance": 1335, "driving_time": 1281, "preparation_time": 0, "load_before": [0], "load_after": [0]}, {"type": "service", "id": "1800114010_09", "location_id": "1800114010", "address": {"location_id": "1800114010", "lat": 42.27153646, "lon": -71.08507504}, "arr_time": 1676292395, "arr_date_time": "2023-02-13T07:46:35-05:00", "end_time": 1676292695, "end_date_time": "2023-02-13T07:51:35-05:00", "waiting_time": 0, "distance": 1348, "driving_time": 1295, "preparation_time": 0, "load_before": [0], "load_after": [0]}, {"type": "service", "id": "1800378002_26", "location_id": "1800378002", "address": {"location_id": "1800378002", "lat": 42.27162566, "lon": -71.08466565}, "arr_time": 1676292699, "arr_date_time": "2023-02-13T07:51:39-05:00", "end_time": 1676292999, "end_date_time": "2023-02-13T07:56:39-05:00", "waiting_time": 0, "distance": 1352, "driving_time": 1299, "preparation_time": 0, "load_before": [0], "load_after": [0]}]}], "unassigned": {"services": [], "shipments": [], "breaks": [], "details": []}}}