{"copyrights": ["GraphHopper", "OpenStreetMap contributors"], "job_id": "a78e1da2-4b0a-479c-a10b-f901f1b4cda6", "status": "finished", "waiting_time_in_queue": 0, "processing_time": 188, "solution": {"costs": 341, "distance": 1993, "time": 1919, "transport_time": 1919, "completion_time": 17519, "max_operation_time": 17519, "waiting_time": 0, "service_duration": 15600, "preparation_time": 0, "no_vehicles": 1, "no_unassigned": 0, "routes": [{"vehicle_id": "my_vehicle", "shift_id": "default-shift", "distance": 1993, "transport_time": 1919, "completion_time": 17519, "waiting_time": 0, "service_duration": 15600, "preparation_time": 0, "activities": [{"type": "start", "location_id": "1703098000", "address": {"location_id": "1703098000", "lat": 42.28009508, "lon": -71.07266412}, "arr_time": 1676278800, "arr_date_time": "2023-02-13T04:00:00-05:00", "end_time": 1676278800, "end_date_time": "2023-02-13T04:00:00-05:00", "waiting_time": 0, "distance": 0, "driving_time": 0, "preparation_time": 0, "load_after": [0]}, {"type": "service", "id": "1703099000_04", "location_id": "1703099000", "address": {"location_id": "1703099000", "lat": 42.28012546, "lon": -71.0723923}, "arr_time": 1676278821, "arr_date_time": "2023-02-13T04:00:21-05:00", "end_time": 1676279121, "end_date_time": "2023-02-13T04:05:21-05:00", "waiting_time": 0, "distance": 23, "driving_time": 21, "preparation_time": 0, "load_before": [0], "load_after": [0]}, {"type": "service", "id": "1703100000_05", "location_id": "1703100000", "address": {"location_id": "1703100000", "lat": 42.2801041, "lon": -71.07219142}, "arr_time": 1676279139, "arr_date_time": "2023-02-13T04:05:39-05:00", "end_time": 1676279439, "end_date_time": "2023-02-13T04:10:39-05:00", "waiting_time": 0, "distance": 41, "driving_time": 39, "preparation_time": 0, "load_before": [0], "load_after": [0]}, {"type": "service", "id": "1703103000_06", "location_id": "1703103000", "address": {"location_id": "1703103000", "lat": 42.28015105, "lon": -71.07159001}, "arr_time": 1676279508, "arr_date_time": "2023-02-13T04:11:48-05:00", "end_time": 1676279808, "end_date_time": "2023-02-13T04:16:48-05:00", "waiting_time": 0, "distance": 113, "driving_time": 108, "preparation_time": 0, "load_before": [0], "load_after": [0]}, {"type": "service", "id": "1703125000_16", "location_id": "1703125000", "address": {"location_id": "1703125000", "lat": 42.27926704, "lon": -71.07244388}, "arr_time": 1676280039, "arr_date_time": "2023-02-13T04:20:39-05:00", "end_time": 1676280339, "end_date_time": "2023-02-13T04:25:39-05:00", "waiting_time": 0, "distance": 353, "driving_time": 339, "preparation_time": 0, "load_before": [0], "load_after": [0]}, {"type": "service", "id": "1703128000_17", "location_id": "1703128000", "address": {"location_id": "1703128000", "lat": 42.27939613, "lon": -71.07191683}, "arr_time": 1676280420, "arr_date_time": "2023-02-13T04:27:00-05:00", "end_time": 1676280720, "end_date_time": "2023-02-13T04:32:00-05:00", "waiting_time": 0, "distance": 438, "driving_time": 420, "preparation_time": 0, "load_before": [0], "load_after": [0]}, {"type": "service", "id": "1703092000_03", "location_id": "1703092000", "address": {"location_id": "1703092000", "lat": 42.2798494, "lon": -71.0718835}, "arr_time": 1676280735, "arr_date_time": "2023-02-13T04:32:15-05:00", "end_time": 1676281035, "end_date_time": "2023-02-13T04:37:15-05:00", "waiting_time": 0, "distance": 454, "driving_time": 435, "preparation_time": 0, "load_before": [0], "load_after": [0]}, {"type": "service", "id": "1703129000_18", "location_id": "1703129000", "address": {"location_id": "1703129000", "lat": 42.27943059, "lon": -71.07173754}, "arr_time": 1676281035, "arr_date_time": "2023-02-13T04:37:15-05:00", "end_time": 1676281335, "end_date_time": "2023-02-13T04:42:15-05:00", "waiting_time": 0, "distance": 454, "driving_time": 435, "preparation_time": 0, "load_before": [0], "load_after": [0]}, {"type": "service", "id": "1703086000_02", "location_id": "1703086000", "address": {"location_id": "1703086000", "lat": 42.28000967, "lon": -71.07073228}, "arr_time": 1676281427, "arr_date_time": "2023-02-13T04:43:47-05:00", "end_time": 1676281727, "end_date_time": "2023-02-13T04:48:47-05:00", "waiting_time": 0, "distance": 550, "driving_time": 527, "preparation_time": 0, "load_before": [0], "load_after": [0]}, {"type": "service", "id": "1703085001_01", "location_id": "1703085001", "address": {"location_id": "1703085001", "lat": 42.28003681, "lon": -71.07050074}, "arr_time": 1676281745, "arr_date_time": "2023-02-13T04:49:05-05:00", "end_time": 1676282045, "end_date_time": "2023-02-13T04:54:05-05:00", "waiting_time": 0, "distance": 569, "driving_time": 545, "preparation_time": 0, "load_before": [0], "load_after": [0]}, {"type": "service", "id": "1703111000_07", "location_id": "1703111000", "address": {"location_id": "1703111000", "lat": 42.27977895, "lon": -71.07031917}, "arr_time": 1676282052, "arr_date_time": "2023-02-13T04:54:12-05:00", "end_time": 1676282352, "end_date_time": "2023-02-13T04:59:12-05:00", "waiting_time": 0, "distance": 576, "driving_time": 552, "preparation_time": 0, "load_before": [0], "load_after": [0]}, {"type": "service", "id": "1703112000_08", "location_id": "1703112000", "address": {"location_id": "1703112000", "lat": 42.27951596, "lon": -71.07019233}, "arr_time": 1676282408, "arr_date_time": "2023-02-13T05:00:08-05:00", "end_time": 1676282708, "end_date_time": "2023-02-13T05:05:08-05:00", "waiting_time": 0, "distance": 635, "driving_time": 608, "preparation_time": 0, "load_before": [0], "load_after": [0]}, {"type": "service", "id": "1703113000_09", "location_id": "1703113000", "address": {"location_id": "1703113000", "lat": 42.27936011, "lon": -71.07037524}, "arr_time": 1676282783, "arr_date_time": "2023-02-13T05:06:23-05:00", "end_time": 1676283083, "end_date_time": "2023-02-13T05:11:23-05:00", "waiting_time": 0, "distance": 713, "driving_time": 683, "preparation_time": 0, "load_before": [0], "load_after": [0]}, {"type": "service", "id": "1703115000_10", "location_id": "1703115000", "address": {"location_id": "1703115000", "lat": 42.27934061, "lon": -71.07074311}, "arr_time": 1676283111, "arr_date_time": "2023-02-13T05:11:51-05:00", "end_time": 1676283411, "end_date_time": "2023-02-13T05:16:51-05:00", "waiting_time": 0, "distance": 743, "driving_time": 711, "preparation_time": 0, "load_before": [0], "load_after": [0]}, {"type": "service", "id": "1703151000_29", "location_id": "1703151000", "address": {"location_id": "1703151000", "lat": 42.27895991, "lon": -71.0707987}, "arr_time": 1676283425, "arr_date_time": "2023-02-13T05:17:05-05:00", "end_time": 1676283725, "end_date_time": "2023-02-13T05:22:05-05:00", "waiting_time": 0, "distance": 758, "driving_time": 725, "preparation_time": 0, "load_before": [0], "load_after": [0]}, {"type": "service", "id": "1703116000_11", "location_id": "1703116000", "address": {"location_id": "1703116000", "lat": 42.27930638, "lon": -71.07091732}, "arr_time": 1676283725, "arr_date_time": "2023-02-13T05:22:05-05:00", "end_time": 1676284025, "end_date_time": "2023-02-13T05:27:05-05:00", "waiting_time": 0, "distance": 759, "driving_time": 725, "preparation_time": 0, "load_before": [0], "load_after": [0]}, {"type": "service", "id": "1703117000_12", "location_id": "1703117000", "address": {"location_id": "1703117000", "lat": 42.27927052, "lon": -71.07110577}, "arr_time": 1676284041, "arr_date_time": "2023-02-13T05:27:21-05:00", "end_time": 1676284341, "end_date_time": "2023-02-13T05:32:21-05:00", "waiting_time": 0, "distance": 775, "driving_time": 741, "preparation_time": 0, "load_before": [0], "load_after": [0]}, {"type": "service", "id": "1703118000_13", "location_id": "1703118000", "address": {"location_id": "1703118000", "lat": 42.27923403, "lon": -71.07128907}, "arr_time": 1676284356, "arr_date_time": "2023-02-13T05:32:36-05:00", "end_time": 1676284656, "end_date_time": "2023-02-13T05:37:36-05:00", "waiting_time": 0, "distance": 791, "driving_time": 756, "preparation_time": 0, "load_before": [0], "load_after": [0]}, {"type": "service", "id": "1703119000_14", "location_id": "1703119000", "address": {"location_id": "1703119000", "lat": 42.27920106, "lon": -71.07146443}, "arr_time": 1676284671, "arr_date_time": "2023-02-13T05:37:51-05:00", "end_time": 1676284971, "end_date_time": "2023-02-13T05:42:51-05:00", "waiting_time": 0, "distance": 806, "driving_time": 771, "preparation_time": 0, "load_before": [0], "load_after": [0]}, {"type": "service", "id": "1703147000_28", "location_id": "1703147000", "address": {"location_id": "1703147000", "lat": 42.27880131, "lon": -71.07151956}, "arr_time": 1676284987, "arr_date_time": "2023-02-13T05:43:07-05:00", "end_time": 1676285287, "end_date_time": "2023-02-13T05:48:07-05:00", "waiting_time": 0, "distance": 822, "driving_time": 787, "preparation_time": 0, "load_before": [0], "load_after": [0]}, {"type": "service", "id": "1703146000_27", "location_id": "1703146000", "address": {"location_id": "1703146000", "lat": 42.27876022, "lon": -71.07169808}, "arr_time": 1676285303, "arr_date_time": "2023-02-13T05:48:23-05:00", "end_time": 1676285603, "end_date_time": "2023-02-13T05:53:23-05:00", "waiting_time": 0, "distance": 839, "driving_time": 803, "preparation_time": 0, "load_before": [0], "load_after": [0]}, {"type": "service", "id": "1703122000_15", "location_id": "1703122000", "address": {"location_id": "1703122000", "lat": 42.27906011, "lon": -71.07199106}, "arr_time": 1676285615, "arr_date_time": "2023-02-13T05:53:35-05:00", "end_time": 1676285915, "end_date_time": "2023-02-13T05:58:35-05:00", "waiting_time": 0, "distance": 851, "driving_time": 815, "preparation_time": 0, "load_before": [0], "load_after": [0]}, {"type": "service", "id": "1703145000_26", "location_id": "1703145000", "address": {"location_id": "1703145000", "lat": 42.2787194, "lon": -71.07187223}, "arr_time": 1676285917, "arr_date_time": "2023-02-13T05:58:37-05:00", "end_time": 1676286217, "end_date_time": "2023-02-13T06:03:37-05:00", "waiting_time": 0, "distance": 854, "driving_time": 817, "preparation_time": 0, "load_before": [0], "load_after": [0]}, {"type": "service", "id": "1703144000_25", "location_id": "1703144000", "address": {"location_id": "1703144000", "lat": 42.27868375, "lon": -71.07204547}, "arr_time": 1676286232, "arr_date_time": "2023-02-13T06:03:52-05:00", "end_time": 1676286532, "end_date_time": "2023-02-13T06:08:52-05:00", "waiting_time": 0, "distance": 869, "driving_time": 832, "preparation_time": 0, "load_before": [0], "load_after": [0]}, {"type": "service", "id": "1703141000_24", "location_id": "1703141000", "address": {"location_id": "1703141000", "lat": 42.27846198, "lon": -71.0719674}, "arr_time": 1676286641, "arr_date_time": "2023-02-13T06:10:41-05:00", "end_time": 1676286941, "end_date_time": "2023-02-13T06:15:41-05:00", "waiting_time": 0, "distance": 983, "driving_time": 941, "preparation_time": 0, "load_before": [0], "load_after": [0]}, {"type": "service", "id": "1703140000_23", "location_id": "1703140000", "address": {"location_id": "1703140000", "lat": 42.27860404, "lon": -71.07125529}, "arr_time": 1676287001, "arr_date_time": "2023-02-13T06:16:41-05:00", "end_time": 1676287301, "end_date_time": "2023-02-13T06:21:41-05:00", "waiting_time": 0, "distance": 1045, "driving_time": 1001, "preparation_time": 0, "load_before": [0], "load_after": [0]}, {"type": "service", "id": "1703139003_22", "location_id": "1703139003", "address": {"location_id": "1703139003", "lat": 42.27868697, "lon": -71.0709058}, "arr_time": 1676287332, "arr_date_time": "2023-02-13T06:22:12-05:00", "end_time": 1676287632, "end_date_time": "2023-02-13T06:27:12-05:00", "waiting_time": 0, "distance": 1076, "driving_time": 1032, "preparation_time": 0, "load_before": [0], "load_after": [0]}, {"type": "service", "id": "1703139002_21", "location_id": "1703139002", "address": {"location_id": "1703139002", "lat": 42.27874028, "lon": -71.07072269}, "arr_time": 1676287648, "arr_date_time": "2023-02-13T06:27:28-05:00", "end_time": 1676287948, "end_date_time": "2023-02-13T06:32:28-05:00", "waiting_time": 0, "distance": 1092, "driving_time": 1048, "preparation_time": 0, "load_before": [0], "load_after": [0]}, {"type": "service", "id": "1703139000_20", "location_id": "1703139000", "address": {"location_id": "1703139000", "lat": 42.27884518, "lon": -71.07036255}, "arr_time": 1676287980, "arr_date_time": "2023-02-13T06:33:00-05:00", "end_time": 1676288280, "end_date_time": "2023-02-13T06:38:00-05:00", "waiting_time": 0, "distance": 1125, "driving_time": 1080, "preparation_time": 0, "load_before": [0], "load_after": [0]}, {"type": "service", "id": "1703138001_19", "location_id": "1703138001", "address": {"location_id": "1703138001", "lat": 42.27890481, "lon": -71.07015253}, "arr_time": 1676288297, "arr_date_time": "2023-02-13T06:38:17-05:00", "end_time": 1676288597, "end_date_time": "2023-02-13T06:43:17-05:00", "waiting_time": 0, "distance": 1143, "driving_time": 1097, "preparation_time": 0, "load_before": [0], "load_after": [0]}, {"type": "service", "id": "1703273005_38", "location_id": "1703273005", "address": {"location_id": "1703273005", "lat": 42.27834076, "lon": -71.07017028}, "arr_time": 1676288696, "arr_date_time": "2023-02-13T06:44:56-05:00", "end_time": 1676288996, "end_date_time": "2023-02-13T06:49:56-05:00", "waiting_time": 0, "distance": 1245, "driving_time": 1196, "preparation_time": 0, "load_before": [0], "load_after": [0]}, {"type": "service", "id": "1703273004_37", "location_id": "1703273004", "address": {"location_id": "1703273004", "lat": 42.27826568, "lon": -71.07037939}, "arr_time": 1676289015, "arr_date_time": "2023-02-13T06:50:15-05:00", "end_time": 1676289315, "end_date_time": "2023-02-13T06:55:15-05:00", "waiting_time": 0, "distance": 1264, "driving_time": 1215, "preparation_time": 0, "load_before": [0], "load_after": [0]}, {"type": "service", "id": "1703273001_36", "location_id": "1703273001", "address": {"location_id": "1703273001", "lat": 42.27807651, "lon": -71.07097688}, "arr_time": 1676289363, "arr_date_time": "2023-02-13T06:56:03-05:00", "end_time": 1676289663, "end_date_time": "2023-02-13T07:01:03-05:00", "waiting_time": 0, "distance": 1314, "driving_time": 1263, "preparation_time": 0, "load_before": [0], "load_after": [0]}, {"type": "service", "id": "1703273000_35", "location_id": "1703273000", "address": {"location_id": "1703273000", "lat": 42.27803231, "lon": -71.07116736}, "arr_time": 1676289679, "arr_date_time": "2023-02-13T07:01:19-05:00", "end_time": 1676289979, "end_date_time": "2023-02-13T07:06:19-05:00", "waiting_time": 0, "distance": 1330, "driving_time": 1279, "preparation_time": 0, "load_before": [0], "load_after": [0]}, {"type": "service", "id": "1703272000_34", "location_id": "1703272000", "address": {"location_id": "1703272000", "lat": 42.27799232, "lon": -71.07135612}, "arr_time": 1676289995, "arr_date_time": "2023-02-13T07:06:35-05:00", "end_time": 1676290295, "end_date_time": "2023-02-13T07:11:35-05:00", "waiting_time": 0, "distance": 1346, "driving_time": 1295, "preparation_time": 0, "load_before": [0], "load_after": [0]}, {"type": "service", "id": "1703271001_33", "location_id": "1703271001", "address": {"location_id": "1703271001", "lat": 42.27795505, "lon": -71.07156499}, "arr_time": 1676290312, "arr_date_time": "2023-02-13T07:11:52-05:00", "end_time": 1676290612, "end_date_time": "2023-02-13T07:16:52-05:00", "waiting_time": 0, "distance": 1364, "driving_time": 1312, "preparation_time": 0, "load_before": [0], "load_after": [0]}, {"type": "service", "id": "1703271000_32", "location_id": "1703271000", "address": {"location_id": "1703271000", "lat": 42.27792247, "lon": -71.07179142}, "arr_time": 1676290628, "arr_date_time": "2023-02-13T07:17:08-05:00", "end_time": 1676290928, "end_date_time": "2023-02-13T07:22:08-05:00", "waiting_time": 0, "distance": 1381, "driving_time": 1328, "preparation_time": 0, "load_before": [0], "load_after": [0]}, {"type": "service", "id": "1703270000_31", "location_id": "1703270000", "address": {"location_id": "1703270000", "lat": 42.27789631, "lon": -71.07202854}, "arr_time": 1676290947, "arr_date_time": "2023-02-13T07:22:27-05:00", "end_time": 1676291247, "end_date_time": "2023-02-13T07:27:27-05:00", "waiting_time": 0, "distance": 1401, "driving_time": 1347, "preparation_time": 0, "load_before": [0], "load_after": [0]}, {"type": "service", "id": "1703268000_30", "location_id": "1703268000", "address": {"location_id": "1703268000", "lat": 42.27785236, "lon": -71.07253338}, "arr_time": 1676291329, "arr_date_time": "2023-02-13T07:28:49-05:00", "end_time": 1676291629, "end_date_time": "2023-02-13T07:33:49-05:00", "waiting_time": 0, "distance": 1487, "driving_time": 1429, "preparation_time": 0, "load_before": [0], "load_after": [0]}, {"type": "service", "id": "1703275000_50", "location_id": "1703275000", "address": {"location_id": "1703275000", "lat": 42.27766656, "lon": -71.07238658}, "arr_time": 1676291652, "arr_date_time": "2023-02-13T07:34:12-05:00", "end_time": 1676291952, "end_date_time": "2023-02-13T07:39:12-05:00", "waiting_time": 0, "distance": 1510, "driving_time": 1452, "preparation_time": 0, "load_before": [0], "load_after": [0]}, {"type": "service", "id": "1703295000_52", "location_id": "1703295000", "address": {"location_id": "1703295000", "lat": 42.27680321, "lon": -71.07206761}, "arr_time": 1676292048, "arr_date_time": "2023-02-13T07:40:48-05:00", "end_time": 1676292348, "end_date_time": "2023-02-13T07:45:48-05:00", "waiting_time": 0, "distance": 1610, "driving_time": 1548, "preparation_time": 0, "load_before": [0], "load_after": [0]}, {"type": "service", "id": "1703294000_51", "location_id": "1703294000", "address": {"location_id": "1703294000", "lat": 42.27667378, "lon": -71.07201959}, "arr_time": 1676292363, "arr_date_time": "2023-02-13T07:46:03-05:00", "end_time": 1676292663, "end_date_time": "2023-02-13T07:51:03-05:00", "waiting_time": 0, "distance": 1625, "driving_time": 1563, "preparation_time": 0, "load_before": [0], "load_after": [0]}, {"type": "service", "id": "1703273019_49", "location_id": "1703273019", "address": {"location_id": "1703273019", "lat": 42.2776874, "lon": -71.07204708}, "arr_time": 1676292787, "arr_date_time": "2023-02-13T07:53:07-05:00", "end_time": 1676293087, "end_date_time": "2023-02-13T07:58:07-05:00", "waiting_time": 0, "distance": 1753, "driving_time": 1687, "preparation_time": 0, "load_before": [0], "load_after": [0]}, {"type": "service", "id": "1703273018_48", "location_id": "1703273018", "address": {"location_id": "1703273018", "lat": 42.27765133, "lon": -71.07177632}, "arr_time": 1676293107, "arr_date_time": "2023-02-13T07:58:27-05:00", "end_time": 1676293407, "end_date_time": "2023-02-13T08:03:27-05:00", "waiting_time": 0, "distance": 1774, "driving_time": 1707, "preparation_time": 0, "load_before": [0], "load_after": [0]}, {"type": "service", "id": "1703273017_47", "location_id": "1703273017", "address": {"location_id": "1703273017", "lat": 42.27767635, "lon": -71.07158321}, "arr_time": 1676293427, "arr_date_time": "2023-02-13T08:03:47-05:00", "end_time": 1676293727, "end_date_time": "2023-02-13T08:08:47-05:00", "waiting_time": 0, "distance": 1795, "driving_time": 1727, "preparation_time": 0, "load_before": [0], "load_after": [0]}, {"type": "service", "id": "1703273016_46", "location_id": "1703273016", "address": {"location_id": "1703273016", "lat": 42.2777056, "lon": -71.07139124}, "arr_time": 1676293744, "arr_date_time": "2023-02-13T08:09:04-05:00", "end_time": 1676294044, "end_date_time": "2023-02-13T08:14:04-05:00", "waiting_time": 0, "distance": 1812, "driving_time": 1744, "preparation_time": 0, "load_before": [0], "load_after": [0]}, {"type": "service", "id": "1703273015_45", "location_id": "1703273015", "address": {"location_id": "1703273015", "lat": 42.27773713, "lon": -71.07120789}, "arr_time": 1676294059, "arr_date_time": "2023-02-13T08:14:19-05:00", "end_time": 1676294359, "end_date_time": "2023-02-13T08:19:19-05:00", "waiting_time": 0, "distance": 1827, "driving_time": 1759, "preparation_time": 0, "load_before": [0], "load_after": [0]}, {"type": "service", "id": "1703273014_44", "location_id": "1703273014", "address": {"location_id": "1703273014", "lat": 42.27778415, "lon": -71.07099494}, "arr_time": 1676294376, "arr_date_time": "2023-02-13T08:19:36-05:00", "end_time": 1676294676, "end_date_time": "2023-02-13T08:24:36-05:00", "waiting_time": 0, "distance": 1845, "driving_time": 1776, "preparation_time": 0, "load_before": [0], "load_after": [0]}, {"type": "service", "id": "1703273013_43", "location_id": "1703273013", "address": {"location_id": "1703273013", "lat": 42.27784751, "lon": -71.07073554}, "arr_time": 1676294697, "arr_date_time": "2023-02-13T08:24:57-05:00", "end_time": 1676294997, "end_date_time": "2023-02-13T08:29:57-05:00", "waiting_time": 0, "distance": 1867, "driving_time": 1797, "preparation_time": 0, "load_before": [0], "load_after": [0]}, {"type": "service", "id": "1703273012_42", "location_id": "1703273012", "address": {"location_id": "1703273012", "lat": 42.27790853, "lon": -71.07051899}, "arr_time": 1676295019, "arr_date_time": "2023-02-13T08:30:19-05:00", "end_time": 1676295319, "end_date_time": "2023-02-13T08:35:19-05:00", "waiting_time": 0, "distance": 1889, "driving_time": 1819, "preparation_time": 0, "load_before": [0], "load_after": [0]}, {"type": "service", "id": "1703273011_41", "location_id": "1703273011", "address": {"location_id": "1703273011", "lat": 42.27795587, "lon": -71.07035987}, "arr_time": 1676295332, "arr_date_time": "2023-02-13T08:35:32-05:00", "end_time": 1676295632, "end_date_time": "2023-02-13T08:40:32-05:00", "waiting_time": 0, "distance": 1903, "driving_time": 1832, "preparation_time": 0, "load_before": [0], "load_after": [0]}, {"type": "service", "id": "1703273009_40", "location_id": "1703273009", "address": {"location_id": "1703273009", "lat": 42.27806531, "lon": -71.07002822}, "arr_time": 1676295661, "arr_date_time": "2023-02-13T08:41:01-05:00", "end_time": 1676295961, "end_date_time": "2023-02-13T08:46:01-05:00", "waiting_time": 0, "distance": 1933, "driving_time": 1861, "preparation_time": 0, "load_before": [0], "load_after": [0]}, {"type": "service", "id": "1703273007_39", "location_id": "1703273007", "address": {"location_id": "1703273007", "lat": 42.27819552, "lon": -71.06968429}, "arr_time": 1676296019, "arr_date_time": "2023-02-13T08:46:59-05:00", "end_time": 1676296319, "end_date_time": "2023-02-13T08:51:59-05:00", "waiting_time": 0, "distance": 1993, "driving_time": 1919, "preparation_time": 0, "load_before": [0], "load_after": [0]}]}], "unassigned": {"services": [], "shipments": [], "breaks": [], "details": []}}}