{"copyrights": ["GraphHopper", "OpenStreetMap contributors"], "job_id": "33e411ee-6207-4bdd-93b8-567c87a83019", "status": "finished", "waiting_time_in_queue": 0, "processing_time": 256, "solution": {"costs": 401, "distance": 4741, "time": 4551, "transport_time": 4551, "completion_time": 24951, "max_operation_time": 24951, "waiting_time": 0, "service_duration": 20400, "preparation_time": 0, "no_vehicles": 1, "no_unassigned": 0, "routes": [{"vehicle_id": "my_vehicle", "shift_id": "default-shift", "distance": 4741, "transport_time": 4551, "completion_time": 24951, "waiting_time": 0, "service_duration": 20400, "preparation_time": 0, "activities": [{"type": "start", "location_id": "1404354000", "address": {"location_id": "1404354000", "lat": 42.29287648, "lon": -71.08904867}, "arr_time": 1676278800, "arr_date_time": "2023-02-13T04:00:00-05:00", "end_time": 1676278800, "end_date_time": "2023-02-13T04:00:00-05:00", "waiting_time": 0, "distance": 0, "driving_time": 0, "preparation_time": 0, "load_after": [0]}, {"type": "service", "id": "1404386000_01", "location_id": "1404386000", "address": {"location_id": "1404386000", "lat": 42.29025063, "lon": -71.09003498}, "arr_time": 1676279188, "arr_date_time": "2023-02-13T04:06:28-05:00", "end_time": 1676279488, "end_date_time": "2023-02-13T04:11:28-05:00", "waiting_time": 0, "distance": 404, "driving_time": 388, "preparation_time": 0, "load_before": [0], "load_after": [0]}, {"type": "service", "id": "1404425000_05", "location_id": "1404425000", "address": {"location_id": "1404425000", "lat": 42.2904591, "lon": -71.09083248}, "arr_time": 1676279545, "arr_date_time": "2023-02-13T04:12:25-05:00", "end_time": 1676279845, "end_date_time": "2023-02-13T04:17:25-05:00", "waiting_time": 0, "distance": 464, "driving_time": 445, "preparation_time": 0, "load_before": [0], "load_after": [0]}, {"type": "service", "id": "1404397000_02", "location_id": "1404397000", "address": {"location_id": "1404397000", "lat": 42.29115291, "lon": -71.09073421}, "arr_time": 1676279951, "arr_date_time": "2023-02-13T04:19:11-05:00", "end_time": 1676280251, "end_date_time": "2023-02-13T04:24:11-05:00", "waiting_time": 0, "distance": 573, "driving_time": 551, "preparation_time": 0, "load_before": [0], "load_after": [0]}, {"type": "service", "id": "1405196660_58", "location_id": "1405196660", "address": {"location_id": "1405196660", "lat": 42.29176085, "lon": -71.09170278}, "arr_time": 1676280367, "arr_date_time": "2023-02-13T04:26:07-05:00", "end_time": 1676280667, "end_date_time": "2023-02-13T04:31:07-05:00", "waiting_time": 0, "distance": 694, "driving_time": 667, "preparation_time": 0, "load_before": [0], "load_after": [0]}, {"type": "service", "id": "1405196670_59", "location_id": "1405196670", "address": {"location_id": "1405196670", "lat": 42.29160529, "lon": -71.09184397}, "arr_time": 1676280732, "arr_date_time": "2023-02-13T04:32:12-05:00", "end_time": 1676281032, "end_date_time": "2023-02-13T04:37:12-05:00", "waiting_time": 0, "distance": 762, "driving_time": 732, "preparation_time": 0, "load_before": [0], "load_after": [0]}, {"type": "service", "id": "1405196440_57", "location_id": "1405196440", "address": {"location_id": "1405196440", "lat": 42.2913427, "lon": -71.09147342}, "arr_time": 1676281039, "arr_date_time": "2023-02-13T04:37:19-05:00", "end_time": 1676281339, "end_date_time": "2023-02-13T04:42:19-05:00", "waiting_time": 0, "distance": 769, "driving_time": 739, "preparation_time": 0, "load_before": [0], "load_after": [0]}, {"type": "service", "id": "1405196680_60", "location_id": "1405196680", "address": {"location_id": "1405196680", "lat": 42.29145003, "lon": -71.0919867}, "arr_time": 1676281352, "arr_date_time": "2023-02-13T04:42:32-05:00", "end_time": 1676281652, "end_date_time": "2023-02-13T04:47:32-05:00", "waiting_time": 0, "distance": 783, "driving_time": 752, "preparation_time": 0, "load_before": [0], "load_after": [0]}, {"type": "service", "id": "1405196430_56", "location_id": "1405196430", "address": {"location_id": "1405196430", "lat": 42.29120013, "lon": -71.09160512}, "arr_time": 1676281657, "arr_date_time": "2023-02-13T04:47:37-05:00", "end_time": 1676281957, "end_date_time": "2023-02-13T04:52:37-05:00", "waiting_time": 0, "distance": 789, "driving_time": 757, "preparation_time": 0, "load_before": [0], "load_after": [0]}, {"type": "service", "id": "1405196690_61", "location_id": "1405196690", "address": {"location_id": "1405196690", "lat": 42.29130271, "lon": -71.09212213}, "arr_time": 1676281971, "arr_date_time": "2023-02-13T04:52:51-05:00", "end_time": 1676282271, "end_date_time": "2023-02-13T04:57:51-05:00", "waiting_time": 0, "distance": 803, "driving_time": 771, "preparation_time": 0, "load_before": [0], "load_after": [0]}, {"type": "service", "id": "1405196420_55", "location_id": "1405196420", "address": {"location_id": "1405196420", "lat": 42.29106528, "lon": -71.09175197}, "arr_time": 1676282276, "arr_date_time": "2023-02-13T04:57:56-05:00", "end_time": 1676282576, "end_date_time": "2023-02-13T05:02:56-05:00", "waiting_time": 0, "distance": 808, "driving_time": 776, "preparation_time": 0, "load_before": [0], "load_after": [0]}, {"type": "service", "id": "1405196700_62", "location_id": "1405196700", "address": {"location_id": "1405196700", "lat": 42.2911589, "lon": -71.09225434}, "arr_time": 1676282589, "arr_date_time": "2023-02-13T05:03:09-05:00", "end_time": 1676282889, "end_date_time": "2023-02-13T05:08:09-05:00", "waiting_time": 0, "distance": 822, "driving_time": 789, "preparation_time": 0, "load_before": [0], "load_after": [0]}, {"type": "service", "id": "1405196410_54", "location_id": "1405196410", "address": {"location_id": "1405196410", "lat": 42.29091593, "lon": -71.09188994}, "arr_time": 1676282895, "arr_date_time": "2023-02-13T05:08:15-05:00", "end_time": 1676283195, "end_date_time": "2023-02-13T05:13:15-05:00", "waiting_time": 0, "distance": 828, "driving_time": 795, "preparation_time": 0, "load_before": [0], "load_after": [0]}, {"type": "service", "id": "1405196710_63", "location_id": "1405196710", "address": {"location_id": "1405196710", "lat": 42.2910082, "lon": -71.09239289}, "arr_time": 1676283208, "arr_date_time": "2023-02-13T05:13:28-05:00", "end_time": 1676283508, "end_date_time": "2023-02-13T05:18:28-05:00", "waiting_time": 0, "distance": 843, "driving_time": 808, "preparation_time": 0, "load_before": [0], "load_after": [0]}, {"type": "service", "id": "1405196730_64", "location_id": "1405196730", "address": {"location_id": "1405196730", "lat": 42.29071343, "lon": -71.09266387}, "arr_time": 1676283547, "arr_date_time": "2023-02-13T05:19:07-05:00", "end_time": 1676283847, "end_date_time": "2023-02-13T05:24:07-05:00", "waiting_time": 0, "distance": 883, "driving_time": 847, "preparation_time": 0, "load_before": [0], "load_after": [0]}, {"type": "service", "id": "1405196380_53", "location_id": "1405196380", "address": {"location_id": "1405196380", "lat": 42.29047465, "lon": -71.09229757}, "arr_time": 1676283852, "arr_date_time": "2023-02-13T05:24:12-05:00", "end_time": 1676284152, "end_date_time": "2023-02-13T05:29:12-05:00", "waiting_time": 0, "distance": 888, "driving_time": 852, "preparation_time": 0, "load_before": [0], "load_after": [0]}, {"type": "service", "id": "1405196740_65", "location_id": "1405196740", "address": {"location_id": "1405196740", "lat": 42.29056611, "lon": -71.0927993}, "arr_time": 1676284165, "arr_date_time": "2023-02-13T05:29:25-05:00", "end_time": 1676284465, "end_date_time": "2023-02-13T05:34:25-05:00", "waiting_time": 0, "distance": 903, "driving_time": 865, "preparation_time": 0, "load_before": [0], "load_after": [0]}, {"type": "service", "id": "1405196360_52", "location_id": "1405196360", "address": {"location_id": "1405196360", "lat": 42.29018147, "lon": -71.09250601}, "arr_time": 1676284487, "arr_date_time": "2023-02-13T05:34:47-05:00", "end_time": 1676284787, "end_date_time": "2023-02-13T05:39:47-05:00", "waiting_time": 0, "distance": 925, "driving_time": 887, "preparation_time": 0, "load_before": [0], "load_after": [0]}, {"type": "service", "id": "1405196350_51", "location_id": "1405196350", "address": {"location_id": "1405196350", "lat": 42.29004586, "lon": -71.09263177}, "arr_time": 1676284805, "arr_date_time": "2023-02-13T05:40:05-05:00", "end_time": 1676285105, "end_date_time": "2023-02-13T05:45:05-05:00", "waiting_time": 0, "distance": 944, "driving_time": 905, "preparation_time": 0, "load_before": [0], "load_after": [0]}, {"type": "service", "id": "1405196760_66", "location_id": "1405196760", "address": {"location_id": "1405196760", "lat": 42.29027147, "lon": -71.09307017}, "arr_time": 1676285105, "arr_date_time": "2023-02-13T05:45:05-05:00", "end_time": 1676285405, "end_date_time": "2023-02-13T05:50:05-05:00", "waiting_time": 0, "distance": 944, "driving_time": 905, "preparation_time": 0, "load_before": [0], "load_after": [0]}, {"type": "service", "id": "1405196340_50", "location_id": "1405196340", "address": {"location_id": "1405196340", "lat": 42.28991008, "lon": -71.09275719}, "arr_time": 1676285423, "arr_date_time": "2023-02-13T05:50:23-05:00", "end_time": 1676285723, "end_date_time": "2023-02-13T05:55:23-05:00", "waiting_time": 0, "distance": 962, "driving_time": 923, "preparation_time": 0, "load_before": [0], "load_after": [0]}, {"type": "service", "id": "1405196770_67", "location_id": "1405196770", "address": {"location_id": "1405196770", "lat": 42.29012415, "lon": -71.0932056}, "arr_time": 1676285724, "arr_date_time": "2023-02-13T05:55:24-05:00", "end_time": 1676286024, "end_date_time": "2023-02-13T06:00:24-05:00", "waiting_time": 0, "distance": 964, "driving_time": 924, "preparation_time": 0, "load_before": [0], "load_after": [0]}, {"type": "service", "id": "1405196780_68", "location_id": "1405196780", "address": {"location_id": "1405196780", "lat": 42.28992582, "lon": -71.09332134}, "arr_time": 1676286101, "arr_date_time": "2023-02-13T06:01:41-05:00", "end_time": 1676286401, "end_date_time": "2023-02-13T06:06:41-05:00", "waiting_time": 0, "distance": 1044, "driving_time": 1001, "preparation_time": 0, "load_before": [0], "load_after": [0]}, {"type": "service", "id": "1404476000_16", "location_id": "1404476000", "address": {"location_id": "1404476000", "lat": 42.28872167, "lon": -71.09189285}, "arr_time": 1676286583, "arr_date_time": "2023-02-13T06:09:43-05:00", "end_time": 1676286883, "end_date_time": "2023-02-13T06:14:43-05:00", "waiting_time": 0, "distance": 1232, "driving_time": 1183, "preparation_time": 0, "load_before": [0], "load_after": [0]}, {"type": "service", "id": "1404441000_11", "location_id": "1404441000", "address": {"location_id": "1404441000", "lat": 42.2890363, "lon": -71.09145986}, "arr_time": 1676286908, "arr_date_time": "2023-02-13T06:15:08-05:00", "end_time": 1676287208, "end_date_time": "2023-02-13T06:20:08-05:00", "waiting_time": 0, "distance": 1258, "driving_time": 1208, "preparation_time": 0, "load_before": [0], "load_after": [0]}, {"type": "service", "id": "1404440000_10", "location_id": "1404440000", "address": {"location_id": "1404440000", "lat": 42.289038, "lon": -71.09130422}, "arr_time": 1676287220, "arr_date_time": "2023-02-13T06:20:20-05:00", "end_time": 1676287520, "end_date_time": "2023-02-13T06:25:20-05:00", "waiting_time": 0, "distance": 1270, "driving_time": 1220, "preparation_time": 0, "load_before": [0], "load_after": [0]}, {"type": "service", "id": "1404439000_09", "location_id": "1404439000", "address": {"location_id": "1404439000", "lat": 42.28900521, "lon": -71.09116331}, "arr_time": 1676287532, "arr_date_time": "2023-02-13T06:25:32-05:00", "end_time": 1676287832, "end_date_time": "2023-02-13T06:30:32-05:00", "waiting_time": 0, "distance": 1282, "driving_time": 1232, "preparation_time": 0, "load_before": [0], "load_after": [0]}, {"type": "service", "id": "1404438000_08", "location_id": "1404438000", "address": {"location_id": "1404438000", "lat": 42.28897083, "lon": -71.09102471}, "arr_time": 1676287844, "arr_date_time": "2023-02-13T06:30:44-05:00", "end_time": 1676288144, "end_date_time": "2023-02-13T06:35:44-05:00", "waiting_time": 0, "distance": 1294, "driving_time": 1244, "preparation_time": 0, "load_before": [0], "load_after": [0]}, {"type": "service", "id": "1404481000_17", "location_id": "1404481000", "address": {"location_id": "1404481000", "lat": 42.28854066, "lon": -71.09117241}, "arr_time": 1676288144, "arr_date_time": "2023-02-13T06:35:44-05:00", "end_time": 1676288444, "end_date_time": "2023-02-13T06:40:44-05:00", "waiting_time": 0, "distance": 1294, "driving_time": 1244, "preparation_time": 0, "load_before": [0], "load_after": [0]}, {"type": "service", "id": "1404437000_07", "location_id": "1404437000", "address": {"location_id": "1404437000", "lat": 42.28893788, "lon": -71.09088462}, "arr_time": 1676288456, "arr_date_time": "2023-02-13T06:40:56-05:00", "end_time": 1676288756, "end_date_time": "2023-02-13T06:45:56-05:00", "waiting_time": 0, "distance": 1306, "driving_time": 1256, "preparation_time": 0, "load_before": [0], "load_after": [0]}, {"type": "service", "id": "1404435000_06", "location_id": "1404435000", "address": {"location_id": "1404435000", "lat": 42.28890997, "lon": -71.09059269}, "arr_time": 1676288779, "arr_date_time": "2023-02-13T06:46:19-05:00", "end_time": 1676289079, "end_date_time": "2023-02-13T06:51:19-05:00", "waiting_time": 0, "distance": 1330, "driving_time": 1279, "preparation_time": 0, "load_before": [0], "load_after": [0]}, {"type": "service", "id": "1404465000_14", "location_id": "1404465000", "address": {"location_id": "1404465000", "lat": 42.28824991, "lon": -71.09112089}, "arr_time": 1676289268, "arr_date_time": "2023-02-13T06:54:28-05:00", "end_time": 1676289568, "end_date_time": "2023-02-13T06:59:28-05:00", "waiting_time": 0, "distance": 1528, "driving_time": 1468, "preparation_time": 0, "load_before": [0], "load_after": [0]}, {"type": "service", "id": "1404485010_18", "location_id": "1404485010", "address": {"location_id": "1404485010", "lat": 42.28771754, "lon": -71.090816}, "arr_time": 1676289605, "arr_date_time": "2023-02-13T07:00:05-05:00", "end_time": 1676289905, "end_date_time": "2023-02-13T07:05:05-05:00", "waiting_time": 0, "distance": 1567, "driving_time": 1505, "preparation_time": 0, "load_before": [0], "load_after": [0]}, {"type": "service", "id": "1404486010_19", "location_id": "1404486010", "address": {"location_id": "1404486010", "lat": 42.28773371, "lon": -71.09061851}, "arr_time": 1676289959, "arr_date_time": "2023-02-13T07:05:59-05:00", "end_time": 1676290259, "end_date_time": "2023-02-13T07:10:59-05:00", "waiting_time": 0, "distance": 1623, "driving_time": 1559, "preparation_time": 0, "load_before": [0], "load_after": [0]}, {"type": "service", "id": "1404453000_13", "location_id": "1404453000", "address": {"location_id": "1404453000", "lat": 42.28936706, "lon": -71.09100699}, "arr_time": 1676290484, "arr_date_time": "2023-02-13T07:14:44-05:00", "end_time": 1676290784, "end_date_time": "2023-02-13T07:19:44-05:00", "waiting_time": 0, "distance": 1858, "driving_time": 1784, "preparation_time": 0, "load_before": [0], "load_after": [0]}, {"type": "service", "id": "1404412000_03", "location_id": "1404412000", "address": {"location_id": "1404412000", "lat": 42.28981438, "lon": -71.09060263}, "arr_time": 1676290800, "arr_date_time": "2023-02-13T07:20:00-05:00", "end_time": 1676291100, "end_date_time": "2023-02-13T07:25:00-05:00", "waiting_time": 0, "distance": 1874, "driving_time": 1800, "preparation_time": 0, "load_before": [0], "load_after": [0]}, {"type": "service", "id": "1404417000_04", "location_id": "1404417000", "address": {"location_id": "1404417000", "lat": 42.29024618, "lon": -71.09109939}, "arr_time": 1676291160, "arr_date_time": "2023-02-13T07:26:00-05:00", "end_time": 1676291460, "end_date_time": "2023-02-13T07:31:00-05:00", "waiting_time": 0, "distance": 1936, "driving_time": 1860, "preparation_time": 0, "load_before": [0], "load_after": [0]}, {"type": "service", "id": "1404442000_12", "location_id": "1404442000", "address": {"location_id": "1404442000", "lat": 42.28904854, "lon": -71.09160814}, "arr_time": 1676291681, "arr_date_time": "2023-02-13T07:34:41-05:00", "end_time": 1676291981, "end_date_time": "2023-02-13T07:39:41-05:00", "waiting_time": 0, "distance": 2167, "driving_time": 2081, "preparation_time": 0, "load_before": [0], "load_after": [0]}, {"type": "service", "id": "1404473000_15", "location_id": "1404473000", "address": {"location_id": "1404473000", "lat": 42.28846749, "lon": -71.0922947}, "arr_time": 1676292109, "arr_date_time": "2023-02-13T07:41:49-05:00", "end_time": 1676292409, "end_date_time": "2023-02-13T07:46:49-05:00", "waiting_time": 0, "distance": 2300, "driving_time": 2209, "preparation_time": 0, "load_before": [0], "load_after": [0]}, {"type": "service", "id": "1404501000_20", "location_id": "1404501000", "address": {"location_id": "1404501000", "lat": 42.28805239, "lon": -71.09271491}, "arr_time": 1676292460, "arr_date_time": "2023-02-13T07:47:40-05:00", "end_time": 1676292760, "end_date_time": "2023-02-13T07:52:40-05:00", "waiting_time": 0, "distance": 2353, "driving_time": 2260, "preparation_time": 0, "load_before": [0], "load_after": [0]}, {"type": "service", "id": "1404532000_22", "location_id": "1404532000", "address": {"location_id": "1404532000", "lat": 42.28764167, "lon": -71.09361426}, "arr_time": 1676292841, "arr_date_time": "2023-02-13T07:54:01-05:00", "end_time": 1676293141, "end_date_time": "2023-02-13T07:59:01-05:00", "waiting_time": 0, "distance": 2437, "driving_time": 2341, "preparation_time": 0, "load_before": [0], "load_after": [0]}, {"type": "service", "id": "1404540000_23", "location_id": "1404540000", "address": {"location_id": "1404540000", "lat": 42.28737935, "lon": -71.09255161}, "arr_time": 1676293229, "arr_date_time": "2023-02-13T08:00:29-05:00", "end_time": 1676293529, "end_date_time": "2023-02-13T08:05:29-05:00", "waiting_time": 0, "distance": 2529, "driving_time": 2429, "preparation_time": 0, "load_before": [0], "load_after": [0]}, {"type": "service", "id": "1404636000_36", "location_id": "1404636000", "address": {"location_id": "1404636000", "lat": 42.28717109, "lon": -71.09460241}, "arr_time": 1676293723, "arr_date_time": "2023-02-13T08:08:43-05:00", "end_time": 1676294023, "end_date_time": "2023-02-13T08:13:43-05:00", "waiting_time": 0, "distance": 2730, "driving_time": 2623, "preparation_time": 0, "load_before": [0], "load_after": [0]}, {"type": "service", "id": "1404635000_35", "location_id": "1404635000", "address": {"location_id": "1404635000", "lat": 42.28712477, "lon": -71.09477767}, "arr_time": 1676294040, "arr_date_time": "2023-02-13T08:14:00-05:00", "end_time": 1676294340, "end_date_time": "2023-02-13T08:19:00-05:00", "waiting_time": 0, "distance": 2748, "driving_time": 2640, "preparation_time": 0, "load_before": [0], "load_after": [0]}, {"type": "service", "id": "1404639000_37", "location_id": "1404639000", "address": {"location_id": "1404639000", "lat": 42.28655785, "lon": -71.0952234}, "arr_time": 1676294421, "arr_date_time": "2023-02-13T08:20:21-05:00", "end_time": 1676294721, "end_date_time": "2023-02-13T08:25:21-05:00", "waiting_time": 0, "distance": 2833, "driving_time": 2721, "preparation_time": 0, "load_before": [0], "load_after": [0]}, {"type": "service", "id": "1404570000_26", "location_id": "1404570000", "address": {"location_id": "1404570000", "lat": 42.2867931, "lon": -71.09257297}, "arr_time": 1676294948, "arr_date_time": "2023-02-13T08:29:08-05:00", "end_time": 1676295248, "end_date_time": "2023-02-13T08:34:08-05:00", "waiting_time": 0, "distance": 3070, "driving_time": 2948, "preparation_time": 0, "load_before": [0], "load_after": [0]}, {"type": "service", "id": "1404571000_27", "location_id": "1404571000", "address": {"location_id": "1404571000", "lat": 42.28675951, "lon": -71.09238997}, "arr_time": 1676295263, "arr_date_time": "2023-02-13T08:34:23-05:00", "end_time": 1676295563, "end_date_time": "2023-02-13T08:39:23-05:00", "waiting_time": 0, "distance": 3086, "driving_time": 2963, "preparation_time": 0, "load_before": [0], "load_after": [0]}, {"type": "service", "id": "1404572000_28", "location_id": "1404572000", "address": {"location_id": "1404572000", "lat": 42.28672631, "lon": -71.09220884}, "arr_time": 1676295577, "arr_date_time": "2023-02-13T08:39:37-05:00", "end_time": 1676295877, "end_date_time": "2023-02-13T08:44:37-05:00", "waiting_time": 0, "distance": 3101, "driving_time": 2977, "preparation_time": 0, "load_before": [0], "load_after": [0]}, {"type": "service", "id": "1404573000_29", "location_id": "1404573000", "address": {"location_id": "1404573000", "lat": 42.28669321, "lon": -71.09202866}, "arr_time": 1676295892, "arr_date_time": "2023-02-13T08:44:52-05:00", "end_time": 1676296192, "end_date_time": "2023-02-13T08:49:52-05:00", "waiting_time": 0, "distance": 3116, "driving_time": 2992, "preparation_time": 0, "load_before": [0], "load_after": [0]}, {"type": "service", "id": "1404518000_21", "location_id": "1404518000", "address": {"location_id": "1404518000", "lat": 42.28691452, "lon": -71.09139845}, "arr_time": 1676296235, "arr_date_time": "2023-02-13T08:50:35-05:00", "end_time": 1676296535, "end_date_time": "2023-02-13T08:55:35-05:00", "waiting_time": 0, "distance": 3160, "driving_time": 3035, "preparation_time": 0, "load_before": [0], "load_after": [0]}, {"type": "service", "id": "1404551000_24", "location_id": "1404551000", "address": {"location_id": "1404551000", "lat": 42.28634752, "lon": -71.09138474}, "arr_time": 1676296692, "arr_date_time": "2023-02-13T08:58:12-05:00", "end_time": 1676296992, "end_date_time": "2023-02-13T09:03:12-05:00", "waiting_time": 0, "distance": 3324, "driving_time": 3192, "preparation_time": 0, "load_before": [0], "load_after": [0]}, {"type": "service", "id": "1404599000_34", "location_id": "1404599000", "address": {"location_id": "1404599000", "lat": 42.28615602, "lon": -71.09218358}, "arr_time": 1676297048, "arr_date_time": "2023-02-13T09:04:08-05:00", "end_time": 1676297348, "end_date_time": "2023-02-13T09:09:08-05:00", "waiting_time": 0, "distance": 3383, "driving_time": 3248, "preparation_time": 0, "load_before": [0], "load_after": [0]}, {"type": "service", "id": "1404598000_33", "location_id": "1404598000", "address": {"location_id": "1404598000", "lat": 42.28618148, "lon": -71.09232363}, "arr_time": 1676297360, "arr_date_time": "2023-02-13T09:09:20-05:00", "end_time": 1676297660, "end_date_time": "2023-02-13T09:14:20-05:00", "waiting_time": 0, "distance": 3395, "driving_time": 3260, "preparation_time": 0, "load_before": [0], "load_after": [0]}, {"type": "service", "id": "1404561000_25", "location_id": "1404561000", "address": {"location_id": "1404561000", "lat": 42.28662505, "lon": -71.09288834}, "arr_time": 1676297715, "arr_date_time": "2023-02-13T09:15:15-05:00", "end_time": 1676298015, "end_date_time": "2023-02-13T09:20:15-05:00", "waiting_time": 0, "distance": 3452, "driving_time": 3315, "preparation_time": 0, "load_before": [0], "load_after": [0]}, {"type": "service", "id": "1404649000_38", "location_id": "1404649000", "address": {"location_id": "1404649000", "lat": 42.28663651, "lon": -71.09388365}, "arr_time": 1676298087, "arr_date_time": "2023-02-13T09:21:27-05:00", "end_time": 1676298387, "end_date_time": "2023-02-13T09:26:27-05:00", "waiting_time": 0, "distance": 3528, "driving_time": 3387, "preparation_time": 0, "load_before": [0], "load_after": [0]}, {"type": "service", "id": "1404586000_32", "location_id": "1404586000", "address": {"location_id": "1404586000", "lat": 42.28596325, "lon": -71.09236315}, "arr_time": 1676298545, "arr_date_time": "2023-02-13T09:29:05-05:00", "end_time": 1676298845, "end_date_time": "2023-02-13T09:34:05-05:00", "waiting_time": 0, "distance": 3693, "driving_time": 3545, "preparation_time": 0, "load_before": [0], "load_after": [0]}, {"type": "service", "id": "1404585000_31", "location_id": "1404585000", "address": {"location_id": "1404585000", "lat": 42.28593582, "lon": -71.09221399}, "arr_time": 1676298857, "arr_date_time": "2023-02-13T09:34:17-05:00", "end_time": 1676299157, "end_date_time": "2023-02-13T09:39:17-05:00", "waiting_time": 0, "distance": 3706, "driving_time": 3557, "preparation_time": 0, "load_before": [0], "load_after": [0]}, {"type": "service", "id": "1404584000_30", "location_id": "1404584000", "address": {"location_id": "1404584000", "lat": 42.28590897, "lon": -71.09206903}, "arr_time": 1676299169, "arr_date_time": "2023-02-13T09:39:29-05:00", "end_time": 1676299469, "end_date_time": "2023-02-13T09:44:29-05:00", "waiting_time": 0, "distance": 3718, "driving_time": 3569, "preparation_time": 0, "load_before": [0], "load_after": [0]}, {"type": "service", "id": "1404680000_40", "location_id": "1404680000", "address": {"location_id": "1404680000", "lat": 42.28566348, "lon": -71.09395555}, "arr_time": 1676299785, "arr_date_time": "2023-02-13T09:49:45-05:00", "end_time": 1676300085, "end_date_time": "2023-02-13T09:54:45-05:00", "waiting_time": 0, "distance": 4047, "driving_time": 3885, "preparation_time": 0, "load_before": [0], "load_after": [0]}, {"type": "service", "id": "1404694000_44", "location_id": "1404694000", "address": {"location_id": "1404694000", "lat": 42.28543432, "lon": -71.09448036}, "arr_time": 1676300105, "arr_date_time": "2023-02-13T09:55:05-05:00", "end_time": 1676300405, "end_date_time": "2023-02-13T10:00:05-05:00", "waiting_time": 0, "distance": 4068, "driving_time": 3905, "preparation_time": 0, "load_before": [0], "load_after": [0]}, {"type": "service", "id": "1404693000_43", "location_id": "1404693000", "address": {"location_id": "1404693000", "lat": 42.28552633, "lon": -71.09466047}, "arr_time": 1676300423, "arr_date_time": "2023-02-13T10:00:23-05:00", "end_time": 1676300723, "end_date_time": "2023-02-13T10:05:23-05:00", "waiting_time": 0, "distance": 4086, "driving_time": 3923, "preparation_time": 0, "load_before": [0], "load_after": [0]}, {"type": "service", "id": "1404690000_42", "location_id": "1404690000", "address": {"location_id": "1404690000", "lat": 42.28579344, "lon": -71.0951906}, "arr_time": 1676300773, "arr_date_time": "2023-02-13T10:06:13-05:00", "end_time": 1676301073, "end_date_time": "2023-02-13T10:11:13-05:00", "waiting_time": 0, "distance": 4139, "driving_time": 3973, "preparation_time": 0, "load_before": [0], "load_after": [0]}, {"type": "service", "id": "1404657000_39", "location_id": "1404657000", "address": {"location_id": "1404657000", "lat": 42.28632167, "lon": -71.09526309}, "arr_time": 1676301123, "arr_date_time": "2023-02-13T10:12:03-05:00", "end_time": 1676301423, "end_date_time": "2023-02-13T10:17:03-05:00", "waiting_time": 0, "distance": 4190, "driving_time": 4023, "preparation_time": 0, "load_before": [0], "load_after": [0]}, {"type": "service", "id": "1404685000_41", "location_id": "1404685000", "address": {"location_id": "1404685000", "lat": 42.28577912, "lon": -71.09599646}, "arr_time": 1676301556, "arr_date_time": "2023-02-13T10:19:16-05:00", "end_time": 1676301856, "end_date_time": "2023-02-13T10:24:16-05:00", "waiting_time": 0, "distance": 4329, "driving_time": 4156, "preparation_time": 0, "load_before": [0], "load_after": [0]}, {"type": "service", "id": "1404709000_46", "location_id": "1404709000", "address": {"location_id": "1404709000", "lat": 42.28543068, "lon": -71.09512203}, "arr_time": 1676301936, "arr_date_time": "2023-02-13T10:25:36-05:00", "end_time": 1676302236, "end_date_time": "2023-02-13T10:30:36-05:00", "waiting_time": 0, "distance": 4412, "driving_time": 4236, "preparation_time": 0, "load_before": [0], "load_after": [0]}, {"type": "service", "id": "1404701000_45", "location_id": "1404701000", "address": {"location_id": "1404701000", "lat": 42.28500916, "lon": -71.09402802}, "arr_time": 1676302355, "arr_date_time": "2023-02-13T10:32:35-05:00", "end_time": 1676302655, "end_date_time": "2023-02-13T10:37:35-05:00", "waiting_time": 0, "distance": 4536, "driving_time": 4355, "preparation_time": 0, "load_before": [0], "load_after": [0]}, {"type": "service", "id": "1404733000_49", "location_id": "1404733000", "address": {"location_id": "1404733000", "lat": 42.28439813, "lon": -71.0930398}, "arr_time": 1676302788, "arr_date_time": "2023-02-13T10:39:48-05:00", "end_time": 1676303088, "end_date_time": "2023-02-13T10:44:48-05:00", "waiting_time": 0, "distance": 4675, "driving_time": 4488, "preparation_time": 0, "load_before": [0], "load_after": [0]}, {"type": "service", "id": "1404732000_48", "location_id": "1404732000", "address": {"location_id": "1404732000", "lat": 42.28433006, "lon": -71.09291813}, "arr_time": 1676303100, "arr_date_time": "2023-02-13T10:45:00-05:00", "end_time": 1676303400, "end_date_time": "2023-02-13T10:50:00-05:00", "waiting_time": 0, "distance": 4688, "driving_time": 4500, "preparation_time": 0, "load_before": [0], "load_after": [0]}, {"type": "service", "id": "1404728000_47", "location_id": "1404728000", "address": {"location_id": "1404728000", "lat": 42.28405242, "lon": -71.09239175}, "arr_time": 1676303451, "arr_date_time": "2023-02-13T10:50:51-05:00", "end_time": 1676303751, "end_date_time": "2023-02-13T10:55:51-05:00", "waiting_time": 0, "distance": 4741, "driving_time": 4551, "preparation_time": 0, "load_before": [0], "load_after": [0]}]}], "unassigned": {"services": [], "shipments": [], "breaks": [], "details": []}}}