{"copyrights": ["GraphHopper", "OpenStreetMap contributors"], "job_id": "e0c94d79-d075-40b7-926c-a6ddc9ecd914", "status": "finished", "waiting_time_in_queue": 0, "processing_time": 144, "solution": {"costs": 336, "distance": 2292, "time": 2196, "transport_time": 2196, "completion_time": 16896, "max_operation_time": 16896, "waiting_time": 0, "service_duration": 14700, "preparation_time": 0, "no_vehicles": 1, "no_unassigned": 0, "routes": [{"vehicle_id": "my_vehicle", "shift_id": "default-shift", "distance": 2292, "transport_time": 2196, "completion_time": 16896, "waiting_time": 0, "service_duration": 14700, "preparation_time": 0, "activities": [{"type": "start", "location_id": "1601582000", "address": {"location_id": "1601582000", "lat": 42.29209077, "lon": -71.06077465}, "arr_time": 1676278800, "arr_date_time": "2023-02-13T04:00:00-05:00", "end_time": 1676278800, "end_date_time": "2023-02-13T04:00:00-05:00", "waiting_time": 0, "distance": 0, "driving_time": 0, "preparation_time": 0, "load_after": [0]}, {"type": "service", "id": "1601581000_21", "location_id": "1601581000", "address": {"location_id": "1601581000", "lat": 42.29199594, "lon": -71.06092838}, "arr_time": 1676278815, "arr_date_time": "2023-02-13T04:00:15-05:00", "end_time": 1676279115, "end_date_time": "2023-02-13T04:05:15-05:00", "waiting_time": 0, "distance": 15, "driving_time": 15, "preparation_time": 0, "load_before": [0], "load_after": [0]}, {"type": "service", "id": "1601580000_20", "location_id": "1601580000", "address": {"location_id": "1601580000", "lat": 42.29195108, "lon": -71.06110661}, "arr_time": 1676279129, "arr_date_time": "2023-02-13T04:05:29-05:00", "end_time": 1676279429, "end_date_time": "2023-02-13T04:10:29-05:00", "waiting_time": 0, "distance": 30, "driving_time": 29, "preparation_time": 0, "load_before": [0], "load_after": [0]}, {"type": "service", "id": "1601578000_19", "location_id": "1601578000", "address": {"location_id": "1601578000", "lat": 42.29186545, "lon": -71.06145161}, "arr_time": 1676279459, "arr_date_time": "2023-02-13T04:10:59-05:00", "end_time": 1676279759, "end_date_time": "2023-02-13T04:15:59-05:00", "waiting_time": 0, "distance": 60, "driving_time": 59, "preparation_time": 0, "load_before": [0], "load_after": [0]}, {"type": "service", "id": "1601641000_28", "location_id": "1601641000", "address": {"location_id": "1601641000", "lat": 42.29130484, "lon": -71.06016443}, "arr_time": 1676279968, "arr_date_time": "2023-02-13T04:19:28-05:00", "end_time": 1676280268, "end_date_time": "2023-02-13T04:24:28-05:00", "waiting_time": 0, "distance": 278, "driving_time": 268, "preparation_time": 0, "load_before": [0], "load_after": [0]}, {"type": "service", "id": "1601640000_27", "location_id": "1601640000", "address": {"location_id": "1601640000", "lat": 42.29147595, "lon": -71.06021143}, "arr_time": 1676280321, "arr_date_time": "2023-02-13T04:25:21-05:00", "end_time": 1676280621, "end_date_time": "2023-02-13T04:30:21-05:00", "waiting_time": 0, "distance": 333, "driving_time": 321, "preparation_time": 0, "load_before": [0], "load_after": [0]}, {"type": "service", "id": "1601607000_24", "location_id": "1601607000", "address": {"location_id": "1601607000", "lat": 42.29138505, "lon": -71.06126197}, "arr_time": 1676280709, "arr_date_time": "2023-02-13T04:31:49-05:00", "end_time": 1676281009, "end_date_time": "2023-02-13T04:36:49-05:00", "waiting_time": 0, "distance": 424, "driving_time": 409, "preparation_time": 0, "load_before": [0], "load_after": [0]}, {"type": "service", "id": "1601594000_22", "location_id": "1601594000", "address": {"location_id": "1601594000", "lat": 42.29155298, "lon": -71.061998}, "arr_time": 1676281059, "arr_date_time": "2023-02-13T04:37:39-05:00", "end_time": 1676281359, "end_date_time": "2023-02-13T04:42:39-05:00", "waiting_time": 0, "distance": 475, "driving_time": 459, "preparation_time": 0, "load_before": [0], "load_after": [0]}, {"type": "service", "id": "1601596000_23", "location_id": "1601596000", "address": {"location_id": "1601596000", "lat": 42.29148694, "lon": -71.06226966}, "arr_time": 1676281381, "arr_date_time": "2023-02-13T04:43:01-05:00", "end_time": 1676281681, "end_date_time": "2023-02-13T04:48:01-05:00", "waiting_time": 0, "distance": 499, "driving_time": 481, "preparation_time": 0, "load_before": [0], "load_after": [0]}, {"type": "service", "id": "1601325000_03", "location_id": "1601325000", "address": {"location_id": "1601325000", "lat": 42.29099808, "lon": -71.06339944}, "arr_time": 1676281791, "arr_date_time": "2023-02-13T04:49:51-05:00", "end_time": 1676282091, "end_date_time": "2023-02-13T04:54:51-05:00", "waiting_time": 0, "distance": 612, "driving_time": 591, "preparation_time": 0, "load_before": [0], "load_after": [0]}, {"type": "service", "id": "1601324000_02", "location_id": "1601324000", "address": {"location_id": "1601324000", "lat": 42.29095393, "lon": -71.06352248}, "arr_time": 1676282101, "arr_date_time": "2023-02-13T04:55:01-05:00", "end_time": 1676282401, "end_date_time": "2023-02-13T05:00:01-05:00", "waiting_time": 0, "distance": 623, "driving_time": 601, "preparation_time": 0, "load_before": [0], "load_after": [0]}, {"type": "service", "id": "1601347000_06", "location_id": "1601347000", "address": {"location_id": "1601347000", "lat": 42.29078147, "lon": -71.0640315}, "arr_time": 1676282451, "arr_date_time": "2023-02-13T05:00:51-05:00", "end_time": 1676282751, "end_date_time": "2023-02-13T05:05:51-05:00", "waiting_time": 0, "distance": 675, "driving_time": 651, "preparation_time": 0, "load_before": [0], "load_after": [0]}, {"type": "service", "id": "1601363000_11", "location_id": "1601363000", "address": {"location_id": "1601363000", "lat": 42.29078398, "lon": -71.06500587}, "arr_time": 1676282845, "arr_date_time": "2023-02-13T05:07:25-05:00", "end_time": 1676283145, "end_date_time": "2023-02-13T05:12:25-05:00", "waiting_time": 0, "distance": 774, "driving_time": 745, "preparation_time": 0, "load_before": [0], "load_after": [0]}, {"type": "service", "id": "1601361000_10", "location_id": "1601361000", "address": {"location_id": "1601361000", "lat": 42.29104863, "lon": -71.06495746}, "arr_time": 1676283172, "arr_date_time": "2023-02-13T05:12:52-05:00", "end_time": 1676283472, "end_date_time": "2023-02-13T05:17:52-05:00", "waiting_time": 0, "distance": 802, "driving_time": 772, "preparation_time": 0, "load_before": [0], "load_after": [0]}, {"type": "service", "id": "1601358000_09", "location_id": "1601358000", "address": {"location_id": "1601358000", "lat": 42.29128206, "lon": -71.06523125}, "arr_time": 1676283500, "arr_date_time": "2023-02-13T05:18:20-05:00", "end_time": 1676283800, "end_date_time": "2023-02-13T05:23:20-05:00", "waiting_time": 0, "distance": 831, "driving_time": 800, "preparation_time": 0, "load_before": [0], "load_after": [0]}, {"type": "service", "id": "1601357000_08", "location_id": "1601357000", "address": {"location_id": "1601357000", "lat": 42.29146435, "lon": -71.06516058}, "arr_time": 1676283819, "arr_date_time": "2023-02-13T05:23:39-05:00", "end_time": 1676284119, "end_date_time": "2023-02-13T05:28:39-05:00", "waiting_time": 0, "distance": 851, "driving_time": 819, "preparation_time": 0, "load_before": [0], "load_after": [0]}, {"type": "service", "id": "1601355000_07", "location_id": "1601355000", "address": {"location_id": "1601355000", "lat": 42.29175622, "lon": -71.06511593}, "arr_time": 1676284149, "arr_date_time": "2023-02-13T05:29:09-05:00", "end_time": 1676284449, "end_date_time": "2023-02-13T05:34:09-05:00", "waiting_time": 0, "distance": 882, "driving_time": 849, "preparation_time": 0, "load_before": [0], "load_after": [0]}, {"type": "service", "id": "1601364000_12", "location_id": "1601364000", "address": {"location_id": "1601364000", "lat": 42.29068516, "lon": -71.06498388}, "arr_time": 1676284564, "arr_date_time": "2023-02-13T05:36:04-05:00", "end_time": 1676284864, "end_date_time": "2023-02-13T05:41:04-05:00", "waiting_time": 0, "distance": 1001, "driving_time": 964, "preparation_time": 0, "load_before": [0], "load_after": [0]}, {"type": "service", "id": "1601340000_05", "location_id": "1601340000", "address": {"location_id": "1601340000", "lat": 42.29035314, "lon": -71.06437606}, "arr_time": 1676284907, "arr_date_time": "2023-02-13T05:41:47-05:00", "end_time": 1676285207, "end_date_time": "2023-02-13T05:46:47-05:00", "waiting_time": 0, "distance": 1046, "driving_time": 1007, "preparation_time": 0, "load_before": [0], "load_after": [0]}, {"type": "service", "id": "1601368000_13", "location_id": "1601368000", "address": {"location_id": "1601368000", "lat": 42.29027103, "lon": -71.06490743}, "arr_time": 1676285208, "arr_date_time": "2023-02-13T05:46:48-05:00", "end_time": 1676285508, "end_date_time": "2023-02-13T05:51:48-05:00", "waiting_time": 0, "distance": 1048, "driving_time": 1008, "preparation_time": 0, "load_before": [0], "load_after": [0]}, {"type": "service", "id": "1601369000_14", "location_id": "1601369000", "address": {"location_id": "1601369000", "lat": 42.29016105, "lon": -71.06488427}, "arr_time": 1676285520, "arr_date_time": "2023-02-13T05:52:00-05:00", "end_time": 1676285820, "end_date_time": "2023-02-13T05:57:00-05:00", "waiting_time": 0, "distance": 1060, "driving_time": 1020, "preparation_time": 0, "load_before": [0], "load_after": [0]}, {"type": "service", "id": "1601564000_16", "location_id": "1601564000", "address": {"location_id": "1601564000", "lat": 42.28955405, "lon": -71.06438087}, "arr_time": 1676285871, "arr_date_time": "2023-02-13T05:57:51-05:00", "end_time": 1676286171, "end_date_time": "2023-02-13T06:02:51-05:00", "waiting_time": 0, "distance": 1113, "driving_time": 1071, "preparation_time": 0, "load_before": [0], "load_after": [0]}, {"type": "service", "id": "1601566000_17", "location_id": "1601566000", "address": {"location_id": "1601566000", "lat": 42.28955293, "lon": -71.06405241}, "arr_time": 1676286197, "arr_date_time": "2023-02-13T06:03:17-05:00", "end_time": 1676286497, "end_date_time": "2023-02-13T06:08:17-05:00", "waiting_time": 0, "distance": 1141, "driving_time": 1097, "preparation_time": 0, "load_before": [0], "load_after": [0]}, {"type": "service", "id": "1601568000_18", "location_id": "1601568000", "address": {"location_id": "1601568000", "lat": 42.28954032, "lon": -71.06372981}, "arr_time": 1676286527, "arr_date_time": "2023-02-13T06:08:47-05:00", "end_time": 1676286827, "end_date_time": "2023-02-13T06:13:47-05:00", "waiting_time": 0, "distance": 1172, "driving_time": 1127, "preparation_time": 0, "load_before": [0], "load_after": [0]}, {"type": "service", "id": "1601316000_01", "location_id": "1601316000", "address": {"location_id": "1601316000", "lat": 42.2901642, "lon": -71.06352281}, "arr_time": 1676286864, "arr_date_time": "2023-02-13T06:14:24-05:00", "end_time": 1676287164, "end_date_time": "2023-02-13T06:19:24-05:00", "waiting_time": 0, "distance": 1211, "driving_time": 1164, "preparation_time": 0, "load_before": [0], "load_after": [0]}, {"type": "service", "id": "1601487000_15", "location_id": "1601487000", "address": {"location_id": "1601487000", "lat": 42.28928443, "lon": -71.06368459}, "arr_time": 1676287321, "arr_date_time": "2023-02-13T06:22:01-05:00", "end_time": 1676287621, "end_date_time": "2023-02-13T06:27:01-05:00", "waiting_time": 0, "distance": 1375, "driving_time": 1321, "preparation_time": 0, "load_before": [0], "load_after": [0]}, {"type": "service", "id": "1601711000_45", "location_id": "1601711000", "address": {"location_id": "1601711000", "lat": 42.28946907, "lon": -71.06225821}, "arr_time": 1676287724, "arr_date_time": "2023-02-13T06:28:44-05:00", "end_time": 1676288024, "end_date_time": "2023-02-13T06:33:44-05:00", "waiting_time": 0, "distance": 1482, "driving_time": 1424, "preparation_time": 0, "load_before": [0], "load_after": [0]}, {"type": "service", "id": "1601700000_44", "location_id": "1601700000", "address": {"location_id": "1601700000", "lat": 42.28985065, "lon": -71.06203559}, "arr_time": 1676288053, "arr_date_time": "2023-02-13T06:34:13-05:00", "end_time": 1676288353, "end_date_time": "2023-02-13T06:39:13-05:00", "waiting_time": 0, "distance": 1513, "driving_time": 1453, "preparation_time": 0, "load_before": [0], "load_after": [0]}, {"type": "service", "id": "1601698000_43", "location_id": "1601698000", "address": {"location_id": "1601698000", "lat": 42.28988853, "lon": -71.06174325}, "arr_time": 1676288376, "arr_date_time": "2023-02-13T06:39:36-05:00", "end_time": 1676288676, "end_date_time": "2023-02-13T06:44:36-05:00", "waiting_time": 0, "distance": 1537, "driving_time": 1476, "preparation_time": 0, "load_before": [0], "load_after": [0]}, {"type": "service", "id": "1601742000_46", "location_id": "1601742000", "address": {"location_id": "1601742000", "lat": 42.2896103, "lon": -71.06161686}, "arr_time": 1676288676, "arr_date_time": "2023-02-13T06:44:36-05:00", "end_time": 1676288976, "end_date_time": "2023-02-13T06:49:36-05:00", "waiting_time": 0, "distance": 1537, "driving_time": 1476, "preparation_time": 0, "load_before": [0], "load_after": [0]}, {"type": "service", "id": "1601743000_47", "location_id": "1601743000", "address": {"location_id": "1601743000", "lat": 42.28961808, "lon": -71.06147361}, "arr_time": 1676288987, "arr_date_time": "2023-02-13T06:49:47-05:00", "end_time": 1676289287, "end_date_time": "2023-02-13T06:54:47-05:00", "waiting_time": 0, "distance": 1548, "driving_time": 1487, "preparation_time": 0, "load_before": [0], "load_after": [0]}, {"type": "service", "id": "1601695000_42", "location_id": "1601695000", "address": {"location_id": "1601695000", "lat": 42.28999444, "lon": -71.06132038}, "arr_time": 1676289311, "arr_date_time": "2023-02-13T06:55:11-05:00", "end_time": 1676289611, "end_date_time": "2023-02-13T07:00:11-05:00", "waiting_time": 0, "distance": 1574, "driving_time": 1511, "preparation_time": 0, "load_before": [0], "load_after": [0]}, {"type": "service", "id": "1601691000_41", "location_id": "1601691000", "address": {"location_id": "1601691000", "lat": 42.29013384, "lon": -71.06076247}, "arr_time": 1676289657, "arr_date_time": "2023-02-13T07:00:57-05:00", "end_time": 1676289957, "end_date_time": "2023-02-13T07:05:57-05:00", "waiting_time": 0, "distance": 1622, "driving_time": 1557, "preparation_time": 0, "load_before": [0], "load_after": [0]}, {"type": "service", "id": "1601690000_40", "location_id": "1601690000", "address": {"location_id": "1601690000", "lat": 42.29016772, "lon": -71.06062855}, "arr_time": 1676289968, "arr_date_time": "2023-02-13T07:06:08-05:00", "end_time": 1676290268, "end_date_time": "2023-02-13T07:11:08-05:00", "waiting_time": 0, "distance": 1634, "driving_time": 1568, "preparation_time": 0, "load_before": [0], "load_after": [0]}, {"type": "service", "id": "1601754000_48", "location_id": "1601754000", "address": {"location_id": "1601754000", "lat": 42.28999078, "lon": -71.05993366}, "arr_time": 1676290313, "arr_date_time": "2023-02-13T07:11:53-05:00", "end_time": 1676290613, "end_date_time": "2023-02-13T07:16:53-05:00", "waiting_time": 0, "distance": 1682, "driving_time": 1613, "preparation_time": 0, "load_before": [0], "load_after": [0]}, {"type": "service", "id": "1601755000_49", "location_id": "1601755000", "address": {"location_id": "1601755000", "lat": 42.2900002, "lon": -71.05978048}, "arr_time": 1676290625, "arr_date_time": "2023-02-13T07:17:05-05:00", "end_time": 1676290925, "end_date_time": "2023-02-13T07:22:05-05:00", "waiting_time": 0, "distance": 1694, "driving_time": 1625, "preparation_time": 0, "load_before": [0], "load_after": [0]}, {"type": "service", "id": "1601644000_29", "location_id": "1601644000", "address": {"location_id": "1601644000", "lat": 42.2908662, "lon": -71.05994817}, "arr_time": 1676291041, "arr_date_time": "2023-02-13T07:24:01-05:00", "end_time": 1676291341, "end_date_time": "2023-02-13T07:29:01-05:00", "waiting_time": 0, "distance": 1815, "driving_time": 1741, "preparation_time": 0, "load_before": [0], "load_after": [0]}, {"type": "service", "id": "1601682000_39", "location_id": "1601682000", "address": {"location_id": "1601682000", "lat": 42.29057951, "lon": -71.05992053}, "arr_time": 1676291349, "arr_date_time": "2023-02-13T07:29:09-05:00", "end_time": 1676291649, "end_date_time": "2023-02-13T07:34:09-05:00", "waiting_time": 0, "distance": 1823, "driving_time": 1749, "preparation_time": 0, "load_before": [0], "load_after": [0]}, {"type": "service", "id": "1601645000_30", "location_id": "1601645000", "address": {"location_id": "1601645000", "lat": 42.2908285, "lon": -71.06018352}, "arr_time": 1676291660, "arr_date_time": "2023-02-13T07:34:20-05:00", "end_time": 1676291960, "end_date_time": "2023-02-13T07:39:20-05:00", "waiting_time": 0, "distance": 1835, "driving_time": 1760, "preparation_time": 0, "load_before": [0], "load_after": [0]}, {"type": "service", "id": "1601676000_38", "location_id": "1601676000", "address": {"location_id": "1601676000", "lat": 42.29034283, "lon": -71.06085886}, "arr_time": 1676292027, "arr_date_time": "2023-02-13T07:40:27-05:00", "end_time": 1676292327, "end_date_time": "2023-02-13T07:45:27-05:00", "waiting_time": 0, "distance": 1905, "driving_time": 1827, "preparation_time": 0, "load_before": [0], "load_after": [0]}, {"type": "service", "id": "1601651000_31", "location_id": "1601651000", "address": {"location_id": "1601651000", "lat": 42.29062045, "lon": -71.06114599}, "arr_time": 1676292339, "arr_date_time": "2023-02-13T07:45:39-05:00", "end_time": 1676292639, "end_date_time": "2023-02-13T07:50:39-05:00", "waiting_time": 0, "distance": 1917, "driving_time": 1839, "preparation_time": 0, "load_before": [0], "load_after": [0]}, {"type": "service", "id": "1601652000_32", "location_id": "1601652000", "address": {"location_id": "1601652000", "lat": 42.29057963, "lon": -71.06131064}, "arr_time": 1676292652, "arr_date_time": "2023-02-13T07:50:52-05:00", "end_time": 1676292952, "end_date_time": "2023-02-13T07:55:52-05:00", "waiting_time": 0, "distance": 1931, "driving_time": 1852, "preparation_time": 0, "load_before": [0], "load_after": [0]}, {"type": "service", "id": "1601655000_33", "location_id": "1601655000", "address": {"location_id": "1601655000", "lat": 42.29046278, "lon": -71.06178084}, "arr_time": 1676292991, "arr_date_time": "2023-02-13T07:56:31-05:00", "end_time": 1676293291, "end_date_time": "2023-02-13T08:01:31-05:00", "waiting_time": 0, "distance": 1972, "driving_time": 1891, "preparation_time": 0, "load_before": [0], "load_after": [0]}, {"type": "service", "id": "1601670000_37", "location_id": "1601670000", "address": {"location_id": "1601670000", "lat": 42.29010463, "lon": -71.06180377}, "arr_time": 1676293304, "arr_date_time": "2023-02-13T08:01:44-05:00", "end_time": 1676293604, "end_date_time": "2023-02-13T08:06:44-05:00", "waiting_time": 0, "distance": 1987, "driving_time": 1904, "preparation_time": 0, "load_before": [0], "load_after": [0]}, {"type": "service", "id": "1601657000_34", "location_id": "1601657000", "address": {"location_id": "1601657000", "lat": 42.29038244, "lon": -71.06210015}, "arr_time": 1676293616, "arr_date_time": "2023-02-13T08:06:56-05:00", "end_time": 1676293916, "end_date_time": "2023-02-13T08:11:56-05:00", "waiting_time": 0, "distance": 2000, "driving_time": 1916, "preparation_time": 0, "load_before": [0], "load_after": [0]}, {"type": "service", "id": "1601666000_36", "location_id": "1601666000", "address": {"location_id": "1601666000", "lat": 42.28994373, "lon": -71.0624454}, "arr_time": 1676293956, "arr_date_time": "2023-02-13T08:12:36-05:00", "end_time": 1676294256, "end_date_time": "2023-02-13T08:17:36-05:00", "waiting_time": 0, "distance": 2042, "driving_time": 1956, "preparation_time": 0, "load_before": [0], "load_after": [0]}, {"type": "service", "id": "1601661000_35", "location_id": "1601661000", "address": {"location_id": "1601661000", "lat": 42.29022686, "lon": -71.06271793}, "arr_time": 1676294268, "arr_date_time": "2023-02-13T08:17:48-05:00", "end_time": 1676294568, "end_date_time": "2023-02-13T08:22:48-05:00", "waiting_time": 0, "distance": 2054, "driving_time": 1968, "preparation_time": 0, "load_before": [0], "load_after": [0]}, {"type": "service", "id": "1601328000_04", "location_id": "1601328000", "address": {"location_id": "1601328000", "lat": 42.29083823, "lon": -71.06320104}, "arr_time": 1676294696, "arr_date_time": "2023-02-13T08:24:56-05:00", "end_time": 1676294996, "end_date_time": "2023-02-13T08:29:56-05:00", "waiting_time": 0, "distance": 2188, "driving_time": 2096, "preparation_time": 0, "load_before": [0], "load_after": [0]}, {"type": "service", "id": "1601625000_25", "location_id": "1601625000", "address": {"location_id": "1601625000", "lat": 42.29056047, "lon": -71.06228453}, "arr_time": 1676295061, "arr_date_time": "2023-02-13T08:31:01-05:00", "end_time": 1676295361, "end_date_time": "2023-02-13T08:36:01-05:00", "waiting_time": 0, "distance": 2256, "driving_time": 2161, "preparation_time": 0, "load_before": [0], "load_after": [0]}, {"type": "service", "id": "1601628000_26", "location_id": "1601628000", "address": {"location_id": "1601628000", "lat": 42.2906631, "lon": -71.06187508}, "arr_time": 1676295396, "arr_date_time": "2023-02-13T08:36:36-05:00", "end_time": 1676295696, "end_date_time": "2023-02-13T08:41:36-05:00", "waiting_time": 0, "distance": 2292, "driving_time": 2196, "preparation_time": 0, "load_before": [0], "load_after": [0]}]}], "unassigned": {"services": [], "shipments": [], "breaks": [], "details": []}}}