{"copyrights": ["GraphHopper", "OpenStreetMap contributors"], "job_id": "677771f8-8e1f-4fa6-9556-79b859e17a62", "status": "finished", "waiting_time_in_queue": 0, "processing_time": 157, "solution": {"costs": 372, "distance": 1726, "time": 1655, "transport_time": 1655, "completion_time": 21455, "max_operation_time": 21455, "waiting_time": 0, "service_duration": 19800, "preparation_time": 0, "no_vehicles": 1, "no_unassigned": 0, "routes": [{"vehicle_id": "my_vehicle", "shift_id": "default-shift", "distance": 1726, "transport_time": 1655, "completion_time": 21455, "waiting_time": 0, "service_duration": 19800, "preparation_time": 0, "activities": [{"type": "start", "location_id": "1703922000", "address": {"location_id": "1703922000", "lat": 42.27695678, "lon": -71.07717551}, "arr_time": 1676278800, "arr_date_time": "2023-02-13T04:00:00-05:00", "end_time": 1676278800, "end_date_time": "2023-02-13T04:00:00-05:00", "waiting_time": 0, "distance": 0, "driving_time": 0, "preparation_time": 0, "load_after": [0]}, {"type": "service", "id": "1703935000_11", "location_id": "1703935000", "address": {"location_id": "1703935000", "lat": 42.27678651, "lon": -71.07679444}, "arr_time": 1676278801, "arr_date_time": "2023-02-13T04:00:01-05:00", "end_time": 1676279101, "end_date_time": "2023-02-13T04:05:01-05:00", "waiting_time": 0, "distance": 1, "driving_time": 1, "preparation_time": 0, "load_before": [0], "load_after": [0]}, {"type": "service", "id": "1703934000_10", "location_id": "1703934000", "address": {"location_id": "1703934000", "lat": 42.27665204, "lon": -71.07690078}, "arr_time": 1676279117, "arr_date_time": "2023-02-13T04:05:17-05:00", "end_time": 1676279417, "end_date_time": "2023-02-13T04:10:17-05:00", "waiting_time": 0, "distance": 18, "driving_time": 17, "preparation_time": 0, "load_before": [0], "load_after": [0]}, {"type": "service", "id": "1703924000_01", "location_id": "1703924000", "address": {"location_id": "1703924000", "lat": 42.27667484, "lon": -71.07739786}, "arr_time": 1676279435, "arr_date_time": "2023-02-13T04:10:35-05:00", "end_time": 1676279735, "end_date_time": "2023-02-13T04:15:35-05:00", "waiting_time": 0, "distance": 36, "driving_time": 35, "preparation_time": 0, "load_before": [0], "load_after": [0]}, {"type": "service", "id": "1703925000_02", "location_id": "1703925000", "address": {"location_id": "1703925000", "lat": 42.27653046, "lon": -71.07751183}, "arr_time": 1676279752, "arr_date_time": "2023-02-13T04:15:52-05:00", "end_time": 1676280052, "end_date_time": "2023-02-13T04:20:52-05:00", "waiting_time": 0, "distance": 55, "driving_time": 52, "preparation_time": 0, "load_before": [0], "load_after": [0]}, {"type": "service", "id": "1703932000_09", "location_id": "1703932000", "address": {"location_id": "1703932000", "lat": 42.27636336, "lon": -71.07712825}, "arr_time": 1676280052, "arr_date_time": "2023-02-13T04:20:52-05:00", "end_time": 1676280352, "end_date_time": "2023-02-13T04:25:52-05:00", "waiting_time": 0, "distance": 55, "driving_time": 52, "preparation_time": 0, "load_before": [0], "load_after": [0]}, {"type": "service", "id": "1703931000_08", "location_id": "1703931000", "address": {"location_id": "1703931000", "lat": 42.27622451, "lon": -71.07723803}, "arr_time": 1676280369, "arr_date_time": "2023-02-13T04:26:09-05:00", "end_time": 1676280669, "end_date_time": "2023-02-13T04:31:09-05:00", "waiting_time": 0, "distance": 73, "driving_time": 69, "preparation_time": 0, "load_before": [0], "load_after": [0]}, {"type": "service", "id": "1703926000_03", "location_id": "1703926000", "address": {"location_id": "1703926000", "lat": 42.27638571, "lon": -71.07762608}, "arr_time": 1676280669, "arr_date_time": "2023-02-13T04:31:09-05:00", "end_time": 1676280969, "end_date_time": "2023-02-13T04:36:09-05:00", "waiting_time": 0, "distance": 73, "driving_time": 69, "preparation_time": 0, "load_before": [0], "load_after": [0]}, {"type": "service", "id": "1703927000_04", "location_id": "1703927000", "address": {"location_id": "1703927000", "lat": 42.27624828, "lon": -71.07773451}, "arr_time": 1676280987, "arr_date_time": "2023-02-13T04:36:27-05:00", "end_time": 1676281287, "end_date_time": "2023-02-13T04:41:27-05:00", "waiting_time": 0, "distance": 91, "driving_time": 87, "preparation_time": 0, "load_before": [0], "load_after": [0]}, {"type": "service", "id": "1703929000_06", "location_id": "1703929000", "address": {"location_id": "1703929000", "lat": 42.27594453, "lon": -71.07746031}, "arr_time": 1676281304, "arr_date_time": "2023-02-13T04:41:44-05:00", "end_time": 1676281604, "end_date_time": "2023-02-13T04:46:44-05:00", "waiting_time": 0, "distance": 109, "driving_time": 104, "preparation_time": 0, "load_before": [0], "load_after": [0]}, {"type": "service", "id": "1703928000_05", "location_id": "1703928000", "address": {"location_id": "1703928000", "lat": 42.27611084, "lon": -71.07784265}, "arr_time": 1676281604, "arr_date_time": "2023-02-13T04:46:44-05:00", "end_time": 1676281904, "end_date_time": "2023-02-13T04:51:44-05:00", "waiting_time": 0, "distance": 109, "driving_time": 104, "preparation_time": 0, "load_before": [0], "load_after": [0]}, {"type": "service", "id": "1703930000_07", "location_id": "1703930000", "address": {"location_id": "1703930000", "lat": 42.27608154, "lon": -71.07735188}, "arr_time": 1676281920, "arr_date_time": "2023-02-13T04:52:00-05:00", "end_time": 1676282220, "end_date_time": "2023-02-13T04:57:00-05:00", "waiting_time": 0, "distance": 126, "driving_time": 120, "preparation_time": 0, "load_before": [0], "load_after": [0]}, {"type": "service", "id": "1703943000_19", "location_id": "1703943000", "address": {"location_id": "1703943000", "lat": 42.27597997, "lon": -71.07794569}, "arr_time": 1676282504, "arr_date_time": "2023-02-13T05:01:44-05:00", "end_time": 1676282804, "end_date_time": "2023-02-13T05:06:44-05:00", "waiting_time": 0, "distance": 422, "driving_time": 404, "preparation_time": 0, "load_before": [0], "load_after": [0]}, {"type": "service", "id": "1703942000_18", "location_id": "1703942000", "address": {"location_id": "1703942000", "lat": 42.27584943, "lon": -71.07803811}, "arr_time": 1676282820, "arr_date_time": "2023-02-13T05:07:00-05:00", "end_time": 1676283120, "end_date_time": "2023-02-13T05:12:00-05:00", "waiting_time": 0, "distance": 438, "driving_time": 420, "preparation_time": 0, "load_before": [0], "load_after": [0]}, {"type": "service", "id": "1703940000_17", "location_id": "1703940000", "address": {"location_id": "1703940000", "lat": 42.27556955, "lon": -71.0780434}, "arr_time": 1676283175, "arr_date_time": "2023-02-13T05:12:55-05:00", "end_time": 1676283475, "end_date_time": "2023-02-13T05:17:55-05:00", "waiting_time": 0, "distance": 495, "driving_time": 475, "preparation_time": 0, "load_before": [0], "load_after": [0]}, {"type": "service", "id": "1703939000_16", "location_id": "1703939000", "address": {"location_id": "1703939000", "lat": 42.27537213, "lon": -71.078012}, "arr_time": 1676283495, "arr_date_time": "2023-02-13T05:18:15-05:00", "end_time": 1676283795, "end_date_time": "2023-02-13T05:23:15-05:00", "waiting_time": 0, "distance": 517, "driving_time": 495, "preparation_time": 0, "load_before": [0], "load_after": [0]}, {"type": "service", "id": "1703978001_44", "location_id": "1703978001", "address": {"location_id": "1703978001", "lat": 42.27505299, "lon": -71.07765458}, "arr_time": 1676283848, "arr_date_time": "2023-02-13T05:24:08-05:00", "end_time": 1676284148, "end_date_time": "2023-02-13T05:29:08-05:00", "waiting_time": 0, "distance": 573, "driving_time": 548, "preparation_time": 0, "load_before": [0], "load_after": [0]}, {"type": "service", "id": "1703975000_41", "location_id": "1703975000", "address": {"location_id": "1703975000", "lat": 42.27495373, "lon": -71.07739786}, "arr_time": 1676284155, "arr_date_time": "2023-02-13T05:29:15-05:00", "end_time": 1676284455, "end_date_time": "2023-02-13T05:34:15-05:00", "waiting_time": 0, "distance": 581, "driving_time": 555, "preparation_time": 0, "load_before": [0], "load_after": [0]}, {"type": "service", "id": "1703979002_46", "location_id": "1703979002", "address": {"location_id": "1703979002", "lat": 42.27512479, "lon": -71.07724038}, "arr_time": 1676284464, "arr_date_time": "2023-02-13T05:34:24-05:00", "end_time": 1676284764, "end_date_time": "2023-02-13T05:39:24-05:00", "waiting_time": 0, "distance": 591, "driving_time": 564, "preparation_time": 0, "load_before": [0], "load_after": [0]}, {"type": "service", "id": "1703979000_45", "location_id": "1703979000", "address": {"location_id": "1703979000", "lat": 42.27527808, "lon": -71.0774599}, "arr_time": 1676284764, "arr_date_time": "2023-02-13T05:39:24-05:00", "end_time": 1676285064, "end_date_time": "2023-02-13T05:44:24-05:00", "waiting_time": 0, "distance": 591, "driving_time": 564, "preparation_time": 0, "load_before": [0], "load_after": [0]}, {"type": "service", "id": "1703938000_15", "location_id": "1703938000", "address": {"location_id": "1703938000", "lat": 42.27546491, "lon": -71.07773782}, "arr_time": 1676285064, "arr_date_time": "2023-02-13T05:44:24-05:00", "end_time": 1676285364, "end_date_time": "2023-02-13T05:49:24-05:00", "waiting_time": 0, "distance": 591, "driving_time": 564, "preparation_time": 0, "load_before": [0], "load_after": [0]}, {"type": "service", "id": "1703936004_14", "location_id": "1703936004", "address": {"location_id": "1703936004", "lat": 42.27563258, "lon": -71.07743271}, "arr_time": 1676285384, "arr_date_time": "2023-02-13T05:49:44-05:00", "end_time": 1676285684, "end_date_time": "2023-02-13T05:54:44-05:00", "waiting_time": 0, "distance": 611, "driving_time": 584, "preparation_time": 0, "load_before": [0], "load_after": [0]}, {"type": "service", "id": "1703979003_47", "location_id": "1703979003", "address": {"location_id": "1703979003", "lat": 42.27514821, "lon": -71.0770345}, "arr_time": 1676285699, "arr_date_time": "2023-02-13T05:54:59-05:00", "end_time": 1676285999, "end_date_time": "2023-02-13T05:59:59-05:00", "waiting_time": 0, "distance": 626, "driving_time": 599, "preparation_time": 0, "load_before": [0], "load_after": [0]}, {"type": "service", "id": "1703936003_13", "location_id": "1703936003", "address": {"location_id": "1703936003", "lat": 42.27571402, "lon": -71.07713548}, "arr_time": 1676286009, "arr_date_time": "2023-02-13T06:00:09-05:00", "end_time": 1676286309, "end_date_time": "2023-02-13T06:05:09-05:00", "waiting_time": 0, "distance": 637, "driving_time": 609, "preparation_time": 0, "load_before": [0], "load_after": [0]}, {"type": "service", "id": "1703980001_49", "location_id": "1703980001", "address": {"location_id": "1703980001", "lat": 42.2756996, "lon": -71.07651772}, "arr_time": 1676286349, "arr_date_time": "2023-02-13T06:05:49-05:00", "end_time": 1676286649, "end_date_time": "2023-02-13T06:10:49-05:00", "waiting_time": 0, "distance": 678, "driving_time": 649, "preparation_time": 0, "load_before": [0], "load_after": [0]}, {"type": "service", "id": "1703980002_50", "location_id": "1703980002", "address": {"location_id": "1703980002", "lat": 42.27584043, "lon": -71.07645483}, "arr_time": 1676286660, "arr_date_time": "2023-02-13T06:11:00-05:00", "end_time": 1676286960, "end_date_time": "2023-02-13T06:16:00-05:00", "waiting_time": 0, "distance": 690, "driving_time": 660, "preparation_time": 0, "load_before": [0], "load_after": [0]}, {"type": "service", "id": "1703936001_12", "location_id": "1703936001", "address": {"location_id": "1703936001", "lat": 42.27595589, "lon": -71.07694027}, "arr_time": 1676286967, "arr_date_time": "2023-02-13T06:16:07-05:00", "end_time": 1676287267, "end_date_time": "2023-02-13T06:21:07-05:00", "waiting_time": 0, "distance": 696, "driving_time": 667, "preparation_time": 0, "load_before": [0], "load_after": [0]}, {"type": "service", "id": "1703980005_51", "location_id": "1703980005", "address": {"location_id": "1703980005", "lat": 42.276316, "lon": -71.07654663}, "arr_time": 1676287307, "arr_date_time": "2023-02-13T06:21:47-05:00", "end_time": 1676287607, "end_date_time": "2023-02-13T06:26:47-05:00", "waiting_time": 0, "distance": 737, "driving_time": 707, "preparation_time": 0, "load_before": [0], "load_after": [0]}, {"type": "service", "id": "1703944000_20", "location_id": "1703944000", "address": {"location_id": "1703944000", "lat": 42.27656363, "lon": -71.07648024}, "arr_time": 1676287647, "arr_date_time": "2023-02-13T06:27:27-05:00", "end_time": 1676287947, "end_date_time": "2023-02-13T06:32:27-05:00", "waiting_time": 0, "distance": 779, "driving_time": 747, "preparation_time": 0, "load_before": [0], "load_after": [0]}, {"type": "service", "id": "1703945000_21", "location_id": "1703945000", "address": {"location_id": "1703945000", "lat": 42.27647997, "lon": -71.07630174}, "arr_time": 1676288004, "arr_date_time": "2023-02-13T06:33:24-05:00", "end_time": 1676288304, "end_date_time": "2023-02-13T06:38:24-05:00", "waiting_time": 0, "distance": 839, "driving_time": 804, "preparation_time": 0, "load_before": [0], "load_after": [0]}, {"type": "service", "id": "1703946000_22", "location_id": "1703946000", "address": {"location_id": "1703946000", "lat": 42.27641087, "lon": -71.07612684}, "arr_time": 1676288320, "arr_date_time": "2023-02-13T06:38:40-05:00", "end_time": 1676288620, "end_date_time": "2023-02-13T06:43:40-05:00", "waiting_time": 0, "distance": 855, "driving_time": 820, "preparation_time": 0, "load_before": [0], "load_after": [0]}, {"type": "service", "id": "1703947000_23", "location_id": "1703947000", "address": {"location_id": "1703947000", "lat": 42.2763417, "lon": -71.0759453}, "arr_time": 1676288636, "arr_date_time": "2023-02-13T06:43:56-05:00", "end_time": 1676288936, "end_date_time": "2023-02-13T06:48:56-05:00", "waiting_time": 0, "distance": 872, "driving_time": 836, "preparation_time": 0, "load_before": [0], "load_after": [0]}, {"type": "service", "id": "1703948000_24", "location_id": "1703948000", "address": {"location_id": "1703948000", "lat": 42.27618233, "lon": -71.07583997}, "arr_time": 1676288951, "arr_date_time": "2023-02-13T06:49:11-05:00", "end_time": 1676289251, "end_date_time": "2023-02-13T06:54:11-05:00", "waiting_time": 0, "distance": 888, "driving_time": 851, "preparation_time": 0, "load_before": [0], "load_after": [0]}, {"type": "service", "id": "1703949000_25", "location_id": "1703949000", "address": {"location_id": "1703949000", "lat": 42.27621058, "lon": -71.07561492}, "arr_time": 1676289265, "arr_date_time": "2023-02-13T06:54:25-05:00", "end_time": 1676289565, "end_date_time": "2023-02-13T06:59:25-05:00", "waiting_time": 0, "distance": 903, "driving_time": 865, "preparation_time": 0, "load_before": [0], "load_after": [0]}, {"type": "service", "id": "1703950000_26", "location_id": "1703950000", "address": {"location_id": "1703950000", "lat": 42.27617816, "lon": -71.07543083}, "arr_time": 1676289580, "arr_date_time": "2023-02-13T06:59:40-05:00", "end_time": 1676289880, "end_date_time": "2023-02-13T07:04:40-05:00", "waiting_time": 0, "distance": 918, "driving_time": 880, "preparation_time": 0, "load_before": [0], "load_after": [0]}, {"type": "service", "id": "1703951000_27", "location_id": "1703951000", "address": {"location_id": "1703951000", "lat": 42.27611435, "lon": -71.07526256}, "arr_time": 1676289936, "arr_date_time": "2023-02-13T07:05:36-05:00", "end_time": 1676290236, "end_date_time": "2023-02-13T07:10:36-05:00", "waiting_time": 0, "distance": 976, "driving_time": 936, "preparation_time": 0, "load_before": [0], "load_after": [0]}, {"type": "service", "id": "1703952000_28", "location_id": "1703952000", "address": {"location_id": "1703952000", "lat": 42.27596292, "lon": -71.07547481}, "arr_time": 1676290256, "arr_date_time": "2023-02-13T07:10:56-05:00", "end_time": 1676290556, "end_date_time": "2023-02-13T07:15:56-05:00", "waiting_time": 0, "distance": 997, "driving_time": 956, "preparation_time": 0, "load_before": [0], "load_after": [0]}, {"type": "service", "id": "1703953000_29", "location_id": "1703953000", "address": {"location_id": "1703953000", "lat": 42.27583819, "lon": -71.07556058}, "arr_time": 1676290571, "arr_date_time": "2023-02-13T07:16:11-05:00", "end_time": 1676290871, "end_date_time": "2023-02-13T07:21:11-05:00", "waiting_time": 0, "distance": 1013, "driving_time": 971, "preparation_time": 0, "load_before": [0], "load_after": [0]}, {"type": "service", "id": "1703954000_30", "location_id": "1703954000", "address": {"location_id": "1703954000", "lat": 42.27570317, "lon": -71.07565594}, "arr_time": 1676290884, "arr_date_time": "2023-02-13T07:21:24-05:00", "end_time": 1676291184, "end_date_time": "2023-02-13T07:26:24-05:00", "waiting_time": 0, "distance": 1027, "driving_time": 984, "preparation_time": 0, "load_before": [0], "load_after": [0]}, {"type": "service", "id": "1703955000_31", "location_id": "1703955000", "address": {"location_id": "1703955000", "lat": 42.27556075, "lon": -71.07570045}, "arr_time": 1676291200, "arr_date_time": "2023-02-13T07:26:40-05:00", "end_time": 1676291500, "end_date_time": "2023-02-13T07:31:40-05:00", "waiting_time": 0, "distance": 1043, "driving_time": 1000, "preparation_time": 0, "load_before": [0], "load_after": [0]}, {"type": "service", "id": "1703957000_32", "location_id": "1703957000", "address": {"location_id": "1703957000", "lat": 42.27521647, "lon": -71.0756121}, "arr_time": 1676291527, "arr_date_time": "2023-02-13T07:32:07-05:00", "end_time": 1676291827, "end_date_time": "2023-02-13T07:37:07-05:00", "waiting_time": 0, "distance": 1070, "driving_time": 1027, "preparation_time": 0, "load_before": [0], "load_after": [0]}, {"type": "service", "id": "1703958000_33", "location_id": "1703958000", "address": {"location_id": "1703958000", "lat": 42.27507463, "lon": -71.07556222}, "arr_time": 1676291877, "arr_date_time": "2023-02-13T07:37:57-05:00", "end_time": 1676292177, "end_date_time": "2023-02-13T07:42:57-05:00", "waiting_time": 0, "distance": 1123, "driving_time": 1077, "preparation_time": 0, "load_before": [0], "load_after": [0]}, {"type": "service", "id": "1703959000_34", "location_id": "1703959000", "address": {"location_id": "1703959000", "lat": 42.27504527, "lon": -71.07579228}, "arr_time": 1676292196, "arr_date_time": "2023-02-13T07:43:16-05:00", "end_time": 1676292496, "end_date_time": "2023-02-13T07:48:16-05:00", "waiting_time": 0, "distance": 1142, "driving_time": 1096, "preparation_time": 0, "load_before": [0], "load_after": [0]}, {"type": "service", "id": "1703960000_35", "location_id": "1703960000", "address": {"location_id": "1703960000", "lat": 42.27505198, "lon": -71.07595847}, "arr_time": 1676292508, "arr_date_time": "2023-02-13T07:48:28-05:00", "end_time": 1676292808, "end_date_time": "2023-02-13T07:53:28-05:00", "waiting_time": 0, "distance": 1155, "driving_time": 1108, "preparation_time": 0, "load_before": [0], "load_after": [0]}, {"type": "service", "id": "1704011005_66", "location_id": "1704011005", "address": {"location_id": "1704011005", "lat": 42.27465643, "lon": -71.07590441}, "arr_time": 1676292815, "arr_date_time": "2023-02-13T07:53:35-05:00", "end_time": 1676293115, "end_date_time": "2023-02-13T07:58:35-05:00", "waiting_time": 0, "distance": 1163, "driving_time": 1115, "preparation_time": 0, "load_before": [0], "load_after": [0]}, {"type": "service", "id": "1703979006_48", "location_id": "1703979006", "address": {"location_id": "1703979006", "lat": 42.27529637, "lon": -71.07663399}, "arr_time": 1676293188, "arr_date_time": "2023-02-13T07:59:48-05:00", "end_time": 1676293488, "end_date_time": "2023-02-13T08:04:48-05:00", "waiting_time": 0, "distance": 1240, "driving_time": 1188, "preparation_time": 0, "load_before": [0], "load_after": [0]}, {"type": "service", "id": "1703963000_37", "location_id": "1703963000", "address": {"location_id": "1703963000", "lat": 42.27537121, "lon": -71.07606304}, "arr_time": 1676293489, "arr_date_time": "2023-02-13T08:04:49-05:00", "end_time": 1676293789, "end_date_time": "2023-02-13T08:09:49-05:00", "waiting_time": 0, "distance": 1242, "driving_time": 1189, "preparation_time": 0, "load_before": [0], "load_after": [0]}, {"type": "service", "id": "1703961000_36", "location_id": "1703961000", "address": {"location_id": "1703961000", "lat": 42.27501519, "lon": -71.07610407}, "arr_time": 1676293828, "arr_date_time": "2023-02-13T08:10:28-05:00", "end_time": 1676294128, "end_date_time": "2023-02-13T08:15:28-05:00", "waiting_time": 0, "distance": 1282, "driving_time": 1228, "preparation_time": 0, "load_before": [0], "load_after": [0]}, {"type": "service", "id": "1703971000_38", "location_id": "1703971000", "address": {"location_id": "1703971000", "lat": 42.27489002, "lon": -71.0764931}, "arr_time": 1676294172, "arr_date_time": "2023-02-13T08:16:12-05:00", "end_time": 1676294472, "end_date_time": "2023-02-13T08:21:12-05:00", "waiting_time": 0, "distance": 1327, "driving_time": 1272, "preparation_time": 0, "load_before": [0], "load_after": [0]}, {"type": "service", "id": "1704011003_65", "location_id": "1704011003", "address": {"location_id": "1704011003", "lat": 42.27451367, "lon": -71.0765374}, "arr_time": 1676294485, "arr_date_time": "2023-02-13T08:21:25-05:00", "end_time": 1676294785, "end_date_time": "2023-02-13T08:26:25-05:00", "waiting_time": 0, "distance": 1341, "driving_time": 1285, "preparation_time": 0, "load_before": [0], "load_after": [0]}, {"type": "service", "id": "1704011002_64", "location_id": "1704011002", "address": {"location_id": "1704011002", "lat": 42.27453907, "lon": -71.07674894}, "arr_time": 1676294801, "arr_date_time": "2023-02-13T08:26:41-05:00", "end_time": 1676295101, "end_date_time": "2023-02-13T08:31:41-05:00", "waiting_time": 0, "distance": 1357, "driving_time": 1301, "preparation_time": 0, "load_before": [0], "load_after": [0]}, {"type": "service", "id": "1703973000_39", "location_id": "1703973000", "address": {"location_id": "1703973000", "lat": 42.27489432, "lon": -71.07690951}, "arr_time": 1676295104, "arr_date_time": "2023-02-13T08:31:44-05:00", "end_time": 1676295404, "end_date_time": "2023-02-13T08:36:44-05:00", "waiting_time": 0, "distance": 1360, "driving_time": 1304, "preparation_time": 0, "load_before": [0], "load_after": [0]}, {"type": "service", "id": "1703974000_40", "location_id": "1703974000", "address": {"location_id": "1703974000", "lat": 42.27485172, "lon": -71.07712873}, "arr_time": 1676295421, "arr_date_time": "2023-02-13T08:37:01-05:00", "end_time": 1676295721, "end_date_time": "2023-02-13T08:42:01-05:00", "waiting_time": 0, "distance": 1379, "driving_time": 1321, "preparation_time": 0, "load_before": [0], "load_after": [0]}, {"type": "service", "id": "1704011000_63", "location_id": "1704011000", "address": {"location_id": "1704011000", "lat": 42.27437909, "lon": -71.07696752}, "arr_time": 1676295721, "arr_date_time": "2023-02-13T08:42:01-05:00", "end_time": 1676296021, "end_date_time": "2023-02-13T08:47:01-05:00", "waiting_time": 0, "distance": 1379, "driving_time": 1321, "preparation_time": 0, "load_before": [0], "load_after": [0]}, {"type": "service", "id": "1704010000_62", "location_id": "1704010000", "address": {"location_id": "1704010000", "lat": 42.27436019, "lon": -71.07718802}, "arr_time": 1676296039, "arr_date_time": "2023-02-13T08:47:19-05:00", "end_time": 1676296339, "end_date_time": "2023-02-13T08:52:19-05:00", "waiting_time": 0, "distance": 1397, "driving_time": 1339, "preparation_time": 0, "load_before": [0], "load_after": [0]}, {"type": "service", "id": "1704009000_61", "location_id": "1704009000", "address": {"location_id": "1704009000", "lat": 42.27432286, "lon": -71.07740437}, "arr_time": 1676296356, "arr_date_time": "2023-02-13T08:52:36-05:00", "end_time": 1676296656, "end_date_time": "2023-02-13T08:57:36-05:00", "waiting_time": 0, "distance": 1415, "driving_time": 1356, "preparation_time": 0, "load_before": [0], "load_after": [0]}, {"type": "service", "id": "1703976000_42", "location_id": "1703976000", "address": {"location_id": "1703976000", "lat": 42.274763, "lon": -71.07756161}, "arr_time": 1676296656, "arr_date_time": "2023-02-13T08:57:36-05:00", "end_time": 1676296956, "end_date_time": "2023-02-13T09:02:36-05:00", "waiting_time": 0, "distance": 1415, "driving_time": 1356, "preparation_time": 0, "load_before": [0], "load_after": [0]}, {"type": "service", "id": "1703977000_43", "location_id": "1703977000", "address": {"location_id": "1703977000", "lat": 42.27471907, "lon": -71.07778553}, "arr_time": 1676297012, "arr_date_time": "2023-02-13T09:03:32-05:00", "end_time": 1676297312, "end_date_time": "2023-02-13T09:08:32-05:00", "waiting_time": 0, "distance": 1473, "driving_time": 1412, "preparation_time": 0, "load_before": [0], "load_after": [0]}, {"type": "service", "id": "1704008000_60", "location_id": "1704008000", "address": {"location_id": "1704008000", "lat": 42.27430037, "lon": -71.07762607}, "arr_time": 1676297357, "arr_date_time": "2023-02-13T09:09:17-05:00", "end_time": 1676297657, "end_date_time": "2023-02-13T09:14:17-05:00", "waiting_time": 0, "distance": 1521, "driving_time": 1457, "preparation_time": 0, "load_before": [0], "load_after": [0]}, {"type": "service", "id": "1704006000_59", "location_id": "1704006000", "address": {"location_id": "1704006000", "lat": 42.27399795, "lon": -71.07752478}, "arr_time": 1676297692, "arr_date_time": "2023-02-13T09:14:52-05:00", "end_time": 1676297992, "end_date_time": "2023-02-13T09:19:52-05:00", "waiting_time": 0, "distance": 1557, "driving_time": 1492, "preparation_time": 0, "load_before": [0], "load_after": [0]}, {"type": "service", "id": "1704004000_58", "location_id": "1704004000", "address": {"location_id": "1704004000", "lat": 42.27405969, "lon": -71.07720893}, "arr_time": 1676298051, "arr_date_time": "2023-02-13T09:20:51-05:00", "end_time": 1676298351, "end_date_time": "2023-02-13T09:25:51-05:00", "waiting_time": 0, "distance": 1618, "driving_time": 1551, "preparation_time": 0, "load_before": [0], "load_after": [0]}, {"type": "service", "id": "1704003000_57", "location_id": "1704003000", "address": {"location_id": "1704003000", "lat": 42.2740896, "lon": -71.07705513}, "arr_time": 1676298363, "arr_date_time": "2023-02-13T09:26:03-05:00", "end_time": 1676298663, "end_date_time": "2023-02-13T09:31:03-05:00", "waiting_time": 0, "distance": 1631, "driving_time": 1563, "preparation_time": 0, "load_before": [0], "load_after": [0]}, {"type": "service", "id": "1704001008_56", "location_id": "1704001008", "address": {"location_id": "1704001008", "lat": 42.27415431, "lon": -71.07672317}, "arr_time": 1676298689, "arr_date_time": "2023-02-13T09:31:29-05:00", "end_time": 1676298989, "end_date_time": "2023-02-13T09:36:29-05:00", "waiting_time": 0, "distance": 1659, "driving_time": 1589, "preparation_time": 0, "load_before": [0], "load_after": [0]}, {"type": "service", "id": "1704001007_55", "location_id": "1704001007", "address": {"location_id": "1704001007", "lat": 42.27421468, "lon": -71.07653403}, "arr_time": 1676299005, "arr_date_time": "2023-02-13T09:36:45-05:00", "end_time": 1676299305, "end_date_time": "2023-02-13T09:41:45-05:00", "waiting_time": 0, "distance": 1676, "driving_time": 1605, "preparation_time": 0, "load_before": [0], "load_after": [0]}, {"type": "service", "id": "1704001006_54", "location_id": "1704001006", "address": {"location_id": "1704001006", "lat": 42.27425295, "lon": -71.07634242}, "arr_time": 1676299321, "arr_date_time": "2023-02-13T09:42:01-05:00", "end_time": 1676299621, "end_date_time": "2023-02-13T09:47:01-05:00", "waiting_time": 0, "distance": 1692, "driving_time": 1621, "preparation_time": 0, "load_before": [0], "load_after": [0]}, {"type": "service", "id": "1704001005_53", "location_id": "1704001005", "address": {"location_id": "1704001005", "lat": 42.27429294, "lon": -71.07614492}, "arr_time": 1676299637, "arr_date_time": "2023-02-13T09:47:17-05:00", "end_time": 1676299937, "end_date_time": "2023-02-13T09:52:17-05:00", "waiting_time": 0, "distance": 1709, "driving_time": 1637, "preparation_time": 0, "load_before": [0], "load_after": [0]}, {"type": "service", "id": "1704001004_52", "location_id": "1704001004", "address": {"location_id": "1704001004", "lat": 42.27433396, "lon": -71.0759413}, "arr_time": 1676299955, "arr_date_time": "2023-02-13T09:52:35-05:00", "end_time": 1676300255, "end_date_time": "2023-02-13T09:57:35-05:00", "waiting_time": 0, "distance": 1726, "driving_time": 1655, "preparation_time": 0, "load_before": [0], "load_after": [0]}]}], "unassigned": {"services": [], "shipments": [], "breaks": [], "details": []}}}