{"copyrights": ["GraphHopper", "OpenStreetMap contributors"], "job_id": "e6c0f6e4-96f3-40c2-b4ec-7329ae36a476", "status": "finished", "waiting_time_in_queue": 0, "processing_time": 143, "solution": {"costs": 356, "distance": 2966, "time": 2845, "transport_time": 2845, "completion_time": 19345, "max_operation_time": 19345, "waiting_time": 0, "service_duration": 16500, "preparation_time": 0, "no_vehicles": 1, "no_unassigned": 0, "routes": [{"vehicle_id": "my_vehicle", "shift_id": "default-shift", "distance": 2966, "transport_time": 2845, "completion_time": 19345, "waiting_time": 0, "service_duration": 16500, "preparation_time": 0, "activities": [{"type": "start", "location_id": "1502702000", "address": {"location_id": "1502702000", "lat": 42.31275223, "lon": -71.06698859}, "arr_time": 1676278800, "arr_date_time": "2023-02-13T04:00:00-05:00", "end_time": 1676278800, "end_date_time": "2023-02-13T04:00:00-05:00", "waiting_time": 0, "distance": 0, "driving_time": 0, "preparation_time": 0, "load_after": [0]}, {"type": "service", "id": "1502704000_04", "location_id": "1502704000", "address": {"location_id": "1502704000", "lat": 42.31280018, "lon": -71.06653948}, "arr_time": 1676278897, "arr_date_time": "2023-02-13T04:01:37-05:00", "end_time": 1676279197, "end_date_time": "2023-02-13T04:06:37-05:00", "waiting_time": 0, "distance": 102, "driving_time": 97, "preparation_time": 0, "load_before": [0], "load_after": [0]}, {"type": "service", "id": "1502725000_06", "location_id": "1502725000", "address": {"location_id": "1502725000", "lat": 42.31268135, "lon": -71.06749876}, "arr_time": 1676279271, "arr_date_time": "2023-02-13T04:07:51-05:00", "end_time": 1676279571, "end_date_time": "2023-02-13T04:12:51-05:00", "waiting_time": 0, "distance": 179, "driving_time": 171, "preparation_time": 0, "load_before": [0], "load_after": [0]}, {"type": "service", "id": "1502700000_03", "location_id": "1502700000", "address": {"location_id": "1502700000", "lat": 42.31257594, "lon": -71.06653614}, "arr_time": 1676279653, "arr_date_time": "2023-02-13T04:14:13-05:00", "end_time": 1676279953, "end_date_time": "2023-02-13T04:19:13-05:00", "waiting_time": 0, "distance": 265, "driving_time": 253, "preparation_time": 0, "load_before": [0], "load_after": [0]}, {"type": "service", "id": "1502697010_02", "location_id": "1502697010", "address": {"location_id": "1502697010", "lat": 42.31232299, "lon": -71.06619666}, "arr_time": 1676279991, "arr_date_time": "2023-02-13T04:19:51-05:00", "end_time": 1676280291, "end_date_time": "2023-02-13T04:24:51-05:00", "waiting_time": 0, "distance": 304, "driving_time": 291, "preparation_time": 0, "load_before": [0], "load_after": [0]}, {"type": "service", "id": "1502697000_01", "location_id": "1502697000", "address": {"location_id": "1502697000", "lat": 42.31239389, "lon": -71.06612057}, "arr_time": 1676280315, "arr_date_time": "2023-02-13T04:25:15-05:00", "end_time": 1676280615, "end_date_time": "2023-02-13T04:30:15-05:00", "waiting_time": 0, "distance": 329, "driving_time": 315, "preparation_time": 0, "load_before": [0], "load_after": [0]}, {"type": "service", "id": "1502785000_21", "location_id": "1502785000", "address": {"location_id": "1502785000", "lat": 42.31203929, "lon": -71.06440338}, "arr_time": 1676280831, "arr_date_time": "2023-02-13T04:33:51-05:00", "end_time": 1676281131, "end_date_time": "2023-02-13T04:38:51-05:00", "waiting_time": 0, "distance": 554, "driving_time": 531, "preparation_time": 0, "load_before": [0], "load_after": [0]}, {"type": "service", "id": "1502784000_20", "location_id": "1502784000", "address": {"location_id": "1502784000", "lat": 42.3119406, "lon": -71.06453471}, "arr_time": 1676281145, "arr_date_time": "2023-02-13T04:39:05-05:00", "end_time": 1676281445, "end_date_time": "2023-02-13T04:44:05-05:00", "waiting_time": 0, "distance": 569, "driving_time": 545, "preparation_time": 0, "load_before": [0], "load_after": [0]}, {"type": "service", "id": "1502745000_09", "location_id": "1502745000", "address": {"location_id": "1502745000", "lat": 42.3121928, "lon": -71.06496503}, "arr_time": 1676281447, "arr_date_time": "2023-02-13T04:44:07-05:00", "end_time": 1676281747, "end_date_time": "2023-02-13T04:49:07-05:00", "waiting_time": 0, "distance": 570, "driving_time": 547, "preparation_time": 0, "load_before": [0], "load_after": [0]}, {"type": "service", "id": "1502783000_19", "location_id": "1502783000", "address": {"location_id": "1502783000", "lat": 42.31184391, "lon": -71.0646503}, "arr_time": 1676281760, "arr_date_time": "2023-02-13T04:49:20-05:00", "end_time": 1676282060, "end_date_time": "2023-02-13T04:54:20-05:00", "waiting_time": 0, "distance": 583, "driving_time": 560, "preparation_time": 0, "load_before": [0], "load_after": [0]}, {"type": "service", "id": "1502748000_10", "location_id": "1502748000", "address": {"location_id": "1502748000", "lat": 42.31193844, "lon": -71.06530629}, "arr_time": 1676282087, "arr_date_time": "2023-02-13T04:54:47-05:00", "end_time": 1676282387, "end_date_time": "2023-02-13T04:59:47-05:00", "waiting_time": 0, "distance": 611, "driving_time": 587, "preparation_time": 0, "load_before": [0], "load_after": [0]}, {"type": "service", "id": "1502781000_18", "location_id": "1502781000", "address": {"location_id": "1502781000", "lat": 42.31163668, "lon": -71.06488789}, "arr_time": 1676282392, "arr_date_time": "2023-02-13T04:59:52-05:00", "end_time": 1676282692, "end_date_time": "2023-02-13T05:04:52-05:00", "waiting_time": 0, "distance": 616, "driving_time": 592, "preparation_time": 0, "load_before": [0], "load_after": [0]}, {"type": "service", "id": "1502749000_11", "location_id": "1502749000", "address": {"location_id": "1502749000", "lat": 42.31180956, "lon": -71.06532997}, "arr_time": 1676282699, "arr_date_time": "2023-02-13T05:04:59-05:00", "end_time": 1676282999, "end_date_time": "2023-02-13T05:09:59-05:00", "waiting_time": 0, "distance": 623, "driving_time": 599, "preparation_time": 0, "load_before": [0], "load_after": [0]}, {"type": "service", "id": "1502779000_17", "location_id": "1502779000", "address": {"location_id": "1502779000", "lat": 42.31142527, "lon": -71.06512859}, "arr_time": 1676283021, "arr_date_time": "2023-02-13T05:10:21-05:00", "end_time": 1676283321, "end_date_time": "2023-02-13T05:15:21-05:00", "waiting_time": 0, "distance": 647, "driving_time": 621, "preparation_time": 0, "load_before": [0], "load_after": [0]}, {"type": "service", "id": "1502778000_16", "location_id": "1502778000", "address": {"location_id": "1502778000", "lat": 42.31132074, "lon": -71.06524912}, "arr_time": 1676283336, "arr_date_time": "2023-02-13T05:15:36-05:00", "end_time": 1676283636, "end_date_time": "2023-02-13T05:20:36-05:00", "waiting_time": 0, "distance": 662, "driving_time": 636, "preparation_time": 0, "load_before": [0], "load_after": [0]}, {"type": "service", "id": "1502728000_07", "location_id": "1502728000", "address": {"location_id": "1502728000", "lat": 42.31156421, "lon": -71.06580613}, "arr_time": 1676283693, "arr_date_time": "2023-02-13T05:21:33-05:00", "end_time": 1676283993, "end_date_time": "2023-02-13T05:26:33-05:00", "waiting_time": 0, "distance": 722, "driving_time": 693, "preparation_time": 0, "load_before": [0], "load_after": [0]}, {"type": "service", "id": "1502729000_08", "location_id": "1502729000", "address": {"location_id": "1502729000", "lat": 42.31164692, "lon": -71.06597314}, "arr_time": 1676284009, "arr_date_time": "2023-02-13T05:26:49-05:00", "end_time": 1676284309, "end_date_time": "2023-02-13T05:31:49-05:00", "waiting_time": 0, "distance": 739, "driving_time": 709, "preparation_time": 0, "load_before": [0], "load_after": [0]}, {"type": "service", "id": "1502773000_15", "location_id": "1502773000", "address": {"location_id": "1502773000", "lat": 42.31137343, "lon": -71.0663382}, "arr_time": 1676284317, "arr_date_time": "2023-02-13T05:31:57-05:00", "end_time": 1676284617, "end_date_time": "2023-02-13T05:36:57-05:00", "waiting_time": 0, "distance": 747, "driving_time": 717, "preparation_time": 0, "load_before": [0], "load_after": [0]}, {"type": "service", "id": "1502770000_14", "location_id": "1502770000", "address": {"location_id": "1502770000", "lat": 42.31156675, "lon": -71.06699545}, "arr_time": 1676284705, "arr_date_time": "2023-02-13T05:38:25-05:00", "end_time": 1676285005, "end_date_time": "2023-02-13T05:43:25-05:00", "waiting_time": 0, "distance": 839, "driving_time": 805, "preparation_time": 0, "load_before": [0], "load_after": [0]}, {"type": "service", "id": "1502718000_05", "location_id": "1502718000", "address": {"location_id": "1502718000", "lat": 42.31186779, "lon": -71.06754223}, "arr_time": 1676285024, "arr_date_time": "2023-02-13T05:43:44-05:00", "end_time": 1676285324, "end_date_time": "2023-02-13T05:48:44-05:00", "waiting_time": 0, "distance": 859, "driving_time": 824, "preparation_time": 0, "load_before": [0], "load_after": [0]}, {"type": "service", "id": "1502768000_13", "location_id": "1502768000", "address": {"location_id": "1502768000", "lat": 42.31127714, "lon": -71.06692858}, "arr_time": 1676285412, "arr_date_time": "2023-02-13T05:50:12-05:00", "end_time": 1676285712, "end_date_time": "2023-02-13T05:55:12-05:00", "waiting_time": 0, "distance": 951, "driving_time": 912, "preparation_time": 0, "load_before": [0], "load_after": [0]}, {"type": "service", "id": "1502758000_12", "location_id": "1502758000", "address": {"location_id": "1502758000", "lat": 42.3110228, "lon": -71.06736604}, "arr_time": 1676285732, "arr_date_time": "2023-02-13T05:55:32-05:00", "end_time": 1676286032, "end_date_time": "2023-02-13T06:00:32-05:00", "waiting_time": 0, "distance": 972, "driving_time": 932, "preparation_time": 0, "load_before": [0], "load_after": [0]}, {"type": "service", "id": "1502973000_55", "location_id": "1502973000", "address": {"location_id": "1502973000", "lat": 42.31129112, "lon": -71.068514}, "arr_time": 1676286171, "arr_date_time": "2023-02-13T06:02:51-05:00", "end_time": 1676286471, "end_date_time": "2023-02-13T06:07:51-05:00", "waiting_time": 0, "distance": 1116, "driving_time": 1071, "preparation_time": 0, "load_before": [0], "load_after": [0]}, {"type": "service", "id": "1502964000_54", "location_id": "1502964000", "address": {"location_id": "1502964000", "lat": 42.31082798, "lon": -71.0683489}, "arr_time": 1676286548, "arr_date_time": "2023-02-13T06:09:08-05:00", "end_time": 1676286848, "end_date_time": "2023-02-13T06:14:08-05:00", "waiting_time": 0, "distance": 1197, "driving_time": 1148, "preparation_time": 0, "load_before": [0], "load_after": [0]}, {"type": "service", "id": "1502902000_44", "location_id": "1502902000", "address": {"location_id": "1502902000", "lat": 42.31027022, "lon": -71.06708042}, "arr_time": 1676286979, "arr_date_time": "2023-02-13T06:16:19-05:00", "end_time": 1676287279, "end_date_time": "2023-02-13T06:21:19-05:00", "waiting_time": 0, "distance": 1333, "driving_time": 1279, "preparation_time": 0, "load_before": [0], "load_after": [0]}, {"type": "service", "id": "1502888000_42", "location_id": "1502888000", "address": {"location_id": "1502888000", "lat": 42.31005225, "lon": -71.06651568}, "arr_time": 1676287323, "arr_date_time": "2023-02-13T06:22:03-05:00", "end_time": 1676287623, "end_date_time": "2023-02-13T06:27:03-05:00", "waiting_time": 0, "distance": 1379, "driving_time": 1323, "preparation_time": 0, "load_before": [0], "load_after": [0]}, {"type": "service", "id": "1502894000_43", "location_id": "1502894000", "address": {"location_id": "1502894000", "lat": 42.31062609, "lon": -71.06590919}, "arr_time": 1676287689, "arr_date_time": "2023-02-13T06:28:09-05:00", "end_time": 1676287989, "end_date_time": "2023-02-13T06:33:09-05:00", "waiting_time": 0, "distance": 1448, "driving_time": 1389, "preparation_time": 0, "load_before": [0], "load_after": [0]}, {"type": "service", "id": "1502932000_49", "location_id": "1502932000", "address": {"location_id": "1502932000", "lat": 42.30896929, "lon": -71.06592753}, "arr_time": 1676288291, "arr_date_time": "2023-02-13T06:38:11-05:00", "end_time": 1676288591, "end_date_time": "2023-02-13T06:43:11-05:00", "waiting_time": 0, "distance": 1762, "driving_time": 1691, "preparation_time": 0, "load_before": [0], "load_after": [0]}, {"type": "service", "id": "1502947000_53", "location_id": "1502947000", "address": {"location_id": "1502947000", "lat": 42.30861529, "lon": -71.06549872}, "arr_time": 1676288647, "arr_date_time": "2023-02-13T06:44:07-05:00", "end_time": 1676288947, "end_date_time": "2023-02-13T06:49:07-05:00", "waiting_time": 0, "distance": 1820, "driving_time": 1747, "preparation_time": 0, "load_before": [0], "load_after": [0]}, {"type": "service", "id": "1502930000_48", "location_id": "1502930000", "address": {"location_id": "1502930000", "lat": 42.30881081, "lon": -71.06566783}, "arr_time": 1676288952, "arr_date_time": "2023-02-13T06:49:12-05:00", "end_time": 1676289252, "end_date_time": "2023-02-13T06:54:12-05:00", "waiting_time": 0, "distance": 1826, "driving_time": 1752, "preparation_time": 0, "load_before": [0], "load_after": [0]}, {"type": "service", "id": "1502928000_47", "location_id": "1502928000", "address": {"location_id": "1502928000", "lat": 42.30898324, "lon": -71.0654633}, "arr_time": 1676289299, "arr_date_time": "2023-02-13T06:54:59-05:00", "end_time": 1676289599, "end_date_time": "2023-02-13T06:59:59-05:00", "waiting_time": 0, "distance": 1875, "driving_time": 1799, "preparation_time": 0, "load_before": [0], "load_after": [0]}, {"type": "service", "id": "1502938000_52", "location_id": "1502938000", "address": {"location_id": "1502938000", "lat": 42.30911799, "lon": -71.06530888}, "arr_time": 1676289603, "arr_date_time": "2023-02-13T07:00:03-05:00", "end_time": 1676289903, "end_date_time": "2023-02-13T07:05:03-05:00", "waiting_time": 0, "distance": 1879, "driving_time": 1803, "preparation_time": 0, "load_before": [0], "load_after": [0]}, {"type": "service", "id": "1502933000_50", "location_id": "1502933000", "address": {"location_id": "1502933000", "lat": 42.30959844, "lon": -71.06547042}, "arr_time": 1676289989, "arr_date_time": "2023-02-13T07:06:29-05:00", "end_time": 1676290289, "end_date_time": "2023-02-13T07:11:29-05:00", "waiting_time": 0, "distance": 1970, "driving_time": 1889, "preparation_time": 0, "load_before": [0], "load_after": [0]}, {"type": "service", "id": "1502872000_38", "location_id": "1502872000", "address": {"location_id": "1502872000", "lat": 42.31001041, "lon": -71.06532368}, "arr_time": 1676290319, "arr_date_time": "2023-02-13T07:11:59-05:00", "end_time": 1676290619, "end_date_time": "2023-02-13T07:16:59-05:00", "waiting_time": 0, "distance": 2000, "driving_time": 1919, "preparation_time": 0, "load_before": [0], "load_after": [0]}, {"type": "service", "id": "1502873000_39", "location_id": "1502873000", "address": {"location_id": "1502873000", "lat": 42.31011306, "lon": -71.06542748}, "arr_time": 1676290632, "arr_date_time": "2023-02-13T07:17:12-05:00", "end_time": 1676290932, "end_date_time": "2023-02-13T07:22:12-05:00", "waiting_time": 0, "distance": 2014, "driving_time": 1932, "preparation_time": 0, "load_before": [0], "load_after": [0]}, {"type": "service", "id": "1502874000_40", "location_id": "1502874000", "address": {"location_id": "1502874000", "lat": 42.3101892, "lon": -71.06560626}, "arr_time": 1676290939, "arr_date_time": "2023-02-13T07:22:19-05:00", "end_time": 1676291239, "end_date_time": "2023-02-13T07:27:19-05:00", "waiting_time": 0, "distance": 2020, "driving_time": 1939, "preparation_time": 0, "load_before": [0], "load_after": [0]}, {"type": "service", "id": "1502875000_41", "location_id": "1502875000", "address": {"location_id": "1502875000", "lat": 42.30996895, "lon": -71.06589232}, "arr_time": 1676291239, "arr_date_time": "2023-02-13T07:27:19-05:00", "end_time": 1676291539, "end_date_time": "2023-02-13T07:32:19-05:00", "waiting_time": 0, "distance": 2020, "driving_time": 1939, "preparation_time": 0, "load_before": [0], "load_after": [0]}, {"type": "service", "id": "1502934000_51", "location_id": "1502934000", "address": {"location_id": "1502934000", "lat": 42.30942789, "lon": -71.06533889}, "arr_time": 1676291607, "arr_date_time": "2023-02-13T07:33:27-05:00", "end_time": 1676291907, "end_date_time": "2023-02-13T07:38:27-05:00", "waiting_time": 0, "distance": 2091, "driving_time": 2007, "preparation_time": 0, "load_before": [0], "load_after": [0]}, {"type": "service", "id": "1502867015_37", "location_id": "1502867015", "address": {"location_id": "1502867015", "lat": 42.30952027, "lon": -71.06489549}, "arr_time": 1676291920, "arr_date_time": "2023-02-13T07:38:40-05:00", "end_time": 1676292220, "end_date_time": "2023-02-13T07:43:40-05:00", "waiting_time": 0, "distance": 2105, "driving_time": 2020, "preparation_time": 0, "load_before": [0], "load_after": [0]}, {"type": "service", "id": "1502865000_36", "location_id": "1502865000", "address": {"location_id": "1502865000", "lat": 42.30944101, "lon": -71.06481717}, "arr_time": 1676292231, "arr_date_time": "2023-02-13T07:43:51-05:00", "end_time": 1676292531, "end_date_time": "2023-02-13T07:48:51-05:00", "waiting_time": 0, "distance": 2116, "driving_time": 2031, "preparation_time": 0, "load_before": [0], "load_after": [0]}, {"type": "service", "id": "1502864000_35", "location_id": "1502864000", "address": {"location_id": "1502864000", "lat": 42.30936577, "lon": -71.0647361}, "arr_time": 1676292541, "arr_date_time": "2023-02-13T07:49:01-05:00", "end_time": 1676292841, "end_date_time": "2023-02-13T07:54:01-05:00", "waiting_time": 0, "distance": 2127, "driving_time": 2041, "preparation_time": 0, "load_before": [0], "load_after": [0]}, {"type": "service", "id": "1502861000_34", "location_id": "1502861000", "address": {"location_id": "1502861000", "lat": 42.30912308, "lon": -71.06453045}, "arr_time": 1676292872, "arr_date_time": "2023-02-13T07:54:32-05:00", "end_time": 1676293172, "end_date_time": "2023-02-13T07:59:32-05:00", "waiting_time": 0, "distance": 2159, "driving_time": 2072, "preparation_time": 0, "load_before": [0], "load_after": [0]}, {"type": "service", "id": "1502860000_33", "location_id": "1502860000", "address": {"location_id": "1502860000", "lat": 42.30894149, "lon": -71.06439583}, "arr_time": 1676293193, "arr_date_time": "2023-02-13T07:59:53-05:00", "end_time": 1676293493, "end_date_time": "2023-02-13T08:04:53-05:00", "waiting_time": 0, "distance": 2182, "driving_time": 2093, "preparation_time": 0, "load_before": [0], "load_after": [0]}, {"type": "service", "id": "1502859000_32", "location_id": "1502859000", "address": {"location_id": "1502859000", "lat": 42.30909672, "lon": -71.06430661}, "arr_time": 1676293555, "arr_date_time": "2023-02-13T08:05:55-05:00", "end_time": 1676293855, "end_date_time": "2023-02-13T08:10:55-05:00", "waiting_time": 0, "distance": 2246, "driving_time": 2155, "preparation_time": 0, "load_before": [0], "load_after": [0]}, {"type": "service", "id": "1502852000_31", "location_id": "1502852000", "address": {"location_id": "1502852000", "lat": 42.30978995, "lon": -71.06456742}, "arr_time": 1676293964, "arr_date_time": "2023-02-13T08:12:44-05:00", "end_time": 1676294264, "end_date_time": "2023-02-13T08:17:44-05:00", "waiting_time": 0, "distance": 2360, "driving_time": 2264, "preparation_time": 0, "load_before": [0], "load_after": [0]}, {"type": "service", "id": "1502851000_30", "location_id": "1502851000", "address": {"location_id": "1502851000", "lat": 42.30995865, "lon": -71.06474801}, "arr_time": 1676294287, "arr_date_time": "2023-02-13T08:18:07-05:00", "end_time": 1676294587, "end_date_time": "2023-02-13T08:23:07-05:00", "waiting_time": 0, "distance": 2384, "driving_time": 2287, "preparation_time": 0, "load_before": [0], "load_after": [0]}, {"type": "service", "id": "1502845000_29", "location_id": "1502845000", "address": {"location_id": "1502845000", "lat": 42.3099982, "lon": -71.06387347}, "arr_time": 1676294697, "arr_date_time": "2023-02-13T08:24:57-05:00", "end_time": 1676294997, "end_date_time": "2023-02-13T08:29:57-05:00", "waiting_time": 0, "distance": 2500, "driving_time": 2397, "preparation_time": 0, "load_before": [0], "load_after": [0]}, {"type": "service", "id": "1502843000_28", "location_id": "1502843000", "address": {"location_id": "1502843000", "lat": 42.31004198, "lon": -71.06353831}, "arr_time": 1676295019, "arr_date_time": "2023-02-13T08:30:19-05:00", "end_time": 1676295319, "end_date_time": "2023-02-13T08:35:19-05:00", "waiting_time": 0, "distance": 2522, "driving_time": 2419, "preparation_time": 0, "load_before": [0], "load_after": [0]}, {"type": "service", "id": "1502841000_27", "location_id": "1502841000", "address": {"location_id": "1502841000", "lat": 42.310197, "lon": -71.06373169}, "arr_time": 1676295379, "arr_date_time": "2023-02-13T08:36:19-05:00", "end_time": 1676295679, "end_date_time": "2023-02-13T08:41:19-05:00", "waiting_time": 0, "distance": 2584, "driving_time": 2479, "preparation_time": 0, "load_before": [0], "load_after": [0]}, {"type": "service", "id": "1502904000_45", "location_id": "1502904000", "address": {"location_id": "1502904000", "lat": 42.31048509, "lon": -71.06350896}, "arr_time": 1676295693, "arr_date_time": "2023-02-13T08:41:33-05:00", "end_time": 1676295993, "end_date_time": "2023-02-13T08:46:33-05:00", "waiting_time": 0, "distance": 2599, "driving_time": 2493, "preparation_time": 0, "load_before": [0], "load_after": [0]}, {"type": "service", "id": "1502830000_26", "location_id": "1502830000", "address": {"location_id": "1502830000", "lat": 42.31079283, "lon": -71.06367608}, "arr_time": 1676296028, "arr_date_time": "2023-02-13T08:47:08-05:00", "end_time": 1676296328, "end_date_time": "2023-02-13T08:52:08-05:00", "waiting_time": 0, "distance": 2636, "driving_time": 2528, "preparation_time": 0, "load_before": [0], "load_after": [0]}, {"type": "service", "id": "1502906000_46", "location_id": "1502906000", "address": {"location_id": "1502906000", "lat": 42.31060164, "lon": -71.06328398}, "arr_time": 1676296339, "arr_date_time": "2023-02-13T08:52:19-05:00", "end_time": 1676296639, "end_date_time": "2023-02-13T08:57:19-05:00", "waiting_time": 0, "distance": 2646, "driving_time": 2539, "preparation_time": 0, "load_before": [0], "load_after": [0]}, {"type": "service", "id": "1502827000_25", "location_id": "1502827000", "address": {"location_id": "1502827000", "lat": 42.31101516, "lon": -71.06333683}, "arr_time": 1676296664, "arr_date_time": "2023-02-13T08:57:44-05:00", "end_time": 1676296964, "end_date_time": "2023-02-13T09:02:44-05:00", "waiting_time": 0, "distance": 2673, "driving_time": 2564, "preparation_time": 0, "load_before": [0], "load_after": [0]}, {"type": "service", "id": "1502794020_22", "location_id": "1502794020", "address": {"location_id": "1502794020", "lat": 42.31172016, "lon": -71.06427711}, "arr_time": 1676297188, "arr_date_time": "2023-02-13T09:06:28-05:00", "end_time": 1676297488, "end_date_time": "2023-02-13T09:11:28-05:00", "waiting_time": 0, "distance": 2907, "driving_time": 2788, "preparation_time": 0, "load_before": [0], "load_after": [0]}, {"type": "service", "id": "1502796000_23", "location_id": "1502796000", "address": {"location_id": "1502796000", "lat": 42.31156651, "lon": -71.06451354}, "arr_time": 1676297513, "arr_date_time": "2023-02-13T09:11:53-05:00", "end_time": 1676297813, "end_date_time": "2023-02-13T09:16:53-05:00", "waiting_time": 0, "distance": 2933, "driving_time": 2813, "preparation_time": 0, "load_before": [0], "load_after": [0]}, {"type": "service", "id": "1502816000_24", "location_id": "1502816000", "address": {"location_id": "1502816000", "lat": 42.31111369, "lon": -71.06447765}, "arr_time": 1676297845, "arr_date_time": "2023-02-13T09:17:25-05:00", "end_time": 1676298145, "end_date_time": "2023-02-13T09:22:25-05:00", "waiting_time": 0, "distance": 2966, "driving_time": 2845, "preparation_time": 0, "load_before": [0], "load_after": [0]}]}], "unassigned": {"services": [], "shipments": [], "breaks": [], "details": []}}}