{"copyrights": ["GraphHopper", "OpenStreetMap contributors"], "job_id": "ecd3725c-6c1c-41ed-9051-f7e40b7a4842", "status": "finished", "waiting_time_in_queue": 0, "processing_time": 164, "solution": {"costs": 348, "distance": 3778, "time": 3627, "transport_time": 3627, "completion_time": 18327, "max_operation_time": 18327, "waiting_time": 0, "service_duration": 14700, "preparation_time": 0, "no_vehicles": 1, "no_unassigned": 0, "routes": [{"vehicle_id": "my_vehicle", "shift_id": "default-shift", "distance": 3778, "transport_time": 3627, "completion_time": 18327, "waiting_time": 0, "service_duration": 14700, "preparation_time": 0, "activities": [{"type": "start", "location_id": "1301483000", "address": {"location_id": "1301483000", "lat": 42.31439945, "lon": -71.0612204}, "arr_time": 1676278800, "arr_date_time": "2023-02-13T04:00:00-05:00", "end_time": 1676278800, "end_date_time": "2023-02-13T04:00:00-05:00", "waiting_time": 0, "distance": 0, "driving_time": 0, "preparation_time": 0, "load_after": [0]}, {"type": "service", "id": "1301482000_06", "location_id": "1301482000", "address": {"location_id": "1301482000", "lat": 42.31426514, "lon": -71.06135726}, "arr_time": 1676278817, "arr_date_time": "2023-02-13T04:00:17-05:00", "end_time": 1676279117, "end_date_time": "2023-02-13T04:05:17-05:00", "waiting_time": 0, "distance": 19, "driving_time": 17, "preparation_time": 0, "load_before": [0], "load_after": [0]}, {"type": "service", "id": "1301499000_07", "location_id": "1301499000", "address": {"location_id": "1301499000", "lat": 42.31431113, "lon": -71.06030162}, "arr_time": 1676279351, "arr_date_time": "2023-02-13T04:09:11-05:00", "end_time": 1676279651, "end_date_time": "2023-02-13T04:14:11-05:00", "waiting_time": 0, "distance": 262, "driving_time": 251, "preparation_time": 0, "load_before": [0], "load_after": [0]}, {"type": "service", "id": "1301507000_08", "location_id": "1301507000", "address": {"location_id": "1301507000", "lat": 42.31334154, "lon": -71.05954728}, "arr_time": 1676279836, "arr_date_time": "2023-02-13T04:17:16-05:00", "end_time": 1676280136, "end_date_time": "2023-02-13T04:22:16-05:00", "waiting_time": 0, "distance": 456, "driving_time": 436, "preparation_time": 0, "load_before": [0], "load_after": [0]}, {"type": "service", "id": "1301603000_21", "location_id": "1301603000", "address": {"location_id": "1301603000", "lat": 42.3126937, "lon": -71.05970947}, "arr_time": 1676280336, "arr_date_time": "2023-02-13T04:25:36-05:00", "end_time": 1676280636, "end_date_time": "2023-02-13T04:30:36-05:00", "waiting_time": 0, "distance": 664, "driving_time": 636, "preparation_time": 0, "load_before": [0], "load_after": [0]}, {"type": "service", "id": "1301469000_03", "location_id": "1301469000", "address": {"location_id": "1301469000", "lat": 42.31310407, "lon": -71.06067936}, "arr_time": 1676280719, "arr_date_time": "2023-02-13T04:31:59-05:00", "end_time": 1676281019, "end_date_time": "2023-02-13T04:36:59-05:00", "waiting_time": 0, "distance": 750, "driving_time": 719, "preparation_time": 0, "load_before": [0], "load_after": [0]}, {"type": "service", "id": "1301517000_09", "location_id": "1301517000", "address": {"location_id": "1301517000", "lat": 42.3135236, "lon": -71.06064578}, "arr_time": 1676281048, "arr_date_time": "2023-02-13T04:37:28-05:00", "end_time": 1676281348, "end_date_time": "2023-02-13T04:42:28-05:00", "waiting_time": 0, "distance": 780, "driving_time": 748, "preparation_time": 0, "load_before": [0], "load_after": [0]}, {"type": "service", "id": "1301519000_10", "location_id": "1301519000", "address": {"location_id": "1301519000", "lat": 42.31364723, "lon": -71.06081483}, "arr_time": 1676281367, "arr_date_time": "2023-02-13T04:42:47-05:00", "end_time": 1676281667, "end_date_time": "2023-02-13T04:47:47-05:00", "waiting_time": 0, "distance": 800, "driving_time": 767, "preparation_time": 0, "load_before": [0], "load_after": [0]}, {"type": "service", "id": "1301522000_11", "location_id": "1301522000", "address": {"location_id": "1301522000", "lat": 42.31397854, "lon": -71.06134817}, "arr_time": 1676281719, "arr_date_time": "2023-02-13T04:48:39-05:00", "end_time": 1676282019, "end_date_time": "2023-02-13T04:53:39-05:00", "waiting_time": 0, "distance": 855, "driving_time": 819, "preparation_time": 0, "load_before": [0], "load_after": [0]}, {"type": "service", "id": "1301455000_01", "location_id": "1301455000", "address": {"location_id": "1301455000", "lat": 42.31409451, "lon": -71.06201524}, "arr_time": 1676282053, "arr_date_time": "2023-02-13T04:54:13-05:00", "end_time": 1676282353, "end_date_time": "2023-02-13T04:59:13-05:00", "waiting_time": 0, "distance": 891, "driving_time": 853, "preparation_time": 0, "load_before": [0], "load_after": [0]}, {"type": "service", "id": "1301460000_02", "location_id": "1301460000", "address": {"location_id": "1301460000", "lat": 42.31345675, "lon": -71.06209573}, "arr_time": 1676282415, "arr_date_time": "2023-02-13T05:00:15-05:00", "end_time": 1676282715, "end_date_time": "2023-02-13T05:05:15-05:00", "waiting_time": 0, "distance": 955, "driving_time": 915, "preparation_time": 0, "load_before": [0], "load_after": [0]}, {"type": "service", "id": "1301528000_12", "location_id": "1301528000", "address": {"location_id": "1301528000", "lat": 42.31314193, "lon": -71.06236066}, "arr_time": 1676282748, "arr_date_time": "2023-02-13T05:05:48-05:00", "end_time": 1676283048, "end_date_time": "2023-02-13T05:10:48-05:00", "waiting_time": 0, "distance": 990, "driving_time": 948, "preparation_time": 0, "load_before": [0], "load_after": [0]}, {"type": "service", "id": "1301479000_05", "location_id": "1301479000", "address": {"location_id": "1301479000", "lat": 42.31330368, "lon": -71.06185341}, "arr_time": 1676283075, "arr_date_time": "2023-02-13T05:11:15-05:00", "end_time": 1676283375, "end_date_time": "2023-02-13T05:16:15-05:00", "waiting_time": 0, "distance": 1018, "driving_time": 975, "preparation_time": 0, "load_before": [0], "load_after": [0]}, {"type": "service", "id": "1301478000_04", "location_id": "1301478000", "address": {"location_id": "1301478000", "lat": 42.31325897, "lon": -71.06159364}, "arr_time": 1676283395, "arr_date_time": "2023-02-13T05:16:35-05:00", "end_time": 1676283695, "end_date_time": "2023-02-13T05:21:35-05:00", "waiting_time": 0, "distance": 1039, "driving_time": 995, "preparation_time": 0, "load_before": [0], "load_after": [0]}, {"type": "service", "id": "1301531000_13", "location_id": "1301531000", "address": {"location_id": "1301531000", "lat": 42.31285558, "lon": -71.06163477}, "arr_time": 1676283712, "arr_date_time": "2023-02-13T05:21:52-05:00", "end_time": 1676284012, "end_date_time": "2023-02-13T05:26:52-05:00", "waiting_time": 0, "distance": 1057, "driving_time": 1012, "preparation_time": 0, "load_before": [0], "load_after": [0]}, {"type": "service", "id": "1301593001_20", "location_id": "1301593001", "address": {"location_id": "1301593001", "lat": 42.31184594, "lon": -71.06069001}, "arr_time": 1676284225, "arr_date_time": "2023-02-13T05:30:25-05:00", "end_time": 1676284525, "end_date_time": "2023-02-13T05:35:25-05:00", "waiting_time": 0, "distance": 1279, "driving_time": 1225, "preparation_time": 0, "load_before": [0], "load_after": [0]}, {"type": "service", "id": "1301538000_14", "location_id": "1301538000", "address": {"location_id": "1301538000", "lat": 42.31221657, "lon": -71.06062371}, "arr_time": 1676284539, "arr_date_time": "2023-02-13T05:35:39-05:00", "end_time": 1676284839, "end_date_time": "2023-02-13T05:40:39-05:00", "waiting_time": 0, "distance": 1294, "driving_time": 1239, "preparation_time": 0, "load_before": [0], "load_after": [0]}, {"type": "service", "id": "1301593000_19", "location_id": "1301593000", "address": {"location_id": "1301593000", "lat": 42.31190855, "lon": -71.06084983}, "arr_time": 1676284839, "arr_date_time": "2023-02-13T05:40:39-05:00", "end_time": 1676285139, "end_date_time": "2023-02-13T05:45:39-05:00", "waiting_time": 0, "distance": 1294, "driving_time": 1239, "preparation_time": 0, "load_before": [0], "load_after": [0]}, {"type": "service", "id": "1301539000_15", "location_id": "1301539000", "address": {"location_id": "1301539000", "lat": 42.31227777, "lon": -71.0607961}, "arr_time": 1676285153, "arr_date_time": "2023-02-13T05:45:53-05:00", "end_time": 1676285453, "end_date_time": "2023-02-13T05:50:53-05:00", "waiting_time": 0, "distance": 1309, "driving_time": 1253, "preparation_time": 0, "load_before": [0], "load_after": [0]}, {"type": "service", "id": "1301671000_25", "location_id": "1301671000", "address": {"location_id": "1301671000", "lat": 42.31219675, "lon": -71.06265774}, "arr_time": 1676285607, "arr_date_time": "2023-02-13T05:53:27-05:00", "end_time": 1676285907, "end_date_time": "2023-02-13T05:58:27-05:00", "waiting_time": 0, "distance": 1469, "driving_time": 1407, "preparation_time": 0, "load_before": [0], "load_after": [0]}, {"type": "service", "id": "1301580000_18", "location_id": "1301580000", "address": {"location_id": "1301580000", "lat": 42.31204348, "lon": -71.06177215}, "arr_time": 1676285960, "arr_date_time": "2023-02-13T05:59:20-05:00", "end_time": 1676286260, "end_date_time": "2023-02-13T06:04:20-05:00", "waiting_time": 0, "distance": 1524, "driving_time": 1460, "preparation_time": 0, "load_before": [0], "load_after": [0]}, {"type": "service", "id": "1301573001_17", "location_id": "1301573001", "address": {"location_id": "1301573001", "lat": 42.311609, "lon": -71.06084011}, "arr_time": 1676286353, "arr_date_time": "2023-02-13T06:05:53-05:00", "end_time": 1676286653, "end_date_time": "2023-02-13T06:10:53-05:00", "waiting_time": 0, "distance": 1621, "driving_time": 1553, "preparation_time": 0, "load_before": [0], "load_after": [0]}, {"type": "service", "id": "1301612000_22", "location_id": "1301612000", "address": {"location_id": "1301612000", "lat": 42.31103777, "lon": -71.06017901}, "arr_time": 1676286725, "arr_date_time": "2023-02-13T06:12:05-05:00", "end_time": 1676287025, "end_date_time": "2023-02-13T06:17:05-05:00", "waiting_time": 0, "distance": 1695, "driving_time": 1625, "preparation_time": 0, "load_before": [0], "load_after": [0]}, {"type": "service", "id": "1301614000_23", "location_id": "1301614000", "address": {"location_id": "1301614000", "lat": 42.31097837, "lon": -71.05994994}, "arr_time": 1676287081, "arr_date_time": "2023-02-13T06:18:01-05:00", "end_time": 1676287381, "end_date_time": "2023-02-13T06:23:01-05:00", "waiting_time": 0, "distance": 1753, "driving_time": 1681, "preparation_time": 0, "load_before": [0], "load_after": [0]}, {"type": "service", "id": "1502554000_29", "location_id": "1502554000", "address": {"location_id": "1502554000", "lat": 42.31117673, "lon": -71.0590674}, "arr_time": 1676287443, "arr_date_time": "2023-02-13T06:24:03-05:00", "end_time": 1676287743, "end_date_time": "2023-02-13T06:29:03-05:00", "waiting_time": 0, "distance": 1816, "driving_time": 1743, "preparation_time": 0, "load_before": [0], "load_after": [0]}, {"type": "service", "id": "1502556000_30", "location_id": "1502556000", "address": {"location_id": "1502556000", "lat": 42.31131571, "lon": -71.05889049}, "arr_time": 1676287760, "arr_date_time": "2023-02-13T06:29:20-05:00", "end_time": 1676288060, "end_date_time": "2023-02-13T06:34:20-05:00", "waiting_time": 0, "distance": 1834, "driving_time": 1760, "preparation_time": 0, "load_before": [0], "load_after": [0]}, {"type": "service", "id": "1502561000_31", "location_id": "1502561000", "address": {"location_id": "1502561000", "lat": 42.31192796, "lon": -71.05881588}, "arr_time": 1676288125, "arr_date_time": "2023-02-13T06:35:25-05:00", "end_time": 1676288425, "end_date_time": "2023-02-13T06:40:25-05:00", "waiting_time": 0, "distance": 1901, "driving_time": 1825, "preparation_time": 0, "load_before": [0], "load_after": [0]}, {"type": "service", "id": "1301560000_16", "location_id": "1301560000", "address": {"location_id": "1301560000", "lat": 42.31217138, "lon": -71.05936677}, "arr_time": 1676288441, "arr_date_time": "2023-02-13T06:40:41-05:00", "end_time": 1676288741, "end_date_time": "2023-02-13T06:45:41-05:00", "waiting_time": 0, "distance": 1917, "driving_time": 1841, "preparation_time": 0, "load_before": [0], "load_after": [0]}, {"type": "service", "id": "1502500000_26", "location_id": "1502500000", "address": {"location_id": "1502500000", "lat": 42.31246304, "lon": -71.05834394}, "arr_time": 1676288920, "arr_date_time": "2023-02-13T06:48:40-05:00", "end_time": 1676289220, "end_date_time": "2023-02-13T06:53:40-05:00", "waiting_time": 0, "distance": 2103, "driving_time": 2020, "preparation_time": 0, "load_before": [0], "load_after": [0]}, {"type": "service", "id": "1502511000_27", "location_id": "1502511000", "address": {"location_id": "1502511000", "lat": 42.31230089, "lon": -71.05805843}, "arr_time": 1676289233, "arr_date_time": "2023-02-13T06:53:53-05:00", "end_time": 1676289533, "end_date_time": "2023-02-13T06:58:53-05:00", "waiting_time": 0, "distance": 2117, "driving_time": 2033, "preparation_time": 0, "load_before": [0], "load_after": [0]}, {"type": "service", "id": "1502538000_28", "location_id": "1502538000", "address": {"location_id": "1502538000", "lat": 42.31084191, "lon": -71.05827773}, "arr_time": 1676289685, "arr_date_time": "2023-02-13T07:01:25-05:00", "end_time": 1676289985, "end_date_time": "2023-02-13T07:06:25-05:00", "waiting_time": 0, "distance": 2276, "driving_time": 2185, "preparation_time": 0, "load_before": [0], "load_after": [0]}, {"type": "service", "id": "1301623000_24", "location_id": "1301623000", "address": {"location_id": "1301623000", "lat": 42.31031471, "lon": -71.06027778}, "arr_time": 1676290200, "arr_date_time": "2023-02-13T07:10:00-05:00", "end_time": 1676290500, "end_date_time": "2023-02-13T07:15:00-05:00", "waiting_time": 0, "distance": 2499, "driving_time": 2400, "preparation_time": 0, "load_before": [0], "load_after": [0]}, {"type": "service", "id": "1503053000_41", "location_id": "1503053000", "address": {"location_id": "1503053000", "lat": 42.31028179, "lon": -71.06151045}, "arr_time": 1676290595, "arr_date_time": "2023-02-13T07:16:35-05:00", "end_time": 1676290895, "end_date_time": "2023-02-13T07:21:35-05:00", "waiting_time": 0, "distance": 2597, "driving_time": 2495, "preparation_time": 0, "load_before": [0], "load_after": [0]}, {"type": "service", "id": "1503037000_40", "location_id": "1503037000", "address": {"location_id": "1503037000", "lat": 42.30994476, "lon": -71.06237504}, "arr_time": 1676291048, "arr_date_time": "2023-02-13T07:24:08-05:00", "end_time": 1676291348, "end_date_time": "2023-02-13T07:29:08-05:00", "waiting_time": 0, "distance": 2757, "driving_time": 2648, "preparation_time": 0, "load_before": [0], "load_after": [0]}, {"type": "service", "id": "1503069000_45", "location_id": "1503069000", "address": {"location_id": "1503069000", "lat": 42.3092187, "lon": -71.0637352}, "arr_time": 1676291549, "arr_date_time": "2023-02-13T07:32:29-05:00", "end_time": 1676291849, "end_date_time": "2023-02-13T07:37:29-05:00", "waiting_time": 0, "distance": 2966, "driving_time": 2849, "preparation_time": 0, "load_before": [0], "load_after": [0]}, {"type": "service", "id": "1503058000_42", "location_id": "1503058000", "address": {"location_id": "1503058000", "lat": 42.30872795, "lon": -71.06303767}, "arr_time": 1676292035, "arr_date_time": "2023-02-13T07:40:35-05:00", "end_time": 1676292335, "end_date_time": "2023-02-13T07:45:35-05:00", "waiting_time": 0, "distance": 3160, "driving_time": 3035, "preparation_time": 0, "load_before": [0], "load_after": [0]}, {"type": "service", "id": "1503083000_49", "location_id": "1503083000", "address": {"location_id": "1503083000", "lat": 42.3092403, "lon": -71.06347339}, "arr_time": 1676292391, "arr_date_time": "2023-02-13T07:46:31-05:00", "end_time": 1676292691, "end_date_time": "2023-02-13T07:51:31-05:00", "waiting_time": 0, "distance": 3219, "driving_time": 3091, "preparation_time": 0, "load_before": [0], "load_after": [0]}, {"type": "service", "id": "1503082000_48", "location_id": "1503082000", "address": {"location_id": "1503082000", "lat": 42.30934246, "lon": -71.06347324}, "arr_time": 1676292701, "arr_date_time": "2023-02-13T07:51:41-05:00", "end_time": 1676293001, "end_date_time": "2023-02-13T07:56:41-05:00", "waiting_time": 0, "distance": 3230, "driving_time": 3101, "preparation_time": 0, "load_before": [0], "load_after": [0]}, {"type": "service", "id": "1503060010_43", "location_id": "1503060010", "address": {"location_id": "1503060010", "lat": 42.30944076, "lon": -71.06316739}, "arr_time": 1676293011, "arr_date_time": "2023-02-13T07:56:51-05:00", "end_time": 1676293311, "end_date_time": "2023-02-13T08:01:51-05:00", "waiting_time": 0, "distance": 3240, "driving_time": 3111, "preparation_time": 0, "load_before": [0], "load_after": [0]}, {"type": "service", "id": "1503081000_47", "location_id": "1503081000", "address": {"location_id": "1503081000", "lat": 42.30970735, "lon": -71.06330921}, "arr_time": 1676293325, "arr_date_time": "2023-02-13T08:02:05-05:00", "end_time": 1676293625, "end_date_time": "2023-02-13T08:07:05-05:00", "waiting_time": 0, "distance": 3255, "driving_time": 3125, "preparation_time": 0, "load_before": [0], "load_after": [0]}, {"type": "service", "id": "1503079000_46", "location_id": "1503079000", "address": {"location_id": "1503079000", "lat": 42.30969522, "lon": -71.06306286}, "arr_time": 1676293640, "arr_date_time": "2023-02-13T08:07:20-05:00", "end_time": 1676293940, "end_date_time": "2023-02-13T08:12:20-05:00", "waiting_time": 0, "distance": 3270, "driving_time": 3140, "preparation_time": 0, "load_before": [0], "load_after": [0]}, {"type": "service", "id": "1503060020_44", "location_id": "1503060020", "address": {"location_id": "1503060020", "lat": 42.30945646, "lon": -71.06297934}, "arr_time": 1676293943, "arr_date_time": "2023-02-13T08:12:23-05:00", "end_time": 1676294243, "end_date_time": "2023-02-13T08:17:23-05:00", "waiting_time": 0, "distance": 3273, "driving_time": 3143, "preparation_time": 0, "load_before": [0], "load_after": [0]}, {"type": "service", "id": "1503036000_39", "location_id": "1503036000", "address": {"location_id": "1503036000", "lat": 42.30982614, "lon": -71.0624161}, "arr_time": 1676294299, "arr_date_time": "2023-02-13T08:18:19-05:00", "end_time": 1676294599, "end_date_time": "2023-02-13T08:23:19-05:00", "waiting_time": 0, "distance": 3331, "driving_time": 3199, "preparation_time": 0, "load_before": [0], "load_after": [0]}, {"type": "service", "id": "1503031020_38", "location_id": "1503031020", "address": {"location_id": "1503031020", "lat": 42.30917083, "lon": -71.06232859}, "arr_time": 1676294669, "arr_date_time": "2023-02-13T08:24:29-05:00", "end_time": 1676294969, "end_date_time": "2023-02-13T08:29:29-05:00", "waiting_time": 0, "distance": 3405, "driving_time": 3269, "preparation_time": 0, "load_before": [0], "load_after": [0]}, {"type": "service", "id": "1503031010_37", "location_id": "1503031010", "address": {"location_id": "1503031010", "lat": 42.30908998, "lon": -71.06232282}, "arr_time": 1676294977, "arr_date_time": "2023-02-13T08:29:37-05:00", "end_time": 1676295277, "end_date_time": "2023-02-13T08:34:37-05:00", "waiting_time": 0, "distance": 3414, "driving_time": 3277, "preparation_time": 0, "load_before": [0], "load_after": [0]}, {"type": "service", "id": "1503027000_36", "location_id": "1503027000", "address": {"location_id": "1503027000", "lat": 42.30881219, "lon": -71.06214668}, "arr_time": 1676295367, "arr_date_time": "2023-02-13T08:36:07-05:00", "end_time": 1676295667, "end_date_time": "2023-02-13T08:41:07-05:00", "waiting_time": 0, "distance": 3507, "driving_time": 3367, "preparation_time": 0, "load_before": [0], "load_after": [0]}, {"type": "service", "id": "1503009000_35", "location_id": "1503009000", "address": {"location_id": "1503009000", "lat": 42.30894259, "lon": -71.06102744}, "arr_time": 1676295755, "arr_date_time": "2023-02-13T08:42:35-05:00", "end_time": 1676296055, "end_date_time": "2023-02-13T08:47:35-05:00", "waiting_time": 0, "distance": 3599, "driving_time": 3455, "preparation_time": 0, "load_before": [0], "load_after": [0]}, {"type": "service", "id": "1503008000_34", "location_id": "1503008000", "address": {"location_id": "1503008000", "lat": 42.30904619, "lon": -71.06065807}, "arr_time": 1676296105, "arr_date_time": "2023-02-13T08:48:25-05:00", "end_time": 1676296405, "end_date_time": "2023-02-13T08:53:25-05:00", "waiting_time": 0, "distance": 3651, "driving_time": 3505, "preparation_time": 0, "load_before": [0], "load_after": [0]}, {"type": "service", "id": "1503000020_32", "location_id": "1503000020", "address": {"location_id": "1503000020", "lat": 42.30848861, "lon": -71.0599156}, "arr_time": 1676296495, "arr_date_time": "2023-02-13T08:54:55-05:00", "end_time": 1676296795, "end_date_time": "2023-02-13T08:59:55-05:00", "waiting_time": 0, "distance": 3745, "driving_time": 3595, "preparation_time": 0, "load_before": [0], "load_after": [0]}, {"type": "service", "id": "1503003000_33", "location_id": "1503003000", "address": {"location_id": "1503003000", "lat": 42.30884796, "lon": -71.05964404}, "arr_time": 1676296827, "arr_date_time": "2023-02-13T09:00:27-05:00", "end_time": 1676297127, "end_date_time": "2023-02-13T09:05:27-05:00", "waiting_time": 0, "distance": 3778, "driving_time": 3627, "preparation_time": 0, "load_before": [0], "load_after": [0]}]}], "unassigned": {"services": [], "shipments": [], "breaks": [], "details": []}}}