{"copyrights": ["GraphHopper", "OpenStreetMap contributors"], "job_id": "88a62a11-4f97-489a-8980-2e1303f97173", "status": "finished", "waiting_time_in_queue": 0, "processing_time": 110, "solution": {"costs": 309, "distance": 2256, "time": 2168, "transport_time": 2168, "completion_time": 13568, "max_operation_time": 13568, "waiting_time": 0, "service_duration": 11400, "preparation_time": 0, "no_vehicles": 1, "no_unassigned": 0, "routes": [{"vehicle_id": "my_vehicle", "shift_id": "default-shift", "distance": 2256, "transport_time": 2168, "completion_time": 13568, "waiting_time": 0, "service_duration": 11400, "preparation_time": 0, "activities": [{"type": "start", "location_id": "1702491000", "address": {"location_id": "1702491000", "lat": 42.2819961, "lon": -71.08127971}, "arr_time": 1676278800, "arr_date_time": "2023-02-13T04:00:00-05:00", "end_time": 1676278800, "end_date_time": "2023-02-13T04:00:00-05:00", "waiting_time": 0, "distance": 0, "driving_time": 0, "preparation_time": 0, "load_after": [0]}, {"type": "service", "id": "1702493000_06", "location_id": "1702493000", "address": {"location_id": "1702493000", "lat": 42.28207649, "lon": -71.08093464}, "arr_time": 1676278828, "arr_date_time": "2023-02-13T04:00:28-05:00", "end_time": 1676279128, "end_date_time": "2023-02-13T04:05:28-05:00", "waiting_time": 0, "distance": 30, "driving_time": 28, "preparation_time": 0, "load_before": [0], "load_after": [0]}, {"type": "service", "id": "1702238020_05", "location_id": "1702238020", "address": {"location_id": "1702238020", "lat": 42.28161593, "lon": -71.08279084}, "arr_time": 1676279284, "arr_date_time": "2023-02-13T04:08:04-05:00", "end_time": 1676279584, "end_date_time": "2023-02-13T04:13:04-05:00", "waiting_time": 0, "distance": 193, "driving_time": 184, "preparation_time": 0, "load_before": [0], "load_after": [0]}, {"type": "service", "id": "1702238010_04", "location_id": "1702238010", "address": {"location_id": "1702238010", "lat": 42.2815611, "lon": -71.08295976}, "arr_time": 1676279627, "arr_date_time": "2023-02-13T04:13:47-05:00", "end_time": 1676279927, "end_date_time": "2023-02-13T04:18:47-05:00", "waiting_time": 0, "distance": 237, "driving_time": 227, "preparation_time": 0, "load_before": [0], "load_after": [0]}, {"type": "service", "id": "1702219000_01", "location_id": "1702219000", "address": {"location_id": "1702219000", "lat": 42.28139459, "lon": -71.08235716}, "arr_time": 1676280063, "arr_date_time": "2023-02-13T04:21:03-05:00", "end_time": 1676280363, "end_date_time": "2023-02-13T04:26:03-05:00", "waiting_time": 0, "distance": 379, "driving_time": 363, "preparation_time": 0, "load_before": [0], "load_after": [0]}, {"type": "service", "id": "1702509000_07", "location_id": "1702509000", "address": {"location_id": "1702509000", "lat": 42.28160997, "lon": -71.08183197}, "arr_time": 1676280411, "arr_date_time": "2023-02-13T04:26:51-05:00", "end_time": 1676280711, "end_date_time": "2023-02-13T04:31:51-05:00", "waiting_time": 0, "distance": 428, "driving_time": 411, "preparation_time": 0, "load_before": [0], "load_after": [0]}, {"type": "service", "id": "1702529000_13", "location_id": "1702529000", "address": {"location_id": "1702529000", "lat": 42.2811054, "lon": -71.08162903}, "arr_time": 1676280749, "arr_date_time": "2023-02-13T04:32:29-05:00", "end_time": 1676281049, "end_date_time": "2023-02-13T04:37:29-05:00", "waiting_time": 0, "distance": 468, "driving_time": 449, "preparation_time": 0, "load_before": [0], "load_after": [0]}, {"type": "service", "id": "1702525000_12", "location_id": "1702525000", "address": {"location_id": "1702525000", "lat": 42.28122714, "lon": -71.07995929}, "arr_time": 1676281173, "arr_date_time": "2023-02-13T04:39:33-05:00", "end_time": 1676281473, "end_date_time": "2023-02-13T04:44:33-05:00", "waiting_time": 0, "distance": 597, "driving_time": 573, "preparation_time": 0, "load_before": [0], "load_after": [0]}, {"type": "service", "id": "1702222000_02", "location_id": "1702222000", "address": {"location_id": "1702222000", "lat": 42.2810556, "lon": -71.08215348}, "arr_time": 1676281680, "arr_date_time": "2023-02-13T04:48:00-05:00", "end_time": 1676281980, "end_date_time": "2023-02-13T04:53:00-05:00", "waiting_time": 0, "distance": 813, "driving_time": 780, "preparation_time": 0, "load_before": [0], "load_after": [0]}, {"type": "service", "id": "1702225000_03", "location_id": "1702225000", "address": {"location_id": "1702225000", "lat": 42.28091055, "lon": -71.08207245}, "arr_time": 1676281997, "arr_date_time": "2023-02-13T04:53:17-05:00", "end_time": 1676282297, "end_date_time": "2023-02-13T04:58:17-05:00", "waiting_time": 0, "distance": 830, "driving_time": 797, "preparation_time": 0, "load_before": [0], "load_after": [0]}, {"type": "service", "id": "1702533000_14", "location_id": "1702533000", "address": {"location_id": "1702533000", "lat": 42.28045176, "lon": -71.08135624}, "arr_time": 1676282355, "arr_date_time": "2023-02-13T04:59:15-05:00", "end_time": 1676282655, "end_date_time": "2023-02-13T05:04:15-05:00", "waiting_time": 0, "distance": 889, "driving_time": 855, "preparation_time": 0, "load_before": [0], "load_after": [0]}, {"type": "service", "id": "1702536000_15", "location_id": "1702536000", "address": {"location_id": "1702536000", "lat": 42.28059848, "lon": -71.08070181}, "arr_time": 1676282709, "arr_date_time": "2023-02-13T05:05:09-05:00", "end_time": 1676283009, "end_date_time": "2023-02-13T05:10:09-05:00", "waiting_time": 0, "distance": 945, "driving_time": 909, "preparation_time": 0, "load_before": [0], "load_after": [0]}, {"type": "service", "id": "1702541000_16", "location_id": "1702541000", "address": {"location_id": "1702541000", "lat": 42.28077919, "lon": -71.07980327}, "arr_time": 1676283084, "arr_date_time": "2023-02-13T05:11:24-05:00", "end_time": 1676283384, "end_date_time": "2023-02-13T05:16:24-05:00", "waiting_time": 0, "distance": 1022, "driving_time": 984, "preparation_time": 0, "load_before": [0], "load_after": [0]}, {"type": "service", "id": "1702524000_11", "location_id": "1702524000", "address": {"location_id": "1702524000", "lat": 42.28122182, "lon": -71.07977638}, "arr_time": 1676283399, "arr_date_time": "2023-02-13T05:16:39-05:00", "end_time": 1676283699, "end_date_time": "2023-02-13T05:21:39-05:00", "waiting_time": 0, "distance": 1037, "driving_time": 999, "preparation_time": 0, "load_before": [0], "load_after": [0]}, {"type": "service", "id": "1702519000_10", "location_id": "1702519000", "address": {"location_id": "1702519000", "lat": 42.28152358, "lon": -71.07963174}, "arr_time": 1676283801, "arr_date_time": "2023-02-13T05:23:21-05:00", "end_time": 1676284101, "end_date_time": "2023-02-13T05:28:21-05:00", "waiting_time": 0, "distance": 1145, "driving_time": 1101, "preparation_time": 0, "load_before": [0], "load_after": [0]}, {"type": "service", "id": "1702518000_09", "location_id": "1702518000", "address": {"location_id": "1702518000", "lat": 42.28167863, "lon": -71.0797234}, "arr_time": 1676284119, "arr_date_time": "2023-02-13T05:28:39-05:00", "end_time": 1676284419, "end_date_time": "2023-02-13T05:33:39-05:00", "waiting_time": 0, "distance": 1164, "driving_time": 1119, "preparation_time": 0, "load_before": [0], "load_after": [0]}, {"type": "service", "id": "1702517000_08", "location_id": "1702517000", "address": {"location_id": "1702517000", "lat": 42.28163812, "lon": -71.07991387}, "arr_time": 1676284457, "arr_date_time": "2023-02-13T05:34:17-05:00", "end_time": 1676284757, "end_date_time": "2023-02-13T05:39:17-05:00", "waiting_time": 0, "distance": 1205, "driving_time": 1157, "preparation_time": 0, "load_before": [0], "load_after": [0]}, {"type": "service", "id": "1702545000_17", "location_id": "1702545000", "address": {"location_id": "1702545000", "lat": 42.28095048, "lon": -71.07920578}, "arr_time": 1676284884, "arr_date_time": "2023-02-13T05:41:24-05:00", "end_time": 1676285184, "end_date_time": "2023-02-13T05:46:24-05:00", "waiting_time": 0, "distance": 1337, "driving_time": 1284, "preparation_time": 0, "load_before": [0], "load_after": [0]}, {"type": "service", "id": "1702549000_18", "location_id": "1702549000", "address": {"location_id": "1702549000", "lat": 42.28050156, "lon": -71.07884625}, "arr_time": 1676285283, "arr_date_time": "2023-02-13T05:48:03-05:00", "end_time": 1676285583, "end_date_time": "2023-02-13T05:53:03-05:00", "waiting_time": 0, "distance": 1439, "driving_time": 1383, "preparation_time": 0, "load_before": [0], "load_after": [0]}, {"type": "service", "id": "1702578000_25", "location_id": "1702578000", "address": {"location_id": "1702578000", "lat": 42.28009657, "lon": -71.07896035}, "arr_time": 1676285603, "arr_date_time": "2023-02-13T05:53:23-05:00", "end_time": 1676285903, "end_date_time": "2023-02-13T05:58:23-05:00", "waiting_time": 0, "distance": 1460, "driving_time": 1403, "preparation_time": 0, "load_before": [0], "load_after": [0]}, {"type": "service", "id": "1702550000_19", "location_id": "1702550000", "address": {"location_id": "1702550000", "lat": 42.28061819, "lon": -71.07916886}, "arr_time": 1676285904, "arr_date_time": "2023-02-13T05:58:24-05:00", "end_time": 1676286204, "end_date_time": "2023-02-13T06:03:24-05:00", "waiting_time": 0, "distance": 1462, "driving_time": 1404, "preparation_time": 0, "load_before": [0], "load_after": [0]}, {"type": "service", "id": "1702555000_20", "location_id": "1702555000", "address": {"location_id": "1702555000", "lat": 42.28035467, "lon": -71.08002596}, "arr_time": 1676286276, "arr_date_time": "2023-02-13T06:04:36-05:00", "end_time": 1676286576, "end_date_time": "2023-02-13T06:09:36-05:00", "waiting_time": 0, "distance": 1536, "driving_time": 1476, "preparation_time": 0, "load_before": [0], "load_after": [0]}, {"type": "service", "id": "1702570000_24", "location_id": "1702570000", "address": {"location_id": "1702570000", "lat": 42.27974239, "lon": -71.0804431}, "arr_time": 1676286627, "arr_date_time": "2023-02-13T06:10:27-05:00", "end_time": 1676286927, "end_date_time": "2023-02-13T06:15:27-05:00", "waiting_time": 0, "distance": 1588, "driving_time": 1527, "preparation_time": 0, "load_before": [0], "load_after": [0]}, {"type": "service", "id": "1702558000_21", "location_id": "1702558000", "address": {"location_id": "1702558000", "lat": 42.28020224, "lon": -71.08062596}, "arr_time": 1676286928, "arr_date_time": "2023-02-13T06:15:28-05:00", "end_time": 1676287228, "end_date_time": "2023-02-13T06:20:28-05:00", "waiting_time": 0, "distance": 1589, "driving_time": 1528, "preparation_time": 0, "load_before": [0], "load_after": [0]}, {"type": "service", "id": "1702562000_22", "location_id": "1702562000", "address": {"location_id": "1702562000", "lat": 42.28006798, "lon": -71.08139729}, "arr_time": 1676287291, "arr_date_time": "2023-02-13T06:21:31-05:00", "end_time": 1676287591, "end_date_time": "2023-02-13T06:26:31-05:00", "waiting_time": 0, "distance": 1654, "driving_time": 1591, "preparation_time": 0, "load_before": [0], "load_after": [0]}, {"type": "service", "id": "1702564000_23", "location_id": "1702564000", "address": {"location_id": "1702564000", "lat": 42.28015018, "lon": -71.08166412}, "arr_time": 1676287649, "arr_date_time": "2023-02-13T06:27:29-05:00", "end_time": 1676287949, "end_date_time": "2023-02-13T06:32:29-05:00", "waiting_time": 0, "distance": 1715, "driving_time": 1649, "preparation_time": 0, "load_before": [0], "load_after": [0]}, {"type": "service", "id": "1702596000_32", "location_id": "1702596000", "address": {"location_id": "1702596000", "lat": 42.27944679, "lon": -71.08055204}, "arr_time": 1676288065, "arr_date_time": "2023-02-13T06:34:25-05:00", "end_time": 1676288365, "end_date_time": "2023-02-13T06:39:25-05:00", "waiting_time": 0, "distance": 1836, "driving_time": 1765, "preparation_time": 0, "load_before": [0], "load_after": [0]}, {"type": "service", "id": "1702591000_31", "location_id": "1702591000", "address": {"location_id": "1702591000", "lat": 42.27942171, "lon": -71.07984974}, "arr_time": 1676288460, "arr_date_time": "2023-02-13T06:41:00-05:00", "end_time": 1676288760, "end_date_time": "2023-02-13T06:46:00-05:00", "waiting_time": 0, "distance": 1935, "driving_time": 1860, "preparation_time": 0, "load_before": [0], "load_after": [0]}, {"type": "service", "id": "1702589000_30", "location_id": "1702589000", "address": {"location_id": "1702589000", "lat": 42.27951025, "lon": -71.0795071}, "arr_time": 1676288788, "arr_date_time": "2023-02-13T06:46:28-05:00", "end_time": 1676289088, "end_date_time": "2023-02-13T06:51:28-05:00", "waiting_time": 0, "distance": 1965, "driving_time": 1888, "preparation_time": 0, "load_before": [0], "load_after": [0]}, {"type": "service", "id": "1702588000_29", "location_id": "1702588000", "address": {"location_id": "1702588000", "lat": 42.27955694, "lon": -71.07933352}, "arr_time": 1676289103, "arr_date_time": "2023-02-13T06:51:43-05:00", "end_time": 1676289403, "end_date_time": "2023-02-13T06:56:43-05:00", "waiting_time": 0, "distance": 1980, "driving_time": 1903, "preparation_time": 0, "load_before": [0], "load_after": [0]}, {"type": "service", "id": "1702611000_37", "location_id": "1702611000", "address": {"location_id": "1702611000", "lat": 42.27916656, "lon": -71.07907974}, "arr_time": 1676289407, "arr_date_time": "2023-02-13T06:56:47-05:00", "end_time": 1676289707, "end_date_time": "2023-02-13T07:01:47-05:00", "waiting_time": 0, "distance": 1985, "driving_time": 1907, "preparation_time": 0, "load_before": [0], "load_after": [0]}, {"type": "service", "id": "1702587000_28", "location_id": "1702587000", "address": {"location_id": "1702587000", "lat": 42.27960163, "lon": -71.07916091}, "arr_time": 1676289717, "arr_date_time": "2023-02-13T07:01:57-05:00", "end_time": 1676290017, "end_date_time": "2023-02-13T07:06:57-05:00", "waiting_time": 0, "distance": 1996, "driving_time": 1917, "preparation_time": 0, "load_before": [0], "load_after": [0]}, {"type": "service", "id": "1702614000_38", "location_id": "1702614000", "address": {"location_id": "1702614000", "lat": 42.27934335, "lon": -71.07851413}, "arr_time": 1676290056, "arr_date_time": "2023-02-13T07:07:36-05:00", "end_time": 1676290356, "end_date_time": "2023-02-13T07:12:36-05:00", "waiting_time": 0, "distance": 2036, "driving_time": 1956, "preparation_time": 0, "load_before": [0], "load_after": [0]}, {"type": "service", "id": "1702584000_27", "location_id": "1702584000", "address": {"location_id": "1702584000", "lat": 42.27973863, "lon": -71.07863778}, "arr_time": 1676290361, "arr_date_time": "2023-02-13T07:12:41-05:00", "end_time": 1676290661, "end_date_time": "2023-02-13T07:17:41-05:00", "waiting_time": 0, "distance": 2042, "driving_time": 1961, "preparation_time": 0, "load_before": [0], "load_after": [0]}, {"type": "service", "id": "1702583000_26", "location_id": "1702583000", "address": {"location_id": "1702583000", "lat": 42.27978438, "lon": -71.07845866}, "arr_time": 1676290713, "arr_date_time": "2023-02-13T07:18:33-05:00", "end_time": 1676291013, "end_date_time": "2023-02-13T07:23:33-05:00", "waiting_time": 0, "distance": 2096, "driving_time": 2013, "preparation_time": 0, "load_before": [0], "load_after": [0]}, {"type": "service", "id": "1702600000_33", "location_id": "1702600000", "address": {"location_id": "1702600000", "lat": 42.27911494, "lon": -71.07842421}, "arr_time": 1676291128, "arr_date_time": "2023-02-13T07:25:28-05:00", "end_time": 1676291428, "end_date_time": "2023-02-13T07:30:28-05:00", "waiting_time": 0, "distance": 2215, "driving_time": 2128, "preparation_time": 0, "load_before": [0], "load_after": [0]}, {"type": "service", "id": "1702601000_34", "location_id": "1702601000", "address": {"location_id": "1702601000", "lat": 42.27904188, "lon": -71.07861783}, "arr_time": 1676291443, "arr_date_time": "2023-02-13T07:30:43-05:00", "end_time": 1676291743, "end_date_time": "2023-02-13T07:35:43-05:00", "waiting_time": 0, "distance": 2230, "driving_time": 2143, "preparation_time": 0, "load_before": [0], "load_after": [0]}, {"type": "service", "id": "1702602000_35", "location_id": "1702602000", "address": {"location_id": "1702602000", "lat": 42.27897272, "lon": -71.07878371}, "arr_time": 1676291757, "arr_date_time": "2023-02-13T07:35:57-05:00", "end_time": 1676292057, "end_date_time": "2023-02-13T07:40:57-05:00", "waiting_time": 0, "distance": 2245, "driving_time": 2157, "preparation_time": 0, "load_before": [0], "load_after": [0]}, {"type": "service", "id": "1702603000_36", "location_id": "1702603000", "address": {"location_id": "1702603000", "lat": 42.27890291, "lon": -71.07894481}, "arr_time": 1676292068, "arr_date_time": "2023-02-13T07:41:08-05:00", "end_time": 1676292368, "end_date_time": "2023-02-13T07:46:08-05:00", "waiting_time": 0, "distance": 2256, "driving_time": 2168, "preparation_time": 0, "load_before": [0], "load_after": [0]}]}], "unassigned": {"services": [], "shipments": [], "breaks": [], "details": []}}}