{"copyrights": ["GraphHopper", "OpenStreetMap contributors"], "job_id": "606f33a7-27dc-4aca-8de8-d7cf8718e82f", "status": "finished", "waiting_time_in_queue": 0, "processing_time": 129, "solution": {"costs": 327, "distance": 1448, "time": 1385, "transport_time": 1385, "completion_time": 15785, "max_operation_time": 15785, "waiting_time": 0, "service_duration": 14400, "preparation_time": 0, "no_vehicles": 1, "no_unassigned": 0, "routes": [{"vehicle_id": "my_vehicle", "shift_id": "default-shift", "distance": 1448, "transport_time": 1385, "completion_time": 15785, "waiting_time": 0, "service_duration": 14400, "preparation_time": 0, "activities": [{"type": "start", "location_id": "1603936000", "address": {"location_id": "1603936000", "lat": 42.28794675, "lon": -71.0490065}, "arr_time": 1676278800, "arr_date_time": "2023-02-13T04:00:00-05:00", "end_time": 1676278800, "end_date_time": "2023-02-13T04:00:00-05:00", "waiting_time": 0, "distance": 0, "driving_time": 0, "preparation_time": 0, "load_after": [0]}, {"type": "service", "id": "1603935000_43", "location_id": "1603935000", "address": {"location_id": "1603935000", "lat": 42.28777087, "lon": -71.04892687}, "arr_time": 1676278861, "arr_date_time": "2023-02-13T04:01:01-05:00", "end_time": 1676279161, "end_date_time": "2023-02-13T04:06:01-05:00", "waiting_time": 0, "distance": 64, "driving_time": 61, "preparation_time": 0, "load_before": [0], "load_after": [0]}, {"type": "service", "id": "1603738000_33", "location_id": "1603738000", "address": {"location_id": "1603738000", "lat": 42.28753182, "lon": -71.04929711}, "arr_time": 1676279176, "arr_date_time": "2023-02-13T04:06:16-05:00", "end_time": 1676279476, "end_date_time": "2023-02-13T04:11:16-05:00", "waiting_time": 0, "distance": 79, "driving_time": 76, "preparation_time": 0, "load_before": [0], "load_after": [0]}, {"type": "service", "id": "1603934000_42", "location_id": "1603934000", "address": {"location_id": "1603934000", "lat": 42.2876391, "lon": -71.04886543}, "arr_time": 1676279476, "arr_date_time": "2023-02-13T04:11:16-05:00", "end_time": 1676279776, "end_date_time": "2023-02-13T04:16:16-05:00", "waiting_time": 0, "distance": 79, "driving_time": 76, "preparation_time": 0, "load_before": [0], "load_after": [0]}, {"type": "service", "id": "1603933000_41", "location_id": "1603933000", "address": {"location_id": "1603933000", "lat": 42.28749263, "lon": -71.04896166}, "arr_time": 1676279788, "arr_date_time": "2023-02-13T04:16:28-05:00", "end_time": 1676280088, "end_date_time": "2023-02-13T04:21:28-05:00", "waiting_time": 0, "distance": 92, "driving_time": 88, "preparation_time": 0, "load_before": [0], "load_after": [0]}, {"type": "service", "id": "1603742000_35", "location_id": "1603742000", "address": {"location_id": "1603742000", "lat": 42.28743017, "lon": -71.04995323}, "arr_time": 1676280157, "arr_date_time": "2023-02-13T04:22:37-05:00", "end_time": 1676280457, "end_date_time": "2023-02-13T04:27:37-05:00", "waiting_time": 0, "distance": 165, "driving_time": 157, "preparation_time": 0, "load_before": [0], "load_after": [0]}, {"type": "service", "id": "1603744010_36", "location_id": "1603744010", "address": {"location_id": "1603744010", "lat": 42.28736384, "lon": -71.05028065}, "arr_time": 1676280484, "arr_date_time": "2023-02-13T04:28:04-05:00", "end_time": 1676280784, "end_date_time": "2023-02-13T04:33:04-05:00", "waiting_time": 0, "distance": 193, "driving_time": 184, "preparation_time": 0, "load_before": [0], "load_after": [0]}, {"type": "service", "id": "1603744020_37", "location_id": "1603744020", "address": {"location_id": "1603744020", "lat": 42.28733135, "lon": -71.05044985}, "arr_time": 1676280797, "arr_date_time": "2023-02-13T04:33:17-05:00", "end_time": 1676281097, "end_date_time": "2023-02-13T04:38:17-05:00", "waiting_time": 0, "distance": 207, "driving_time": 197, "preparation_time": 0, "load_before": [0], "load_after": [0]}, {"type": "service", "id": "1603598000_20", "location_id": "1603598000", "address": {"location_id": "1603598000", "lat": 42.28697704, "lon": -71.05033362}, "arr_time": 1676281099, "arr_date_time": "2023-02-13T04:38:19-05:00", "end_time": 1676281399, "end_date_time": "2023-02-13T04:43:19-05:00", "waiting_time": 0, "distance": 209, "driving_time": 199, "preparation_time": 0, "load_before": [0], "load_after": [0]}, {"type": "service", "id": "1603597000_19", "location_id": "1603597000", "address": {"location_id": "1603597000", "lat": 42.28694669, "lon": -71.05047265}, "arr_time": 1676281411, "arr_date_time": "2023-02-13T04:43:31-05:00", "end_time": 1676281711, "end_date_time": "2023-02-13T04:48:31-05:00", "waiting_time": 0, "distance": 221, "driving_time": 211, "preparation_time": 0, "load_before": [0], "load_after": [0]}, {"type": "service", "id": "1603599000_21", "location_id": "1603599000", "address": {"location_id": "1603599000", "lat": 42.28700722, "lon": -71.0501909}, "arr_time": 1676281763, "arr_date_time": "2023-02-13T04:49:23-05:00", "end_time": 1676282063, "end_date_time": "2023-02-13T04:54:23-05:00", "waiting_time": 0, "distance": 275, "driving_time": 263, "preparation_time": 0, "load_before": [0], "load_after": [0]}, {"type": "service", "id": "1603600000_22", "location_id": "1603600000", "address": {"location_id": "1603600000", "lat": 42.2868049, "lon": -71.05021545}, "arr_time": 1676282083, "arr_date_time": "2023-02-13T04:54:43-05:00", "end_time": 1676282383, "end_date_time": "2023-02-13T04:59:43-05:00", "waiting_time": 0, "distance": 296, "driving_time": 283, "preparation_time": 0, "load_before": [0], "load_after": [0]}, {"type": "service", "id": "1603592000_17", "location_id": "1603592000", "address": {"location_id": "1603592000", "lat": 42.28673767, "lon": -71.04962371}, "arr_time": 1676282404, "arr_date_time": "2023-02-13T05:00:04-05:00", "end_time": 1676282704, "end_date_time": "2023-02-13T05:05:04-05:00", "waiting_time": 0, "distance": 318, "driving_time": 304, "preparation_time": 0, "load_before": [0], "load_after": [0]}, {"type": "service", "id": "1603602000_23", "location_id": "1603602000", "address": {"location_id": "1603602000", "lat": 42.28655174, "lon": -71.05010013}, "arr_time": 1676282711, "arr_date_time": "2023-02-13T05:05:11-05:00", "end_time": 1676283011, "end_date_time": "2023-02-13T05:10:11-05:00", "waiting_time": 0, "distance": 325, "driving_time": 311, "preparation_time": 0, "load_before": [0], "load_after": [0]}, {"type": "service", "id": "1603604000_24", "location_id": "1603604000", "address": {"location_id": "1603604000", "lat": 42.28631816, "lon": -71.04999387}, "arr_time": 1676283037, "arr_date_time": "2023-02-13T05:10:37-05:00", "end_time": 1676283337, "end_date_time": "2023-02-13T05:15:37-05:00", "waiting_time": 0, "distance": 352, "driving_time": 337, "preparation_time": 0, "load_before": [0], "load_after": [0]}, {"type": "service", "id": "1603605000_25", "location_id": "1603605000", "address": {"location_id": "1603605000", "lat": 42.28621012, "lon": -71.04994486}, "arr_time": 1676283349, "arr_date_time": "2023-02-13T05:15:49-05:00", "end_time": 1676283649, "end_date_time": "2023-02-13T05:20:49-05:00", "waiting_time": 0, "distance": 365, "driving_time": 349, "preparation_time": 0, "load_before": [0], "load_after": [0]}, {"type": "service", "id": "1603741000_34", "location_id": "1603741000", "address": {"location_id": "1603741000", "lat": 42.2874593, "lon": -71.04980834}, "arr_time": 1676283783, "arr_date_time": "2023-02-13T05:23:03-05:00", "end_time": 1676284083, "end_date_time": "2023-02-13T05:28:03-05:00", "waiting_time": 0, "distance": 504, "driving_time": 483, "preparation_time": 0, "load_before": [0], "load_after": [0]}, {"type": "service", "id": "1603580000_15", "location_id": "1603580000", "address": {"location_id": "1603580000", "lat": 42.28707721, "lon": -71.04918554}, "arr_time": 1676284165, "arr_date_time": "2023-02-13T05:29:25-05:00", "end_time": 1676284465, "end_date_time": "2023-02-13T05:34:25-05:00", "waiting_time": 0, "distance": 591, "driving_time": 565, "preparation_time": 0, "load_before": [0], "load_after": [0]}, {"type": "service", "id": "1603928000_40", "location_id": "1603928000", "address": {"location_id": "1603928000", "lat": 42.28697851, "lon": -71.04848714}, "arr_time": 1676284493, "arr_date_time": "2023-02-13T05:34:53-05:00", "end_time": 1676284793, "end_date_time": "2023-02-13T05:39:53-05:00", "waiting_time": 0, "distance": 620, "driving_time": 593, "preparation_time": 0, "load_before": [0], "load_after": [0]}, {"type": "service", "id": "1603927000_39", "location_id": "1603927000", "address": {"location_id": "1603927000", "lat": 42.28673864, "lon": -71.04853675}, "arr_time": 1676284816, "arr_date_time": "2023-02-13T05:40:16-05:00", "end_time": 1676285116, "end_date_time": "2023-02-13T05:45:16-05:00", "waiting_time": 0, "distance": 644, "driving_time": 616, "preparation_time": 0, "load_before": [0], "load_after": [0]}, {"type": "service", "id": "1603926000_38", "location_id": "1603926000", "address": {"location_id": "1603926000", "lat": 42.28657865, "lon": -71.04846651}, "arr_time": 1676285133, "arr_date_time": "2023-02-13T05:45:33-05:00", "end_time": 1676285433, "end_date_time": "2023-02-13T05:50:33-05:00", "waiting_time": 0, "distance": 663, "driving_time": 633, "preparation_time": 0, "load_before": [0], "load_after": [0]}, {"type": "service", "id": "1603582000_16", "location_id": "1603582000", "address": {"location_id": "1603582000", "lat": 42.28644423, "lon": -71.04885399}, "arr_time": 1676285437, "arr_date_time": "2023-02-13T05:50:37-05:00", "end_time": 1676285737, "end_date_time": "2023-02-13T05:55:37-05:00", "waiting_time": 0, "distance": 667, "driving_time": 637, "preparation_time": 0, "load_before": [0], "load_after": [0]}, {"type": "service", "id": "1604027000_48", "location_id": "1604027000", "address": {"location_id": "1604027000", "lat": 42.2859493, "lon": -71.04870532}, "arr_time": 1676285796, "arr_date_time": "2023-02-13T05:56:36-05:00", "end_time": 1676286096, "end_date_time": "2023-02-13T06:01:36-05:00", "waiting_time": 0, "distance": 728, "driving_time": 696, "preparation_time": 0, "load_before": [0], "load_after": [0]}, {"type": "service", "id": "1604024000_47", "location_id": "1604024000", "address": {"location_id": "1604024000", "lat": 42.28574859, "lon": -71.04919974}, "arr_time": 1676286140, "arr_date_time": "2023-02-13T06:02:20-05:00", "end_time": 1676286440, "end_date_time": "2023-02-13T06:07:20-05:00", "waiting_time": 0, "distance": 774, "driving_time": 740, "preparation_time": 0, "load_before": [0], "load_after": [0]}, {"type": "service", "id": "1604019000_46", "location_id": "1604019000", "address": {"location_id": "1604019000", "lat": 42.28547605, "lon": -71.04998185}, "arr_time": 1676286528, "arr_date_time": "2023-02-13T06:08:48-05:00", "end_time": 1676286828, "end_date_time": "2023-02-13T06:13:48-05:00", "waiting_time": 0, "distance": 866, "driving_time": 828, "preparation_time": 0, "load_before": [0], "load_after": [0]}, {"type": "service", "id": "1603608000_26", "location_id": "1603608000", "address": {"location_id": "1603608000", "lat": 42.28594281, "lon": -71.0501184}, "arr_time": 1676286867, "arr_date_time": "2023-02-13T06:14:27-05:00", "end_time": 1676287167, "end_date_time": "2023-02-13T06:19:27-05:00", "waiting_time": 0, "distance": 906, "driving_time": 867, "preparation_time": 0, "load_before": [0], "load_after": [0]}, {"type": "service", "id": "1604018000_45", "location_id": "1604018000", "address": {"location_id": "1604018000", "lat": 42.28548504, "lon": -71.05025705}, "arr_time": 1676287192, "arr_date_time": "2023-02-13T06:19:52-05:00", "end_time": 1676287492, "end_date_time": "2023-02-13T06:24:52-05:00", "waiting_time": 0, "distance": 933, "driving_time": 892, "preparation_time": 0, "load_before": [0], "load_after": [0]}, {"type": "service", "id": "1603565000_08", "location_id": "1603565000", "address": {"location_id": "1603565000", "lat": 42.28578925, "lon": -71.05071851}, "arr_time": 1676287516, "arr_date_time": "2023-02-13T06:25:16-05:00", "end_time": 1676287816, "end_date_time": "2023-02-13T06:30:16-05:00", "waiting_time": 0, "distance": 959, "driving_time": 916, "preparation_time": 0, "load_before": [0], "load_after": [0]}, {"type": "service", "id": "1603566000_09", "location_id": "1603566000", "address": {"location_id": "1603566000", "lat": 42.28580117, "lon": -71.05087486}, "arr_time": 1676287828, "arr_date_time": "2023-02-13T06:30:28-05:00", "end_time": 1676288128, "end_date_time": "2023-02-13T06:35:28-05:00", "waiting_time": 0, "distance": 971, "driving_time": 928, "preparation_time": 0, "load_before": [0], "load_after": [0]}, {"type": "service", "id": "1603567000_10", "location_id": "1603567000", "address": {"location_id": "1603567000", "lat": 42.28566024, "lon": -71.05100375}, "arr_time": 1676288143, "arr_date_time": "2023-02-13T06:35:43-05:00", "end_time": 1676288443, "end_date_time": "2023-02-13T06:40:43-05:00", "waiting_time": 0, "distance": 986, "driving_time": 943, "preparation_time": 0, "load_before": [0], "load_after": [0]}, {"type": "service", "id": "1604015000_44", "location_id": "1604015000", "address": {"location_id": "1604015000", "lat": 42.28524294, "lon": -71.05076382}, "arr_time": 1676288492, "arr_date_time": "2023-02-13T06:41:32-05:00", "end_time": 1676288792, "end_date_time": "2023-02-13T06:46:32-05:00", "waiting_time": 0, "distance": 1037, "driving_time": 992, "preparation_time": 0, "load_before": [0], "load_after": [0]}, {"type": "service", "id": "1603568000_11", "location_id": "1603568000", "address": {"location_id": "1603568000", "lat": 42.2857778, "lon": -71.05106243}, "arr_time": 1676288853, "arr_date_time": "2023-02-13T06:47:33-05:00", "end_time": 1676289153, "end_date_time": "2023-02-13T06:52:33-05:00", "waiting_time": 0, "distance": 1101, "driving_time": 1053, "preparation_time": 0, "load_before": [0], "load_after": [0]}, {"type": "service", "id": "1603569000_12", "location_id": "1603569000", "address": {"location_id": "1603569000", "lat": 42.28590743, "lon": -71.05107333}, "arr_time": 1676289167, "arr_date_time": "2023-02-13T06:52:47-05:00", "end_time": 1676289467, "end_date_time": "2023-02-13T06:57:47-05:00", "waiting_time": 0, "distance": 1115, "driving_time": 1067, "preparation_time": 0, "load_before": [0], "load_after": [0]}, {"type": "service", "id": "1603573000_13", "location_id": "1603573000", "address": {"location_id": "1603573000", "lat": 42.28640293, "lon": -71.05131647}, "arr_time": 1676289523, "arr_date_time": "2023-02-13T06:58:43-05:00", "end_time": 1676289823, "end_date_time": "2023-02-13T07:03:43-05:00", "waiting_time": 0, "distance": 1174, "driving_time": 1123, "preparation_time": 0, "load_before": [0], "load_after": [0]}, {"type": "service", "id": "1603574000_14", "location_id": "1603574000", "address": {"location_id": "1603574000", "lat": 42.28652482, "lon": -71.05137683}, "arr_time": 1676289836, "arr_date_time": "2023-02-13T07:03:56-05:00", "end_time": 1676290136, "end_date_time": "2023-02-13T07:08:56-05:00", "waiting_time": 0, "distance": 1188, "driving_time": 1136, "preparation_time": 0, "load_before": [0], "load_after": [0]}, {"type": "service", "id": "1603552000_01", "location_id": "1603552000", "address": {"location_id": "1603552000", "lat": 42.28669302, "lon": -71.05157638}, "arr_time": 1676290159, "arr_date_time": "2023-02-13T07:09:19-05:00", "end_time": 1676290459, "end_date_time": "2023-02-13T07:14:19-05:00", "waiting_time": 0, "distance": 1211, "driving_time": 1159, "preparation_time": 0, "load_before": [0], "load_after": [0]}, {"type": "service", "id": "1603554000_02", "location_id": "1603554000", "address": {"location_id": "1603554000", "lat": 42.28677373, "lon": -71.05124143}, "arr_time": 1676290527, "arr_date_time": "2023-02-13T07:15:27-05:00", "end_time": 1676290827, "end_date_time": "2023-02-13T07:20:27-05:00", "waiting_time": 0, "distance": 1283, "driving_time": 1227, "preparation_time": 0, "load_before": [0], "load_after": [0]}, {"type": "service", "id": "1603555000_03", "location_id": "1603555000", "address": {"location_id": "1603555000", "lat": 42.28681252, "lon": -71.05106122}, "arr_time": 1676290872, "arr_date_time": "2023-02-13T07:21:12-05:00", "end_time": 1676291172, "end_date_time": "2023-02-13T07:26:12-05:00", "waiting_time": 0, "distance": 1331, "driving_time": 1272, "preparation_time": 0, "load_before": [0], "load_after": [0]}, {"type": "service", "id": "1603595000_18", "location_id": "1603595000", "address": {"location_id": "1603595000", "lat": 42.28686522, "lon": -71.05073689}, "arr_time": 1676291175, "arr_date_time": "2023-02-13T07:26:15-05:00", "end_time": 1676291475, "end_date_time": "2023-02-13T07:31:15-05:00", "waiting_time": 0, "distance": 1334, "driving_time": 1275, "preparation_time": 0, "load_before": [0], "load_after": [0]}, {"type": "service", "id": "1603615000_32", "location_id": "1603615000", "address": {"location_id": "1603615000", "lat": 42.28671677, "lon": -71.05056454}, "arr_time": 1676291493, "arr_date_time": "2023-02-13T07:31:33-05:00", "end_time": 1676291793, "end_date_time": "2023-02-13T07:36:33-05:00", "waiting_time": 0, "distance": 1354, "driving_time": 1293, "preparation_time": 0, "load_before": [0], "load_after": [0]}, {"type": "service", "id": "1603614000_31", "location_id": "1603614000", "address": {"location_id": "1603614000", "lat": 42.28657495, "lon": -71.05049991}, "arr_time": 1676291809, "arr_date_time": "2023-02-13T07:36:49-05:00", "end_time": 1676292109, "end_date_time": "2023-02-13T07:41:49-05:00", "waiting_time": 0, "distance": 1371, "driving_time": 1309, "preparation_time": 0, "load_before": [0], "load_after": [0]}, {"type": "service", "id": "1603613000_30", "location_id": "1603613000", "address": {"location_id": "1603613000", "lat": 42.28645474, "lon": -71.05044521}, "arr_time": 1676292123, "arr_date_time": "2023-02-13T07:42:03-05:00", "end_time": 1676292423, "end_date_time": "2023-02-13T07:47:03-05:00", "waiting_time": 0, "distance": 1385, "driving_time": 1323, "preparation_time": 0, "load_before": [0], "load_after": [0]}, {"type": "service", "id": "1603560000_04", "location_id": "1603560000", "address": {"location_id": "1603560000", "lat": 42.28633083, "lon": -71.05091558}, "arr_time": 1676292424, "arr_date_time": "2023-02-13T07:47:04-05:00", "end_time": 1676292724, "end_date_time": "2023-02-13T07:52:04-05:00", "waiting_time": 0, "distance": 1386, "driving_time": 1324, "preparation_time": 0, "load_before": [0], "load_after": [0]}, {"type": "service", "id": "1603561000_05", "location_id": "1603561000", "address": {"location_id": "1603561000", "lat": 42.28622912, "lon": -71.05086907}, "arr_time": 1676292736, "arr_date_time": "2023-02-13T07:52:16-05:00", "end_time": 1676293036, "end_date_time": "2023-02-13T07:57:16-05:00", "waiting_time": 0, "distance": 1398, "driving_time": 1336, "preparation_time": 0, "load_before": [0], "load_after": [0]}, {"type": "service", "id": "1603611000_29", "location_id": "1603611000", "address": {"location_id": "1603611000", "lat": 42.28622888, "lon": -71.05034248}, "arr_time": 1676293049, "arr_date_time": "2023-02-13T07:57:29-05:00", "end_time": 1676293349, "end_date_time": "2023-02-13T08:02:29-05:00", "waiting_time": 0, "distance": 1411, "driving_time": 1349, "preparation_time": 0, "load_before": [0], "load_after": [0]}, {"type": "service", "id": "1603610000_28", "location_id": "1603610000", "address": {"location_id": "1603610000", "lat": 42.28610548, "lon": -71.05028635}, "arr_time": 1676293363, "arr_date_time": "2023-02-13T08:02:43-05:00", "end_time": 1676293663, "end_date_time": "2023-02-13T08:07:43-05:00", "waiting_time": 0, "distance": 1425, "driving_time": 1363, "preparation_time": 0, "load_before": [0], "load_after": [0]}, {"type": "service", "id": "1603563000_06", "location_id": "1603563000", "address": {"location_id": "1603563000", "lat": 42.28598273, "lon": -71.05075459}, "arr_time": 1676293664, "arr_date_time": "2023-02-13T08:07:44-05:00", "end_time": 1676293964, "end_date_time": "2023-02-13T08:12:44-05:00", "waiting_time": 0, "distance": 1426, "driving_time": 1364, "preparation_time": 0, "load_before": [0], "load_after": [0]}, {"type": "service", "id": "1603564000_07", "location_id": "1603564000", "address": {"location_id": "1603564000", "lat": 42.2858213, "lon": -71.05058249}, "arr_time": 1676293984, "arr_date_time": "2023-02-13T08:13:04-05:00", "end_time": 1676294284, "end_date_time": "2023-02-13T08:18:04-05:00", "waiting_time": 0, "distance": 1447, "driving_time": 1384, "preparation_time": 0, "load_before": [0], "load_after": [0]}, {"type": "service", "id": "1603609000_27", "location_id": "1603609000", "address": {"location_id": "1603609000", "lat": 42.28589972, "lon": -71.05029052}, "arr_time": 1676294285, "arr_date_time": "2023-02-13T08:18:05-05:00", "end_time": 1676294585, "end_date_time": "2023-02-13T08:23:05-05:00", "waiting_time": 0, "distance": 1448, "driving_time": 1385, "preparation_time": 0, "load_before": [0], "load_after": [0]}]}], "unassigned": {"services": [], "shipments": [], "breaks": [], "details": []}}}