{"copyrights": ["GraphHopper", "OpenStreetMap contributors"], "job_id": "1eefb51b-fb5b-4d95-8d6b-81b6500c827d", "status": "finished", "waiting_time_in_queue": 0, "processing_time": 116, "solution": {"costs": 328, "distance": 1873, "time": 1801, "transport_time": 1801, "completion_time": 15901, "max_operation_time": 15901, "waiting_time": 0, "service_duration": 14100, "preparation_time": 0, "no_vehicles": 1, "no_unassigned": 0, "routes": [{"vehicle_id": "my_vehicle", "shift_id": "default-shift", "distance": 1873, "transport_time": 1801, "completion_time": 15901, "waiting_time": 0, "service_duration": 14100, "preparation_time": 0, "activities": [{"type": "start", "location_id": "1302976000", "address": {"location_id": "1302976000", "lat": 42.31632686, "lon": -71.05393751}, "arr_time": 1676278800, "arr_date_time": "2023-02-13T04:00:00-05:00", "end_time": 1676278800, "end_date_time": "2023-02-13T04:00:00-05:00", "waiting_time": 0, "distance": 0, "driving_time": 0, "preparation_time": 0, "load_after": [0]}, {"type": "service", "id": "1302975000_47", "location_id": "1302975000", "address": {"location_id": "1302975000", "lat": 42.31620965, "lon": -71.05397376}, "arr_time": 1676278841, "arr_date_time": "2023-02-13T04:00:41-05:00", "end_time": 1676279141, "end_date_time": "2023-02-13T04:05:41-05:00", "waiting_time": 0, "distance": 43, "driving_time": 41, "preparation_time": 0, "load_before": [0], "load_after": [0]}, {"type": "service", "id": "1302929000_46", "location_id": "1302929000", "address": {"location_id": "1302929000", "lat": 42.3157527, "lon": -71.05413372}, "arr_time": 1676279195, "arr_date_time": "2023-02-13T04:06:35-05:00", "end_time": 1676279495, "end_date_time": "2023-02-13T04:11:35-05:00", "waiting_time": 0, "distance": 99, "driving_time": 95, "preparation_time": 0, "load_before": [0], "load_after": [0]}, {"type": "service", "id": "1302928000_45", "location_id": "1302928000", "address": {"location_id": "1302928000", "lat": 42.31562321, "lon": -71.0541743}, "arr_time": 1676279539, "arr_date_time": "2023-02-13T04:12:19-05:00", "end_time": 1676279839, "end_date_time": "2023-02-13T04:17:19-05:00", "waiting_time": 0, "distance": 145, "driving_time": 139, "preparation_time": 0, "load_before": [0], "load_after": [0]}, {"type": "service", "id": "1302927000_44", "location_id": "1302927000", "address": {"location_id": "1302927000", "lat": 42.31551695, "lon": -71.05420773}, "arr_time": 1676279851, "arr_date_time": "2023-02-13T04:17:31-05:00", "end_time": 1676280151, "end_date_time": "2023-02-13T04:22:31-05:00", "waiting_time": 0, "distance": 157, "driving_time": 151, "preparation_time": 0, "load_before": [0], "load_after": [0]}, {"type": "service", "id": "1302925000_43", "location_id": "1302925000", "address": {"location_id": "1302925000", "lat": 42.31525442, "lon": -71.05428989}, "arr_time": 1676280180, "arr_date_time": "2023-02-13T04:23:00-05:00", "end_time": 1676280480, "end_date_time": "2023-02-13T04:28:00-05:00", "waiting_time": 0, "distance": 187, "driving_time": 180, "preparation_time": 0, "load_before": [0], "load_after": [0]}, {"type": "service", "id": "1302753000_38", "location_id": "1302753000", "address": {"location_id": "1302753000", "lat": 42.31427925, "lon": -71.05456381}, "arr_time": 1676280587, "arr_date_time": "2023-02-13T04:29:47-05:00", "end_time": 1676280887, "end_date_time": "2023-02-13T04:34:47-05:00", "waiting_time": 0, "distance": 298, "driving_time": 287, "preparation_time": 0, "load_before": [0], "load_after": [0]}, {"type": "service", "id": "1302748000_37", "location_id": "1302748000", "address": {"location_id": "1302748000", "lat": 42.31367229, "lon": -71.054795}, "arr_time": 1676280953, "arr_date_time": "2023-02-13T04:35:53-05:00", "end_time": 1676281253, "end_date_time": "2023-02-13T04:40:53-05:00", "waiting_time": 0, "distance": 368, "driving_time": 353, "preparation_time": 0, "load_before": [0], "load_after": [0]}, {"type": "service", "id": "1302741000_36", "location_id": "1302741000", "address": {"location_id": "1302741000", "lat": 42.31282701, "lon": -71.05511946}, "arr_time": 1676281347, "arr_date_time": "2023-02-13T04:42:27-05:00", "end_time": 1676281647, "end_date_time": "2023-02-13T04:47:27-05:00", "waiting_time": 0, "distance": 465, "driving_time": 447, "preparation_time": 0, "load_before": [0], "load_after": [0]}, {"type": "service", "id": "1302732000_35", "location_id": "1302732000", "address": {"location_id": "1302732000", "lat": 42.31305343, "lon": -71.05399249}, "arr_time": 1676281888, "arr_date_time": "2023-02-13T04:51:28-05:00", "end_time": 1676282188, "end_date_time": "2023-02-13T04:56:28-05:00", "waiting_time": 0, "distance": 717, "driving_time": 688, "preparation_time": 0, "load_before": [0], "load_after": [0]}, {"type": "service", "id": "1302731000_34", "location_id": "1302731000", "address": {"location_id": "1302731000", "lat": 42.31315563, "lon": -71.05393329}, "arr_time": 1676282200, "arr_date_time": "2023-02-13T04:56:40-05:00", "end_time": 1676282500, "end_date_time": "2023-02-13T05:01:40-05:00", "waiting_time": 0, "distance": 729, "driving_time": 700, "preparation_time": 0, "load_before": [0], "load_after": [0]}, {"type": "service", "id": "1302653000_11", "location_id": "1302653000", "address": {"location_id": "1302653000", "lat": 42.31328298, "lon": -71.05343949}, "arr_time": 1676282527, "arr_date_time": "2023-02-13T05:02:07-05:00", "end_time": 1676282827, "end_date_time": "2023-02-13T05:07:07-05:00", "waiting_time": 0, "distance": 757, "driving_time": 727, "preparation_time": 0, "load_before": [0], "load_after": [0]}, {"type": "service", "id": "1302655000_12", "location_id": "1302655000", "address": {"location_id": "1302655000", "lat": 42.31356992, "lon": -71.05334435}, "arr_time": 1676282856, "arr_date_time": "2023-02-13T05:07:36-05:00", "end_time": 1676283156, "end_date_time": "2023-02-13T05:12:36-05:00", "waiting_time": 0, "distance": 787, "driving_time": 756, "preparation_time": 0, "load_before": [0], "load_after": [0]}, {"type": "service", "id": "1302656000_13", "location_id": "1302656000", "address": {"location_id": "1302656000", "lat": 42.31370714, "lon": -71.05330184}, "arr_time": 1676283171, "arr_date_time": "2023-02-13T05:12:51-05:00", "end_time": 1676283471, "end_date_time": "2023-02-13T05:17:51-05:00", "waiting_time": 0, "distance": 803, "driving_time": 771, "preparation_time": 0, "load_before": [0], "load_after": [0]}, {"type": "service", "id": "1302726000_33", "location_id": "1302726000", "address": {"location_id": "1302726000", "lat": 42.31380692, "lon": -71.05368135}, "arr_time": 1676283475, "arr_date_time": "2023-02-13T05:17:55-05:00", "end_time": 1676283775, "end_date_time": "2023-02-13T05:22:55-05:00", "waiting_time": 0, "distance": 807, "driving_time": 775, "preparation_time": 0, "load_before": [0], "load_after": [0]}, {"type": "service", "id": "1302657000_14", "location_id": "1302657000", "address": {"location_id": "1302657000", "lat": 42.31383869, "lon": -71.05326362}, "arr_time": 1676283785, "arr_date_time": "2023-02-13T05:23:05-05:00", "end_time": 1676284085, "end_date_time": "2023-02-13T05:28:05-05:00", "waiting_time": 0, "distance": 817, "driving_time": 785, "preparation_time": 0, "load_before": [0], "load_after": [0]}, {"type": "service", "id": "1302658000_15", "location_id": "1302658000", "address": {"location_id": "1302658000", "lat": 42.3139538, "lon": -71.05323069}, "arr_time": 1676284097, "arr_date_time": "2023-02-13T05:28:17-05:00", "end_time": 1676284397, "end_date_time": "2023-02-13T05:33:17-05:00", "waiting_time": 0, "distance": 830, "driving_time": 797, "preparation_time": 0, "load_before": [0], "load_after": [0]}, {"type": "service", "id": "1302724000_32", "location_id": "1302724000", "address": {"location_id": "1302724000", "lat": 42.31404948, "lon": -71.05360574}, "arr_time": 1676284401, "arr_date_time": "2023-02-13T05:33:21-05:00", "end_time": 1676284701, "end_date_time": "2023-02-13T05:38:21-05:00", "waiting_time": 0, "distance": 834, "driving_time": 801, "preparation_time": 0, "load_before": [0], "load_after": [0]}, {"type": "service", "id": "1302659000_16", "location_id": "1302659000", "address": {"location_id": "1302659000", "lat": 42.31411165, "lon": -71.05318428}, "arr_time": 1676284715, "arr_date_time": "2023-02-13T05:38:35-05:00", "end_time": 1676285015, "end_date_time": "2023-02-13T05:43:35-05:00", "waiting_time": 0, "distance": 848, "driving_time": 815, "preparation_time": 0, "load_before": [0], "load_after": [0]}, {"type": "service", "id": "1302660000_17", "location_id": "1302660000", "address": {"location_id": "1302660000", "lat": 42.31426062, "lon": -71.05314272}, "arr_time": 1676285031, "arr_date_time": "2023-02-13T05:43:51-05:00", "end_time": 1676285331, "end_date_time": "2023-02-13T05:48:51-05:00", "waiting_time": 0, "distance": 865, "driving_time": 831, "preparation_time": 0, "load_before": [0], "load_after": [0]}, {"type": "service", "id": "1302662000_18", "location_id": "1302662000", "address": {"location_id": "1302662000", "lat": 42.31463531, "lon": -71.05304225}, "arr_time": 1676285372, "arr_date_time": "2023-02-13T05:49:32-05:00", "end_time": 1676285672, "end_date_time": "2023-02-13T05:54:32-05:00", "waiting_time": 0, "distance": 907, "driving_time": 872, "preparation_time": 0, "load_before": [0], "load_after": [0]}, {"type": "service", "id": "1302663000_19", "location_id": "1302663000", "address": {"location_id": "1302663000", "lat": 42.31478459, "lon": -71.05300227}, "arr_time": 1676285688, "arr_date_time": "2023-02-13T05:54:48-05:00", "end_time": 1676285988, "end_date_time": "2023-02-13T05:59:48-05:00", "waiting_time": 0, "distance": 924, "driving_time": 888, "preparation_time": 0, "load_before": [0], "load_after": [0]}, {"type": "service", "id": "1302718000_31", "location_id": "1302718000", "address": {"location_id": "1302718000", "lat": 42.31486187, "lon": -71.05335808}, "arr_time": 1676285991, "arr_date_time": "2023-02-13T05:59:51-05:00", "end_time": 1676286291, "end_date_time": "2023-02-13T06:04:51-05:00", "waiting_time": 0, "distance": 926, "driving_time": 891, "preparation_time": 0, "load_before": [0], "load_after": [0]}, {"type": "service", "id": "1302716000_30", "location_id": "1302716000", "address": {"location_id": "1302716000", "lat": 42.315126, "lon": -71.05357552}, "arr_time": 1676286359, "arr_date_time": "2023-02-13T06:05:59-05:00", "end_time": 1676286659, "end_date_time": "2023-02-13T06:10:59-05:00", "waiting_time": 0, "distance": 997, "driving_time": 959, "preparation_time": 0, "load_before": [0], "load_after": [0]}, {"type": "service", "id": "1302794000_42", "location_id": "1302794000", "address": {"location_id": "1302794000", "lat": 42.31531672, "lon": -71.05276481}, "arr_time": 1676286771, "arr_date_time": "2023-02-13T06:12:51-05:00", "end_time": 1676287071, "end_date_time": "2023-02-13T06:17:51-05:00", "waiting_time": 0, "distance": 1114, "driving_time": 1071, "preparation_time": 0, "load_before": [0], "load_after": [0]}, {"type": "service", "id": "1302647000_10", "location_id": "1302647000", "address": {"location_id": "1302647000", "lat": 42.31498787, "lon": -71.05236373}, "arr_time": 1676287104, "arr_date_time": "2023-02-13T06:18:24-05:00", "end_time": 1676287404, "end_date_time": "2023-02-13T06:23:24-05:00", "waiting_time": 0, "distance": 1148, "driving_time": 1104, "preparation_time": 0, "load_before": [0], "load_after": [0]}, {"type": "service", "id": "1302665000_20", "location_id": "1302665000", "address": {"location_id": "1302665000", "lat": 42.31491811, "lon": -71.05274666}, "arr_time": 1676287416, "arr_date_time": "2023-02-13T06:23:36-05:00", "end_time": 1676287716, "end_date_time": "2023-02-13T06:28:36-05:00", "waiting_time": 0, "distance": 1160, "driving_time": 1116, "preparation_time": 0, "load_before": [0], "load_after": [0]}, {"type": "service", "id": "1302646000_09", "location_id": "1302646000", "address": {"location_id": "1302646000", "lat": 42.31486982, "lon": -71.0523764}, "arr_time": 1676287717, "arr_date_time": "2023-02-13T06:28:37-05:00", "end_time": 1676288017, "end_date_time": "2023-02-13T06:33:37-05:00", "waiting_time": 0, "distance": 1161, "driving_time": 1117, "preparation_time": 0, "load_before": [0], "load_after": [0]}, {"type": "service", "id": "1302669000_21", "location_id": "1302669000", "address": {"location_id": "1302669000", "lat": 42.31438528, "lon": -71.05286201}, "arr_time": 1676288073, "arr_date_time": "2023-02-13T06:34:33-05:00", "end_time": 1676288373, "end_date_time": "2023-02-13T06:39:33-05:00", "waiting_time": 0, "distance": 1220, "driving_time": 1173, "preparation_time": 0, "load_before": [0], "load_after": [0]}, {"type": "service", "id": "1302637000_08", "location_id": "1302637000", "address": {"location_id": "1302637000", "lat": 42.31384654, "lon": -71.05254374}, "arr_time": 1676288427, "arr_date_time": "2023-02-13T06:40:27-05:00", "end_time": 1676288727, "end_date_time": "2023-02-13T06:45:27-05:00", "waiting_time": 0, "distance": 1275, "driving_time": 1227, "preparation_time": 0, "load_before": [0], "load_after": [0]}, {"type": "service", "id": "1302674000_22", "location_id": "1302674000", "address": {"location_id": "1302674000", "lat": 42.31383608, "lon": -71.05298938}, "arr_time": 1676288735, "arr_date_time": "2023-02-13T06:45:35-05:00", "end_time": 1676289035, "end_date_time": "2023-02-13T06:50:35-05:00", "waiting_time": 0, "distance": 1283, "driving_time": 1235, "preparation_time": 0, "load_before": [0], "load_after": [0]}, {"type": "service", "id": "1302635000_07", "location_id": "1302635000", "address": {"location_id": "1302635000", "lat": 42.31371029, "lon": -71.05257728}, "arr_time": 1676289041, "arr_date_time": "2023-02-13T06:50:41-05:00", "end_time": 1676289341, "end_date_time": "2023-02-13T06:55:41-05:00", "waiting_time": 0, "distance": 1291, "driving_time": 1241, "preparation_time": 0, "load_before": [0], "load_after": [0]}, {"type": "service", "id": "1302675000_23", "location_id": "1302675000", "address": {"location_id": "1302675000", "lat": 42.31369581, "lon": -71.05302521}, "arr_time": 1676289349, "arr_date_time": "2023-02-13T06:55:49-05:00", "end_time": 1676289649, "end_date_time": "2023-02-13T07:00:49-05:00", "waiting_time": 0, "distance": 1299, "driving_time": 1249, "preparation_time": 0, "load_before": [0], "load_after": [0]}, {"type": "service", "id": "1302631000_06", "location_id": "1302631000", "address": {"location_id": "1302631000", "lat": 42.31322138, "lon": -71.05273515}, "arr_time": 1676289695, "arr_date_time": "2023-02-13T07:01:35-05:00", "end_time": 1676289995, "end_date_time": "2023-02-13T07:06:35-05:00", "waiting_time": 0, "distance": 1346, "driving_time": 1295, "preparation_time": 0, "load_before": [0], "load_after": [0]}, {"type": "service", "id": "1302630000_05", "location_id": "1302630000", "address": {"location_id": "1302630000", "lat": 42.31308607, "lon": -71.05278691}, "arr_time": 1676290009, "arr_date_time": "2023-02-13T07:06:49-05:00", "end_time": 1676290309, "end_date_time": "2023-02-13T07:11:49-05:00", "waiting_time": 0, "distance": 1362, "driving_time": 1309, "preparation_time": 0, "load_before": [0], "load_after": [0]}, {"type": "service", "id": "1302679000_24", "location_id": "1302679000", "address": {"location_id": "1302679000", "lat": 42.3131583, "lon": -71.05319923}, "arr_time": 1676290312, "arr_date_time": "2023-02-13T07:11:52-05:00", "end_time": 1676290612, "end_date_time": "2023-02-13T07:16:52-05:00", "waiting_time": 0, "distance": 1364, "driving_time": 1312, "preparation_time": 0, "load_before": [0], "load_after": [0]}, {"type": "service", "id": "1302629000_04", "location_id": "1302629000", "address": {"location_id": "1302629000", "lat": 42.31295626, "lon": -71.05284093}, "arr_time": 1676290623, "arr_date_time": "2023-02-13T07:17:03-05:00", "end_time": 1676290923, "end_date_time": "2023-02-13T07:22:03-05:00", "waiting_time": 0, "distance": 1376, "driving_time": 1323, "preparation_time": 0, "load_before": [0], "load_after": [0]}, {"type": "service", "id": "1302625000_03", "location_id": "1302625000", "address": {"location_id": "1302625000", "lat": 42.31247892, "lon": -71.05304646}, "arr_time": 1676290976, "arr_date_time": "2023-02-13T07:22:56-05:00", "end_time": 1676291276, "end_date_time": "2023-02-13T07:27:56-05:00", "waiting_time": 0, "distance": 1432, "driving_time": 1376, "preparation_time": 0, "load_before": [0], "load_after": [0]}, {"type": "service", "id": "1302624000_02", "location_id": "1302624000", "address": {"location_id": "1302624000", "lat": 42.31237626, "lon": -71.0530906}, "arr_time": 1676291288, "arr_date_time": "2023-02-13T07:28:08-05:00", "end_time": 1676291588, "end_date_time": "2023-02-13T07:33:08-05:00", "waiting_time": 0, "distance": 1444, "driving_time": 1388, "preparation_time": 0, "load_before": [0], "load_after": [0]}, {"type": "service", "id": "1302621000_01", "location_id": "1302621000", "address": {"location_id": "1302621000", "lat": 42.3119909, "lon": -71.05326511}, "arr_time": 1676291632, "arr_date_time": "2023-02-13T07:33:52-05:00", "end_time": 1676291932, "end_date_time": "2023-02-13T07:38:52-05:00", "waiting_time": 0, "distance": 1489, "driving_time": 1432, "preparation_time": 0, "load_before": [0], "load_after": [0]}, {"type": "service", "id": "1302692000_25", "location_id": "1302692000", "address": {"location_id": "1302692000", "lat": 42.3126414, "lon": -71.05454797}, "arr_time": 1676292156, "arr_date_time": "2023-02-13T07:42:36-05:00", "end_time": 1676292456, "end_date_time": "2023-02-13T07:47:36-05:00", "waiting_time": 0, "distance": 1723, "driving_time": 1656, "preparation_time": 0, "load_before": [0], "load_after": [0]}, {"type": "service", "id": "1302694000_26", "location_id": "1302694000", "address": {"location_id": "1302694000", "lat": 42.31285421, "lon": -71.05441074}, "arr_time": 1676292481, "arr_date_time": "2023-02-13T07:48:01-05:00", "end_time": 1676292781, "end_date_time": "2023-02-13T07:53:01-05:00", "waiting_time": 0, "distance": 1749, "driving_time": 1681, "preparation_time": 0, "load_before": [0], "load_after": [0]}, {"type": "service", "id": "1302779000_41", "location_id": "1302779000", "address": {"location_id": "1302779000", "lat": 42.31303737, "lon": -71.05477466}, "arr_time": 1676292787, "arr_date_time": "2023-02-13T07:53:07-05:00", "end_time": 1676293087, "end_date_time": "2023-02-13T07:58:07-05:00", "waiting_time": 0, "distance": 1755, "driving_time": 1687, "preparation_time": 0, "load_before": [0], "load_after": [0]}, {"type": "service", "id": "1302778000_40", "location_id": "1302778000", "address": {"location_id": "1302778000", "lat": 42.31315077, "lon": -71.05472305}, "arr_time": 1676293101, "arr_date_time": "2023-02-13T07:58:21-05:00", "end_time": 1676293401, "end_date_time": "2023-02-13T08:03:21-05:00", "waiting_time": 0, "distance": 1770, "driving_time": 1701, "preparation_time": 0, "load_before": [0], "load_after": [0]}, {"type": "service", "id": "1302698000_27", "location_id": "1302698000", "address": {"location_id": "1302698000", "lat": 42.31330799, "lon": -71.05417284}, "arr_time": 1676293431, "arr_date_time": "2023-02-13T08:03:51-05:00", "end_time": 1676293731, "end_date_time": "2023-02-13T08:08:51-05:00", "waiting_time": 0, "distance": 1800, "driving_time": 1731, "preparation_time": 0, "load_before": [0], "load_after": [0]}, {"type": "service", "id": "1302775000_39", "location_id": "1302775000", "address": {"location_id": "1302775000", "lat": 42.31347839, "lon": -71.05458487}, "arr_time": 1676293740, "arr_date_time": "2023-02-13T08:09:00-05:00", "end_time": 1676294040, "end_date_time": "2023-02-13T08:14:00-05:00", "waiting_time": 0, "distance": 1809, "driving_time": 1740, "preparation_time": 0, "load_before": [0], "load_after": [0]}, {"type": "service", "id": "1302702000_28", "location_id": "1302702000", "address": {"location_id": "1302702000", "lat": 42.31368051, "lon": -71.05403625}, "arr_time": 1676294072, "arr_date_time": "2023-02-13T08:14:32-05:00", "end_time": 1676294372, "end_date_time": "2023-02-13T08:19:32-05:00", "waiting_time": 0, "distance": 1842, "driving_time": 1772, "preparation_time": 0, "load_before": [0], "load_after": [0]}, {"type": "service", "id": "1302705000_29", "location_id": "1302705000", "address": {"location_id": "1302705000", "lat": 42.31394943, "lon": -71.05394738}, "arr_time": 1676294401, "arr_date_time": "2023-02-13T08:20:01-05:00", "end_time": 1676294701, "end_date_time": "2023-02-13T08:25:01-05:00", "waiting_time": 0, "distance": 1873, "driving_time": 1801, "preparation_time": 0, "load_before": [0], "load_after": [0]}]}], "unassigned": {"services": [], "shipments": [], "breaks": [], "details": []}}}