{"copyrights": ["GraphHopper", "OpenStreetMap contributors"], "job_id": "93700be8-7370-43f4-97a5-fca0bde97060", "status": "finished", "waiting_time_in_queue": 0, "processing_time": 107, "solution": {"costs": 318, "distance": 1237, "time": 1185, "transport_time": 1185, "completion_time": 14685, "max_operation_time": 14685, "waiting_time": 0, "service_duration": 13500, "preparation_time": 0, "no_vehicles": 1, "no_unassigned": 0, "routes": [{"vehicle_id": "my_vehicle", "shift_id": "default-shift", "distance": 1237, "transport_time": 1185, "completion_time": 14685, "waiting_time": 0, "service_duration": 13500, "preparation_time": 0, "activities": [{"type": "start", "location_id": "1604705000", "address": {"location_id": "1604705000", "lat": 42.28251985, "lon": -71.05419963}, "arr_time": 1676278800, "arr_date_time": "2023-02-13T04:00:00-05:00", "end_time": 1676278800, "end_date_time": "2023-02-13T04:00:00-05:00", "waiting_time": 0, "distance": 0, "driving_time": 0, "preparation_time": 0, "load_after": [0]}, {"type": "service", "id": "1604667000_12", "location_id": "1604667000", "address": {"location_id": "1604667000", "lat": 42.28242587, "lon": -71.05376235}, "arr_time": 1676278820, "arr_date_time": "2023-02-13T04:00:20-05:00", "end_time": 1676279120, "end_date_time": "2023-02-13T04:05:20-05:00", "waiting_time": 0, "distance": 21, "driving_time": 20, "preparation_time": 0, "load_before": [0], "load_after": [0]}, {"type": "service", "id": "1604707000_28", "location_id": "1604707000", "address": {"location_id": "1604707000", "lat": 42.28227339, "lon": -71.05417865}, "arr_time": 1676279125, "arr_date_time": "2023-02-13T04:05:25-05:00", "end_time": 1676279425, "end_date_time": "2023-02-13T04:10:25-05:00", "waiting_time": 0, "distance": 27, "driving_time": 25, "preparation_time": 0, "load_before": [0], "load_after": [0]}, {"type": "service", "id": "1604664000_10", "location_id": "1604664000", "address": {"location_id": "1604664000", "lat": 42.28207831, "lon": -71.05360958}, "arr_time": 1676279459, "arr_date_time": "2023-02-13T04:10:59-05:00", "end_time": 1676279759, "end_date_time": "2023-02-13T04:15:59-05:00", "waiting_time": 0, "distance": 62, "driving_time": 59, "preparation_time": 0, "load_before": [0], "load_after": [0]}, {"type": "service", "id": "1604663000_09", "location_id": "1604663000", "address": {"location_id": "1604663000", "lat": 42.28195654, "lon": -71.05355604}, "arr_time": 1676279772, "arr_date_time": "2023-02-13T04:16:12-05:00", "end_time": 1676280072, "end_date_time": "2023-02-13T04:21:12-05:00", "waiting_time": 0, "distance": 76, "driving_time": 72, "preparation_time": 0, "load_before": [0], "load_after": [0]}, {"type": "service", "id": "1604712000_30", "location_id": "1604712000", "address": {"location_id": "1604712000", "lat": 42.2817525, "lon": -71.05395211}, "arr_time": 1676280083, "arr_date_time": "2023-02-13T04:21:23-05:00", "end_time": 1676280383, "end_date_time": "2023-02-13T04:26:23-05:00", "waiting_time": 0, "distance": 87, "driving_time": 83, "preparation_time": 0, "load_before": [0], "load_after": [0]}, {"type": "service", "id": "1604662000_08", "location_id": "1604662000", "address": {"location_id": "1604662000", "lat": 42.28183917, "lon": -71.05350444}, "arr_time": 1676280385, "arr_date_time": "2023-02-13T04:26:25-05:00", "end_time": 1676280685, "end_date_time": "2023-02-13T04:31:25-05:00", "waiting_time": 0, "distance": 89, "driving_time": 85, "preparation_time": 0, "load_before": [0], "load_after": [0]}, {"type": "service", "id": "1604713000_31", "location_id": "1604713000", "address": {"location_id": "1604713000", "lat": 42.28164903, "lon": -71.0539064}, "arr_time": 1676280695, "arr_date_time": "2023-02-13T04:31:35-05:00", "end_time": 1676280995, "end_date_time": "2023-02-13T04:36:35-05:00", "waiting_time": 0, "distance": 99, "driving_time": 95, "preparation_time": 0, "load_before": [0], "load_after": [0]}, {"type": "service", "id": "1604714000_32", "location_id": "1604714000", "address": {"location_id": "1604714000", "lat": 42.28154386, "lon": -71.05386007}, "arr_time": 1676281007, "arr_date_time": "2023-02-13T04:36:47-05:00", "end_time": 1676281307, "end_date_time": "2023-02-13T04:41:47-05:00", "waiting_time": 0, "distance": 111, "driving_time": 107, "preparation_time": 0, "load_before": [0], "load_after": [0]}, {"type": "service", "id": "1604660000_06", "location_id": "1604660000", "address": {"location_id": "1604660000", "lat": 42.28160834, "lon": -71.05340292}, "arr_time": 1676281311, "arr_date_time": "2023-02-13T04:41:51-05:00", "end_time": 1676281611, "end_date_time": "2023-02-13T04:46:51-05:00", "waiting_time": 0, "distance": 116, "driving_time": 111, "preparation_time": 0, "load_before": [0], "load_after": [0]}, {"type": "service", "id": "1604659000_05", "location_id": "1604659000", "address": {"location_id": "1604659000", "lat": 42.28149114, "lon": -71.05335136}, "arr_time": 1676281624, "arr_date_time": "2023-02-13T04:47:04-05:00", "end_time": 1676281924, "end_date_time": "2023-02-13T04:52:04-05:00", "waiting_time": 0, "distance": 130, "driving_time": 124, "preparation_time": 0, "load_before": [0], "load_after": [0]}, {"type": "service", "id": "1604658000_04", "location_id": "1604658000", "address": {"location_id": "1604658000", "lat": 42.28137233, "lon": -71.05329911}, "arr_time": 1676281937, "arr_date_time": "2023-02-13T04:52:17-05:00", "end_time": 1676282237, "end_date_time": "2023-02-13T04:57:17-05:00", "waiting_time": 0, "distance": 144, "driving_time": 137, "preparation_time": 0, "load_before": [0], "load_after": [0]}, {"type": "service", "id": "1604717000_33", "location_id": "1604717000", "address": {"location_id": "1604717000", "lat": 42.2812278, "lon": -71.05372071}, "arr_time": 1676282241, "arr_date_time": "2023-02-13T04:57:21-05:00", "end_time": 1676282541, "end_date_time": "2023-02-13T05:02:21-05:00", "waiting_time": 0, "distance": 149, "driving_time": 141, "preparation_time": 0, "load_before": [0], "load_after": [0]}, {"type": "service", "id": "1604657000_03", "location_id": "1604657000", "address": {"location_id": "1604657000", "lat": 42.28125149, "lon": -71.05324596}, "arr_time": 1676282551, "arr_date_time": "2023-02-13T05:02:31-05:00", "end_time": 1676282851, "end_date_time": "2023-02-13T05:07:31-05:00", "waiting_time": 0, "distance": 159, "driving_time": 151, "preparation_time": 0, "load_before": [0], "load_after": [0]}, {"type": "service", "id": "1604656000_02", "location_id": "1604656000", "address": {"location_id": "1604656000", "lat": 42.28112946, "lon": -71.05319228}, "arr_time": 1676282864, "arr_date_time": "2023-02-13T05:07:44-05:00", "end_time": 1676283164, "end_date_time": "2023-02-13T05:12:44-05:00", "waiting_time": 0, "distance": 173, "driving_time": 164, "preparation_time": 0, "load_before": [0], "load_after": [0]}, {"type": "service", "id": "1604719000_34", "location_id": "1604719000", "address": {"location_id": "1604719000", "lat": 42.28102501, "lon": -71.05363129}, "arr_time": 1676283164, "arr_date_time": "2023-02-13T05:12:44-05:00", "end_time": 1676283464, "end_date_time": "2023-02-13T05:17:44-05:00", "waiting_time": 0, "distance": 173, "driving_time": 164, "preparation_time": 0, "load_before": [0], "load_after": [0]}, {"type": "service", "id": "1604661000_07", "location_id": "1604661000", "address": {"location_id": "1604661000", "lat": 42.28172467, "lon": -71.05345408}, "arr_time": 1676283531, "arr_date_time": "2023-02-13T05:18:51-05:00", "end_time": 1676283831, "end_date_time": "2023-02-13T05:23:51-05:00", "waiting_time": 0, "distance": 242, "driving_time": 231, "preparation_time": 0, "load_before": [0], "load_after": [0]}, {"type": "service", "id": "1604710000_29", "location_id": "1604710000", "address": {"location_id": "1604710000", "lat": 42.28196544, "lon": -71.05404489}, "arr_time": 1676283869, "arr_date_time": "2023-02-13T05:24:29-05:00", "end_time": 1676284169, "end_date_time": "2023-02-13T05:29:29-05:00", "waiting_time": 0, "distance": 283, "driving_time": 269, "preparation_time": 0, "load_before": [0], "load_after": [0]}, {"type": "service", "id": "1604666000_11", "location_id": "1604666000", "address": {"location_id": "1604666000", "lat": 42.28231249, "lon": -71.05371251}, "arr_time": 1676284196, "arr_date_time": "2023-02-13T05:29:56-05:00", "end_time": 1676284496, "end_date_time": "2023-02-13T05:34:56-05:00", "waiting_time": 0, "distance": 311, "driving_time": 296, "preparation_time": 0, "load_before": [0], "load_after": [0]}, {"type": "service", "id": "1604672000_13", "location_id": "1604672000", "address": {"location_id": "1604672000", "lat": 42.28249084, "lon": -71.05347818}, "arr_time": 1676284655, "arr_date_time": "2023-02-13T05:37:35-05:00", "end_time": 1676284955, "end_date_time": "2023-02-13T05:42:35-05:00", "waiting_time": 0, "distance": 476, "driving_time": 455, "preparation_time": 0, "load_before": [0], "load_after": [0]}, {"type": "service", "id": "1604673000_14", "location_id": "1604673000", "address": {"location_id": "1604673000", "lat": 42.28237672, "lon": -71.05342837}, "arr_time": 1676284968, "arr_date_time": "2023-02-13T05:42:48-05:00", "end_time": 1676285268, "end_date_time": "2023-02-13T05:47:48-05:00", "waiting_time": 0, "distance": 489, "driving_time": 468, "preparation_time": 0, "load_before": [0], "load_after": [0]}, {"type": "service", "id": "1604674000_15", "location_id": "1604674000", "address": {"location_id": "1604674000", "lat": 42.28226127, "lon": -71.053378}, "arr_time": 1676285281, "arr_date_time": "2023-02-13T05:48:01-05:00", "end_time": 1676285581, "end_date_time": "2023-02-13T05:53:01-05:00", "waiting_time": 0, "distance": 502, "driving_time": 481, "preparation_time": 0, "load_before": [0], "load_after": [0]}, {"type": "service", "id": "1604675000_16", "location_id": "1604675000", "address": {"location_id": "1604675000", "lat": 42.2821461, "lon": -71.05332773}, "arr_time": 1676285595, "arr_date_time": "2023-02-13T05:53:15-05:00", "end_time": 1676285895, "end_date_time": "2023-02-13T05:58:15-05:00", "waiting_time": 0, "distance": 516, "driving_time": 495, "preparation_time": 0, "load_before": [0], "load_after": [0]}, {"type": "service", "id": "1604678000_17", "location_id": "1604678000", "address": {"location_id": "1604678000", "lat": 42.28179059, "lon": -71.05317256}, "arr_time": 1676285935, "arr_date_time": "2023-02-13T05:58:55-05:00", "end_time": 1676286235, "end_date_time": "2023-02-13T06:03:55-05:00", "waiting_time": 0, "distance": 558, "driving_time": 535, "preparation_time": 0, "load_before": [0], "load_after": [0]}, {"type": "service", "id": "1604679000_18", "location_id": "1604679000", "address": {"location_id": "1604679000", "lat": 42.28167471, "lon": -71.05312196}, "arr_time": 1676286248, "arr_date_time": "2023-02-13T06:04:08-05:00", "end_time": 1676286548, "end_date_time": "2023-02-13T06:09:08-05:00", "waiting_time": 0, "distance": 572, "driving_time": 548, "preparation_time": 0, "load_before": [0], "load_after": [0]}, {"type": "service", "id": "1604684000_19", "location_id": "1604684000", "address": {"location_id": "1604684000", "lat": 42.28102524, "lon": -71.05275707}, "arr_time": 1676286623, "arr_date_time": "2023-02-13T06:10:23-05:00", "end_time": 1676286923, "end_date_time": "2023-02-13T06:15:23-05:00", "waiting_time": 0, "distance": 650, "driving_time": 623, "preparation_time": 0, "load_before": [0], "load_after": [0]}, {"type": "service", "id": "1604686000_20", "location_id": "1604686000", "address": {"location_id": "1604686000", "lat": 42.28095785, "lon": -71.05304318}, "arr_time": 1676286977, "arr_date_time": "2023-02-13T06:16:17-05:00", "end_time": 1676287277, "end_date_time": "2023-02-13T06:21:17-05:00", "waiting_time": 0, "distance": 707, "driving_time": 677, "preparation_time": 0, "load_before": [0], "load_after": [0]}, {"type": "service", "id": "1604655000_01", "location_id": "1604655000", "address": {"location_id": "1604655000", "lat": 42.28092502, "lon": -71.05318024}, "arr_time": 1676287320, "arr_date_time": "2023-02-13T06:22:00-05:00", "end_time": 1676287620, "end_date_time": "2023-02-13T06:27:00-05:00", "waiting_time": 0, "distance": 752, "driving_time": 720, "preparation_time": 0, "load_before": [0], "load_after": [0]}, {"type": "service", "id": "1604721000_35", "location_id": "1604721000", "address": {"location_id": "1604721000", "lat": 42.28081946, "lon": -71.05364149}, "arr_time": 1676287667, "arr_date_time": "2023-02-13T06:27:47-05:00", "end_time": 1676287967, "end_date_time": "2023-02-13T06:32:47-05:00", "waiting_time": 0, "distance": 800, "driving_time": 767, "preparation_time": 0, "load_before": [0], "load_after": [0]}, {"type": "service", "id": "1604752000_45", "location_id": "1604752000", "address": {"location_id": "1604752000", "lat": 42.28066635, "lon": -71.05438398}, "arr_time": 1676288028, "arr_date_time": "2023-02-13T06:33:48-05:00", "end_time": 1676288328, "end_date_time": "2023-02-13T06:38:48-05:00", "waiting_time": 0, "distance": 863, "driving_time": 828, "preparation_time": 0, "load_before": [0], "load_after": [0]}, {"type": "service", "id": "1604749000_44", "location_id": "1604749000", "address": {"location_id": "1604749000", "lat": 42.28096718, "lon": -71.05440022}, "arr_time": 1676288359, "arr_date_time": "2023-02-13T06:39:19-05:00", "end_time": 1676288659, "end_date_time": "2023-02-13T06:44:19-05:00", "waiting_time": 0, "distance": 895, "driving_time": 859, "preparation_time": 0, "load_before": [0], "load_after": [0]}, {"type": "service", "id": "1604748000_43", "location_id": "1604748000", "address": {"location_id": "1604748000", "lat": 42.28109779, "lon": -71.05445728}, "arr_time": 1676288673, "arr_date_time": "2023-02-13T06:44:33-05:00", "end_time": 1676288973, "end_date_time": "2023-02-13T06:49:33-05:00", "waiting_time": 0, "distance": 910, "driving_time": 873, "preparation_time": 0, "load_before": [0], "load_after": [0]}, {"type": "service", "id": "1604693000_21", "location_id": "1604693000", "address": {"location_id": "1604693000", "lat": 42.28146974, "lon": -71.05417599}, "arr_time": 1676289004, "arr_date_time": "2023-02-13T06:50:04-05:00", "end_time": 1676289304, "end_date_time": "2023-02-13T06:55:04-05:00", "waiting_time": 0, "distance": 942, "driving_time": 904, "preparation_time": 0, "load_before": [0], "load_after": [0]}, {"type": "service", "id": "1604745000_42", "location_id": "1604745000", "address": {"location_id": "1604745000", "lat": 42.2814689, "lon": -71.05466039}, "arr_time": 1676289316, "arr_date_time": "2023-02-13T06:55:16-05:00", "end_time": 1676289616, "end_date_time": "2023-02-13T07:00:16-05:00", "waiting_time": 0, "distance": 954, "driving_time": 916, "preparation_time": 0, "load_before": [0], "load_after": [0]}, {"type": "service", "id": "1604744000_41", "location_id": "1604744000", "address": {"location_id": "1604744000", "lat": 42.28155789, "lon": -71.05474791}, "arr_time": 1676289627, "arr_date_time": "2023-02-13T07:00:27-05:00", "end_time": 1676289927, "end_date_time": "2023-02-13T07:05:27-05:00", "waiting_time": 0, "distance": 966, "driving_time": 927, "preparation_time": 0, "load_before": [0], "load_after": [0]}, {"type": "service", "id": "1604695000_22", "location_id": "1604695000", "address": {"location_id": "1604695000", "lat": 42.28167793, "lon": -71.05426792}, "arr_time": 1676289927, "arr_date_time": "2023-02-13T07:05:27-05:00", "end_time": 1676290227, "end_date_time": "2023-02-13T07:10:27-05:00", "waiting_time": 0, "distance": 967, "driving_time": 927, "preparation_time": 0, "load_before": [0], "load_after": [0]}, {"type": "service", "id": "1604743000_40", "location_id": "1604743000", "address": {"location_id": "1604743000", "lat": 42.28166786, "lon": -71.05478138}, "arr_time": 1676290239, "arr_date_time": "2023-02-13T07:10:39-05:00", "end_time": 1676290539, "end_date_time": "2023-02-13T07:15:39-05:00", "waiting_time": 0, "distance": 979, "driving_time": 939, "preparation_time": 0, "load_before": [0], "load_after": [0]}, {"type": "service", "id": "1604696000_23", "location_id": "1604696000", "address": {"location_id": "1604696000", "lat": 42.28178725, "lon": -71.05431602}, "arr_time": 1676290540, "arr_date_time": "2023-02-13T07:15:40-05:00", "end_time": 1676290840, "end_date_time": "2023-02-13T07:20:40-05:00", "waiting_time": 0, "distance": 980, "driving_time": 940, "preparation_time": 0, "load_before": [0], "load_after": [0]}, {"type": "service", "id": "1604742000_39", "location_id": "1604742000", "address": {"location_id": "1604742000", "lat": 42.28177761, "lon": -71.05481514}, "arr_time": 1676290851, "arr_date_time": "2023-02-13T07:20:51-05:00", "end_time": 1676291151, "end_date_time": "2023-02-13T07:25:51-05:00", "waiting_time": 0, "distance": 992, "driving_time": 951, "preparation_time": 0, "load_before": [0], "load_after": [0]}, {"type": "service", "id": "1604698000_24", "location_id": "1604698000", "address": {"location_id": "1604698000", "lat": 42.28199776, "lon": -71.05440883}, "arr_time": 1676291163, "arr_date_time": "2023-02-13T07:26:03-05:00", "end_time": 1676291463, "end_date_time": "2023-02-13T07:31:03-05:00", "waiting_time": 0, "distance": 1005, "driving_time": 963, "preparation_time": 0, "load_before": [0], "load_after": [0]}, {"type": "service", "id": "1604741000_38", "location_id": "1604741000", "address": {"location_id": "1604741000", "lat": 42.28188568, "lon": -71.05484844}, "arr_time": 1676291464, "arr_date_time": "2023-02-13T07:31:04-05:00", "end_time": 1676291764, "end_date_time": "2023-02-13T07:36:04-05:00", "waiting_time": 0, "distance": 1006, "driving_time": 964, "preparation_time": 0, "load_before": [0], "load_after": [0]}, {"type": "service", "id": "1604699000_25", "location_id": "1604699000", "address": {"location_id": "1604699000", "lat": 42.28209888, "lon": -71.05445278}, "arr_time": 1676291776, "arr_date_time": "2023-02-13T07:36:16-05:00", "end_time": 1676292076, "end_date_time": "2023-02-13T07:41:16-05:00", "waiting_time": 0, "distance": 1019, "driving_time": 976, "preparation_time": 0, "load_before": [0], "load_after": [0]}, {"type": "service", "id": "1604700000_26", "location_id": "1604700000", "address": {"location_id": "1604700000", "lat": 42.2822016, "lon": -71.05449641}, "arr_time": 1676292088, "arr_date_time": "2023-02-13T07:41:28-05:00", "end_time": 1676292388, "end_date_time": "2023-02-13T07:46:28-05:00", "waiting_time": 0, "distance": 1031, "driving_time": 988, "preparation_time": 0, "load_before": [0], "load_after": [0]}, {"type": "service", "id": "1604701000_27", "location_id": "1604701000", "address": {"location_id": "1604701000", "lat": 42.28230807, "lon": -71.0545425}, "arr_time": 1676292400, "arr_date_time": "2023-02-13T07:46:40-05:00", "end_time": 1676292700, "end_date_time": "2023-02-13T07:51:40-05:00", "waiting_time": 0, "distance": 1043, "driving_time": 1000, "preparation_time": 0, "load_before": [0], "load_after": [0]}, {"type": "service", "id": "1604739000_37", "location_id": "1604739000", "address": {"location_id": "1604739000", "lat": 42.28212835, "lon": -71.05492325}, "arr_time": 1676292804, "arr_date_time": "2023-02-13T07:53:24-05:00", "end_time": 1676293104, "end_date_time": "2023-02-13T07:58:24-05:00", "waiting_time": 0, "distance": 1152, "driving_time": 1104, "preparation_time": 0, "load_before": [0], "load_after": [0]}, {"type": "service", "id": "1604732000_36", "location_id": "1604732000", "address": {"location_id": "1604732000", "lat": 42.28183286, "lon": -71.05514312}, "arr_time": 1676293185, "arr_date_time": "2023-02-13T07:59:45-05:00", "end_time": 1676293485, "end_date_time": "2023-02-13T08:04:45-05:00", "waiting_time": 0, "distance": 1237, "driving_time": 1185, "preparation_time": 0, "load_before": [0], "load_after": [0]}]}], "unassigned": {"services": [], "shipments": [], "breaks": [], "details": []}}}