{"copyrights": ["GraphHopper", "OpenStreetMap contributors"], "job_id": "c4b44636-3e8c-4f67-a756-77482b86a836", "status": "finished", "waiting_time_in_queue": 0, "processing_time": 137, "solution": {"costs": 326, "distance": 1985, "time": 1913, "transport_time": 1913, "completion_time": 15713, "max_operation_time": 15713, "waiting_time": 0, "service_duration": 13800, "preparation_time": 0, "no_vehicles": 1, "no_unassigned": 0, "routes": [{"vehicle_id": "my_vehicle", "shift_id": "default-shift", "distance": 1985, "transport_time": 1913, "completion_time": 15713, "waiting_time": 0, "service_duration": 13800, "preparation_time": 0, "activities": [{"type": "start", "location_id": "1405091000", "address": {"location_id": "1405091000", "lat": 42.27928828, "lon": -71.09416132}, "arr_time": 1676278800, "arr_date_time": "2023-02-13T04:00:00-05:00", "end_time": 1676278800, "end_date_time": "2023-02-13T04:00:00-05:00", "waiting_time": 0, "distance": 0, "driving_time": 0, "preparation_time": 0, "load_after": [0]}, {"type": "service", "id": "1405090000_01", "location_id": "1405090000", "address": {"location_id": "1405090000", "lat": 42.27919365, "lon": -71.09402914}, "arr_time": 1676278815, "arr_date_time": "2023-02-13T04:00:15-05:00", "end_time": 1676279115, "end_date_time": "2023-02-13T04:05:15-05:00", "waiting_time": 0, "distance": 15, "driving_time": 15, "preparation_time": 0, "load_before": [0], "load_after": [0]}, {"type": "service", "id": "1405174000_02", "location_id": "1405174000", "address": {"location_id": "1405174000", "lat": 42.27870809, "lon": -71.09504768}, "arr_time": 1676279212, "arr_date_time": "2023-02-13T04:06:52-05:00", "end_time": 1676279512, "end_date_time": "2023-02-13T04:11:52-05:00", "waiting_time": 0, "distance": 116, "driving_time": 112, "preparation_time": 0, "load_before": [0], "load_after": [0]}, {"type": "service", "id": "1803175000_46", "location_id": "1803175000", "address": {"location_id": "1803175000", "lat": 42.27797218, "lon": -71.09497486}, "arr_time": 1676279611, "arr_date_time": "2023-02-13T04:13:31-05:00", "end_time": 1676279911, "end_date_time": "2023-02-13T04:18:31-05:00", "waiting_time": 0, "distance": 218, "driving_time": 211, "preparation_time": 0, "load_before": [0], "load_after": [0]}, {"type": "service", "id": "1405191000_05", "location_id": "1405191000", "address": {"location_id": "1405191000", "lat": 42.27820232, "lon": -71.09445493}, "arr_time": 1676279923, "arr_date_time": "2023-02-13T04:18:43-05:00", "end_time": 1676280223, "end_date_time": "2023-02-13T04:23:43-05:00", "waiting_time": 0, "distance": 231, "driving_time": 223, "preparation_time": 0, "load_before": [0], "load_after": [0]}, {"type": "service", "id": "1405190000_04", "location_id": "1405190000", "address": {"location_id": "1405190000", "lat": 42.27809161, "lon": -71.09430229}, "arr_time": 1676280240, "arr_date_time": "2023-02-13T04:24:00-05:00", "end_time": 1676280540, "end_date_time": "2023-02-13T04:29:00-05:00", "waiting_time": 0, "distance": 249, "driving_time": 240, "preparation_time": 0, "load_before": [0], "load_after": [0]}, {"type": "service", "id": "1405189000_03", "location_id": "1405189000", "address": {"location_id": "1405189000", "lat": 42.27798088, "lon": -71.09419138}, "arr_time": 1676280555, "arr_date_time": "2023-02-13T04:29:15-05:00", "end_time": 1676280855, "end_date_time": "2023-02-13T04:34:15-05:00", "waiting_time": 0, "distance": 264, "driving_time": 255, "preparation_time": 0, "load_before": [0], "load_after": [0]}, {"type": "service", "id": "1803154010_38", "location_id": "1803154010", "address": {"location_id": "1803154010", "lat": 42.27679781, "lon": -71.09438313}, "arr_time": 1676281105, "arr_date_time": "2023-02-13T04:38:25-05:00", "end_time": 1676281405, "end_date_time": "2023-02-13T04:43:25-05:00", "waiting_time": 0, "distance": 525, "driving_time": 505, "preparation_time": 0, "load_before": [0], "load_after": [0]}, {"type": "service", "id": "1803159000_39", "location_id": "1803159000", "address": {"location_id": "1803159000", "lat": 42.27714927, "lon": -71.09425994}, "arr_time": 1676281425, "arr_date_time": "2023-02-13T04:43:45-05:00", "end_time": 1676281725, "end_date_time": "2023-02-13T04:48:45-05:00", "waiting_time": 0, "distance": 545, "driving_time": 525, "preparation_time": 0, "load_before": [0], "load_after": [0]}, {"type": "service", "id": "1803152000_37", "location_id": "1803152000", "address": {"location_id": "1803152000", "lat": 42.27693363, "lon": -71.09459562}, "arr_time": 1676281728, "arr_date_time": "2023-02-13T04:48:48-05:00", "end_time": 1676282028, "end_date_time": "2023-02-13T04:53:48-05:00", "waiting_time": 0, "distance": 548, "driving_time": 528, "preparation_time": 0, "load_before": [0], "load_after": [0]}, {"type": "service", "id": "1803149000_36", "location_id": "1803149000", "address": {"location_id": "1803149000", "lat": 42.27720541, "lon": -71.09500062}, "arr_time": 1676282071, "arr_date_time": "2023-02-13T04:54:31-05:00", "end_time": 1676282371, "end_date_time": "2023-02-13T04:59:31-05:00", "waiting_time": 0, "distance": 593, "driving_time": 571, "preparation_time": 0, "load_before": [0], "load_after": [0]}, {"type": "service", "id": "1803163000_40", "location_id": "1803163000", "address": {"location_id": "1803163000", "lat": 42.27753308, "lon": -71.09479257}, "arr_time": 1676282384, "arr_date_time": "2023-02-13T04:59:44-05:00", "end_time": 1676282684, "end_date_time": "2023-02-13T05:04:44-05:00", "waiting_time": 0, "distance": 606, "driving_time": 584, "preparation_time": 0, "load_before": [0], "load_after": [0]}, {"type": "service", "id": "1803164000_41", "location_id": "1803164000", "address": {"location_id": "1803164000", "lat": 42.2776286, "lon": -71.09492502}, "arr_time": 1676282699, "arr_date_time": "2023-02-13T05:04:59-05:00", "end_time": 1676282999, "end_date_time": "2023-02-13T05:09:59-05:00", "waiting_time": 0, "distance": 621, "driving_time": 599, "preparation_time": 0, "load_before": [0], "load_after": [0]}, {"type": "service", "id": "1803166000_42", "location_id": "1803166000", "address": {"location_id": "1803166000", "lat": 42.27781955, "lon": -71.09518994}, "arr_time": 1676283028, "arr_date_time": "2023-02-13T05:10:28-05:00", "end_time": 1676283328, "end_date_time": "2023-02-13T05:15:28-05:00", "waiting_time": 0, "distance": 651, "driving_time": 628, "preparation_time": 0, "load_before": [0], "load_after": [0]}, {"type": "service", "id": "1803145000_35", "location_id": "1803145000", "address": {"location_id": "1803145000", "lat": 42.27758479, "lon": -71.09554285}, "arr_time": 1676283331, "arr_date_time": "2023-02-13T05:15:31-05:00", "end_time": 1676283631, "end_date_time": "2023-02-13T05:20:31-05:00", "waiting_time": 0, "distance": 653, "driving_time": 631, "preparation_time": 0, "load_before": [0], "load_after": [0]}, {"type": "service", "id": "1803167000_43", "location_id": "1803167000", "address": {"location_id": "1803167000", "lat": 42.27791043, "lon": -71.09531555}, "arr_time": 1676283643, "arr_date_time": "2023-02-13T05:20:43-05:00", "end_time": 1676283943, "end_date_time": "2023-02-13T05:25:43-05:00", "waiting_time": 0, "distance": 665, "driving_time": 643, "preparation_time": 0, "load_before": [0], "load_after": [0]}, {"type": "service", "id": "1803144000_34", "location_id": "1803144000", "address": {"location_id": "1803144000", "lat": 42.27767452, "lon": -71.09567116}, "arr_time": 1676283945, "arr_date_time": "2023-02-13T05:25:45-05:00", "end_time": 1676284245, "end_date_time": "2023-02-13T05:30:45-05:00", "waiting_time": 0, "distance": 667, "driving_time": 645, "preparation_time": 0, "load_before": [0], "load_after": [0]}, {"type": "service", "id": "1803168000_44", "location_id": "1803168000", "address": {"location_id": "1803168000", "lat": 42.2780074, "lon": -71.09544922}, "arr_time": 1676284257, "arr_date_time": "2023-02-13T05:30:57-05:00", "end_time": 1676284557, "end_date_time": "2023-02-13T05:35:57-05:00", "waiting_time": 0, "distance": 680, "driving_time": 657, "preparation_time": 0, "load_before": [0], "load_after": [0]}, {"type": "service", "id": "1803143000_33", "location_id": "1803143000", "address": {"location_id": "1803143000", "lat": 42.27777024, "lon": -71.09580675}, "arr_time": 1676284560, "arr_date_time": "2023-02-13T05:36:00-05:00", "end_time": 1676284860, "end_date_time": "2023-02-13T05:41:00-05:00", "waiting_time": 0, "distance": 682, "driving_time": 660, "preparation_time": 0, "load_before": [0], "load_after": [0]}, {"type": "service", "id": "1803169000_45", "location_id": "1803169000", "address": {"location_id": "1803169000", "lat": 42.27810089, "lon": -71.09557988}, "arr_time": 1676284872, "arr_date_time": "2023-02-13T05:41:12-05:00", "end_time": 1676285172, "end_date_time": "2023-02-13T05:46:12-05:00", "waiting_time": 0, "distance": 695, "driving_time": 672, "preparation_time": 0, "load_before": [0], "load_after": [0]}, {"type": "service", "id": "1803111000_25", "location_id": "1803111000", "address": {"location_id": "1803111000", "lat": 42.27734061, "lon": -71.09661391}, "arr_time": 1676285312, "arr_date_time": "2023-02-13T05:48:32-05:00", "end_time": 1676285612, "end_date_time": "2023-02-13T05:53:32-05:00", "waiting_time": 0, "distance": 840, "driving_time": 812, "preparation_time": 0, "load_before": [0], "load_after": [0]}, {"type": "service", "id": "1803140000_32", "location_id": "1803140000", "address": {"location_id": "1803140000", "lat": 42.27763699, "lon": -71.09625116}, "arr_time": 1676285619, "arr_date_time": "2023-02-13T05:53:39-05:00", "end_time": 1676285919, "end_date_time": "2023-02-13T05:58:39-05:00", "waiting_time": 0, "distance": 846, "driving_time": 819, "preparation_time": 0, "load_before": [0], "load_after": [0]}, {"type": "service", "id": "1803138000_31", "location_id": "1803138000", "address": {"location_id": "1803138000", "lat": 42.27746632, "lon": -71.09597203}, "arr_time": 1676285947, "arr_date_time": "2023-02-13T05:59:07-05:00", "end_time": 1676286247, "end_date_time": "2023-02-13T06:04:07-05:00", "waiting_time": 0, "distance": 876, "driving_time": 847, "preparation_time": 0, "load_before": [0], "load_after": [0]}, {"type": "service", "id": "1803114000_26", "location_id": "1803114000", "address": {"location_id": "1803114000", "lat": 42.27707434, "lon": -71.09609533}, "arr_time": 1676286261, "arr_date_time": "2023-02-13T06:04:21-05:00", "end_time": 1676286561, "end_date_time": "2023-02-13T06:09:21-05:00", "waiting_time": 0, "distance": 892, "driving_time": 861, "preparation_time": 0, "load_before": [0], "load_after": [0]}, {"type": "service", "id": "1803119000_27", "location_id": "1803119000", "address": {"location_id": "1803119000", "lat": 42.27668356, "lon": -71.09533872}, "arr_time": 1676286635, "arr_date_time": "2023-02-13T06:10:35-05:00", "end_time": 1676286935, "end_date_time": "2023-02-13T06:15:35-05:00", "waiting_time": 0, "distance": 968, "driving_time": 935, "preparation_time": 0, "load_before": [0], "load_after": [0]}, {"type": "service", "id": "1803120000_28", "location_id": "1803120000", "address": {"location_id": "1803120000", "lat": 42.2765969, "lon": -71.0951721}, "arr_time": 1676286951, "arr_date_time": "2023-02-13T06:15:51-05:00", "end_time": 1676287251, "end_date_time": "2023-02-13T06:20:51-05:00", "waiting_time": 0, "distance": 985, "driving_time": 951, "preparation_time": 0, "load_before": [0], "load_after": [0]}, {"type": "service", "id": "1803121000_29", "location_id": "1803121000", "address": {"location_id": "1803121000", "lat": 42.27653082, "lon": -71.09504127}, "arr_time": 1676287263, "arr_date_time": "2023-02-13T06:21:03-05:00", "end_time": 1676287563, "end_date_time": "2023-02-13T06:26:03-05:00", "waiting_time": 0, "distance": 998, "driving_time": 963, "preparation_time": 0, "load_before": [0], "load_after": [0]}, {"type": "service", "id": "1803123000_30", "location_id": "1803123000", "address": {"location_id": "1803123000", "lat": 42.27637196, "lon": -71.09473593}, "arr_time": 1676287591, "arr_date_time": "2023-02-13T06:26:31-05:00", "end_time": 1676287891, "end_date_time": "2023-02-13T06:31:31-05:00", "waiting_time": 0, "distance": 1027, "driving_time": 991, "preparation_time": 0, "load_before": [0], "load_after": [0]}, {"type": "service", "id": "1803023000_16", "location_id": "1803023000", "address": {"location_id": "1803023000", "lat": 42.2753706, "lon": -71.09442824}, "arr_time": 1676288157, "arr_date_time": "2023-02-13T06:35:57-05:00", "end_time": 1676288457, "end_date_time": "2023-02-13T06:40:57-05:00", "waiting_time": 0, "distance": 1305, "driving_time": 1257, "preparation_time": 0, "load_before": [0], "load_after": [0]}, {"type": "service", "id": "1803022000_15", "location_id": "1803022000", "address": {"location_id": "1803022000", "lat": 42.27544883, "lon": -71.09458486}, "arr_time": 1676288472, "arr_date_time": "2023-02-13T06:41:12-05:00", "end_time": 1676288772, "end_date_time": "2023-02-13T06:46:12-05:00", "waiting_time": 0, "distance": 1321, "driving_time": 1272, "preparation_time": 0, "load_before": [0], "load_after": [0]}, {"type": "service", "id": "1803021000_14", "location_id": "1803021000", "address": {"location_id": "1803021000", "lat": 42.27552078, "lon": -71.0947407}, "arr_time": 1676288787, "arr_date_time": "2023-02-13T06:46:27-05:00", "end_time": 1676289087, "end_date_time": "2023-02-13T06:51:27-05:00", "waiting_time": 0, "distance": 1336, "driving_time": 1287, "preparation_time": 0, "load_before": [0], "load_after": [0]}, {"type": "service", "id": "1803020000_13", "location_id": "1803020000", "address": {"location_id": "1803020000", "lat": 42.27559332, "lon": -71.09488382}, "arr_time": 1676289100, "arr_date_time": "2023-02-13T06:51:40-05:00", "end_time": 1676289400, "end_date_time": "2023-02-13T06:56:40-05:00", "waiting_time": 0, "distance": 1350, "driving_time": 1300, "preparation_time": 0, "load_before": [0], "load_after": [0]}, {"type": "service", "id": "1803066000_21", "location_id": "1803066000", "address": {"location_id": "1803066000", "lat": 42.27601229, "lon": -71.09472604}, "arr_time": 1676289415, "arr_date_time": "2023-02-13T06:56:55-05:00", "end_time": 1676289715, "end_date_time": "2023-02-13T07:01:55-05:00", "waiting_time": 0, "distance": 1366, "driving_time": 1315, "preparation_time": 0, "load_before": [0], "load_after": [0]}, {"type": "service", "id": "1803019000_12", "location_id": "1803019000", "address": {"location_id": "1803019000", "lat": 42.27567437, "lon": -71.09503583}, "arr_time": 1676289715, "arr_date_time": "2023-02-13T07:01:55-05:00", "end_time": 1676290015, "end_date_time": "2023-02-13T07:06:55-05:00", "waiting_time": 0, "distance": 1366, "driving_time": 1315, "preparation_time": 0, "load_before": [0], "load_after": [0]}, {"type": "service", "id": "1803017000_11", "location_id": "1803017000", "address": {"location_id": "1803017000", "lat": 42.27583073, "lon": -71.09533537}, "arr_time": 1676290044, "arr_date_time": "2023-02-13T07:07:24-05:00", "end_time": 1676290344, "end_date_time": "2023-02-13T07:12:24-05:00", "waiting_time": 0, "distance": 1396, "driving_time": 1344, "preparation_time": 0, "load_before": [0], "load_after": [0]}, {"type": "service", "id": "1803014000_10", "location_id": "1803014000", "address": {"location_id": "1803014000", "lat": 42.27606142, "lon": -71.09577941}, "arr_time": 1676290387, "arr_date_time": "2023-02-13T07:13:07-05:00", "end_time": 1676290687, "end_date_time": "2023-02-13T07:18:07-05:00", "waiting_time": 0, "distance": 1440, "driving_time": 1387, "preparation_time": 0, "load_before": [0], "load_after": [0]}, {"type": "service", "id": "1803012000_09", "location_id": "1803012000", "address": {"location_id": "1803012000", "lat": 42.27621877, "lon": -71.0960755}, "arr_time": 1676290716, "arr_date_time": "2023-02-13T07:18:36-05:00", "end_time": 1676291016, "end_date_time": "2023-02-13T07:23:36-05:00", "waiting_time": 0, "distance": 1470, "driving_time": 1416, "preparation_time": 0, "load_before": [0], "load_after": [0]}, {"type": "service", "id": "1803074000_22", "location_id": "1803074000", "address": {"location_id": "1803074000", "lat": 42.27663232, "lon": -71.0958951}, "arr_time": 1676291029, "arr_date_time": "2023-02-13T07:23:49-05:00", "end_time": 1676291329, "end_date_time": "2023-02-13T07:28:49-05:00", "waiting_time": 0, "distance": 1484, "driving_time": 1429, "preparation_time": 0, "load_before": [0], "load_after": [0]}, {"type": "service", "id": "1803011000_08", "location_id": "1803011000", "address": {"location_id": "1803011000", "lat": 42.27629643, "lon": -71.09622195}, "arr_time": 1676291332, "arr_date_time": "2023-02-13T07:28:52-05:00", "end_time": 1676291632, "end_date_time": "2023-02-13T07:33:52-05:00", "waiting_time": 0, "distance": 1486, "driving_time": 1432, "preparation_time": 0, "load_before": [0], "load_after": [0]}, {"type": "service", "id": "1803075000_23", "location_id": "1803075000", "address": {"location_id": "1803075000", "lat": 42.27670917, "lon": -71.09604373}, "arr_time": 1676291644, "arr_date_time": "2023-02-13T07:34:04-05:00", "end_time": 1676291944, "end_date_time": "2023-02-13T07:39:04-05:00", "waiting_time": 0, "distance": 1499, "driving_time": 1444, "preparation_time": 0, "load_before": [0], "load_after": [0]}, {"type": "service", "id": "1803010000_07", "location_id": "1803010000", "address": {"location_id": "1803010000", "lat": 42.27637566, "lon": -71.09636869}, "arr_time": 1676291947, "arr_date_time": "2023-02-13T07:39:07-05:00", "end_time": 1676292247, "end_date_time": "2023-02-13T07:44:07-05:00", "waiting_time": 0, "distance": 1501, "driving_time": 1447, "preparation_time": 0, "load_before": [0], "load_after": [0]}, {"type": "service", "id": "1803076000_24", "location_id": "1803076000", "address": {"location_id": "1803076000", "lat": 42.27678555, "lon": -71.09618982}, "arr_time": 1676292259, "arr_date_time": "2023-02-13T07:44:19-05:00", "end_time": 1676292559, "end_date_time": "2023-02-13T07:49:19-05:00", "waiting_time": 0, "distance": 1514, "driving_time": 1459, "preparation_time": 0, "load_before": [0], "load_after": [0]}, {"type": "service", "id": "1803009000_06", "location_id": "1803009000", "address": {"location_id": "1803009000", "lat": 42.27646731, "lon": -71.09651025}, "arr_time": 1676292561, "arr_date_time": "2023-02-13T07:49:21-05:00", "end_time": 1676292861, "end_date_time": "2023-02-13T07:54:21-05:00", "waiting_time": 0, "distance": 1517, "driving_time": 1461, "preparation_time": 0, "load_before": [0], "load_after": [0]}, {"type": "service", "id": "1803046000_19", "location_id": "1803046000", "address": {"location_id": "1803046000", "lat": 42.27642231, "lon": -71.09697832}, "arr_time": 1676292932, "arr_date_time": "2023-02-13T07:55:32-05:00", "end_time": 1676293232, "end_date_time": "2023-02-13T08:00:32-05:00", "waiting_time": 0, "distance": 1590, "driving_time": 1532, "preparation_time": 0, "load_before": [0], "load_after": [0]}, {"type": "service", "id": "1803049000_20", "location_id": "1803049000", "address": {"location_id": "1803049000", "lat": 42.27673979, "lon": -71.09740549}, "arr_time": 1676293293, "arr_date_time": "2023-02-13T08:01:33-05:00", "end_time": 1676293593, "end_date_time": "2023-02-13T08:06:33-05:00", "waiting_time": 0, "distance": 1653, "driving_time": 1593, "preparation_time": 0, "load_before": [0], "load_after": [0]}, {"type": "service", "id": "1803042000_18", "location_id": "1803042000", "address": {"location_id": "1803042000", "lat": 42.27607128, "lon": -71.0964749}, "arr_time": 1676293704, "arr_date_time": "2023-02-13T08:08:24-05:00", "end_time": 1676294004, "end_date_time": "2023-02-13T08:13:24-05:00", "waiting_time": 0, "distance": 1768, "driving_time": 1704, "preparation_time": 0, "load_before": [0], "load_after": [0]}, {"type": "service", "id": "1803027000_17", "location_id": "1803027000", "address": {"location_id": "1803027000", "lat": 42.27496486, "lon": -71.0943337}, "arr_time": 1676294213, "arr_date_time": "2023-02-13T08:16:53-05:00", "end_time": 1676294513, "end_date_time": "2023-02-13T08:21:53-05:00", "waiting_time": 0, "distance": 1985, "driving_time": 1913, "preparation_time": 0, "load_before": [0], "load_after": [0]}]}], "unassigned": {"services": [], "shipments": [], "breaks": [], "details": []}}}