{"copyrights": ["GraphHopper", "OpenStreetMap contributors"], "job_id": "8a897b6e-459b-4fa5-8e50-cf0ca5b493eb", "status": "finished", "waiting_time_in_queue": 0, "processing_time": 111, "solution": {"costs": 308, "distance": 1547, "time": 1484, "transport_time": 1484, "completion_time": 13484, "max_operation_time": 13484, "waiting_time": 0, "service_duration": 12000, "preparation_time": 0, "no_vehicles": 1, "no_unassigned": 0, "routes": [{"vehicle_id": "my_vehicle", "shift_id": "default-shift", "distance": 1547, "transport_time": 1484, "completion_time": 13484, "waiting_time": 0, "service_duration": 12000, "preparation_time": 0, "activities": [{"type": "start", "location_id": "1601727000", "address": {"location_id": "1601727000", "lat": 42.28971721, "lon": -71.06010189}, "arr_time": 1676278800, "arr_date_time": "2023-02-13T04:00:00-05:00", "end_time": 1676278800, "end_date_time": "2023-02-13T04:00:00-05:00", "waiting_time": 0, "distance": 0, "driving_time": 0, "preparation_time": 0, "load_after": [0]}, {"type": "service", "id": "1602808000_21", "location_id": "1602808000", "address": {"location_id": "1602808000", "lat": 42.28943598, "lon": -71.05986915}, "arr_time": 1676278808, "arr_date_time": "2023-02-13T04:00:08-05:00", "end_time": 1676279108, "end_date_time": "2023-02-13T04:05:08-05:00", "waiting_time": 0, "distance": 8, "driving_time": 8, "preparation_time": 0, "load_before": [0], "load_after": [0]}, {"type": "service", "id": "1601726000_11", "location_id": "1601726000", "address": {"location_id": "1601726000", "lat": 42.28975184, "lon": -71.05996599}, "arr_time": 1676279112, "arr_date_time": "2023-02-13T04:05:12-05:00", "end_time": 1676279412, "end_date_time": "2023-02-13T04:10:12-05:00", "waiting_time": 0, "distance": 11, "driving_time": 12, "preparation_time": 0, "load_before": [0], "load_after": [0]}, {"type": "service", "id": "1602810000_22", "location_id": "1602810000", "address": {"location_id": "1602810000", "lat": 42.28950564, "lon": -71.0595857}, "arr_time": 1676279432, "arr_date_time": "2023-02-13T04:10:32-05:00", "end_time": 1676279732, "end_date_time": "2023-02-13T04:15:32-05:00", "waiting_time": 0, "distance": 32, "driving_time": 32, "preparation_time": 0, "load_before": [0], "load_after": [0]}, {"type": "service", "id": "1602811000_23", "location_id": "1602811000", "address": {"location_id": "1602811000", "lat": 42.28954012, "lon": -71.05943742}, "arr_time": 1676279744, "arr_date_time": "2023-02-13T04:15:44-05:00", "end_time": 1676280044, "end_date_time": "2023-02-13T04:20:44-05:00", "waiting_time": 0, "distance": 45, "driving_time": 44, "preparation_time": 0, "load_before": [0], "load_after": [0]}, {"type": "service", "id": "1601725000_10", "location_id": "1601725000", "address": {"location_id": "1601725000", "lat": 42.28978604, "lon": -71.05982847}, "arr_time": 1676280065, "arr_date_time": "2023-02-13T04:21:05-05:00", "end_time": 1676280365, "end_date_time": "2023-02-13T04:26:05-05:00", "waiting_time": 0, "distance": 67, "driving_time": 65, "preparation_time": 0, "load_before": [0], "load_after": [0]}, {"type": "service", "id": "1602805000_20", "location_id": "1602805000", "address": {"location_id": "1602805000", "lat": 42.28933028, "lon": -71.06028932}, "arr_time": 1676280415, "arr_date_time": "2023-02-13T04:26:55-05:00", "end_time": 1676280715, "end_date_time": "2023-02-13T04:31:55-05:00", "waiting_time": 0, "distance": 119, "driving_time": 115, "preparation_time": 0, "load_before": [0], "load_after": [0]}, {"type": "service", "id": "1602802000_19", "location_id": "1602802000", "address": {"location_id": "1602802000", "lat": 42.28922579, "lon": -71.06070808}, "arr_time": 1676280749, "arr_date_time": "2023-02-13T04:32:29-05:00", "end_time": 1676281049, "end_date_time": "2023-02-13T04:37:29-05:00", "waiting_time": 0, "distance": 155, "driving_time": 149, "preparation_time": 0, "load_before": [0], "load_after": [0]}, {"type": "service", "id": "1601738000_12", "location_id": "1601738000", "address": {"location_id": "1601738000", "lat": 42.28933331, "lon": -71.06164842}, "arr_time": 1676281116, "arr_date_time": "2023-02-13T04:38:36-05:00", "end_time": 1676281416, "end_date_time": "2023-02-13T04:43:36-05:00", "waiting_time": 0, "distance": 225, "driving_time": 216, "preparation_time": 0, "load_before": [0], "load_after": [0]}, {"type": "service", "id": "1602796000_18", "location_id": "1602796000", "address": {"location_id": "1602796000", "lat": 42.28901469, "lon": -71.06154872}, "arr_time": 1676281419, "arr_date_time": "2023-02-13T04:43:39-05:00", "end_time": 1676281719, "end_date_time": "2023-02-13T04:48:39-05:00", "waiting_time": 0, "distance": 228, "driving_time": 219, "preparation_time": 0, "load_before": [0], "load_after": [0]}, {"type": "service", "id": "1601713000_06", "location_id": "1601713000", "address": {"location_id": "1601713000", "lat": 42.28922913, "lon": -71.06206599}, "arr_time": 1676281756, "arr_date_time": "2023-02-13T04:49:16-05:00", "end_time": 1676282056, "end_date_time": "2023-02-13T04:54:16-05:00", "waiting_time": 0, "distance": 267, "driving_time": 256, "preparation_time": 0, "load_before": [0], "load_after": [0]}, {"type": "service", "id": "1601739000_13", "location_id": "1601739000", "address": {"location_id": "1601739000", "lat": 42.28929944, "lon": -71.06178832}, "arr_time": 1676282056, "arr_date_time": "2023-02-13T04:54:16-05:00", "end_time": 1676282356, "end_date_time": "2023-02-13T04:59:16-05:00", "waiting_time": 0, "distance": 267, "driving_time": 256, "preparation_time": 0, "load_before": [0], "load_after": [0]}, {"type": "service", "id": "1601740000_14", "location_id": "1601740000", "address": {"location_id": "1601740000", "lat": 42.28947147, "lon": -71.06178919}, "arr_time": 1676282373, "arr_date_time": "2023-02-13T04:59:33-05:00", "end_time": 1676282673, "end_date_time": "2023-02-13T05:04:33-05:00", "waiting_time": 0, "distance": 285, "driving_time": 273, "preparation_time": 0, "load_before": [0], "load_after": [0]}, {"type": "service", "id": "1601712000_05", "location_id": "1601712000", "address": {"location_id": "1601712000", "lat": 42.28936583, "lon": -71.06221881}, "arr_time": 1676282673, "arr_date_time": "2023-02-13T05:04:33-05:00", "end_time": 1676282973, "end_date_time": "2023-02-13T05:09:33-05:00", "waiting_time": 0, "distance": 285, "driving_time": 273, "preparation_time": 0, "load_before": [0], "load_after": [0]}, {"type": "service", "id": "1602794000_17", "location_id": "1602794000", "address": {"location_id": "1602794000", "lat": 42.28894324, "lon": -71.06183016}, "arr_time": 1676283013, "arr_date_time": "2023-02-13T05:10:13-05:00", "end_time": 1676283313, "end_date_time": "2023-02-13T05:15:13-05:00", "waiting_time": 0, "distance": 326, "driving_time": 313, "preparation_time": 0, "load_before": [0], "load_after": [0]}, {"type": "service", "id": "1602792000_16", "location_id": "1602792000", "address": {"location_id": "1602792000", "lat": 42.2888714, "lon": -71.06210961}, "arr_time": 1676283337, "arr_date_time": "2023-02-13T05:15:37-05:00", "end_time": 1676283637, "end_date_time": "2023-02-13T05:20:37-05:00", "waiting_time": 0, "distance": 350, "driving_time": 337, "preparation_time": 0, "load_before": [0], "load_after": [0]}, {"type": "service", "id": "1601715000_07", "location_id": "1601715000", "address": {"location_id": "1601715000", "lat": 42.28916196, "lon": -71.06234021}, "arr_time": 1676283644, "arr_date_time": "2023-02-13T05:20:44-05:00", "end_time": 1676283944, "end_date_time": "2023-02-13T05:25:44-05:00", "waiting_time": 0, "distance": 357, "driving_time": 344, "preparation_time": 0, "load_before": [0], "load_after": [0]}, {"type": "service", "id": "1601716000_08", "location_id": "1601716000", "address": {"location_id": "1601716000", "lat": 42.2891247, "lon": -71.06248713}, "arr_time": 1676283956, "arr_date_time": "2023-02-13T05:25:56-05:00", "end_time": 1676284256, "end_date_time": "2023-02-13T05:30:56-05:00", "waiting_time": 0, "distance": 370, "driving_time": 356, "preparation_time": 0, "load_before": [0], "load_after": [0]}, {"type": "service", "id": "1601717000_09", "location_id": "1601717000", "address": {"location_id": "1601717000", "lat": 42.28909043, "lon": -71.06263472}, "arr_time": 1676284268, "arr_date_time": "2023-02-13T05:31:08-05:00", "end_time": 1676284568, "end_date_time": "2023-02-13T05:36:08-05:00", "waiting_time": 0, "distance": 383, "driving_time": 368, "preparation_time": 0, "load_before": [0], "load_after": [0]}, {"type": "service", "id": "1602788000_15", "location_id": "1602788000", "address": {"location_id": "1602788000", "lat": 42.2887339, "lon": -71.06266573}, "arr_time": 1676284583, "arr_date_time": "2023-02-13T05:36:23-05:00", "end_time": 1676284883, "end_date_time": "2023-02-13T05:41:23-05:00", "waiting_time": 0, "distance": 398, "driving_time": 383, "preparation_time": 0, "load_before": [0], "load_after": [0]}, {"type": "service", "id": "1602978000_40", "location_id": "1602978000", "address": {"location_id": "1602978000", "lat": 42.28811552, "lon": -71.06275122}, "arr_time": 1676285025, "arr_date_time": "2023-02-13T05:43:45-05:00", "end_time": 1676285325, "end_date_time": "2023-02-13T05:48:45-05:00", "waiting_time": 0, "distance": 547, "driving_time": 525, "preparation_time": 0, "load_before": [0], "load_after": [0]}, {"type": "service", "id": "1602839000_31", "location_id": "1602839000", "address": {"location_id": "1602839000", "lat": 42.28845463, "lon": -71.0628594}, "arr_time": 1676285329, "arr_date_time": "2023-02-13T05:48:49-05:00", "end_time": 1676285629, "end_date_time": "2023-02-13T05:53:49-05:00", "waiting_time": 0, "distance": 551, "driving_time": 529, "preparation_time": 0, "load_before": [0], "load_after": [0]}, {"type": "service", "id": "1602836000_30", "location_id": "1602836000", "address": {"location_id": "1602836000", "lat": 42.28855998, "lon": -71.06243702}, "arr_time": 1676285664, "arr_date_time": "2023-02-13T05:54:24-05:00", "end_time": 1676285964, "end_date_time": "2023-02-13T05:59:24-05:00", "waiting_time": 0, "distance": 588, "driving_time": 564, "preparation_time": 0, "load_before": [0], "load_after": [0]}, {"type": "service", "id": "1602835000_29", "location_id": "1602835000", "address": {"location_id": "1602835000", "lat": 42.28859584, "lon": -71.06229779}, "arr_time": 1676285976, "arr_date_time": "2023-02-13T05:59:36-05:00", "end_time": 1676286276, "end_date_time": "2023-02-13T06:04:36-05:00", "waiting_time": 0, "distance": 600, "driving_time": 576, "preparation_time": 0, "load_before": [0], "load_after": [0]}, {"type": "service", "id": "1602829000_28", "location_id": "1602829000", "address": {"location_id": "1602829000", "lat": 42.28880861, "lon": -71.06145471}, "arr_time": 1676286347, "arr_date_time": "2023-02-13T06:05:47-05:00", "end_time": 1676286647, "end_date_time": "2023-02-13T06:10:47-05:00", "waiting_time": 0, "distance": 673, "driving_time": 647, "preparation_time": 0, "load_before": [0], "load_after": [0]}, {"type": "service", "id": "1602826000_27", "location_id": "1602826000", "address": {"location_id": "1602826000", "lat": 42.28891299, "lon": -71.0610368}, "arr_time": 1676286681, "arr_date_time": "2023-02-13T06:11:21-05:00", "end_time": 1676286981, "end_date_time": "2023-02-13T06:16:21-05:00", "waiting_time": 0, "distance": 710, "driving_time": 681, "preparation_time": 0, "load_before": [0], "load_after": [0]}, {"type": "service", "id": "1602824000_26", "location_id": "1602824000", "address": {"location_id": "1602824000", "lat": 42.28898001, "lon": -71.06076623}, "arr_time": 1676287004, "arr_date_time": "2023-02-13T06:16:44-05:00", "end_time": 1676287304, "end_date_time": "2023-02-13T06:21:44-05:00", "waiting_time": 0, "distance": 733, "driving_time": 704, "preparation_time": 0, "load_before": [0], "load_after": [0]}, {"type": "service", "id": "1602823000_25", "location_id": "1602823000", "address": {"location_id": "1602823000", "lat": 42.28901698, "lon": -71.06062051}, "arr_time": 1676287316, "arr_date_time": "2023-02-13T06:21:56-05:00", "end_time": 1676287616, "end_date_time": "2023-02-13T06:26:56-05:00", "waiting_time": 0, "distance": 746, "driving_time": 716, "preparation_time": 0, "load_before": [0], "load_after": [0]}, {"type": "service", "id": "1602820000_24", "location_id": "1602820000", "address": {"location_id": "1602820000", "lat": 42.2891232, "lon": -71.06020096}, "arr_time": 1676287651, "arr_date_time": "2023-02-13T06:27:31-05:00", "end_time": 1676287951, "end_date_time": "2023-02-13T06:32:31-05:00", "waiting_time": 0, "distance": 782, "driving_time": 751, "preparation_time": 0, "load_before": [0], "load_after": [0]}, {"type": "service", "id": "1601516000_01", "location_id": "1601516000", "address": {"location_id": "1601516000", "lat": 42.28796911, "lon": -71.06416977}, "arr_time": 1676288317, "arr_date_time": "2023-02-13T06:38:37-05:00", "end_time": 1676288617, "end_date_time": "2023-02-13T06:43:37-05:00", "waiting_time": 0, "distance": 1164, "driving_time": 1117, "preparation_time": 0, "load_before": [0], "load_after": [0]}, {"type": "service", "id": "1601520000_04", "location_id": "1601520000", "address": {"location_id": "1601520000", "lat": 42.28772528, "lon": -71.0643257}, "arr_time": 1676288625, "arr_date_time": "2023-02-13T06:43:45-05:00", "end_time": 1676288925, "end_date_time": "2023-02-13T06:48:45-05:00", "waiting_time": 0, "distance": 1173, "driving_time": 1125, "preparation_time": 0, "load_before": [0], "load_after": [0]}, {"type": "service", "id": "1601517000_02", "location_id": "1601517000", "address": {"location_id": "1601517000", "lat": 42.287969, "lon": -71.06437083}, "arr_time": 1676288933, "arr_date_time": "2023-02-13T06:48:53-05:00", "end_time": 1676289233, "end_date_time": "2023-02-13T06:53:53-05:00", "waiting_time": 0, "distance": 1181, "driving_time": 1133, "preparation_time": 0, "load_before": [0], "load_after": [0]}, {"type": "service", "id": "1601519000_03", "location_id": "1601519000", "address": {"location_id": "1601519000", "lat": 42.28774162, "lon": -71.06450762}, "arr_time": 1676289240, "arr_date_time": "2023-02-13T06:54:00-05:00", "end_time": 1676289540, "end_date_time": "2023-02-13T06:59:00-05:00", "waiting_time": 0, "distance": 1188, "driving_time": 1140, "preparation_time": 0, "load_before": [0], "load_after": [0]}, {"type": "service", "id": "1602971000_39", "location_id": "1602971000", "address": {"location_id": "1602971000", "lat": 42.28772119, "lon": -71.06324626}, "arr_time": 1676289681, "arr_date_time": "2023-02-13T07:01:21-05:00", "end_time": 1676289981, "end_date_time": "2023-02-13T07:06:21-05:00", "waiting_time": 0, "distance": 1335, "driving_time": 1281, "preparation_time": 0, "load_before": [0], "load_after": [0]}, {"type": "service", "id": "1602967000_38", "location_id": "1602967000", "address": {"location_id": "1602967000", "lat": 42.28795448, "lon": -71.06245734}, "arr_time": 1676290048, "arr_date_time": "2023-02-13T07:07:28-05:00", "end_time": 1676290348, "end_date_time": "2023-02-13T07:12:28-05:00", "waiting_time": 0, "distance": 1405, "driving_time": 1348, "preparation_time": 0, "load_before": [0], "load_after": [0]}, {"type": "service", "id": "1602966000_37", "location_id": "1602966000", "address": {"location_id": "1602966000", "lat": 42.28799724, "lon": -71.06228857}, "arr_time": 1676290363, "arr_date_time": "2023-02-13T07:12:43-05:00", "end_time": 1676290663, "end_date_time": "2023-02-13T07:17:43-05:00", "waiting_time": 0, "distance": 1420, "driving_time": 1363, "preparation_time": 0, "load_before": [0], "load_after": [0]}, {"type": "service", "id": "1602962000_36", "location_id": "1602962000", "address": {"location_id": "1602962000", "lat": 42.28816139, "lon": -71.06163894}, "arr_time": 1676290717, "arr_date_time": "2023-02-13T07:18:37-05:00", "end_time": 1676291017, "end_date_time": "2023-02-13T07:23:37-05:00", "waiting_time": 0, "distance": 1477, "driving_time": 1417, "preparation_time": 0, "load_before": [0], "load_after": [0]}, {"type": "service", "id": "1602960000_35", "location_id": "1602960000", "address": {"location_id": "1602960000", "lat": 42.28824562, "lon": -71.06130617}, "arr_time": 1676291044, "arr_date_time": "2023-02-13T07:24:04-05:00", "end_time": 1676291344, "end_date_time": "2023-02-13T07:29:04-05:00", "waiting_time": 0, "distance": 1505, "driving_time": 1444, "preparation_time": 0, "load_before": [0], "load_after": [0]}, {"type": "service", "id": "1602959000_34", "location_id": "1602959000", "address": {"location_id": "1602959000", "lat": 42.28828773, "lon": -71.06114293}, "arr_time": 1676291357, "arr_date_time": "2023-02-13T07:29:17-05:00", "end_time": 1676291657, "end_date_time": "2023-02-13T07:34:17-05:00", "waiting_time": 0, "distance": 1519, "driving_time": 1457, "preparation_time": 0, "load_before": [0], "load_after": [0]}, {"type": "service", "id": "1602958000_33", "location_id": "1602958000", "address": {"location_id": "1602958000", "lat": 42.28832796, "lon": -71.0609831}, "arr_time": 1676291671, "arr_date_time": "2023-02-13T07:34:31-05:00", "end_time": 1676291971, "end_date_time": "2023-02-13T07:39:31-05:00", "waiting_time": 0, "distance": 1533, "driving_time": 1471, "preparation_time": 0, "load_before": [0], "load_after": [0]}, {"type": "service", "id": "1602957000_32", "location_id": "1602957000", "address": {"location_id": "1602957000", "lat": 42.28836981, "lon": -71.06081857}, "arr_time": 1676291984, "arr_date_time": "2023-02-13T07:39:44-05:00", "end_time": 1676292284, "end_date_time": "2023-02-13T07:44:44-05:00", "waiting_time": 0, "distance": 1547, "driving_time": 1484, "preparation_time": 0, "load_before": [0], "load_after": [0]}]}], "unassigned": {"services": [], "shipments": [], "breaks": [], "details": []}}}