{"copyrights": ["GraphHopper", "OpenStreetMap contributors"], "job_id": "e471b9db-69e7-43f1-901e-c6948e44a9de", "status": "finished", "waiting_time_in_queue": 0, "processing_time": 150, "solution": {"costs": 338, "distance": 3114, "time": 2988, "transport_time": 2988, "completion_time": 17088, "max_operation_time": 17088, "waiting_time": 0, "service_duration": 14100, "preparation_time": 0, "no_vehicles": 1, "no_unassigned": 0, "routes": [{"vehicle_id": "my_vehicle", "shift_id": "default-shift", "distance": 3114, "transport_time": 2988, "completion_time": 17088, "waiting_time": 0, "service_duration": 14100, "preparation_time": 0, "activities": [{"type": "start", "location_id": "1500348000", "address": {"location_id": "1500348000", "lat": 42.30868103, "lon": -71.0607754}, "arr_time": 1676278800, "arr_date_time": "2023-02-13T04:00:00-05:00", "end_time": 1676278800, "end_date_time": "2023-02-13T04:00:00-05:00", "waiting_time": 0, "distance": 0, "driving_time": 0, "preparation_time": 0, "load_after": [0]}, {"type": "service", "id": "1500349001_15", "location_id": "1500349001", "address": {"location_id": "1500349001", "lat": 42.30856313, "lon": -71.06038318}, "arr_time": 1676278843, "arr_date_time": "2023-02-13T04:00:43-05:00", "end_time": 1676279143, "end_date_time": "2023-02-13T04:05:43-05:00", "waiting_time": 0, "distance": 45, "driving_time": 43, "preparation_time": 0, "load_before": [0], "load_after": [0]}, {"type": "service", "id": "1500349002_16", "location_id": "1500349002", "address": {"location_id": "1500349002", "lat": 42.30836819, "lon": -71.06029192}, "arr_time": 1676279164, "arr_date_time": "2023-02-13T04:06:04-05:00", "end_time": 1676279464, "end_date_time": "2023-02-13T04:11:04-05:00", "waiting_time": 0, "distance": 68, "driving_time": 64, "preparation_time": 0, "load_before": [0], "load_after": [0]}, {"type": "service", "id": "1500356000_17", "location_id": "1500356000", "address": {"location_id": "1500356000", "lat": 42.30776746, "lon": -71.05944863}, "arr_time": 1676279560, "arr_date_time": "2023-02-13T04:12:40-05:00", "end_time": 1676279860, "end_date_time": "2023-02-13T04:17:40-05:00", "waiting_time": 0, "distance": 168, "driving_time": 160, "preparation_time": 0, "load_before": [0], "load_after": [0]}, {"type": "service", "id": "1500405000_25", "location_id": "1500405000", "address": {"location_id": "1500405000", "lat": 42.30743428, "lon": -71.0598374}, "arr_time": 1676279929, "arr_date_time": "2023-02-13T04:18:49-05:00", "end_time": 1676280229, "end_date_time": "2023-02-13T04:23:49-05:00", "waiting_time": 0, "distance": 241, "driving_time": 229, "preparation_time": 0, "load_before": [0], "load_after": [0]}, {"type": "service", "id": "1500402000_24", "location_id": "1500402000", "address": {"location_id": "1500402000", "lat": 42.30747696, "lon": -71.06025017}, "arr_time": 1676280264, "arr_date_time": "2023-02-13T04:24:24-05:00", "end_time": 1676280564, "end_date_time": "2023-02-13T04:29:24-05:00", "waiting_time": 0, "distance": 277, "driving_time": 264, "preparation_time": 0, "load_before": [0], "load_after": [0]}, {"type": "service", "id": "1500396000_23", "location_id": "1500396000", "address": {"location_id": "1500396000", "lat": 42.30708377, "lon": -71.06098831}, "arr_time": 1676280660, "arr_date_time": "2023-02-13T04:31:00-05:00", "end_time": 1676280960, "end_date_time": "2023-02-13T04:36:00-05:00", "waiting_time": 0, "distance": 377, "driving_time": 360, "preparation_time": 0, "load_before": [0], "load_after": [0]}, {"type": "service", "id": "1500391000_22", "location_id": "1500391000", "address": {"location_id": "1500391000", "lat": 42.30732593, "lon": -71.06149345}, "arr_time": 1676281039, "arr_date_time": "2023-02-13T04:37:19-05:00", "end_time": 1676281339, "end_date_time": "2023-02-13T04:42:19-05:00", "waiting_time": 0, "distance": 459, "driving_time": 439, "preparation_time": 0, "load_before": [0], "load_after": [0]}, {"type": "service", "id": "1500370000_18", "location_id": "1500370000", "address": {"location_id": "1500370000", "lat": 42.30715741, "lon": -71.05933475}, "arr_time": 1676281716, "arr_date_time": "2023-02-13T04:48:36-05:00", "end_time": 1676282016, "end_date_time": "2023-02-13T04:53:36-05:00", "waiting_time": 0, "distance": 852, "driving_time": 816, "preparation_time": 0, "load_before": [0], "load_after": [0]}, {"type": "service", "id": "1500375000_19", "location_id": "1500375000", "address": {"location_id": "1500375000", "lat": 42.3070547, "lon": -71.05998998}, "arr_time": 1676282067, "arr_date_time": "2023-02-13T04:54:27-05:00", "end_time": 1676282367, "end_date_time": "2023-02-13T04:59:27-05:00", "waiting_time": 0, "distance": 904, "driving_time": 867, "preparation_time": 0, "load_before": [0], "load_after": [0]}, {"type": "service", "id": "1500376000_20", "location_id": "1500376000", "address": {"location_id": "1500376000", "lat": 42.30718907, "lon": -71.06020501}, "arr_time": 1676282379, "arr_date_time": "2023-02-13T04:59:39-05:00", "end_time": 1676282679, "end_date_time": "2023-02-13T05:04:39-05:00", "waiting_time": 0, "distance": 917, "driving_time": 879, "preparation_time": 0, "load_before": [0], "load_after": [0]}, {"type": "service", "id": "1500440000_34", "location_id": "1500440000", "address": {"location_id": "1500440000", "lat": 42.30671427, "lon": -71.06024687}, "arr_time": 1676282697, "arr_date_time": "2023-02-13T05:04:57-05:00", "end_time": 1676282997, "end_date_time": "2023-02-13T05:09:57-05:00", "waiting_time": 0, "distance": 936, "driving_time": 897, "preparation_time": 0, "load_before": [0], "load_after": [0]}, {"type": "service", "id": "1500381000_21", "location_id": "1500381000", "address": {"location_id": "1500381000", "lat": 42.30673576, "lon": -71.06117641}, "arr_time": 1676283065, "arr_date_time": "2023-02-13T05:11:05-05:00", "end_time": 1676283365, "end_date_time": "2023-02-13T05:16:05-05:00", "waiting_time": 0, "distance": 1007, "driving_time": 965, "preparation_time": 0, "load_before": [0], "load_after": [0]}, {"type": "service", "id": "1500432000_33", "location_id": "1500432000", "address": {"location_id": "1500432000", "lat": 42.30634936, "lon": -71.06168397}, "arr_time": 1676283417, "arr_date_time": "2023-02-13T05:16:57-05:00", "end_time": 1676283717, "end_date_time": "2023-02-13T05:21:57-05:00", "waiting_time": 0, "distance": 1061, "driving_time": 1017, "preparation_time": 0, "load_before": [0], "load_after": [0]}, {"type": "service", "id": "1500431000_32", "location_id": "1500431000", "address": {"location_id": "1500431000", "lat": 42.30625482, "lon": -71.06164005}, "arr_time": 1676283760, "arr_date_time": "2023-02-13T05:22:40-05:00", "end_time": 1676284060, "end_date_time": "2023-02-13T05:27:40-05:00", "waiting_time": 0, "distance": 1106, "driving_time": 1060, "preparation_time": 0, "load_before": [0], "load_after": [0]}, {"type": "service", "id": "1500430000_31", "location_id": "1500430000", "address": {"location_id": "1500430000", "lat": 42.30615795, "lon": -71.06159493}, "arr_time": 1676284100, "arr_date_time": "2023-02-13T05:28:20-05:00", "end_time": 1676284400, "end_date_time": "2023-02-13T05:33:20-05:00", "waiting_time": 0, "distance": 1148, "driving_time": 1100, "preparation_time": 0, "load_before": [0], "load_after": [0]}, {"type": "service", "id": "1500429000_30", "location_id": "1500429000", "address": {"location_id": "1500429000", "lat": 42.30626782, "lon": -71.06139234}, "arr_time": 1676284419, "arr_date_time": "2023-02-13T05:33:39-05:00", "end_time": 1676284719, "end_date_time": "2023-02-13T05:38:39-05:00", "waiting_time": 0, "distance": 1168, "driving_time": 1119, "preparation_time": 0, "load_before": [0], "load_after": [0]}, {"type": "service", "id": "1500463000_37", "location_id": "1500463000", "address": {"location_id": "1500463000", "lat": 42.30611785, "lon": -71.0604912}, "arr_time": 1676284781, "arr_date_time": "2023-02-13T05:39:41-05:00", "end_time": 1676285081, "end_date_time": "2023-02-13T05:44:41-05:00", "waiting_time": 0, "distance": 1233, "driving_time": 1181, "preparation_time": 0, "load_before": [0], "load_after": [0]}, {"type": "service", "id": "1500424000_29", "location_id": "1500424000", "address": {"location_id": "1500424000", "lat": 42.3064353, "lon": -71.06058963}, "arr_time": 1676285084, "arr_date_time": "2023-02-13T05:44:44-05:00", "end_time": 1676285384, "end_date_time": "2023-02-13T05:49:44-05:00", "waiting_time": 0, "distance": 1236, "driving_time": 1184, "preparation_time": 0, "load_before": [0], "load_after": [0]}, {"type": "service", "id": "1500467000_38", "location_id": "1500467000", "address": {"location_id": "1500467000", "lat": 42.30625419, "lon": -71.05992711}, "arr_time": 1676285429, "arr_date_time": "2023-02-13T05:50:29-05:00", "end_time": 1676285729, "end_date_time": "2023-02-13T05:55:29-05:00", "waiting_time": 0, "distance": 1284, "driving_time": 1229, "preparation_time": 0, "load_before": [0], "load_after": [0]}, {"type": "service", "id": "1500419000_28", "location_id": "1500419000", "address": {"location_id": "1500419000", "lat": 42.30660874, "lon": -71.05989944}, "arr_time": 1676285743, "arr_date_time": "2023-02-13T05:55:43-05:00", "end_time": 1676286043, "end_date_time": "2023-02-13T06:00:43-05:00", "waiting_time": 0, "distance": 1297, "driving_time": 1243, "preparation_time": 0, "load_before": [0], "load_after": [0]}, {"type": "service", "id": "1500418000_27", "location_id": "1500418000", "address": {"location_id": "1500418000", "lat": 42.30663837, "lon": -71.05975195}, "arr_time": 1676286055, "arr_date_time": "2023-02-13T06:00:55-05:00", "end_time": 1676286355, "end_date_time": "2023-02-13T06:05:55-05:00", "waiting_time": 0, "distance": 1310, "driving_time": 1255, "preparation_time": 0, "load_before": [0], "load_after": [0]}, {"type": "service", "id": "1500470000_39", "location_id": "1500470000", "address": {"location_id": "1500470000", "lat": 42.30636567, "lon": -71.0595723}, "arr_time": 1676286360, "arr_date_time": "2023-02-13T06:06:00-05:00", "end_time": 1676286660, "end_date_time": "2023-02-13T06:11:00-05:00", "waiting_time": 0, "distance": 1316, "driving_time": 1260, "preparation_time": 0, "load_before": [0], "load_after": [0]}, {"type": "service", "id": "1500415000_26", "location_id": "1500415000", "address": {"location_id": "1500415000", "lat": 42.30672199, "lon": -71.05934245}, "arr_time": 1676286689, "arr_date_time": "2023-02-13T06:11:29-05:00", "end_time": 1676286989, "end_date_time": "2023-02-13T06:16:29-05:00", "waiting_time": 0, "distance": 1346, "driving_time": 1289, "preparation_time": 0, "load_before": [0], "load_after": [0]}, {"type": "service", "id": "1500503000_44", "location_id": "1500503000", "address": {"location_id": "1500503000", "lat": 42.30574715, "lon": -71.05941074}, "arr_time": 1676287181, "arr_date_time": "2023-02-13T06:19:41-05:00", "end_time": 1676287481, "end_date_time": "2023-02-13T06:24:41-05:00", "waiting_time": 0, "distance": 1546, "driving_time": 1481, "preparation_time": 0, "load_before": [0], "load_after": [0]}, {"type": "service", "id": "1500451000_35", "location_id": "1500451000", "address": {"location_id": "1500451000", "lat": 42.30599371, "lon": -71.05978902}, "arr_time": 1676287501, "arr_date_time": "2023-02-13T06:25:01-05:00", "end_time": 1676287801, "end_date_time": "2023-02-13T06:30:01-05:00", "waiting_time": 0, "distance": 1567, "driving_time": 1501, "preparation_time": 0, "load_before": [0], "load_after": [0]}, {"type": "service", "id": "1500501000_43", "location_id": "1500501000", "address": {"location_id": "1500501000", "lat": 42.30556923, "lon": -71.05970767}, "arr_time": 1676287809, "arr_date_time": "2023-02-13T06:30:09-05:00", "end_time": 1676288109, "end_date_time": "2023-02-13T06:35:09-05:00", "waiting_time": 0, "distance": 1575, "driving_time": 1509, "preparation_time": 0, "load_before": [0], "load_after": [0]}, {"type": "service", "id": "1500500000_42", "location_id": "1500500000", "address": {"location_id": "1500500000", "lat": 42.30551659, "lon": -71.05992221}, "arr_time": 1676288127, "arr_date_time": "2023-02-13T06:35:27-05:00", "end_time": 1676288427, "end_date_time": "2023-02-13T06:40:27-05:00", "waiting_time": 0, "distance": 1594, "driving_time": 1527, "preparation_time": 0, "load_before": [0], "load_after": [0]}, {"type": "service", "id": "1500499000_41", "location_id": "1500499000", "address": {"location_id": "1500499000", "lat": 42.30546524, "lon": -71.06011951}, "arr_time": 1676288443, "arr_date_time": "2023-02-13T06:40:43-05:00", "end_time": 1676288743, "end_date_time": "2023-02-13T06:45:43-05:00", "waiting_time": 0, "distance": 1611, "driving_time": 1543, "preparation_time": 0, "load_before": [0], "load_after": [0]}, {"type": "service", "id": "1500453000_36", "location_id": "1500453000", "address": {"location_id": "1500453000", "lat": 42.30581908, "lon": -71.060447}, "arr_time": 1676288756, "arr_date_time": "2023-02-13T06:45:56-05:00", "end_time": 1676289056, "end_date_time": "2023-02-13T06:50:56-05:00", "waiting_time": 0, "distance": 1624, "driving_time": 1556, "preparation_time": 0, "load_before": [0], "load_after": [0]}, {"type": "service", "id": "1501589000_47", "location_id": "1501589000", "address": {"location_id": "1501589000", "lat": 42.30487475, "lon": -71.06155766}, "arr_time": 1676289201, "arr_date_time": "2023-02-13T06:53:21-05:00", "end_time": 1676289501, "end_date_time": "2023-02-13T06:58:21-05:00", "waiting_time": 0, "distance": 1776, "driving_time": 1701, "preparation_time": 0, "load_before": [0], "load_after": [0]}, {"type": "service", "id": "1500514000_45", "location_id": "1500514000", "address": {"location_id": "1500514000", "lat": 42.30412486, "lon": -71.06070583}, "arr_time": 1676289597, "arr_date_time": "2023-02-13T06:59:57-05:00", "end_time": 1676289897, "end_date_time": "2023-02-13T07:04:57-05:00", "waiting_time": 0, "distance": 1877, "driving_time": 1797, "preparation_time": 0, "load_before": [0], "load_after": [0]}, {"type": "service", "id": "1500487000_40", "location_id": "1500487000", "address": {"location_id": "1500487000", "lat": 42.30486919, "lon": -71.06079329}, "arr_time": 1676289993, "arr_date_time": "2023-02-13T07:06:33-05:00", "end_time": 1676290293, "end_date_time": "2023-02-13T07:11:33-05:00", "waiting_time": 0, "distance": 1976, "driving_time": 1893, "preparation_time": 0, "load_before": [0], "load_after": [0]}, {"type": "service", "id": "1500324000_14", "location_id": "1500324000", "address": {"location_id": "1500324000", "lat": 42.30528979, "lon": -71.05843359}, "arr_time": 1676290491, "arr_date_time": "2023-02-13T07:14:51-05:00", "end_time": 1676290791, "end_date_time": "2023-02-13T07:19:51-05:00", "waiting_time": 0, "distance": 2181, "driving_time": 2091, "preparation_time": 0, "load_before": [0], "load_after": [0]}, {"type": "service", "id": "1500259000_10", "location_id": "1500259000", "address": {"location_id": "1500259000", "lat": 42.3043364, "lon": -71.05848818}, "arr_time": 1676290992, "arr_date_time": "2023-02-13T07:23:12-05:00", "end_time": 1676291292, "end_date_time": "2023-02-13T07:28:12-05:00", "waiting_time": 0, "distance": 2391, "driving_time": 2292, "preparation_time": 0, "load_before": [0], "load_after": [0]}, {"type": "service", "id": "1500264000_11", "location_id": "1500264000", "address": {"location_id": "1500264000", "lat": 42.30451694, "lon": -71.05798979}, "arr_time": 1676291336, "arr_date_time": "2023-02-13T07:28:56-05:00", "end_time": 1676291636, "end_date_time": "2023-02-13T07:33:56-05:00", "waiting_time": 0, "distance": 2437, "driving_time": 2336, "preparation_time": 0, "load_before": [0], "load_after": [0]}, {"type": "service", "id": "1500528000_46", "location_id": "1500528000", "address": {"location_id": "1500528000", "lat": 42.30360188, "lon": -71.05962844}, "arr_time": 1676291807, "arr_date_time": "2023-02-13T07:36:47-05:00", "end_time": 1676292107, "end_date_time": "2023-02-13T07:41:47-05:00", "waiting_time": 0, "distance": 2614, "driving_time": 2507, "preparation_time": 0, "load_before": [0], "load_after": [0]}, {"type": "service", "id": "1500218000_01", "location_id": "1500218000", "address": {"location_id": "1500218000", "lat": 42.30389722, "lon": -71.05853902}, "arr_time": 1676292187, "arr_date_time": "2023-02-13T07:43:07-05:00", "end_time": 1676292487, "end_date_time": "2023-02-13T07:48:07-05:00", "waiting_time": 0, "distance": 2697, "driving_time": 2587, "preparation_time": 0, "load_before": [0], "load_after": [0]}, {"type": "service", "id": "1500220000_02", "location_id": "1500220000", "address": {"location_id": "1500220000", "lat": 42.30374569, "lon": -71.05829934}, "arr_time": 1676292543, "arr_date_time": "2023-02-13T07:49:03-05:00", "end_time": 1676292843, "end_date_time": "2023-02-13T07:54:03-05:00", "waiting_time": 0, "distance": 2756, "driving_time": 2643, "preparation_time": 0, "load_before": [0], "load_after": [0]}, {"type": "service", "id": "1500252000_09", "location_id": "1500252000", "address": {"location_id": "1500252000", "lat": 42.30381627, "lon": -71.05803184}, "arr_time": 1676292845, "arr_date_time": "2023-02-13T07:54:05-05:00", "end_time": 1676293145, "end_date_time": "2023-02-13T07:59:05-05:00", "waiting_time": 0, "distance": 2759, "driving_time": 2645, "preparation_time": 0, "load_before": [0], "load_after": [0]}, {"type": "service", "id": "1500251000_08", "location_id": "1500251000", "address": {"location_id": "1500251000", "lat": 42.30391978, "lon": -71.05798173}, "arr_time": 1676293153, "arr_date_time": "2023-02-13T07:59:13-05:00", "end_time": 1676293453, "end_date_time": "2023-02-13T08:04:13-05:00", "waiting_time": 0, "distance": 2767, "driving_time": 2653, "preparation_time": 0, "load_before": [0], "load_after": [0]}, {"type": "service", "id": "1500231000_03", "location_id": "1500231000", "address": {"location_id": "1500231000", "lat": 42.3040817, "lon": -71.05807565}, "arr_time": 1676293505, "arr_date_time": "2023-02-13T08:05:05-05:00", "end_time": 1676293805, "end_date_time": "2023-02-13T08:10:05-05:00", "waiting_time": 0, "distance": 2821, "driving_time": 2705, "preparation_time": 0, "load_before": [0], "load_after": [0]}, {"type": "service", "id": "1500268000_12", "location_id": "1500268000", "address": {"location_id": "1500268000", "lat": 42.3046704, "lon": -71.05747083}, "arr_time": 1676293877, "arr_date_time": "2023-02-13T08:11:17-05:00", "end_time": 1676294177, "end_date_time": "2023-02-13T08:16:17-05:00", "waiting_time": 0, "distance": 2896, "driving_time": 2777, "preparation_time": 0, "load_before": [0], "load_after": [0]}, {"type": "service", "id": "1500237000_04", "location_id": "1500237000", "address": {"location_id": "1500237000", "lat": 42.30442215, "lon": -71.05723692}, "arr_time": 1676294181, "arr_date_time": "2023-02-13T08:16:21-05:00", "end_time": 1676294481, "end_date_time": "2023-02-13T08:21:21-05:00", "waiting_time": 0, "distance": 2900, "driving_time": 2781, "preparation_time": 0, "load_before": [0], "load_after": [0]}, {"type": "service", "id": "1500276000_13", "location_id": "1500276000", "address": {"location_id": "1500276000", "lat": 42.30471691, "lon": -71.05713146}, "arr_time": 1676294504, "arr_date_time": "2023-02-13T08:21:44-05:00", "end_time": 1676294804, "end_date_time": "2023-02-13T08:26:44-05:00", "waiting_time": 0, "distance": 2923, "driving_time": 2804, "preparation_time": 0, "load_before": [0], "load_after": [0]}, {"type": "service", "id": "1500238000_05", "location_id": "1500238000", "address": {"location_id": "1500238000", "lat": 42.3045306, "lon": -71.05689729}, "arr_time": 1676294811, "arr_date_time": "2023-02-13T08:26:51-05:00", "end_time": 1676295111, "end_date_time": "2023-02-13T08:31:51-05:00", "waiting_time": 0, "distance": 2930, "driving_time": 2811, "preparation_time": 0, "load_before": [0], "load_after": [0]}, {"type": "service", "id": "1500244000_06", "location_id": "1500244000", "address": {"location_id": "1500244000", "lat": 42.30436257, "lon": -71.05677563}, "arr_time": 1676295273, "arr_date_time": "2023-02-13T08:34:33-05:00", "end_time": 1676295573, "end_date_time": "2023-02-13T08:39:33-05:00", "waiting_time": 0, "distance": 3099, "driving_time": 2973, "preparation_time": 0, "load_before": [0], "load_after": [0]}, {"type": "service", "id": "1500245000_07", "location_id": "1500245000", "address": {"location_id": "1500245000", "lat": 42.30429739, "lon": -71.05693521}, "arr_time": 1676295588, "arr_date_time": "2023-02-13T08:39:48-05:00", "end_time": 1676295888, "end_date_time": "2023-02-13T08:44:48-05:00", "waiting_time": 0, "distance": 3114, "driving_time": 2988, "preparation_time": 0, "load_before": [0], "load_after": [0]}]}], "unassigned": {"services": [], "shipments": [], "breaks": [], "details": []}}}