{"copyrights": ["GraphHopper", "OpenStreetMap contributors"], "job_id": "5e1a6fbb-a53b-48a0-838d-38958b1d099b", "status": "finished", "waiting_time_in_queue": 0, "processing_time": 200, "solution": {"costs": 379, "distance": 2533, "time": 2425, "transport_time": 2425, "completion_time": 22225, "max_operation_time": 22225, "waiting_time": 0, "service_duration": 19800, "preparation_time": 0, "no_vehicles": 1, "no_unassigned": 0, "routes": [{"vehicle_id": "my_vehicle", "shift_id": "default-shift", "distance": 2533, "transport_time": 2425, "completion_time": 22225, "waiting_time": 0, "service_duration": 19800, "preparation_time": 0, "activities": [{"type": "start", "location_id": "1602277000", "address": {"location_id": "1602277000", "lat": 42.29230821, "lon": -71.05295638}, "arr_time": 1676278800, "arr_date_time": "2023-02-13T04:00:00-05:00", "end_time": 1676278800, "end_date_time": "2023-02-13T04:00:00-05:00", "waiting_time": 0, "distance": 0, "driving_time": 0, "preparation_time": 0, "load_after": [0]}, {"type": "service", "id": "1602278000_65", "location_id": "1602278000", "address": {"location_id": "1602278000", "lat": 42.29235022, "lon": -71.0528139}, "arr_time": 1676278811, "arr_date_time": "2023-02-13T04:00:11-05:00", "end_time": 1676279111, "end_date_time": "2023-02-13T04:05:11-05:00", "waiting_time": 0, "distance": 12, "driving_time": 11, "preparation_time": 0, "load_before": [0], "load_after": [0]}, {"type": "service", "id": "1602279000_66", "location_id": "1602279000", "address": {"location_id": "1602279000", "lat": 42.29239274, "lon": -71.0526685}, "arr_time": 1676279125, "arr_date_time": "2023-02-13T04:05:25-05:00", "end_time": 1676279425, "end_date_time": "2023-02-13T04:10:25-05:00", "waiting_time": 0, "distance": 27, "driving_time": 25, "preparation_time": 0, "load_before": [0], "load_after": [0]}, {"type": "service", "id": "1602274000_64", "location_id": "1602274000", "address": {"location_id": "1602274000", "lat": 42.29221212, "lon": -71.0534132}, "arr_time": 1676279487, "arr_date_time": "2023-02-13T04:11:27-05:00", "end_time": 1676279787, "end_date_time": "2023-02-13T04:16:27-05:00", "waiting_time": 0, "distance": 91, "driving_time": 87, "preparation_time": 0, "load_before": [0], "load_after": [0]}, {"type": "service", "id": "1602270000_63", "location_id": "1602270000", "address": {"location_id": "1602270000", "lat": 42.29188627, "lon": -71.0533705}, "arr_time": 1676279905, "arr_date_time": "2023-02-13T04:18:25-05:00", "end_time": 1676280205, "end_date_time": "2023-02-13T04:23:25-05:00", "waiting_time": 0, "distance": 215, "driving_time": 205, "preparation_time": 0, "load_before": [0], "load_after": [0]}, {"type": "service", "id": "1602218000_45", "location_id": "1602218000", "address": {"location_id": "1602218000", "lat": 42.29167577, "lon": -71.05313391}, "arr_time": 1676280215, "arr_date_time": "2023-02-13T04:23:35-05:00", "end_time": 1676280515, "end_date_time": "2023-02-13T04:28:35-05:00", "waiting_time": 0, "distance": 225, "driving_time": 215, "preparation_time": 0, "load_before": [0], "load_after": [0]}, {"type": "service", "id": "1602219000_46", "location_id": "1602219000", "address": {"location_id": "1602219000", "lat": 42.29167838, "lon": -71.05297428}, "arr_time": 1676280527, "arr_date_time": "2023-02-13T04:28:47-05:00", "end_time": 1676280827, "end_date_time": "2023-02-13T04:33:47-05:00", "waiting_time": 0, "distance": 237, "driving_time": 227, "preparation_time": 0, "load_before": [0], "load_after": [0]}, {"type": "service", "id": "1602268000_62", "location_id": "1602268000", "address": {"location_id": "1602268000", "lat": 42.29200712, "lon": -71.05313017}, "arr_time": 1676280828, "arr_date_time": "2023-02-13T04:33:48-05:00", "end_time": 1676281128, "end_date_time": "2023-02-13T04:38:48-05:00", "waiting_time": 0, "distance": 238, "driving_time": 228, "preparation_time": 0, "load_before": [0], "load_after": [0]}, {"type": "service", "id": "1602251000_61", "location_id": "1602251000", "address": {"location_id": "1602251000", "lat": 42.29123557, "lon": -71.0531043}, "arr_time": 1676281235, "arr_date_time": "2023-02-13T04:40:35-05:00", "end_time": 1676281535, "end_date_time": "2023-02-13T04:45:35-05:00", "waiting_time": 0, "distance": 349, "driving_time": 335, "preparation_time": 0, "load_before": [0], "load_after": [0]}, {"type": "service", "id": "1602127000_08", "location_id": "1602127000", "address": {"location_id": "1602127000", "lat": 42.29081527, "lon": -71.05286577}, "arr_time": 1676281589, "arr_date_time": "2023-02-13T04:46:29-05:00", "end_time": 1676281889, "end_date_time": "2023-02-13T04:51:29-05:00", "waiting_time": 0, "distance": 407, "driving_time": 389, "preparation_time": 0, "load_before": [0], "load_after": [0]}, {"type": "service", "id": "1602128000_09", "location_id": "1602128000", "address": {"location_id": "1602128000", "lat": 42.29086011, "lon": -71.05261517}, "arr_time": 1676281909, "arr_date_time": "2023-02-13T04:51:49-05:00", "end_time": 1676282209, "end_date_time": "2023-02-13T04:56:49-05:00", "waiting_time": 0, "distance": 428, "driving_time": 409, "preparation_time": 0, "load_before": [0], "load_after": [0]}, {"type": "service", "id": "1602243100_60", "location_id": "1602243100", "address": {"location_id": "1602243100", "lat": 42.29131476, "lon": -71.05235749}, "arr_time": 1676282244, "arr_date_time": "2023-02-13T04:57:24-05:00", "end_time": 1676282544, "end_date_time": "2023-02-13T05:02:24-05:00", "waiting_time": 0, "distance": 465, "driving_time": 444, "preparation_time": 0, "load_before": [0], "load_after": [0]}, {"type": "service", "id": "1602243000_58", "location_id": "1602243000", "address": {"location_id": "1602243000", "lat": 42.29138603, "lon": -71.05180775}, "arr_time": 1676282593, "arr_date_time": "2023-02-13T05:03:13-05:00", "end_time": 1676282893, "end_date_time": "2023-02-13T05:08:13-05:00", "waiting_time": 0, "distance": 517, "driving_time": 493, "preparation_time": 0, "load_before": [0], "load_after": [0]}, {"type": "service", "id": "1602243080_59", "location_id": "1602243080", "address": {"location_id": "1602243080", "lat": 42.29134215, "lon": -71.05225477}, "arr_time": 1676282904, "arr_date_time": "2023-02-13T05:08:24-05:00", "end_time": 1676283204, "end_date_time": "2023-02-13T05:13:24-05:00", "waiting_time": 0, "distance": 527, "driving_time": 504, "preparation_time": 0, "load_before": [0], "load_after": [0]}, {"type": "service", "id": "1602242002_53", "location_id": "1602242002", "address": {"location_id": "1602242002", "lat": 42.29150914, "lon": -71.05132629}, "arr_time": 1676283285, "arr_date_time": "2023-02-13T05:14:45-05:00", "end_time": 1676283585, "end_date_time": "2023-02-13T05:19:45-05:00", "waiting_time": 0, "distance": 612, "driving_time": 585, "preparation_time": 0, "load_before": [0], "load_after": [0]}, {"type": "service", "id": "1602242006_57", "location_id": "1602242006", "address": {"location_id": "1602242006", "lat": 42.29159083, "lon": -71.05180306}, "arr_time": 1676283605, "arr_date_time": "2023-02-13T05:20:05-05:00", "end_time": 1676283905, "end_date_time": "2023-02-13T05:25:05-05:00", "waiting_time": 0, "distance": 633, "driving_time": 605, "preparation_time": 0, "load_before": [0], "load_after": [0]}, {"type": "service", "id": "1602242003_54", "location_id": "1602242003", "address": {"location_id": "1602242003", "lat": 42.29171011, "lon": -71.051318}, "arr_time": 1676283905, "arr_date_time": "2023-02-13T05:25:05-05:00", "end_time": 1676284205, "end_date_time": "2023-02-13T05:30:05-05:00", "waiting_time": 0, "distance": 634, "driving_time": 605, "preparation_time": 0, "load_before": [0], "load_after": [0]}, {"type": "service", "id": "1602242004_55", "location_id": "1602242004", "address": {"location_id": "1602242004", "lat": 42.29186876, "lon": -71.05137972}, "arr_time": 1676284223, "arr_date_time": "2023-02-13T05:30:23-05:00", "end_time": 1676284523, "end_date_time": "2023-02-13T05:35:23-05:00", "waiting_time": 0, "distance": 652, "driving_time": 623, "preparation_time": 0, "load_before": [0], "load_after": [0]}, {"type": "service", "id": "1602242005_56", "location_id": "1602242005", "address": {"location_id": "1602242005", "lat": 42.29173424, "lon": -71.05187041}, "arr_time": 1676284524, "arr_date_time": "2023-02-13T05:35:24-05:00", "end_time": 1676284824, "end_date_time": "2023-02-13T05:40:24-05:00", "waiting_time": 0, "distance": 653, "driving_time": 624, "preparation_time": 0, "load_before": [0], "load_after": [0]}, {"type": "service", "id": "1602159000_18", "location_id": "1602159000", "address": {"location_id": "1602159000", "lat": 42.29091266, "lon": -71.05113172}, "arr_time": 1676284939, "arr_date_time": "2023-02-13T05:42:19-05:00", "end_time": 1676285239, "end_date_time": "2023-02-13T05:47:19-05:00", "waiting_time": 0, "distance": 772, "driving_time": 739, "preparation_time": 0, "load_before": [0], "load_after": [0]}, {"type": "service", "id": "1602137000_10", "location_id": "1602137000", "address": {"location_id": "1602137000", "lat": 42.2907685, "lon": -71.05178883}, "arr_time": 1676285291, "arr_date_time": "2023-02-13T05:48:11-05:00", "end_time": 1676285591, "end_date_time": "2023-02-13T05:53:11-05:00", "waiting_time": 0, "distance": 826, "driving_time": 791, "preparation_time": 0, "load_before": [0], "load_after": [0]}, {"type": "service", "id": "1602142000_11", "location_id": "1602142000", "address": {"location_id": "1602142000", "lat": 42.29062598, "lon": -71.05250123}, "arr_time": 1676285649, "arr_date_time": "2023-02-13T05:54:09-05:00", "end_time": 1676285949, "end_date_time": "2023-02-13T05:59:09-05:00", "waiting_time": 0, "distance": 887, "driving_time": 849, "preparation_time": 0, "load_before": [0], "load_after": [0]}, {"type": "service", "id": "1602109000_01", "location_id": "1602109000", "address": {"location_id": "1602109000", "lat": 42.2902543, "lon": -71.05255984}, "arr_time": 1676285967, "arr_date_time": "2023-02-13T05:59:27-05:00", "end_time": 1676286267, "end_date_time": "2023-02-13T06:04:27-05:00", "waiting_time": 0, "distance": 905, "driving_time": 867, "preparation_time": 0, "load_before": [0], "load_after": [0]}, {"type": "service", "id": "1602143000_12", "location_id": "1602143000", "address": {"location_id": "1602143000", "lat": 42.29046786, "lon": -71.05268368}, "arr_time": 1676286268, "arr_date_time": "2023-02-13T06:04:28-05:00", "end_time": 1676286568, "end_date_time": "2023-02-13T06:09:28-05:00", "waiting_time": 0, "distance": 907, "driving_time": 868, "preparation_time": 0, "load_before": [0], "load_after": [0]}, {"type": "service", "id": "1602144000_13", "location_id": "1602144000", "address": {"location_id": "1602144000", "lat": 42.29058257, "lon": -71.05274494}, "arr_time": 1676286609, "arr_date_time": "2023-02-13T06:10:09-05:00", "end_time": 1676286909, "end_date_time": "2023-02-13T06:15:09-05:00", "waiting_time": 0, "distance": 951, "driving_time": 909, "preparation_time": 0, "load_before": [0], "load_after": [0]}, {"type": "service", "id": "1602145000_14", "location_id": "1602145000", "address": {"location_id": "1602145000", "lat": 42.29069993, "lon": -71.05280775}, "arr_time": 1676286923, "arr_date_time": "2023-02-13T06:15:23-05:00", "end_time": 1676287223, "end_date_time": "2023-02-13T06:20:23-05:00", "waiting_time": 0, "distance": 965, "driving_time": 923, "preparation_time": 0, "load_before": [0], "load_after": [0]}, {"type": "service", "id": "1602126000_07", "location_id": "1602126000", "address": {"location_id": "1602126000", "lat": 42.29013928, "lon": -71.05249972}, "arr_time": 1676287288, "arr_date_time": "2023-02-13T06:21:28-05:00", "end_time": 1676287588, "end_date_time": "2023-02-13T06:26:28-05:00", "waiting_time": 0, "distance": 1033, "driving_time": 988, "preparation_time": 0, "load_before": [0], "load_after": [0]}, {"type": "service", "id": "1602125000_06", "location_id": "1602125000", "address": {"location_id": "1602125000", "lat": 42.29001523, "lon": -71.0524483}, "arr_time": 1676287601, "arr_date_time": "2023-02-13T06:26:41-05:00", "end_time": 1676287901, "end_date_time": "2023-02-13T06:31:41-05:00", "waiting_time": 0, "distance": 1047, "driving_time": 1001, "preparation_time": 0, "load_before": [0], "load_after": [0]}, {"type": "service", "id": "1602192000_32", "location_id": "1602192000", "address": {"location_id": "1602192000", "lat": 42.28958851, "lon": -71.05221139}, "arr_time": 1676287951, "arr_date_time": "2023-02-13T06:32:31-05:00", "end_time": 1676288251, "end_date_time": "2023-02-13T06:37:31-05:00", "waiting_time": 0, "distance": 1098, "driving_time": 1051, "preparation_time": 0, "load_before": [0], "load_after": [0]}, {"type": "service", "id": "1602191000_31", "location_id": "1602191000", "address": {"location_id": "1602191000", "lat": 42.28949259, "lon": -71.05214319}, "arr_time": 1676288263, "arr_date_time": "2023-02-13T06:37:43-05:00", "end_time": 1676288563, "end_date_time": "2023-02-13T06:42:43-05:00", "waiting_time": 0, "distance": 1110, "driving_time": 1063, "preparation_time": 0, "load_before": [0], "load_after": [0]}, {"type": "service", "id": "1602190000_30", "location_id": "1602190000", "address": {"location_id": "1602190000", "lat": 42.2893948, "lon": -71.0520914}, "arr_time": 1676288573, "arr_date_time": "2023-02-13T06:42:53-05:00", "end_time": 1676288873, "end_date_time": "2023-02-13T06:47:53-05:00", "waiting_time": 0, "distance": 1122, "driving_time": 1073, "preparation_time": 0, "load_before": [0], "load_after": [0]}, {"type": "service", "id": "1602189000_29", "location_id": "1602189000", "address": {"location_id": "1602189000", "lat": 42.28928978, "lon": -71.05203577}, "arr_time": 1676288913, "arr_date_time": "2023-02-13T06:48:33-05:00", "end_time": 1676289213, "end_date_time": "2023-02-13T06:53:33-05:00", "waiting_time": 0, "distance": 1164, "driving_time": 1113, "preparation_time": 0, "load_before": [0], "load_after": [0]}, {"type": "service", "id": "1602184000_26", "location_id": "1602184000", "address": {"location_id": "1602184000", "lat": 42.28957314, "lon": -71.05122435}, "arr_time": 1676289284, "arr_date_time": "2023-02-13T06:54:44-05:00", "end_time": 1676289584, "end_date_time": "2023-02-13T06:59:44-05:00", "waiting_time": 0, "distance": 1238, "driving_time": 1184, "preparation_time": 0, "load_before": [0], "load_after": [0]}, {"type": "service", "id": "1602182000_24", "location_id": "1602182000", "address": {"location_id": "1602182000", "lat": 42.28965771, "lon": -71.05090192}, "arr_time": 1676289611, "arr_date_time": "2023-02-13T07:00:11-05:00", "end_time": 1676289911, "end_date_time": "2023-02-13T07:05:11-05:00", "waiting_time": 0, "distance": 1266, "driving_time": 1211, "preparation_time": 0, "load_before": [0], "load_after": [0]}, {"type": "service", "id": "1602173000_22", "location_id": "1602173000", "address": {"location_id": "1602173000", "lat": 42.28997889, "lon": -71.04955823}, "arr_time": 1676290021, "arr_date_time": "2023-02-13T07:07:01-05:00", "end_time": 1676290321, "end_date_time": "2023-02-13T07:12:01-05:00", "waiting_time": 0, "distance": 1381, "driving_time": 1321, "preparation_time": 0, "load_before": [0], "load_after": [0]}, {"type": "service", "id": "1602172000_21", "location_id": "1602172000", "address": {"location_id": "1602172000", "lat": 42.29006766, "lon": -71.04938135}, "arr_time": 1676290337, "arr_date_time": "2023-02-13T07:12:17-05:00", "end_time": 1676290637, "end_date_time": "2023-02-13T07:17:17-05:00", "waiting_time": 0, "distance": 1398, "driving_time": 1337, "preparation_time": 0, "load_before": [0], "load_after": [0]}, {"type": "service", "id": "1602174000_23", "location_id": "1602174000", "address": {"location_id": "1602174000", "lat": 42.28997963, "lon": -71.04974337}, "arr_time": 1676290668, "arr_date_time": "2023-02-13T07:17:48-05:00", "end_time": 1676290968, "end_date_time": "2023-02-13T07:22:48-05:00", "waiting_time": 0, "distance": 1429, "driving_time": 1368, "preparation_time": 0, "load_before": [0], "load_after": [0]}, {"type": "service", "id": "1602183000_25", "location_id": "1602183000", "address": {"location_id": "1602183000", "lat": 42.28961707, "lon": -71.0510566}, "arr_time": 1676291077, "arr_date_time": "2023-02-13T07:24:37-05:00", "end_time": 1676291377, "end_date_time": "2023-02-13T07:29:37-05:00", "waiting_time": 0, "distance": 1544, "driving_time": 1477, "preparation_time": 0, "load_before": [0], "load_after": [0]}, {"type": "service", "id": "1602185000_27", "location_id": "1602185000", "address": {"location_id": "1602185000", "lat": 42.28952164, "lon": -71.05138928}, "arr_time": 1676291405, "arr_date_time": "2023-02-13T07:30:05-05:00", "end_time": 1676291705, "end_date_time": "2023-02-13T07:35:05-05:00", "waiting_time": 0, "distance": 1573, "driving_time": 1505, "preparation_time": 0, "load_before": [0], "load_after": [0]}, {"type": "service", "id": "1602188000_28", "location_id": "1602188000", "address": {"location_id": "1602188000", "lat": 42.28943801, "lon": -71.05189795}, "arr_time": 1676291747, "arr_date_time": "2023-02-13T07:35:47-05:00", "end_time": 1676292047, "end_date_time": "2023-02-13T07:40:47-05:00", "waiting_time": 0, "distance": 1616, "driving_time": 1547, "preparation_time": 0, "load_before": [0], "load_after": [0]}, {"type": "service", "id": "1602124000_05", "location_id": "1602124000", "address": {"location_id": "1602124000", "lat": 42.28989664, "lon": -71.05238656}, "arr_time": 1676292163, "arr_date_time": "2023-02-13T07:42:43-05:00", "end_time": 1676292463, "end_date_time": "2023-02-13T07:47:43-05:00", "waiting_time": 0, "distance": 1737, "driving_time": 1663, "preparation_time": 0, "load_before": [0], "load_after": [0]}, {"type": "service", "id": "1602193000_33", "location_id": "1602193000", "address": {"location_id": "1602193000", "lat": 42.28968682, "lon": -71.05226457}, "arr_time": 1676292464, "arr_date_time": "2023-02-13T07:47:44-05:00", "end_time": 1676292764, "end_date_time": "2023-02-13T07:52:44-05:00", "waiting_time": 0, "distance": 1739, "driving_time": 1664, "preparation_time": 0, "load_before": [0], "load_after": [0]}, {"type": "service", "id": "1602194000_34", "location_id": "1602194000", "address": {"location_id": "1602194000", "lat": 42.28963312, "lon": -71.05200897}, "arr_time": 1676292781, "arr_date_time": "2023-02-13T07:53:01-05:00", "end_time": 1676293081, "end_date_time": "2023-02-13T07:58:01-05:00", "waiting_time": 0, "distance": 1757, "driving_time": 1681, "preparation_time": 0, "load_before": [0], "load_after": [0]}, {"type": "service", "id": "1602122000_04", "location_id": "1602122000", "address": {"location_id": "1602122000", "lat": 42.29005674, "lon": -71.05203978}, "arr_time": 1676293095, "arr_date_time": "2023-02-13T07:58:15-05:00", "end_time": 1676293395, "end_date_time": "2023-02-13T08:03:15-05:00", "waiting_time": 0, "distance": 1770, "driving_time": 1695, "preparation_time": 0, "load_before": [0], "load_after": [0]}, {"type": "service", "id": "1602121000_03", "location_id": "1602121000", "address": {"location_id": "1602121000", "lat": 42.29009747, "lon": -71.05188032}, "arr_time": 1676293408, "arr_date_time": "2023-02-13T08:03:28-05:00", "end_time": 1676293708, "end_date_time": "2023-02-13T08:08:28-05:00", "waiting_time": 0, "distance": 1784, "driving_time": 1708, "preparation_time": 0, "load_before": [0], "load_after": [0]}, {"type": "service", "id": "1602118000_02", "location_id": "1602118000", "address": {"location_id": "1602118000", "lat": 42.29021895, "lon": -71.05140473}, "arr_time": 1676293748, "arr_date_time": "2023-02-13T08:09:08-05:00", "end_time": 1676294048, "end_date_time": "2023-02-13T08:14:08-05:00", "waiting_time": 0, "distance": 1825, "driving_time": 1748, "preparation_time": 0, "load_before": [0], "load_after": [0]}, {"type": "service", "id": "1602198000_35", "location_id": "1602198000", "address": {"location_id": "1602198000", "lat": 42.28986485, "lon": -71.05119845}, "arr_time": 1676294051, "arr_date_time": "2023-02-13T08:14:11-05:00", "end_time": 1676294351, "end_date_time": "2023-02-13T08:19:11-05:00", "waiting_time": 0, "distance": 1828, "driving_time": 1751, "preparation_time": 0, "load_before": [0], "load_after": [0]}, {"type": "service", "id": "1602199000_36", "location_id": "1602199000", "address": {"location_id": "1602199000", "lat": 42.28991629, "lon": -71.05100071}, "arr_time": 1676294367, "arr_date_time": "2023-02-13T08:19:27-05:00", "end_time": 1676294667, "end_date_time": "2023-02-13T08:24:27-05:00", "waiting_time": 0, "distance": 1845, "driving_time": 1767, "preparation_time": 0, "load_before": [0], "load_after": [0]}, {"type": "service", "id": "1602201000_37", "location_id": "1602201000", "address": {"location_id": "1602201000", "lat": 42.2899952, "lon": -71.0506934}, "arr_time": 1676294692, "arr_date_time": "2023-02-13T08:24:52-05:00", "end_time": 1676294992, "end_date_time": "2023-02-13T08:29:52-05:00", "waiting_time": 0, "distance": 1872, "driving_time": 1792, "preparation_time": 0, "load_before": [0], "load_after": [0]}, {"type": "service", "id": "1602152000_17", "location_id": "1602152000", "address": {"location_id": "1602152000", "lat": 42.29035245, "lon": -71.05061805}, "arr_time": 1676295011, "arr_date_time": "2023-02-13T08:30:11-05:00", "end_time": 1676295311, "end_date_time": "2023-02-13T08:35:11-05:00", "waiting_time": 0, "distance": 1891, "driving_time": 1811, "preparation_time": 0, "load_before": [0], "load_after": [0]}, {"type": "service", "id": "1602204000_38", "location_id": "1602204000", "address": {"location_id": "1602204000", "lat": 42.29017511, "lon": -71.05007729}, "arr_time": 1676295345, "arr_date_time": "2023-02-13T08:35:45-05:00", "end_time": 1676295645, "end_date_time": "2023-02-13T08:40:45-05:00", "waiting_time": 0, "distance": 1927, "driving_time": 1845, "preparation_time": 0, "load_before": [0], "load_after": [0]}, {"type": "service", "id": "1602205000_39", "location_id": "1602205000", "address": {"location_id": "1602205000", "lat": 42.29020846, "lon": -71.04994387}, "arr_time": 1676295656, "arr_date_time": "2023-02-13T08:40:56-05:00", "end_time": 1676295956, "end_date_time": "2023-02-13T08:45:56-05:00", "waiting_time": 0, "distance": 1939, "driving_time": 1856, "preparation_time": 0, "load_before": [0], "load_after": [0]}, {"type": "service", "id": "1602207000_41", "location_id": "1602207000", "address": {"location_id": "1602207000", "lat": 42.29062322, "lon": -71.04995336}, "arr_time": 1676295964, "arr_date_time": "2023-02-13T08:46:04-05:00", "end_time": 1676296264, "end_date_time": "2023-02-13T08:51:04-05:00", "waiting_time": 0, "distance": 1947, "driving_time": 1864, "preparation_time": 0, "load_before": [0], "load_after": [0]}, {"type": "service", "id": "1602206000_40", "location_id": "1602206000", "address": {"location_id": "1602206000", "lat": 42.29024101, "lon": -71.04981224}, "arr_time": 1676296264, "arr_date_time": "2023-02-13T08:51:04-05:00", "end_time": 1676296564, "end_date_time": "2023-02-13T08:56:04-05:00", "waiting_time": 0, "distance": 1947, "driving_time": 1864, "preparation_time": 0, "load_before": [0], "load_after": [0]}, {"type": "service", "id": "1602151000_16", "location_id": "1602151000", "address": {"location_id": "1602151000", "lat": 42.29042006, "lon": -71.05045689}, "arr_time": 1676296604, "arr_date_time": "2023-02-13T08:56:44-05:00", "end_time": 1676296904, "end_date_time": "2023-02-13T09:01:44-05:00", "waiting_time": 0, "distance": 1989, "driving_time": 1904, "preparation_time": 0, "load_before": [0], "load_after": [0]}, {"type": "service", "id": "1602209000_42", "location_id": "1602209000", "address": {"location_id": "1602209000", "lat": 42.29059193, "lon": -71.05014194}, "arr_time": 1676296913, "arr_date_time": "2023-02-13T09:01:53-05:00", "end_time": 1676297213, "end_date_time": "2023-02-13T09:06:53-05:00", "waiting_time": 0, "distance": 1999, "driving_time": 1913, "preparation_time": 0, "load_before": [0], "load_after": [0]}, {"type": "service", "id": "1602213000_43", "location_id": "1602213000", "address": {"location_id": "1602213000", "lat": 42.29083313, "lon": -71.05017548}, "arr_time": 1676297239, "arr_date_time": "2023-02-13T09:07:19-05:00", "end_time": 1676297539, "end_date_time": "2023-02-13T09:12:19-05:00", "waiting_time": 0, "distance": 2025, "driving_time": 1939, "preparation_time": 0, "load_before": [0], "load_after": [0]}, {"type": "service", "id": "1602215000_44", "location_id": "1602215000", "address": {"location_id": "1602215000", "lat": 42.29118821, "lon": -71.05025248}, "arr_time": 1676297576, "arr_date_time": "2023-02-13T09:12:56-05:00", "end_time": 1676297876, "end_date_time": "2023-02-13T09:17:56-05:00", "waiting_time": 0, "distance": 2064, "driving_time": 1976, "preparation_time": 0, "load_before": [0], "load_after": [0]}, {"type": "service", "id": "1602146000_15", "location_id": "1602146000", "address": {"location_id": "1602146000", "lat": 42.29131953, "lon": -71.05084955}, "arr_time": 1676297904, "arr_date_time": "2023-02-13T09:18:24-05:00", "end_time": 1676298204, "end_date_time": "2023-02-13T09:23:24-05:00", "waiting_time": 0, "distance": 2094, "driving_time": 2004, "preparation_time": 0, "load_before": [0], "load_after": [0]}, {"type": "service", "id": "1602163000_19", "location_id": "1602163000", "address": {"location_id": "1602163000", "lat": 42.29127687, "lon": -71.05102025}, "arr_time": 1676298245, "arr_date_time": "2023-02-13T09:24:05-05:00", "end_time": 1676298545, "end_date_time": "2023-02-13T09:29:05-05:00", "waiting_time": 0, "distance": 2137, "driving_time": 2045, "preparation_time": 0, "load_before": [0], "load_after": [0]}, {"type": "service", "id": "1602165000_20", "location_id": "1602165000", "address": {"location_id": "1602165000", "lat": 42.29147757, "lon": -71.05017176}, "arr_time": 1676298616, "arr_date_time": "2023-02-13T09:30:16-05:00", "end_time": 1676298916, "end_date_time": "2023-02-13T09:35:16-05:00", "waiting_time": 0, "distance": 2211, "driving_time": 2116, "preparation_time": 0, "load_before": [0], "load_after": [0]}, {"type": "service", "id": "1602237030_52", "location_id": "1602237030", "address": {"location_id": "1602237030", "lat": 42.29176457, "lon": -71.05013915}, "arr_time": 1676298928, "arr_date_time": "2023-02-13T09:35:28-05:00", "end_time": 1676299228, "end_date_time": "2023-02-13T09:40:28-05:00", "waiting_time": 0, "distance": 2224, "driving_time": 2128, "preparation_time": 0, "load_before": [0], "load_after": [0]}, {"type": "service", "id": "1602237010_51", "location_id": "1602237010", "address": {"location_id": "1602237010", "lat": 42.29195289, "lon": -71.05029699}, "arr_time": 1676299296, "arr_date_time": "2023-02-13T09:41:36-05:00", "end_time": 1676299596, "end_date_time": "2023-02-13T09:46:36-05:00", "waiting_time": 0, "distance": 2295, "driving_time": 2196, "preparation_time": 0, "load_before": [0], "load_after": [0]}, {"type": "service", "id": "1602236000_50", "location_id": "1602236000", "address": {"location_id": "1602236000", "lat": 42.29204582, "lon": -71.05037605}, "arr_time": 1676299608, "arr_date_time": "2023-02-13T09:46:48-05:00", "end_time": 1676299908, "end_date_time": "2023-02-13T09:51:48-05:00", "waiting_time": 0, "distance": 2307, "driving_time": 2208, "preparation_time": 0, "load_before": [0], "load_after": [0]}, {"type": "service", "id": "1602231000_49", "location_id": "1602231000", "address": {"location_id": "1602231000", "lat": 42.29218398, "lon": -71.05104611}, "arr_time": 1676300051, "arr_date_time": "2023-02-13T09:54:11-05:00", "end_time": 1676300351, "end_date_time": "2023-02-13T09:59:11-05:00", "waiting_time": 0, "distance": 2455, "driving_time": 2351, "preparation_time": 0, "load_before": [0], "load_after": [0]}, {"type": "service", "id": "1602230000_48", "location_id": "1602230000", "address": {"location_id": "1602230000", "lat": 42.29214228, "lon": -71.0512398}, "arr_time": 1676300367, "arr_date_time": "2023-02-13T09:59:27-05:00", "end_time": 1676300667, "end_date_time": "2023-02-13T10:04:27-05:00", "waiting_time": 0, "distance": 2472, "driving_time": 2367, "preparation_time": 0, "load_before": [0], "load_after": [0]}, {"type": "service", "id": "1602226000_47", "location_id": "1602226000", "address": {"location_id": "1602226000", "lat": 42.29196266, "lon": -71.05193932}, "arr_time": 1676300725, "arr_date_time": "2023-02-13T10:05:25-05:00", "end_time": 1676301025, "end_date_time": "2023-02-13T10:10:25-05:00", "waiting_time": 0, "distance": 2533, "driving_time": 2425, "preparation_time": 0, "load_before": [0], "load_after": [0]}]}], "unassigned": {"services": [], "shipments": [], "breaks": [], "details": []}}}