{"copyrights": ["GraphHopper", "OpenStreetMap contributors"], "job_id": "409f78a3-4291-4f65-b8d1-44eeb78ab872", "status": "finished", "waiting_time_in_queue": 0, "processing_time": 144, "solution": {"costs": 348, "distance": 4125, "time": 3953, "transport_time": 3953, "completion_time": 18353, "max_operation_time": 18353, "waiting_time": 0, "service_duration": 14400, "preparation_time": 0, "no_vehicles": 1, "no_unassigned": 0, "routes": [{"vehicle_id": "my_vehicle", "shift_id": "default-shift", "distance": 4125, "transport_time": 3953, "completion_time": 18353, "waiting_time": 0, "service_duration": 14400, "preparation_time": 0, "activities": [{"type": "start", "location_id": "1101820000", "address": {"location_id": "1101820000", "lat": 42.31769657, "lon": -71.09483699}, "arr_time": 1676278800, "arr_date_time": "2023-02-13T04:00:00-05:00", "end_time": 1676278800, "end_date_time": "2023-02-13T04:00:00-05:00", "waiting_time": 0, "distance": 0, "driving_time": 0, "preparation_time": 0, "load_after": [0]}, {"type": "service", "id": "1101748000_15", "location_id": "1101748000", "address": {"location_id": "1101748000", "lat": 42.31753353, "lon": -71.0944416}, "arr_time": 1676278801, "arr_date_time": "2023-02-13T04:00:01-05:00", "end_time": 1676279101, "end_date_time": "2023-02-13T04:05:01-05:00", "waiting_time": 0, "distance": 2, "driving_time": 1, "preparation_time": 0, "load_before": [0], "load_after": [0]}, {"type": "service", "id": "1101747000_14", "location_id": "1101747000", "address": {"location_id": "1101747000", "lat": 42.31739265, "lon": -71.09453186}, "arr_time": 1676279117, "arr_date_time": "2023-02-13T04:05:17-05:00", "end_time": 1676279417, "end_date_time": "2023-02-13T04:10:17-05:00", "waiting_time": 0, "distance": 19, "driving_time": 17, "preparation_time": 0, "load_before": [0], "load_after": [0]}, {"type": "service", "id": "1101823000_23", "location_id": "1101823000", "address": {"location_id": "1101823000", "lat": 42.31735082, "lon": -71.09497177}, "arr_time": 1676279437, "arr_date_time": "2023-02-13T04:10:37-05:00", "end_time": 1676279737, "end_date_time": "2023-02-13T04:15:37-05:00", "waiting_time": 0, "distance": 39, "driving_time": 37, "preparation_time": 0, "load_before": [0], "load_after": [0]}, {"type": "service", "id": "1101746000_13", "location_id": "1101746000", "address": {"location_id": "1101746000", "lat": 42.31724373, "lon": -71.09468356}, "arr_time": 1676279737, "arr_date_time": "2023-02-13T04:15:37-05:00", "end_time": 1676280037, "end_date_time": "2023-02-13T04:20:37-05:00", "waiting_time": 0, "distance": 39, "driving_time": 37, "preparation_time": 0, "load_before": [0], "load_after": [0]}, {"type": "service", "id": "1101692000_07", "location_id": "1101692000", "address": {"location_id": "1101692000", "lat": 42.31693117, "lon": -71.09513357}, "arr_time": 1676280060, "arr_date_time": "2023-02-13T04:21:00-05:00", "end_time": 1676280360, "end_date_time": "2023-02-13T04:26:00-05:00", "waiting_time": 0, "distance": 63, "driving_time": 60, "preparation_time": 0, "load_before": [0], "load_after": [0]}, {"type": "service", "id": "1101824000_24", "location_id": "1101824000", "address": {"location_id": "1101824000", "lat": 42.31739989, "lon": -71.09511411}, "arr_time": 1676280381, "arr_date_time": "2023-02-13T04:26:21-05:00", "end_time": 1676280681, "end_date_time": "2023-02-13T04:31:21-05:00", "waiting_time": 0, "distance": 85, "driving_time": 81, "preparation_time": 0, "load_before": [0], "load_after": [0]}, {"type": "service", "id": "1101745000_12", "location_id": "1101745000", "address": {"location_id": "1101745000", "lat": 42.31718103, "lon": -71.09450587}, "arr_time": 1676280736, "arr_date_time": "2023-02-13T04:32:16-05:00", "end_time": 1676281036, "end_date_time": "2023-02-13T04:37:16-05:00", "waiting_time": 0, "distance": 142, "driving_time": 136, "preparation_time": 0, "load_before": [0], "load_after": [0]}, {"type": "service", "id": "1101815000_21", "location_id": "1101815000", "address": {"location_id": "1101815000", "lat": 42.31710713, "lon": -71.09382548}, "arr_time": 1676281101, "arr_date_time": "2023-02-13T04:38:21-05:00", "end_time": 1676281401, "end_date_time": "2023-02-13T04:43:21-05:00", "waiting_time": 0, "distance": 211, "driving_time": 201, "preparation_time": 0, "load_before": [0], "load_after": [0]}, {"type": "service", "id": "1101750000_16", "location_id": "1101750000", "address": {"location_id": "1101750000", "lat": 42.31735406, "lon": -71.09421559}, "arr_time": 1676281412, "arr_date_time": "2023-02-13T04:43:32-05:00", "end_time": 1676281712, "end_date_time": "2023-02-13T04:48:32-05:00", "waiting_time": 0, "distance": 222, "driving_time": 212, "preparation_time": 0, "load_before": [0], "load_after": [0]}, {"type": "service", "id": "1101818000_22", "location_id": "1101818000", "address": {"location_id": "1101818000", "lat": 42.31735279, "lon": -71.09361974}, "arr_time": 1676281732, "arr_date_time": "2023-02-13T04:48:52-05:00", "end_time": 1676282032, "end_date_time": "2023-02-13T04:53:52-05:00", "waiting_time": 0, "distance": 243, "driving_time": 232, "preparation_time": 0, "load_before": [0], "load_after": [0]}, {"type": "service", "id": "1101698000_08", "location_id": "1101698000", "address": {"location_id": "1101698000", "lat": 42.31662244, "lon": -71.09399485}, "arr_time": 1676282129, "arr_date_time": "2023-02-13T04:55:29-05:00", "end_time": 1676282429, "end_date_time": "2023-02-13T05:00:29-05:00", "waiting_time": 0, "distance": 344, "driving_time": 329, "preparation_time": 0, "load_before": [0], "load_after": [0]}, {"type": "service", "id": "1101812000_20", "location_id": "1101812000", "address": {"location_id": "1101812000", "lat": 42.31690815, "lon": -71.09366123}, "arr_time": 1676282441, "arr_date_time": "2023-02-13T05:00:41-05:00", "end_time": 1676282741, "end_date_time": "2023-02-13T05:05:41-05:00", "waiting_time": 0, "distance": 356, "driving_time": 341, "preparation_time": 0, "load_before": [0], "load_after": [0]}, {"type": "service", "id": "1101700000_09", "location_id": "1101700000", "address": {"location_id": "1101700000", "lat": 42.31654986, "lon": -71.09379053}, "arr_time": 1676282748, "arr_date_time": "2023-02-13T05:05:48-05:00", "end_time": 1676283048, "end_date_time": "2023-02-13T05:10:48-05:00", "waiting_time": 0, "distance": 363, "driving_time": 348, "preparation_time": 0, "load_before": [0], "load_after": [0]}, {"type": "service", "id": "1101811000_19", "location_id": "1101811000", "address": {"location_id": "1101811000", "lat": 42.31687472, "lon": -71.09342712}, "arr_time": 1676283060, "arr_date_time": "2023-02-13T05:11:00-05:00", "end_time": 1676283360, "end_date_time": "2023-02-13T05:16:00-05:00", "waiting_time": 0, "distance": 376, "driving_time": 360, "preparation_time": 0, "load_before": [0], "load_after": [0]}, {"type": "service", "id": "1101810000_18", "location_id": "1101810000", "address": {"location_id": "1101810000", "lat": 42.31689487, "lon": -71.09324483}, "arr_time": 1676283413, "arr_date_time": "2023-02-13T05:16:53-05:00", "end_time": 1676283713, "end_date_time": "2023-02-13T05:21:53-05:00", "waiting_time": 0, "distance": 432, "driving_time": 413, "preparation_time": 0, "load_before": [0], "load_after": [0]}, {"type": "service", "id": "1101808000_17", "location_id": "1101808000", "address": {"location_id": "1101808000", "lat": 42.31699416, "lon": -71.09304527}, "arr_time": 1676283727, "arr_date_time": "2023-02-13T05:22:07-05:00", "end_time": 1676284027, "end_date_time": "2023-02-13T05:27:07-05:00", "waiting_time": 0, "distance": 446, "driving_time": 427, "preparation_time": 0, "load_before": [0], "load_after": [0]}, {"type": "service", "id": "1101644030_02", "location_id": "1101644030", "address": {"location_id": "1101644030", "lat": 42.31585957, "lon": -71.09544086}, "arr_time": 1676284323, "arr_date_time": "2023-02-13T05:32:03-05:00", "end_time": 1676284623, "end_date_time": "2023-02-13T05:37:03-05:00", "waiting_time": 0, "distance": 755, "driving_time": 723, "preparation_time": 0, "load_before": [0], "load_after": [0]}, {"type": "service", "id": "1101705000_10", "location_id": "1101705000", "address": {"location_id": "1101705000", "lat": 42.31653549, "lon": -71.09530021}, "arr_time": 1676284653, "arr_date_time": "2023-02-13T05:37:33-05:00", "end_time": 1676284953, "end_date_time": "2023-02-13T05:42:33-05:00", "waiting_time": 0, "distance": 788, "driving_time": 753, "preparation_time": 0, "load_before": [0], "load_after": [0]}, {"type": "service", "id": "1101644020_01", "location_id": "1101644020", "address": {"location_id": "1101644020", "lat": 42.31587809, "lon": -71.0955415}, "arr_time": 1676284992, "arr_date_time": "2023-02-13T05:43:12-05:00", "end_time": 1676285292, "end_date_time": "2023-02-13T05:48:12-05:00", "waiting_time": 0, "distance": 828, "driving_time": 792, "preparation_time": 0, "load_before": [0], "load_after": [0]}, {"type": "service", "id": "1101707000_11", "location_id": "1101707000", "address": {"location_id": "1101707000", "lat": 42.3167569, "lon": -71.09587385}, "arr_time": 1676285368, "arr_date_time": "2023-02-13T05:49:28-05:00", "end_time": 1676285668, "end_date_time": "2023-02-13T05:54:28-05:00", "waiting_time": 0, "distance": 907, "driving_time": 868, "preparation_time": 0, "load_before": [0], "load_after": [0]}, {"type": "service", "id": "1101644040_03", "location_id": "1101644040", "address": {"location_id": "1101644040", "lat": 42.31579157, "lon": -71.09539669}, "arr_time": 1676285829, "arr_date_time": "2023-02-13T05:57:09-05:00", "end_time": 1676286129, "end_date_time": "2023-02-13T06:02:09-05:00", "waiting_time": 0, "distance": 1076, "driving_time": 1029, "preparation_time": 0, "load_before": [0], "load_after": [0]}, {"type": "service", "id": "1101651000_04", "location_id": "1101651000", "address": {"location_id": "1101651000", "lat": 42.3156006, "lon": -71.09586005}, "arr_time": 1676286243, "arr_date_time": "2023-02-13T06:04:03-05:00", "end_time": 1676286543, "end_date_time": "2023-02-13T06:09:03-05:00", "waiting_time": 0, "distance": 1194, "driving_time": 1143, "preparation_time": 0, "load_before": [0], "load_after": [0]}, {"type": "service", "id": "1101677000_05", "location_id": "1101677000", "address": {"location_id": "1101677000", "lat": 42.31532863, "lon": -71.09391286}, "arr_time": 1676286873, "arr_date_time": "2023-02-13T06:14:33-05:00", "end_time": 1676287173, "end_date_time": "2023-02-13T06:19:33-05:00", "waiting_time": 0, "distance": 1538, "driving_time": 1473, "preparation_time": 0, "load_before": [0], "load_after": [0]}, {"type": "service", "id": "1101678002_06", "location_id": "1101678002", "address": {"location_id": "1101678002", "lat": 42.31525986, "lon": -71.09429525}, "arr_time": 1676287179, "arr_date_time": "2023-02-13T06:19:39-05:00", "end_time": 1676287479, "end_date_time": "2023-02-13T06:24:39-05:00", "waiting_time": 0, "distance": 1544, "driving_time": 1479, "preparation_time": 0, "load_before": [0], "load_after": [0]}, {"type": "service", "id": "1203008000_26", "location_id": "1203008000", "address": {"location_id": "1203008000", "lat": 42.31430746, "lon": -71.09214707}, "arr_time": 1676287660, "arr_date_time": "2023-02-13T06:27:40-05:00", "end_time": 1676287960, "end_date_time": "2023-02-13T06:32:40-05:00", "waiting_time": 0, "distance": 1733, "driving_time": 1660, "preparation_time": 0, "load_before": [0], "load_after": [0]}, {"type": "service", "id": "1203009000_27", "location_id": "1203009000", "address": {"location_id": "1203009000", "lat": 42.31424171, "lon": -71.09186825}, "arr_time": 1676287983, "arr_date_time": "2023-02-13T06:33:03-05:00", "end_time": 1676288283, "end_date_time": "2023-02-13T06:38:03-05:00", "waiting_time": 0, "distance": 1757, "driving_time": 1683, "preparation_time": 0, "load_before": [0], "load_after": [0]}, {"type": "service", "id": "1202988000_25", "location_id": "1202988000", "address": {"location_id": "1202988000", "lat": 42.31514495, "lon": -71.09226113}, "arr_time": 1676288421, "arr_date_time": "2023-02-13T06:40:21-05:00", "end_time": 1676288721, "end_date_time": "2023-02-13T06:45:21-05:00", "waiting_time": 0, "distance": 1901, "driving_time": 1821, "preparation_time": 0, "load_before": [0], "load_after": [0]}, {"type": "service", "id": "1203226000_40", "location_id": "1203226000", "address": {"location_id": "1203226000", "lat": 42.31530391, "lon": -71.09170592}, "arr_time": 1676288744, "arr_date_time": "2023-02-13T06:45:44-05:00", "end_time": 1676289044, "end_date_time": "2023-02-13T06:50:44-05:00", "waiting_time": 0, "distance": 1925, "driving_time": 1844, "preparation_time": 0, "load_before": [0], "load_after": [0]}, {"type": "service", "id": "1203288020_46", "location_id": "1203288020", "address": {"location_id": "1203288020", "lat": 42.31573989, "lon": -71.091428}, "arr_time": 1676289101, "arr_date_time": "2023-02-13T06:51:41-05:00", "end_time": 1676289401, "end_date_time": "2023-02-13T06:56:41-05:00", "waiting_time": 0, "distance": 1985, "driving_time": 1901, "preparation_time": 0, "load_before": [0], "load_after": [0]}, {"type": "service", "id": "1203288010_45", "location_id": "1203288010", "address": {"location_id": "1203288010", "lat": 42.31569235, "lon": -71.0912637}, "arr_time": 1676289415, "arr_date_time": "2023-02-13T06:56:55-05:00", "end_time": 1676289715, "end_date_time": "2023-02-13T07:01:55-05:00", "waiting_time": 0, "distance": 2000, "driving_time": 1915, "preparation_time": 0, "load_before": [0], "load_after": [0]}, {"type": "service", "id": "1203287010_44", "location_id": "1203287010", "address": {"location_id": "1203287010", "lat": 42.31568072, "lon": -71.09108743}, "arr_time": 1676289728, "arr_date_time": "2023-02-13T07:02:08-05:00", "end_time": 1676290028, "end_date_time": "2023-02-13T07:07:08-05:00", "waiting_time": 0, "distance": 2014, "driving_time": 1928, "preparation_time": 0, "load_before": [0], "load_after": [0]}, {"type": "service", "id": "1203286020_43", "location_id": "1203286020", "address": {"location_id": "1203286020", "lat": 42.31550567, "lon": -71.09090037}, "arr_time": 1676290049, "arr_date_time": "2023-02-13T07:07:29-05:00", "end_time": 1676290349, "end_date_time": "2023-02-13T07:12:29-05:00", "waiting_time": 0, "distance": 2036, "driving_time": 1949, "preparation_time": 0, "load_before": [0], "load_after": [0]}, {"type": "service", "id": "1203286010_42", "location_id": "1203286010", "address": {"location_id": "1203286010", "lat": 42.3156288, "lon": -71.09083901}, "arr_time": 1676290399, "arr_date_time": "2023-02-13T07:13:19-05:00", "end_time": 1676290699, "end_date_time": "2023-02-13T07:18:19-05:00", "waiting_time": 0, "distance": 2087, "driving_time": 1999, "preparation_time": 0, "load_before": [0], "load_after": [0]}, {"type": "service", "id": "1203295040_48", "location_id": "1203295040", "address": {"location_id": "1203295040", "lat": 42.31576409, "lon": -71.09074949}, "arr_time": 1676290715, "arr_date_time": "2023-02-13T07:18:35-05:00", "end_time": 1676291015, "end_date_time": "2023-02-13T07:23:35-05:00", "waiting_time": 0, "distance": 2104, "driving_time": 2015, "preparation_time": 0, "load_before": [0], "load_after": [0]}, {"type": "service", "id": "1203295030_47", "location_id": "1203295030", "address": {"location_id": "1203295030", "lat": 42.31588624, "lon": -71.09069261}, "arr_time": 1676291059, "arr_date_time": "2023-02-13T07:24:19-05:00", "end_time": 1676291359, "end_date_time": "2023-02-13T07:29:19-05:00", "waiting_time": 0, "distance": 2150, "driving_time": 2059, "preparation_time": 0, "load_before": [0], "load_after": [0]}, {"type": "service", "id": "1203279000_41", "location_id": "1203279000", "address": {"location_id": "1203279000", "lat": 42.31516987, "lon": -71.08946223}, "arr_time": 1676291507, "arr_date_time": "2023-02-13T07:31:47-05:00", "end_time": 1676291807, "end_date_time": "2023-02-13T07:36:47-05:00", "waiting_time": 0, "distance": 2304, "driving_time": 2207, "preparation_time": 0, "load_before": [0], "load_after": [0]}, {"type": "service", "id": "1203196000_37", "location_id": "1203196000", "address": {"location_id": "1203196000", "lat": 42.31451941, "lon": -71.08949925}, "arr_time": 1676292139, "arr_date_time": "2023-02-13T07:42:19-05:00", "end_time": 1676292439, "end_date_time": "2023-02-13T07:47:19-05:00", "waiting_time": 0, "distance": 2650, "driving_time": 2539, "preparation_time": 0, "load_before": [0], "load_after": [0]}, {"type": "service", "id": "1203204010_38", "location_id": "1203204010", "address": {"location_id": "1203204010", "lat": 42.31478607, "lon": -71.09053304}, "arr_time": 1676292525, "arr_date_time": "2023-02-13T07:48:45-05:00", "end_time": 1676292825, "end_date_time": "2023-02-13T07:53:45-05:00", "waiting_time": 0, "distance": 2740, "driving_time": 2625, "preparation_time": 0, "load_before": [0], "load_after": [0]}, {"type": "service", "id": "1203180020_36", "location_id": "1203180020", "address": {"location_id": "1203180020", "lat": 42.31449024, "lon": -71.09084123}, "arr_time": 1676292849, "arr_date_time": "2023-02-13T07:54:09-05:00", "end_time": 1676293149, "end_date_time": "2023-02-13T07:59:09-05:00", "waiting_time": 0, "distance": 2765, "driving_time": 2649, "preparation_time": 0, "load_before": [0], "load_after": [0]}, {"type": "service", "id": "1203206010_39", "location_id": "1203206010", "address": {"location_id": "1203206010", "lat": 42.31484014, "lon": -71.09080619}, "arr_time": 1676293192, "arr_date_time": "2023-02-13T07:59:52-05:00", "end_time": 1676293492, "end_date_time": "2023-02-13T08:04:52-05:00", "waiting_time": 0, "distance": 2810, "driving_time": 2692, "preparation_time": 0, "load_before": [0], "load_after": [0]}, {"type": "service", "id": "1203016000_28", "location_id": "1203016000", "address": {"location_id": "1203016000", "lat": 42.31419486, "lon": -71.09264977}, "arr_time": 1676293725, "arr_date_time": "2023-02-13T08:08:45-05:00", "end_time": 1676294025, "end_date_time": "2023-02-13T08:13:45-05:00", "waiting_time": 0, "distance": 3054, "driving_time": 2925, "preparation_time": 0, "load_before": [0], "load_after": [0]}, {"type": "service", "id": "1203034000_29", "location_id": "1203034000", "address": {"location_id": "1203034000", "lat": 42.31347206, "lon": -71.0930493}, "arr_time": 1676294244, "arr_date_time": "2023-02-13T08:17:24-05:00", "end_time": 1676294544, "end_date_time": "2023-02-13T08:22:24-05:00", "waiting_time": 0, "distance": 3282, "driving_time": 3144, "preparation_time": 0, "load_before": [0], "load_after": [0]}, {"type": "service", "id": "1203063000_30", "location_id": "1203063000", "address": {"location_id": "1203063000", "lat": 42.31352461, "lon": -71.09445774}, "arr_time": 1676294715, "arr_date_time": "2023-02-13T08:25:15-05:00", "end_time": 1676295015, "end_date_time": "2023-02-13T08:30:15-05:00", "waiting_time": 0, "distance": 3460, "driving_time": 3315, "preparation_time": 0, "load_before": [0], "load_after": [0]}, {"type": "service", "id": "1203074000_34", "location_id": "1203074000", "address": {"location_id": "1203074000", "lat": 42.31130324, "lon": -71.09292564}, "arr_time": 1676295300, "arr_date_time": "2023-02-13T08:35:00-05:00", "end_time": 1676295600, "end_date_time": "2023-02-13T08:40:00-05:00", "waiting_time": 0, "distance": 3758, "driving_time": 3600, "preparation_time": 0, "load_before": [0], "load_after": [0]}, {"type": "service", "id": "1203073030_33", "location_id": "1203073030", "address": {"location_id": "1203073030", "lat": 42.31103022, "lon": -71.09286966}, "arr_time": 1676295633, "arr_date_time": "2023-02-13T08:40:33-05:00", "end_time": 1676295933, "end_date_time": "2023-02-13T08:45:33-05:00", "waiting_time": 0, "distance": 3792, "driving_time": 3633, "preparation_time": 0, "load_before": [0], "load_after": [0]}, {"type": "service", "id": "1203073020_32", "location_id": "1203073020", "address": {"location_id": "1203073020", "lat": 42.31087909, "lon": -71.09279305}, "arr_time": 1676296003, "arr_date_time": "2023-02-13T08:46:43-05:00", "end_time": 1676296303, "end_date_time": "2023-02-13T08:51:43-05:00", "waiting_time": 0, "distance": 3864, "driving_time": 3703, "preparation_time": 0, "load_before": [0], "load_after": [0]}, {"type": "service", "id": "1203073010_31", "location_id": "1203073010", "address": {"location_id": "1203073010", "lat": 42.31108136, "lon": -71.09267779}, "arr_time": 1676296325, "arr_date_time": "2023-02-13T08:52:05-05:00", "end_time": 1676296625, "end_date_time": "2023-02-13T08:57:05-05:00", "waiting_time": 0, "distance": 3888, "driving_time": 3725, "preparation_time": 0, "load_before": [0], "load_after": [0]}, {"type": "service", "id": "1203089000_35", "location_id": "1203089000", "address": {"location_id": "1203089000", "lat": 42.31071688, "lon": -71.09188068}, "arr_time": 1676296853, "arr_date_time": "2023-02-13T09:00:53-05:00", "end_time": 1676297153, "end_date_time": "2023-02-13T09:05:53-05:00", "waiting_time": 0, "distance": 4125, "driving_time": 3953, "preparation_time": 0, "load_before": [0], "load_after": [0]}]}], "unassigned": {"services": [], "shipments": [], "breaks": [], "details": []}}}