{"copyrights": ["GraphHopper", "OpenStreetMap contributors"], "job_id": "122f0305-f1b7-4981-a7e6-678de32c173c", "status": "finished", "waiting_time_in_queue": 0, "processing_time": 113, "solution": {"costs": 329, "distance": 2611, "time": 2544, "transport_time": 2544, "completion_time": 16044, "max_operation_time": 16044, "waiting_time": 0, "service_duration": 13500, "preparation_time": 0, "no_vehicles": 1, "no_unassigned": 0, "routes": [{"vehicle_id": "my_vehicle", "shift_id": "default-shift", "distance": 2611, "transport_time": 2544, "completion_time": 16044, "waiting_time": 0, "service_duration": 13500, "preparation_time": 0, "activities": [{"type": "start", "location_id": "1302363000", "address": {"location_id": "1302363000", "lat": 42.31213921, "lon": -71.04682877}, "arr_time": 1676278800, "arr_date_time": "2023-02-13T04:00:00-05:00", "end_time": 1676278800, "end_date_time": "2023-02-13T04:00:00-05:00", "waiting_time": 0, "distance": 0, "driving_time": 0, "preparation_time": 0, "load_after": [0]}, {"type": "service", "id": "1302363002_39", "location_id": "1302363002", "address": {"location_id": "1302363002", "lat": 42.3120684, "lon": -71.04648243}, "arr_time": 1676278881, "arr_date_time": "2023-02-13T04:01:21-05:00", "end_time": 1676279181, "end_date_time": "2023-02-13T04:06:21-05:00", "waiting_time": 0, "distance": 84, "driving_time": 81, "preparation_time": 0, "load_before": [0], "load_after": [0]}, {"type": "service", "id": "1302352000_38", "location_id": "1302352000", "address": {"location_id": "1302352000", "lat": 42.31155999, "lon": -71.04649056}, "arr_time": 1676279393, "arr_date_time": "2023-02-13T04:09:53-05:00", "end_time": 1676279693, "end_date_time": "2023-02-13T04:14:53-05:00", "waiting_time": 0, "distance": 305, "driving_time": 293, "preparation_time": 0, "load_before": [0], "load_after": [0]}, {"type": "service", "id": "1302351000_37", "location_id": "1302351000", "address": {"location_id": "1302351000", "lat": 42.31147207, "lon": -71.04688967}, "arr_time": 1676279727, "arr_date_time": "2023-02-13T04:15:27-05:00", "end_time": 1676280027, "end_date_time": "2023-02-13T04:20:27-05:00", "waiting_time": 0, "distance": 339, "driving_time": 327, "preparation_time": 0, "load_before": [0], "load_after": [0]}, {"type": "service", "id": "1302347000_36", "location_id": "1302347000", "address": {"location_id": "1302347000", "lat": 42.31129117, "lon": -71.04651812}, "arr_time": 1676280152, "arr_date_time": "2023-02-13T04:22:32-05:00", "end_time": 1676280452, "end_date_time": "2023-02-13T04:27:32-05:00", "waiting_time": 0, "distance": 470, "driving_time": 452, "preparation_time": 0, "load_before": [0], "load_after": [0]}, {"type": "service", "id": "1302341000_35", "location_id": "1302341000", "address": {"location_id": "1302341000", "lat": 42.3110298, "lon": -71.04603094}, "arr_time": 1676280481, "arr_date_time": "2023-02-13T04:28:01-05:00", "end_time": 1676280781, "end_date_time": "2023-02-13T04:33:01-05:00", "waiting_time": 0, "distance": 501, "driving_time": 481, "preparation_time": 0, "load_before": [0], "load_after": [0]}, {"type": "service", "id": "1302335000_34", "location_id": "1302335000", "address": {"location_id": "1302335000", "lat": 42.31073037, "lon": -71.04680734}, "arr_time": 1676280904, "arr_date_time": "2023-02-13T04:35:04-05:00", "end_time": 1676281204, "end_date_time": "2023-02-13T04:40:04-05:00", "waiting_time": 0, "distance": 628, "driving_time": 604, "preparation_time": 0, "load_before": [0], "load_after": [0]}, {"type": "service", "id": "1302330000_33", "location_id": "1302330000", "address": {"location_id": "1302330000", "lat": 42.31023386, "lon": -71.04670881}, "arr_time": 1676281288, "arr_date_time": "2023-02-13T04:41:28-05:00", "end_time": 1676281588, "end_date_time": "2023-02-13T04:46:28-05:00", "waiting_time": 0, "distance": 715, "driving_time": 688, "preparation_time": 0, "load_before": [0], "load_after": [0]}, {"type": "service", "id": "1302324001_28", "location_id": "1302324001", "address": {"location_id": "1302324001", "lat": 42.30983824, "lon": -71.04613196}, "arr_time": 1676281620, "arr_date_time": "2023-02-13T04:47:00-05:00", "end_time": 1676281920, "end_date_time": "2023-02-13T04:52:00-05:00", "waiting_time": 0, "distance": 749, "driving_time": 720, "preparation_time": 0, "load_before": [0], "load_after": [0]}, {"type": "service", "id": "1302329002_32", "location_id": "1302329002", "address": {"location_id": "1302329002", "lat": 42.31031422, "lon": -71.04602991}, "arr_time": 1676281921, "arr_date_time": "2023-02-13T04:52:01-05:00", "end_time": 1676282221, "end_date_time": "2023-02-13T04:57:01-05:00", "waiting_time": 0, "distance": 751, "driving_time": 721, "preparation_time": 0, "load_before": [0], "load_after": [0]}, {"type": "service", "id": "1302328000_30", "location_id": "1302328000", "address": {"location_id": "1302328000", "lat": 42.31016929, "lon": -71.04602942}, "arr_time": 1676282221, "arr_date_time": "2023-02-13T04:57:01-05:00", "end_time": 1676282521, "end_date_time": "2023-02-13T05:02:01-05:00", "waiting_time": 0, "distance": 751, "driving_time": 721, "preparation_time": 0, "load_before": [0], "load_after": [0]}, {"type": "service", "id": "1302329000_31", "location_id": "1302329000", "address": {"location_id": "1302329000", "lat": 42.31037685, "lon": -71.04629773}, "arr_time": 1676282521, "arr_date_time": "2023-02-13T05:02:01-05:00", "end_time": 1676282821, "end_date_time": "2023-02-13T05:07:01-05:00", "waiting_time": 0, "distance": 751, "driving_time": 721, "preparation_time": 0, "load_before": [0], "load_after": [0]}, {"type": "service", "id": "1302325000_29", "location_id": "1302325000", "address": {"location_id": "1302325000", "lat": 42.30989847, "lon": -71.04658945}, "arr_time": 1676282900, "arr_date_time": "2023-02-13T05:08:20-05:00", "end_time": 1676283200, "end_date_time": "2023-02-13T05:13:20-05:00", "waiting_time": 0, "distance": 833, "driving_time": 800, "preparation_time": 0, "load_before": [0], "load_after": [0]}, {"type": "service", "id": "1302324000_27", "location_id": "1302324000", "address": {"location_id": "1302324000", "lat": 42.30975446, "lon": -71.0465457}, "arr_time": 1676283216, "arr_date_time": "2023-02-13T05:13:36-05:00", "end_time": 1676283516, "end_date_time": "2023-02-13T05:18:36-05:00", "waiting_time": 0, "distance": 849, "driving_time": 816, "preparation_time": 0, "load_before": [0], "load_after": [0]}, {"type": "service", "id": "1302322000_26", "location_id": "1302322000", "address": {"location_id": "1302322000", "lat": 42.3093287, "lon": -71.04648423}, "arr_time": 1676283575, "arr_date_time": "2023-02-13T05:19:35-05:00", "end_time": 1676283875, "end_date_time": "2023-02-13T05:24:35-05:00", "waiting_time": 0, "distance": 910, "driving_time": 875, "preparation_time": 0, "load_before": [0], "load_after": [0]}, {"type": "service", "id": "1302315000_23", "location_id": "1302315000", "address": {"location_id": "1302315000", "lat": 42.30897622, "lon": -71.04615337}, "arr_time": 1676283897, "arr_date_time": "2023-02-13T05:24:57-05:00", "end_time": 1676284197, "end_date_time": "2023-02-13T05:29:57-05:00", "waiting_time": 0, "distance": 934, "driving_time": 897, "preparation_time": 0, "load_before": [0], "load_after": [0]}, {"type": "service", "id": "1302320000_24", "location_id": "1302320000", "address": {"location_id": "1302320000", "lat": 42.30968474, "lon": -71.04608052}, "arr_time": 1676284257, "arr_date_time": "2023-02-13T05:30:57-05:00", "end_time": 1676284557, "end_date_time": "2023-02-13T05:35:57-05:00", "waiting_time": 0, "distance": 997, "driving_time": 957, "preparation_time": 0, "load_before": [0], "load_after": [0]}, {"type": "service", "id": "1302321000_25", "location_id": "1302321000", "address": {"location_id": "1302321000", "lat": 42.30936275, "lon": -71.04630366}, "arr_time": 1676284583, "arr_date_time": "2023-02-13T05:36:23-05:00", "end_time": 1676284883, "end_date_time": "2023-02-13T05:41:23-05:00", "waiting_time": 0, "distance": 1023, "driving_time": 983, "preparation_time": 0, "load_before": [0], "load_after": [0]}, {"type": "service", "id": "1302470000_40", "location_id": "1302470000", "address": {"location_id": "1302470000", "lat": 42.30944931, "lon": -71.04715568}, "arr_time": 1676284955, "arr_date_time": "2023-02-13T05:42:35-05:00", "end_time": 1676285255, "end_date_time": "2023-02-13T05:47:35-05:00", "waiting_time": 0, "distance": 1098, "driving_time": 1055, "preparation_time": 0, "load_before": [0], "load_after": [0]}, {"type": "service", "id": "1302309000_21", "location_id": "1302309000", "address": {"location_id": "1302309000", "lat": 42.30875342, "lon": -71.04719791}, "arr_time": 1676285293, "arr_date_time": "2023-02-13T05:48:13-05:00", "end_time": 1676285593, "end_date_time": "2023-02-13T05:53:13-05:00", "waiting_time": 0, "distance": 1138, "driving_time": 1093, "preparation_time": 0, "load_before": [0], "load_after": [0]}, {"type": "service", "id": "1302312000_22", "location_id": "1302312000", "address": {"location_id": "1302312000", "lat": 42.30892465, "lon": -71.04665456}, "arr_time": 1676285593, "arr_date_time": "2023-02-13T05:53:13-05:00", "end_time": 1676285893, "end_date_time": "2023-02-13T05:58:13-05:00", "waiting_time": 0, "distance": 1138, "driving_time": 1093, "preparation_time": 0, "load_before": [0], "load_after": [0]}, {"type": "service", "id": "1302471000_41", "location_id": "1302471000", "address": {"location_id": "1302471000", "lat": 42.30941137, "lon": -71.04742219}, "arr_time": 1676285952, "arr_date_time": "2023-02-13T05:59:12-05:00", "end_time": 1676286252, "end_date_time": "2023-02-13T06:04:12-05:00", "waiting_time": 0, "distance": 1200, "driving_time": 1152, "preparation_time": 0, "load_before": [0], "load_after": [0]}, {"type": "service", "id": "1302472000_42", "location_id": "1302472000", "address": {"location_id": "1302472000", "lat": 42.30939702, "lon": -71.04767887}, "arr_time": 1676286272, "arr_date_time": "2023-02-13T06:04:32-05:00", "end_time": 1676286572, "end_date_time": "2023-02-13T06:09:32-05:00", "waiting_time": 0, "distance": 1220, "driving_time": 1172, "preparation_time": 0, "load_before": [0], "load_after": [0]}, {"type": "service", "id": "1302307000_20", "location_id": "1302307000", "address": {"location_id": "1302307000", "lat": 42.30876803, "lon": -71.04761758}, "arr_time": 1676286591, "arr_date_time": "2023-02-13T06:09:51-05:00", "end_time": 1676286891, "end_date_time": "2023-02-13T06:14:51-05:00", "waiting_time": 0, "distance": 1239, "driving_time": 1191, "preparation_time": 0, "load_before": [0], "load_after": [0]}, {"type": "service", "id": "1302476000_43", "location_id": "1302476000", "address": {"location_id": "1302476000", "lat": 42.30920087, "lon": -71.04834257}, "arr_time": 1676286929, "arr_date_time": "2023-02-13T06:15:29-05:00", "end_time": 1676287229, "end_date_time": "2023-02-13T06:20:29-05:00", "waiting_time": 0, "distance": 1279, "driving_time": 1229, "preparation_time": 0, "load_before": [0], "load_after": [0]}, {"type": "service", "id": "1302305000_19", "location_id": "1302305000", "address": {"location_id": "1302305000", "lat": 42.30865158, "lon": -71.04808653}, "arr_time": 1676287231, "arr_date_time": "2023-02-13T06:20:31-05:00", "end_time": 1676287531, "end_date_time": "2023-02-13T06:25:31-05:00", "waiting_time": 0, "distance": 1280, "driving_time": 1231, "preparation_time": 0, "load_before": [0], "load_after": [0]}, {"type": "service", "id": "1302478000_44", "location_id": "1302478000", "address": {"location_id": "1302478000", "lat": 42.3091267, "lon": -71.04860562}, "arr_time": 1676287552, "arr_date_time": "2023-02-13T06:25:52-05:00", "end_time": 1676287852, "end_date_time": "2023-02-13T06:30:52-05:00", "waiting_time": 0, "distance": 1302, "driving_time": 1252, "preparation_time": 0, "load_before": [0], "load_after": [0]}, {"type": "service", "id": "1302304000_18", "location_id": "1302304000", "address": {"location_id": "1302304000", "lat": 42.30867224, "lon": -71.04841787}, "arr_time": 1676287855, "arr_date_time": "2023-02-13T06:30:55-05:00", "end_time": 1676288155, "end_date_time": "2023-02-13T06:35:55-05:00", "waiting_time": 0, "distance": 1304, "driving_time": 1255, "preparation_time": 0, "load_before": [0], "load_after": [0]}, {"type": "service", "id": "1302303000_17", "location_id": "1302303000", "address": {"location_id": "1302303000", "lat": 42.30864747, "lon": -71.04870625}, "arr_time": 1676288177, "arr_date_time": "2023-02-13T06:36:17-05:00", "end_time": 1676288477, "end_date_time": "2023-02-13T06:41:17-05:00", "waiting_time": 0, "distance": 1327, "driving_time": 1277, "preparation_time": 0, "load_before": [0], "load_after": [0]}, {"type": "service", "id": "1302479000_45", "location_id": "1302479000", "address": {"location_id": "1302479000", "lat": 42.30903984, "lon": -71.04889313}, "arr_time": 1676288477, "arr_date_time": "2023-02-13T06:41:17-05:00", "end_time": 1676288777, "end_date_time": "2023-02-13T06:46:17-05:00", "waiting_time": 0, "distance": 1327, "driving_time": 1277, "preparation_time": 0, "load_before": [0], "load_after": [0]}, {"type": "service", "id": "1302301000_15", "location_id": "1302301000", "address": {"location_id": "1302301000", "lat": 42.30837606, "lon": -71.04878553}, "arr_time": 1676288856, "arr_date_time": "2023-02-13T06:47:36-05:00", "end_time": 1676289156, "end_date_time": "2023-02-13T06:52:36-05:00", "waiting_time": 0, "distance": 1409, "driving_time": 1356, "preparation_time": 0, "load_before": [0], "load_after": [0]}, {"type": "service", "id": "1302290000_12", "location_id": "1302290000", "address": {"location_id": "1302290000", "lat": 42.30848746, "lon": -71.05003514}, "arr_time": 1676289261, "arr_date_time": "2023-02-13T06:54:21-05:00", "end_time": 1676289561, "end_date_time": "2023-02-13T06:59:21-05:00", "waiting_time": 0, "distance": 1519, "driving_time": 1461, "preparation_time": 0, "load_before": [0], "load_after": [0]}, {"type": "service", "id": "1302291000_13", "location_id": "1302291000", "address": {"location_id": "1302291000", "lat": 42.308371, "lon": -71.05021893}, "arr_time": 1676289579, "arr_date_time": "2023-02-13T06:59:39-05:00", "end_time": 1676289879, "end_date_time": "2023-02-13T07:04:39-05:00", "waiting_time": 0, "distance": 1538, "driving_time": 1479, "preparation_time": 0, "load_before": [0], "load_after": [0]}, {"type": "service", "id": "1302295000_14", "location_id": "1302295000", "address": {"location_id": "1302295000", "lat": 42.30827797, "lon": -71.04972722}, "arr_time": 1676289920, "arr_date_time": "2023-02-13T07:05:20-05:00", "end_time": 1676290220, "end_date_time": "2023-02-13T07:10:20-05:00", "waiting_time": 0, "distance": 1581, "driving_time": 1520, "preparation_time": 0, "load_before": [0], "load_after": [0]}, {"type": "service", "id": "1302302000_16", "location_id": "1302302000", "address": {"location_id": "1302302000", "lat": 42.30839713, "lon": -71.04859927}, "arr_time": 1676290348, "arr_date_time": "2023-02-13T07:12:28-05:00", "end_time": 1676290648, "end_date_time": "2023-02-13T07:17:28-05:00", "waiting_time": 0, "distance": 1695, "driving_time": 1648, "preparation_time": 0, "load_before": [0], "load_after": [0]}, {"type": "service", "id": "1302273000_11", "location_id": "1302273000", "address": {"location_id": "1302273000", "lat": 42.309031, "lon": -71.05050293}, "arr_time": 1676290945, "arr_date_time": "2023-02-13T07:22:25-05:00", "end_time": 1676291245, "end_date_time": "2023-02-13T07:27:25-05:00", "waiting_time": 0, "distance": 1986, "driving_time": 1945, "preparation_time": 0, "load_before": [0], "load_after": [0]}, {"type": "service", "id": "1302255000_04", "location_id": "1302255000", "address": {"location_id": "1302255000", "lat": 42.30939881, "lon": -71.05111748}, "arr_time": 1676291360, "arr_date_time": "2023-02-13T07:29:20-05:00", "end_time": 1676291660, "end_date_time": "2023-02-13T07:34:20-05:00", "waiting_time": 0, "distance": 2106, "driving_time": 2060, "preparation_time": 0, "load_before": [0], "load_after": [0]}, {"type": "service", "id": "1302269000_10", "location_id": "1302269000", "address": {"location_id": "1302269000", "lat": 42.30914346, "lon": -71.05073296}, "arr_time": 1676291668, "arr_date_time": "2023-02-13T07:34:28-05:00", "end_time": 1676291968, "end_date_time": "2023-02-13T07:39:28-05:00", "waiting_time": 0, "distance": 2114, "driving_time": 2068, "preparation_time": 0, "load_before": [0], "load_after": [0]}, {"type": "service", "id": "1302268030_09", "location_id": "1302268030", "address": {"location_id": "1302268030", "lat": 42.30903273, "lon": -71.05081995}, "arr_time": 1676291981, "arr_date_time": "2023-02-13T07:39:41-05:00", "end_time": 1676292281, "end_date_time": "2023-02-13T07:44:41-05:00", "waiting_time": 0, "distance": 2128, "driving_time": 2081, "preparation_time": 0, "load_before": [0], "load_after": [0]}, {"type": "service", "id": "1302268020_08", "location_id": "1302268020", "address": {"location_id": "1302268020", "lat": 42.30890315, "lon": -71.05092159}, "arr_time": 1676292297, "arr_date_time": "2023-02-13T07:44:57-05:00", "end_time": 1676292597, "end_date_time": "2023-02-13T07:49:57-05:00", "waiting_time": 0, "distance": 2145, "driving_time": 2097, "preparation_time": 0, "load_before": [0], "load_after": [0]}, {"type": "service", "id": "1302259000_05", "location_id": "1302259000", "address": {"location_id": "1302259000", "lat": 42.30900617, "lon": -71.05139059}, "arr_time": 1676292607, "arr_date_time": "2023-02-13T07:50:07-05:00", "end_time": 1676292907, "end_date_time": "2023-02-13T07:55:07-05:00", "waiting_time": 0, "distance": 2155, "driving_time": 2107, "preparation_time": 0, "load_before": [0], "load_after": [0]}, {"type": "service", "id": "1302260000_06", "location_id": "1302260000", "address": {"location_id": "1302260000", "lat": 42.30889233, "lon": -71.05143877}, "arr_time": 1676292919, "arr_date_time": "2023-02-13T07:55:19-05:00", "end_time": 1676293219, "end_date_time": "2023-02-13T08:00:19-05:00", "waiting_time": 0, "distance": 2168, "driving_time": 2119, "preparation_time": 0, "load_before": [0], "load_after": [0]}, {"type": "service", "id": "1302236000_02", "location_id": "1302236000", "address": {"location_id": "1302236000", "lat": 42.30934773, "lon": -71.05211299}, "arr_time": 1676293351, "arr_date_time": "2023-02-13T08:02:31-05:00", "end_time": 1676293651, "end_date_time": "2023-02-13T08:07:31-05:00", "waiting_time": 0, "distance": 2305, "driving_time": 2251, "preparation_time": 0, "load_before": [0], "load_after": [0]}, {"type": "service", "id": "1302263000_07", "location_id": "1302263000", "address": {"location_id": "1302263000", "lat": 42.30931322, "lon": -71.05159992}, "arr_time": 1676293696, "arr_date_time": "2023-02-13T08:08:16-05:00", "end_time": 1676293996, "end_date_time": "2023-02-13T08:13:16-05:00", "waiting_time": 0, "distance": 2352, "driving_time": 2296, "preparation_time": 0, "load_before": [0], "load_after": [0]}, {"type": "service", "id": "1302250000_03", "location_id": "1302250000", "address": {"location_id": "1302250000", "lat": 42.30980342, "lon": -71.05139598}, "arr_time": 1676294056, "arr_date_time": "2023-02-13T08:14:16-05:00", "end_time": 1676294356, "end_date_time": "2023-02-13T08:19:16-05:00", "waiting_time": 0, "distance": 2415, "driving_time": 2356, "preparation_time": 0, "load_before": [0], "load_after": [0]}, {"type": "service", "id": "1302226000_01", "location_id": "1302226000", "address": {"location_id": "1302226000", "lat": 42.31038608, "lon": -71.05264553}, "arr_time": 1676294544, "arr_date_time": "2023-02-13T08:22:24-05:00", "end_time": 1676294844, "end_date_time": "2023-02-13T08:27:24-05:00", "waiting_time": 0, "distance": 2611, "driving_time": 2544, "preparation_time": 0, "load_before": [0], "load_after": [0]}]}], "unassigned": {"services": [], "shipments": [], "breaks": [], "details": []}}}